dataset,seed,fold,arm,accuracy,macro_f1
breast-cancer,0,0,baseline->NB,75.86206896551724,70.8751793400287
breast-cancer,0,0,soft->NB,75.86206896551724,70.8751793400287
breast-cancer,0,0,attr->NB,75.86206896551724,68.52713178294574
breast-cancer,0,0,softattr->NB,75.86206896551724,68.52713178294574
breast-cancer,0,0,correct->NB,75.86206896551724,68.52713178294574
breast-cancer,0,0,soft->DT,79.3103448275862,71.75324675324676
breast-cancer,0,0,correct->DT,86.20689655172414,78.98550724637681
breast-cancer,0,0,committee->DT,86.20689655172414,78.98550724637681
breast-cancer,0,1,baseline->NB,68.96551724137932,62.553802008608315
breast-cancer,0,1,soft->NB,72.41379310344827,65.47619047619048
breast-cancer,0,1,attr->NB,72.41379310344827,62.33766233766234
breast-cancer,0,1,softattr->NB,75.86206896551724,68.52713178294574
breast-cancer,0,1,correct->NB,72.41379310344827,62.33766233766234
breast-cancer,0,1,soft->DT,68.96551724137932,55.38461538461538
breast-cancer,0,1,correct->DT,68.96551724137932,49.51644100580271
breast-cancer,0,1,committee->DT,72.41379310344827,51.66666666666666
breast-cancer,0,2,baseline->NB,75.86206896551724,60.73500967117988
breast-cancer,0,2,soft->NB,75.86206896551724,60.73500967117988
breast-cancer,0,2,attr->NB,75.86206896551724,60.73500967117988
breast-cancer,0,2,softattr->NB,75.86206896551724,60.73500967117988
breast-cancer,0,2,correct->NB,72.41379310344827,51.66666666666666
breast-cancer,0,2,soft->DT,68.96551724137932,40.816326530612244
breast-cancer,0,2,correct->DT,68.96551724137932,40.816326530612244
breast-cancer,0,2,committee->DT,68.96551724137932,40.816326530612244
breast-cancer,0,3,baseline->NB,72.41379310344827,65.47619047619048
breast-cancer,0,3,soft->NB,75.86206896551724,70.8751793400287
breast-cancer,0,3,attr->NB,72.41379310344827,65.47619047619048
breast-cancer,0,3,softattr->NB,72.41379310344827,65.47619047619048
breast-cancer,0,3,correct->NB,75.86206896551724,68.52713178294574
breast-cancer,0,3,soft->DT,65.51724137931035,56.845238095238095
breast-cancer,0,3,correct->DT,75.86206896551724,68.52713178294574
breast-cancer,0,3,committee->DT,75.86206896551724,68.52713178294574
breast-cancer,0,4,baseline->NB,65.51724137931035,56.845238095238095
breast-cancer,0,4,soft->NB,65.51724137931035,56.845238095238095
breast-cancer,0,4,attr->NB,75.86206896551724,68.52713178294574
breast-cancer,0,4,softattr->NB,75.86206896551724,68.52713178294574
breast-cancer,0,4,correct->NB,68.96551724137932,59.53488372093023
breast-cancer,0,4,soft->DT,75.86206896551724,70.8751793400287
breast-cancer,0,4,correct->DT,82.75862068965517,77.51937984496125
breast-cancer,0,4,committee->DT,79.3103448275862,71.75324675324674
breast-cancer,0,5,baseline->NB,62.06896551724138,54.23242467718794
breast-cancer,0,5,soft->NB,58.62068965517241,51.66666666666666
breast-cancer,0,5,attr->NB,65.51724137931035,56.845238095238095
breast-cancer,0,5,softattr->NB,65.51724137931035,56.845238095238095
breast-cancer,0,5,correct->NB,68.96551724137932,59.53488372093023
breast-cancer,0,5,soft->DT,55.172413793103445,45.91104734576758
breast-cancer,0,5,correct->DT,62.06896551724138,50.542635658914726
breast-cancer,0,5,committee->DT,65.51724137931035,47.463768115942024
breast-cancer,0,6,baseline->NB,89.28571428571429,86.34146341463413
breast-cancer,0,6,soft->NB,89.28571428571429,86.34146341463413
breast-cancer,0,6,attr->NB,85.71428571428571,80.95238095238095
breast-cancer,0,6,softattr->NB,85.71428571428571,80.95238095238095
breast-cancer,0,6,correct->NB,78.57142857142857,68.18181818181817
breast-cancer,0,6,soft->DT,82.14285714285714,74.9552772808587
breast-cancer,0,6,correct->DT,82.14285714285714,74.9552772808587
breast-cancer,0,6,committee->DT,82.14285714285714,74.9552772808587
breast-cancer,0,7,baseline->NB,67.85714285714286,61.990950226244344
breast-cancer,0,7,soft->NB,71.42857142857143,65.00000000000001
breast-cancer,0,7,attr->NB,67.85714285714286,59.02439024390244
breast-cancer,0,7,softattr->NB,67.85714285714286,59.02439024390244
breast-cancer,0,7,correct->NB,67.85714285714286,59.02439024390244
breast-cancer,0,7,soft->DT,64.28571428571429,46.96969696969697
breast-cancer,0,7,correct->DT,71.42857142857143,57.57575757575758
breast-cancer,0,7,committee->DT,64.28571428571429,46.96969696969697
breast-cancer,0,8,baseline->NB,67.85714285714286,61.990950226244344
breast-cancer,0,8,soft->NB,67.85714285714286,59.02439024390244
breast-cancer,0,8,attr->NB,67.85714285714286,59.02439024390244
breast-cancer,0,8,softattr->NB,67.85714285714286,59.02439024390244
breast-cancer,0,8,correct->NB,67.85714285714286,59.02439024390244
breast-cancer,0,8,soft->DT,60.714285714285715,53.54449472096531
breast-cancer,0,8,correct->DT,67.85714285714286,59.02439024390244
breast-cancer,0,8,committee->DT,75.0,64.93738819320215
breast-cancer,0,9,baseline->NB,78.57142857142857,71.42857142857144
breast-cancer,0,9,soft->NB,75.0,64.93738819320215
breast-cancer,0,9,attr->NB,75.0,64.93738819320215
breast-cancer,0,9,softattr->NB,75.0,64.93738819320215
breast-cancer,0,9,correct->NB,75.0,64.93738819320215
breast-cancer,0,9,soft->DT,78.57142857142857,68.18181818181817
breast-cancer,0,9,correct->DT,78.57142857142857,68.18181818181817
breast-cancer,0,9,committee->DT,82.14285714285714,71.71717171717171
breast-cancer,1,0,baseline->NB,75.86206896551724,68.52713178294574
breast-cancer,1,0,soft->NB,75.86206896551724,68.52713178294574
breast-cancer,1,0,attr->NB,75.86206896551724,68.52713178294574
breast-cancer,1,0,softattr->NB,75.86206896551724,68.52713178294574
breast-cancer,1,0,correct->NB,75.86206896551724,68.52713178294574
breast-cancer,1,0,soft->DT,72.41379310344827,62.33766233766234
breast-cancer,1,0,correct->DT,68.96551724137932,55.38461538461539
breast-cancer,1,0,committee->DT,72.41379310344827,51.66666666666667
breast-cancer,1,1,baseline->NB,68.96551724137932,59.53488372093023
breast-cancer,1,1,soft->NB,68.96551724137932,59.53488372093023
breast-cancer,1,1,attr->NB,62.06896551724138,45.47008547008547
breast-cancer,1,1,softattr->NB,62.06896551724138,45.47008547008547
breast-cancer,1,1,correct->NB,62.06896551724138,45.47008547008547
breast-cancer,1,1,soft->DT,65.51724137931035,47.463768115942024
breast-cancer,1,1,correct->DT,65.51724137931035,39.583333333333336
breast-cancer,1,1,committee->DT,65.51724137931035,47.463768115942024
breast-cancer,1,2,baseline->NB,68.96551724137932,64.77732793522266
breast-cancer,1,2,soft->NB,72.41379310344827,69.47368421052632
breast-cancer,1,2,attr->NB,65.51724137931035,59.72222222222222
breast-cancer,1,2,softattr->NB,65.51724137931035,59.72222222222222
breast-cancer,1,2,correct->NB,65.51724137931035,59.72222222222222
breast-cancer,1,2,soft->DT,65.51724137931035,59.72222222222222
breast-cancer,1,2,correct->DT,68.96551724137932,62.553802008608315
breast-cancer,1,2,committee->DT,65.51724137931035,59.72222222222222
breast-cancer,1,3,baseline->NB,75.86206896551724,68.52713178294574
breast-cancer,1,3,soft->NB,68.96551724137932,62.553802008608315
breast-cancer,1,3,attr->NB,68.96551724137932,62.553802008608315
breast-cancer,1,3,softattr->NB,68.96551724137932,62.553802008608315
breast-cancer,1,3,correct->NB,68.96551724137932,55.38461538461538
breast-cancer,1,3,soft->DT,65.51724137931035,56.845238095238095
breast-cancer,1,3,correct->DT,75.86206896551724,65.2991452991453
breast-cancer,1,3,committee->DT,72.41379310344827,62.33766233766234
breast-cancer,1,4,baseline->NB,79.3103448275862,71.75324675324674
breast-cancer,1,4,soft->NB,82.75862068965517,75.21367521367522
breast-cancer,1,4,attr->NB,82.75862068965517,75.21367521367522
breast-cancer,1,4,softattr->NB,82.75862068965517,75.21367521367522
breast-cancer,1,4,correct->NB,82.75862068965517,75.21367521367522
breast-cancer,1,4,soft->DT,75.86206896551724,68.52713178294574
breast-cancer,1,4,correct->DT,79.3103448275862,71.75324675324674
breast-cancer,1,4,committee->DT,82.75862068965517,75.21367521367522
breast-cancer,1,5,baseline->NB,79.3103448275862,71.75324675324674
breast-cancer,1,5,soft->NB,79.3103448275862,71.75324675324674
breast-cancer,1,5,attr->NB,79.3103448275862,68.47826086956522
breast-cancer,1,5,softattr->NB,79.3103448275862,71.75324675324674
breast-cancer,1,5,correct->NB,79.3103448275862,68.47826086956522
breast-cancer,1,5,soft->DT,75.86206896551724,60.73500967117988
breast-cancer,1,5,correct->DT,75.86206896551724,60.73500967117988
breast-cancer,1,5,committee->DT,75.86206896551724,60.73500967117988
breast-cancer,1,6,baseline->NB,67.85714285714286,61.990950226244344
breast-cancer,1,6,soft->NB,71.42857142857143,65.00000000000001
breast-cancer,1,6,attr->NB,71.42857142857143,65.00000000000001
breast-cancer,1,6,softattr->NB,71.42857142857143,65.00000000000001
breast-cancer,1,6,correct->NB,71.42857142857143,65.00000000000001
breast-cancer,1,6,soft->DT,71.42857142857143,65.00000000000001
breast-cancer,1,6,correct->DT,67.85714285714286,59.02439024390244
breast-cancer,1,6,committee->DT,71.42857142857143,61.904761904761905
breast-cancer,1,7,baseline->NB,71.42857142857143,65.00000000000001
breast-cancer,1,7,soft->NB,71.42857142857143,65.00000000000001
breast-cancer,1,7,attr->NB,75.0,68.13008130081302
breast-cancer,1,7,softattr->NB,75.0,68.13008130081302
breast-cancer,1,7,correct->NB,75.0,68.13008130081302
breast-cancer,1,7,soft->DT,75.0,64.93738819320215
breast-cancer,1,7,correct->DT,75.0,68.13008130081302
breast-cancer,1,7,committee->DT,78.57142857142857,68.18181818181817
breast-cancer,1,8,baseline->NB,85.71428571428571,80.95238095238095
breast-cancer,1,8,soft->NB,85.71428571428571,80.95238095238095
breast-cancer,1,8,attr->NB,75.0,53.664302600472816
breast-cancer,1,8,softattr->NB,78.57142857142857,63.478260869565226
breast-cancer,1,8,correct->NB,71.42857142857143,51.30434782608696
breast-cancer,1,8,soft->DT,71.42857142857143,51.30434782608696
breast-cancer,1,8,correct->DT,82.14285714285714,71.71717171717171
breast-cancer,1,8,committee->DT,75.0,53.664302600472816
breast-cancer,1,9,baseline->NB,60.714285714285715,44.90161001788909
breast-cancer,1,9,soft->NB,60.714285714285715,44.90161001788909
breast-cancer,1,9,attr->NB,67.85714285714286,49.090909090909086
breast-cancer,1,9,softattr->NB,64.28571428571429,46.96969696969697
breast-cancer,1,9,correct->NB,64.28571428571429,46.96969696969697
breast-cancer,1,9,soft->DT,60.714285714285715,44.90161001788909
breast-cancer,1,9,correct->DT,60.714285714285715,44.90161001788909
breast-cancer,1,9,committee->DT,64.28571428571429,46.96969696969697
breast-cancer,2,0,baseline->NB,86.20689655172414,78.98550724637681
breast-cancer,2,0,soft->NB,86.20689655172414,78.98550724637681
breast-cancer,2,0,attr->NB,86.20689655172414,78.98550724637681
breast-cancer,2,0,softattr->NB,86.20689655172414,78.98550724637681
breast-cancer,2,0,correct->NB,82.75862068965517,71.95357833655706
breast-cancer,2,0,soft->DT,79.3103448275862,63.75000000000001
breast-cancer,2,0,correct->DT,86.20689655172414,78.98550724637681
breast-cancer,2,0,committee->DT,79.3103448275862,63.75000000000001
breast-cancer,2,1,baseline->NB,72.41379310344827,65.47619047619048
breast-cancer,2,1,soft->NB,75.86206896551724,68.52713178294574
breast-cancer,2,1,attr->NB,65.51724137931035,47.463768115942024
breast-cancer,2,1,softattr->NB,72.41379310344827,62.33766233766234
breast-cancer,2,1,correct->NB,62.06896551724138,38.297872340425535
breast-cancer,2,1,soft->DT,58.62068965517241,36.95652173913044
breast-cancer,2,1,correct->DT,65.51724137931035,39.583333333333336
breast-cancer,2,1,committee->DT,65.51724137931035,39.583333333333336
breast-cancer,2,2,baseline->NB,68.96551724137932,62.553802008608315
breast-cancer,2,2,soft->NB,68.96551724137932,59.53488372093023
breast-cancer,2,2,attr->NB,72.41379310344827,65.47619047619048
breast-cancer,2,2,softattr->NB,72.41379310344827,65.47619047619048
breast-cancer,2,2,correct->NB,68.96551724137932,59.53488372093023
breast-cancer,2,2,soft->DT,72.41379310344827,65.47619047619048
breast-cancer,2,2,correct->DT,79.3103448275862,71.75324675324674
breast-cancer,2,2,committee->DT,75.86206896551724,68.52713178294574
breast-cancer,2,3,baseline->NB,58.62068965517241,54.21052631578947
breast-cancer,2,3,soft->NB,58.62068965517241,54.21052631578947
breast-cancer,2,3,attr->NB,58.62068965517241,51.66666666666666
breast-cancer,2,3,softattr->NB,58.62068965517241,51.66666666666666
breast-cancer,2,3,correct->NB,62.06896551724138,56.95006747638327
breast-cancer,2,3,soft->DT,51.724137931034484,46.578947368421055
breast-cancer,2,3,correct->DT,62.06896551724138,54.23242467718794
breast-cancer,2,3,committee->DT,58.62068965517241,51.66666666666666
breast-cancer,2,4,baseline->NB,72.41379310344827,67.77777777777779
breast-cancer,2,4,soft->NB,72.41379310344827,67.77777777777779
breast-cancer,2,4,attr->NB,68.96551724137932,62.553802008608315
breast-cancer,2,4,softattr->NB,68.96551724137932,62.553802008608315
breast-cancer,2,4,correct->NB,65.51724137931035,56.845238095238095
breast-cancer,2,4,soft->DT,68.96551724137932,55.38461538461538
breast-cancer,2,4,correct->DT,72.41379310344827,65.47619047619048
breast-cancer,2,4,committee->DT,79.3103448275862,68.47826086956522
breast-cancer,2,5,baseline->NB,62.06896551724138,56.95006747638327
breast-cancer,2,5,soft->NB,65.51724137931035,59.72222222222222
breast-cancer,2,5,attr->NB,68.96551724137932,62.553802008608315
breast-cancer,2,5,softattr->NB,68.96551724137932,62.553802008608315
breast-cancer,2,5,correct->NB,68.96551724137932,62.553802008608315
breast-cancer,2,5,soft->DT,68.96551724137932,62.553802008608315
breast-cancer,2,5,correct->DT,68.96551724137932,55.38461538461538
breast-cancer,2,5,committee->DT,65.51724137931035,52.922077922077925
breast-cancer,2,6,baseline->NB,60.714285714285715,44.90161001788909
breast-cancer,2,6,soft->NB,60.714285714285715,44.90161001788909
breast-cancer,2,6,attr->NB,64.28571428571429,46.96969696969697
breast-cancer,2,6,softattr->NB,64.28571428571429,46.96969696969697
breast-cancer,2,6,correct->NB,64.28571428571429,46.96969696969697
breast-cancer,2,6,soft->DT,60.714285714285715,44.90161001788909
breast-cancer,2,6,correct->DT,71.42857142857143,51.30434782608696
breast-cancer,2,6,committee->DT,71.42857142857143,51.30434782608696
breast-cancer,2,7,baseline->NB,82.14285714285714,77.23577235772356
breast-cancer,2,7,soft->NB,82.14285714285714,77.23577235772356
breast-cancer,2,7,attr->NB,78.57142857142857,68.18181818181817
breast-cancer,2,7,softattr->NB,85.71428571428571,80.95238095238095
breast-cancer,2,7,correct->NB,85.71428571428571,80.95238095238095
breast-cancer,2,7,soft->DT,78.57142857142857,68.18181818181817
breast-cancer,2,7,correct->DT,82.14285714285714,71.71717171717171
breast-cancer,2,7,committee->DT,82.14285714285714,71.71717171717171
breast-cancer,2,8,baseline->NB,75.0,64.93738819320215
breast-cancer,2,8,soft->NB,75.0,64.93738819320215
breast-cancer,2,8,attr->NB,75.0,64.93738819320215
breast-cancer,2,8,softattr->NB,75.0,64.93738819320215
breast-cancer,2,8,correct->NB,75.0,64.93738819320215
breast-cancer,2,8,soft->DT,75.0,64.93738819320215
breast-cancer,2,8,correct->DT,78.57142857142857,68.18181818181817
breast-cancer,2,8,committee->DT,78.57142857142857,68.18181818181817
breast-cancer,2,9,baseline->NB,75.0,64.93738819320215
breast-cancer,2,9,soft->NB,78.57142857142857,68.18181818181817
breast-cancer,2,9,attr->NB,82.14285714285714,71.71717171717171
breast-cancer,2,9,softattr->NB,82.14285714285714,71.71717171717171
breast-cancer,2,9,correct->NB,82.14285714285714,71.71717171717171
breast-cancer,2,9,soft->DT,71.42857142857143,61.904761904761905
breast-cancer,2,9,correct->DT,85.71428571428571,78.78787878787878
breast-cancer,2,9,committee->DT,85.71428571428571,78.78787878787878
breast-cancer,3,0,baseline->NB,72.41379310344827,57.971014492753625
breast-cancer,3,0,soft->NB,72.41379310344827,57.971014492753625
breast-cancer,3,0,attr->NB,72.41379310344827,57.971014492753625
breast-cancer,3,0,softattr->NB,72.41379310344827,57.971014492753625
breast-cancer,3,0,correct->NB,72.41379310344827,57.971014492753625
breast-cancer,3,0,soft->DT,75.86206896551724,60.73500967117988
breast-cancer,3,0,correct->DT,79.3103448275862,63.75000000000001
breast-cancer,3,0,committee->DT,79.3103448275862,63.75000000000001
breast-cancer,3,1,baseline->NB,72.41379310344827,62.33766233766234
breast-cancer,3,1,soft->NB,72.41379310344827,62.33766233766234
breast-cancer,3,1,attr->NB,72.41379310344827,62.33766233766234
breast-cancer,3,1,softattr->NB,72.41379310344827,62.33766233766234
breast-cancer,3,1,correct->NB,72.41379310344827,62.33766233766234
breast-cancer,3,1,soft->DT,72.41379310344827,62.33766233766234
breast-cancer,3,1,correct->DT,75.86206896551724,65.2991452991453
breast-cancer,3,1,committee->DT,75.86206896551724,65.2991452991453
breast-cancer,3,2,baseline->NB,72.41379310344827,62.33766233766234
breast-cancer,3,2,soft->NB,75.86206896551724,65.2991452991453
breast-cancer,3,2,attr->NB,75.86206896551724,65.2991452991453
breast-cancer,3,2,softattr->NB,75.86206896551724,65.2991452991453
breast-cancer,3,2,correct->NB,75.86206896551724,65.2991452991453
breast-cancer,3,2,soft->DT,68.96551724137932,59.53488372093023
breast-cancer,3,2,correct->DT,72.41379310344827,57.971014492753625
breast-cancer,3,2,committee->DT,72.41379310344827,57.971014492753625
breast-cancer,3,3,baseline->NB,68.96551724137932,59.53488372093023
breast-cancer,3,3,soft->NB,65.51724137931035,52.922077922077925
breast-cancer,3,3,attr->NB,68.96551724137932,55.38461538461538
breast-cancer,3,3,softattr->NB,65.51724137931035,52.922077922077925
breast-cancer,3,3,correct->NB,62.06896551724138,45.47008547008547
breast-cancer,3,3,soft->DT,65.51724137931035,52.922077922077925
breast-cancer,3,3,correct->DT,68.96551724137932,55.38461538461538
breast-cancer,3,3,committee->DT,75.86206896551724,60.73500967117988
breast-cancer,3,4,baseline->NB,75.86206896551724,75.39393939393939
breast-cancer,3,4,soft->NB,82.75862068965517,81.33848133848134
breast-cancer,3,4,attr->NB,82.75862068965517,80.43184885290148
breast-cancer,3,4,softattr->NB,86.20689655172414,84.73684210526315
breast-cancer,3,4,correct->NB,82.75862068965517,80.43184885290148
breast-cancer,3,4,soft->DT,75.86206896551724,68.52713178294574
breast-cancer,3,4,correct->DT,65.51724137931035,56.845238095238095
breast-cancer,3,4,committee->DT,75.86206896551724,70.8751793400287
breast-cancer,3,5,baseline->NB,72.41379310344827,65.47619047619048
breast-cancer,3,5,soft->NB,72.41379310344827,65.47619047619048
breast-cancer,3,5,attr->NB,72.41379310344827,65.47619047619048
breast-cancer,3,5,softattr->NB,72.41379310344827,65.47619047619048
breast-cancer,3,5,correct->NB,75.86206896551724,65.2991452991453
breast-cancer,3,5,soft->DT,68.96551724137932,62.553802008608315
breast-cancer,3,5,correct->DT,75.86206896551724,65.2991452991453
breast-cancer,3,5,committee->DT,75.86206896551724,65.2991452991453
breast-cancer,3,6,baseline->NB,82.14285714285714,74.9552772808587
breast-cancer,3,6,soft->NB,85.71428571428571,80.95238095238095
breast-cancer,3,6,attr->NB,82.14285714285714,74.9552772808587
breast-cancer,3,6,softattr->NB,78.57142857142857,71.42857142857144
breast-cancer,3,6,correct->NB,82.14285714285714,74.9552772808587
breast-cancer,3,6,soft->DT,78.57142857142857,71.42857142857144
breast-cancer,3,6,correct->DT,78.57142857142857,68.18181818181817
breast-cancer,3,6,committee->DT,78.57142857142857,68.18181818181817
breast-cancer,3,7,baseline->NB,53.57142857142857,45.09803921568628
breast-cancer,3,7,soft->NB,53.57142857142857,40.81300813008129
breast-cancer,3,7,attr->NB,53.57142857142857,34.883720930232556
breast-cancer,3,7,softattr->NB,53.57142857142857,34.883720930232556
breast-cancer,3,7,correct->NB,57.142857142857146,42.85714285714286
breast-cancer,3,7,soft->DT,57.142857142857146,36.36363636363636
breast-cancer,3,7,correct->DT,57.142857142857146,42.85714285714286
breast-cancer,3,7,committee->DT,67.85714285714286,40.42553191489362
breast-cancer,3,8,baseline->NB,71.42857142857143,67.2514619883041
breast-cancer,3,8,soft->NB,71.42857142857143,67.2514619883041
breast-cancer,3,8,attr->NB,67.85714285714286,61.990950226244344
breast-cancer,3,8,softattr->NB,67.85714285714286,61.990950226244344
breast-cancer,3,8,correct->NB,71.42857142857143,65.00000000000001
breast-cancer,3,8,soft->DT,67.85714285714286,59.02439024390244
breast-cancer,3,8,correct->DT,71.42857142857143,65.00000000000001
breast-cancer,3,8,committee->DT,78.57142857142857,68.18181818181817
breast-cancer,3,9,baseline->NB,82.14285714285714,74.9552772808587
breast-cancer,3,9,soft->NB,82.14285714285714,74.9552772808587
breast-cancer,3,9,attr->NB,78.57142857142857,68.18181818181817
breast-cancer,3,9,softattr->NB,78.57142857142857,71.42857142857144
breast-cancer,3,9,correct->NB,78.57142857142857,68.18181818181817
breast-cancer,3,9,soft->DT,75.0,60.4040404040404
breast-cancer,3,9,correct->DT,75.0,64.93738819320215
breast-cancer,3,9,committee->DT,78.57142857142857,68.18181818181817
breast-cancer,4,0,baseline->NB,79.3103448275862,71.75324675324676
breast-cancer,4,0,soft->NB,79.3103448275862,68.4782608695652
breast-cancer,4,0,attr->NB,79.3103448275862,68.4782608695652
breast-cancer,4,0,softattr->NB,79.3103448275862,68.4782608695652
breast-cancer,4,0,correct->NB,79.3103448275862,68.4782608695652
breast-cancer,4,0,soft->DT,79.3103448275862,63.75000000000001
breast-cancer,4,0,correct->DT,79.3103448275862,63.75000000000001
breast-cancer,4,0,committee->DT,79.3103448275862,63.75000000000001
breast-cancer,4,1,baseline->NB,55.172413793103445,41.55038759689923
breast-cancer,4,1,soft->NB,55.172413793103445,41.55038759689923
breast-cancer,4,1,attr->NB,55.172413793103445,41.55038759689923
breast-cancer,4,1,softattr->NB,55.172413793103445,41.55038759689923
breast-cancer,4,1,correct->NB,51.724137931034484,34.090909090909086
breast-cancer,4,1,soft->DT,51.724137931034484,34.090909090909086
breast-cancer,4,1,correct->DT,51.724137931034484,34.090909090909086
breast-cancer,4,1,committee->DT,62.06896551724138,38.297872340425535
breast-cancer,4,2,baseline->NB,62.06896551724138,54.23242467718794
breast-cancer,4,2,soft->NB,62.06896551724138,54.23242467718794
breast-cancer,4,2,attr->NB,68.96551724137932,62.553802008608315
breast-cancer,4,2,softattr->NB,68.96551724137932,62.553802008608315
breast-cancer,4,2,correct->NB,62.06896551724138,54.23242467718794
breast-cancer,4,2,soft->DT,65.51724137931035,59.72222222222222
breast-cancer,4,2,correct->DT,72.41379310344827,65.47619047619048
breast-cancer,4,2,committee->DT,72.41379310344827,65.47619047619048
breast-cancer,4,3,baseline->NB,72.41379310344827,62.33766233766234
breast-cancer,4,3,soft->NB,68.96551724137932,55.38461538461538
breast-cancer,4,3,attr->NB,68.96551724137932,55.38461538461538
breast-cancer,4,3,softattr->NB,68.96551724137932,55.38461538461538
breast-cancer,4,3,correct->NB,65.51724137931035,47.463768115942024
breast-cancer,4,3,soft->DT,62.06896551724138,45.47008547008547
breast-cancer,4,3,correct->DT,68.96551724137932,49.51644100580271
breast-cancer,4,3,committee->DT,65.51724137931035,47.463768115942024
breast-cancer,4,4,baseline->NB,72.41379310344827,62.33766233766234
breast-cancer,4,4,soft->NB,72.41379310344827,62.33766233766234
breast-cancer,4,4,attr->NB,75.86206896551724,65.2991452991453
breast-cancer,4,4,softattr->NB,75.86206896551724,65.2991452991453
breast-cancer,4,4,correct->NB,75.86206896551724,65.2991452991453
breast-cancer,4,4,soft->DT,68.96551724137932,55.38461538461538
breast-cancer,4,4,correct->DT,68.96551724137932,55.38461538461538
breast-cancer,4,4,committee->DT,72.41379310344827,57.971014492753625
breast-cancer,4,5,baseline->NB,75.86206896551724,68.52713178294574
breast-cancer,4,5,soft->NB,75.86206896551724,68.52713178294574
breast-cancer,4,5,attr->NB,72.41379310344827,62.33766233766234
breast-cancer,4,5,softattr->NB,72.41379310344827,62.33766233766234
breast-cancer,4,5,correct->NB,75.86206896551724,65.2991452991453
breast-cancer,4,5,soft->DT,68.96551724137932,49.51644100580271
breast-cancer,4,5,correct->DT,79.3103448275862,68.47826086956522
breast-cancer,4,5,committee->DT,72.41379310344827,51.66666666666666
breast-cancer,4,6,baseline->NB,75.0,68.13008130081302
breast-cancer,4,6,soft->NB,82.14285714285714,77.23577235772356
breast-cancer,4,6,attr->NB,78.57142857142857,71.42857142857144
breast-cancer,4,6,softattr->NB,78.57142857142857,71.42857142857144
breast-cancer,4,6,correct->NB,75.0,64.93738819320215
breast-cancer,4,6,soft->DT,78.57142857142857,71.42857142857144
breast-cancer,4,6,correct->DT,78.57142857142857,71.42857142857144
breast-cancer,4,6,committee->DT,78.57142857142857,71.42857142857144
breast-cancer,4,7,baseline->NB,78.57142857142857,75.43859649122805
breast-cancer,4,7,soft->NB,82.14285714285714,80.08534850640113
breast-cancer,4,7,attr->NB,85.71428571428571,83.62573099415205
breast-cancer,4,7,softattr->NB,82.14285714285714,80.08534850640113
breast-cancer,4,7,correct->NB,82.14285714285714,78.88386123680242
breast-cancer,4,7,soft->DT,82.14285714285714,77.23577235772356
breast-cancer,4,7,correct->DT,85.71428571428571,80.95238095238095
breast-cancer,4,7,committee->DT,85.71428571428571,80.95238095238095
breast-cancer,4,8,baseline->NB,82.14285714285714,78.88386123680242
breast-cancer,4,8,soft->NB,82.14285714285714,78.88386123680242
breast-cancer,4,8,attr->NB,78.57142857142857,73.75
breast-cancer,4,8,softattr->NB,78.57142857142857,73.75
breast-cancer,4,8,correct->NB,82.14285714285714,77.23577235772356
breast-cancer,4,8,soft->DT,71.42857142857143,65.00000000000001
breast-cancer,4,8,correct->DT,82.14285714285714,71.71717171717171
breast-cancer,4,8,committee->DT,82.14285714285714,71.71717171717171
breast-cancer,4,9,baseline->NB,75.0,68.13008130081302
breast-cancer,4,9,soft->NB,75.0,68.13008130081302
breast-cancer,4,9,attr->NB,75.0,64.93738819320215
breast-cancer,4,9,softattr->NB,75.0,64.93738819320215
breast-cancer,4,9,correct->NB,75.0,64.93738819320215
breast-cancer,4,9,soft->DT,71.42857142857143,65.00000000000001
breast-cancer,4,9,correct->DT,78.57142857142857,68.18181818181817
breast-cancer,4,9,committee->DT,75.0,53.664302600472816
breast-cancer,5,0,baseline->NB,62.06896551724138,54.23242467718794
breast-cancer,5,0,soft->NB,62.06896551724138,54.23242467718794
breast-cancer,5,0,attr->NB,65.51724137931035,59.72222222222223
breast-cancer,5,0,softattr->NB,65.51724137931035,59.72222222222223
breast-cancer,5,0,correct->NB,62.06896551724138,54.23242467718794
breast-cancer,5,0,soft->DT,68.96551724137932,62.553802008608315
breast-cancer,5,0,correct->DT,72.41379310344827,62.33766233766234
breast-cancer,5,0,committee->DT,75.86206896551724,65.2991452991453
breast-cancer,5,1,baseline->NB,72.41379310344827,67.77777777777779
breast-cancer,5,1,soft->NB,72.41379310344827,67.77777777777779
breast-cancer,5,1,attr->NB,75.86206896551724,70.8751793400287
breast-cancer,5,1,softattr->NB,75.86206896551724,70.8751793400287
breast-cancer,5,1,correct->NB,75.86206896551724,70.8751793400287
breast-cancer,5,1,soft->DT,72.41379310344827,65.47619047619048
breast-cancer,5,1,correct->DT,72.41379310344827,65.47619047619048
breast-cancer,5,1,committee->DT,72.41379310344827,65.47619047619048
breast-cancer,5,2,baseline->NB,79.3103448275862,74.10714285714286
breast-cancer,5,2,soft->NB,79.3103448275862,74.10714285714286
breast-cancer,5,2,attr->NB,79.3103448275862,74.10714285714286
breast-cancer,5,2,softattr->NB,79.3103448275862,74.10714285714286
breast-cancer,5,2,correct->NB,75.86206896551724,68.52713178294574
breast-cancer,5,2,soft->DT,79.3103448275862,68.47826086956522
breast-cancer,5,2,correct->DT,79.3103448275862,68.47826086956522
breast-cancer,5,2,committee->DT,79.3103448275862,68.47826086956522
breast-cancer,5,3,baseline->NB,72.41379310344827,62.33766233766234
breast-cancer,5,3,soft->NB,72.41379310344827,62.33766233766234
breast-cancer,5,3,attr->NB,68.96551724137932,55.38461538461538
breast-cancer,5,3,softattr->NB,68.96551724137932,55.38461538461538
breast-cancer,5,3,correct->NB,68.96551724137932,55.38461538461538
breast-cancer,5,3,soft->DT,72.41379310344827,57.971014492753625
breast-cancer,5,3,correct->DT,68.96551724137932,49.51644100580271
breast-cancer,5,3,committee->DT,72.41379310344827,51.66666666666666
breast-cancer,5,4,baseline->NB,62.06896551724138,45.47008547008547
breast-cancer,5,4,soft->NB,65.51724137931035,47.463768115942024
breast-cancer,5,4,attr->NB,68.96551724137932,49.51644100580271
breast-cancer,5,4,softattr->NB,62.06896551724138,45.47008547008547
breast-cancer,5,4,correct->NB,65.51724137931035,47.463768115942024
breast-cancer,5,4,soft->DT,62.06896551724138,45.47008547008547
breast-cancer,5,4,correct->DT,68.96551724137932,49.51644100580271
breast-cancer,5,4,committee->DT,68.96551724137932,49.51644100580271
breast-cancer,5,5,baseline->NB,68.96551724137932,64.77732793522266
breast-cancer,5,5,soft->NB,68.96551724137932,62.553802008608315
breast-cancer,5,5,attr->NB,65.51724137931035,56.845238095238095
breast-cancer,5,5,softattr->NB,65.51724137931035,56.845238095238095
breast-cancer,5,5,correct->NB,65.51724137931035,56.845238095238095
breast-cancer,5,5,soft->DT,68.96551724137932,62.553802008608315
breast-cancer,5,5,correct->DT,58.62068965517241,43.506493506493506
breast-cancer,5,5,committee->DT,58.62068965517241,43.506493506493506
breast-cancer,5,6,baseline->NB,67.85714285714286,64.15362731152204
breast-cancer,5,6,soft->NB,71.42857142857143,67.2514619883041
breast-cancer,5,6,attr->NB,71.42857142857143,65.00000000000001
breast-cancer,5,6,softattr->NB,71.42857142857143,65.00000000000001
breast-cancer,5,6,correct->NB,75.0,68.13008130081302
breast-cancer,5,6,soft->DT,71.42857142857143,65.00000000000001
breast-cancer,5,6,correct->DT,75.0,70.43740573152337
breast-cancer,5,6,committee->DT,75.0,70.43740573152337
breast-cancer,5,7,baseline->NB,89.28571428571429,86.34146341463413
breast-cancer,5,7,soft->NB,89.28571428571429,86.34146341463413
breast-cancer,5,7,attr->NB,82.14285714285714,74.9552772808587
breast-cancer,5,7,softattr->NB,89.28571428571429,86.34146341463413
breast-cancer,5,7,correct->NB,82.14285714285714,74.9552772808587
breast-cancer,5,7,soft->DT,85.71428571428571,82.5
breast-cancer,5,7,correct->DT,82.14285714285714,74.9552772808587
breast-cancer,5,7,committee->DT,82.14285714285714,74.9552772808587
breast-cancer,5,8,baseline->NB,75.0,64.93738819320215
breast-cancer,5,8,soft->NB,75.0,64.93738819320215
breast-cancer,5,8,attr->NB,75.0,64.93738819320215
breast-cancer,5,8,softattr->NB,75.0,64.93738819320215
breast-cancer,5,8,correct->NB,75.0,64.93738819320215
breast-cancer,5,8,soft->DT,67.85714285714286,49.090909090909086
breast-cancer,5,8,correct->DT,67.85714285714286,49.090909090909086
breast-cancer,5,8,committee->DT,67.85714285714286,49.090909090909086
breast-cancer,5,9,baseline->NB,75.0,60.4040404040404
breast-cancer,5,9,soft->NB,78.57142857142857,63.478260869565226
breast-cancer,5,9,attr->NB,75.0,53.664302600472816
breast-cancer,5,9,softattr->NB,75.0,53.664302600472816
breast-cancer,5,9,correct->NB,75.0,53.664302600472816
breast-cancer,5,9,soft->DT,71.42857142857143,51.30434782608696
breast-cancer,5,9,correct->DT,75.0,53.664302600472816
breast-cancer,5,9,committee->DT,75.0,53.664302600472816
breast-cancer,6,0,baseline->NB,72.41379310344827,62.33766233766234
breast-cancer,6,0,soft->NB,72.41379310344827,62.33766233766234
breast-cancer,6,0,attr->NB,72.41379310344827,62.33766233766234
breast-cancer,6,0,softattr->NB,72.41379310344827,62.33766233766234
breast-cancer,6,0,correct->NB,72.41379310344827,62.33766233766234
breast-cancer,6,0,soft->DT,75.86206896551724,60.73500967117988
breast-cancer,6,0,correct->DT,75.86206896551724,60.73500967117988
breast-cancer,6,0,committee->DT,75.86206896551724,60.73500967117988
breast-cancer,6,1,baseline->NB,68.96551724137932,62.553802008608315
breast-cancer,6,1,soft->NB,68.96551724137932,62.553802008608315
breast-cancer,6,1,attr->NB,65.51724137931035,56.845238095238095
breast-cancer,6,1,softattr->NB,65.51724137931035,56.845238095238095
breast-cancer,6,1,correct->NB,62.06896551724138,50.542635658914726
breast-cancer,6,1,soft->DT,65.51724137931035,56.845238095238095
breast-cancer,6,1,correct->DT,65.51724137931035,52.922077922077925
breast-cancer,6,1,committee->DT,65.51724137931035,52.922077922077925
breast-cancer,6,2,baseline->NB,79.3103448275862,71.75324675324674
breast-cancer,6,2,soft->NB,79.3103448275862,71.75324675324674
breast-cancer,6,2,attr->NB,79.3103448275862,71.75324675324674
breast-cancer,6,2,softattr->NB,79.3103448275862,71.75324675324674
breast-cancer,6,2,correct->NB,75.86206896551724,65.2991452991453
breast-cancer,6,2,soft->DT,75.86206896551724,65.2991452991453
breast-cancer,6,2,correct->DT,75.86206896551724,60.73500967117988
breast-cancer,6,2,committee->DT,75.86206896551724,60.73500967117988
breast-cancer,6,3,baseline->NB,75.86206896551724,72.60458839406208
breast-cancer,6,3,soft->NB,72.41379310344827,67.77777777777779
breast-cancer,6,3,attr->NB,79.3103448275862,74.10714285714286
breast-cancer,6,3,softattr->NB,79.3103448275862,74.10714285714286
breast-cancer,6,3,correct->NB,75.86206896551724,68.52713178294574
breast-cancer,6,3,soft->DT,75.86206896551724,70.8751793400287
breast-cancer,6,3,correct->DT,82.75862068965517,77.51937984496125
breast-cancer,6,3,committee->DT,75.86206896551724,68.52713178294574
breast-cancer,6,4,baseline->NB,79.3103448275862,68.47826086956522
breast-cancer,6,4,soft->NB,82.75862068965517,75.21367521367522
breast-cancer,6,4,attr->NB,79.3103448275862,68.47826086956522
breast-cancer,6,4,softattr->NB,82.75862068965517,75.21367521367522
breast-cancer,6,4,correct->NB,82.75862068965517,75.21367521367522
breast-cancer,6,4,soft->DT,82.75862068965517,75.21367521367522
breast-cancer,6,4,correct->DT,75.86206896551724,65.2991452991453
breast-cancer,6,4,committee->DT,72.41379310344827,62.33766233766234
breast-cancer,6,5,baseline->NB,65.51724137931035,47.463768115942024
breast-cancer,6,5,soft->NB,72.41379310344827,62.33766233766234
breast-cancer,6,5,attr->NB,62.06896551724138,38.297872340425535
breast-cancer,6,5,softattr->NB,62.06896551724138,38.297872340425535
breast-cancer,6,5,correct->NB,68.96551724137932,49.51644100580271
breast-cancer,6,5,soft->DT,65.51724137931035,47.463768115942024
breast-cancer,6,5,correct->DT,62.06896551724138,38.297872340425535
breast-cancer,6,5,committee->DT,65.51724137931035,39.583333333333336
breast-cancer,6,6,baseline->NB,67.85714285714286,61.990950226244344
breast-cancer,6,6,soft->NB,71.42857142857143,65.00000000000001
breast-cancer,6,6,attr->NB,71.42857142857143,65.00000000000001
breast-cancer,6,6,softattr->NB,71.42857142857143,65.00000000000001
breast-cancer,6,6,correct->NB,75.0,68.13008130081302
breast-cancer,6,6,soft->DT,67.85714285714286,59.02439024390244
breast-cancer,6,6,correct->DT,75.0,68.13008130081302
breast-cancer,6,6,committee->DT,78.57142857142857,71.42857142857144
breast-cancer,6,7,baseline->NB,60.714285714285715,49.918699186991866
breast-cancer,6,7,soft->NB,67.85714285714286,54.91949910554561
breast-cancer,6,7,attr->NB,71.42857142857143,57.57575757575758
breast-cancer,6,7,softattr->NB,71.42857142857143,57.57575757575758
breast-cancer,6,7,correct->NB,71.42857142857143,57.57575757575758
breast-cancer,6,7,soft->DT,64.28571428571429,52.38095238095239
breast-cancer,6,7,correct->DT,75.0,53.664302600472816
breast-cancer,6,7,committee->DT,75.0,53.664302600472816
breast-cancer,6,8,baseline->NB,67.85714285714286,61.990950226244344
breast-cancer,6,8,soft->NB,64.28571428571429,56.25
breast-cancer,6,8,attr->NB,64.28571428571429,56.25
breast-cancer,6,8,softattr->NB,64.28571428571429,56.25
breast-cancer,6,8,correct->NB,64.28571428571429,56.25
breast-cancer,6,8,soft->DT,64.28571428571429,56.25
breast-cancer,6,8,correct->DT,64.28571428571429,52.38095238095239
breast-cancer,6,8,committee->DT,64.28571428571429,52.38095238095239
breast-cancer,6,9,baseline->NB,75.0,68.13008130081302
breast-cancer,6,9,soft->NB,71.42857142857143,65.00000000000001
breast-cancer,6,9,attr->NB,75.0,68.13008130081302
breast-cancer,6,9,softattr->NB,71.42857142857143,65.00000000000001
breast-cancer,6,9,correct->NB,71.42857142857143,65.00000000000001
breast-cancer,6,9,soft->DT,71.42857142857143,65.00000000000001
breast-cancer,6,9,correct->DT,71.42857142857143,61.904761904761905
breast-cancer,6,9,committee->DT,67.85714285714286,54.91949910554561
breast-cancer,7,0,baseline->NB,65.51724137931035,56.845238095238095
breast-cancer,7,0,soft->NB,68.96551724137932,59.53488372093023
breast-cancer,7,0,attr->NB,68.96551724137932,59.53488372093023
breast-cancer,7,0,softattr->NB,68.96551724137932,59.53488372093023
breast-cancer,7,0,correct->NB,68.96551724137932,59.53488372093023
breast-cancer,7,0,soft->DT,68.96551724137932,59.53488372093023
breast-cancer,7,0,correct->DT,65.51724137931035,56.845238095238095
breast-cancer,7,0,committee->DT,68.96551724137932,49.516441005802704
breast-cancer,7,1,baseline->NB,79.3103448275862,74.10714285714286
breast-cancer,7,1,soft->NB,79.3103448275862,74.10714285714286
breast-cancer,7,1,attr->NB,72.41379310344827,65.47619047619048
breast-cancer,7,1,softattr->NB,72.41379310344827,65.47619047619048
breast-cancer,7,1,correct->NB,75.86206896551724,68.52713178294574
breast-cancer,7,1,soft->DT,72.41379310344827,65.47619047619048
breast-cancer,7,1,correct->DT,75.86206896551724,68.52713178294574
breast-cancer,7,1,committee->DT,72.41379310344827,65.47619047619048
breast-cancer,7,2,baseline->NB,75.86206896551724,70.8751793400287
breast-cancer,7,2,soft->NB,79.3103448275862,74.10714285714286
breast-cancer,7,2,attr->NB,79.3103448275862,74.10714285714286
breast-cancer,7,2,softattr->NB,79.3103448275862,74.10714285714286
breast-cancer,7,2,correct->NB,79.3103448275862,74.10714285714286
breast-cancer,7,2,soft->DT,72.41379310344827,62.33766233766234
breast-cancer,7,2,correct->DT,79.3103448275862,71.75324675324674
breast-cancer,7,2,committee->DT,79.3103448275862,68.47826086956522
breast-cancer,7,3,baseline->NB,62.06896551724138,56.95006747638327
breast-cancer,7,3,soft->NB,62.06896551724138,56.95006747638327
breast-cancer,7,3,attr->NB,62.06896551724138,56.95006747638327
breast-cancer,7,3,softattr->NB,62.06896551724138,56.95006747638327
breast-cancer,7,3,correct->NB,68.96551724137932,62.553802008608315
breast-cancer,7,3,soft->DT,79.3103448275862,74.10714285714286
breast-cancer,7,3,correct->DT,68.96551724137932,62.553802008608315
breast-cancer,7,3,committee->DT,68.96551724137932,62.553802008608315
breast-cancer,7,4,baseline->NB,75.86206896551724,68.52713178294574
breast-cancer,7,4,soft->NB,79.3103448275862,71.75324675324674
breast-cancer,7,4,attr->NB,82.75862068965517,75.21367521367522
breast-cancer,7,4,softattr->NB,82.75862068965517,75.21367521367522
breast-cancer,7,4,correct->NB,79.3103448275862,68.47826086956522
breast-cancer,7,4,soft->DT,75.86206896551724,68.52713178294574
breast-cancer,7,4,correct->DT,79.3103448275862,68.47826086956522
breast-cancer,7,4,committee->DT,79.3103448275862,68.47826086956522
breast-cancer,7,5,baseline->NB,75.86206896551724,68.52713178294574
breast-cancer,7,5,soft->NB,72.41379310344827,62.33766233766234
breast-cancer,7,5,attr->NB,68.96551724137932,55.38461538461538
breast-cancer,7,5,softattr->NB,72.41379310344827,62.33766233766234
breast-cancer,7,5,correct->NB,68.96551724137932,55.38461538461538
breast-cancer,7,5,soft->DT,65.51724137931035,52.922077922077925
breast-cancer,7,5,correct->DT,65.51724137931035,47.463768115942024
breast-cancer,7,5,committee->DT,68.96551724137932,40.816326530612244
breast-cancer,7,6,baseline->NB,75.0,60.4040404040404
breast-cancer,7,6,soft->NB,75.0,60.4040404040404
breast-cancer,7,6,attr->NB,75.0,60.4040404040404
breast-cancer,7,6,softattr->NB,75.0,60.4040404040404
breast-cancer,7,6,correct->NB,71.42857142857143,51.30434782608696
breast-cancer,7,6,soft->DT,71.42857142857143,51.30434782608696
breast-cancer,7,6,correct->DT,71.42857142857143,51.30434782608696
breast-cancer,7,6,committee->DT,71.42857142857143,51.30434782608696
breast-cancer,7,7,baseline->NB,71.42857142857143,65.00000000000001
breast-cancer,7,7,soft->NB,71.42857142857143,65.00000000000001
breast-cancer,7,7,attr->NB,67.85714285714286,59.02439024390244
breast-cancer,7,7,softattr->NB,67.85714285714286,59.02439024390244
breast-cancer,7,7,correct->NB,67.85714285714286,59.02439024390244
breast-cancer,7,7,soft->DT,64.28571428571429,52.38095238095239
breast-cancer,7,7,correct->DT,75.0,60.4040404040404
breast-cancer,7,7,committee->DT,75.0,60.4040404040404
breast-cancer,7,8,baseline->NB,60.714285714285715,49.918699186991866
breast-cancer,7,8,soft->NB,60.714285714285715,49.918699186991866
breast-cancer,7,8,attr->NB,60.714285714285715,44.90161001788909
breast-cancer,7,8,softattr->NB,64.28571428571429,52.38095238095239
breast-cancer,7,8,correct->NB,57.142857142857146,42.85714285714286
breast-cancer,7,8,soft->DT,67.85714285714286,59.02439024390244
breast-cancer,7,8,correct->DT,64.28571428571429,52.38095238095239
breast-cancer,7,8,committee->DT,64.28571428571429,52.38095238095239
breast-cancer,7,9,baseline->NB,67.85714285714286,61.990950226244344
breast-cancer,7,9,soft->NB,71.42857142857143,65.00000000000001
breast-cancer,7,9,attr->NB,78.57142857142857,71.42857142857144
breast-cancer,7,9,softattr->NB,78.57142857142857,71.42857142857144
breast-cancer,7,9,correct->NB,78.57142857142857,71.42857142857144
breast-cancer,7,9,soft->DT,64.28571428571429,56.25
breast-cancer,7,9,correct->DT,75.0,64.93738819320215
breast-cancer,7,9,committee->DT,78.57142857142857,68.18181818181817
breast-cancer,8,0,baseline->NB,72.41379310344827,67.77777777777779
breast-cancer,8,0,soft->NB,72.41379310344827,67.77777777777779
breast-cancer,8,0,attr->NB,79.3103448275862,74.10714285714286
breast-cancer,8,0,softattr->NB,75.86206896551724,70.8751793400287
breast-cancer,8,0,correct->NB,75.86206896551724,70.8751793400287
breast-cancer,8,0,soft->DT,72.41379310344827,67.77777777777779
breast-cancer,8,0,correct->DT,82.75862068965517,77.51937984496125
breast-cancer,8,0,committee->DT,86.20689655172414,81.16883116883116
breast-cancer,8,1,baseline->NB,68.96551724137932,59.53488372093023
breast-cancer,8,1,soft->NB,68.96551724137932,59.53488372093023
breast-cancer,8,1,attr->NB,72.41379310344827,65.47619047619048
breast-cancer,8,1,softattr->NB,72.41379310344827,65.47619047619048
breast-cancer,8,1,correct->NB,68.96551724137932,59.53488372093023
breast-cancer,8,1,soft->DT,68.96551724137932,59.53488372093023
breast-cancer,8,1,correct->DT,72.41379310344827,62.33766233766234
breast-cancer,8,1,committee->DT,75.86206896551724,65.2991452991453
breast-cancer,8,2,baseline->NB,68.96551724137932,59.53488372093023
breast-cancer,8,2,soft->NB,65.51724137931035,52.922077922077925
breast-cancer,8,2,attr->NB,62.06896551724138,45.47008547008547
breast-cancer,8,2,softattr->NB,62.06896551724138,45.47008547008547
breast-cancer,8,2,correct->NB,65.51724137931035,52.922077922077925
breast-cancer,8,2,soft->DT,62.06896551724138,45.47008547008547
breast-cancer,8,2,correct->DT,68.96551724137932,55.38461538461538
breast-cancer,8,2,committee->DT,75.86206896551724,60.73500967117988
breast-cancer,8,3,baseline->NB,72.41379310344827,65.47619047619048
breast-cancer,8,3,soft->NB,75.86206896551724,68.52713178294574
breast-cancer,8,3,attr->NB,72.41379310344827,57.971014492753625
breast-cancer,8,3,softattr->NB,75.86206896551724,68.52713178294574
breast-cancer,8,3,correct->NB,75.86206896551724,68.52713178294574
breast-cancer,8,3,soft->DT,68.96551724137932,49.51644100580271
breast-cancer,8,3,correct->DT,79.3103448275862,71.75324675324674
breast-cancer,8,3,committee->DT,68.96551724137932,49.51644100580271
breast-cancer,8,4,baseline->NB,72.41379310344827,65.47619047619048
breast-cancer,8,4,soft->NB,75.86206896551724,68.52713178294574
breast-cancer,8,4,attr->NB,68.96551724137932,59.53488372093023
breast-cancer,8,4,softattr->NB,68.96551724137932,59.53488372093023
breast-cancer,8,4,correct->NB,68.96551724137932,55.38461538461538
breast-cancer,8,4,soft->DT,75.86206896551724,65.2991452991453
breast-cancer,8,4,correct->DT,72.41379310344827,62.33766233766234
breast-cancer,8,4,committee->DT,65.51724137931035,52.922077922077925
breast-cancer,8,5,baseline->NB,72.41379310344827,67.77777777777779
breast-cancer,8,5,soft->NB,72.41379310344827,67.77777777777779
breast-cancer,8,5,attr->NB,68.96551724137932,59.53488372093023
breast-cancer,8,5,softattr->NB,68.96551724137932,66.40926640926641
breast-cancer,8,5,correct->NB,79.3103448275862,71.75324675324674
breast-cancer,8,5,soft->DT,72.41379310344827,65.47619047619048
breast-cancer,8,5,correct->DT,82.75862068965517,75.21367521367522
breast-cancer,8,5,committee->DT,82.75862068965517,75.21367521367522
breast-cancer,8,6,baseline->NB,67.85714285714286,59.02439024390244
breast-cancer,8,6,soft->NB,71.42857142857143,61.904761904761905
breast-cancer,8,6,attr->NB,71.42857142857143,61.904761904761905
breast-cancer,8,6,softattr->NB,71.42857142857143,61.904761904761905
breast-cancer,8,6,correct->NB,71.42857142857143,61.904761904761905
breast-cancer,8,6,soft->DT,60.714285714285715,44.90161001788909
breast-cancer,8,6,correct->DT,67.85714285714286,49.090909090909086
breast-cancer,8,6,committee->DT,64.28571428571429,46.96969696969697
breast-cancer,8,7,baseline->NB,75.0,64.93738819320215
breast-cancer,8,7,soft->NB,75.0,64.93738819320215
breast-cancer,8,7,attr->NB,71.42857142857143,57.57575757575758
breast-cancer,8,7,softattr->NB,71.42857142857143,57.57575757575758
breast-cancer,8,7,correct->NB,71.42857142857143,57.57575757575758
breast-cancer,8,7,soft->DT,71.42857142857143,57.57575757575758
breast-cancer,8,7,correct->DT,71.42857142857143,57.57575757575758
breast-cancer,8,7,committee->DT,75.0,60.4040404040404
breast-cancer,8,8,baseline->NB,60.714285714285715,53.54449472096531
breast-cancer,8,8,soft->NB,60.714285714285715,53.54449472096531
breast-cancer,8,8,attr->NB,60.714285714285715,53.54449472096531
breast-cancer,8,8,softattr->NB,60.714285714285715,53.54449472096531
breast-cancer,8,8,correct->NB,60.714285714285715,53.54449472096531
breast-cancer,8,8,soft->DT,60.714285714285715,53.54449472096531
breast-cancer,8,8,correct->DT,64.28571428571429,56.25
breast-cancer,8,8,committee->DT,75.0,64.93738819320215
breast-cancer,8,9,baseline->NB,85.71428571428571,78.78787878787878
breast-cancer,8,9,soft->NB,85.71428571428571,78.78787878787878
breast-cancer,8,9,attr->NB,75.0,53.664302600472816
breast-cancer,8,9,softattr->NB,85.71428571428571,78.78787878787878
breast-cancer,8,9,correct->NB,75.0,53.664302600472816
breast-cancer,8,9,soft->DT,75.0,53.664302600472816
breast-cancer,8,9,correct->DT,75.0,53.664302600472816
breast-cancer,8,9,committee->DT,75.0,53.664302600472816
breast-cancer,9,0,baseline->NB,62.06896551724138,54.23242467718794
breast-cancer,9,0,soft->NB,68.96551724137932,62.553802008608315
breast-cancer,9,0,attr->NB,68.96551724137932,62.553802008608315
breast-cancer,9,0,softattr->NB,68.96551724137932,62.553802008608315
breast-cancer,9,0,correct->NB,65.51724137931035,56.845238095238095
breast-cancer,9,0,soft->DT,65.51724137931035,56.845238095238095
breast-cancer,9,0,correct->DT,65.51724137931035,56.845238095238095
breast-cancer,9,0,committee->DT,62.06896551724138,50.542635658914726
breast-cancer,9,1,baseline->NB,82.75862068965517,77.51937984496125
breast-cancer,9,1,soft->NB,82.75862068965517,77.51937984496125
breast-cancer,9,1,attr->NB,82.75862068965517,77.51937984496125
breast-cancer,9,1,softattr->NB,82.75862068965517,77.51937984496125
breast-cancer,9,1,correct->NB,79.3103448275862,71.75324675324674
breast-cancer,9,1,soft->DT,75.86206896551724,68.52713178294574
breast-cancer,9,1,correct->DT,82.75862068965517,75.21367521367522
breast-cancer,9,1,committee->DT,79.3103448275862,68.47826086956522
breast-cancer,9,2,baseline->NB,68.96551724137932,64.77732793522266
breast-cancer,9,2,soft->NB,68.96551724137932,64.77732793522266
breast-cancer,9,2,attr->NB,65.51724137931035,56.845238095238095
breast-cancer,9,2,softattr->NB,62.06896551724138,54.23242467718794
breast-cancer,9,2,correct->NB,62.06896551724138,54.23242467718794
breast-cancer,9,2,soft->DT,68.96551724137932,62.553802008608315
breast-cancer,9,2,correct->DT,68.96551724137932,62.553802008608315
breast-cancer,9,2,committee->DT,65.51724137931035,52.922077922077925
breast-cancer,9,3,baseline->NB,72.41379310344827,62.33766233766234
breast-cancer,9,3,soft->NB,72.41379310344827,62.33766233766234
breast-cancer,9,3,attr->NB,68.96551724137932,55.38461538461538
breast-cancer,9,3,softattr->NB,72.41379310344827,62.33766233766234
breast-cancer,9,3,correct->NB,68.96551724137932,55.38461538461538
breast-cancer,9,3,soft->DT,68.96551724137932,49.51644100580271
breast-cancer,9,3,correct->DT,68.96551724137932,49.51644100580271
breast-cancer,9,3,committee->DT,68.96551724137932,49.51644100580271
breast-cancer,9,4,baseline->NB,72.41379310344827,65.47619047619048
breast-cancer,9,4,soft->NB,79.3103448275862,71.75324675324674
breast-cancer,9,4,attr->NB,79.3103448275862,71.75324675324674
breast-cancer,9,4,softattr->NB,79.3103448275862,71.75324675324674
breast-cancer,9,4,correct->NB,79.3103448275862,71.75324675324674
breast-cancer,9,4,soft->DT,75.86206896551724,68.52713178294574
breast-cancer,9,4,correct->DT,79.3103448275862,71.75324675324674
breast-cancer,9,4,committee->DT,79.3103448275862,68.47826086956522
breast-cancer,9,5,baseline->NB,55.172413793103445,45.91104734576758
breast-cancer,9,5,soft->NB,55.172413793103445,45.91104734576758
breast-cancer,9,5,attr->NB,55.172413793103445,45.91104734576758
breast-cancer,9,5,softattr->NB,55.172413793103445,45.91104734576758
breast-cancer,9,5,correct->NB,55.172413793103445,45.91104734576758
breast-cancer,9,5,soft->DT,51.724137931034484,39.58333333333333
breast-cancer,9,5,correct->DT,51.724137931034484,34.090909090909086
breast-cancer,9,5,committee->DT,65.51724137931035,39.583333333333336
breast-cancer,9,6,baseline->NB,75.0,64.93738819320215
breast-cancer,9,6,soft->NB,71.42857142857143,61.904761904761905
breast-cancer,9,6,attr->NB,78.57142857142857,68.18181818181817
breast-cancer,9,6,softattr->NB,78.57142857142857,68.18181818181817
breast-cancer,9,6,correct->NB,78.57142857142857,68.18181818181817
breast-cancer,9,6,soft->DT,71.42857142857143,61.904761904761905
breast-cancer,9,6,correct->DT,78.57142857142857,68.18181818181817
breast-cancer,9,6,committee->DT,78.57142857142857,68.18181818181817
breast-cancer,9,7,baseline->NB,78.57142857142857,71.42857142857144
breast-cancer,9,7,soft->NB,78.57142857142857,71.42857142857144
breast-cancer,9,7,attr->NB,78.57142857142857,71.42857142857144
breast-cancer,9,7,softattr->NB,78.57142857142857,71.42857142857144
breast-cancer,9,7,correct->NB,75.0,64.93738819320215
breast-cancer,9,7,soft->DT,82.14285714285714,74.9552772808587
breast-cancer,9,7,correct->DT,82.14285714285714,74.9552772808587
breast-cancer,9,7,committee->DT,82.14285714285714,74.9552772808587
breast-cancer,9,8,baseline->NB,89.28571428571429,84.97316636851521
breast-cancer,9,8,soft->NB,92.85714285714286,90.47619047619047
breast-cancer,9,8,attr->NB,85.71428571428571,78.78787878787878
breast-cancer,9,8,softattr->NB,89.28571428571429,84.97316636851521
breast-cancer,9,8,correct->NB,82.14285714285714,71.71717171717171
breast-cancer,9,8,soft->DT,78.57142857142857,63.478260869565226
breast-cancer,9,8,correct->DT,78.57142857142857,63.478260869565226
breast-cancer,9,8,committee->DT,78.57142857142857,63.478260869565226
breast-cancer,9,9,baseline->NB,67.85714285714286,59.02439024390244
breast-cancer,9,9,soft->NB,67.85714285714286,54.91949910554561
breast-cancer,9,9,attr->NB,67.85714285714286,54.91949910554561
breast-cancer,9,9,softattr->NB,64.28571428571429,52.38095238095239
breast-cancer,9,9,correct->NB,67.85714285714286,54.91949910554561
breast-cancer,9,9,soft->DT,60.714285714285715,49.918699186991866
breast-cancer,9,9,correct->DT,75.0,60.4040404040404
breast-cancer,9,9,committee->DT,71.42857142857143,51.30434782608696
contact-lenses,0,0,baseline->NB,100.0,100.0
contact-lenses,0,0,soft->NB,66.66666666666667,40.0
contact-lenses,0,0,attr->NB,66.66666666666667,40.0
contact-lenses,0,0,softattr->NB,66.66666666666667,40.0
contact-lenses,0,0,correct->NB,66.66666666666667,40.0
contact-lenses,0,0,soft->DT,100.0,100.0
contact-lenses,0,0,correct->DT,100.0,100.0
contact-lenses,0,0,committee->DT,100.0,100.0
contact-lenses,0,1,baseline->NB,66.66666666666667,40.0
contact-lenses,0,1,soft->NB,66.66666666666667,40.0
contact-lenses,0,1,attr->NB,66.66666666666667,40.0
contact-lenses,0,1,softattr->NB,66.66666666666667,40.0
contact-lenses,0,1,correct->NB,66.66666666666667,40.0
contact-lenses,0,1,soft->DT,100.0,100.0
contact-lenses,0,1,correct->DT,100.0,100.0
contact-lenses,0,1,committee->DT,100.0,100.0
contact-lenses,0,2,baseline->NB,66.66666666666667,40.0
contact-lenses,0,2,soft->NB,66.66666666666667,40.0
contact-lenses,0,2,attr->NB,66.66666666666667,40.0
contact-lenses,0,2,softattr->NB,66.66666666666667,40.0
contact-lenses,0,2,correct->NB,66.66666666666667,40.0
contact-lenses,0,2,soft->DT,100.0,100.0
contact-lenses,0,2,correct->DT,66.66666666666667,40.0
contact-lenses,0,2,committee->DT,66.66666666666667,40.0
contact-lenses,0,3,baseline->NB,66.66666666666667,40.0
contact-lenses,0,3,soft->NB,66.66666666666667,40.0
contact-lenses,0,3,attr->NB,66.66666666666667,40.0
contact-lenses,0,3,softattr->NB,66.66666666666667,40.0
contact-lenses,0,3,correct->NB,66.66666666666667,40.0
contact-lenses,0,3,soft->DT,100.0,100.0
contact-lenses,0,3,correct->DT,100.0,100.0
contact-lenses,0,3,committee->DT,100.0,100.0
contact-lenses,0,4,baseline->NB,100.0,100.0
contact-lenses,0,4,soft->NB,100.0,100.0
contact-lenses,0,4,attr->NB,100.0,100.0
contact-lenses,0,4,softattr->NB,100.0,100.0
contact-lenses,0,4,correct->NB,100.0,100.0
contact-lenses,0,4,soft->DT,100.0,100.0
contact-lenses,0,4,correct->DT,100.0,100.0
contact-lenses,0,4,committee->DT,100.0,100.0
contact-lenses,0,5,baseline->NB,50.0,33.33333333333333
contact-lenses,0,5,soft->NB,50.0,33.33333333333333
contact-lenses,0,5,attr->NB,50.0,33.33333333333333
contact-lenses,0,5,softattr->NB,50.0,33.33333333333333
contact-lenses,0,5,correct->NB,50.0,33.33333333333333
contact-lenses,0,5,soft->DT,50.0,33.33333333333333
contact-lenses,0,5,correct->DT,50.0,33.33333333333333
contact-lenses,0,5,committee->DT,50.0,33.33333333333333
contact-lenses,0,6,baseline->NB,0.0,0.0
contact-lenses,0,6,soft->NB,50.0,33.33333333333333
contact-lenses,0,6,attr->NB,50.0,33.33333333333333
contact-lenses,0,6,softattr->NB,50.0,33.33333333333333
contact-lenses,0,6,correct->NB,0.0,0.0
contact-lenses,0,6,soft->DT,50.0,33.33333333333333
contact-lenses,0,6,correct->DT,50.0,33.33333333333333
contact-lenses,0,6,committee->DT,50.0,33.33333333333333
contact-lenses,0,7,baseline->NB,50.0,33.33333333333333
contact-lenses,0,7,soft->NB,50.0,33.33333333333333
contact-lenses,0,7,attr->NB,50.0,33.33333333333333
contact-lenses,0,7,softattr->NB,50.0,33.33333333333333
contact-lenses,0,7,correct->NB,50.0,33.33333333333333
contact-lenses,0,7,soft->DT,50.0,33.33333333333333
contact-lenses,0,7,correct->DT,50.0,33.33333333333333
contact-lenses,0,7,committee->DT,50.0,33.33333333333333
contact-lenses,0,8,baseline->NB,100.0,100.0
contact-lenses,0,8,soft->NB,50.0,33.33333333333333
contact-lenses,0,8,attr->NB,100.0,100.0
contact-lenses,0,8,softattr->NB,50.0,33.33333333333333
contact-lenses,0,8,correct->NB,100.0,100.0
contact-lenses,0,8,soft->DT,100.0,100.0
contact-lenses,0,8,correct->DT,100.0,100.0
contact-lenses,0,8,committee->DT,100.0,100.0
contact-lenses,0,9,baseline->NB,100.0,100.0
contact-lenses,0,9,soft->NB,100.0,100.0
contact-lenses,0,9,attr->NB,100.0,100.0
contact-lenses,0,9,softattr->NB,100.0,100.0
contact-lenses,0,9,correct->NB,100.0,100.0
contact-lenses,0,9,soft->DT,100.0,100.0
contact-lenses,0,9,correct->DT,100.0,100.0
contact-lenses,0,9,committee->DT,100.0,100.0
contact-lenses,1,0,baseline->NB,33.333333333333336,25.0
contact-lenses,1,0,soft->NB,33.333333333333336,25.0
contact-lenses,1,0,attr->NB,66.66666666666667,66.66666666666666
contact-lenses,1,0,softattr->NB,66.66666666666667,40.0
contact-lenses,1,0,correct->NB,33.333333333333336,25.0
contact-lenses,1,0,soft->DT,66.66666666666667,66.66666666666666
contact-lenses,1,0,correct->DT,66.66666666666667,66.66666666666666
contact-lenses,1,0,committee->DT,66.66666666666667,66.66666666666666
contact-lenses,1,1,baseline->NB,100.0,100.0
contact-lenses,1,1,soft->NB,100.0,100.0
contact-lenses,1,1,attr->NB,100.0,100.0
contact-lenses,1,1,softattr->NB,66.66666666666667,40.0
contact-lenses,1,1,correct->NB,100.0,100.0
contact-lenses,1,1,soft->DT,100.0,100.0
contact-lenses,1,1,correct->DT,100.0,100.0
contact-lenses,1,1,committee->DT,100.0,100.0
contact-lenses,1,2,baseline->NB,66.66666666666667,40.0
contact-lenses,1,2,soft->NB,66.66666666666667,40.0
contact-lenses,1,2,attr->NB,66.66666666666667,66.66666666666666
contact-lenses,1,2,softattr->NB,66.66666666666667,66.66666666666666
contact-lenses,1,2,correct->NB,66.66666666666667,40.0
contact-lenses,1,2,soft->DT,66.66666666666667,66.66666666666666
contact-lenses,1,2,correct->DT,66.66666666666667,66.66666666666666
contact-lenses,1,2,committee->DT,66.66666666666667,66.66666666666666
contact-lenses,1,3,baseline->NB,66.66666666666667,40.0
contact-lenses,1,3,soft->NB,66.66666666666667,40.0
contact-lenses,1,3,attr->NB,66.66666666666667,40.0
contact-lenses,1,3,softattr->NB,66.66666666666667,40.0
contact-lenses,1,3,correct->NB,66.66666666666667,40.0
contact-lenses,1,3,soft->DT,100.0,100.0
contact-lenses,1,3,correct->DT,100.0,100.0
contact-lenses,1,3,committee->DT,100.0,100.0
contact-lenses,1,4,baseline->NB,50.0,33.33333333333333
contact-lenses,1,4,soft->NB,50.0,33.33333333333333
contact-lenses,1,4,attr->NB,50.0,33.33333333333333
contact-lenses,1,4,softattr->NB,50.0,33.33333333333333
contact-lenses,1,4,correct->NB,50.0,33.33333333333333
contact-lenses,1,4,soft->DT,50.0,33.33333333333333
contact-lenses,1,4,correct->DT,50.0,33.33333333333333
contact-lenses,1,4,committee->DT,50.0,33.33333333333333
contact-lenses,1,5,baseline->NB,100.0,100.0
contact-lenses,1,5,soft->NB,100.0,100.0
contact-lenses,1,5,attr->NB,100.0,100.0
contact-lenses,1,5,softattr->NB,100.0,100.0
contact-lenses,1,5,correct->NB,100.0,100.0
contact-lenses,1,5,soft->DT,100.0,100.0
contact-lenses,1,5,correct->DT,100.0,100.0
contact-lenses,1,5,committee->DT,100.0,100.0
contact-lenses,1,6,baseline->NB,50.0,33.33333333333333
contact-lenses,1,6,soft->NB,50.0,33.33333333333333
contact-lenses,1,6,attr->NB,100.0,100.0
contact-lenses,1,6,softattr->NB,50.0,33.33333333333333
contact-lenses,1,6,correct->NB,50.0,33.33333333333333
contact-lenses,1,6,soft->DT,100.0,100.0
contact-lenses,1,6,correct->DT,100.0,100.0
contact-lenses,1,6,committee->DT,100.0,100.0
contact-lenses,1,7,baseline->NB,100.0,100.0
contact-lenses,1,7,soft->NB,100.0,100.0
contact-lenses,1,7,attr->NB,100.0,100.0
contact-lenses,1,7,softattr->NB,100.0,100.0
contact-lenses,1,7,correct->NB,100.0,100.0
contact-lenses,1,7,soft->DT,100.0,100.0
contact-lenses,1,7,correct->DT,100.0,100.0
contact-lenses,1,7,committee->DT,100.0,100.0
contact-lenses,1,8,baseline->NB,100.0,100.0
contact-lenses,1,8,soft->NB,50.0,33.33333333333333
contact-lenses,1,8,attr->NB,100.0,100.0
contact-lenses,1,8,softattr->NB,50.0,33.33333333333333
contact-lenses,1,8,correct->NB,100.0,100.0
contact-lenses,1,8,soft->DT,100.0,100.0
contact-lenses,1,8,correct->DT,100.0,100.0
contact-lenses,1,8,committee->DT,100.0,100.0
contact-lenses,1,9,baseline->NB,50.0,33.33333333333333
contact-lenses,1,9,soft->NB,50.0,33.33333333333333
contact-lenses,1,9,attr->NB,100.0,100.0
contact-lenses,1,9,softattr->NB,100.0,100.0
contact-lenses,1,9,correct->NB,50.0,33.33333333333333
contact-lenses,1,9,soft->DT,100.0,100.0
contact-lenses,1,9,correct->DT,100.0,100.0
contact-lenses,1,9,committee->DT,100.0,100.0
contact-lenses,2,0,baseline->NB,66.66666666666667,40.0
contact-lenses,2,0,soft->NB,66.66666666666667,40.0
contact-lenses,2,0,attr->NB,66.66666666666667,40.0
contact-lenses,2,0,softattr->NB,66.66666666666667,40.0
contact-lenses,2,0,correct->NB,66.66666666666667,40.0
contact-lenses,2,0,soft->DT,100.0,100.0
contact-lenses,2,0,correct->DT,66.66666666666667,40.0
contact-lenses,2,0,committee->DT,66.66666666666667,40.0
contact-lenses,2,1,baseline->NB,66.66666666666667,55.55555555555555
contact-lenses,2,1,soft->NB,66.66666666666667,55.55555555555555
contact-lenses,2,1,attr->NB,66.66666666666667,55.55555555555555
contact-lenses,2,1,softattr->NB,66.66666666666667,55.55555555555555
contact-lenses,2,1,correct->NB,33.333333333333336,16.666666666666664
contact-lenses,2,1,soft->DT,66.66666666666667,55.55555555555555
contact-lenses,2,1,correct->DT,66.66666666666667,55.55555555555555
contact-lenses,2,1,committee->DT,66.66666666666667,55.55555555555555
contact-lenses,2,2,baseline->NB,66.66666666666667,40.0
contact-lenses,2,2,soft->NB,66.66666666666667,40.0
contact-lenses,2,2,attr->NB,66.66666666666667,40.0
contact-lenses,2,2,softattr->NB,66.66666666666667,40.0
contact-lenses,2,2,correct->NB,66.66666666666667,40.0
contact-lenses,2,2,soft->DT,100.0,100.0
contact-lenses,2,2,correct->DT,100.0,100.0
contact-lenses,2,2,committee->DT,100.0,100.0
contact-lenses,2,3,baseline->NB,33.333333333333336,25.0
contact-lenses,2,3,soft->NB,100.0,100.0
contact-lenses,2,3,attr->NB,66.66666666666667,66.66666666666666
contact-lenses,2,3,softattr->NB,66.66666666666667,66.66666666666666
contact-lenses,2,3,correct->NB,66.66666666666667,66.66666666666666
contact-lenses,2,3,soft->DT,66.66666666666667,66.66666666666666
contact-lenses,2,3,correct->DT,66.66666666666667,66.66666666666666
contact-lenses,2,3,committee->DT,66.66666666666667,66.66666666666666
contact-lenses,2,4,baseline->NB,100.0,100.0
contact-lenses,2,4,soft->NB,100.0,100.0
contact-lenses,2,4,attr->NB,50.0,33.33333333333333
contact-lenses,2,4,softattr->NB,50.0,33.33333333333333
contact-lenses,2,4,correct->NB,50.0,33.33333333333333
contact-lenses,2,4,soft->DT,50.0,33.33333333333333
contact-lenses,2,4,correct->DT,50.0,33.33333333333333
contact-lenses,2,4,committee->DT,50.0,33.33333333333333
contact-lenses,2,5,baseline->NB,100.0,100.0
contact-lenses,2,5,soft->NB,50.0,33.33333333333333
contact-lenses,2,5,attr->NB,100.0,100.0
contact-lenses,2,5,softattr->NB,50.0,33.33333333333333
contact-lenses,2,5,correct->NB,100.0,100.0
contact-lenses,2,5,soft->DT,100.0,100.0
contact-lenses,2,5,correct->DT,100.0,100.0
contact-lenses,2,5,committee->DT,100.0,100.0
contact-lenses,2,6,baseline->NB,100.0,100.0
contact-lenses,2,6,soft->NB,100.0,100.0
contact-lenses,2,6,attr->NB,100.0,100.0
contact-lenses,2,6,softattr->NB,100.0,100.0
contact-lenses,2,6,correct->NB,100.0,100.0
contact-lenses,2,6,soft->DT,100.0,100.0
contact-lenses,2,6,correct->DT,100.0,100.0
contact-lenses,2,6,committee->DT,100.0,100.0
contact-lenses,2,7,baseline->NB,100.0,100.0
contact-lenses,2,7,soft->NB,100.0,100.0
contact-lenses,2,7,attr->NB,100.0,100.0
contact-lenses,2,7,softattr->NB,100.0,100.0
contact-lenses,2,7,correct->NB,100.0,100.0
contact-lenses,2,7,soft->DT,100.0,100.0
contact-lenses,2,7,correct->DT,100.0,100.0
contact-lenses,2,7,committee->DT,100.0,100.0
contact-lenses,2,8,baseline->NB,50.0,33.33333333333333
contact-lenses,2,8,soft->NB,50.0,33.33333333333333
contact-lenses,2,8,attr->NB,100.0,100.0
contact-lenses,2,8,softattr->NB,100.0,100.0
contact-lenses,2,8,correct->NB,50.0,33.33333333333333
contact-lenses,2,8,soft->DT,100.0,100.0
contact-lenses,2,8,correct->DT,100.0,100.0
contact-lenses,2,8,committee->DT,100.0,100.0
contact-lenses,2,9,baseline->NB,100.0,100.0
contact-lenses,2,9,soft->NB,100.0,100.0
contact-lenses,2,9,attr->NB,100.0,100.0
contact-lenses,2,9,softattr->NB,100.0,100.0
contact-lenses,2,9,correct->NB,100.0,100.0
contact-lenses,2,9,soft->DT,100.0,100.0
contact-lenses,2,9,correct->DT,100.0,100.0
contact-lenses,2,9,committee->DT,100.0,100.0
contact-lenses,3,0,baseline->NB,33.333333333333336,25.0
contact-lenses,3,0,soft->NB,66.66666666666667,40.0
contact-lenses,3,0,attr->NB,66.66666666666667,66.66666666666666
contact-lenses,3,0,softattr->NB,66.66666666666667,40.0
contact-lenses,3,0,correct->NB,33.333333333333336,25.0
contact-lenses,3,0,soft->DT,66.66666666666667,66.66666666666666
contact-lenses,3,0,correct->DT,66.66666666666667,66.66666666666666
contact-lenses,3,0,committee->DT,66.66666666666667,66.66666666666666
contact-lenses,3,1,baseline->NB,66.66666666666667,40.0
contact-lenses,3,1,soft->NB,66.66666666666667,40.0
contact-lenses,3,1,attr->NB,66.66666666666667,40.0
contact-lenses,3,1,softattr->NB,66.66666666666667,40.0
contact-lenses,3,1,correct->NB,66.66666666666667,40.0
contact-lenses,3,1,soft->DT,100.0,100.0
contact-lenses,3,1,correct->DT,66.66666666666667,40.0
contact-lenses,3,1,committee->DT,66.66666666666667,40.0
contact-lenses,3,2,baseline->NB,100.0,100.0
contact-lenses,3,2,soft->NB,100.0,100.0
contact-lenses,3,2,attr->NB,100.0,100.0
contact-lenses,3,2,softattr->NB,66.66666666666667,40.0
contact-lenses,3,2,correct->NB,100.0,100.0
contact-lenses,3,2,soft->DT,100.0,100.0
contact-lenses,3,2,correct->DT,100.0,100.0
contact-lenses,3,2,committee->DT,100.0,100.0
contact-lenses,3,3,baseline->NB,66.66666666666667,40.0
contact-lenses,3,3,soft->NB,66.66666666666667,40.0
contact-lenses,3,3,attr->NB,66.66666666666667,40.0
contact-lenses,3,3,softattr->NB,66.66666666666667,40.0
contact-lenses,3,3,correct->NB,66.66666666666667,40.0
contact-lenses,3,3,soft->DT,100.0,100.0
contact-lenses,3,3,correct->DT,66.66666666666667,40.0
contact-lenses,3,3,committee->DT,100.0,100.0
contact-lenses,3,4,baseline->NB,100.0,100.0
contact-lenses,3,4,soft->NB,100.0,100.0
contact-lenses,3,4,attr->NB,100.0,100.0
contact-lenses,3,4,softattr->NB,100.0,100.0
contact-lenses,3,4,correct->NB,100.0,100.0
contact-lenses,3,4,soft->DT,100.0,100.0
contact-lenses,3,4,correct->DT,100.0,100.0
contact-lenses,3,4,committee->DT,100.0,100.0
contact-lenses,3,5,baseline->NB,50.0,33.33333333333333
contact-lenses,3,5,soft->NB,50.0,33.33333333333333
contact-lenses,3,5,attr->NB,50.0,33.33333333333333
contact-lenses,3,5,softattr->NB,50.0,33.33333333333333
contact-lenses,3,5,correct->NB,50.0,33.33333333333333
contact-lenses,3,5,soft->DT,50.0,33.33333333333333
contact-lenses,3,5,correct->DT,50.0,33.33333333333333
contact-lenses,3,5,committee->DT,50.0,33.33333333333333
contact-lenses,3,6,baseline->NB,100.0,100.0
contact-lenses,3,6,soft->NB,100.0,100.0
contact-lenses,3,6,attr->NB,100.0,100.0
contact-lenses,3,6,softattr->NB,100.0,100.0
contact-lenses,3,6,correct->NB,100.0,100.0
contact-lenses,3,6,soft->DT,100.0,100.0
contact-lenses,3,6,correct->DT,100.0,100.0
contact-lenses,3,6,committee->DT,100.0,100.0
contact-lenses,3,7,baseline->NB,50.0,33.33333333333333
contact-lenses,3,7,soft->NB,50.0,33.33333333333333
contact-lenses,3,7,attr->NB,100.0,100.0
contact-lenses,3,7,softattr->NB,100.0,100.0
contact-lenses,3,7,correct->NB,50.0,33.33333333333333
contact-lenses,3,7,soft->DT,100.0,100.0
contact-lenses,3,7,correct->DT,100.0,100.0
contact-lenses,3,7,committee->DT,100.0,100.0
contact-lenses,3,8,baseline->NB,50.0,33.33333333333333
contact-lenses,3,8,soft->NB,50.0,33.33333333333333
contact-lenses,3,8,attr->NB,50.0,33.33333333333333
contact-lenses,3,8,softattr->NB,50.0,33.33333333333333
contact-lenses,3,8,correct->NB,50.0,33.33333333333333
contact-lenses,3,8,soft->DT,50.0,33.33333333333333
contact-lenses,3,8,correct->DT,50.0,33.33333333333333
contact-lenses,3,8,committee->DT,50.0,33.33333333333333
contact-lenses,3,9,baseline->NB,100.0,100.0
contact-lenses,3,9,soft->NB,100.0,100.0
contact-lenses,3,9,attr->NB,100.0,100.0
contact-lenses,3,9,softattr->NB,100.0,100.0
contact-lenses,3,9,correct->NB,100.0,100.0
contact-lenses,3,9,soft->DT,100.0,100.0
contact-lenses,3,9,correct->DT,100.0,100.0
contact-lenses,3,9,committee->DT,100.0,100.0
contact-lenses,4,0,baseline->NB,66.66666666666667,40.0
contact-lenses,4,0,soft->NB,66.66666666666667,40.0
contact-lenses,4,0,attr->NB,100.0,100.0
contact-lenses,4,0,softattr->NB,66.66666666666667,40.0
contact-lenses,4,0,correct->NB,100.0,100.0
contact-lenses,4,0,soft->DT,100.0,100.0
contact-lenses,4,0,correct->DT,100.0,100.0
contact-lenses,4,0,committee->DT,100.0,100.0
contact-lenses,4,1,baseline->NB,100.0,100.0
contact-lenses,4,1,soft->NB,100.0,100.0
contact-lenses,4,1,attr->NB,100.0,100.0
contact-lenses,4,1,softattr->NB,66.66666666666667,40.0
contact-lenses,4,1,correct->NB,100.0,100.0
contact-lenses,4,1,soft->DT,100.0,100.0
contact-lenses,4,1,correct->DT,100.0,100.0
contact-lenses,4,1,committee->DT,100.0,100.0
contact-lenses,4,2,baseline->NB,66.66666666666667,40.0
contact-lenses,4,2,soft->NB,66.66666666666667,40.0
contact-lenses,4,2,attr->NB,66.66666666666667,40.0
contact-lenses,4,2,softattr->NB,66.66666666666667,40.0
contact-lenses,4,2,correct->NB,66.66666666666667,40.0
contact-lenses,4,2,soft->DT,100.0,100.0
contact-lenses,4,2,correct->DT,100.0,100.0
contact-lenses,4,2,committee->DT,100.0,100.0
contact-lenses,4,3,baseline->NB,66.66666666666667,40.0
contact-lenses,4,3,soft->NB,66.66666666666667,40.0
contact-lenses,4,3,attr->NB,66.66666666666667,40.0
contact-lenses,4,3,softattr->NB,66.66666666666667,40.0
contact-lenses,4,3,correct->NB,66.66666666666667,40.0
contact-lenses,4,3,soft->DT,100.0,100.0
contact-lenses,4,3,correct->DT,66.66666666666667,40.0
contact-lenses,4,3,committee->DT,66.66666666666667,40.0
contact-lenses,4,4,baseline->NB,50.0,33.33333333333333
contact-lenses,4,4,soft->NB,50.0,33.33333333333333
contact-lenses,4,4,attr->NB,50.0,33.33333333333333
contact-lenses,4,4,softattr->NB,50.0,33.33333333333333
contact-lenses,4,4,correct->NB,50.0,33.33333333333333
contact-lenses,4,4,soft->DT,50.0,33.33333333333333
contact-lenses,4,4,correct->DT,50.0,33.33333333333333
contact-lenses,4,4,committee->DT,50.0,33.33333333333333
contact-lenses,4,5,baseline->NB,50.0,33.33333333333333
contact-lenses,4,5,soft->NB,50.0,33.33333333333333
contact-lenses,4,5,attr->NB,50.0,33.33333333333333
contact-lenses,4,5,softattr->NB,50.0,33.33333333333333
contact-lenses,4,5,correct->NB,50.0,33.33333333333333
contact-lenses,4,5,soft->DT,50.0,33.33333333333333
contact-lenses,4,5,correct->DT,50.0,33.33333333333333
contact-lenses,4,5,committee->DT,50.0,33.33333333333333
contact-lenses,4,6,baseline->NB,50.0,33.33333333333333
contact-lenses,4,6,soft->NB,50.0,33.33333333333333
contact-lenses,4,6,attr->NB,100.0,100.0
contact-lenses,4,6,softattr->NB,100.0,100.0
contact-lenses,4,6,correct->NB,50.0,33.33333333333333
contact-lenses,4,6,soft->DT,100.0,100.0
contact-lenses,4,6,correct->DT,100.0,100.0
contact-lenses,4,6,committee->DT,100.0,100.0
contact-lenses,4,7,baseline->NB,100.0,100.0
contact-lenses,4,7,soft->NB,100.0,100.0
contact-lenses,4,7,attr->NB,100.0,100.0
contact-lenses,4,7,softattr->NB,100.0,100.0
contact-lenses,4,7,correct->NB,100.0,100.0
contact-lenses,4,7,soft->DT,100.0,100.0
contact-lenses,4,7,correct->DT,100.0,100.0
contact-lenses,4,7,committee->DT,100.0,100.0
contact-lenses,4,8,baseline->NB,100.0,100.0
contact-lenses,4,8,soft->NB,100.0,100.0
contact-lenses,4,8,attr->NB,100.0,100.0
contact-lenses,4,8,softattr->NB,100.0,100.0
contact-lenses,4,8,correct->NB,100.0,100.0
contact-lenses,4,8,soft->DT,100.0,100.0
contact-lenses,4,8,correct->DT,100.0,100.0
contact-lenses,4,8,committee->DT,100.0,100.0
contact-lenses,4,9,baseline->NB,50.0,33.33333333333333
contact-lenses,4,9,soft->NB,50.0,33.33333333333333
contact-lenses,4,9,attr->NB,50.0,33.33333333333333
contact-lenses,4,9,softattr->NB,50.0,33.33333333333333
contact-lenses,4,9,correct->NB,50.0,33.33333333333333
contact-lenses,4,9,soft->DT,50.0,33.33333333333333
contact-lenses,4,9,correct->DT,50.0,33.33333333333333
contact-lenses,4,9,committee->DT,50.0,33.33333333333333
contact-lenses,5,0,baseline->NB,33.333333333333336,16.666666666666664
contact-lenses,5,0,soft->NB,33.333333333333336,16.666666666666664
contact-lenses,5,0,attr->NB,66.66666666666667,55.55555555555555
contact-lenses,5,0,softattr->NB,66.66666666666667,55.55555555555555
contact-lenses,5,0,correct->NB,33.333333333333336,16.666666666666664
contact-lenses,5,0,soft->DT,66.66666666666667,55.55555555555555
contact-lenses,5,0,correct->DT,66.66666666666667,55.55555555555555
contact-lenses,5,0,committee->DT,66.66666666666667,55.55555555555555
contact-lenses,5,1,baseline->NB,66.66666666666667,40.0
contact-lenses,5,1,soft->NB,66.66666666666667,33.33333333333333
contact-lenses,5,1,attr->NB,66.66666666666667,66.66666666666666
contact-lenses,5,1,softattr->NB,66.66666666666667,66.66666666666666
contact-lenses,5,1,correct->NB,100.0,100.0
contact-lenses,5,1,soft->DT,66.66666666666667,66.66666666666666
contact-lenses,5,1,correct->DT,66.66666666666667,66.66666666666666
contact-lenses,5,1,committee->DT,66.66666666666667,66.66666666666666
contact-lenses,5,2,baseline->NB,100.0,100.0
contact-lenses,5,2,soft->NB,66.66666666666667,40.0
contact-lenses,5,2,attr->NB,100.0,100.0
contact-lenses,5,2,softattr->NB,66.66666666666667,40.0
contact-lenses,5,2,correct->NB,100.0,100.0
contact-lenses,5,2,soft->DT,100.0,100.0
contact-lenses,5,2,correct->DT,100.0,100.0
contact-lenses,5,2,committee->DT,100.0,100.0
contact-lenses,5,3,baseline->NB,66.66666666666667,40.0
contact-lenses,5,3,soft->NB,66.66666666666667,40.0
contact-lenses,5,3,attr->NB,66.66666666666667,40.0
contact-lenses,5,3,softattr->NB,66.66666666666667,40.0
contact-lenses,5,3,correct->NB,66.66666666666667,40.0
contact-lenses,5,3,soft->DT,100.0,100.0
contact-lenses,5,3,correct->DT,100.0,100.0
contact-lenses,5,3,committee->DT,100.0,100.0
contact-lenses,5,4,baseline->NB,50.0,33.33333333333333
contact-lenses,5,4,soft->NB,50.0,33.33333333333333
contact-lenses,5,4,attr->NB,50.0,33.33333333333333
contact-lenses,5,4,softattr->NB,50.0,33.33333333333333
contact-lenses,5,4,correct->NB,50.0,33.33333333333333
contact-lenses,5,4,soft->DT,50.0,33.33333333333333
contact-lenses,5,4,correct->DT,50.0,33.33333333333333
contact-lenses,5,4,committee->DT,50.0,33.33333333333333
contact-lenses,5,5,baseline->NB,100.0,100.0
contact-lenses,5,5,soft->NB,100.0,100.0
contact-lenses,5,5,attr->NB,100.0,100.0
contact-lenses,5,5,softattr->NB,100.0,100.0
contact-lenses,5,5,correct->NB,100.0,100.0
contact-lenses,5,5,soft->DT,100.0,100.0
contact-lenses,5,5,correct->DT,100.0,100.0
contact-lenses,5,5,committee->DT,100.0,100.0
contact-lenses,5,6,baseline->NB,100.0,100.0
contact-lenses,5,6,soft->NB,100.0,100.0
contact-lenses,5,6,attr->NB,100.0,100.0
contact-lenses,5,6,softattr->NB,100.0,100.0
contact-lenses,5,6,correct->NB,100.0,100.0
contact-lenses,5,6,soft->DT,100.0,100.0
contact-lenses,5,6,correct->DT,100.0,100.0
contact-lenses,5,6,committee->DT,100.0,100.0
contact-lenses,5,7,baseline->NB,100.0,100.0
contact-lenses,5,7,soft->NB,100.0,100.0
contact-lenses,5,7,attr->NB,100.0,100.0
contact-lenses,5,7,softattr->NB,100.0,100.0
contact-lenses,5,7,correct->NB,100.0,100.0
contact-lenses,5,7,soft->DT,100.0,100.0
contact-lenses,5,7,correct->DT,100.0,100.0
contact-lenses,5,7,committee->DT,100.0,100.0
contact-lenses,5,8,baseline->NB,100.0,100.0
contact-lenses,5,8,soft->NB,100.0,100.0
contact-lenses,5,8,attr->NB,100.0,100.0
contact-lenses,5,8,softattr->NB,100.0,100.0
contact-lenses,5,8,correct->NB,100.0,100.0
contact-lenses,5,8,soft->DT,100.0,100.0
contact-lenses,5,8,correct->DT,100.0,100.0
contact-lenses,5,8,committee->DT,100.0,100.0
contact-lenses,5,9,baseline->NB,50.0,33.33333333333333
contact-lenses,5,9,soft->NB,50.0,33.33333333333333
contact-lenses,5,9,attr->NB,100.0,100.0
contact-lenses,5,9,softattr->NB,100.0,100.0
contact-lenses,5,9,correct->NB,50.0,33.33333333333333
contact-lenses,5,9,soft->DT,100.0,100.0
contact-lenses,5,9,correct->DT,100.0,100.0
contact-lenses,5,9,committee->DT,100.0,100.0
contact-lenses,6,0,baseline->NB,33.333333333333336,25.0
contact-lenses,6,0,soft->NB,66.66666666666667,40.0
contact-lenses,6,0,attr->NB,66.66666666666667,66.66666666666666
contact-lenses,6,0,softattr->NB,66.66666666666667,40.0
contact-lenses,6,0,correct->NB,66.66666666666667,66.66666666666666
contact-lenses,6,0,soft->DT,66.66666666666667,66.66666666666666
contact-lenses,6,0,correct->DT,66.66666666666667,66.66666666666666
contact-lenses,6,0,committee->DT,66.66666666666667,66.66666666666666
contact-lenses,6,1,baseline->NB,66.66666666666667,40.0
contact-lenses,6,1,soft->NB,66.66666666666667,40.0
contact-lenses,6,1,attr->NB,66.66666666666667,40.0
contact-lenses,6,1,softattr->NB,66.66666666666667,40.0
contact-lenses,6,1,correct->NB,66.66666666666667,40.0
contact-lenses,6,1,soft->DT,100.0,100.0
contact-lenses,6,1,correct->DT,66.66666666666667,40.0
contact-lenses,6,1,committee->DT,66.66666666666667,40.0
contact-lenses,6,2,baseline->NB,100.0,100.0
contact-lenses,6,2,soft->NB,66.66666666666667,40.0
contact-lenses,6,2,attr->NB,100.0,100.0
contact-lenses,6,2,softattr->NB,66.66666666666667,40.0
contact-lenses,6,2,correct->NB,66.66666666666667,40.0
contact-lenses,6,2,soft->DT,100.0,100.0
contact-lenses,6,2,correct->DT,100.0,100.0
contact-lenses,6,2,committee->DT,100.0,100.0
contact-lenses,6,3,baseline->NB,66.66666666666667,40.0
contact-lenses,6,3,soft->NB,66.66666666666667,40.0
contact-lenses,6,3,attr->NB,66.66666666666667,40.0
contact-lenses,6,3,softattr->NB,66.66666666666667,40.0
contact-lenses,6,3,correct->NB,66.66666666666667,40.0
contact-lenses,6,3,soft->DT,100.0,100.0
contact-lenses,6,3,correct->DT,66.66666666666667,40.0
contact-lenses,6,3,committee->DT,100.0,100.0
contact-lenses,6,4,baseline->NB,100.0,100.0
contact-lenses,6,4,soft->NB,100.0,100.0
contact-lenses,6,4,attr->NB,100.0,100.0
contact-lenses,6,4,softattr->NB,100.0,100.0
contact-lenses,6,4,correct->NB,100.0,100.0
contact-lenses,6,4,soft->DT,100.0,100.0
contact-lenses,6,4,correct->DT,100.0,100.0
contact-lenses,6,4,committee->DT,100.0,100.0
contact-lenses,6,5,baseline->NB,50.0,33.33333333333333
contact-lenses,6,5,soft->NB,50.0,33.33333333333333
contact-lenses,6,5,attr->NB,50.0,33.33333333333333
contact-lenses,6,5,softattr->NB,50.0,33.33333333333333
contact-lenses,6,5,correct->NB,50.0,33.33333333333333
contact-lenses,6,5,soft->DT,50.0,33.33333333333333
contact-lenses,6,5,correct->DT,50.0,33.33333333333333
contact-lenses,6,5,committee->DT,50.0,33.33333333333333
contact-lenses,6,6,baseline->NB,100.0,100.0
contact-lenses,6,6,soft->NB,100.0,100.0
contact-lenses,6,6,attr->NB,100.0,100.0
contact-lenses,6,6,softattr->NB,100.0,100.0
contact-lenses,6,6,correct->NB,100.0,100.0
contact-lenses,6,6,soft->DT,100.0,100.0
contact-lenses,6,6,correct->DT,100.0,100.0
contact-lenses,6,6,committee->DT,100.0,100.0
contact-lenses,6,7,baseline->NB,100.0,100.0
contact-lenses,6,7,soft->NB,100.0,100.0
contact-lenses,6,7,attr->NB,100.0,100.0
contact-lenses,6,7,softattr->NB,100.0,100.0
contact-lenses,6,7,correct->NB,100.0,100.0
contact-lenses,6,7,soft->DT,100.0,100.0
contact-lenses,6,7,correct->DT,100.0,100.0
contact-lenses,6,7,committee->DT,100.0,100.0
contact-lenses,6,8,baseline->NB,100.0,100.0
contact-lenses,6,8,soft->NB,100.0,100.0
contact-lenses,6,8,attr->NB,100.0,100.0
contact-lenses,6,8,softattr->NB,100.0,100.0
contact-lenses,6,8,correct->NB,100.0,100.0
contact-lenses,6,8,soft->DT,100.0,100.0
contact-lenses,6,8,correct->DT,100.0,100.0
contact-lenses,6,8,committee->DT,100.0,100.0
contact-lenses,6,9,baseline->NB,0.0,0.0
contact-lenses,6,9,soft->NB,50.0,33.33333333333333
contact-lenses,6,9,attr->NB,50.0,33.33333333333333
contact-lenses,6,9,softattr->NB,50.0,33.33333333333333
contact-lenses,6,9,correct->NB,0.0,0.0
contact-lenses,6,9,soft->DT,50.0,33.33333333333333
contact-lenses,6,9,correct->DT,50.0,33.33333333333333
contact-lenses,6,9,committee->DT,50.0,33.33333333333333
contact-lenses,7,0,baseline->NB,66.66666666666667,40.0
contact-lenses,7,0,soft->NB,66.66666666666667,40.0
contact-lenses,7,0,attr->NB,66.66666666666667,40.0
contact-lenses,7,0,softattr->NB,66.66666666666667,40.0
contact-lenses,7,0,correct->NB,100.0,100.0
contact-lenses,7,0,soft->DT,100.0,100.0
contact-lenses,7,0,correct->DT,100.0,100.0
contact-lenses,7,0,committee->DT,100.0,100.0
contact-lenses,7,1,baseline->NB,100.0,100.0
contact-lenses,7,1,soft->NB,100.0,100.0
contact-lenses,7,1,attr->NB,100.0,100.0
contact-lenses,7,1,softattr->NB,66.66666666666667,40.0
contact-lenses,7,1,correct->NB,100.0,100.0
contact-lenses,7,1,soft->DT,100.0,100.0
contact-lenses,7,1,correct->DT,100.0,100.0
contact-lenses,7,1,committee->DT,100.0,100.0
contact-lenses,7,2,baseline->NB,66.66666666666667,40.0
contact-lenses,7,2,soft->NB,66.66666666666667,33.33333333333333
contact-lenses,7,2,attr->NB,66.66666666666667,66.66666666666666
contact-lenses,7,2,softattr->NB,66.66666666666667,66.66666666666666
contact-lenses,7,2,correct->NB,66.66666666666667,40.0
contact-lenses,7,2,soft->DT,66.66666666666667,66.66666666666666
contact-lenses,7,2,correct->DT,66.66666666666667,66.66666666666666
contact-lenses,7,2,committee->DT,66.66666666666667,66.66666666666666
contact-lenses,7,3,baseline->NB,66.66666666666667,40.0
contact-lenses,7,3,soft->NB,66.66666666666667,40.0
contact-lenses,7,3,attr->NB,66.66666666666667,40.0
contact-lenses,7,3,softattr->NB,66.66666666666667,40.0
contact-lenses,7,3,correct->NB,66.66666666666667,40.0
contact-lenses,7,3,soft->DT,100.0,100.0
contact-lenses,7,3,correct->DT,100.0,100.0
contact-lenses,7,3,committee->DT,100.0,100.0
contact-lenses,7,4,baseline->NB,100.0,100.0
contact-lenses,7,4,soft->NB,100.0,100.0
contact-lenses,7,4,attr->NB,100.0,100.0
contact-lenses,7,4,softattr->NB,100.0,100.0
contact-lenses,7,4,correct->NB,100.0,100.0
contact-lenses,7,4,soft->DT,100.0,100.0
contact-lenses,7,4,correct->DT,100.0,100.0
contact-lenses,7,4,committee->DT,100.0,100.0
contact-lenses,7,5,baseline->NB,50.0,33.33333333333333
contact-lenses,7,5,soft->NB,50.0,33.33333333333333
contact-lenses,7,5,attr->NB,100.0,100.0
contact-lenses,7,5,softattr->NB,100.0,100.0
contact-lenses,7,5,correct->NB,50.0,33.33333333333333
contact-lenses,7,5,soft->DT,100.0,100.0
contact-lenses,7,5,correct->DT,100.0,100.0
contact-lenses,7,5,committee->DT,100.0,100.0
contact-lenses,7,6,baseline->NB,50.0,33.33333333333333
contact-lenses,7,6,soft->NB,50.0,33.33333333333333
contact-lenses,7,6,attr->NB,50.0,33.33333333333333
contact-lenses,7,6,softattr->NB,50.0,33.33333333333333
contact-lenses,7,6,correct->NB,50.0,33.33333333333333
contact-lenses,7,6,soft->DT,50.0,33.33333333333333
contact-lenses,7,6,correct->DT,50.0,33.33333333333333
contact-lenses,7,6,committee->DT,50.0,33.33333333333333
contact-lenses,7,7,baseline->NB,100.0,100.0
contact-lenses,7,7,soft->NB,100.0,100.0
contact-lenses,7,7,attr->NB,100.0,100.0
contact-lenses,7,7,softattr->NB,100.0,100.0
contact-lenses,7,7,correct->NB,100.0,100.0
contact-lenses,7,7,soft->DT,100.0,100.0
contact-lenses,7,7,correct->DT,100.0,100.0
contact-lenses,7,7,committee->DT,100.0,100.0
contact-lenses,7,8,baseline->NB,50.0,33.33333333333333
contact-lenses,7,8,soft->NB,50.0,33.33333333333333
contact-lenses,7,8,attr->NB,50.0,33.33333333333333
contact-lenses,7,8,softattr->NB,50.0,33.33333333333333
contact-lenses,7,8,correct->NB,50.0,33.33333333333333
contact-lenses,7,8,soft->DT,50.0,33.33333333333333
contact-lenses,7,8,correct->DT,50.0,33.33333333333333
contact-lenses,7,8,committee->DT,50.0,33.33333333333333
contact-lenses,7,9,baseline->NB,100.0,100.0
contact-lenses,7,9,soft->NB,100.0,100.0
contact-lenses,7,9,attr->NB,100.0,100.0
contact-lenses,7,9,softattr->NB,100.0,100.0
contact-lenses,7,9,correct->NB,100.0,100.0
contact-lenses,7,9,soft->DT,100.0,100.0
contact-lenses,7,9,correct->DT,100.0,100.0
contact-lenses,7,9,committee->DT,100.0,100.0
contact-lenses,8,0,baseline->NB,66.66666666666667,40.0
contact-lenses,8,0,soft->NB,66.66666666666667,40.0
contact-lenses,8,0,attr->NB,66.66666666666667,40.0
contact-lenses,8,0,softattr->NB,66.66666666666667,40.0
contact-lenses,8,0,correct->NB,66.66666666666667,40.0
contact-lenses,8,0,soft->DT,100.0,100.0
contact-lenses,8,0,correct->DT,66.66666666666667,40.0
contact-lenses,8,0,committee->DT,66.66666666666667,40.0
contact-lenses,8,1,baseline->NB,33.333333333333336,25.0
contact-lenses,8,1,soft->NB,66.66666666666667,40.0
contact-lenses,8,1,attr->NB,66.66666666666667,66.66666666666666
contact-lenses,8,1,softattr->NB,66.66666666666667,66.66666666666666
contact-lenses,8,1,correct->NB,66.66666666666667,66.66666666666666
contact-lenses,8,1,soft->DT,66.66666666666667,66.66666666666666
contact-lenses,8,1,correct->DT,66.66666666666667,66.66666666666666
contact-lenses,8,1,committee->DT,66.66666666666667,66.66666666666666
contact-lenses,8,2,baseline->NB,66.66666666666667,55.55555555555555
contact-lenses,8,2,soft->NB,66.66666666666667,55.55555555555555
contact-lenses,8,2,attr->NB,66.66666666666667,55.55555555555555
contact-lenses,8,2,softattr->NB,66.66666666666667,55.55555555555555
contact-lenses,8,2,correct->NB,66.66666666666667,55.55555555555555
contact-lenses,8,2,soft->DT,66.66666666666667,55.55555555555555
contact-lenses,8,2,correct->DT,66.66666666666667,55.55555555555555
contact-lenses,8,2,committee->DT,66.66666666666667,55.55555555555555
contact-lenses,8,3,baseline->NB,66.66666666666667,40.0
contact-lenses,8,3,soft->NB,66.66666666666667,40.0
contact-lenses,8,3,attr->NB,66.66666666666667,40.0
contact-lenses,8,3,softattr->NB,66.66666666666667,40.0
contact-lenses,8,3,correct->NB,66.66666666666667,40.0
contact-lenses,8,3,soft->DT,100.0,100.0
contact-lenses,8,3,correct->DT,100.0,100.0
contact-lenses,8,3,committee->DT,100.0,100.0
contact-lenses,8,4,baseline->NB,100.0,100.0
contact-lenses,8,4,soft->NB,100.0,100.0
contact-lenses,8,4,attr->NB,100.0,100.0
contact-lenses,8,4,softattr->NB,100.0,100.0
contact-lenses,8,4,correct->NB,100.0,100.0
contact-lenses,8,4,soft->DT,100.0,100.0
contact-lenses,8,4,correct->DT,100.0,100.0
contact-lenses,8,4,committee->DT,100.0,100.0
contact-lenses,8,5,baseline->NB,100.0,100.0
contact-lenses,8,5,soft->NB,100.0,100.0
contact-lenses,8,5,attr->NB,100.0,100.0
contact-lenses,8,5,softattr->NB,100.0,100.0
contact-lenses,8,5,correct->NB,100.0,100.0
contact-lenses,8,5,soft->DT,100.0,100.0
contact-lenses,8,5,correct->DT,100.0,100.0
contact-lenses,8,5,committee->DT,100.0,100.0
contact-lenses,8,6,baseline->NB,100.0,100.0
contact-lenses,8,6,soft->NB,50.0,33.33333333333333
contact-lenses,8,6,attr->NB,100.0,100.0
contact-lenses,8,6,softattr->NB,100.0,100.0
contact-lenses,8,6,correct->NB,100.0,100.0
contact-lenses,8,6,soft->DT,100.0,100.0
contact-lenses,8,6,correct->DT,100.0,100.0
contact-lenses,8,6,committee->DT,100.0,100.0
contact-lenses,8,7,baseline->NB,100.0,100.0
contact-lenses,8,7,soft->NB,100.0,100.0
contact-lenses,8,7,attr->NB,100.0,100.0
contact-lenses,8,7,softattr->NB,100.0,100.0
contact-lenses,8,7,correct->NB,100.0,100.0
contact-lenses,8,7,soft->DT,100.0,100.0
contact-lenses,8,7,correct->DT,100.0,100.0
contact-lenses,8,7,committee->DT,100.0,100.0
contact-lenses,8,8,baseline->NB,100.0,100.0
contact-lenses,8,8,soft->NB,100.0,100.0
contact-lenses,8,8,attr->NB,100.0,100.0
contact-lenses,8,8,softattr->NB,100.0,100.0
contact-lenses,8,8,correct->NB,100.0,100.0
contact-lenses,8,8,soft->DT,100.0,100.0
contact-lenses,8,8,correct->DT,100.0,100.0
contact-lenses,8,8,committee->DT,100.0,100.0
contact-lenses,8,9,baseline->NB,0.0,0.0
contact-lenses,8,9,soft->NB,0.0,0.0
contact-lenses,8,9,attr->NB,50.0,33.33333333333333
contact-lenses,8,9,softattr->NB,50.0,33.33333333333333
contact-lenses,8,9,correct->NB,0.0,0.0
contact-lenses,8,9,soft->DT,50.0,33.33333333333333
contact-lenses,8,9,correct->DT,50.0,33.33333333333333
contact-lenses,8,9,committee->DT,50.0,33.33333333333333
contact-lenses,9,0,baseline->NB,33.333333333333336,25.0
contact-lenses,9,0,soft->NB,66.66666666666667,40.0
contact-lenses,9,0,attr->NB,66.66666666666667,66.66666666666666
contact-lenses,9,0,softattr->NB,66.66666666666667,40.0
contact-lenses,9,0,correct->NB,66.66666666666667,66.66666666666666
contact-lenses,9,0,soft->DT,66.66666666666667,66.66666666666666
contact-lenses,9,0,correct->DT,66.66666666666667,66.66666666666666
contact-lenses,9,0,committee->DT,66.66666666666667,66.66666666666666
contact-lenses,9,1,baseline->NB,100.0,100.0
contact-lenses,9,1,soft->NB,100.0,100.0
contact-lenses,9,1,attr->NB,100.0,100.0
contact-lenses,9,1,softattr->NB,66.66666666666667,40.0
contact-lenses,9,1,correct->NB,100.0,100.0
contact-lenses,9,1,soft->DT,100.0,100.0
contact-lenses,9,1,correct->DT,100.0,100.0
contact-lenses,9,1,committee->DT,100.0,100.0
contact-lenses,9,2,baseline->NB,66.66666666666667,40.0
contact-lenses,9,2,soft->NB,66.66666666666667,40.0
contact-lenses,9,2,attr->NB,66.66666666666667,40.0
contact-lenses,9,2,softattr->NB,66.66666666666667,40.0
contact-lenses,9,2,correct->NB,66.66666666666667,40.0
contact-lenses,9,2,soft->DT,100.0,100.0
contact-lenses,9,2,correct->DT,66.66666666666667,40.0
contact-lenses,9,2,committee->DT,66.66666666666667,40.0
contact-lenses,9,3,baseline->NB,66.66666666666667,40.0
contact-lenses,9,3,soft->NB,66.66666666666667,40.0
contact-lenses,9,3,attr->NB,100.0,100.0
contact-lenses,9,3,softattr->NB,66.66666666666667,40.0
contact-lenses,9,3,correct->NB,100.0,100.0
contact-lenses,9,3,soft->DT,100.0,100.0
contact-lenses,9,3,correct->DT,100.0,100.0
contact-lenses,9,3,committee->DT,100.0,100.0
contact-lenses,9,4,baseline->NB,50.0,33.33333333333333
contact-lenses,9,4,soft->NB,50.0,33.33333333333333
contact-lenses,9,4,attr->NB,50.0,33.33333333333333
contact-lenses,9,4,softattr->NB,50.0,33.33333333333333
contact-lenses,9,4,correct->NB,50.0,33.33333333333333
contact-lenses,9,4,soft->DT,50.0,33.33333333333333
contact-lenses,9,4,correct->DT,50.0,33.33333333333333
contact-lenses,9,4,committee->DT,50.0,33.33333333333333
contact-lenses,9,5,baseline->NB,100.0,100.0
contact-lenses,9,5,soft->NB,100.0,100.0
contact-lenses,9,5,attr->NB,100.0,100.0
contact-lenses,9,5,softattr->NB,100.0,100.0
contact-lenses,9,5,correct->NB,100.0,100.0
contact-lenses,9,5,soft->DT,100.0,100.0
contact-lenses,9,5,correct->DT,100.0,100.0
contact-lenses,9,5,committee->DT,100.0,100.0
contact-lenses,9,6,baseline->NB,100.0,100.0
contact-lenses,9,6,soft->NB,100.0,100.0
contact-lenses,9,6,attr->NB,100.0,100.0
contact-lenses,9,6,softattr->NB,100.0,100.0
contact-lenses,9,6,correct->NB,100.0,100.0
contact-lenses,9,6,soft->DT,100.0,100.0
contact-lenses,9,6,correct->DT,100.0,100.0
contact-lenses,9,6,committee->DT,100.0,100.0
contact-lenses,9,7,baseline->NB,100.0,100.0
contact-lenses,9,7,soft->NB,50.0,33.33333333333333
contact-lenses,9,7,attr->NB,100.0,100.0
contact-lenses,9,7,softattr->NB,50.0,33.33333333333333
contact-lenses,9,7,correct->NB,100.0,100.0
contact-lenses,9,7,soft->DT,100.0,100.0
contact-lenses,9,7,correct->DT,100.0,100.0
contact-lenses,9,7,committee->DT,100.0,100.0
contact-lenses,9,8,baseline->NB,50.0,33.33333333333333
contact-lenses,9,8,soft->NB,50.0,33.33333333333333
contact-lenses,9,8,attr->NB,100.0,100.0
contact-lenses,9,8,softattr->NB,100.0,100.0
contact-lenses,9,8,correct->NB,50.0,33.33333333333333
contact-lenses,9,8,soft->DT,100.0,100.0
contact-lenses,9,8,correct->DT,100.0,100.0
contact-lenses,9,8,committee->DT,100.0,100.0
contact-lenses,9,9,baseline->NB,50.0,33.33333333333333
contact-lenses,9,9,soft->NB,50.0,33.33333333333333
contact-lenses,9,9,attr->NB,50.0,33.33333333333333
contact-lenses,9,9,softattr->NB,50.0,33.33333333333333
contact-lenses,9,9,correct->NB,50.0,33.33333333333333
contact-lenses,9,9,soft->DT,50.0,33.33333333333333
contact-lenses,9,9,correct->DT,50.0,33.33333333333333
contact-lenses,9,9,committee->DT,50.0,33.33333333333333
diabetes,0,0,baseline->NB,75.32467532467533,72.14924804873407
diabetes,0,0,soft->NB,71.42857142857143,68.06184012066365
diabetes,0,0,attr->NB,70.12987012987013,64.78425134221514
diabetes,0,0,softattr->NB,68.83116883116882,64.46153846153845
diabetes,0,0,correct->NB,75.32467532467533,70.908729369656
diabetes,0,0,soft->DT,63.63636363636363,61.77304964539007
diabetes,0,0,correct->DT,72.72727272727273,67.03363914373088
diabetes,0,0,committee->DT,76.62337662337663,73.34615384615384
diabetes,0,1,baseline->NB,74.02597402597402,70.38461538461537
diabetes,0,1,soft->NB,72.72727272727273,69.21758994860082
diabetes,0,1,attr->NB,76.62337662337663,72.10144927536233
diabetes,0,1,softattr->NB,76.62337662337663,72.75943396226415
diabetes,0,1,correct->NB,75.32467532467533,70.17329255861365
diabetes,0,1,soft->DT,80.51948051948052,76.45259938837921
diabetes,0,1,correct->DT,77.92207792207792,72.57490048187722
diabetes,0,1,committee->DT,74.02597402597402,68.18181818181819
diabetes,0,2,baseline->NB,76.62337662337663,74.33333333333333
diabetes,0,2,soft->NB,75.32467532467533,73.13131313131314
diabetes,0,2,attr->NB,77.92207792207792,75.08090614886733
diabetes,0,2,softattr->NB,79.22077922077922,76.3076923076923
diabetes,0,2,correct->NB,80.51948051948052,78.01256424900058
diabetes,0,2,soft->DT,79.22077922077922,76.77224736048265
diabetes,0,2,correct->DT,80.51948051948052,78.01256424900058
diabetes,0,2,committee->DT,77.92207792207792,74.5578231292517
diabetes,0,3,baseline->NB,67.53246753246754,59.66897129687827
diabetes,0,3,soft->NB,67.53246753246754,60.75433231396534
diabetes,0,3,attr->NB,70.12987012987013,62.895453593128
diabetes,0,3,softattr->NB,67.53246753246754,60.75433231396534
diabetes,0,3,correct->NB,68.83116883116882,60.71428571428571
diabetes,0,3,soft->DT,67.53246753246754,62.585034013605444
diabetes,0,3,correct->DT,67.53246753246754,59.66897129687827
diabetes,0,3,committee->DT,68.83116883116882,59.47368421052632
diabetes,0,4,baseline->NB,77.92207792207792,75.08090614886733
diabetes,0,4,soft->NB,79.22077922077922,77.18518518518518
diabetes,0,4,attr->NB,79.22077922077922,76.3076923076923
diabetes,0,4,softattr->NB,77.92207792207792,75.08090614886733
diabetes,0,4,correct->NB,77.92207792207792,75.08090614886733
diabetes,0,4,soft->DT,77.92207792207792,75.95959595959596
diabetes,0,4,correct->DT,76.62337662337663,73.86877828054298
diabetes,0,4,committee->DT,76.62337662337663,73.34615384615384
diabetes,0,5,baseline->NB,68.83116883116882,66.81034482758619
diabetes,0,5,soft->NB,68.83116883116882,67.23404255319149
diabetes,0,5,attr->NB,74.02597402597402,70.38461538461537
diabetes,0,5,softattr->NB,72.72727272727273,69.79263964132262
diabetes,0,5,correct->NB,72.72727272727273,70.3030303030303
diabetes,0,5,soft->DT,71.42857142857143,68.06184012066365
diabetes,0,5,correct->DT,70.12987012987013,63.893985728848115
diabetes,0,5,committee->DT,76.62337662337663,72.75943396226415
diabetes,0,6,baseline->NB,85.71428571428571,83.87588044926709
diabetes,0,6,soft->NB,84.41558441558442,82.57918552036199
diabetes,0,6,attr->NB,84.41558441558442,81.83962264150944
diabetes,0,6,softattr->NB,84.41558441558442,82.57918552036199
diabetes,0,6,correct->NB,84.41558441558442,82.57918552036199
diabetes,0,6,soft->DT,87.01298701298701,85.48265460030167
diabetes,0,6,correct->DT,87.01298701298701,85.1923076923077
diabetes,0,6,committee->DT,84.41558441558442,81.83962264150944
diabetes,0,7,baseline->NB,70.12987012987013,66.91574817859146
diabetes,0,7,soft->NB,68.83116883116882,66.81034482758619
diabetes,0,7,attr->NB,77.92207792207792,73.31294597349643
diabetes,0,7,softattr->NB,74.02597402597402,69.73270440251574
diabetes,0,7,correct->NB,71.42857142857143,66.7059748427673
diabetes,0,7,soft->DT,72.72727272727273,69.21758994860082
diabetes,0,7,correct->DT,80.51948051948052,77.55102040816327
diabetes,0,7,committee->DT,77.92207792207792,75.08090614886733
diabetes,0,8,baseline->NB,78.94736842105263,76.15686274509804
diabetes,0,8,soft->NB,77.63157894736842,74.9174917491749
diabetes,0,8,attr->NB,78.94736842105263,76.61538461538461
diabetes,0,8,softattr->NB,78.94736842105263,76.61538461538461
diabetes,0,8,correct->NB,77.63157894736842,74.9174917491749
diabetes,0,8,soft->DT,80.26315789473684,76.32398753894081
diabetes,0,8,correct->DT,80.26315789473684,76.89969604863222
diabetes,0,8,committee->DT,75.0,71.96660842554843
diabetes,0,9,baseline->NB,73.6842105263158,70.19607843137254
diabetes,0,9,soft->NB,71.05263157894737,67.2156862745098
diabetes,0,9,attr->NB,77.63157894736842,73.81965552178318
diabetes,0,9,softattr->NB,76.3157894736842,72.59615384615384
diabetes,0,9,correct->NB,71.05263157894737,66.50641025641026
diabetes,0,9,soft->DT,71.05263157894737,67.2156862745098
diabetes,0,9,correct->DT,72.36842105263158,68.37725381414702
diabetes,0,9,committee->DT,73.6842105263158,67.09956709956711
diabetes,1,0,baseline->NB,74.02597402597402,69.73270440251574
diabetes,1,0,soft->NB,70.12987012987013,66.91574817859146
diabetes,1,0,attr->NB,72.72727272727273,67.03363914373088
diabetes,1,0,softattr->NB,72.72727272727273,68.57142857142857
diabetes,1,0,correct->NB,72.72727272727273,68.57142857142857
diabetes,1,0,soft->DT,70.12987012987013,67.47474747474746
diabetes,1,0,correct->DT,74.02597402597402,67.26190476190477
diabetes,1,0,committee->DT,76.62337662337663,71.36363636363636
diabetes,1,1,baseline->NB,75.32467532467533,73.53951890034365
diabetes,1,1,soft->NB,72.72727272727273,70.75420510037982
diabetes,1,1,attr->NB,79.22077922077922,77.18518518518518
diabetes,1,1,softattr->NB,77.92207792207792,75.54642256678497
diabetes,1,1,correct->NB,76.62337662337663,73.86877828054298
diabetes,1,1,soft->DT,77.92207792207792,76.32483270030748
diabetes,1,1,correct->DT,76.62337662337663,73.34615384615384
diabetes,1,1,committee->DT,77.92207792207792,75.08090614886733
diabetes,1,2,baseline->NB,75.32467532467533,73.13131313131314
diabetes,1,2,soft->NB,70.12987012987013,67.96889130041599
diabetes,1,2,attr->NB,77.92207792207792,75.54642256678497
diabetes,1,2,softattr->NB,76.62337662337663,74.74489795918369
diabetes,1,2,correct->NB,75.32467532467533,72.6695311040538
diabetes,1,2,soft->DT,71.42857142857143,69.57614942528735
diabetes,1,2,correct->DT,71.42857142857143,67.42307692307692
diabetes,1,2,committee->DT,72.72727272727273,70.3030303030303
diabetes,1,3,baseline->NB,76.62337662337663,75.10775862068965
diabetes,1,3,soft->NB,76.62337662337663,75.10775862068965
diabetes,1,3,attr->NB,80.51948051948052,78.42331402951615
diabetes,1,3,softattr->NB,79.22077922077922,77.18518518518518
diabetes,1,3,correct->NB,77.92207792207792,75.95959595959596
diabetes,1,3,soft->DT,77.92207792207792,75.54642256678497
diabetes,1,3,correct->DT,83.11688311688312,80.94422234913384
diabetes,1,3,committee->DT,80.51948051948052,78.42331402951615
diabetes,1,4,baseline->NB,77.92207792207792,73.97096838337642
diabetes,1,4,soft->NB,80.51948051948052,77.55102040816327
diabetes,1,4,attr->NB,80.51948051948052,75.07014893157782
diabetes,1,4,softattr->NB,79.22077922077922,72.98245614035088
diabetes,1,4,correct->NB,76.62337662337663,71.36363636363636
diabetes,1,4,soft->DT,76.62337662337663,73.34615384615384
diabetes,1,4,correct->DT,75.32467532467533,68.42218864666523
diabetes,1,4,committee->DT,72.72727272727273,65.09820850420893
diabetes,1,5,baseline->NB,83.11688311688312,80.09544641081727
diabetes,1,5,soft->NB,81.81818181818181,78.30112721417069
diabetes,1,5,attr->NB,83.11688311688312,79.0278650743767
diabetes,1,5,softattr->NB,83.11688311688312,79.0278650743767
diabetes,1,5,correct->NB,81.81818181818181,77.72727272727273
diabetes,1,5,soft->DT,79.22077922077922,74.54545454545455
diabetes,1,5,correct->DT,84.41558441558442,80.9090909090909
diabetes,1,5,committee->DT,83.11688311688312,79.59225280326197
diabetes,1,6,baseline->NB,74.02597402597402,70.38461538461537
diabetes,1,6,soft->NB,68.83116883116882,65.77777777777779
diabetes,1,6,attr->NB,75.32467532467533,70.908729369656
diabetes,1,6,softattr->NB,71.42857142857143,68.62962962962963
diabetes,1,6,correct->NB,75.32467532467533,70.908729369656
diabetes,1,6,soft->DT,67.53246753246754,65.18357750045216
diabetes,1,6,correct->DT,80.51948051948052,77.03320739709683
diabetes,1,6,committee->DT,76.62337662337663,72.75943396226415
diabetes,1,7,baseline->NB,72.72727272727273,69.21758994860082
diabetes,1,7,soft->NB,70.12987012987013,66.91574817859146
diabetes,1,7,attr->NB,74.02597402597402,69.73270440251574
diabetes,1,7,softattr->NB,74.02597402597402,70.96530920060331
diabetes,1,7,correct->NB,72.72727272727273,68.57142857142857
diabetes,1,7,soft->DT,81.81818181818181,79.26923076923076
diabetes,1,7,correct->DT,75.32467532467533,72.14924804873407
diabetes,1,7,committee->DT,76.62337662337663,73.34615384615384
diabetes,1,8,baseline->NB,81.57894736842105,79.13725490196077
diabetes,1,8,soft->NB,81.57894736842105,79.13725490196077
diabetes,1,8,attr->NB,84.21052631578948,80.80808080808082
diabetes,1,8,softattr->NB,84.21052631578948,80.80808080808082
diabetes,1,8,correct->NB,81.57894736842105,78.1788351107465
diabetes,1,8,soft->DT,80.26315789473684,76.89969604863222
diabetes,1,8,correct->DT,80.26315789473684,76.89969604863222
diabetes,1,8,committee->DT,78.94736842105263,75.06152584085316
diabetes,1,9,baseline->NB,65.78947368421052,61.254901960784316
diabetes,1,9,soft->NB,64.47368421052632,60.16307513104252
diabetes,1,9,attr->NB,64.47368421052632,59.34218347533188
diabetes,1,9,softattr->NB,65.78947368421052,61.254901960784316
diabetes,1,9,correct->NB,68.42105263157895,63.46153846153846
diabetes,1,9,soft->DT,68.42105263157895,64.92307692307693
diabetes,1,9,correct->DT,69.73684210526316,65.36556370120866
diabetes,1,9,committee->DT,71.05263157894737,67.84615384615384
diabetes,2,0,baseline->NB,74.02597402597402,70.38461538461537
diabetes,2,0,soft->NB,68.83116883116882,65.15837104072398
diabetes,2,0,attr->NB,76.62337662337663,72.10144927536233
diabetes,2,0,softattr->NB,68.83116883116882,63.67924528301887
diabetes,2,0,correct->NB,74.02597402597402,68.18181818181819
diabetes,2,0,soft->DT,74.02597402597402,71.9387755102041
diabetes,2,0,correct->DT,71.42857142857143,68.06184012066365
diabetes,2,0,committee->DT,72.72727272727273,67.84649035593557
diabetes,2,1,baseline->NB,72.72727272727273,69.79263964132262
diabetes,2,1,soft->NB,70.12987012987013,66.91574817859146
diabetes,2,1,attr->NB,79.22077922077922,76.3076923076923
diabetes,2,1,softattr->NB,77.92207792207792,75.08090614886733
diabetes,2,1,correct->NB,74.02597402597402,70.38461538461537
diabetes,2,1,soft->DT,72.72727272727273,70.75420510037982
diabetes,2,1,correct->DT,74.02597402597402,71.4814814814815
diabetes,2,1,committee->DT,70.12987012987013,66.28593184846756
diabetes,2,2,baseline->NB,76.62337662337663,75.70126227208975
diabetes,2,2,soft->NB,77.92207792207792,77.16727716727716
diabetes,2,2,attr->NB,79.22077922077922,77.87356321839081
diabetes,2,2,softattr->NB,77.92207792207792,76.92578882425525
diabetes,2,2,correct->NB,81.81818181818181,80.88652482269505
diabetes,2,2,soft->DT,74.02597402597402,73.00140252454419
diabetes,2,2,correct->DT,79.22077922077922,77.87356321839081
diabetes,2,2,committee->DT,76.62337662337663,74.33333333333333
diabetes,2,3,baseline->NB,76.62337662337663,73.34615384615384
diabetes,2,3,soft->NB,75.32467532467533,72.14924804873407
diabetes,2,3,attr->NB,79.22077922077922,74.54545454545455
diabetes,2,3,softattr->NB,79.22077922077922,74.54545454545455
diabetes,2,3,correct->NB,77.92207792207792,73.97096838337642
diabetes,2,3,soft->DT,80.51948051948052,75.80138277812696
diabetes,2,3,correct->DT,75.32467532467533,70.908729369656
diabetes,2,3,committee->DT,79.22077922077922,73.80952380952381
diabetes,2,4,baseline->NB,79.22077922077922,77.18518518518518
diabetes,2,4,soft->NB,79.22077922077922,77.18518518518518
diabetes,2,4,attr->NB,84.41558441558442,81.83962264150944
diabetes,2,4,softattr->NB,80.51948051948052,78.01256424900058
diabetes,2,4,correct->NB,79.22077922077922,76.77224736048265
diabetes,2,4,soft->DT,74.02597402597402,69.73270440251574
diabetes,2,4,correct->DT,79.22077922077922,77.18518518518518
diabetes,2,4,committee->DT,79.22077922077922,75.2012882447665
diabetes,2,5,baseline->NB,71.42857142857143,69.13265306122449
diabetes,2,5,soft->NB,67.53246753246754,66.06733650625772
diabetes,2,5,attr->NB,68.83116883116882,64.46153846153845
diabetes,2,5,softattr->NB,68.83116883116882,66.81034482758619
diabetes,2,5,correct->NB,68.83116883116882,66.81034482758619
diabetes,2,5,soft->DT,72.72727272727273,69.21758994860082
diabetes,2,5,correct->DT,68.83116883116882,62.801932367149746
diabetes,2,5,committee->DT,70.12987012987013,65.578231292517
diabetes,2,6,baseline->NB,79.22077922077922,75.78616352201257
diabetes,2,6,soft->NB,77.92207792207792,75.08090614886733
diabetes,2,6,attr->NB,81.81818181818181,78.30112721417069
diabetes,2,6,softattr->NB,76.62337662337663,73.34615384615384
diabetes,2,6,correct->NB,79.22077922077922,75.78616352201257
diabetes,2,6,soft->DT,76.62337662337663,73.34615384615384
diabetes,2,6,correct->DT,77.92207792207792,73.97096838337642
diabetes,2,6,committee->DT,76.62337662337663,72.10144927536233
diabetes,2,7,baseline->NB,80.51948051948052,77.55102040816327
diabetes,2,7,soft->NB,72.72727272727273,69.21758994860082
diabetes,2,7,attr->NB,77.92207792207792,73.97096838337642
diabetes,2,7,softattr->NB,77.92207792207792,74.5578231292517
diabetes,2,7,correct->NB,76.62337662337663,72.75943396226415
diabetes,2,7,soft->DT,68.83116883116882,61.81818181818181
diabetes,2,7,correct->DT,80.51948051948052,76.45259938837921
diabetes,2,7,committee->DT,79.22077922077922,75.2012882447665
diabetes,2,8,baseline->NB,71.05263157894737,67.84615384615384
diabetes,2,8,soft->NB,71.05263157894737,67.84615384615384
diabetes,2,8,attr->NB,68.42105263157895,64.23529411764706
diabetes,2,8,softattr->NB,69.73684210526316,66.68572517629121
diabetes,2,8,correct->NB,71.05263157894737,67.84615384615384
diabetes,2,8,soft->DT,68.42105263157895,64.23529411764706
diabetes,2,8,correct->DT,72.36842105263158,69.01572510192196
diabetes,2,8,committee->DT,72.36842105263158,66.85358255451715
diabetes,2,9,baseline->NB,78.94736842105263,72.85714285714285
diabetes,2,9,soft->NB,77.63157894736842,71.61063502526918
diabetes,2,9,attr->NB,78.94736842105263,72.85714285714285
diabetes,2,9,softattr->NB,78.94736842105263,73.67965367965368
diabetes,2,9,correct->NB,77.63157894736842,71.61063502526918
diabetes,2,9,soft->DT,76.3157894736842,71.21212121212122
diabetes,2,9,correct->DT,76.3157894736842,71.21212121212122
diabetes,2,9,committee->DT,78.94736842105263,74.41077441077442
diabetes,3,0,baseline->NB,77.92207792207792,73.31294597349643
diabetes,3,0,soft->NB,76.62337662337663,73.34615384615384
diabetes,3,0,attr->NB,77.92207792207792,72.57490048187722
diabetes,3,0,softattr->NB,74.02597402597402,69.00161030595812
diabetes,3,0,correct->NB,75.32467532467533,70.17329255861365
diabetes,3,0,soft->DT,80.51948051948052,77.03320739709683
diabetes,3,0,correct->DT,80.51948051948052,77.03320739709683
diabetes,3,0,committee->DT,75.32467532467533,69.3484181856275
diabetes,3,1,baseline->NB,74.02597402597402,69.00161030595812
diabetes,3,1,soft->NB,72.72727272727273,67.84649035593557
diabetes,3,1,attr->NB,76.62337662337663,71.36363636363636
diabetes,3,1,softattr->NB,77.92207792207792,73.31294597349643
diabetes,3,1,correct->NB,71.42857142857143,65.0
diabetes,3,1,soft->DT,80.51948051948052,76.45259938837921
diabetes,3,1,correct->DT,77.92207792207792,73.97096838337642
diabetes,3,1,committee->DT,71.42857142857143,67.42307692307692
diabetes,3,2,baseline->NB,70.12987012987013,63.893985728848115
diabetes,3,2,soft->NB,68.83116883116882,63.67924528301887
diabetes,3,2,attr->NB,74.02597402597402,66.22807017543859
diabetes,3,2,softattr->NB,70.12987012987013,62.895453593128
diabetes,3,2,correct->NB,70.12987012987013,64.78425134221514
diabetes,3,2,soft->DT,71.42857142857143,63.988095238095234
diabetes,3,2,correct->DT,74.02597402597402,67.26190476190477
diabetes,3,2,committee->DT,75.32467532467533,68.42218864666523
diabetes,3,3,baseline->NB,87.01298701298701,85.1923076923077
diabetes,3,3,soft->NB,87.01298701298701,85.48265460030167
diabetes,3,3,attr->NB,83.11688311688312,80.54421768707482
diabetes,3,3,softattr->NB,83.11688311688312,80.54421768707482
diabetes,3,3,correct->NB,80.51948051948052,76.45259938837921
diabetes,3,3,soft->DT,74.02597402597402,69.00161030595812
diabetes,3,3,correct->DT,84.41558441558442,81.40096618357488
diabetes,3,3,committee->DT,80.51948051948052,76.45259938837921
diabetes,3,4,baseline->NB,84.41558441558442,83.61702127659574
diabetes,3,4,soft->NB,80.51948051948052,79.39339875111507
diabetes,3,4,attr->NB,87.01298701298701,85.96938775510205
diabetes,3,4,softattr->NB,85.71428571428571,84.68077410019895
diabetes,3,4,correct->NB,87.01298701298701,85.74074074074073
diabetes,3,4,soft->DT,79.22077922077922,76.77224736048265
diabetes,3,4,correct->DT,84.41558441558442,82.88888888888889
diabetes,3,4,committee->DT,90.9090909090909,89.93087988044088
diabetes,3,5,baseline->NB,75.32467532467533,72.14924804873407
diabetes,3,5,soft->NB,76.62337662337663,74.33333333333333
diabetes,3,5,attr->NB,77.92207792207792,75.08090614886733
diabetes,3,5,softattr->NB,77.92207792207792,75.54642256678497
diabetes,3,5,correct->NB,76.62337662337663,73.86877828054298
diabetes,3,5,soft->DT,80.51948051948052,77.55102040816327
diabetes,3,5,correct->DT,81.81818181818181,79.26923076923076
diabetes,3,5,committee->DT,76.62337662337663,73.34615384615384
diabetes,3,6,baseline->NB,70.12987012987013,67.96889130041599
diabetes,3,6,soft->NB,71.42857142857143,69.13265306122449
diabetes,3,6,attr->NB,72.72727272727273,69.21758994860082
diabetes,3,6,softattr->NB,70.12987012987013,66.91574817859146
diabetes,3,6,correct->NB,72.72727272727273,69.79263964132262
diabetes,3,6,soft->DT,75.32467532467533,72.6695311040538
diabetes,3,6,correct->DT,75.32467532467533,72.14924804873407
diabetes,3,6,committee->DT,76.62337662337663,73.34615384615384
diabetes,3,7,baseline->NB,67.53246753246754,64.03885671586028
diabetes,3,7,soft->NB,62.33766233766234,58.98989898989899
diabetes,3,7,attr->NB,71.42857142857143,65.0
diabetes,3,7,softattr->NB,67.53246753246754,62.585034013605444
diabetes,3,7,correct->NB,68.83116883116882,62.801932367149746
diabetes,3,7,soft->DT,66.23376623376623,63.52040816326531
diabetes,3,7,correct->DT,74.02597402597402,67.26190476190477
diabetes,3,7,committee->DT,71.42857142857143,63.988095238095234
diabetes,3,8,baseline->NB,69.73684210526316,66.06484177829547
diabetes,3,8,soft->NB,65.78947368421052,63.24404761904763
diabetes,3,8,attr->NB,69.73684210526316,67.23523898781632
diabetes,3,8,softattr->NB,68.42105263157895,65.5328798185941
diabetes,3,8,correct->NB,65.78947368421052,62.66061980347695
diabetes,3,8,soft->DT,67.10526315789474,65.37269910698014
diabetes,3,8,correct->DT,71.05263157894737,67.2156862745098
diabetes,3,8,committee->DT,69.73684210526316,66.68572517629121
diabetes,3,9,baseline->NB,78.94736842105263,76.61538461538461
diabetes,3,9,soft->NB,76.3157894736842,73.17647058823529
diabetes,3,9,attr->NB,78.94736842105263,75.64102564102564
diabetes,3,9,softattr->NB,76.3157894736842,72.59615384615384
diabetes,3,9,correct->NB,77.63157894736842,74.40063404002377
diabetes,3,9,soft->DT,72.36842105263158,70.08434864104967
diabetes,3,9,correct->DT,75.0,71.38894392708539
diabetes,3,9,committee->DT,69.73684210526316,62.705355237892036
diabetes,4,0,baseline->NB,71.42857142857143,69.13265306122449
diabetes,4,0,soft->NB,70.12987012987013,68.40321141837644
diabetes,4,0,attr->NB,76.62337662337663,73.34615384615384
diabetes,4,0,softattr->NB,75.32467532467533,72.14924804873407
diabetes,4,0,correct->NB,77.92207792207792,75.08090614886733
diabetes,4,0,soft->DT,74.02597402597402,70.38461538461537
diabetes,4,0,correct->DT,75.32467532467533,73.53951890034365
diabetes,4,0,committee->DT,79.22077922077922,76.77224736048265
diabetes,4,1,baseline->NB,71.42857142857143,67.42307692307692
diabetes,4,1,soft->NB,64.93506493506493,62.39826370048833
diabetes,4,1,attr->NB,74.02597402597402,69.00161030595812
diabetes,4,1,softattr->NB,71.42857142857143,67.42307692307692
diabetes,4,1,correct->NB,74.02597402597402,69.73270440251574
diabetes,4,1,soft->DT,70.12987012987013,66.28593184846756
diabetes,4,1,correct->DT,75.32467532467533,71.56462585034014
diabetes,4,1,committee->DT,72.72727272727273,67.84649035593557
diabetes,4,2,baseline->NB,72.72727272727273,69.21758994860082
diabetes,4,2,soft->NB,68.83116883116882,65.77777777777779
diabetes,4,2,attr->NB,72.72727272727273,68.57142857142857
diabetes,4,2,softattr->NB,72.72727272727273,69.21758994860082
diabetes,4,2,correct->NB,72.72727272727273,69.79263964132262
diabetes,4,2,soft->DT,71.42857142857143,68.06184012066365
diabetes,4,2,correct->DT,70.12987012987013,66.28593184846756
diabetes,4,2,committee->DT,74.02597402597402,70.96530920060331
diabetes,4,3,baseline->NB,72.72727272727273,69.21758994860082
diabetes,4,3,soft->NB,75.32467532467533,72.6695311040538
diabetes,4,3,attr->NB,77.92207792207792,73.97096838337642
diabetes,4,3,softattr->NB,74.02597402597402,70.38461538461537
diabetes,4,3,correct->NB,72.72727272727273,68.57142857142857
diabetes,4,3,soft->DT,74.02597402597402,72.3419540229885
diabetes,4,3,correct->DT,79.22077922077922,76.3076923076923
diabetes,4,3,committee->DT,77.92207792207792,75.08090614886733
diabetes,4,4,baseline->NB,74.02597402597402,69.00161030595812
diabetes,4,4,soft->NB,71.42857142857143,66.7059748427673
diabetes,4,4,attr->NB,75.32467532467533,69.3484181856275
diabetes,4,4,softattr->NB,75.32467532467533,70.17329255861365
diabetes,4,4,correct->NB,72.72727272727273,67.03363914373088
diabetes,4,4,soft->DT,75.32467532467533,70.17329255861365
diabetes,4,4,correct->DT,75.32467532467533,70.17329255861365
diabetes,4,4,committee->DT,77.92207792207792,72.57490048187722
diabetes,4,5,baseline->NB,80.51948051948052,78.78787878787878
diabetes,4,5,soft->NB,77.92207792207792,76.32483270030748
diabetes,4,5,attr->NB,83.11688311688312,80.94422234913384
diabetes,4,5,softattr->NB,81.81818181818181,79.67571644042233
diabetes,4,5,correct->NB,80.51948051948052,78.42331402951615
diabetes,4,5,soft->DT,80.51948051948052,79.1101465002713
diabetes,4,5,correct->DT,74.02597402597402,70.96530920060331
diabetes,4,5,committee->DT,76.62337662337663,74.33333333333333
diabetes,4,6,baseline->NB,76.62337662337663,73.34615384615384
diabetes,4,6,soft->NB,79.22077922077922,76.77224736048265
diabetes,4,6,attr->NB,77.92207792207792,74.5578231292517
diabetes,4,6,softattr->NB,76.62337662337663,73.34615384615384
diabetes,4,6,correct->NB,75.32467532467533,71.56462585034014
diabetes,4,6,soft->DT,75.32467532467533,70.908729369656
diabetes,4,6,correct->DT,75.32467532467533,71.56462585034014
diabetes,4,6,committee->DT,75.32467532467533,70.908729369656
diabetes,4,7,baseline->NB,76.62337662337663,73.86877828054298
diabetes,4,7,soft->NB,74.02597402597402,70.96530920060331
diabetes,4,7,attr->NB,72.72727272727273,68.57142857142857
diabetes,4,7,softattr->NB,72.72727272727273,69.21758994860082
diabetes,4,7,correct->NB,79.22077922077922,76.3076923076923
diabetes,4,7,soft->DT,71.42857142857143,68.06184012066365
diabetes,4,7,correct->DT,71.42857142857143,67.42307692307692
diabetes,4,7,committee->DT,77.92207792207792,73.97096838337642
diabetes,4,8,baseline->NB,75.0,71.96660842554843
diabetes,4,8,soft->NB,78.94736842105263,77.02191987906274
diabetes,4,8,attr->NB,77.63157894736842,73.81965552178318
diabetes,4,8,softattr->NB,78.94736842105263,75.64102564102564
diabetes,4,8,correct->NB,73.6842105263158,70.19607843137254
diabetes,4,8,soft->DT,77.63157894736842,76.14035087719297
diabetes,4,8,correct->DT,77.63157894736842,74.9174917491749
diabetes,4,8,committee->DT,77.63157894736842,74.40063404002377
diabetes,4,9,baseline->NB,76.3157894736842,71.9442165709598
diabetes,4,9,soft->NB,73.6842105263158,69.55128205128204
diabetes,4,9,attr->NB,73.6842105263158,67.09956709956711
diabetes,4,9,softattr->NB,73.6842105263158,67.09956709956711
diabetes,4,9,correct->NB,69.73684210526316,62.705355237892036
diabetes,4,9,soft->DT,77.63157894736842,73.16718587746624
diabetes,4,9,correct->DT,73.6842105263158,66.07142857142857
diabetes,4,9,committee->DT,76.3157894736842,71.21212121212122
diabetes,5,0,baseline->NB,72.72727272727273,70.75420510037982
diabetes,5,0,soft->NB,72.72727272727273,71.1507582515611
diabetes,5,0,attr->NB,79.22077922077922,75.78616352201257
diabetes,5,0,softattr->NB,77.92207792207792,75.08090614886733
diabetes,5,0,correct->NB,74.02597402597402,69.00161030595812
diabetes,5,0,soft->DT,79.22077922077922,75.2012882447665
diabetes,5,0,correct->DT,74.02597402597402,70.38461538461537
diabetes,5,0,committee->DT,72.72727272727273,68.57142857142857
diabetes,5,1,baseline->NB,79.22077922077922,76.3076923076923
diabetes,5,1,soft->NB,75.32467532467533,71.56462585034014
diabetes,5,1,attr->NB,77.92207792207792,73.97096838337642
diabetes,5,1,softattr->NB,77.92207792207792,74.5578231292517
diabetes,5,1,correct->NB,77.92207792207792,73.97096838337642
diabetes,5,1,soft->DT,79.22077922077922,76.77224736048265
diabetes,5,1,correct->DT,76.62337662337663,72.75943396226415
diabetes,5,1,committee->DT,80.51948051948052,77.03320739709683
diabetes,5,2,baseline->NB,76.62337662337663,72.10144927536233
diabetes,5,2,soft->NB,74.02597402597402,69.73270440251574
diabetes,5,2,attr->NB,74.02597402597402,66.22807017543859
diabetes,5,2,softattr->NB,72.72727272727273,66.12193588937775
diabetes,5,2,correct->NB,77.92207792207792,73.31294597349643
diabetes,5,2,soft->DT,74.02597402597402,70.38461538461537
diabetes,5,2,correct->DT,75.32467532467533,69.3484181856275
diabetes,5,2,committee->DT,79.22077922077922,73.80952380952381
diabetes,5,3,baseline->NB,74.02597402597402,72.3419540229885
diabetes,5,3,soft->NB,71.42857142857143,69.57614942528735
diabetes,5,3,attr->NB,71.42857142857143,68.62962962962963
diabetes,5,3,softattr->NB,72.72727272727273,70.3030303030303
diabetes,5,3,correct->NB,74.02597402597402,71.4814814814815
diabetes,5,3,soft->DT,71.42857142857143,69.96453900709221
diabetes,5,3,correct->DT,72.72727272727273,70.3030303030303
diabetes,5,3,committee->DT,71.42857142857143,69.13265306122449
diabetes,5,4,baseline->NB,75.32467532467533,72.14924804873407
diabetes,5,4,soft->NB,71.42857142857143,68.62962962962963
diabetes,5,4,attr->NB,75.32467532467533,70.908729369656
diabetes,5,4,softattr->NB,72.72727272727273,68.57142857142857
diabetes,5,4,correct->NB,77.92207792207792,74.5578231292517
diabetes,5,4,soft->DT,71.42857142857143,65.90177133655395
diabetes,5,4,correct->DT,66.23376623376623,62.254901960784316
diabetes,5,4,committee->DT,67.53246753246754,62.585034013605444
diabetes,5,5,baseline->NB,72.72727272727273,69.21758994860082
diabetes,5,5,soft->NB,71.42857142857143,68.62962962962963
diabetes,5,5,attr->NB,75.32467532467533,71.56462585034014
diabetes,5,5,softattr->NB,75.32467532467533,72.14924804873407
diabetes,5,5,correct->NB,72.72727272727273,69.21758994860082
diabetes,5,5,soft->DT,71.42857142857143,67.42307692307692
diabetes,5,5,correct->DT,76.62337662337663,71.36363636363636
diabetes,5,5,committee->DT,74.02597402597402,69.00161030595812
diabetes,5,6,baseline->NB,81.81818181818181,78.812893081761
diabetes,5,6,soft->NB,81.81818181818181,79.26923076923076
diabetes,5,6,attr->NB,83.11688311688312,80.54421768707482
diabetes,5,6,softattr->NB,80.51948051948052,78.01256424900058
diabetes,5,6,correct->NB,80.51948051948052,76.45259938837921
diabetes,5,6,soft->DT,80.51948051948052,78.01256424900058
diabetes,5,6,correct->DT,80.51948051948052,75.80138277812696
diabetes,5,6,committee->DT,80.51948051948052,75.80138277812696
diabetes,5,7,baseline->NB,81.81818181818181,79.67571644042233
diabetes,5,7,soft->NB,81.81818181818181,79.67571644042233
diabetes,5,7,attr->NB,81.81818181818181,80.03703703703702
diabetes,5,7,softattr->NB,81.81818181818181,80.03703703703702
diabetes,5,7,correct->NB,80.51948051948052,78.01256424900058
diabetes,5,7,soft->DT,81.81818181818181,79.26923076923076
diabetes,5,7,correct->DT,83.11688311688312,80.54421768707482
diabetes,5,7,committee->DT,84.41558441558442,82.23076923076923
diabetes,5,8,baseline->NB,69.73684210526316,66.68572517629121
diabetes,5,8,soft->NB,68.42105263157895,66.5443873807777
diabetes,5,8,attr->NB,68.42105263157895,62.59228876127973
diabetes,5,8,softattr->NB,67.10526315789474,61.49949341438704
diabetes,5,8,correct->NB,67.10526315789474,63.788831713360004
diabetes,5,8,soft->DT,72.36842105263158,67.65957446808511
diabetes,5,8,correct->DT,71.05263157894737,67.2156862745098
diabetes,5,8,committee->DT,68.42105263157895,61.61616161616161
diabetes,5,9,baseline->NB,73.6842105263158,68.82690730106646
diabetes,5,9,soft->NB,73.6842105263158,69.55128205128204
diabetes,5,9,attr->NB,78.94736842105263,75.06152584085316
diabetes,5,9,softattr->NB,75.0,70.73961499493414
diabetes,5,9,correct->NB,75.0,70.01038421599169
diabetes,5,9,soft->DT,75.0,72.47951210215362
diabetes,5,9,correct->DT,73.6842105263158,68.82690730106646
diabetes,5,9,committee->DT,76.3157894736842,71.21212121212122
diabetes,6,0,baseline->NB,62.33766233766234,58.98989898989899
diabetes,6,0,soft->NB,59.74025974025974,56.82763610056069
diabetes,6,0,attr->NB,64.93506493506493,58.65977331477431
diabetes,6,0,softattr->NB,64.93506493506493,59.59183673469387
diabetes,6,0,correct->NB,66.23376623376623,61.5
diabetes,6,0,soft->DT,62.33766233766234,58.98989898989899
diabetes,6,0,correct->DT,67.53246753246754,62.585034013605444
diabetes,6,0,committee->DT,68.83116883116882,65.15837104072398
diabetes,6,1,baseline->NB,72.72727272727273,71.1507582515611
diabetes,6,1,soft->NB,72.72727272727273,71.49656266525648
diabetes,6,1,attr->NB,77.92207792207792,75.95959595959596
diabetes,6,1,softattr->NB,75.32467532467533,73.53951890034365
diabetes,6,1,correct->NB,74.02597402597402,72.3419540229885
diabetes,6,1,soft->DT,76.62337662337663,74.33333333333333
diabetes,6,1,correct->DT,76.62337662337663,74.74489795918369
diabetes,6,1,committee->DT,75.32467532467533,72.14924804873407
diabetes,6,2,baseline->NB,79.22077922077922,76.3076923076923
diabetes,6,2,soft->NB,77.92207792207792,75.08090614886733
diabetes,6,2,attr->NB,76.62337662337663,72.75943396226415
diabetes,6,2,softattr->NB,79.22077922077922,76.3076923076923
diabetes,6,2,correct->NB,81.81818181818181,79.26923076923076
diabetes,6,2,soft->DT,74.02597402597402,71.9387755102041
diabetes,6,2,correct->DT,79.22077922077922,76.3076923076923
diabetes,6,2,committee->DT,77.92207792207792,73.31294597349643
diabetes,6,3,baseline->NB,81.81818181818181,79.26923076923076
diabetes,6,3,soft->NB,81.81818181818181,79.67571644042233
diabetes,6,3,attr->NB,79.22077922077922,75.2012882447665
diabetes,6,3,softattr->NB,80.51948051948052,77.03320739709683
diabetes,6,3,correct->NB,80.51948051948052,76.45259938837921
diabetes,6,3,soft->DT,72.72727272727273,68.57142857142857
diabetes,6,3,correct->DT,80.51948051948052,76.45259938837921
diabetes,6,3,committee->DT,80.51948051948052,76.45259938837921
diabetes,6,4,baseline->NB,77.92207792207792,73.31294597349643
diabetes,6,4,soft->NB,74.02597402597402,69.73270440251574
diabetes,6,4,attr->NB,77.92207792207792,72.57490048187722
diabetes,6,4,softattr->NB,76.62337662337663,72.10144927536233
diabetes,6,4,correct->NB,75.32467532467533,69.3484181856275
diabetes,6,4,soft->DT,75.32467532467533,70.17329255861365
diabetes,6,4,correct->DT,79.22077922077922,74.54545454545455
diabetes,6,4,committee->DT,76.62337662337663,69.60526315789473
diabetes,6,5,baseline->NB,72.72727272727273,69.79263964132262
diabetes,6,5,soft->NB,72.72727272727273,70.75420510037982
diabetes,6,5,attr->NB,74.02597402597402,69.73270440251574
diabetes,6,5,softattr->NB,71.42857142857143,68.62962962962963
diabetes,6,5,correct->NB,74.02597402597402,70.38461538461537
diabetes,6,5,soft->DT,77.92207792207792,76.64585191793041
diabetes,6,5,correct->DT,72.72727272727273,67.84649035593557
diabetes,6,5,committee->DT,71.42857142857143,65.90177133655395
diabetes,6,6,baseline->NB,76.62337662337663,73.86877828054298
diabetes,6,6,soft->NB,71.42857142857143,68.62962962962963
diabetes,6,6,attr->NB,77.92207792207792,75.08090614886733
diabetes,6,6,softattr->NB,79.22077922077922,76.77224736048265
diabetes,6,6,correct->NB,76.62337662337663,73.34615384615384
diabetes,6,6,soft->DT,72.72727272727273,68.57142857142857
diabetes,6,6,correct->DT,75.32467532467533,72.14924804873407
diabetes,6,6,committee->DT,72.72727272727273,69.21758994860082
diabetes,6,7,baseline->NB,76.62337662337663,73.86877828054298
diabetes,6,7,soft->NB,72.72727272727273,70.3030303030303
diabetes,6,7,attr->NB,75.32467532467533,72.6695311040538
diabetes,6,7,softattr->NB,71.42857142857143,69.13265306122449
diabetes,6,7,correct->NB,75.32467532467533,72.6695311040538
diabetes,6,7,soft->DT,70.12987012987013,67.47474747474746
diabetes,6,7,correct->DT,76.62337662337663,74.33333333333333
diabetes,6,7,committee->DT,77.92207792207792,76.32483270030748
diabetes,6,8,baseline->NB,76.3157894736842,71.9442165709598
diabetes,6,8,soft->NB,75.0,70.73961499493414
diabetes,6,8,attr->NB,78.94736842105263,73.67965367965368
diabetes,6,8,softattr->NB,77.63157894736842,72.4343930019202
diabetes,6,8,correct->NB,76.3157894736842,70.38961038961038
diabetes,6,8,soft->DT,75.0,67.23394599500794
diabetes,6,8,correct->DT,77.63157894736842,72.4343930019202
diabetes,6,8,committee->DT,72.36842105263158,67.65957446808511
diabetes,6,9,baseline->NB,77.63157894736842,73.81965552178318
diabetes,6,9,soft->NB,76.3157894736842,73.17647058823529
diabetes,6,9,attr->NB,81.57894736842105,78.1788351107465
diabetes,6,9,softattr->NB,81.57894736842105,79.13725490196077
diabetes,6,9,correct->NB,78.94736842105263,75.64102564102564
diabetes,6,9,soft->DT,77.63157894736842,74.40063404002377
diabetes,6,9,correct->DT,78.94736842105263,75.06152584085316
diabetes,6,9,committee->DT,82.89473684210526,79.48078920041537
diabetes,7,0,baseline->NB,76.62337662337663,73.34615384615384
diabetes,7,0,soft->NB,76.62337662337663,74.33333333333333
diabetes,7,0,attr->NB,72.72727272727273,68.57142857142857
diabetes,7,0,softattr->NB,74.02597402597402,70.38461538461537
diabetes,7,0,correct->NB,72.72727272727273,69.21758994860082
diabetes,7,0,soft->DT,77.92207792207792,75.54642256678497
diabetes,7,0,correct->DT,74.02597402597402,69.73270440251574
diabetes,7,0,committee->DT,74.02597402597402,70.96530920060331
diabetes,7,1,baseline->NB,76.62337662337663,72.75943396226415
diabetes,7,1,soft->NB,75.32467532467533,71.56462585034014
diabetes,7,1,attr->NB,76.62337662337663,72.75943396226415
diabetes,7,1,softattr->NB,75.32467532467533,71.56462585034014
diabetes,7,1,correct->NB,77.92207792207792,73.97096838337642
diabetes,7,1,soft->DT,75.32467532467533,70.908729369656
diabetes,7,1,correct->DT,75.32467532467533,70.908729369656
diabetes,7,1,committee->DT,75.32467532467533,71.56462585034014
diabetes,7,2,baseline->NB,77.92207792207792,75.08090614886733
diabetes,7,2,soft->NB,70.12987012987013,66.91574817859146
diabetes,7,2,attr->NB,79.22077922077922,75.78616352201257
diabetes,7,2,softattr->NB,75.32467532467533,72.14924804873407
diabetes,7,2,correct->NB,72.72727272727273,68.57142857142857
diabetes,7,2,soft->DT,74.02597402597402,69.00161030595812
diabetes,7,2,correct->DT,70.12987012987013,65.578231292517
diabetes,7,2,committee->DT,72.72727272727273,67.84649035593557
diabetes,7,3,baseline->NB,76.62337662337663,74.33333333333333
diabetes,7,3,soft->NB,72.72727272727273,70.75420510037982
diabetes,7,3,attr->NB,77.92207792207792,74.5578231292517
diabetes,7,3,softattr->NB,74.02597402597402,71.4814814814815
diabetes,7,3,correct->NB,77.92207792207792,75.54642256678497
diabetes,7,3,soft->DT,76.62337662337663,74.74489795918369
diabetes,7,3,correct->DT,79.22077922077922,75.2012882447665
diabetes,7,3,committee->DT,79.22077922077922,75.2012882447665
diabetes,7,4,baseline->NB,71.42857142857143,65.0
diabetes,7,4,soft->NB,71.42857142857143,66.7059748427673
diabetes,7,4,attr->NB,71.42857142857143,63.988095238095234
diabetes,7,4,softattr->NB,72.72727272727273,66.12193588937775
diabetes,7,4,correct->NB,72.72727272727273,66.12193588937775
diabetes,7,4,soft->DT,70.12987012987013,66.91574817859146
diabetes,7,4,correct->DT,75.32467532467533,69.3484181856275
diabetes,7,4,committee->DT,71.42857142857143,67.42307692307692
diabetes,7,5,baseline->NB,68.83116883116882,65.15837104072398
diabetes,7,5,soft->NB,68.83116883116882,65.77777777777779
diabetes,7,5,attr->NB,75.32467532467533,70.17329255861365
diabetes,7,5,softattr->NB,71.42857142857143,67.42307692307692
diabetes,7,5,correct->NB,70.12987012987013,65.578231292517
diabetes,7,5,soft->DT,68.83116883116882,63.67924528301887
diabetes,7,5,correct->DT,77.92207792207792,73.97096838337642
diabetes,7,5,committee->DT,72.72727272727273,67.03363914373088
diabetes,7,6,baseline->NB,83.11688311688312,80.54421768707482
diabetes,7,6,soft->NB,81.81818181818181,79.26923076923076
diabetes,7,6,attr->NB,81.81818181818181,78.30112721417069
diabetes,7,6,softattr->NB,81.81818181818181,78.812893081761
diabetes,7,6,correct->NB,83.11688311688312,80.09544641081727
diabetes,7,6,soft->DT,71.42857142857143,69.96453900709221
diabetes,7,6,correct->DT,80.51948051948052,76.45259938837921
diabetes,7,6,committee->DT,81.81818181818181,77.08333333333333
diabetes,7,7,baseline->NB,74.02597402597402,72.3419540229885
diabetes,7,7,soft->NB,72.72727272727273,70.75420510037982
diabetes,7,7,attr->NB,74.02597402597402,71.4814814814815
diabetes,7,7,softattr->NB,72.72727272727273,70.3030303030303
diabetes,7,7,correct->NB,72.72727272727273,70.3030303030303
diabetes,7,7,soft->DT,77.92207792207792,75.95959595959596
diabetes,7,7,correct->DT,72.72727272727273,69.79263964132262
diabetes,7,7,committee->DT,71.42857142857143,69.13265306122449
diabetes,7,8,baseline->NB,73.6842105263158,71.72619047619048
diabetes,7,8,soft->NB,71.05263157894737,68.40513983371126
diabetes,7,8,attr->NB,73.6842105263158,70.76923076923079
diabetes,7,8,softattr->NB,75.0,72.47951210215362
diabetes,7,8,correct->NB,76.3157894736842,73.6923076923077
diabetes,7,8,soft->DT,71.05263157894737,66.50641025641026
diabetes,7,8,correct->DT,75.0,70.73961499493414
diabetes,7,8,committee->DT,75.0,70.73961499493414
diabetes,7,9,baseline->NB,78.94736842105263,76.15686274509804
diabetes,7,9,soft->NB,80.26315789473684,77.41232415296216
diabetes,7,9,attr->NB,80.26315789473684,75.67740558992959
diabetes,7,9,softattr->NB,81.57894736842105,77.60942760942761
diabetes,7,9,correct->NB,81.57894736842105,78.68589743589742
diabetes,7,9,soft->DT,82.89473684210526,79.97973657548125
diabetes,7,9,correct->DT,77.63157894736842,73.16718587746624
diabetes,7,9,committee->DT,82.89473684210526,79.48078920041537
diabetes,8,0,baseline->NB,70.12987012987013,68.78194958575709
diabetes,8,0,soft->NB,71.42857142857143,70.3015427769986
diabetes,8,0,attr->NB,71.42857142857143,67.42307692307692
diabetes,8,0,softattr->NB,70.12987012987013,66.91574817859146
diabetes,8,0,correct->NB,71.42857142857143,69.13265306122449
diabetes,8,0,soft->DT,74.02597402597402,70.96530920060331
diabetes,8,0,correct->DT,72.72727272727273,69.21758994860082
diabetes,8,0,committee->DT,74.02597402597402,71.4814814814815
diabetes,8,1,baseline->NB,76.62337662337663,72.10144927536233
diabetes,8,1,soft->NB,74.02597402597402,70.38461538461537
diabetes,8,1,attr->NB,74.02597402597402,69.73270440251574
diabetes,8,1,softattr->NB,72.72727272727273,68.57142857142857
diabetes,8,1,correct->NB,74.02597402597402,69.00161030595812
diabetes,8,1,soft->DT,74.02597402597402,71.4814814814815
diabetes,8,1,correct->DT,76.62337662337663,72.75943396226415
diabetes,8,1,committee->DT,75.32467532467533,70.908729369656
diabetes,8,2,baseline->NB,75.32467532467533,72.14924804873407
diabetes,8,2,soft->NB,76.62337662337663,73.86877828054298
diabetes,8,2,attr->NB,79.22077922077922,76.3076923076923
diabetes,8,2,softattr->NB,79.22077922077922,76.77224736048265
diabetes,8,2,correct->NB,79.22077922077922,76.3076923076923
diabetes,8,2,soft->DT,68.83116883116882,63.67924528301887
diabetes,8,2,correct->DT,77.92207792207792,75.95959595959596
diabetes,8,2,committee->DT,83.11688311688312,80.94422234913384
diabetes,8,3,baseline->NB,76.62337662337663,72.75943396226415
diabetes,8,3,soft->NB,72.72727272727273,69.21758994860082
diabetes,8,3,attr->NB,72.72727272727273,67.03363914373088
diabetes,8,3,softattr->NB,74.02597402597402,69.73270440251574
diabetes,8,3,correct->NB,74.02597402597402,69.73270440251574
diabetes,8,3,soft->DT,76.62337662337663,74.33333333333333
diabetes,8,3,correct->DT,75.32467532467533,70.908729369656
diabetes,8,3,committee->DT,77.92207792207792,74.5578231292517
diabetes,8,4,baseline->NB,77.92207792207792,74.5578231292517
diabetes,8,4,soft->NB,75.32467532467533,72.6695311040538
diabetes,8,4,attr->NB,77.92207792207792,75.08090614886733
diabetes,8,4,softattr->NB,76.62337662337663,73.34615384615384
diabetes,8,4,correct->NB,75.32467532467533,71.56462585034014
diabetes,8,4,soft->DT,74.02597402597402,69.00161030595812
diabetes,8,4,correct->DT,77.92207792207792,73.31294597349643
diabetes,8,4,committee->DT,75.32467532467533,71.56462585034014
diabetes,8,5,baseline->NB,83.11688311688312,81.89546030023511
diabetes,8,5,soft->NB,80.51948051948052,79.64040190375464
diabetes,8,5,attr->NB,81.81818181818181,80.35714285714286
diabetes,8,5,softattr->NB,77.92207792207792,76.64585191793041
diabetes,8,5,correct->NB,81.81818181818181,80.35714285714286
diabetes,8,5,soft->DT,84.41558441558442,82.57918552036199
diabetes,8,5,correct->DT,79.22077922077922,77.18518518518518
diabetes,8,5,committee->DT,83.11688311688312,81.30020549224734
diabetes,8,6,baseline->NB,74.02597402597402,69.73270440251574
diabetes,8,6,soft->NB,76.62337662337663,73.34615384615384
diabetes,8,6,attr->NB,75.32467532467533,70.17329255861365
diabetes,8,6,softattr->NB,74.02597402597402,69.00161030595812
diabetes,8,6,correct->NB,71.42857142857143,65.90177133655395
diabetes,8,6,soft->DT,71.42857142857143,65.0
diabetes,8,6,correct->DT,71.42857142857143,65.90177133655395
diabetes,8,6,committee->DT,71.42857142857143,66.7059748427673
diabetes,8,7,baseline->NB,67.53246753246754,62.585034013605444
diabetes,8,7,soft->NB,67.53246753246754,63.354273748334286
diabetes,8,7,attr->NB,74.02597402597402,68.18181818181819
diabetes,8,7,softattr->NB,70.12987012987013,64.78425134221514
diabetes,8,7,correct->NB,71.42857142857143,65.0
diabetes,8,7,soft->DT,75.32467532467533,70.17329255861365
diabetes,8,7,correct->DT,71.42857142857143,66.7059748427673
diabetes,8,7,committee->DT,75.32467532467533,69.3484181856275
diabetes,8,8,baseline->NB,78.94736842105263,75.64102564102564
diabetes,8,8,soft->NB,78.94736842105263,75.64102564102564
diabetes,8,8,attr->NB,82.89473684210526,80.42401426590054
diabetes,8,8,softattr->NB,81.57894736842105,79.13725490196077
diabetes,8,8,correct->NB,81.57894736842105,77.60942760942761
diabetes,8,8,soft->DT,80.26315789473684,78.27329902801601
diabetes,8,8,correct->DT,80.26315789473684,76.32398753894081
diabetes,8,8,committee->DT,77.63157894736842,73.16718587746624
diabetes,8,9,baseline->NB,76.3157894736842,73.17647058823529
diabetes,8,9,soft->NB,73.6842105263158,70.19607843137254
diabetes,8,9,attr->NB,76.3157894736842,71.21212121212122
diabetes,8,9,softattr->NB,75.0,70.01038421599169
diabetes,8,9,correct->NB,73.6842105263158,69.55128205128204
diabetes,8,9,soft->DT,73.6842105263158,68.82690730106646
diabetes,8,9,correct->DT,72.36842105263158,68.37725381414702
diabetes,8,9,committee->DT,76.3157894736842,71.9442165709598
diabetes,9,0,baseline->NB,70.12987012987013,64.78425134221514
diabetes,9,0,soft->NB,70.12987012987013,65.578231292517
diabetes,9,0,attr->NB,70.12987012987013,64.78425134221514
diabetes,9,0,softattr->NB,70.12987012987013,64.78425134221514
diabetes,9,0,correct->NB,70.12987012987013,63.893985728848115
diabetes,9,0,soft->DT,71.42857142857143,65.0
diabetes,9,0,correct->DT,68.83116883116882,60.71428571428571
diabetes,9,0,committee->DT,70.12987012987013,64.78425134221514
diabetes,9,1,baseline->NB,70.12987012987013,67.96889130041599
diabetes,9,1,soft->NB,67.53246753246754,66.06733650625772
diabetes,9,1,attr->NB,75.32467532467533,72.6695311040538
diabetes,9,1,softattr->NB,71.42857142857143,69.57614942528735
diabetes,9,1,correct->NB,70.12987012987013,67.96889130041599
diabetes,9,1,soft->DT,71.42857142857143,68.62962962962963
diabetes,9,1,correct->DT,76.62337662337663,72.75943396226415
diabetes,9,1,committee->DT,79.22077922077922,76.77224736048265
diabetes,9,2,baseline->NB,74.02597402597402,71.4814814814815
diabetes,9,2,soft->NB,71.42857142857143,69.57614942528735
diabetes,9,2,attr->NB,76.62337662337663,73.34615384615384
diabetes,9,2,softattr->NB,71.42857142857143,69.13265306122449
diabetes,9,2,correct->NB,70.12987012987013,67.96889130041599
diabetes,9,2,soft->DT,77.92207792207792,75.95959595959596
diabetes,9,2,correct->DT,70.12987012987013,65.578231292517
diabetes,9,2,committee->DT,76.62337662337663,72.75943396226415
diabetes,9,3,baseline->NB,74.02597402597402,70.96530920060331
diabetes,9,3,soft->NB,72.72727272727273,70.3030303030303
diabetes,9,3,attr->NB,75.32467532467533,72.14924804873407
diabetes,9,3,softattr->NB,74.02597402597402,70.96530920060331
diabetes,9,3,correct->NB,74.02597402597402,70.96530920060331
diabetes,9,3,soft->DT,70.12987012987013,65.578231292517
diabetes,9,3,correct->DT,72.72727272727273,67.84649035593557
diabetes,9,3,committee->DT,72.72727272727273,68.57142857142857
diabetes,9,4,baseline->NB,81.81818181818181,79.67571644042233
diabetes,9,4,soft->NB,79.22077922077922,77.18518518518518
diabetes,9,4,attr->NB,79.22077922077922,76.3076923076923
diabetes,9,4,softattr->NB,79.22077922077922,76.3076923076923
diabetes,9,4,correct->NB,79.22077922077922,76.77224736048265
diabetes,9,4,soft->DT,77.92207792207792,73.97096838337642
diabetes,9,4,correct->DT,77.92207792207792,73.97096838337642
diabetes,9,4,committee->DT,81.81818181818181,79.26923076923076
diabetes,9,5,baseline->NB,80.51948051948052,77.03320739709683
diabetes,9,5,soft->NB,77.92207792207792,73.97096838337642
diabetes,9,5,attr->NB,77.92207792207792,72.57490048187722
diabetes,9,5,softattr->NB,77.92207792207792,72.57490048187722
diabetes,9,5,correct->NB,80.51948051948052,76.45259938837921
diabetes,9,5,soft->DT,77.92207792207792,75.08090614886733
diabetes,9,5,correct->DT,76.62337662337663,71.36363636363636
diabetes,9,5,committee->DT,75.32467532467533,69.3484181856275
diabetes,9,6,baseline->NB,79.22077922077922,73.80952380952381
diabetes,9,6,soft->NB,76.62337662337663,72.75943396226415
diabetes,9,6,attr->NB,83.11688311688312,79.0278650743767
diabetes,9,6,softattr->NB,75.32467532467533,70.17329255861365
diabetes,9,6,correct->NB,81.81818181818181,77.08333333333333
diabetes,9,6,soft->DT,79.22077922077922,75.2012882447665
diabetes,9,6,correct->DT,81.81818181818181,76.35964912280701
diabetes,9,6,committee->DT,81.81818181818181,77.08333333333333
diabetes,9,7,baseline->NB,76.62337662337663,73.34615384615384
diabetes,9,7,soft->NB,75.32467532467533,72.14924804873407
diabetes,9,7,attr->NB,80.51948051948052,77.55102040816327
diabetes,9,7,softattr->NB,83.11688311688312,80.94422234913384
diabetes,9,7,correct->NB,79.22077922077922,76.3076923076923
diabetes,9,7,soft->DT,79.22077922077922,74.54545454545455
diabetes,9,7,correct->DT,80.51948051948052,77.55102040816327
diabetes,9,7,committee->DT,77.92207792207792,74.5578231292517
diabetes,9,8,baseline->NB,69.73684210526316,67.71929824561404
diabetes,9,8,soft->NB,69.73684210526316,68.14288317842173
diabetes,9,8,attr->NB,76.3157894736842,73.6923076923077
diabetes,9,8,softattr->NB,72.36842105263158,70.08434864104967
diabetes,9,8,correct->NB,68.42105263157895,66.07142857142857
diabetes,9,8,soft->DT,68.42105263157895,64.92307692307693
diabetes,9,8,correct->DT,75.0,71.96660842554843
diabetes,9,8,committee->DT,76.3157894736842,73.17647058823529
diabetes,9,9,baseline->NB,81.57894736842105,79.53846153846152
diabetes,9,9,soft->NB,82.89473684210526,81.1701924909472
diabetes,9,9,attr->NB,75.0,71.38894392708539
diabetes,9,9,softattr->NB,78.94736842105263,77.02191987906274
diabetes,9,9,correct->NB,82.89473684210526,80.42401426590054
diabetes,9,9,soft->DT,77.63157894736842,75.37640556508481
diabetes,9,9,correct->DT,77.63157894736842,75.37640556508481
diabetes,9,9,committee->DT,78.94736842105263,77.02191987906274
glass,0,0,baseline->NB,54.54545454545455,53.95976572447161
glass,0,0,soft->NB,36.36363636363637,44.45887445887446
glass,0,0,attr->NB,50.0,46.19047619047619
glass,0,0,softattr->NB,36.36363636363637,44.45887445887446
glass,0,0,correct->NB,36.36363636363637,45.291375291375296
glass,0,0,soft->DT,59.09090909090909,64.3097643097643
glass,0,0,correct->DT,63.63636363636363,53.383458646616546
glass,0,0,committee->DT,72.72727272727273,67.32026143790848
glass,0,1,baseline->NB,18.181818181818183,33.03030303030303
glass,0,1,soft->NB,27.272727272727273,37.9059829059829
glass,0,1,attr->NB,18.181818181818183,33.33333333333333
glass,0,1,softattr->NB,22.727272727272727,35.55555555555556
glass,0,1,correct->NB,40.90909090909091,53.06267806267807
glass,0,1,soft->DT,40.90909090909091,54.285714285714285
glass,0,1,correct->DT,63.63636363636363,62.02614379084967
glass,0,1,committee->DT,72.72727272727273,66.5079365079365
glass,0,2,baseline->NB,54.54545454545455,55.44973544973545
glass,0,2,soft->NB,50.0,52.28758169934641
glass,0,2,attr->NB,54.54545454545455,53.333333333333336
glass,0,2,softattr->NB,50.0,52.28758169934641
glass,0,2,correct->NB,36.36363636363637,44.45887445887446
glass,0,2,soft->DT,50.0,47.222222222222214
glass,0,2,correct->DT,68.18181818181819,56.582633053221286
glass,0,2,committee->DT,63.63636363636363,63.90145801910507
glass,0,3,baseline->NB,45.45454545454545,48.68421052631579
glass,0,3,soft->NB,40.90909090909091,38.49206349206349
glass,0,3,attr->NB,45.45454545454545,46.82539682539682
glass,0,3,softattr->NB,40.90909090909091,38.49206349206349
glass,0,3,correct->NB,40.90909090909091,45.13720197930724
glass,0,3,soft->DT,45.45454545454545,44.44444444444444
glass,0,3,correct->DT,77.27272727272727,62.99603174603175
glass,0,3,committee->DT,77.27272727272727,62.99603174603175
glass,0,4,baseline->NB,47.61904761904762,49.41520467836257
glass,0,4,soft->NB,28.571428571428573,44.696969696969695
glass,0,4,attr->NB,47.61904761904762,48.41269841269841
glass,0,4,softattr->NB,33.333333333333336,47.350427350427346
glass,0,4,correct->NB,23.80952380952381,40.972222222222214
glass,0,4,soft->DT,57.142857142857146,64.14141414141413
glass,0,4,correct->DT,47.61904761904762,51.98412698412699
glass,0,4,committee->DT,66.66666666666667,74.35897435897436
glass,0,5,baseline->NB,33.333333333333336,29.49346405228758
glass,0,5,soft->NB,23.80952380952381,16.666666666666664
glass,0,5,attr->NB,38.095238095238095,32.638888888888886
glass,0,5,softattr->NB,23.80952380952381,16.666666666666664
glass,0,5,correct->NB,23.80952380952381,26.17521367521367
glass,0,5,soft->DT,57.142857142857146,32.692307692307686
glass,0,5,correct->DT,57.142857142857146,49.3288084464555
glass,0,5,committee->DT,61.904761904761905,52.261904761904766
glass,0,6,baseline->NB,42.857142857142854,22.023809523809522
glass,0,6,soft->NB,42.857142857142854,23.809523809523807
glass,0,6,attr->NB,52.38095238095238,46.56084656084656
glass,0,6,softattr->NB,52.38095238095238,46.56084656084656
glass,0,6,correct->NB,47.61904761904762,62.38095238095238
glass,0,6,soft->DT,57.142857142857146,50.829562594268474
glass,0,6,correct->DT,66.66666666666667,69.61722488038276
glass,0,6,committee->DT,61.904761904761905,52.240896358543424
glass,0,7,baseline->NB,52.38095238095238,50.071225071225065
glass,0,7,soft->NB,57.142857142857146,51.11111111111112
glass,0,7,attr->NB,66.66666666666667,58.88888888888889
glass,0,7,softattr->NB,61.904761904761905,53.535353535353536
glass,0,7,correct->NB,33.333333333333336,36.24338624338624
glass,0,7,soft->DT,57.142857142857146,46.82539682539682
glass,0,7,correct->DT,71.42857142857143,59.92063492063492
glass,0,7,committee->DT,71.42857142857143,64.68253968253968
glass,0,8,baseline->NB,47.61904761904762,41.37806637806638
glass,0,8,soft->NB,47.61904761904762,41.42246642246643
glass,0,8,attr->NB,52.38095238095238,37.78575225943647
glass,0,8,softattr->NB,52.38095238095238,43.8034188034188
glass,0,8,correct->NB,38.095238095238095,34.848484848484844
glass,0,8,soft->DT,61.904761904761905,42.3202614379085
glass,0,8,correct->DT,57.142857142857146,46.28851540616246
glass,0,8,committee->DT,52.38095238095238,36.66666666666667
glass,0,9,baseline->NB,61.904761904761905,57.52228163992869
glass,0,9,soft->NB,57.142857142857146,54.44444444444444
glass,0,9,attr->NB,57.142857142857146,49.44444444444444
glass,0,9,softattr->NB,57.142857142857146,48.33333333333334
glass,0,9,correct->NB,38.095238095238095,43.535353535353536
glass,0,9,soft->DT,52.38095238095238,52.56335282651072
glass,0,9,correct->DT,61.904761904761905,58.43137254901961
glass,0,9,committee->DT,66.66666666666667,53.61111111111111
glass,1,0,baseline->NB,45.45454545454545,38.39869281045751
glass,1,0,soft->NB,36.36363636363637,36.958874458874455
glass,1,0,attr->NB,50.0,39.81481481481482
glass,1,0,softattr->NB,36.36363636363637,33.9126559714795
glass,1,0,correct->NB,36.36363636363637,37.28632478632478
glass,1,0,soft->DT,54.54545454545455,48.65319865319865
glass,1,0,correct->DT,63.63636363636363,47.222222222222214
glass,1,0,committee->DT,77.27272727272727,75.69444444444443
glass,1,1,baseline->NB,22.727272727272727,27.777777777777775
glass,1,1,soft->NB,40.90909090909091,39.67171717171716
glass,1,1,attr->NB,27.272727272727273,32.77777777777778
glass,1,1,softattr->NB,27.272727272727273,30.649350649350648
glass,1,1,correct->NB,36.36363636363637,40.038850038850036
glass,1,1,soft->DT,31.818181818181817,33.18903318903319
glass,1,1,correct->DT,54.54545454545455,47.14285714285714
glass,1,1,committee->DT,54.54545454545455,49.920634920634924
glass,1,2,baseline->NB,54.54545454545455,63.22751322751322
glass,1,2,soft->NB,59.09090909090909,69.57671957671957
glass,1,2,attr->NB,59.09090909090909,63.84863123993559
glass,1,2,softattr->NB,54.54545454545455,63.22751322751322
glass,1,2,correct->NB,45.45454545454545,63.75000000000001
glass,1,2,soft->DT,59.09090909090909,73.1658692185008
glass,1,2,correct->DT,68.18181818181819,70.75757575757576
glass,1,2,committee->DT,63.63636363636363,68.85964912280701
glass,1,3,baseline->NB,63.63636363636363,61.76638176638177
glass,1,3,soft->NB,36.36363636363637,44.636752136752136
glass,1,3,attr->NB,54.54545454545455,46.666666666666664
glass,1,3,softattr->NB,36.36363636363637,44.636752136752136
glass,1,3,correct->NB,36.36363636363637,45.61965811965812
glass,1,3,soft->DT,54.54545454545455,45.093795093795094
glass,1,3,correct->DT,63.63636363636363,60.47008547008548
glass,1,3,committee->DT,77.27272727272727,86.33958633958633
glass,1,4,baseline->NB,38.095238095238095,45.138888888888886
glass,1,4,soft->NB,28.571428571428573,40.8080808080808
glass,1,4,attr->NB,47.61904761904762,48.148148148148145
glass,1,4,softattr->NB,33.333333333333336,42.61363636363636
glass,1,4,correct->NB,33.333333333333336,44.01709401709402
glass,1,4,soft->DT,71.42857142857143,58.16993464052288
glass,1,4,correct->DT,76.19047619047619,59.55882352941176
glass,1,4,committee->DT,76.19047619047619,60.416666666666664
glass,1,5,baseline->NB,47.61904761904762,33.304093567251456
glass,1,5,soft->NB,23.80952380952381,19.57264957264957
glass,1,5,attr->NB,42.857142857142854,24.444444444444446
glass,1,5,softattr->NB,14.285714285714286,13.675213675213675
glass,1,5,correct->NB,19.047619047619047,18.14814814814815
glass,1,5,soft->DT,42.857142857142854,24.836601307189543
glass,1,5,correct->DT,61.904761904761905,40.78431372549019
glass,1,5,committee->DT,57.142857142857146,38.87955182072829
glass,1,6,baseline->NB,38.095238095238095,53.436285936285934
glass,1,6,soft->NB,23.80952380952381,22.380952380952383
glass,1,6,attr->NB,33.333333333333336,39.9537037037037
glass,1,6,softattr->NB,23.80952380952381,35.78703703703703
glass,1,6,correct->NB,23.80952380952381,35.78703703703703
glass,1,6,soft->DT,47.61904761904762,48.63876863876864
glass,1,6,correct->DT,85.71428571428571,82.22222222222221
glass,1,6,committee->DT,76.19047619047619,77.6190476190476
glass,1,7,baseline->NB,52.38095238095238,65.80896686159844
glass,1,7,soft->NB,61.904761904761905,72.22816399286988
glass,1,7,attr->NB,47.61904761904762,58.7037037037037
glass,1,7,softattr->NB,57.142857142857146,65.01683501683502
glass,1,7,correct->NB,28.571428571428573,45.55555555555556
glass,1,7,soft->DT,61.904761904761905,64.44444444444444
glass,1,7,correct->DT,47.61904761904762,44.93212669683258
glass,1,7,committee->DT,61.904761904761905,51.37161084529506
glass,1,8,baseline->NB,61.904761904761905,57.65107212475633
glass,1,8,soft->NB,57.142857142857146,54.44444444444444
glass,1,8,attr->NB,61.904761904761905,57.65107212475633
glass,1,8,softattr->NB,61.904761904761905,57.280701754385966
glass,1,8,correct->NB,28.571428571428573,37.870370370370374
glass,1,8,soft->DT,66.66666666666667,64.38492063492063
glass,1,8,correct->DT,61.904761904761905,61.94067370537958
glass,1,8,committee->DT,66.66666666666667,54.861111111111114
glass,1,9,baseline->NB,47.61904761904762,47.14285714285714
glass,1,9,soft->NB,28.571428571428573,31.20490620490621
glass,1,9,attr->NB,52.38095238095238,44.35897435897436
glass,1,9,softattr->NB,33.333333333333336,33.3028083028083
glass,1,9,correct->NB,33.333333333333336,33.85836385836385
glass,1,9,soft->DT,47.61904761904762,43.544973544973544
glass,1,9,correct->DT,71.42857142857143,69.04761904761904
glass,1,9,committee->DT,57.142857142857146,48.448610213316094
glass,2,0,baseline->NB,50.0,64.15598290598291
glass,2,0,soft->NB,45.45454545454545,49.47089947089947
glass,2,0,attr->NB,50.0,56.98005698005698
glass,2,0,softattr->NB,40.90909090909091,40.74770258980785
glass,2,0,correct->NB,50.0,51.15440115440115
glass,2,0,soft->DT,68.18181818181819,60.256410256410255
glass,2,0,correct->DT,77.27272727272727,67.89682539682539
glass,2,0,committee->DT,68.18181818181819,60.95238095238095
glass,2,1,baseline->NB,54.54545454545455,49.36469962785752
glass,2,1,soft->NB,45.45454545454545,35.07936507936507
glass,2,1,attr->NB,50.0,40.00000000000001
glass,2,1,softattr->NB,45.45454545454545,35.07936507936507
glass,2,1,correct->NB,50.0,40.526315789473685
glass,2,1,soft->DT,50.0,51.683501683501675
glass,2,1,correct->DT,54.54545454545455,60.0
glass,2,1,committee->DT,50.0,53.28282828282828
glass,2,2,baseline->NB,45.45454545454545,41.111111111111114
glass,2,2,soft->NB,22.727272727272727,29.786324786324787
glass,2,2,attr->NB,40.90909090909091,33.535353535353536
glass,2,2,softattr->NB,22.727272727272727,29.786324786324787
glass,2,2,correct->NB,31.818181818181817,50.231481481481474
glass,2,2,soft->DT,50.0,43.65079365079365
glass,2,2,correct->DT,63.63636363636363,60.55555555555555
glass,2,2,committee->DT,72.72727272727273,79.7049441786284
glass,2,3,baseline->NB,31.818181818181817,46.666666666666664
glass,2,3,soft->NB,22.727272727272727,37.72727272727273
glass,2,3,attr->NB,31.818181818181817,46.666666666666664
glass,2,3,softattr->NB,22.727272727272727,37.72727272727273
glass,2,3,correct->NB,36.36363636363637,52.42424242424243
glass,2,3,soft->DT,31.818181818181817,47.77777777777778
glass,2,3,correct->DT,72.72727272727273,66.34920634920634
glass,2,3,committee->DT,77.27272727272727,70.27777777777779
glass,2,4,baseline->NB,47.61904761904762,31.442307692307697
glass,2,4,soft->NB,57.142857142857146,53.273809523809526
glass,2,4,attr->NB,57.142857142857146,34.62184873949579
glass,2,4,softattr->NB,57.142857142857146,53.273809523809526
glass,2,4,correct->NB,33.333333333333336,32.56410256410256
glass,2,4,soft->DT,66.66666666666667,50.79365079365079
glass,2,4,correct->DT,57.142857142857146,63.034188034188034
glass,2,4,committee->DT,61.904761904761905,65.8119658119658
glass,2,5,baseline->NB,42.857142857142854,38.04812834224599
glass,2,5,soft->NB,47.61904761904762,38.764705882352935
glass,2,5,attr->NB,42.857142857142854,32.185592185592185
glass,2,5,softattr->NB,42.857142857142854,31.89033189033189
glass,2,5,correct->NB,33.333333333333336,28.636363636363633
glass,2,5,soft->DT,61.904761904761905,42.08212839791787
glass,2,5,correct->DT,66.66666666666667,44.642857142857146
glass,2,5,committee->DT,66.66666666666667,44.642857142857146
glass,2,6,baseline->NB,52.38095238095238,50.0
glass,2,6,soft->NB,47.61904761904762,42.857142857142854
glass,2,6,attr->NB,52.38095238095238,43.47826086956522
glass,2,6,softattr->NB,47.61904761904762,42.42424242424242
glass,2,6,correct->NB,38.095238095238095,44.44444444444445
glass,2,6,soft->DT,52.38095238095238,43.47826086956522
glass,2,6,correct->DT,76.19047619047619,74.07407407407408
glass,2,6,committee->DT,76.19047619047619,58.96358543417367
glass,2,7,baseline->NB,38.095238095238095,35.317884729649435
glass,2,7,soft->NB,47.61904761904762,45.0
glass,2,7,attr->NB,38.095238095238095,34.24836601307189
glass,2,7,softattr->NB,47.61904761904762,44.42307692307693
glass,2,7,correct->NB,33.333333333333336,37.53968253968254
glass,2,7,soft->DT,52.38095238095238,47.58838383838384
glass,2,7,correct->DT,57.142857142857146,49.617224880382764
glass,2,7,committee->DT,71.42857142857143,57.614379084967325
glass,2,8,baseline->NB,52.38095238095238,59.80392156862745
glass,2,8,soft->NB,38.095238095238095,53.27635327635327
glass,2,8,attr->NB,47.61904761904762,52.77777777777778
glass,2,8,softattr->NB,38.095238095238095,53.27635327635327
glass,2,8,correct->NB,28.571428571428573,47.008547008547005
glass,2,8,soft->DT,61.904761904761905,59.72222222222222
glass,2,8,correct->DT,71.42857142857143,67.4074074074074
glass,2,8,committee->DT,76.19047619047619,69.52861952861952
glass,2,9,baseline->NB,52.38095238095238,51.85185185185185
glass,2,9,soft->NB,47.61904761904762,48.771929824561404
glass,2,9,attr->NB,52.38095238095238,52.47563352826511
glass,2,9,softattr->NB,42.857142857142854,41.26984126984127
glass,2,9,correct->NB,47.61904761904762,47.89915966386554
glass,2,9,soft->DT,52.38095238095238,43.93939393939394
glass,2,9,correct->DT,66.66666666666667,66.12368024132729
glass,2,9,committee->DT,66.66666666666667,68.5185185185185
glass,3,0,baseline->NB,59.09090909090909,46.63742690058479
glass,3,0,soft->NB,50.0,43.09764309764309
glass,3,0,attr->NB,59.09090909090909,46.63742690058479
glass,3,0,softattr->NB,54.54545454545455,43.83838383838384
glass,3,0,correct->NB,45.45454545454545,41.52777777777778
glass,3,0,soft->DT,50.0,41.33439659755449
glass,3,0,correct->DT,63.63636363636363,53.333333333333336
glass,3,0,committee->DT,68.18181818181819,63.05555555555556
glass,3,1,baseline->NB,63.63636363636363,68.17460317460316
glass,3,1,soft->NB,50.0,46.32275132275132
glass,3,1,attr->NB,54.54545454545455,52.98941798941799
glass,3,1,softattr->NB,50.0,48.21637426900585
glass,3,1,correct->NB,40.90909090909091,51.91798941798942
glass,3,1,soft->DT,50.0,43.73015873015873
glass,3,1,correct->DT,63.63636363636363,69.20024420024419
glass,3,1,committee->DT,59.09090909090909,58.03571428571429
glass,3,2,baseline->NB,50.0,49.69696969696969
glass,3,2,soft->NB,50.0,48.322649572649574
glass,3,2,attr->NB,50.0,41.111111111111114
glass,3,2,softattr->NB,45.45454545454545,39.37657114127702
glass,3,2,correct->NB,31.818181818181817,34.70085470085469
glass,3,2,soft->DT,54.54545454545455,49.44444444444444
glass,3,2,correct->DT,59.09090909090909,57.407407407407405
glass,3,2,committee->DT,54.54545454545455,44.317738791423
glass,3,3,baseline->NB,45.45454545454545,42.61904761904762
glass,3,3,soft->NB,36.36363636363637,40.35087719298245
glass,3,3,attr->NB,54.54545454545455,46.96969696969697
glass,3,3,softattr->NB,45.45454545454545,44.696969696969695
glass,3,3,correct->NB,36.36363636363637,53.86243386243387
glass,3,3,soft->DT,59.09090909090909,58.38383838383838
glass,3,3,correct->DT,68.18181818181819,64.44444444444444
glass,3,3,committee->DT,68.18181818181819,69.44444444444443
glass,3,4,baseline->NB,23.80952380952381,39.23076923076923
glass,3,4,soft->NB,28.571428571428573,39.21568627450981
glass,3,4,attr->NB,28.571428571428573,41.42857142857143
glass,3,4,softattr->NB,28.571428571428573,39.21568627450981
glass,3,4,correct->NB,33.333333333333336,44.230769230769226
glass,3,4,soft->DT,23.80952380952381,38.46153846153846
glass,3,4,correct->DT,61.904761904761905,60.972222222222214
glass,3,4,committee->DT,76.19047619047619,71.25188536953243
glass,3,5,baseline->NB,33.333333333333336,37.5
glass,3,5,soft->NB,28.571428571428573,36.666666666666664
glass,3,5,attr->NB,38.095238095238095,39.411764705882355
glass,3,5,softattr->NB,23.80952380952381,33.63636363636363
glass,3,5,correct->NB,28.571428571428573,39.63636363636363
glass,3,5,soft->DT,52.38095238095238,51.717171717171716
glass,3,5,correct->DT,57.142857142857146,51.87301587301587
glass,3,5,committee->DT,66.66666666666667,59.16666666666666
glass,3,6,baseline->NB,52.38095238095238,54.19786096256685
glass,3,6,soft->NB,38.095238095238095,45.75757575757576
glass,3,6,attr->NB,47.61904761904762,45.31986531986532
glass,3,6,softattr->NB,38.095238095238095,45.75757575757576
glass,3,6,correct->NB,33.333333333333336,40.553520553520556
glass,3,6,soft->DT,76.19047619047619,57.61904761904761
glass,3,6,correct->DT,71.42857142857143,55.537599655246716
glass,3,6,committee->DT,66.66666666666667,53.17460317460318
glass,3,7,baseline->NB,38.095238095238095,39.32461873638344
glass,3,7,soft->NB,19.047619047619047,11.616161616161618
glass,3,7,attr->NB,52.38095238095238,43.05555555555555
glass,3,7,softattr->NB,19.047619047619047,11.616161616161618
glass,3,7,correct->NB,14.285714285714286,8.83838383838384
glass,3,7,soft->DT,57.142857142857146,49.884559884559884
glass,3,7,correct->DT,38.095238095238095,31.652661064425768
glass,3,7,committee->DT,42.857142857142854,33.8095238095238
glass,3,8,baseline->NB,47.61904761904762,42.42424242424243
glass,3,8,soft->NB,47.61904761904762,40.572390572390574
glass,3,8,attr->NB,47.61904761904762,42.42424242424243
glass,3,8,softattr->NB,47.61904761904762,40.572390572390574
glass,3,8,correct->NB,47.61904761904762,42.42424242424243
glass,3,8,soft->DT,42.857142857142854,36.473429951690825
glass,3,8,correct->DT,61.904761904761905,49.166666666666664
glass,3,8,committee->DT,52.38095238095238,45.14472455648926
glass,3,9,baseline->NB,47.61904761904762,46.2962962962963
glass,3,9,soft->NB,52.38095238095238,51.60286336756924
glass,3,9,attr->NB,52.38095238095238,47.03703703703703
glass,3,9,softattr->NB,47.61904761904762,45.808966861598435
glass,3,9,correct->NB,33.333333333333336,41.2037037037037
glass,3,9,soft->DT,76.19047619047619,58.96358543417367
glass,3,9,correct->DT,76.19047619047619,68.42634489693312
glass,3,9,committee->DT,80.95238095238095,61.38888888888889
glass,4,0,baseline->NB,50.0,44.4600062247121
glass,4,0,soft->NB,40.90909090909091,34.010270774976654
glass,4,0,attr->NB,50.0,42.480158730158735
glass,4,0,softattr->NB,45.45454545454545,35.68376068376068
glass,4,0,correct->NB,36.36363636363637,35.81196581196581
glass,4,0,soft->DT,45.45454545454545,37.072649572649574
glass,4,0,correct->DT,45.45454545454545,34.24201529464687
glass,4,0,committee->DT,54.54545454545455,42.592592592592595
glass,4,1,baseline->NB,40.90909090909091,24.444444444444446
glass,4,1,soft->NB,54.54545454545455,48.33333333333334
glass,4,1,attr->NB,50.0,44.44444444444445
glass,4,1,softattr->NB,50.0,40.50505050505051
glass,4,1,correct->NB,27.272727272727273,37.254901960784316
glass,4,1,soft->DT,50.0,35.606060606060616
glass,4,1,correct->DT,63.63636363636363,44.54248366013072
glass,4,1,committee->DT,63.63636363636363,44.54248366013072
glass,4,2,baseline->NB,50.0,50.63725490196078
glass,4,2,soft->NB,27.272727272727273,38.75
glass,4,2,attr->NB,50.0,46.19047619047619
glass,4,2,softattr->NB,27.272727272727273,38.75
glass,4,2,correct->NB,27.272727272727273,38.75
glass,4,2,soft->DT,59.09090909090909,58.38383838383838
glass,4,2,correct->DT,72.72727272727273,65.41666666666667
glass,4,2,committee->DT,68.18181818181819,76.73992673992673
glass,4,3,baseline->NB,45.45454545454545,40.8080808080808
glass,4,3,soft->NB,40.90909090909091,43.7037037037037
glass,4,3,attr->NB,54.54545454545455,49.41520467836257
glass,4,3,softattr->NB,40.90909090909091,42.83422459893049
glass,4,3,correct->NB,36.36363636363637,53.70370370370371
glass,4,3,soft->DT,50.0,46.889952153110045
glass,4,3,correct->DT,68.18181818181819,53.391812865497066
glass,4,3,committee->DT,72.72727272727273,64.88603988603988
glass,4,4,baseline->NB,19.047619047619047,39.81481481481482
glass,4,4,soft->NB,19.047619047619047,40.27777777777777
glass,4,4,attr->NB,19.047619047619047,39.81481481481482
glass,4,4,softattr->NB,14.285714285714286,36.11111111111111
glass,4,4,correct->NB,23.80952380952381,42.77777777777778
glass,4,4,soft->DT,19.047619047619047,40.849673202614376
glass,4,4,correct->DT,66.66666666666667,66.46556058320763
glass,4,4,committee->DT,66.66666666666667,67.30158730158729
glass,4,5,baseline->NB,47.61904761904762,46.57142857142856
glass,4,5,soft->NB,33.333333333333336,39.743589743589745
glass,4,5,attr->NB,47.61904761904762,46.57142857142856
glass,4,5,softattr->NB,28.571428571428573,36.666666666666664
glass,4,5,correct->NB,23.80952380952381,34.92063492063492
glass,4,5,soft->DT,52.38095238095238,49.04761904761905
glass,4,5,correct->DT,52.38095238095238,48.45938375350139
glass,4,5,committee->DT,57.142857142857146,55.714285714285715
glass,4,6,baseline->NB,61.904761904761905,53.431372549019606
glass,4,6,soft->NB,66.66666666666667,53.828197945845005
glass,4,6,attr->NB,57.142857142857146,50.505050505050505
glass,4,6,softattr->NB,61.904761904761905,51.15440115440115
glass,4,6,correct->NB,61.904761904761905,53.431372549019606
glass,4,6,soft->DT,61.904761904761905,66.20879120879121
glass,4,6,correct->DT,61.904761904761905,51.14468864468865
glass,4,6,committee->DT,61.904761904761905,50.39682539682539
glass,4,7,baseline->NB,38.095238095238095,38.33333333333333
glass,4,7,soft->NB,38.095238095238095,40.047846889952154
glass,4,7,attr->NB,42.857142857142854,41.66666666666667
glass,4,7,softattr->NB,47.61904761904762,42.554112554112564
glass,4,7,correct->NB,38.095238095238095,44.82517482517483
glass,4,7,soft->DT,47.61904761904762,40.60606060606061
glass,4,7,correct->DT,57.142857142857146,48.34130781499202
glass,4,7,committee->DT,66.66666666666667,63.39181286549708
glass,4,8,baseline->NB,61.904761904761905,58.333333333333336
glass,4,8,soft->NB,52.38095238095238,43.95424836601307
glass,4,8,attr->NB,52.38095238095238,42.61031366294524
glass,4,8,softattr->NB,52.38095238095238,42.61031366294524
glass,4,8,correct->NB,52.38095238095238,42.03703703703703
glass,4,8,soft->DT,57.142857142857146,44.44444444444444
glass,4,8,correct->DT,61.904761904761905,47.43107769423558
glass,4,8,committee->DT,71.42857142857143,52.182539682539684
glass,4,9,baseline->NB,42.857142857142854,41.15440115440115
glass,4,9,soft->NB,42.857142857142854,43.05555555555556
glass,4,9,attr->NB,57.142857142857146,47.28535353535353
glass,4,9,softattr->NB,42.857142857142854,43.535353535353536
glass,4,9,correct->NB,42.857142857142854,53.02706552706552
glass,4,9,soft->DT,71.42857142857143,68.05555555555554
glass,4,9,correct->DT,66.66666666666667,69.99999999999999
glass,4,9,committee->DT,76.19047619047619,76.4069264069264
glass,5,0,baseline->NB,45.45454545454545,52.6608187134503
glass,5,0,soft->NB,27.272727272727273,38.74458874458875
glass,5,0,attr->NB,45.45454545454545,47.85714285714285
glass,5,0,softattr->NB,27.272727272727273,38.95622895622896
glass,5,0,correct->NB,22.727272727272727,35.34188034188034
glass,5,0,soft->DT,45.45454545454545,50.1388888888889
glass,5,0,correct->DT,63.63636363636363,67.95518207282912
glass,5,0,committee->DT,59.09090909090909,65.97222222222221
glass,5,1,baseline->NB,50.0,38.953444216602115
glass,5,1,soft->NB,50.0,37.47076023391813
glass,5,1,attr->NB,50.0,40.8080808080808
glass,5,1,softattr->NB,50.0,38.730158730158735
glass,5,1,correct->NB,40.90909090909091,38.651218062982764
glass,5,1,soft->DT,40.90909090909091,35.58201058201058
glass,5,1,correct->DT,63.63636363636363,47.4179415355886
glass,5,1,committee->DT,68.18181818181819,53.96825396825397
glass,5,2,baseline->NB,59.09090909090909,60.728335991493886
glass,5,2,soft->NB,63.63636363636363,68.30409356725147
glass,5,2,attr->NB,68.18181818181819,69.44444444444446
glass,5,2,softattr->NB,68.18181818181819,69.44444444444446
glass,5,2,correct->NB,45.45454545454545,57.16931216931217
glass,5,2,soft->DT,50.0,47.272727272727266
glass,5,2,correct->DT,72.72727272727273,67.16153127917833
glass,5,2,committee->DT,59.09090909090909,51.637426900584806
glass,5,3,baseline->NB,45.45454545454545,40.476190476190474
glass,5,3,soft->NB,50.0,49.85569985569986
glass,5,3,attr->NB,50.0,42.61904761904762
glass,5,3,softattr->NB,45.45454545454545,49.089635854341736
glass,5,3,correct->NB,27.272727272727273,41.50793650793651
glass,5,3,soft->DT,54.54545454545455,50.39682539682539
glass,5,3,correct->DT,72.72727272727273,65.67460317460318
glass,5,3,committee->DT,63.63636363636363,59.285714285714285
glass,5,4,baseline->NB,47.61904761904762,54.248366013071895
glass,5,4,soft->NB,33.333333333333336,42.77777777777778
glass,5,4,attr->NB,47.61904761904762,46.637426900584785
glass,5,4,softattr->NB,28.571428571428573,28.888888888888893
glass,5,4,correct->NB,23.80952380952381,38.49206349206349
glass,5,4,soft->DT,52.38095238095238,48.11507936507937
glass,5,4,correct->DT,52.38095238095238,49.30555555555555
glass,5,4,committee->DT,57.142857142857146,56.66666666666666
glass,5,5,baseline->NB,33.333333333333336,30.666666666666664
glass,5,5,soft->NB,14.285714285714286,10.303030303030303
glass,5,5,attr->NB,38.095238095238095,32.057416267942585
glass,5,5,softattr->NB,9.523809523809524,6.969696969696971
glass,5,5,correct->NB,19.047619047619047,20.666666666666664
glass,5,5,soft->DT,47.61904761904762,36.96969696969697
glass,5,5,correct->DT,47.61904761904762,28.881118881118883
glass,5,5,committee->DT,61.904761904761905,54.736842105263165
glass,5,6,baseline->NB,19.047619047619047,32.083333333333336
glass,5,6,soft->NB,19.047619047619047,32.22222222222222
glass,5,6,attr->NB,19.047619047619047,32.083333333333336
glass,5,6,softattr->NB,19.047619047619047,32.083333333333336
glass,5,6,correct->NB,33.333333333333336,42.751322751322746
glass,5,6,soft->DT,33.333333333333336,55.925925925925924
glass,5,6,correct->DT,61.904761904761905,58.273809523809526
glass,5,6,committee->DT,76.19047619047619,66.98717948717949
glass,5,7,baseline->NB,61.904761904761905,56.666666666666664
glass,5,7,soft->NB,57.142857142857146,54.44444444444444
glass,5,7,attr->NB,57.142857142857146,48.70370370370371
glass,5,7,softattr->NB,52.38095238095238,46.666666666666664
glass,5,7,correct->NB,42.857142857142854,49.20634920634921
glass,5,7,soft->DT,71.42857142857143,67.20085470085469
glass,5,7,correct->DT,76.19047619047619,66.9047619047619
glass,5,7,committee->DT,80.95238095238095,81.7094017094017
glass,5,8,baseline->NB,61.904761904761905,54.54248366013071
glass,5,8,soft->NB,38.095238095238095,36.80555555555555
glass,5,8,attr->NB,66.66666666666667,49.14938862307283
glass,5,8,softattr->NB,42.857142857142854,38.651218062982764
glass,5,8,correct->NB,57.142857142857146,50.96866096866096
glass,5,8,soft->DT,47.61904761904762,35.923141186299084
glass,5,8,correct->DT,66.66666666666667,56.19047619047619
glass,5,8,committee->DT,66.66666666666667,63.65440115440115
glass,5,9,baseline->NB,52.38095238095238,50.94627594627595
glass,5,9,soft->NB,47.61904761904762,42.136752136752136
glass,5,9,attr->NB,47.61904761904762,42.136752136752136
glass,5,9,softattr->NB,42.857142857142854,39.58333333333333
glass,5,9,correct->NB,47.61904761904762,43.957431457431454
glass,5,9,soft->DT,57.142857142857146,50.95238095238095
glass,5,9,correct->DT,57.142857142857146,58.0952380952381
glass,5,9,committee->DT,47.61904761904762,39.20634920634921
glass,6,0,baseline->NB,50.0,48.4006734006734
glass,6,0,soft->NB,45.45454545454545,40.313390313390315
glass,6,0,attr->NB,40.90909090909091,38.215488215488215
glass,6,0,softattr->NB,40.90909090909091,38.215488215488215
glass,6,0,correct->NB,31.818181818181817,40.53030303030303
glass,6,0,soft->DT,50.0,40.63492063492063
glass,6,0,correct->DT,68.18181818181819,55.51470588235294
glass,6,0,committee->DT,68.18181818181819,55.51470588235294
glass,6,1,baseline->NB,40.90909090909091,37.415786827551536
glass,6,1,soft->NB,27.272727272727273,32.35042735042735
glass,6,1,attr->NB,40.90909090909091,37.415786827551536
glass,6,1,softattr->NB,27.272727272727273,32.77777777777778
glass,6,1,correct->NB,31.818181818181817,34.334554334554326
glass,6,1,soft->DT,40.90909090909091,35.41666666666667
glass,6,1,correct->DT,54.54545454545455,60.971055088702144
glass,6,1,committee->DT,59.09090909090909,63.352007469654524
glass,6,2,baseline->NB,54.54545454545455,48.282828282828284
glass,6,2,soft->NB,50.0,40.00000000000001
glass,6,2,attr->NB,54.54545454545455,43.333333333333336
glass,6,2,softattr->NB,50.0,40.00000000000001
glass,6,2,correct->NB,40.90909090909091,42.44949494949495
glass,6,2,soft->DT,54.54545454545455,43.333333333333336
glass,6,2,correct->DT,63.63636363636363,51.19047619047619
glass,6,2,committee->DT,81.81818181818181,61.642156862745104
glass,6,3,baseline->NB,63.63636363636363,63.888888888888886
glass,6,3,soft->NB,54.54545454545455,59.25925925925925
glass,6,3,attr->NB,68.18181818181819,64.44444444444444
glass,6,3,softattr->NB,59.09090909090909,60.0
glass,6,3,correct->NB,54.54545454545455,63.22649572649573
glass,6,3,soft->DT,63.63636363636363,62.663067926225814
glass,6,3,correct->DT,72.72727272727273,65.27777777777779
glass,6,3,committee->DT,81.81818181818181,71.50326797385621
glass,6,4,baseline->NB,47.61904761904762,59.25925925925925
glass,6,4,soft->NB,38.095238095238095,55.16705516705517
glass,6,4,attr->NB,57.142857142857146,66.66666666666666
glass,6,4,softattr->NB,38.095238095238095,55.16705516705517
glass,6,4,correct->NB,33.333333333333336,54.074074074074076
glass,6,4,soft->DT,47.61904761904762,57.777777777777786
glass,6,4,correct->DT,61.904761904761905,78.33333333333331
glass,6,4,committee->DT,71.42857142857143,72.87581699346406
glass,6,5,baseline->NB,19.047619047619047,21.142857142857142
glass,6,5,soft->NB,23.80952380952381,34.92063492063492
glass,6,5,attr->NB,23.80952380952381,31.587301587301585
glass,6,5,softattr->NB,19.047619047619047,27.142857142857146
glass,6,5,correct->NB,23.80952380952381,31.587301587301585
glass,6,5,soft->DT,28.571428571428573,37.57575757575757
glass,6,5,correct->DT,52.38095238095238,47.58241758241758
glass,6,5,committee->DT,66.66666666666667,56.90152984270631
glass,6,6,baseline->NB,38.095238095238095,30.0
glass,6,6,soft->NB,38.095238095238095,27.777777777777775
glass,6,6,attr->NB,38.095238095238095,30.0
glass,6,6,softattr->NB,38.095238095238095,27.777777777777775
glass,6,6,correct->NB,38.095238095238095,30.0
glass,6,6,soft->DT,38.095238095238095,27.38095238095238
glass,6,6,correct->DT,57.142857142857146,57.47863247863248
glass,6,6,committee->DT,71.42857142857143,62.606837606837594
glass,6,7,baseline->NB,52.38095238095238,35.648148148148145
glass,6,7,soft->NB,52.38095238095238,50.58201058201058
glass,6,7,attr->NB,66.66666666666667,63.39181286549708
glass,6,7,softattr->NB,52.38095238095238,48.771929824561404
glass,6,7,correct->NB,42.857142857142854,46.052096052096054
glass,6,7,soft->DT,57.142857142857146,48.70370370370371
glass,6,7,correct->DT,80.95238095238095,71.8482905982906
glass,6,7,committee->DT,85.71428571428571,78.86904761904762
glass,6,8,baseline->NB,38.095238095238095,42.60504201680672
glass,6,8,soft->NB,33.333333333333336,41.7989417989418
glass,6,8,attr->NB,47.61904761904762,43.22751322751322
glass,6,8,softattr->NB,33.333333333333336,41.7989417989418
glass,6,8,correct->NB,33.333333333333336,47.04739704739704
glass,6,8,soft->DT,61.904761904761905,55.811965811965806
glass,6,8,correct->DT,66.66666666666667,67.67676767676768
glass,6,8,committee->DT,71.42857142857143,75.73232323232322
glass,6,9,baseline->NB,52.38095238095238,52.63888888888889
glass,6,9,soft->NB,52.38095238095238,50.55555555555556
glass,6,9,attr->NB,52.38095238095238,47.563352826510716
glass,6,9,softattr->NB,52.38095238095238,50.55555555555556
glass,6,9,correct->NB,33.333333333333336,42.77777777777778
glass,6,9,soft->DT,66.66666666666667,54.090909090909086
glass,6,9,correct->DT,61.904761904761905,52.77777777777778
glass,6,9,committee->DT,61.904761904761905,52.77777777777778
glass,7,0,baseline->NB,50.0,40.33119658119658
glass,7,0,soft->NB,54.54545454545455,43.75
glass,7,0,attr->NB,63.63636363636363,48.05555555555554
glass,7,0,softattr->NB,50.0,41.39122315592904
glass,7,0,correct->NB,54.54545454545455,57.33525733525734
glass,7,0,soft->DT,68.18181818181819,65.25641025641025
glass,7,0,correct->DT,72.72727272727273,69.28104575163397
glass,7,0,committee->DT,72.72727272727273,74.44444444444444
glass,7,1,baseline->NB,50.0,45.07936507936508
glass,7,1,soft->NB,45.45454545454545,44.32748538011697
glass,7,1,attr->NB,27.272727272727273,24.814814814814813
glass,7,1,softattr->NB,27.272727272727273,24.814814814814813
glass,7,1,correct->NB,36.36363636363637,44.141414141414145
glass,7,1,soft->DT,45.45454545454545,42.77777777777778
glass,7,1,correct->DT,54.54545454545455,48.14814814814816
glass,7,1,committee->DT,54.54545454545455,47.66917293233083
glass,7,2,baseline->NB,36.36363636363637,43.12865497076023
glass,7,2,soft->NB,31.818181818181817,33.831908831908834
glass,7,2,attr->NB,40.90909090909091,36.868686868686865
glass,7,2,softattr->NB,40.90909090909091,39.08730158730159
glass,7,2,correct->NB,22.727272727272727,33.58585858585859
glass,7,2,soft->DT,54.54545454545455,49.86531986531986
glass,7,2,correct->DT,54.54545454545455,62.87674313990102
glass,7,2,committee->DT,63.63636363636363,71.02564102564102
glass,7,3,baseline->NB,45.45454545454545,46.16755793226381
glass,7,3,soft->NB,40.90909090909091,46.03174603174603
glass,7,3,attr->NB,54.54545454545455,48.644338118022326
glass,7,3,softattr->NB,40.90909090909091,46.03174603174603
glass,7,3,correct->NB,36.36363636363637,43.03030303030304
glass,7,3,soft->DT,63.63636363636363,52.69230769230769
glass,7,3,correct->DT,68.18181818181819,55.13784461152883
glass,7,3,committee->DT,77.27272727272727,69.3121693121693
glass,7,4,baseline->NB,47.61904761904762,51.481481481481474
glass,7,4,soft->NB,38.095238095238095,47.77777777777778
glass,7,4,attr->NB,52.38095238095238,52.7485380116959
glass,7,4,softattr->NB,38.095238095238095,48.23232323232323
glass,7,4,correct->NB,33.333333333333336,50.37037037037037
glass,7,4,soft->DT,61.904761904761905,55.61588738059326
glass,7,4,correct->DT,61.904761904761905,60.438842203548084
glass,7,4,committee->DT,66.66666666666667,67.33974358974359
glass,7,5,baseline->NB,23.80952380952381,31.14285714285714
glass,7,5,soft->NB,19.047619047619047,20.77922077922078
glass,7,5,attr->NB,23.80952380952381,31.14285714285714
glass,7,5,softattr->NB,23.80952380952381,31.587301587301585
glass,7,5,correct->NB,23.80952380952381,30.77922077922078
glass,7,5,soft->DT,28.571428571428573,34.41558441558442
glass,7,5,correct->DT,52.38095238095238,38.57142857142858
glass,7,5,committee->DT,57.142857142857146,52.20695970695971
glass,7,6,baseline->NB,52.38095238095238,41.63742690058479
glass,7,6,soft->NB,52.38095238095238,41.63742690058479
glass,7,6,attr->NB,52.38095238095238,41.63742690058479
glass,7,6,softattr->NB,52.38095238095238,41.63742690058479
glass,7,6,correct->NB,38.095238095238095,40.410052910052904
glass,7,6,soft->DT,52.38095238095238,42.59259259259259
glass,7,6,correct->DT,71.42857142857143,55.09803921568627
glass,7,6,committee->DT,71.42857142857143,56.94444444444444
glass,7,7,baseline->NB,61.904761904761905,59.25925925925925
glass,7,7,soft->NB,42.857142857142854,45.0
glass,7,7,attr->NB,61.904761904761905,59.25925925925925
glass,7,7,softattr->NB,47.61904761904762,46.081871345029235
glass,7,7,correct->NB,47.61904761904762,48.269530034235906
glass,7,7,soft->DT,52.38095238095238,46.666666666666664
glass,7,7,correct->DT,61.904761904761905,50.65359477124183
glass,7,7,committee->DT,66.66666666666667,54.621848739495796
glass,7,8,baseline->NB,42.857142857142854,32.57275132275132
glass,7,8,soft->NB,38.095238095238095,30.416666666666664
glass,7,8,attr->NB,52.38095238095238,54.403983815748525
glass,7,8,softattr->NB,42.857142857142854,47.68129474011827
glass,7,8,correct->NB,38.095238095238095,29.100529100529098
glass,7,8,soft->DT,52.38095238095238,46.19047619047619
glass,7,8,correct->DT,61.904761904761905,52.13675213675213
glass,7,8,committee->DT,76.19047619047619,69.68253968253967
glass,7,9,baseline->NB,38.095238095238095,36.666666666666664
glass,7,9,soft->NB,38.095238095238095,33.98268398268398
glass,7,9,attr->NB,38.095238095238095,36.11111111111111
glass,7,9,softattr->NB,38.095238095238095,33.98268398268398
glass,7,9,correct->NB,38.095238095238095,36.666666666666664
glass,7,9,soft->DT,38.095238095238095,34.309481368304894
glass,7,9,correct->DT,52.38095238095238,46.98412698412698
glass,7,9,committee->DT,57.142857142857146,43.65079365079365
glass,8,0,baseline->NB,54.54545454545455,54.39393939393939
glass,8,0,soft->NB,45.45454545454545,43.13725490196078
glass,8,0,attr->NB,59.09090909090909,57.777777777777786
glass,8,0,softattr->NB,45.45454545454545,42.11640211640212
glass,8,0,correct->NB,31.818181818181817,39.73581973581974
glass,8,0,soft->DT,59.09090909090909,57.14285714285714
glass,8,0,correct->DT,45.45454545454545,42.63888888888889
glass,8,0,committee->DT,50.0,45.138888888888886
glass,8,1,baseline->NB,45.45454545454545,37.47474747474747
glass,8,1,soft->NB,45.45454545454545,35.55555555555556
glass,8,1,attr->NB,45.45454545454545,37.47474747474747
glass,8,1,softattr->NB,45.45454545454545,35.55555555555556
glass,8,1,correct->NB,45.45454545454545,37.47474747474747
glass,8,1,soft->DT,54.54545454545455,41.45743145743146
glass,8,1,correct->DT,54.54545454545455,47.9039479039479
glass,8,1,committee->DT,63.63636363636363,66.94677871148458
glass,8,2,baseline->NB,27.272727272727273,22.56854256854257
glass,8,2,soft->NB,27.272727272727273,38.88888888888889
glass,8,2,attr->NB,36.36363636363637,43.888888888888886
glass,8,2,softattr->NB,27.272727272727273,38.88888888888889
glass,8,2,correct->NB,31.818181818181817,24.841269841269842
glass,8,2,soft->DT,40.90909090909091,45.0
glass,8,2,correct->DT,54.54545454545455,51.58730158730158
glass,8,2,committee->DT,63.63636363636363,70.06033182503771
glass,8,3,baseline->NB,40.90909090909091,49.906629318394025
glass,8,3,soft->NB,36.36363636363637,48.31349206349207
glass,8,3,attr->NB,45.45454545454545,55.55555555555555
glass,8,3,softattr->NB,36.36363636363637,45.55555555555555
glass,8,3,correct->NB,31.818181818181817,46.93121693121694
glass,8,3,soft->DT,54.54545454545455,55.99415204678362
glass,8,3,correct->DT,59.09090909090909,67.49622926093514
glass,8,3,committee->DT,59.09090909090909,57.58169934640522
glass,8,4,baseline->NB,42.857142857142854,49.509803921568626
glass,8,4,soft->NB,42.857142857142854,49.509803921568626
glass,8,4,attr->NB,42.857142857142854,49.07407407407407
glass,8,4,softattr->NB,47.61904761904762,50.92592592592592
glass,8,4,correct->NB,28.571428571428573,44.300144300144304
glass,8,4,soft->DT,47.61904761904762,51.470588235294116
glass,8,4,correct->DT,57.142857142857146,56.74603174603175
glass,8,4,committee->DT,61.904761904761905,62.857142857142854
glass,8,5,baseline->NB,38.095238095238095,28.679653679653676
glass,8,5,soft->NB,33.333333333333336,27.086247086247088
glass,8,5,attr->NB,47.61904761904762,32.63888888888889
glass,8,5,softattr->NB,28.571428571428573,24.017094017094017
glass,8,5,correct->NB,23.80952380952381,20.476190476190478
glass,8,5,soft->DT,61.904761904761905,47.71825396825397
glass,8,5,correct->DT,76.19047619047619,60.95098039215687
glass,8,5,committee->DT,80.95238095238095,71.78571428571429
glass,8,6,baseline->NB,52.38095238095238,44.44444444444444
glass,8,6,soft->NB,28.571428571428573,39.6011396011396
glass,8,6,attr->NB,52.38095238095238,43.93939393939394
glass,8,6,softattr->NB,28.571428571428573,39.6011396011396
glass,8,6,correct->NB,28.571428571428573,47.474747474747474
glass,8,6,soft->DT,52.38095238095238,43.93939393939394
glass,8,6,correct->DT,76.19047619047619,69.76495726495727
glass,8,6,committee->DT,85.71428571428571,78.88888888888889
glass,8,7,baseline->NB,38.095238095238095,32.77777777777778
glass,8,7,soft->NB,23.80952380952381,25.0
glass,8,7,attr->NB,42.857142857142854,36.11111111111111
glass,8,7,softattr->NB,23.80952380952381,25.0
glass,8,7,correct->NB,23.80952380952381,28.366013071895424
glass,8,7,soft->DT,38.095238095238095,34.444444444444436
glass,8,7,correct->DT,57.142857142857146,50.28490028490028
glass,8,7,committee->DT,61.904761904761905,47.83810960281548
glass,8,8,baseline->NB,47.61904761904762,45.925925925925924
glass,8,8,soft->NB,47.61904761904762,45.31986531986532
glass,8,8,attr->NB,52.38095238095238,47.192982456140356
glass,8,8,softattr->NB,47.61904761904762,45.31986531986532
glass,8,8,correct->NB,38.095238095238095,44.892514892514896
glass,8,8,soft->DT,57.142857142857146,58.282828282828284
glass,8,8,correct->DT,71.42857142857143,54.83660130718954
glass,8,8,committee->DT,71.42857142857143,63.169934640522875
glass,8,9,baseline->NB,61.904761904761905,52.77777777777778
glass,8,9,soft->NB,42.857142857142854,43.26229326229327
glass,8,9,attr->NB,61.904761904761905,46.72514619883041
glass,8,9,softattr->NB,47.61904761904762,45.3968253968254
glass,8,9,correct->NB,61.904761904761905,61.75925925925926
glass,8,9,soft->DT,57.142857142857146,40.767195767195766
glass,8,9,correct->DT,71.42857142857143,52.61752136752137
glass,8,9,committee->DT,57.142857142857146,34.47802197802197
glass,9,0,baseline->NB,45.45454545454545,47.40740740740741
glass,9,0,soft->NB,40.90909090909091,42.59259259259259
glass,9,0,attr->NB,40.90909090909091,37.301587301587304
glass,9,0,softattr->NB,40.90909090909091,43.21637426900585
glass,9,0,correct->NB,31.818181818181817,39.72222222222222
glass,9,0,soft->DT,50.0,51.91919191919191
glass,9,0,correct->DT,59.09090909090909,47.998366013071895
glass,9,0,committee->DT,54.54545454545455,45.925925925925924
glass,9,1,baseline->NB,50.0,47.91334396597555
glass,9,1,soft->NB,40.90909090909091,38.788335847159374
glass,9,1,attr->NB,40.90909090909091,38.12865497076024
glass,9,1,softattr->NB,40.90909090909091,39.21568627450981
glass,9,1,correct->NB,40.90909090909091,42.6029526029526
glass,9,1,soft->DT,54.54545454545455,41.91919191919192
glass,9,1,correct->DT,45.45454545454545,40.55555555555555
glass,9,1,committee->DT,54.54545454545455,45.877325289089995
glass,9,2,baseline->NB,31.818181818181817,22.00980392156863
glass,9,2,soft->NB,13.636363636363637,13.744588744588745
glass,9,2,attr->NB,36.36363636363637,20.000000000000004
glass,9,2,softattr->NB,18.181818181818183,16.23931623931624
glass,9,2,correct->NB,27.272727272727273,36.452991452991455
glass,9,2,soft->DT,54.54545454545455,45.63492063492063
glass,9,2,correct->DT,54.54545454545455,58.783068783068785
glass,9,2,committee->DT,63.63636363636363,67.03703703703704
glass,9,3,baseline->NB,63.63636363636363,63.91534391534391
glass,9,3,soft->NB,50.0,54.65608465608466
glass,9,3,attr->NB,68.18181818181819,69.02356902356902
glass,9,3,softattr->NB,50.0,57.37373737373738
glass,9,3,correct->NB,36.36363636363637,48.148148148148145
glass,9,3,soft->DT,50.0,48.4006734006734
glass,9,3,correct->DT,72.72727272727273,68.98809523809524
glass,9,3,committee->DT,77.27272727272727,73.66946778711485
glass,9,4,baseline->NB,38.095238095238095,44.44444444444444
glass,9,4,soft->NB,42.857142857142854,47.14285714285714
glass,9,4,attr->NB,38.095238095238095,44.44444444444444
glass,9,4,softattr->NB,42.857142857142854,46.666666666666664
glass,9,4,correct->NB,38.095238095238095,47.14285714285714
glass,9,4,soft->DT,47.61904761904762,47.84313725490196
glass,9,4,correct->DT,66.66666666666667,63.19444444444444
glass,9,4,committee->DT,76.19047619047619,67.296918767507
glass,9,5,baseline->NB,61.904761904761905,54.71861471861471
glass,9,5,soft->NB,61.904761904761905,62.72370766488413
glass,9,5,attr->NB,66.66666666666667,57.333333333333336
glass,9,5,softattr->NB,61.904761904761905,62.72370766488413
glass,9,5,correct->NB,57.142857142857146,65.81818181818181
glass,9,5,soft->DT,61.904761904761905,53.77777777777778
glass,9,5,correct->DT,80.95238095238095,88.8888888888889
glass,9,5,committee->DT,85.71428571428571,91.8552036199095
glass,9,6,baseline->NB,33.333333333333336,25.925925925925924
glass,9,6,soft->NB,23.80952380952381,23.282828282828284
glass,9,6,attr->NB,42.857142857142854,37.77777777777778
glass,9,6,softattr->NB,23.80952380952381,23.282828282828284
glass,9,6,correct->NB,19.047619047619047,19.735819735819735
glass,9,6,soft->DT,42.857142857142854,40.079365079365076
glass,9,6,correct->DT,57.142857142857146,52.63888888888889
glass,9,6,committee->DT,61.904761904761905,54.722222222222214
glass,9,7,baseline->NB,23.80952380952381,35.294117647058826
glass,9,7,soft->NB,23.80952380952381,35.294117647058826
glass,9,7,attr->NB,23.80952380952381,35.294117647058826
glass,9,7,softattr->NB,23.80952380952381,35.294117647058826
glass,9,7,correct->NB,33.333333333333336,41.239316239316246
glass,9,7,soft->DT,28.571428571428573,39.120370370370374
glass,9,7,correct->DT,76.19047619047619,66.50326797385621
glass,9,7,committee->DT,71.42857142857143,63.72053872053872
glass,9,8,baseline->NB,42.857142857142854,36.11111111111111
glass,9,8,soft->NB,47.61904761904762,37.43386243386244
glass,9,8,attr->NB,42.857142857142854,36.11111111111111
glass,9,8,softattr->NB,47.61904761904762,37.43386243386244
glass,9,8,correct->NB,42.857142857142854,36.11111111111111
glass,9,8,soft->DT,47.61904761904762,38.359788359788354
glass,9,8,correct->DT,61.904761904761905,50.95238095238096
glass,9,8,committee->DT,61.904761904761905,46.19047619047619
glass,9,9,baseline->NB,57.142857142857146,56.100936100936096
glass,9,9,soft->NB,42.857142857142854,41.76046176046176
glass,9,9,attr->NB,61.904761904761905,60.55555555555555
glass,9,9,softattr->NB,42.857142857142854,41.76046176046176
glass,9,9,correct->NB,47.61904761904762,44.56349206349206
glass,9,9,soft->DT,76.19047619047619,60.83638583638583
glass,9,9,correct->DT,76.19047619047619,65.47619047619048
glass,9,9,committee->DT,71.42857142857143,51.550671550671545
iris,0,0,baseline->NB,100.0,100.0
iris,0,0,soft->NB,100.0,100.0
iris,0,0,attr->NB,100.0,100.0
iris,0,0,softattr->NB,100.0,100.0
iris,0,0,correct->NB,100.0,100.0
iris,0,0,soft->DT,100.0,100.0
iris,0,0,correct->DT,100.0,100.0
iris,0,0,committee->DT,100.0,100.0
iris,0,1,baseline->NB,93.33333333333333,93.26599326599326
iris,0,1,soft->NB,86.66666666666667,86.66666666666669
iris,0,1,attr->NB,93.33333333333333,93.26599326599326
iris,0,1,softattr->NB,93.33333333333333,93.26599326599326
iris,0,1,correct->NB,86.66666666666667,86.66666666666669
iris,0,1,soft->DT,86.66666666666667,87.03703703703704
iris,0,1,correct->DT,80.0,80.53872053872054
iris,0,1,committee->DT,86.66666666666667,87.03703703703704
iris,0,2,baseline->NB,93.33333333333333,93.26599326599326
iris,0,2,soft->NB,93.33333333333333,93.26599326599326
iris,0,2,attr->NB,93.33333333333333,93.26599326599326
iris,0,2,softattr->NB,93.33333333333333,93.26599326599326
iris,0,2,correct->NB,93.33333333333333,93.26599326599326
iris,0,2,soft->DT,93.33333333333333,93.26599326599326
iris,0,2,correct->DT,93.33333333333333,93.26599326599326
iris,0,2,committee->DT,93.33333333333333,93.26599326599326
iris,0,3,baseline->NB,100.0,100.0
iris,0,3,soft->NB,100.0,100.0
iris,0,3,attr->NB,100.0,100.0
iris,0,3,softattr->NB,100.0,100.0
iris,0,3,correct->NB,100.0,100.0
iris,0,3,soft->DT,100.0,100.0
iris,0,3,correct->DT,100.0,100.0
iris,0,3,committee->DT,100.0,100.0
iris,0,4,baseline->NB,93.33333333333333,93.26599326599326
iris,0,4,soft->NB,93.33333333333333,93.26599326599326
iris,0,4,attr->NB,100.0,100.0
iris,0,4,softattr->NB,100.0,100.0
iris,0,4,correct->NB,93.33333333333333,93.26599326599326
iris,0,4,soft->DT,80.0,78.02197802197803
iris,0,4,correct->DT,80.0,78.02197802197803
iris,0,4,committee->DT,80.0,78.02197802197803
iris,0,5,baseline->NB,93.33333333333333,93.26599326599326
iris,0,5,soft->NB,93.33333333333333,93.26599326599326
iris,0,5,attr->NB,93.33333333333333,93.26599326599326
iris,0,5,softattr->NB,93.33333333333333,93.26599326599326
iris,0,5,correct->NB,93.33333333333333,93.26599326599326
iris,0,5,soft->DT,93.33333333333333,93.26599326599326
iris,0,5,correct->DT,93.33333333333333,93.26599326599326
iris,0,5,committee->DT,93.33333333333333,93.26599326599326
iris,0,6,baseline->NB,93.33333333333333,93.26599326599326
iris,0,6,soft->NB,93.33333333333333,93.26599326599326
iris,0,6,attr->NB,93.33333333333333,93.26599326599326
iris,0,6,softattr->NB,93.33333333333333,93.26599326599326
iris,0,6,correct->NB,93.33333333333333,93.26599326599326
iris,0,6,soft->DT,86.66666666666667,86.1111111111111
iris,0,6,correct->DT,86.66666666666667,86.1111111111111
iris,0,6,committee->DT,86.66666666666667,86.1111111111111
iris,0,7,baseline->NB,100.0,100.0
iris,0,7,soft->NB,100.0,100.0
iris,0,7,attr->NB,100.0,100.0
iris,0,7,softattr->NB,100.0,100.0
iris,0,7,correct->NB,100.0,100.0
iris,0,7,soft->DT,100.0,100.0
iris,0,7,correct->DT,100.0,100.0
iris,0,7,committee->DT,100.0,100.0
iris,0,8,baseline->NB,86.66666666666667,86.1111111111111
iris,0,8,soft->NB,86.66666666666667,86.1111111111111
iris,0,8,attr->NB,86.66666666666667,86.1111111111111
iris,0,8,softattr->NB,86.66666666666667,86.1111111111111
iris,0,8,correct->NB,86.66666666666667,86.1111111111111
iris,0,8,soft->DT,86.66666666666667,86.1111111111111
iris,0,8,correct->DT,93.33333333333333,93.26599326599326
iris,0,8,committee->DT,93.33333333333333,93.26599326599326
iris,0,9,baseline->NB,100.0,100.0
iris,0,9,soft->NB,100.0,100.0
iris,0,9,attr->NB,93.33333333333333,93.26599326599326
iris,0,9,softattr->NB,93.33333333333333,93.26599326599326
iris,0,9,correct->NB,100.0,100.0
iris,0,9,soft->DT,93.33333333333333,93.26599326599326
iris,0,9,correct->DT,93.33333333333333,93.26599326599326
iris,0,9,committee->DT,100.0,100.0
iris,1,0,baseline->NB,100.0,100.0
iris,1,0,soft->NB,100.0,100.0
iris,1,0,attr->NB,100.0,100.0
iris,1,0,softattr->NB,100.0,100.0
iris,1,0,correct->NB,100.0,100.0
iris,1,0,soft->DT,100.0,100.0
iris,1,0,correct->DT,100.0,100.0
iris,1,0,committee->DT,100.0,100.0
iris,1,1,baseline->NB,93.33333333333333,93.26599326599326
iris,1,1,soft->NB,93.33333333333333,93.26599326599326
iris,1,1,attr->NB,93.33333333333333,93.26599326599326
iris,1,1,softattr->NB,93.33333333333333,93.26599326599326
iris,1,1,correct->NB,93.33333333333333,93.26599326599326
iris,1,1,soft->DT,86.66666666666667,86.59932659932662
iris,1,1,correct->DT,80.0,79.62962962962962
iris,1,1,committee->DT,80.0,79.62962962962962
iris,1,2,baseline->NB,100.0,100.0
iris,1,2,soft->NB,100.0,100.0
iris,1,2,attr->NB,100.0,100.0
iris,1,2,softattr->NB,100.0,100.0
iris,1,2,correct->NB,100.0,100.0
iris,1,2,soft->DT,100.0,100.0
iris,1,2,correct->DT,100.0,100.0
iris,1,2,committee->DT,100.0,100.0
iris,1,3,baseline->NB,100.0,100.0
iris,1,3,soft->NB,100.0,100.0
iris,1,3,attr->NB,100.0,100.0
iris,1,3,softattr->NB,100.0,100.0
iris,1,3,correct->NB,100.0,100.0
iris,1,3,soft->DT,100.0,100.0
iris,1,3,correct->DT,100.0,100.0
iris,1,3,committee->DT,100.0,100.0
iris,1,4,baseline->NB,100.0,100.0
iris,1,4,soft->NB,100.0,100.0
iris,1,4,attr->NB,93.33333333333333,93.26599326599326
iris,1,4,softattr->NB,93.33333333333333,93.26599326599326
iris,1,4,correct->NB,100.0,100.0
iris,1,4,soft->DT,93.33333333333333,93.26599326599326
iris,1,4,correct->DT,93.33333333333333,93.26599326599326
iris,1,4,committee->DT,93.33333333333333,93.26599326599326
iris,1,5,baseline->NB,93.33333333333333,93.26599326599326
iris,1,5,soft->NB,93.33333333333333,93.26599326599326
iris,1,5,attr->NB,93.33333333333333,93.26599326599326
iris,1,5,softattr->NB,100.0,100.0
iris,1,5,correct->NB,93.33333333333333,93.26599326599326
iris,1,5,soft->DT,86.66666666666667,86.1111111111111
iris,1,5,correct->DT,93.33333333333333,93.26599326599326
iris,1,5,committee->DT,93.33333333333333,93.26599326599326
iris,1,6,baseline->NB,93.33333333333333,93.26599326599326
iris,1,6,soft->NB,93.33333333333333,93.26599326599326
iris,1,6,attr->NB,93.33333333333333,93.26599326599326
iris,1,6,softattr->NB,93.33333333333333,93.26599326599326
iris,1,6,correct->NB,93.33333333333333,93.26599326599326
iris,1,6,soft->DT,93.33333333333333,93.26599326599326
iris,1,6,correct->DT,93.33333333333333,93.26599326599326
iris,1,6,committee->DT,93.33333333333333,93.26599326599326
iris,1,7,baseline->NB,100.0,100.0
iris,1,7,soft->NB,100.0,100.0
iris,1,7,attr->NB,100.0,100.0
iris,1,7,softattr->NB,100.0,100.0
iris,1,7,correct->NB,100.0,100.0
iris,1,7,soft->DT,100.0,100.0
iris,1,7,correct->DT,100.0,100.0
iris,1,7,committee->DT,100.0,100.0
iris,1,8,baseline->NB,86.66666666666667,86.1111111111111
iris,1,8,soft->NB,80.0,79.79797979797979
iris,1,8,attr->NB,86.66666666666667,86.1111111111111
iris,1,8,softattr->NB,86.66666666666667,86.1111111111111
iris,1,8,correct->NB,86.66666666666667,86.1111111111111
iris,1,8,soft->DT,86.66666666666667,86.1111111111111
iris,1,8,correct->DT,86.66666666666667,86.1111111111111
iris,1,8,committee->DT,86.66666666666667,86.1111111111111
iris,1,9,baseline->NB,93.33333333333333,93.26599326599326
iris,1,9,soft->NB,93.33333333333333,93.26599326599326
iris,1,9,attr->NB,93.33333333333333,93.26599326599326
iris,1,9,softattr->NB,93.33333333333333,93.26599326599326
iris,1,9,correct->NB,93.33333333333333,93.26599326599326
iris,1,9,soft->DT,93.33333333333333,93.26599326599326
iris,1,9,correct->DT,93.33333333333333,93.26599326599326
iris,1,9,committee->DT,93.33333333333333,93.26599326599326
iris,2,0,baseline->NB,86.66666666666667,86.66666666666669
iris,2,0,soft->NB,86.66666666666667,86.66666666666669
iris,2,0,attr->NB,93.33333333333333,93.26599326599326
iris,2,0,softattr->NB,93.33333333333333,93.26599326599326
iris,2,0,correct->NB,86.66666666666667,86.66666666666669
iris,2,0,soft->DT,80.0,79.79797979797979
iris,2,0,correct->DT,100.0,100.0
iris,2,0,committee->DT,80.0,79.79797979797979
iris,2,1,baseline->NB,86.66666666666667,86.1111111111111
iris,2,1,soft->NB,86.66666666666667,86.1111111111111
iris,2,1,attr->NB,86.66666666666667,86.1111111111111
iris,2,1,softattr->NB,86.66666666666667,86.1111111111111
iris,2,1,correct->NB,86.66666666666667,86.1111111111111
iris,2,1,soft->DT,86.66666666666667,86.1111111111111
iris,2,1,correct->DT,86.66666666666667,86.1111111111111
iris,2,1,committee->DT,86.66666666666667,86.1111111111111
iris,2,2,baseline->NB,100.0,100.0
iris,2,2,soft->NB,100.0,100.0
iris,2,2,attr->NB,100.0,100.0
iris,2,2,softattr->NB,100.0,100.0
iris,2,2,correct->NB,100.0,100.0
iris,2,2,soft->DT,100.0,100.0
iris,2,2,correct->DT,100.0,100.0
iris,2,2,committee->DT,100.0,100.0
iris,2,3,baseline->NB,93.33333333333333,93.26599326599326
iris,2,3,soft->NB,93.33333333333333,93.26599326599326
iris,2,3,attr->NB,93.33333333333333,93.26599326599326
iris,2,3,softattr->NB,93.33333333333333,93.26599326599326
iris,2,3,correct->NB,93.33333333333333,93.26599326599326
iris,2,3,soft->DT,86.66666666666667,86.59932659932662
iris,2,3,correct->DT,86.66666666666667,86.59932659932662
iris,2,3,committee->DT,86.66666666666667,86.59932659932662
iris,2,4,baseline->NB,100.0,100.0
iris,2,4,soft->NB,100.0,100.0
iris,2,4,attr->NB,100.0,100.0
iris,2,4,softattr->NB,100.0,100.0
iris,2,4,correct->NB,100.0,100.0
iris,2,4,soft->DT,100.0,100.0
iris,2,4,correct->DT,100.0,100.0
iris,2,4,committee->DT,100.0,100.0
iris,2,5,baseline->NB,100.0,100.0
iris,2,5,soft->NB,100.0,100.0
iris,2,5,attr->NB,100.0,100.0
iris,2,5,softattr->NB,100.0,100.0
iris,2,5,correct->NB,100.0,100.0
iris,2,5,soft->DT,100.0,100.0
iris,2,5,correct->DT,100.0,100.0
iris,2,5,committee->DT,100.0,100.0
iris,2,6,baseline->NB,100.0,100.0
iris,2,6,soft->NB,100.0,100.0
iris,2,6,attr->NB,100.0,100.0
iris,2,6,softattr->NB,100.0,100.0
iris,2,6,correct->NB,93.33333333333333,93.26599326599326
iris,2,6,soft->DT,100.0,100.0
iris,2,6,correct->DT,93.33333333333333,93.26599326599326
iris,2,6,committee->DT,93.33333333333333,93.26599326599326
iris,2,7,baseline->NB,93.33333333333333,93.26599326599326
iris,2,7,soft->NB,93.33333333333333,93.26599326599326
iris,2,7,attr->NB,93.33333333333333,93.26599326599326
iris,2,7,softattr->NB,93.33333333333333,93.26599326599326
iris,2,7,correct->NB,93.33333333333333,93.26599326599326
iris,2,7,soft->DT,93.33333333333333,93.26599326599326
iris,2,7,correct->DT,93.33333333333333,93.26599326599326
iris,2,7,committee->DT,93.33333333333333,93.26599326599326
iris,2,8,baseline->NB,93.33333333333333,93.26599326599326
iris,2,8,soft->NB,93.33333333333333,93.26599326599326
iris,2,8,attr->NB,93.33333333333333,93.26599326599326
iris,2,8,softattr->NB,93.33333333333333,93.26599326599326
iris,2,8,correct->NB,93.33333333333333,93.26599326599326
iris,2,8,soft->DT,86.66666666666667,86.1111111111111
iris,2,8,correct->DT,93.33333333333333,93.26599326599326
iris,2,8,committee->DT,86.66666666666667,86.1111111111111
iris,2,9,baseline->NB,100.0,100.0
iris,2,9,soft->NB,100.0,100.0
iris,2,9,attr->NB,100.0,100.0
iris,2,9,softattr->NB,100.0,100.0
iris,2,9,correct->NB,100.0,100.0
iris,2,9,soft->DT,100.0,100.0
iris,2,9,correct->DT,100.0,100.0
iris,2,9,committee->DT,100.0,100.0
iris,3,0,baseline->NB,100.0,100.0
iris,3,0,soft->NB,100.0,100.0
iris,3,0,attr->NB,100.0,100.0
iris,3,0,softattr->NB,100.0,100.0
iris,3,0,correct->NB,100.0,100.0
iris,3,0,soft->DT,100.0,100.0
iris,3,0,correct->DT,100.0,100.0
iris,3,0,committee->DT,100.0,100.0
iris,3,1,baseline->NB,93.33333333333333,93.26599326599326
iris,3,1,soft->NB,93.33333333333333,93.26599326599326
iris,3,1,attr->NB,100.0,100.0
iris,3,1,softattr->NB,100.0,100.0
iris,3,1,correct->NB,93.33333333333333,93.26599326599326
iris,3,1,soft->DT,86.66666666666667,86.1111111111111
iris,3,1,correct->DT,100.0,100.0
iris,3,1,committee->DT,86.66666666666667,86.1111111111111
iris,3,2,baseline->NB,93.33333333333333,93.26599326599326
iris,3,2,soft->NB,93.33333333333333,93.26599326599326
iris,3,2,attr->NB,93.33333333333333,93.26599326599326
iris,3,2,softattr->NB,93.33333333333333,93.26599326599326
iris,3,2,correct->NB,93.33333333333333,93.26599326599326
iris,3,2,soft->DT,93.33333333333333,93.26599326599326
iris,3,2,correct->DT,100.0,100.0
iris,3,2,committee->DT,93.33333333333333,93.26599326599326
iris,3,3,baseline->NB,93.33333333333333,93.26599326599326
iris,3,3,soft->NB,93.33333333333333,93.26599326599326
iris,3,3,attr->NB,93.33333333333333,93.26599326599326
iris,3,3,softattr->NB,93.33333333333333,93.26599326599326
iris,3,3,correct->NB,93.33333333333333,93.26599326599326
iris,3,3,soft->DT,86.66666666666667,87.03703703703704
iris,3,3,correct->DT,86.66666666666667,87.03703703703704
iris,3,3,committee->DT,86.66666666666667,87.03703703703704
iris,3,4,baseline->NB,86.66666666666667,86.66666666666669
iris,3,4,soft->NB,86.66666666666667,86.66666666666669
iris,3,4,attr->NB,86.66666666666667,86.66666666666669
iris,3,4,softattr->NB,86.66666666666667,86.66666666666669
iris,3,4,correct->NB,86.66666666666667,86.66666666666669
iris,3,4,soft->DT,93.33333333333333,93.26599326599326
iris,3,4,correct->DT,93.33333333333333,93.26599326599326
iris,3,4,committee->DT,93.33333333333333,93.26599326599326
iris,3,5,baseline->NB,86.66666666666667,86.66666666666669
iris,3,5,soft->NB,86.66666666666667,86.66666666666669
iris,3,5,attr->NB,86.66666666666667,86.66666666666669
iris,3,5,softattr->NB,86.66666666666667,86.66666666666669
iris,3,5,correct->NB,86.66666666666667,86.66666666666669
iris,3,5,soft->DT,80.0,79.79797979797979
iris,3,5,correct->DT,86.66666666666667,86.66666666666669
iris,3,5,committee->DT,86.66666666666667,86.66666666666669
iris,3,6,baseline->NB,100.0,100.0
iris,3,6,soft->NB,100.0,100.0
iris,3,6,attr->NB,100.0,100.0
iris,3,6,softattr->NB,100.0,100.0
iris,3,6,correct->NB,100.0,100.0
iris,3,6,soft->DT,100.0,100.0
iris,3,6,correct->DT,100.0,100.0
iris,3,6,committee->DT,100.0,100.0
iris,3,7,baseline->NB,100.0,100.0
iris,3,7,soft->NB,100.0,100.0
iris,3,7,attr->NB,100.0,100.0
iris,3,7,softattr->NB,100.0,100.0
iris,3,7,correct->NB,100.0,100.0
iris,3,7,soft->DT,100.0,100.0
iris,3,7,correct->DT,100.0,100.0
iris,3,7,committee->DT,100.0,100.0
iris,3,8,baseline->NB,100.0,100.0
iris,3,8,soft->NB,100.0,100.0
iris,3,8,attr->NB,100.0,100.0
iris,3,8,softattr->NB,100.0,100.0
iris,3,8,correct->NB,100.0,100.0
iris,3,8,soft->DT,100.0,100.0
iris,3,8,correct->DT,100.0,100.0
iris,3,8,committee->DT,100.0,100.0
iris,3,9,baseline->NB,100.0,100.0
iris,3,9,soft->NB,100.0,100.0
iris,3,9,attr->NB,93.33333333333333,93.26599326599326
iris,3,9,softattr->NB,93.33333333333333,93.26599326599326
iris,3,9,correct->NB,100.0,100.0
iris,3,9,soft->DT,93.33333333333333,93.26599326599326
iris,3,9,correct->DT,93.33333333333333,93.26599326599326
iris,3,9,committee->DT,93.33333333333333,93.26599326599326
iris,4,0,baseline->NB,93.33333333333333,93.26599326599326
iris,4,0,soft->NB,93.33333333333333,93.26599326599326
iris,4,0,attr->NB,93.33333333333333,93.26599326599326
iris,4,0,softattr->NB,93.33333333333333,93.26599326599326
iris,4,0,correct->NB,93.33333333333333,93.26599326599326
iris,4,0,soft->DT,100.0,100.0
iris,4,0,correct->DT,100.0,100.0
iris,4,0,committee->DT,100.0,100.0
iris,4,1,baseline->NB,100.0,100.0
iris,4,1,soft->NB,100.0,100.0
iris,4,1,attr->NB,100.0,100.0
iris,4,1,softattr->NB,100.0,100.0
iris,4,1,correct->NB,100.0,100.0
iris,4,1,soft->DT,93.33333333333333,93.26599326599326
iris,4,1,correct->DT,93.33333333333333,93.26599326599326
iris,4,1,committee->DT,93.33333333333333,93.26599326599326
iris,4,2,baseline->NB,100.0,100.0
iris,4,2,soft->NB,100.0,100.0
iris,4,2,attr->NB,100.0,100.0
iris,4,2,softattr->NB,100.0,100.0
iris,4,2,correct->NB,100.0,100.0
iris,4,2,soft->DT,100.0,100.0
iris,4,2,correct->DT,100.0,100.0
iris,4,2,committee->DT,100.0,100.0
iris,4,3,baseline->NB,93.33333333333333,93.26599326599326
iris,4,3,soft->NB,100.0,100.0
iris,4,3,attr->NB,100.0,100.0
iris,4,3,softattr->NB,100.0,100.0
iris,4,3,correct->NB,93.33333333333333,93.26599326599326
iris,4,3,soft->DT,100.0,100.0
iris,4,3,correct->DT,100.0,100.0
iris,4,3,committee->DT,100.0,100.0
iris,4,4,baseline->NB,100.0,100.0
iris,4,4,soft->NB,100.0,100.0
iris,4,4,attr->NB,100.0,100.0
iris,4,4,softattr->NB,100.0,100.0
iris,4,4,correct->NB,100.0,100.0
iris,4,4,soft->DT,100.0,100.0
iris,4,4,correct->DT,100.0,100.0
iris,4,4,committee->DT,100.0,100.0
iris,4,5,baseline->NB,93.33333333333333,93.26599326599326
iris,4,5,soft->NB,93.33333333333333,93.26599326599326
iris,4,5,attr->NB,93.33333333333333,93.26599326599326
iris,4,5,softattr->NB,93.33333333333333,93.26599326599326
iris,4,5,correct->NB,93.33333333333333,93.26599326599326
iris,4,5,soft->DT,93.33333333333333,93.26599326599326
iris,4,5,correct->DT,93.33333333333333,93.26599326599326
iris,4,5,committee->DT,93.33333333333333,93.26599326599326
iris,4,6,baseline->NB,80.0,79.79797979797979
iris,4,6,soft->NB,80.0,79.79797979797979
iris,4,6,attr->NB,73.33333333333333,73.33333333333334
iris,4,6,softattr->NB,73.33333333333333,73.33333333333334
iris,4,6,correct->NB,80.0,79.79797979797979
iris,4,6,soft->DT,80.0,79.79797979797979
iris,4,6,correct->DT,86.66666666666667,86.1111111111111
iris,4,6,committee->DT,80.0,79.79797979797979
iris,4,7,baseline->NB,93.33333333333333,93.26599326599326
iris,4,7,soft->NB,93.33333333333333,93.26599326599326
iris,4,7,attr->NB,93.33333333333333,93.26599326599326
iris,4,7,softattr->NB,100.0,100.0
iris,4,7,correct->NB,93.33333333333333,93.26599326599326
iris,4,7,soft->DT,93.33333333333333,93.26599326599326
iris,4,7,correct->DT,100.0,100.0
iris,4,7,committee->DT,100.0,100.0
iris,4,8,baseline->NB,100.0,100.0
iris,4,8,soft->NB,100.0,100.0
iris,4,8,attr->NB,100.0,100.0
iris,4,8,softattr->NB,100.0,100.0
iris,4,8,correct->NB,100.0,100.0
iris,4,8,soft->DT,93.33333333333333,93.26599326599326
iris,4,8,correct->DT,93.33333333333333,93.26599326599326
iris,4,8,committee->DT,100.0,100.0
iris,4,9,baseline->NB,100.0,100.0
iris,4,9,soft->NB,100.0,100.0
iris,4,9,attr->NB,100.0,100.0
iris,4,9,softattr->NB,100.0,100.0
iris,4,9,correct->NB,100.0,100.0
iris,4,9,soft->DT,100.0,100.0
iris,4,9,correct->DT,100.0,100.0
iris,4,9,committee->DT,100.0,100.0
iris,5,0,baseline->NB,93.33333333333333,93.26599326599326
iris,5,0,soft->NB,93.33333333333333,93.26599326599326
iris,5,0,attr->NB,93.33333333333333,93.26599326599326
iris,5,0,softattr->NB,93.33333333333333,93.26599326599326
iris,5,0,correct->NB,93.33333333333333,93.26599326599326
iris,5,0,soft->DT,93.33333333333333,93.26599326599326
iris,5,0,correct->DT,86.66666666666667,86.66666666666669
iris,5,0,committee->DT,86.66666666666667,86.66666666666669
iris,5,1,baseline->NB,86.66666666666667,86.66666666666669
iris,5,1,soft->NB,86.66666666666667,86.66666666666669
iris,5,1,attr->NB,86.66666666666667,86.66666666666669
iris,5,1,softattr->NB,86.66666666666667,86.66666666666669
iris,5,1,correct->NB,86.66666666666667,86.66666666666669
iris,5,1,soft->DT,80.0,80.53872053872054
iris,5,1,correct->DT,86.66666666666667,86.59932659932662
iris,5,1,committee->DT,86.66666666666667,86.59932659932662
iris,5,2,baseline->NB,100.0,100.0
iris,5,2,soft->NB,100.0,100.0
iris,5,2,attr->NB,100.0,100.0
iris,5,2,softattr->NB,100.0,100.0
iris,5,2,correct->NB,100.0,100.0
iris,5,2,soft->DT,100.0,100.0
iris,5,2,correct->DT,100.0,100.0
iris,5,2,committee->DT,100.0,100.0
iris,5,3,baseline->NB,100.0,100.0
iris,5,3,soft->NB,100.0,100.0
iris,5,3,attr->NB,100.0,100.0
iris,5,3,softattr->NB,100.0,100.0
iris,5,3,correct->NB,100.0,100.0
iris,5,3,soft->DT,100.0,100.0
iris,5,3,correct->DT,100.0,100.0
iris,5,3,committee->DT,100.0,100.0
iris,5,4,baseline->NB,100.0,100.0
iris,5,4,soft->NB,100.0,100.0
iris,5,4,attr->NB,93.33333333333333,93.26599326599326
iris,5,4,softattr->NB,93.33333333333333,93.26599326599326
iris,5,4,correct->NB,100.0,100.0
iris,5,4,soft->DT,93.33333333333333,93.26599326599326
iris,5,4,correct->DT,93.33333333333333,93.26599326599326
iris,5,4,committee->DT,93.33333333333333,93.26599326599326
iris,5,5,baseline->NB,93.33333333333333,93.26599326599326
iris,5,5,soft->NB,93.33333333333333,93.26599326599326
iris,5,5,attr->NB,93.33333333333333,93.26599326599326
iris,5,5,softattr->NB,93.33333333333333,93.26599326599326
iris,5,5,correct->NB,93.33333333333333,93.26599326599326
iris,5,5,soft->DT,93.33333333333333,93.26599326599326
iris,5,5,correct->DT,100.0,100.0
iris,5,5,committee->DT,93.33333333333333,93.26599326599326
iris,5,6,baseline->NB,93.33333333333333,93.26599326599326
iris,5,6,soft->NB,93.33333333333333,93.26599326599326
iris,5,6,attr->NB,93.33333333333333,93.26599326599326
iris,5,6,softattr->NB,93.33333333333333,93.26599326599326
iris,5,6,correct->NB,93.33333333333333,93.26599326599326
iris,5,6,soft->DT,93.33333333333333,93.26599326599326
iris,5,6,correct->DT,93.33333333333333,93.26599326599326
iris,5,6,committee->DT,93.33333333333333,93.26599326599326
iris,5,7,baseline->NB,93.33333333333333,93.26599326599326
iris,5,7,soft->NB,93.33333333333333,93.26599326599326
iris,5,7,attr->NB,93.33333333333333,93.26599326599326
iris,5,7,softattr->NB,93.33333333333333,93.26599326599326
iris,5,7,correct->NB,93.33333333333333,93.26599326599326
iris,5,7,soft->DT,93.33333333333333,93.26599326599326
iris,5,7,correct->DT,93.33333333333333,93.26599326599326
iris,5,7,committee->DT,93.33333333333333,93.26599326599326
iris,5,8,baseline->NB,93.33333333333333,93.26599326599326
iris,5,8,soft->NB,93.33333333333333,93.26599326599326
iris,5,8,attr->NB,100.0,100.0
iris,5,8,softattr->NB,100.0,100.0
iris,5,8,correct->NB,93.33333333333333,93.26599326599326
iris,5,8,soft->DT,93.33333333333333,93.26599326599326
iris,5,8,correct->DT,93.33333333333333,93.26599326599326
iris,5,8,committee->DT,100.0,100.0
iris,5,9,baseline->NB,100.0,100.0
iris,5,9,soft->NB,100.0,100.0
iris,5,9,attr->NB,100.0,100.0
iris,5,9,softattr->NB,100.0,100.0
iris,5,9,correct->NB,100.0,100.0
iris,5,9,soft->DT,100.0,100.0
iris,5,9,correct->DT,100.0,100.0
iris,5,9,committee->DT,100.0,100.0
iris,6,0,baseline->NB,100.0,100.0
iris,6,0,soft->NB,100.0,100.0
iris,6,0,attr->NB,100.0,100.0
iris,6,0,softattr->NB,100.0,100.0
iris,6,0,correct->NB,100.0,100.0
iris,6,0,soft->DT,100.0,100.0
iris,6,0,correct->DT,100.0,100.0
iris,6,0,committee->DT,100.0,100.0
iris,6,1,baseline->NB,80.0,79.79797979797979
iris,6,1,soft->NB,80.0,79.79797979797979
iris,6,1,attr->NB,80.0,79.79797979797979
iris,6,1,softattr->NB,80.0,79.79797979797979
iris,6,1,correct->NB,80.0,79.79797979797979
iris,6,1,soft->DT,80.0,79.79797979797979
iris,6,1,correct->DT,86.66666666666667,86.66666666666669
iris,6,1,committee->DT,86.66666666666667,86.66666666666669
iris,6,2,baseline->NB,100.0,100.0
iris,6,2,soft->NB,100.0,100.0
iris,6,2,attr->NB,100.0,100.0
iris,6,2,softattr->NB,100.0,100.0
iris,6,2,correct->NB,100.0,100.0
iris,6,2,soft->DT,100.0,100.0
iris,6,2,correct->DT,100.0,100.0
iris,6,2,committee->DT,100.0,100.0
iris,6,3,baseline->NB,93.33333333333333,93.26599326599326
iris,6,3,soft->NB,93.33333333333333,93.26599326599326
iris,6,3,attr->NB,93.33333333333333,93.26599326599326
iris,6,3,softattr->NB,93.33333333333333,93.26599326599326
iris,6,3,correct->NB,93.33333333333333,93.26599326599326
iris,6,3,soft->DT,93.33333333333333,93.26599326599326
iris,6,3,correct->DT,100.0,100.0
iris,6,3,committee->DT,93.33333333333333,93.26599326599326
iris,6,4,baseline->NB,93.33333333333333,93.26599326599326
iris,6,4,soft->NB,93.33333333333333,93.26599326599326
iris,6,4,attr->NB,100.0,100.0
iris,6,4,softattr->NB,100.0,100.0
iris,6,4,correct->NB,93.33333333333333,93.26599326599326
iris,6,4,soft->DT,93.33333333333333,93.26599326599326
iris,6,4,correct->DT,93.33333333333333,93.26599326599326
iris,6,4,committee->DT,100.0,100.0
iris,6,5,baseline->NB,93.33333333333333,93.26599326599326
iris,6,5,soft->NB,93.33333333333333,93.26599326599326
iris,6,5,attr->NB,93.33333333333333,93.26599326599326
iris,6,5,softattr->NB,93.33333333333333,93.26599326599326
iris,6,5,correct->NB,93.33333333333333,93.26599326599326
iris,6,5,soft->DT,93.33333333333333,93.26599326599326
iris,6,5,correct->DT,93.33333333333333,93.26599326599326
iris,6,5,committee->DT,93.33333333333333,93.26599326599326
iris,6,6,baseline->NB,100.0,100.0
iris,6,6,soft->NB,100.0,100.0
iris,6,6,attr->NB,100.0,100.0
iris,6,6,softattr->NB,100.0,100.0
iris,6,6,correct->NB,100.0,100.0
iris,6,6,soft->DT,100.0,100.0
iris,6,6,correct->DT,93.33333333333333,93.26599326599326
iris,6,6,committee->DT,93.33333333333333,93.26599326599326
iris,6,7,baseline->NB,100.0,100.0
iris,6,7,soft->NB,93.33333333333333,93.26599326599326
iris,6,7,attr->NB,93.33333333333333,93.26599326599326
iris,6,7,softattr->NB,93.33333333333333,93.26599326599326
iris,6,7,correct->NB,93.33333333333333,93.26599326599326
iris,6,7,soft->DT,93.33333333333333,93.26599326599326
iris,6,7,correct->DT,93.33333333333333,93.26599326599326
iris,6,7,committee->DT,93.33333333333333,93.26599326599326
iris,6,8,baseline->NB,93.33333333333333,93.26599326599326
iris,6,8,soft->NB,93.33333333333333,93.26599326599326
iris,6,8,attr->NB,93.33333333333333,93.26599326599326
iris,6,8,softattr->NB,93.33333333333333,93.26599326599326
iris,6,8,correct->NB,93.33333333333333,93.26599326599326
iris,6,8,soft->DT,93.33333333333333,93.26599326599326
iris,6,8,correct->DT,93.33333333333333,93.26599326599326
iris,6,8,committee->DT,100.0,100.0
iris,6,9,baseline->NB,100.0,100.0
iris,6,9,soft->NB,100.0,100.0
iris,6,9,attr->NB,100.0,100.0
iris,6,9,softattr->NB,100.0,100.0
iris,6,9,correct->NB,100.0,100.0
iris,6,9,soft->DT,93.33333333333333,93.26599326599326
iris,6,9,correct->DT,93.33333333333333,93.26599326599326
iris,6,9,committee->DT,93.33333333333333,93.26599326599326
iris,7,0,baseline->NB,100.0,100.0
iris,7,0,soft->NB,100.0,100.0
iris,7,0,attr->NB,100.0,100.0
iris,7,0,softattr->NB,100.0,100.0
iris,7,0,correct->NB,100.0,100.0
iris,7,0,soft->DT,100.0,100.0
iris,7,0,correct->DT,100.0,100.0
iris,7,0,committee->DT,100.0,100.0
iris,7,1,baseline->NB,86.66666666666667,86.66666666666669
iris,7,1,soft->NB,86.66666666666667,86.66666666666669
iris,7,1,attr->NB,93.33333333333333,93.26599326599326
iris,7,1,softattr->NB,93.33333333333333,93.26599326599326
iris,7,1,correct->NB,93.33333333333333,93.26599326599326
iris,7,1,soft->DT,86.66666666666667,86.1111111111111
iris,7,1,correct->DT,86.66666666666667,86.1111111111111
iris,7,1,committee->DT,86.66666666666667,86.1111111111111
iris,7,2,baseline->NB,100.0,100.0
iris,7,2,soft->NB,100.0,100.0
iris,7,2,attr->NB,100.0,100.0
iris,7,2,softattr->NB,100.0,100.0
iris,7,2,correct->NB,100.0,100.0
iris,7,2,soft->DT,100.0,100.0
iris,7,2,correct->DT,100.0,100.0
iris,7,2,committee->DT,100.0,100.0
iris,7,3,baseline->NB,93.33333333333333,93.26599326599326
iris,7,3,soft->NB,93.33333333333333,93.26599326599326
iris,7,3,attr->NB,93.33333333333333,93.26599326599326
iris,7,3,softattr->NB,93.33333333333333,93.26599326599326
iris,7,3,correct->NB,93.33333333333333,93.26599326599326
iris,7,3,soft->DT,93.33333333333333,93.26599326599326
iris,7,3,correct->DT,93.33333333333333,93.26599326599326
iris,7,3,committee->DT,93.33333333333333,93.26599326599326
iris,7,4,baseline->NB,100.0,100.0
iris,7,4,soft->NB,100.0,100.0
iris,7,4,attr->NB,100.0,100.0
iris,7,4,softattr->NB,100.0,100.0
iris,7,4,correct->NB,100.0,100.0
iris,7,4,soft->DT,100.0,100.0
iris,7,4,correct->DT,100.0,100.0
iris,7,4,committee->DT,100.0,100.0
iris,7,5,baseline->NB,100.0,100.0
iris,7,5,soft->NB,93.33333333333333,93.26599326599326
iris,7,5,attr->NB,86.66666666666667,86.66666666666669
iris,7,5,softattr->NB,86.66666666666667,86.66666666666669
iris,7,5,correct->NB,93.33333333333333,93.26599326599326
iris,7,5,soft->DT,93.33333333333333,93.26599326599326
iris,7,5,correct->DT,93.33333333333333,93.26599326599326
iris,7,5,committee->DT,93.33333333333333,93.26599326599326
iris,7,6,baseline->NB,86.66666666666667,86.66666666666669
iris,7,6,soft->NB,86.66666666666667,86.66666666666669
iris,7,6,attr->NB,86.66666666666667,86.66666666666669
iris,7,6,softattr->NB,93.33333333333333,93.26599326599326
iris,7,6,correct->NB,86.66666666666667,86.66666666666669
iris,7,6,soft->DT,93.33333333333333,93.26599326599326
iris,7,6,correct->DT,86.66666666666667,86.1111111111111
iris,7,6,committee->DT,93.33333333333333,93.26599326599326
iris,7,7,baseline->NB,93.33333333333333,93.26599326599326
iris,7,7,soft->NB,93.33333333333333,93.26599326599326
iris,7,7,attr->NB,93.33333333333333,93.26599326599326
iris,7,7,softattr->NB,93.33333333333333,93.26599326599326
iris,7,7,correct->NB,93.33333333333333,93.26599326599326
iris,7,7,soft->DT,86.66666666666667,87.03703703703704
iris,7,7,correct->DT,93.33333333333333,93.26599326599326
iris,7,7,committee->DT,86.66666666666667,87.03703703703704
iris,7,8,baseline->NB,100.0,100.0
iris,7,8,soft->NB,100.0,100.0
iris,7,8,attr->NB,100.0,100.0
iris,7,8,softattr->NB,100.0,100.0
iris,7,8,correct->NB,100.0,100.0
iris,7,8,soft->DT,100.0,100.0
iris,7,8,correct->DT,100.0,100.0
iris,7,8,committee->DT,100.0,100.0
iris,7,9,baseline->NB,100.0,100.0
iris,7,9,soft->NB,100.0,100.0
iris,7,9,attr->NB,100.0,100.0
iris,7,9,softattr->NB,100.0,100.0
iris,7,9,correct->NB,100.0,100.0
iris,7,9,soft->DT,100.0,100.0
iris,7,9,correct->DT,100.0,100.0
iris,7,9,committee->DT,100.0,100.0
iris,8,0,baseline->NB,100.0,100.0
iris,8,0,soft->NB,100.0,100.0
iris,8,0,attr->NB,100.0,100.0
iris,8,0,softattr->NB,100.0,100.0
iris,8,0,correct->NB,100.0,100.0
iris,8,0,soft->DT,93.33333333333333,93.26599326599326
iris,8,0,correct->DT,93.33333333333333,93.26599326599326
iris,8,0,committee->DT,100.0,100.0
iris,8,1,baseline->NB,86.66666666666667,86.1111111111111
iris,8,1,soft->NB,86.66666666666667,86.1111111111111
iris,8,1,attr->NB,80.0,79.79797979797979
iris,8,1,softattr->NB,80.0,79.79797979797979
iris,8,1,correct->NB,86.66666666666667,86.1111111111111
iris,8,1,soft->DT,86.66666666666667,86.1111111111111
iris,8,1,correct->DT,93.33333333333333,93.26599326599326
iris,8,1,committee->DT,93.33333333333333,93.26599326599326
iris,8,2,baseline->NB,80.0,79.79797979797979
iris,8,2,soft->NB,80.0,79.79797979797979
iris,8,2,attr->NB,86.66666666666667,86.66666666666669
iris,8,2,softattr->NB,86.66666666666667,86.66666666666669
iris,8,2,correct->NB,80.0,79.79797979797979
iris,8,2,soft->DT,93.33333333333333,93.26599326599326
iris,8,2,correct->DT,86.66666666666667,86.66666666666669
iris,8,2,committee->DT,86.66666666666667,86.66666666666669
iris,8,3,baseline->NB,100.0,100.0
iris,8,3,soft->NB,100.0,100.0
iris,8,3,attr->NB,100.0,100.0
iris,8,3,softattr->NB,100.0,100.0
iris,8,3,correct->NB,100.0,100.0
iris,8,3,soft->DT,93.33333333333333,93.26599326599326
iris,8,3,correct->DT,93.33333333333333,93.26599326599326
iris,8,3,committee->DT,93.33333333333333,93.26599326599326
iris,8,4,baseline->NB,93.33333333333333,93.26599326599326
iris,8,4,soft->NB,86.66666666666667,86.66666666666669
iris,8,4,attr->NB,86.66666666666667,86.66666666666669
iris,8,4,softattr->NB,86.66666666666667,86.66666666666669
iris,8,4,correct->NB,86.66666666666667,86.66666666666669
iris,8,4,soft->DT,86.66666666666667,86.66666666666669
iris,8,4,correct->DT,86.66666666666667,86.66666666666669
iris,8,4,committee->DT,93.33333333333333,93.26599326599326
iris,8,5,baseline->NB,100.0,100.0
iris,8,5,soft->NB,100.0,100.0
iris,8,5,attr->NB,100.0,100.0
iris,8,5,softattr->NB,100.0,100.0
iris,8,5,correct->NB,100.0,100.0
iris,8,5,soft->DT,100.0,100.0
iris,8,5,correct->DT,100.0,100.0
iris,8,5,committee->DT,100.0,100.0
iris,8,6,baseline->NB,100.0,100.0
iris,8,6,soft->NB,100.0,100.0
iris,8,6,attr->NB,100.0,100.0
iris,8,6,softattr->NB,100.0,100.0
iris,8,6,correct->NB,100.0,100.0
iris,8,6,soft->DT,100.0,100.0
iris,8,6,correct->DT,100.0,100.0
iris,8,6,committee->DT,100.0,100.0
iris,8,7,baseline->NB,100.0,100.0
iris,8,7,soft->NB,100.0,100.0
iris,8,7,attr->NB,100.0,100.0
iris,8,7,softattr->NB,100.0,100.0
iris,8,7,correct->NB,100.0,100.0
iris,8,7,soft->DT,100.0,100.0
iris,8,7,correct->DT,100.0,100.0
iris,8,7,committee->DT,100.0,100.0
iris,8,8,baseline->NB,100.0,100.0
iris,8,8,soft->NB,100.0,100.0
iris,8,8,attr->NB,100.0,100.0
iris,8,8,softattr->NB,100.0,100.0
iris,8,8,correct->NB,100.0,100.0
iris,8,8,soft->DT,100.0,100.0
iris,8,8,correct->DT,100.0,100.0
iris,8,8,committee->DT,100.0,100.0
iris,8,9,baseline->NB,100.0,100.0
iris,8,9,soft->NB,100.0,100.0
iris,8,9,attr->NB,100.0,100.0
iris,8,9,softattr->NB,100.0,100.0
iris,8,9,correct->NB,100.0,100.0
iris,8,9,soft->DT,100.0,100.0
iris,8,9,correct->DT,100.0,100.0
iris,8,9,committee->DT,100.0,100.0
iris,9,0,baseline->NB,100.0,100.0
iris,9,0,soft->NB,100.0,100.0
iris,9,0,attr->NB,100.0,100.0
iris,9,0,softattr->NB,100.0,100.0
iris,9,0,correct->NB,100.0,100.0
iris,9,0,soft->DT,100.0,100.0
iris,9,0,correct->DT,100.0,100.0
iris,9,0,committee->DT,100.0,100.0
iris,9,1,baseline->NB,93.33333333333333,93.26599326599326
iris,9,1,soft->NB,93.33333333333333,93.26599326599326
iris,9,1,attr->NB,93.33333333333333,93.26599326599326
iris,9,1,softattr->NB,93.33333333333333,93.26599326599326
iris,9,1,correct->NB,93.33333333333333,93.26599326599326
iris,9,1,soft->DT,93.33333333333333,93.26599326599326
iris,9,1,correct->DT,93.33333333333333,93.26599326599326
iris,9,1,committee->DT,93.33333333333333,93.26599326599326
iris,9,2,baseline->NB,93.33333333333333,93.26599326599326
iris,9,2,soft->NB,93.33333333333333,93.26599326599326
iris,9,2,attr->NB,93.33333333333333,93.26599326599326
iris,9,2,softattr->NB,93.33333333333333,93.26599326599326
iris,9,2,correct->NB,93.33333333333333,93.26599326599326
iris,9,2,soft->DT,86.66666666666667,86.66666666666669
iris,9,2,correct->DT,93.33333333333333,93.26599326599326
iris,9,2,committee->DT,93.33333333333333,93.26599326599326
iris,9,3,baseline->NB,93.33333333333333,93.26599326599326
iris,9,3,soft->NB,93.33333333333333,93.26599326599326
iris,9,3,attr->NB,93.33333333333333,93.26599326599326
iris,9,3,softattr->NB,93.33333333333333,93.26599326599326
iris,9,3,correct->NB,93.33333333333333,93.26599326599326
iris,9,3,soft->DT,100.0,100.0
iris,9,3,correct->DT,100.0,100.0
iris,9,3,committee->DT,100.0,100.0
iris,9,4,baseline->NB,100.0,100.0
iris,9,4,soft->NB,100.0,100.0
iris,9,4,attr->NB,100.0,100.0
iris,9,4,softattr->NB,100.0,100.0
iris,9,4,correct->NB,100.0,100.0
iris,9,4,soft->DT,100.0,100.0
iris,9,4,correct->DT,100.0,100.0
iris,9,4,committee->DT,100.0,100.0
iris,9,5,baseline->NB,100.0,100.0
iris,9,5,soft->NB,100.0,100.0
iris,9,5,attr->NB,100.0,100.0
iris,9,5,softattr->NB,100.0,100.0
iris,9,5,correct->NB,100.0,100.0
iris,9,5,soft->DT,100.0,100.0
iris,9,5,correct->DT,100.0,100.0
iris,9,5,committee->DT,100.0,100.0
iris,9,6,baseline->NB,93.33333333333333,93.26599326599326
iris,9,6,soft->NB,80.0,79.79797979797979
iris,9,6,attr->NB,86.66666666666667,86.66666666666669
iris,9,6,softattr->NB,86.66666666666667,86.66666666666669
iris,9,6,correct->NB,80.0,79.79797979797979
iris,9,6,soft->DT,73.33333333333333,73.87205387205387
iris,9,6,correct->DT,86.66666666666667,86.59932659932662
iris,9,6,committee->DT,73.33333333333333,73.87205387205387
iris,9,7,baseline->NB,93.33333333333333,93.26599326599326
iris,9,7,soft->NB,93.33333333333333,93.26599326599326
iris,9,7,attr->NB,93.33333333333333,93.26599326599326
iris,9,7,softattr->NB,93.33333333333333,93.26599326599326
iris,9,7,correct->NB,93.33333333333333,93.26599326599326
iris,9,7,soft->DT,93.33333333333333,93.26599326599326
iris,9,7,correct->DT,93.33333333333333,93.26599326599326
iris,9,7,committee->DT,93.33333333333333,93.26599326599326
iris,9,8,baseline->NB,100.0,100.0
iris,9,8,soft->NB,100.0,100.0
iris,9,8,attr->NB,100.0,100.0
iris,9,8,softattr->NB,100.0,100.0
iris,9,8,correct->NB,100.0,100.0
iris,9,8,soft->DT,100.0,100.0
iris,9,8,correct->DT,100.0,100.0
iris,9,8,committee->DT,100.0,100.0
iris,9,9,baseline->NB,86.66666666666667,86.1111111111111
iris,9,9,soft->NB,86.66666666666667,86.1111111111111
iris,9,9,attr->NB,93.33333333333333,93.26599326599326
iris,9,9,softattr->NB,93.33333333333333,93.26599326599326
iris,9,9,correct->NB,86.66666666666667,86.1111111111111
iris,9,9,soft->DT,93.33333333333333,93.26599326599326
iris,9,9,correct->DT,93.33333333333333,93.26599326599326
iris,9,9,committee->DT,93.33333333333333,93.26599326599326
soybean,0,0,baseline->NB,92.7536231884058,95.42139662882697
soybean,0,0,soft->NB,88.40579710144928,91.05028614316541
soybean,0,0,attr->NB,84.05797101449275,86.94456730060445
soybean,0,0,softattr->NB,84.05797101449275,86.94456730060445
soybean,0,0,correct->NB,92.7536231884058,95.42139662882697
soybean,0,0,soft->DT,92.7536231884058,93.28920210743577
soybean,0,0,correct->DT,92.7536231884058,94.00575742762479
soybean,0,0,committee->DT,92.7536231884058,92.8420315494619
soybean,0,1,baseline->NB,91.30434782608695,94.3171654626763
soybean,0,1,soft->NB,91.30434782608695,92.86353137746327
soybean,0,1,attr->NB,89.85507246376811,89.14970134784377
soybean,0,1,softattr->NB,86.95652173913044,88.05985552115582
soybean,0,1,correct->NB,92.7536231884058,94.84348125215
soybean,0,1,soft->DT,91.30434782608695,91.11618054423985
soybean,0,1,correct->DT,92.7536231884058,96.28885811018776
soybean,0,1,committee->DT,91.30434782608695,89.64369127152246
soybean,0,2,baseline->NB,88.40579710144928,87.593493537766
soybean,0,2,soft->NB,88.40579710144928,88.44106701691842
soybean,0,2,attr->NB,91.30434782608695,90.6516290726817
soybean,0,2,softattr->NB,85.5072463768116,87.70381836945305
soybean,0,2,correct->NB,88.40579710144928,88.09018982393596
soybean,0,2,soft->DT,92.7536231884058,93.59440267335005
soybean,0,2,correct->DT,92.7536231884058,89.8078529657477
soybean,0,2,committee->DT,92.7536231884058,89.8078529657477
soybean,0,3,baseline->NB,80.88235294117646,89.61592728259394
soybean,0,3,soft->NB,79.41176470588235,89.09897292250234
soybean,0,3,attr->NB,80.88235294117646,88.37718227191911
soybean,0,3,softattr->NB,80.88235294117646,87.96825396825396
soybean,0,3,correct->NB,79.41176470588235,89.09897292250234
soybean,0,3,soft->DT,79.41176470588235,87.69493251846193
soybean,0,3,correct->DT,85.29411764705883,89.47530864197533
soybean,0,3,committee->DT,85.29411764705883,90.0493827160494
soybean,0,4,baseline->NB,91.17647058823529,92.520783167068
soybean,0,4,soft->NB,88.23529411764706,91.23638344226579
soybean,0,4,attr->NB,91.17647058823529,92.49309957901288
soybean,0,4,softattr->NB,82.3529411764706,87.3994708994709
soybean,0,4,correct->NB,88.23529411764706,91.23638344226579
soybean,0,4,soft->DT,91.17647058823529,93.04758107389685
soybean,0,4,correct->DT,95.58823529411765,96.60575048732944
soybean,0,4,committee->DT,94.11764705882354,96.020955165692
soybean,0,5,baseline->NB,89.70588235294117,92.5668337510443
soybean,0,5,soft->NB,89.70588235294117,93.32693947144077
soybean,0,5,attr->NB,89.70588235294117,93.23896863370548
soybean,0,5,softattr->NB,86.76470588235294,92.14912280701756
soybean,0,5,correct->NB,89.70588235294117,93.23896863370548
soybean,0,5,soft->DT,89.70588235294117,93.46225412014887
soybean,0,5,correct->DT,91.17647058823529,95.12002512675551
soybean,0,5,committee->DT,94.11764705882354,96.25104427736005
soybean,0,6,baseline->NB,88.23529411764706,94.11027568922307
soybean,0,6,soft->NB,88.23529411764706,94.11027568922307
soybean,0,6,attr->NB,89.70588235294117,95.16032728881028
soybean,0,6,softattr->NB,88.23529411764706,94.11027568922307
soybean,0,6,correct->NB,88.23529411764706,94.11027568922307
soybean,0,6,soft->DT,89.70588235294117,93.01857585139321
soybean,0,6,correct->DT,94.11764705882354,95.81613347093224
soybean,0,6,committee->DT,95.58823529411765,96.4137381637789
soybean,0,7,baseline->NB,91.17647058823529,93.75181374488855
soybean,0,7,soft->NB,91.17647058823529,93.82376395534291
soybean,0,7,attr->NB,88.23529411764706,87.34335839598998
soybean,0,7,softattr->NB,85.29411764705883,84.9515835042151
soybean,0,7,correct->NB,89.70588235294117,90.03798371526905
soybean,0,7,soft->DT,85.29411764705883,85.3799270904534
soybean,0,7,correct->DT,92.6470588235294,90.6954887218045
soybean,0,7,committee->DT,88.23529411764706,88.79699248120299
soybean,0,8,baseline->NB,94.11764705882354,94.95128194818598
soybean,0,8,soft->NB,94.11764705882354,94.95128194818598
soybean,0,8,attr->NB,94.11764705882354,96.00424761819296
soybean,0,8,softattr->NB,91.17647058823529,92.60553344144675
soybean,0,8,correct->NB,94.11764705882354,94.95128194818598
soybean,0,8,soft->DT,91.17647058823529,94.51191384257746
soybean,0,8,correct->DT,95.58823529411765,96.93992013281284
soybean,0,8,committee->DT,95.58823529411765,96.93992013281284
soybean,0,9,baseline->NB,91.17647058823529,93.43872501767238
soybean,0,9,soft->NB,89.70588235294117,92.92406939465762
soybean,0,9,attr->NB,92.6470588235294,94.4026733500418
soybean,0,9,softattr->NB,91.17647058823529,93.43872501767238
soybean,0,9,correct->NB,89.70588235294117,92.92406939465762
soybean,0,9,soft->DT,91.17647058823529,93.35518282886704
soybean,0,9,correct->DT,94.11764705882354,96.39428339118741
soybean,0,9,committee->DT,95.58823529411765,96.90893901420216
soybean,1,0,baseline->NB,91.30434782608695,93.06132979507593
soybean,1,0,soft->NB,91.30434782608695,93.06132979507593
soybean,1,0,attr->NB,89.85507246376811,91.1018857303687
soybean,1,0,softattr->NB,89.85507246376811,91.1018857303687
soybean,1,0,correct->NB,91.30434782608695,93.06132979507593
soybean,1,0,soft->DT,91.30434782608695,93.01169590643275
soybean,1,0,correct->DT,94.20289855072464,93.64188981224993
soybean,1,0,committee->DT,94.20289855072464,93.66959064327487
soybean,1,1,baseline->NB,89.85507246376811,92.92937111048568
soybean,1,1,soft->NB,89.85507246376811,92.92937111048568
soybean,1,1,attr->NB,92.7536231884058,92.5
soybean,1,1,softattr->NB,89.85507246376811,90.24189261031368
soybean,1,1,correct->NB,89.85507246376811,92.92937111048568
soybean,1,1,soft->DT,89.85507246376811,92.63619575253924
soybean,1,1,correct->DT,88.40579710144928,88.32937607175836
soybean,1,1,committee->DT,89.85507246376811,88.99122807017544
soybean,1,2,baseline->NB,91.30434782608695,95.243041815064
soybean,1,2,soft->NB,88.40579710144928,92.78858377828631
soybean,1,2,attr->NB,89.85507246376811,93.6457453794915
soybean,1,2,softattr->NB,85.5072463768116,88.42336103416436
soybean,1,2,correct->NB,88.40579710144928,92.78858377828631
soybean,1,2,soft->DT,86.95652173913044,91.696675900277
soybean,1,2,correct->DT,89.85507246376811,94.63659147869674
soybean,1,2,committee->DT,89.85507246376811,94.63659147869674
soybean,1,3,baseline->NB,88.23529411764706,92.92548500881837
soybean,1,3,soft->NB,88.23529411764706,93.87669318935303
soybean,1,3,attr->NB,89.70588235294117,94.43742985409652
soybean,1,3,softattr->NB,88.23529411764706,93.87669318935303
soybean,1,3,correct->NB,88.23529411764706,93.87669318935303
soybean,1,3,soft->DT,85.29411764705883,86.56590413943354
soybean,1,3,correct->DT,94.11764705882354,97.58639021796918
soybean,1,3,committee->DT,89.70588235294117,93.99935022742041
soybean,1,4,baseline->NB,85.29411764705883,89.91363211951447
soybean,1,4,soft->NB,85.29411764705883,89.94227994227995
soybean,1,4,attr->NB,83.82352941176471,89.65646806226518
soybean,1,4,softattr->NB,80.88235294117646,88.54226020892688
soybean,1,4,correct->NB,85.29411764705883,90.0224292615597
soybean,1,4,soft->DT,86.76470588235294,90.2226947840983
soybean,1,4,correct->DT,91.17647058823529,94.84891541157526
soybean,1,4,committee->DT,91.17647058823529,91.73721340388006
soybean,1,5,baseline->NB,92.6470588235294,93.78473919577065
soybean,1,5,soft->NB,89.70588235294117,92.60233918128655
soybean,1,5,attr->NB,89.70588235294117,89.42955298462874
soybean,1,5,softattr->NB,91.17647058823529,93.19021237303787
soybean,1,5,correct->NB,91.17647058823529,93.19143446852426
soybean,1,5,soft->DT,92.6470588235294,95.24930747922437
soybean,1,5,correct->DT,92.6470588235294,95.02985404688191
soybean,1,5,committee->DT,95.58823529411765,96.78439519852263
soybean,1,6,baseline->NB,89.70588235294117,94.06015037593987
soybean,1,6,soft->NB,89.70588235294117,94.06015037593987
soybean,1,6,attr->NB,88.23529411764706,91.5655448782384
soybean,1,6,softattr->NB,86.76470588235294,90.73847720906544
soybean,1,6,correct->NB,89.70588235294117,94.06015037593987
soybean,1,6,soft->DT,85.29411764705883,90.20295303476082
soybean,1,6,correct->DT,88.23529411764706,91.51110255232791
soybean,1,6,committee->DT,89.70588235294117,92.09589787396534
soybean,1,7,baseline->NB,89.70588235294117,93.45261549595915
soybean,1,7,soft->NB,89.70588235294117,93.7917043247505
soybean,1,7,attr->NB,91.17647058823529,95.12002512675551
soybean,1,7,softattr->NB,88.23529411764706,93.81884575692624
soybean,1,7,correct->NB,89.70588235294117,93.7917043247505
soybean,1,7,soft->DT,92.6470588235294,94.22394996779877
soybean,1,7,correct->DT,92.6470588235294,94.97911445279867
soybean,1,7,committee->DT,92.6470588235294,95.02985404688191
soybean,1,8,baseline->NB,85.29411764705883,89.10866910866912
soybean,1,8,soft->NB,82.3529411764706,87.31584205268416
soybean,1,8,attr->NB,83.82352941176471,88.80389232189788
soybean,1,8,softattr->NB,77.94117647058823,85.78247203847717
soybean,1,8,correct->NB,83.82352941176471,88.2551520501659
soybean,1,8,soft->DT,85.29411764705883,91.15845168476747
soybean,1,8,correct->DT,85.29411764705883,88.05068226120859
soybean,1,8,committee->DT,85.29411764705883,88.05068226120859
soybean,1,9,baseline->NB,98.52941176470588,98.59649122807018
soybean,1,9,soft->NB,95.58823529411765,96.0061919504644
soybean,1,9,attr->NB,92.6470588235294,90.24915229249594
soybean,1,9,softattr->NB,91.17647058823529,91.63843091169147
soybean,1,9,correct->NB,95.58823529411765,96.0061919504644
soybean,1,9,soft->DT,95.58823529411765,95.84614270454259
soybean,1,9,correct->DT,95.58823529411765,96.2234016413583
soybean,1,9,committee->DT,97.05882352941177,96.78181521916247
soybean,2,0,baseline->NB,92.7536231884058,93.59649122807019
soybean,2,0,soft->NB,89.85507246376811,91.1018857303687
soybean,2,0,attr->NB,94.20289855072464,94.02882205513784
soybean,2,0,softattr->NB,89.85507246376811,91.1018857303687
soybean,2,0,correct->NB,89.85507246376811,91.1018857303687
soybean,2,0,soft->DT,92.7536231884058,94.42355889724313
soybean,2,0,correct->DT,92.7536231884058,93.51416643212308
soybean,2,0,committee->DT,94.20289855072464,94.02882205513784
soybean,2,1,baseline->NB,91.30434782608695,92.71045260209347
soybean,2,1,soft->NB,89.85507246376811,92.11065766019327
soybean,2,1,attr->NB,92.7536231884058,94.92025518341308
soybean,2,1,softattr->NB,89.85507246376811,92.9760622784583
soybean,2,1,correct->NB,89.85507246376811,92.11065766019327
soybean,2,1,soft->DT,91.30434782608695,96.22549019607843
soybean,2,1,correct->DT,92.7536231884058,94.3950885986897
soybean,2,1,committee->DT,92.7536231884058,94.39938856428999
soybean,2,2,baseline->NB,86.95652173913044,91.51195372802022
soybean,2,2,soft->NB,86.95652173913044,91.51195372802022
soybean,2,2,attr->NB,89.85507246376811,88.67020492407491
soybean,2,2,softattr->NB,84.05797101449275,85.30872636135794
soybean,2,2,correct->NB,86.95652173913044,91.51195372802022
soybean,2,2,soft->DT,88.40579710144928,91.64578111946534
soybean,2,2,correct->DT,88.40579710144928,91.8216094462632
soybean,2,2,committee->DT,89.85507246376811,92.43833267378974
soybean,2,3,baseline->NB,85.29411764705883,91.39197530864197
soybean,2,3,soft->NB,85.29411764705883,92.34924026590696
soybean,2,3,attr->NB,85.29411764705883,91.4633260711692
soybean,2,3,softattr->NB,80.88235294117646,89.45136228182206
soybean,2,3,correct->NB,85.29411764705883,92.34924026590696
soybean,2,3,soft->DT,86.76470588235294,91.52777777777779
soybean,2,3,correct->DT,86.76470588235294,91.02241715399609
soybean,2,3,committee->DT,89.70588235294117,92.47354497354495
soybean,2,4,baseline->NB,86.76470588235294,90.54256010396361
soybean,2,4,soft->NB,85.29411764705883,89.88380537400144
soybean,2,4,attr->NB,86.76470588235294,88.43504773329335
soybean,2,4,softattr->NB,83.82352941176471,85.61728395061728
soybean,2,4,correct->NB,85.29411764705883,89.88380537400144
soybean,2,4,soft->DT,79.41176470588235,83.55175688509023
soybean,2,4,correct->DT,92.6470588235294,92.5934048083171
soybean,2,4,committee->DT,91.17647058823529,92.01888162672476
soybean,2,5,baseline->NB,92.6470588235294,93.63519091847266
soybean,2,5,soft->NB,92.6470588235294,94.11138139466313
soybean,2,5,attr->NB,94.11764705882354,94.83479079535785
soybean,2,5,softattr->NB,91.17647058823529,93.62892525431225
soybean,2,5,correct->NB,92.6470588235294,94.11138139466313
soybean,2,5,soft->DT,95.58823529411765,96.01977078920211
soybean,2,5,correct->DT,97.05882352941177,97.38199989136929
soybean,2,5,committee->DT,97.05882352941177,97.38199989136929
soybean,2,6,baseline->NB,85.29411764705883,88.43272224851174
soybean,2,6,soft->NB,85.29411764705883,88.60018636334426
soybean,2,6,attr->NB,82.3529411764706,84.34872437504018
soybean,2,6,softattr->NB,82.3529411764706,84.34872437504018
soybean,2,6,correct->NB,85.29411764705883,88.60018636334426
soybean,2,6,soft->DT,83.82352941176471,88.63909774436091
soybean,2,6,correct->DT,88.23529411764706,93.57623717147915
soybean,2,6,committee->DT,88.23529411764706,91.63102325950622
soybean,2,7,baseline->NB,94.11764705882354,96.8343653250774
soybean,2,7,soft->NB,94.11764705882354,96.8343653250774
soybean,2,7,attr->NB,91.17647058823529,90.52005012531328
soybean,2,7,softattr->NB,89.70588235294117,90.35087719298245
soybean,2,7,correct->NB,94.11764705882354,96.8343653250774
soybean,2,7,soft->DT,92.6470588235294,97.06163805235013
soybean,2,7,correct->DT,92.6470588235294,95.47182349813929
soybean,2,7,committee->DT,92.6470588235294,94.64079856739139
soybean,2,8,baseline->NB,86.76470588235294,91.60352106576364
soybean,2,8,soft->NB,83.82352941176471,90.3765352294764
soybean,2,8,attr->NB,86.76470588235294,91.5793528796625
soybean,2,8,softattr->NB,86.76470588235294,91.61212099696418
soybean,2,8,correct->NB,85.29411764705883,90.97423044791466
soybean,2,8,soft->DT,88.23529411764706,92.33869232725068
soybean,2,8,correct->DT,92.6470588235294,95.65853038393085
soybean,2,8,committee->DT,92.6470588235294,95.73934837092732
soybean,2,9,baseline->NB,95.58823529411765,96.8574946137273
soybean,2,9,soft->NB,95.58823529411765,96.8574946137273
soybean,2,9,attr->NB,95.58823529411765,96.8574946137273
soybean,2,9,softattr->NB,91.17647058823529,95.20086448004068
soybean,2,9,correct->NB,95.58823529411765,96.8574946137273
soybean,2,9,soft->DT,92.6470588235294,92.81537176274017
soybean,2,9,correct->DT,94.11764705882354,95.79601739125935
soybean,2,9,committee->DT,94.11764705882354,96.32414369256476
soybean,3,0,baseline->NB,92.7536231884058,93.29810594597951
soybean,3,0,soft->NB,92.7536231884058,95.54621848739497
soybean,3,0,attr->NB,92.7536231884058,93.29810594597951
soybean,3,0,softattr->NB,91.30434782608695,92.71331062434207
soybean,3,0,correct->NB,91.30434782608695,92.73920094353531
soybean,3,0,soft->DT,89.85507246376811,91.45753961787855
soybean,3,0,correct->DT,97.10144927536231,98.8157894736842
soybean,3,0,committee->DT,95.65217391304348,98.23099415204678
soybean,3,1,baseline->NB,97.10144927536231,98.0511650643637
soybean,3,1,soft->NB,95.65217391304348,97.42585954049211
soybean,3,1,attr->NB,91.30434782608695,93.93470889499964
soybean,3,1,softattr->NB,86.95652173913044,88.76934984520123
soybean,3,1,correct->NB,94.20289855072464,96.91839893852278
soybean,3,1,soft->DT,94.20289855072464,97.34090127278982
soybean,3,1,correct->DT,92.7536231884058,95.36549707602339
soybean,3,1,committee->DT,95.65217391304348,96.48941755834375
soybean,3,2,baseline->NB,95.65217391304348,98.17042606516291
soybean,3,2,soft->NB,94.20289855072464,97.66917293233082
soybean,3,2,attr->NB,92.7536231884058,94.38596491228071
soybean,3,2,softattr->NB,92.7536231884058,94.38596491228071
soybean,3,2,correct->NB,94.20289855072464,97.71342231176027
soybean,3,2,soft->DT,94.20289855072464,96.38965835641736
soybean,3,2,correct->DT,94.20289855072464,96.86584883260784
soybean,3,2,committee->DT,94.20289855072464,96.86584883260784
soybean,3,3,baseline->NB,88.23529411764706,92.16269841269842
soybean,3,3,soft->NB,88.23529411764706,92.16269841269842
soybean,3,3,attr->NB,86.76470588235294,90.13486312399357
soybean,3,3,softattr->NB,86.76470588235294,90.13486312399357
soybean,3,3,correct->NB,88.23529411764706,92.16269841269842
soybean,3,3,soft->DT,83.82352941176471,85.95082477435419
soybean,3,3,correct->DT,92.6470588235294,94.15188297541239
soybean,3,3,committee->DT,91.17647058823529,94.89603638726446
soybean,3,4,baseline->NB,79.41176470588235,84.56166056166056
soybean,3,4,soft->NB,76.47058823529412,80.49141790521101
soybean,3,4,attr->NB,80.88235294117646,79.09527201193866
soybean,3,4,softattr->NB,75.0,76.64021164021163
soybean,3,4,correct->NB,79.41176470588235,85.19129019129018
soybean,3,4,soft->DT,86.76470588235294,87.88900225971163
soybean,3,4,correct->DT,88.23529411764706,87.90447096713082
soybean,3,4,committee->DT,91.17647058823529,89.09758055268892
soybean,3,5,baseline->NB,92.6470588235294,95.86834733893559
soybean,3,5,soft->NB,92.6470588235294,95.86834733893559
soybean,3,5,attr->NB,97.05882352941177,98.8157894736842
soybean,3,5,softattr->NB,91.17647058823529,95.31499202551835
soybean,3,5,correct->NB,92.6470588235294,95.86834733893559
soybean,3,5,soft->DT,92.6470588235294,95.24930747922437
soybean,3,5,correct->DT,95.58823529411765,96.78439519852263
soybean,3,5,committee->DT,97.05882352941177,97.38199989136929
soybean,3,6,baseline->NB,89.70588235294117,92.39814690178132
soybean,3,6,soft->NB,88.23529411764706,91.74025216493922
soybean,3,6,attr->NB,89.70588235294117,89.33969864209466
soybean,3,6,softattr->NB,88.23529411764706,87.97746953992747
soybean,3,6,correct->NB,88.23529411764706,91.74025216493922
soybean,3,6,soft->DT,91.17647058823529,92.64096069049629
soybean,3,6,correct->DT,89.70588235294117,90.69934776490169
soybean,3,6,committee->DT,91.17647058823529,91.19617224880383
soybean,3,7,baseline->NB,85.29411764705883,89.9141793878636
soybean,3,7,soft->NB,82.3529411764706,88.60379386695175
soybean,3,7,attr->NB,85.29411764705883,88.1203007518797
soybean,3,7,softattr->NB,82.3529411764706,86.783988957902
soybean,3,7,correct->NB,83.82352941176471,89.36512404004665
soybean,3,7,soft->DT,83.82352941176471,87.02002562053147
soybean,3,7,correct->DT,89.70588235294117,95.02088554720135
soybean,3,7,committee->DT,89.70588235294117,91.25789301629361
soybean,3,8,baseline->NB,92.6470588235294,92.76426360017692
soybean,3,8,soft->NB,92.6470588235294,93.58905284601879
soybean,3,8,attr->NB,94.11764705882354,94.60394407070308
soybean,3,8,softattr->NB,89.70588235294117,90.96494225995612
soybean,3,8,correct->NB,91.17647058823529,91.55946908268892
soybean,3,8,soft->DT,92.6470588235294,95.95670228426994
soybean,3,8,correct->DT,88.23529411764706,91.11237846939332
soybean,3,8,committee->DT,86.76470588235294,89.96960926568227
soybean,3,9,baseline->NB,86.76470588235294,93.46076862637143
soybean,3,9,soft->NB,85.29411764705883,91.53475794750034
soybean,3,9,attr->NB,85.29411764705883,88.38558065644662
soybean,3,9,softattr->NB,85.29411764705883,88.38558065644662
soybean,3,9,correct->NB,85.29411764705883,91.53475794750034
soybean,3,9,soft->DT,88.23529411764706,92.88465729541245
soybean,3,9,correct->DT,91.17647058823529,95.24573994795601
soybean,3,9,committee->DT,94.11764705882354,96.30952380952381
soybean,4,0,baseline->NB,94.20289855072464,96.06544095015661
soybean,4,0,soft->NB,94.20289855072464,96.8687650498796
soybean,4,0,attr->NB,97.10144927536231,98.8157894736842
soybean,4,0,softattr->NB,92.7536231884058,96.36504362510554
soybean,4,0,correct->NB,94.20289855072464,96.91839893852278
soybean,4,0,soft->DT,91.30434782608695,93.32410795259094
soybean,4,0,correct->DT,95.65217391304348,96.4766081871345
soybean,4,0,committee->DT,97.10144927536231,97.07421287998118
soybean,4,1,baseline->NB,88.40579710144928,93.73420764186683
soybean,4,1,soft->NB,84.05797101449275,90.51057508023452
soybean,4,1,attr->NB,88.40579710144928,92.32578824684087
soybean,4,1,softattr->NB,82.6086956521739,88.51539104170683
soybean,4,1,correct->NB,85.5072463768116,91.30200501253135
soybean,4,1,soft->DT,85.5072463768116,89.88786876538292
soybean,4,1,correct->DT,91.30434782608695,93.70339724910363
soybean,4,1,committee->DT,92.7536231884058,94.40427694623557
soybean,4,2,baseline->NB,88.40579710144928,93.24722061564165
soybean,4,2,soft->NB,85.5072463768116,90.8235412800028
soybean,4,2,attr->NB,86.95652173913044,91.28777655093444
soybean,4,2,softattr->NB,86.95652173913044,91.28777655093444
soybean,4,2,correct->NB,85.5072463768116,90.8235412800028
soybean,4,2,soft->DT,86.95652173913044,92.30531241611575
soybean,4,2,correct->DT,94.20289855072464,96.47432976380344
soybean,4,2,committee->DT,94.20289855072464,96.47432976380344
soybean,4,3,baseline->NB,86.76470588235294,88.4347442680776
soybean,4,3,soft->NB,86.76470588235294,89.50214707461083
soybean,4,3,attr->NB,80.88235294117646,84.34469343292874
soybean,4,3,softattr->NB,80.88235294117646,84.39509564509564
soybean,4,3,correct->NB,85.29411764705883,88.17680212181492
soybean,4,3,soft->DT,91.17647058823529,94.29894179894178
soybean,4,3,correct->DT,94.11764705882354,93.74727668845317
soybean,4,3,committee->DT,94.11764705882354,93.74727668845317
soybean,4,4,baseline->NB,91.17647058823529,94.06318082788671
soybean,4,4,soft->NB,89.70588235294117,92.4131016042781
soybean,4,4,attr->NB,86.76470588235294,89.54493581944563
soybean,4,4,softattr->NB,86.76470588235294,89.60148310531942
soybean,4,4,correct->NB,91.17647058823529,94.11103330220979
soybean,4,4,soft->DT,91.17647058823529,93.91520859551551
soybean,4,4,correct->DT,92.6470588235294,94.80392156862743
soybean,4,4,committee->DT,94.11764705882354,96.05664488017429
soybean,4,5,baseline->NB,88.23529411764706,90.05798810752373
soybean,4,5,soft->NB,88.23529411764706,90.01747790528955
soybean,4,5,attr->NB,88.23529411764706,89.70837180670976
soybean,4,5,softattr->NB,86.76470588235294,88.96484632634217
soybean,4,5,correct->NB,86.76470588235294,89.48412698412697
soybean,4,5,soft->DT,89.70588235294117,92.54652780276051
soybean,4,5,correct->DT,92.6470588235294,93.20031009129917
soybean,4,5,committee->DT,91.17647058823529,91.16891581613758
soybean,4,6,baseline->NB,91.17647058823529,94.27392009435354
soybean,4,6,soft->NB,88.23529411764706,93.05604163862343
soybean,4,6,attr->NB,86.76470588235294,91.03263365280637
soybean,4,6,softattr->NB,89.70588235294117,92.39814690178132
soybean,4,6,correct->NB,88.23529411764706,93.05604163862343
soybean,4,6,soft->DT,89.70588235294117,93.85706914344685
soybean,4,6,correct->DT,91.17647058823529,92.22283650302225
soybean,4,6,committee->DT,92.6470588235294,92.79239766081872
soybean,4,7,baseline->NB,86.76470588235294,91.80819696299572
soybean,4,7,soft->NB,86.76470588235294,91.80819696299572
soybean,4,7,attr->NB,82.3529411764706,85.48188653451811
soybean,4,7,softattr->NB,82.3529411764706,85.48188653451811
soybean,4,7,correct->NB,86.76470588235294,91.80819696299572
soybean,4,7,soft->DT,83.82352941176471,88.0060445230724
soybean,4,7,correct->DT,89.70588235294117,91.30881900313219
soybean,4,7,committee->DT,88.23529411764706,90.74944956504423
soybean,4,8,baseline->NB,92.6470588235294,95.67545866955717
soybean,4,8,soft->NB,91.17647058823529,95.07373506229341
soybean,4,8,attr->NB,94.11764705882354,94.1329025889532
soybean,4,8,softattr->NB,92.6470588235294,93.50940757691329
soybean,4,8,correct->NB,92.6470588235294,95.67545866955717
soybean,4,8,soft->DT,92.6470588235294,93.47120792411651
soybean,4,8,correct->DT,92.6470588235294,93.47120792411651
soybean,4,8,committee->DT,92.6470588235294,93.47120792411651
soybean,4,9,baseline->NB,94.11764705882354,97.40970072239422
soybean,4,9,soft->NB,94.11764705882354,97.40970072239422
soybean,4,9,attr->NB,94.11764705882354,96.32414369256476
soybean,4,9,softattr->NB,94.11764705882354,96.32414369256476
soybean,4,9,correct->NB,94.11764705882354,97.40970072239422
soybean,4,9,soft->DT,91.17647058823529,91.64919522749081
soybean,4,9,correct->DT,94.11764705882354,97.73453240945503
soybean,4,9,committee->DT,95.58823529411765,97.52665978672171
soybean,5,0,baseline->NB,91.30434782608695,92.2365705284884
soybean,5,0,soft->NB,88.40579710144928,91.73438803877127
soybean,5,0,attr->NB,92.7536231884058,94.8888151751929
soybean,5,0,softattr->NB,89.85507246376811,93.75779602458833
soybean,5,0,correct->NB,89.85507246376811,92.39814690178132
soybean,5,0,soft->DT,91.30434782608695,92.99735406628025
soybean,5,0,correct->DT,91.30434782608695,93.84673805726437
soybean,5,0,committee->DT,89.85507246376811,93.23106527929733
soybean,5,1,baseline->NB,88.40579710144928,92.52874834144184
soybean,5,1,soft->NB,88.40579710144928,92.52874834144184
soybean,5,1,attr->NB,86.95652173913044,91.07511425622882
soybean,5,1,softattr->NB,85.5072463768116,90.52248267728143
soybean,5,1,correct->NB,88.40579710144928,92.52874834144184
soybean,5,1,soft->DT,85.5072463768116,89.1987888272718
soybean,5,1,correct->DT,89.85507246376811,92.71664008506114
soybean,5,1,committee->DT,86.95652173913044,91.62142355035073
soybean,5,2,baseline->NB,94.20289855072464,96.9056542284504
soybean,5,2,soft->NB,92.7536231884058,96.37230330728784
soybean,5,2,attr->NB,89.85507246376811,89.18767507002802
soybean,5,2,softattr->NB,92.7536231884058,93.46859796550198
soybean,5,2,correct->NB,91.30434782608695,95.82324795947088
soybean,5,2,soft->DT,89.85507246376811,90.2861319966583
soybean,5,2,correct->DT,92.7536231884058,91.11765481815996
soybean,5,2,committee->DT,92.7536231884058,93.64112034472146
soybean,5,3,baseline->NB,91.17647058823529,92.895433027012
soybean,5,3,soft->NB,88.23529411764706,91.67752082225766
soybean,5,3,attr->NB,88.23529411764706,92.80409748440441
soybean,5,3,softattr->NB,85.29411764705883,91.16367307156781
soybean,5,3,correct->NB,86.76470588235294,91.12251744498123
soybean,5,3,soft->DT,88.23529411764706,92.99200598113642
soybean,5,3,correct->DT,92.6470588235294,96.91257128328067
soybean,5,3,committee->DT,97.05882352941177,98.82524939800483
soybean,5,4,baseline->NB,91.17647058823529,94.5658263305322
soybean,5,4,soft->NB,88.23529411764706,92.7536570183629
soybean,5,4,attr->NB,88.23529411764706,86.77505310116248
soybean,5,4,softattr->NB,83.82352941176471,85.03848946986203
soybean,5,4,correct->NB,88.23529411764706,92.7536570183629
soybean,5,4,soft->DT,91.17647058823529,90.61520904658161
soybean,5,4,correct->DT,91.17647058823529,91.14343593187762
soybean,5,4,committee->DT,91.17647058823529,91.14343593187762
soybean,5,5,baseline->NB,89.70588235294117,93.52609464838568
soybean,5,5,soft->NB,89.70588235294117,93.52609464838568
soybean,5,5,attr->NB,89.70588235294117,93.80178387144333
soybean,5,5,softattr->NB,88.23529411764706,92.90579389650597
soybean,5,5,correct->NB,89.70588235294117,93.52609464838568
soybean,5,5,soft->DT,88.23529411764706,93.78510541293662
soybean,5,5,correct->DT,94.11764705882354,96.84898520811835
soybean,5,5,committee->DT,95.58823529411765,98.24561403508773
soybean,5,6,baseline->NB,86.76470588235294,91.09915938170786
soybean,5,6,soft->NB,86.76470588235294,91.09915938170786
soybean,5,6,attr->NB,85.29411764705883,84.50672134882662
soybean,5,6,softattr->NB,83.82352941176471,83.74173419819572
soybean,5,6,correct->NB,86.76470588235294,91.09915938170786
soybean,5,6,soft->DT,83.82352941176471,88.53084127322354
soybean,5,6,correct->DT,86.76470588235294,88.44611528822055
soybean,5,6,committee->DT,88.23529411764706,89.12280701754386
soybean,5,7,baseline->NB,91.17647058823529,92.71331062434207
soybean,5,7,soft->NB,92.6470588235294,93.29810594597951
soybean,5,7,attr->NB,88.23529411764706,90.13575605680867
soybean,5,7,softattr->NB,88.23529411764706,86.97528134060643
soybean,5,7,correct->NB,91.17647058823529,92.71331062434207
soybean,5,7,soft->DT,89.70588235294117,93.01310316790193
soybean,5,7,correct->DT,94.11764705882354,95.42397660818712
soybean,5,7,committee->DT,95.58823529411765,96.04747162022704
soybean,5,8,baseline->NB,88.23529411764706,94.67557783347257
soybean,5,8,soft->NB,86.76470588235294,92.78195488721805
soybean,5,8,attr->NB,89.70588235294117,95.22026219394641
soybean,5,8,softattr->NB,88.23529411764706,94.67557783347257
soybean,5,8,correct->NB,88.23529411764706,94.67557783347257
soybean,5,8,soft->DT,91.17647058823529,95.73050272740676
soybean,5,8,correct->DT,89.70588235294117,95.17640254482359
soybean,5,8,committee->DT,92.6470588235294,96.25681851688044
soybean,5,9,baseline->NB,91.17647058823529,92.61165734849945
soybean,5,9,soft->NB,91.17647058823529,92.61165734849945
soybean,5,9,attr->NB,92.6470588235294,91.59433671899045
soybean,5,9,softattr->NB,89.70588235294117,90.49672088453254
soybean,5,9,correct->NB,91.17647058823529,92.61165734849945
soybean,5,9,soft->DT,91.17647058823529,94.20751301637728
soybean,5,9,correct->DT,94.11764705882354,94.05047706986765
soybean,5,9,committee->DT,94.11764705882354,94.05047706986765
soybean,6,0,baseline->NB,91.30434782608695,93.68702504925416
soybean,6,0,soft->NB,89.85507246376811,93.76553596266882
soybean,6,0,attr->NB,86.95652173913044,87.73057644110274
soybean,6,0,softattr->NB,82.6086956521739,85.65868857664523
soybean,6,0,correct->NB,91.30434782608695,94.37699107102796
soybean,6,0,soft->DT,88.40579710144928,92.20378845664887
soybean,6,0,correct->DT,94.20289855072464,96.16409444664292
soybean,6,0,committee->DT,94.20289855072464,96.16409444664292
soybean,6,1,baseline->NB,86.95652173913044,89.19160112557608
soybean,6,1,soft->NB,84.05797101449275,88.77498610780344
soybean,6,1,attr->NB,89.85507246376811,92.1302335706768
soybean,6,1,softattr->NB,82.6086956521739,87.52185327572325
soybean,6,1,correct->NB,85.5072463768116,89.56641604010026
soybean,6,1,soft->DT,86.95652173913044,92.54907373328425
soybean,6,1,correct->DT,86.95652173913044,90.56307804230241
soybean,6,1,committee->DT,88.40579710144928,91.16275537328168
soybean,6,2,baseline->NB,82.6086956521739,87.0223040438625
soybean,6,2,soft->NB,82.6086956521739,87.09690893901421
soybean,6,2,attr->NB,85.5072463768116,88.96834561838706
soybean,6,2,softattr->NB,78.26086956521739,85.32083413662362
soybean,6,2,correct->NB,82.6086956521739,87.0223040438625
soybean,6,2,soft->DT,85.5072463768116,91.16159965130217
soybean,6,2,correct->DT,85.5072463768116,88.29918044539265
soybean,6,2,committee->DT,88.40579710144928,90.16956266263746
soybean,6,3,baseline->NB,91.17647058823529,93.19084748909312
soybean,6,3,soft->NB,91.17647058823529,93.19084748909312
soybean,6,3,attr->NB,89.70588235294117,87.00124494242141
soybean,6,3,softattr->NB,88.23529411764706,86.39309764309763
soybean,6,3,correct->NB,91.17647058823529,93.19084748909312
soybean,6,3,soft->DT,86.76470588235294,85.83820662768031
soybean,6,3,correct->DT,92.6470588235294,93.13515269655619
soybean,6,3,committee->DT,91.17647058823529,89.19753086419753
soybean,6,4,baseline->NB,91.17647058823529,94.56770081770081
soybean,6,4,soft->NB,89.70588235294117,92.49939874939876
soybean,6,4,attr->NB,82.3529411764706,88.40608465608464
soybean,6,4,softattr->NB,79.41176470588235,86.88131313131314
soybean,6,4,correct->NB,89.70588235294117,92.49939874939876
soybean,6,4,soft->DT,88.23529411764706,92.71202361782073
soybean,6,4,correct->DT,89.70588235294117,94.1943173150267
soybean,6,4,committee->DT,91.17647058823529,94.8086124401914
soybean,6,5,baseline->NB,86.76470588235294,93.0516129896935
soybean,6,5,soft->NB,86.76470588235294,93.13528386182848
soybean,6,5,attr->NB,88.23529411764706,93.91186299081038
soybean,6,5,softattr->NB,86.76470588235294,93.01587301587301
soybean,6,5,correct->NB,86.76470588235294,93.13528386182848
soybean,6,5,soft->DT,86.76470588235294,93.42522974101921
soybean,6,5,correct->DT,89.70588235294117,95.02923976608187
soybean,6,5,committee->DT,89.70588235294117,95.02923976608187
soybean,6,6,baseline->NB,91.17647058823529,92.8887492208333
soybean,6,6,soft->NB,89.70588235294117,92.29544449358691
soybean,6,6,attr->NB,89.70588235294117,89.7417886822319
soybean,6,6,softattr->NB,88.23529411764706,89.19172932330828
soybean,6,6,correct->NB,89.70588235294117,92.29544449358691
soybean,6,6,soft->DT,86.76470588235294,91.20281765018608
soybean,6,6,correct->DT,89.70588235294117,93.62650046168052
soybean,6,6,committee->DT,91.17647058823529,94.52860091404985
soybean,6,7,baseline->NB,97.05882352941177,98.78808864265928
soybean,6,7,soft->NB,95.58823529411765,98.14404432132964
soybean,6,7,attr->NB,94.11764705882354,92.54539858417974
soybean,6,7,softattr->NB,91.17647058823529,93.50289599597079
soybean,6,7,correct->NB,97.05882352941177,98.78808864265928
soybean,6,7,soft->DT,98.52941176470588,97.19298245614034
soybean,6,7,correct->DT,98.52941176470588,99.41339416653089
soybean,6,7,committee->DT,100.0,100.0
soybean,6,8,baseline->NB,89.70588235294117,93.75055285272005
soybean,6,8,soft->NB,89.70588235294117,93.75055285272005
soybean,6,8,attr->NB,91.17647058823529,95.11278195488723
soybean,6,8,softattr->NB,91.17647058823529,95.11278195488723
soybean,6,8,correct->NB,89.70588235294117,93.75055285272005
soybean,6,8,soft->DT,91.17647058823529,95.11278195488723
soybean,6,8,correct->DT,91.17647058823529,96.59090909090908
soybean,6,8,committee->DT,95.58823529411765,98.2608695652174
soybean,6,9,baseline->NB,94.11764705882354,95.45398584179748
soybean,6,9,soft->NB,91.17647058823529,91.17059465438153
soybean,6,9,attr->NB,95.58823529411765,93.65650969529086
soybean,6,9,softattr->NB,92.6470588235294,91.78978970082116
soybean,6,9,correct->NB,92.6470588235294,91.71965000219848
soybean,6,9,soft->DT,92.6470588235294,88.7442289935365
soybean,6,9,correct->DT,94.11764705882354,91.28523062041069
soybean,6,9,committee->DT,94.11764705882354,91.28523062041069
soybean,7,0,baseline->NB,91.30434782608695,92.08179763133323
soybean,7,0,soft->NB,89.85507246376811,91.53274228351627
soybean,7,0,attr->NB,86.95652173913044,90.3482972136223
soybean,7,0,softattr->NB,82.6086956521739,88.18949110744776
soybean,7,0,correct->NB,88.40579710144928,90.95851841880919
soybean,7,0,soft->DT,89.85507246376811,91.05802608124588
soybean,7,0,correct->DT,89.85507246376811,89.07956164922109
soybean,7,0,committee->DT,89.85507246376811,89.14540138224349
soybean,7,1,baseline->NB,89.85507246376811,93.68186509053382
soybean,7,1,soft->NB,86.95652173913044,89.37564499484004
soybean,7,1,attr->NB,89.85507246376811,91.33249791144526
soybean,7,1,softattr->NB,86.95652173913044,89.46837682441398
soybean,7,1,correct->NB,88.40579710144928,89.98586620002692
soybean,7,1,soft->DT,89.85507246376811,90.91751679193499
soybean,7,1,correct->DT,92.7536231884058,92.47137451471818
soybean,7,1,committee->DT,94.20289855072464,93.05005935892365
soybean,7,2,baseline->NB,86.95652173913044,92.687232787852
soybean,7,2,soft->NB,86.95652173913044,93.53480626700443
soybean,7,2,attr->NB,88.40579710144928,94.15400131344404
soybean,7,2,softattr->NB,81.15942028985508,90.7765737874097
soybean,7,2,correct->NB,85.5072463768116,92.96955624355007
soybean,7,2,soft->DT,85.5072463768116,90.12498351141011
soybean,7,2,correct->DT,89.85507246376811,94.80674191873545
soybean,7,2,committee->DT,91.30434782608695,94.49039264828738
soybean,7,3,baseline->NB,92.6470588235294,95.67321080478978
soybean,7,3,soft->NB,92.6470588235294,95.67321080478978
soybean,7,3,attr->NB,91.17647058823529,92.59828678946326
soybean,7,3,softattr->NB,89.70588235294117,91.48989898989899
soybean,7,3,correct->NB,92.6470588235294,95.67321080478978
soybean,7,3,soft->DT,94.11764705882354,96.32716049382715
soybean,7,3,correct->DT,95.58823529411765,97.34649122807019
soybean,7,3,committee->DT,95.58823529411765,97.34649122807019
soybean,7,4,baseline->NB,86.76470588235294,88.60708534621577
soybean,7,4,soft->NB,83.82352941176471,87.10185185185185
soybean,7,4,attr->NB,85.29411764705883,86.52381659734601
soybean,7,4,softattr->NB,82.3529411764706,85.11091069424404
soybean,7,4,correct->NB,85.29411764705883,87.84259259259258
soybean,7,4,soft->DT,83.82352941176471,86.48148148148148
soybean,7,4,correct->DT,86.76470588235294,88.60855843311984
soybean,7,4,committee->DT,88.23529411764706,89.3366673268634
soybean,7,5,baseline->NB,88.23529411764706,90.28204306149557
soybean,7,5,soft->NB,85.29411764705883,89.84587136289922
soybean,7,5,attr->NB,94.11764705882354,94.61884199663245
soybean,7,5,softattr->NB,88.23529411764706,91.28863826232248
soybean,7,5,correct->NB,85.29411764705883,89.84587136289922
soybean,7,5,soft->DT,88.23529411764706,92.01317688159794
soybean,7,5,correct->DT,91.17647058823529,92.53630487702512
soybean,7,5,committee->DT,92.6470588235294,93.20031009129917
soybean,7,6,baseline->NB,94.11764705882354,96.09133126934985
soybean,7,6,soft->NB,94.11764705882354,96.09133126934985
soybean,7,6,attr->NB,92.6470588235294,92.41368796322357
soybean,7,6,softattr->NB,89.70588235294117,91.08506560518946
soybean,7,6,correct->NB,94.11764705882354,96.09133126934985
soybean,7,6,soft->DT,89.70588235294117,93.44739435195754
soybean,7,6,correct->DT,91.17647058823529,90.42588176041004
soybean,7,6,committee->DT,92.6470588235294,91.78322248063165
soybean,7,7,baseline->NB,91.17647058823529,95.19841269841271
soybean,7,7,soft->NB,91.17647058823529,95.26855239703536
soybean,7,7,attr->NB,88.23529411764706,88.3563074352548
soybean,7,7,softattr->NB,86.76470588235294,87.9055428426138
soybean,7,7,correct->NB,91.17647058823529,95.26855239703536
soybean,7,7,soft->DT,86.76470588235294,88.80539137505082
soybean,7,7,correct->DT,92.6470588235294,95.65124933545987
soybean,7,7,committee->DT,92.6470588235294,95.65124933545987
soybean,7,8,baseline->NB,91.17647058823529,94.39237479888982
soybean,7,8,soft->NB,91.17647058823529,94.39237479888982
soybean,7,8,attr->NB,94.11764705882354,96.22947529005582
soybean,7,8,softattr->NB,89.70588235294117,92.62273330384787
soybean,7,8,correct->NB,91.17647058823529,94.39237479888982
soybean,7,8,soft->DT,91.17647058823529,95.86466165413535
soybean,7,8,correct->DT,95.58823529411765,98.2608695652174
soybean,7,8,committee->DT,94.11764705882354,97.76057791537667
soybean,7,9,baseline->NB,88.23529411764706,90.85827539469383
soybean,7,9,soft->NB,86.76470588235294,87.26766010047744
soybean,7,9,attr->NB,89.70588235294117,92.81771945940108
soybean,7,9,softattr->NB,88.23529411764706,90.85827539469383
soybean,7,9,correct->NB,86.76470588235294,87.16227650418695
soybean,7,9,soft->DT,88.23529411764706,92.22133215941267
soybean,7,9,correct->DT,92.6470588235294,95.7463835026162
soybean,7,9,committee->DT,92.6470588235294,95.7463835026162
soybean,8,0,baseline->NB,85.5072463768116,90.95274417928883
soybean,8,0,soft->NB,84.05797101449275,90.43712221730799
soybean,8,0,attr->NB,84.05797101449275,87.11420045154841
soybean,8,0,softattr->NB,84.05797101449275,87.18880534670008
soybean,8,0,correct->NB,82.6086956521739,89.89223057644111
soybean,8,0,soft->DT,79.71014492753623,82.95075925106885
soybean,8,0,correct->DT,86.95652173913044,90.1392236572292
soybean,8,0,committee->DT,86.95652173913044,90.16744760451854
soybean,8,1,baseline->NB,89.85507246376811,93.22154069383987
soybean,8,1,soft->NB,88.40579710144928,91.86947632238493
soybean,8,1,attr->NB,88.40579710144928,92.54161120504611
soybean,8,1,softattr->NB,86.95652173913044,91.14388612311052
soybean,8,1,correct->NB,88.40579710144928,91.86947632238493
soybean,8,1,soft->DT,91.30434782608695,93.83876357560568
soybean,8,1,correct->DT,94.20289855072464,96.25104427736005
soybean,8,1,committee->DT,94.20289855072464,96.25104427736005
soybean,8,2,baseline->NB,89.85507246376811,93.93016855865153
soybean,8,2,soft->NB,88.40579710144928,93.23281112999216
soybean,8,2,attr->NB,91.30434782608695,93.43262809961595
soybean,8,2,softattr->NB,86.95652173913044,90.89362984344245
soybean,8,2,correct->NB,89.85507246376811,93.93016855865153
soybean,8,2,soft->DT,89.85507246376811,94.25466400780073
soybean,8,2,correct->DT,88.40579710144928,88.83326737897376
soybean,8,2,committee->DT,88.40579710144928,88.83326737897376
soybean,8,3,baseline->NB,92.6470588235294,95.29402209226771
soybean,8,3,soft->NB,91.17647058823529,94.6141975308642
soybean,8,3,attr->NB,88.23529411764706,85.98700027515032
soybean,8,3,softattr->NB,85.29411764705883,84.33434484905074
soybean,8,3,correct->NB,91.17647058823529,94.73104056437391
soybean,8,3,soft->DT,92.6470588235294,93.43944692886902
soybean,8,3,correct->DT,97.05882352941177,96.41784199059741
soybean,8,3,committee->DT,97.05882352941177,96.41784199059741
soybean,8,4,baseline->NB,95.58823529411765,97.312091503268
soybean,8,4,soft->NB,94.11764705882354,96.60302717578261
soybean,8,4,attr->NB,89.70588235294117,89.44026733500417
soybean,8,4,softattr->NB,80.88235294117646,87.13352007469655
soybean,8,4,correct->NB,94.11764705882354,96.60302717578261
soybean,8,4,soft->DT,91.17647058823529,93.72912127814091
soybean,8,4,correct->DT,91.17647058823529,94.69281864792701
soybean,8,4,committee->DT,89.70588235294117,92.64458308575956
soybean,8,5,baseline->NB,88.23529411764706,89.93218339967565
soybean,8,5,soft->NB,86.76470588235294,89.37882808625842
soybean,8,5,attr->NB,89.70588235294117,86.6720611689652
soybean,8,5,softattr->NB,83.82352941176471,84.10388182733047
soybean,8,5,correct->NB,86.76470588235294,89.37882808625842
soybean,8,5,soft->DT,89.70588235294117,92.68956705489214
soybean,8,5,correct->DT,89.70588235294117,91.60818713450291
soybean,8,5,committee->DT,92.6470588235294,92.83598573316677
soybean,8,6,baseline->NB,89.70588235294117,90.98641210870314
soybean,8,6,soft->NB,88.23529411764706,90.41685095090666
soybean,8,6,attr->NB,91.17647058823529,92.03954157840423
soybean,8,6,softattr->NB,85.29411764705883,89.19897249517656
soybean,8,6,correct->NB,88.23529411764706,90.41685095090666
soybean,8,6,soft->DT,91.17647058823529,91.5650969529086
soybean,8,6,correct->DT,94.11764705882354,93.9919975377039
soybean,8,6,committee->DT,95.58823529411765,94.57498234750965
soybean,8,7,baseline->NB,91.17647058823529,93.82376395534291
soybean,8,7,soft->NB,88.23529411764706,91.40092879256967
soybean,8,7,attr->NB,92.6470588235294,94.29443173150266
soybean,8,7,softattr->NB,86.76470588235294,90.89473684210526
soybean,8,7,correct->NB,89.70588235294117,93.32693947144077
soybean,8,7,soft->DT,91.17647058823529,95.49183788347875
soybean,8,7,correct->DT,94.11764705882354,96.55806182121971
soybean,8,7,committee->DT,92.6470588235294,96.04340619820496
soybean,8,8,baseline->NB,91.17647058823529,94.1518569150148
soybean,8,8,soft->NB,89.70588235294117,93.2017543859649
soybean,8,8,attr->NB,91.17647058823529,94.37822497420022
soybean,8,8,softattr->NB,91.17647058823529,94.37822497420022
soybean,8,8,correct->NB,91.17647058823529,94.95614035087719
soybean,8,8,soft->DT,88.23529411764706,93.8625730994152
soybean,8,8,correct->DT,92.6470588235294,95.79975656845464
soybean,8,8,committee->DT,94.11764705882354,96.30952380952381
soybean,8,9,baseline->NB,89.70588235294117,94.63621174147491
soybean,8,9,soft->NB,89.70588235294117,94.72418257921017
soybean,8,9,attr->NB,89.70588235294117,94.46115288220552
soybean,8,9,softattr->NB,89.70588235294117,94.50540226163497
soybean,8,9,correct->NB,89.70588235294117,94.72418257921017
soybean,8,9,soft->DT,85.29411764705883,89.45601991248144
soybean,8,9,correct->DT,91.17647058823529,95.07005500020072
soybean,8,9,committee->DT,88.23529411764706,92.47664616085667
soybean,9,0,baseline->NB,91.30434782608695,92.20837180670976
soybean,9,0,soft->NB,89.85507246376811,92.44213474863629
soybean,9,0,attr->NB,88.40579710144928,90.60738968633707
soybean,9,0,softattr->NB,88.40579710144928,90.60738968633707
soybean,9,0,correct->NB,89.85507246376811,92.50797448165869
soybean,9,0,soft->DT,89.85507246376811,91.52046783625731
soybean,9,0,correct->DT,88.40579710144928,90.49465769687374
soybean,9,0,committee->DT,89.85507246376811,91.01789561623357
soybean,9,1,baseline->NB,89.85507246376811,91.42390289449112
soybean,9,1,soft->NB,89.85507246376811,91.4940425931138
soybean,9,1,attr->NB,91.30434782608695,92.06679801107045
soybean,9,1,softattr->NB,89.85507246376811,88.37079912056358
soybean,9,1,correct->NB,89.85507246376811,91.4940425931138
soybean,9,1,soft->DT,89.85507246376811,94.32490540075679
soybean,9,1,correct->DT,91.30434782608695,90.99415204678361
soybean,9,1,committee->DT,92.7536231884058,91.68964076858815
soybean,9,2,baseline->NB,89.85507246376811,93.49476632758366
soybean,9,2,soft->NB,88.40579710144928,93.35592769803297
soybean,9,2,attr->NB,92.7536231884058,94.38596491228071
soybean,9,2,softattr->NB,85.5072463768116,89.60980349424285
soybean,9,2,correct->NB,88.40579710144928,92.90271132376397
soybean,9,2,soft->DT,89.85507246376811,94.80612763793542
soybean,9,2,correct->DT,91.30434782608695,93.00619970980082
soybean,9,2,committee->DT,92.7536231884058,94.35958316844744
soybean,9,3,baseline->NB,88.23529411764706,92.64239028944911
soybean,9,3,soft->NB,86.76470588235294,90.75927340633224
soybean,9,3,attr->NB,86.76470588235294,91.48757087376012
soybean,9,3,softattr->NB,85.29411764705883,90.89791472144414
soybean,9,3,correct->NB,88.23529411764706,92.64239028944911
soybean,9,3,soft->DT,86.76470588235294,92.8427425720691
soybean,9,3,correct->DT,92.6470588235294,96.52262464439967
soybean,9,3,committee->DT,92.6470588235294,96.52262464439967
soybean,9,4,baseline->NB,91.17647058823529,93.13773701931596
soybean,9,4,soft->NB,91.17647058823529,93.13773701931596
soybean,9,4,attr->NB,89.70588235294117,91.38471177944862
soybean,9,4,softattr->NB,89.70588235294117,91.5210287013356
soybean,9,4,correct->NB,91.17647058823529,93.13773701931596
soybean,9,4,soft->DT,92.6470588235294,94.29514442672338
soybean,9,4,correct->DT,94.11764705882354,95.99816534801055
soybean,9,4,committee->DT,94.11764705882354,95.99816534801055
soybean,9,5,baseline->NB,95.58823529411765,98.28062804068996
soybean,9,5,soft->NB,94.11764705882354,97.72727272727273
soybean,9,5,attr->NB,94.11764705882354,97.72727272727273
soybean,9,5,softattr->NB,89.70588235294117,95.84412955465588
soybean,9,5,correct->NB,94.11764705882354,97.72727272727273
soybean,9,5,soft->DT,92.6470588235294,97.12603878116343
soybean,9,5,correct->DT,91.17647058823529,96.26423514927671
soybean,9,5,committee->DT,92.6470588235294,95.41334396597556
soybean,9,6,baseline->NB,86.76470588235294,91.20545930042499
soybean,9,6,soft->NB,85.29411764705883,90.63909774436091
soybean,9,6,attr->NB,86.76470588235294,91.91102756892231
soybean,9,6,softattr->NB,85.29411764705883,91.35839598997494
soybean,9,6,correct->NB,85.29411764705883,91.35839598997494
soybean,9,6,soft->DT,86.76470588235294,91.53127383676582
soybean,9,6,correct->DT,91.17647058823529,94.1293507245927
soybean,9,6,committee->DT,89.70588235294117,92.2808751126829
soybean,9,7,baseline->NB,85.29411764705883,89.48818534630894
soybean,9,7,soft->NB,85.29411764705883,89.48818534630894
soybean,9,7,attr->NB,85.29411764705883,86.8875455320468
soybean,9,7,softattr->NB,82.3529411764706,85.30075187969925
soybean,9,7,correct->NB,86.76470588235294,91.42979827190354
soybean,9,7,soft->DT,82.3529411764706,87.90726817042606
soybean,9,7,correct->DT,89.70588235294117,93.90521758942812
soybean,9,7,committee->DT,91.17647058823529,94.90832344017939
soybean,9,8,baseline->NB,91.17647058823529,95.22054817350283
soybean,9,8,soft->NB,89.70588235294117,93.27546808196963
soybean,9,8,attr->NB,89.70588235294117,88.35089726604842
soybean,9,8,softattr->NB,86.76470588235294,86.90119907612169
soybean,9,8,correct->NB,89.70588235294117,93.27546808196963
soybean,9,8,soft->DT,88.23529411764706,86.64320114010516
soybean,9,8,correct->DT,91.17647058823529,92.36607561684961
soybean,9,8,committee->DT,92.6470588235294,94.15008108506561
soybean,9,9,baseline->NB,89.70588235294117,93.22765117127183
soybean,9,9,soft->NB,89.70588235294117,93.29349090429423
soybean,9,9,attr->NB,89.70588235294117,90.04221079013324
soybean,9,9,softattr->NB,89.70588235294117,90.04221079013324
soybean,9,9,correct->NB,89.70588235294117,93.22765117127183
soybean,9,9,soft->DT,89.70588235294117,91.10715384953612
soybean,9,9,correct->DT,94.11764705882354,96.30347799322868
soybean,9,9,committee->DT,94.11764705882354,96.30347799322868
vote,0,0,baseline->NB,86.36363636363636,85.62091503267973
vote,0,0,soft->NB,88.63636363636364,88.14016172506737
vote,0,0,attr->NB,90.9090909090909,90.41394335511983
vote,0,0,softattr->NB,90.9090909090909,90.41394335511983
vote,0,0,correct->NB,86.36363636363636,85.62091503267973
vote,0,0,soft->DT,90.9090909090909,90.41394335511983
vote,0,0,correct->DT,90.9090909090909,90.41394335511983
vote,0,0,committee->DT,93.18181818181819,92.72727272727272
vote,0,1,baseline->NB,81.81818181818181,81.19658119658119
vote,0,1,soft->NB,84.0909090909091,83.6777954425013
vote,0,1,attr->NB,93.18181818181819,92.88409703504044
vote,0,1,softattr->NB,93.18181818181819,92.88409703504044
vote,0,1,correct->NB,81.81818181818181,81.19658119658119
vote,0,1,soft->DT,88.63636363636364,87.87878787878788
vote,0,1,correct->DT,95.45454545454545,95.20697167755992
vote,0,1,committee->DT,95.45454545454545,95.20697167755992
vote,0,2,baseline->NB,93.18181818181819,93.0047694753577
vote,0,2,soft->NB,90.9090909090909,90.73684210526316
vote,0,2,attr->NB,97.72727272727273,97.62803234501347
vote,0,2,softattr->NB,97.72727272727273,97.62803234501347
vote,0,2,correct->NB,93.18181818181819,93.0047694753577
vote,0,2,soft->DT,97.72727272727273,97.62803234501347
vote,0,2,correct->DT,97.72727272727273,97.62803234501347
vote,0,2,committee->DT,97.72727272727273,97.62803234501347
vote,0,3,baseline->NB,88.63636363636364,88.34128245892951
vote,0,3,soft->NB,88.63636363636364,88.34128245892951
vote,0,3,attr->NB,95.45454545454545,95.2991452991453
vote,0,3,softattr->NB,95.45454545454545,95.2991452991453
vote,0,3,correct->NB,88.63636363636364,88.34128245892951
vote,0,3,soft->DT,95.45454545454545,95.2991452991453
vote,0,3,correct->DT,95.45454545454545,95.2991452991453
vote,0,3,committee->DT,95.45454545454545,95.2991452991453
vote,0,4,baseline->NB,93.18181818181819,92.88409703504044
vote,0,4,soft->NB,88.63636363636364,88.34128245892951
vote,0,4,attr->NB,93.18181818181819,92.88409703504044
vote,0,4,softattr->NB,93.18181818181819,92.88409703504044
vote,0,4,correct->NB,90.9090909090909,90.59829059829059
vote,0,4,soft->DT,93.18181818181819,92.88409703504044
vote,0,4,correct->DT,93.18181818181819,92.88409703504044
vote,0,4,committee->DT,93.18181818181819,92.88409703504044
vote,0,5,baseline->NB,90.69767441860465,90.27149321266968
vote,0,5,soft->NB,90.69767441860465,90.27149321266968
vote,0,5,attr->NB,100.0,100.0
vote,0,5,softattr->NB,100.0,100.0
vote,0,5,correct->NB,90.69767441860465,90.27149321266968
vote,0,5,soft->DT,100.0,100.0
vote,0,5,correct->DT,100.0,100.0
vote,0,5,committee->DT,100.0,100.0
vote,0,6,baseline->NB,90.69767441860465,90.5701754385965
vote,0,6,soft->NB,90.69767441860465,90.5701754385965
vote,0,6,attr->NB,95.34883720930233,95.22222222222223
vote,0,6,softattr->NB,95.34883720930233,95.22222222222223
vote,0,6,correct->NB,90.69767441860465,90.5701754385965
vote,0,6,soft->DT,95.34883720930233,95.22222222222223
vote,0,6,correct->DT,93.02325581395348,92.77310924369748
vote,0,6,committee->DT,93.02325581395348,92.77310924369748
vote,0,7,baseline->NB,95.34883720930233,95.13574660633483
vote,0,7,soft->NB,95.34883720930233,95.13574660633483
vote,0,7,attr->NB,93.02325581395348,92.77310924369748
vote,0,7,softattr->NB,93.02325581395348,92.77310924369748
vote,0,7,correct->NB,95.34883720930233,95.13574660633483
vote,0,7,soft->DT,93.02325581395348,92.77310924369748
vote,0,7,correct->DT,93.02325581395348,92.77310924369748
vote,0,7,committee->DT,93.02325581395348,92.77310924369748
vote,0,8,baseline->NB,93.02325581395348,92.62435677530017
vote,0,8,soft->NB,93.02325581395348,92.62435677530017
vote,0,8,attr->NB,97.67441860465117,97.5414522584334
vote,0,8,softattr->NB,97.67441860465117,97.5414522584334
vote,0,8,correct->NB,93.02325581395348,92.62435677530017
vote,0,8,soft->DT,97.67441860465117,97.5414522584334
vote,0,8,correct->DT,97.67441860465117,97.5414522584334
vote,0,8,committee->DT,97.67441860465117,97.5414522584334
vote,0,9,baseline->NB,90.69767441860465,90.0462962962963
vote,0,9,soft->NB,90.69767441860465,90.0462962962963
vote,0,9,attr->NB,97.67441860465117,97.47800586510265
vote,0,9,softattr->NB,97.67441860465117,97.47800586510265
vote,0,9,correct->NB,90.69767441860465,90.0462962962963
vote,0,9,soft->DT,100.0,100.0
vote,0,9,correct->DT,97.67441860465117,97.47800586510265
vote,0,9,committee->DT,97.67441860465117,97.47800586510265
vote,1,0,baseline->NB,88.63636363636364,88.14016172506737
vote,1,0,soft->NB,90.9090909090909,90.59829059829059
vote,1,0,attr->NB,97.72727272727273,97.57575757575758
vote,1,0,softattr->NB,97.72727272727273,97.57575757575758
vote,1,0,correct->NB,88.63636363636364,88.14016172506737
vote,1,0,soft->DT,97.72727272727273,97.57575757575758
vote,1,0,correct->DT,97.72727272727273,97.57575757575758
vote,1,0,committee->DT,97.72727272727273,97.57575757575758
vote,1,1,baseline->NB,93.18181818181819,92.88409703504044
vote,1,1,soft->NB,93.18181818181819,92.88409703504044
vote,1,1,attr->NB,95.45454545454545,95.20697167755992
vote,1,1,softattr->NB,95.45454545454545,95.20697167755992
vote,1,1,correct->NB,93.18181818181819,92.88409703504044
vote,1,1,soft->DT,95.45454545454545,95.20697167755992
vote,1,1,correct->DT,95.45454545454545,95.20697167755992
vote,1,1,committee->DT,95.45454545454545,95.20697167755992
vote,1,2,baseline->NB,86.36363636363636,85.8974358974359
vote,1,2,soft->NB,88.63636363636364,88.34128245892951
vote,1,2,attr->NB,95.45454545454545,95.2991452991453
vote,1,2,softattr->NB,95.45454545454545,95.2991452991453
vote,1,2,correct->NB,88.63636363636364,88.34128245892951
vote,1,2,soft->DT,95.45454545454545,95.2991452991453
vote,1,2,correct->DT,95.45454545454545,95.2991452991453
vote,1,2,committee->DT,95.45454545454545,95.2991452991453
vote,1,3,baseline->NB,88.63636363636364,88.34128245892951
vote,1,3,soft->NB,88.63636363636364,88.34128245892951
vote,1,3,attr->NB,90.9090909090909,90.73684210526316
vote,1,3,softattr->NB,90.9090909090909,90.73684210526316
vote,1,3,correct->NB,88.63636363636364,88.34128245892951
vote,1,3,soft->DT,93.18181818181819,93.0047694753577
vote,1,3,correct->DT,90.9090909090909,90.73684210526316
vote,1,3,committee->DT,90.9090909090909,90.73684210526316
vote,1,4,baseline->NB,97.72727272727273,97.62803234501347
vote,1,4,soft->NB,97.72727272727273,97.62803234501347
vote,1,4,attr->NB,97.72727272727273,97.62803234501347
vote,1,4,softattr->NB,97.72727272727273,97.62803234501347
vote,1,4,correct->NB,97.72727272727273,97.62803234501347
vote,1,4,soft->DT,97.72727272727273,97.62803234501347
vote,1,4,correct->DT,95.45454545454545,95.20697167755992
vote,1,4,committee->DT,97.72727272727273,97.62803234501347
vote,1,5,baseline->NB,79.06976744186046,77.8730703259005
vote,1,5,soft->NB,79.06976744186046,78.31932773109243
vote,1,5,attr->NB,88.37209302325581,87.3900293255132
vote,1,5,softattr->NB,90.69767441860465,90.04629629629629
vote,1,5,correct->NB,79.06976744186046,77.8730703259005
vote,1,5,soft->DT,90.69767441860465,90.04629629629629
vote,1,5,correct->DT,88.37209302325581,87.3900293255132
vote,1,5,committee->DT,88.37209302325581,87.3900293255132
vote,1,6,baseline->NB,95.34883720930233,95.13574660633483
vote,1,6,soft->NB,93.02325581395348,92.77310924369748
vote,1,6,attr->NB,100.0,100.0
vote,1,6,softattr->NB,100.0,100.0
vote,1,6,correct->NB,95.34883720930233,95.13574660633483
vote,1,6,soft->DT,97.67441860465117,97.5414522584334
vote,1,6,correct->DT,97.67441860465117,97.5414522584334
vote,1,6,committee->DT,97.67441860465117,97.5414522584334
vote,1,7,baseline->NB,90.69767441860465,90.5701754385965
vote,1,7,soft->NB,90.69767441860465,90.5701754385965
vote,1,7,attr->NB,97.67441860465117,97.59103641456582
vote,1,7,softattr->NB,95.34883720930233,95.22222222222223
vote,1,7,correct->NB,90.69767441860465,90.5701754385965
vote,1,7,soft->DT,95.34883720930233,95.22222222222223
vote,1,7,correct->DT,97.67441860465117,97.59103641456582
vote,1,7,committee->DT,97.67441860465117,97.59103641456582
vote,1,8,baseline->NB,90.69767441860465,90.27149321266967
vote,1,8,soft->NB,88.37209302325581,87.95518207282915
vote,1,8,attr->NB,97.67441860465117,97.5414522584334
vote,1,8,softattr->NB,97.67441860465117,97.5414522584334
vote,1,8,correct->NB,90.69767441860465,90.27149321266967
vote,1,8,soft->DT,95.34883720930233,95.13574660633483
vote,1,8,correct->DT,95.34883720930233,95.13574660633483
vote,1,8,committee->DT,97.67441860465117,97.5414522584334
vote,1,9,baseline->NB,90.69767441860465,90.27149321266967
vote,1,9,soft->NB,90.69767441860465,90.27149321266967
vote,1,9,attr->NB,95.34883720930233,95.13574660633483
vote,1,9,softattr->NB,95.34883720930233,95.13574660633483
vote,1,9,correct->NB,90.69767441860465,90.27149321266967
vote,1,9,soft->DT,95.34883720930233,95.13574660633483
vote,1,9,correct->DT,97.67441860465117,97.5414522584334
vote,1,9,committee->DT,97.67441860465117,97.5414522584334
vote,2,0,baseline->NB,88.63636363636364,88.34128245892951
vote,2,0,soft->NB,88.63636363636364,88.34128245892951
vote,2,0,attr->NB,93.18181818181819,92.88409703504044
vote,2,0,softattr->NB,93.18181818181819,92.88409703504044
vote,2,0,correct->NB,88.63636363636364,88.34128245892951
vote,2,0,soft->DT,93.18181818181819,92.88409703504044
vote,2,0,correct->DT,93.18181818181819,92.88409703504044
vote,2,0,committee->DT,93.18181818181819,92.88409703504044
vote,2,1,baseline->NB,93.18181818181819,92.88409703504044
vote,2,1,soft->NB,95.45454545454545,95.2991452991453
vote,2,1,attr->NB,100.0,100.0
vote,2,1,softattr->NB,100.0,100.0
vote,2,1,correct->NB,90.9090909090909,90.41394335511983
vote,2,1,soft->DT,100.0,100.0
vote,2,1,correct->DT,100.0,100.0
vote,2,1,committee->DT,100.0,100.0
vote,2,2,baseline->NB,95.45454545454545,95.2991452991453
vote,2,2,soft->NB,90.9090909090909,90.73684210526316
vote,2,2,attr->NB,100.0,100.0
vote,2,2,softattr->NB,100.0,100.0
vote,2,2,correct->NB,95.45454545454545,95.2991452991453
vote,2,2,soft->DT,100.0,100.0
vote,2,2,correct->DT,100.0,100.0
vote,2,2,committee->DT,100.0,100.0
vote,2,3,baseline->NB,95.45454545454545,95.2991452991453
vote,2,3,soft->NB,95.45454545454545,95.2991452991453
vote,2,3,attr->NB,93.18181818181819,93.0047694753577
vote,2,3,softattr->NB,93.18181818181819,93.0047694753577
vote,2,3,correct->NB,95.45454545454545,95.2991452991453
vote,2,3,soft->DT,93.18181818181819,93.0047694753577
vote,2,3,correct->DT,95.45454545454545,95.2991452991453
vote,2,3,committee->DT,95.45454545454545,95.2991452991453
vote,2,4,baseline->NB,97.72727272727273,97.62803234501347
vote,2,4,soft->NB,97.72727272727273,97.62803234501347
vote,2,4,attr->NB,100.0,100.0
vote,2,4,softattr->NB,100.0,100.0
vote,2,4,correct->NB,97.72727272727273,97.62803234501347
vote,2,4,soft->DT,97.72727272727273,97.57575757575758
vote,2,4,correct->DT,100.0,100.0
vote,2,4,committee->DT,100.0,100.0
vote,2,5,baseline->NB,88.37209302325581,88.14120242691672
vote,2,5,soft->NB,88.37209302325581,88.14120242691672
vote,2,5,attr->NB,90.69767441860465,90.44444444444444
vote,2,5,softattr->NB,93.02325581395348,92.77310924369748
vote,2,5,correct->NB,88.37209302325581,88.14120242691672
vote,2,5,soft->DT,93.02325581395348,92.77310924369748
vote,2,5,correct->DT,93.02325581395348,92.77310924369748
vote,2,5,committee->DT,93.02325581395348,92.77310924369748
vote,2,6,baseline->NB,93.02325581395348,92.43401759530792
vote,2,6,soft->NB,93.02325581395348,92.43401759530792
vote,2,6,attr->NB,95.34883720930233,95.13574660633483
vote,2,6,softattr->NB,97.67441860465117,97.59103641456582
vote,2,6,correct->NB,93.02325581395348,92.43401759530792
vote,2,6,soft->DT,95.34883720930233,95.13574660633483
vote,2,6,correct->DT,95.34883720930233,95.13574660633483
vote,2,6,committee->DT,95.34883720930233,95.13574660633483
vote,2,7,baseline->NB,83.72093023255815,82.79016580903374
vote,2,7,soft->NB,81.3953488372093,80.54298642533936
vote,2,7,attr->NB,90.69767441860465,90.27149321266968
vote,2,7,softattr->NB,93.02325581395348,92.77310924369748
vote,2,7,correct->NB,83.72093023255815,82.79016580903374
vote,2,7,soft->DT,95.34883720930233,95.22222222222223
vote,2,7,correct->DT,93.02325581395348,92.77310924369748
vote,2,7,committee->DT,93.02325581395348,92.77310924369748
vote,2,8,baseline->NB,83.72093023255815,83.13725490196077
vote,2,8,soft->NB,86.04651162790698,85.66666666666667
vote,2,8,attr->NB,90.69767441860465,90.0462962962963
vote,2,8,softattr->NB,90.69767441860465,90.0462962962963
vote,2,8,correct->NB,83.72093023255815,83.13725490196077
vote,2,8,soft->DT,90.69767441860465,90.0462962962963
vote,2,8,correct->DT,90.69767441860465,90.0462962962963
vote,2,8,committee->DT,90.69767441860465,90.0462962962963
vote,2,9,baseline->NB,81.3953488372093,80.88888888888887
vote,2,9,soft->NB,83.72093023255815,83.39768339768341
vote,2,9,attr->NB,93.02325581395348,92.62435677530017
vote,2,9,softattr->NB,95.34883720930233,95.13574660633483
vote,2,9,correct->NB,81.3953488372093,80.88888888888887
vote,2,9,soft->DT,95.34883720930233,95.13574660633483
vote,2,9,correct->DT,90.69767441860465,90.0462962962963
vote,2,9,committee->DT,90.69767441860465,90.0462962962963
vote,3,0,baseline->NB,88.63636363636364,88.48770277341706
vote,3,0,soft->NB,86.36363636363636,86.25
vote,3,0,attr->NB,93.18181818181819,93.0047694753577
vote,3,0,softattr->NB,93.18181818181819,93.0047694753577
vote,3,0,correct->NB,88.63636363636364,88.48770277341706
vote,3,0,soft->DT,93.18181818181819,93.0047694753577
vote,3,0,correct->DT,93.18181818181819,93.0047694753577
vote,3,0,committee->DT,93.18181818181819,93.0047694753577
vote,3,1,baseline->NB,90.9090909090909,90.59829059829059
vote,3,1,soft->NB,90.9090909090909,90.59829059829059
vote,3,1,attr->NB,95.45454545454545,95.20697167755992
vote,3,1,softattr->NB,95.45454545454545,95.20697167755992
vote,3,1,correct->NB,90.9090909090909,90.59829059829059
vote,3,1,soft->DT,95.45454545454545,95.20697167755992
vote,3,1,correct->DT,97.72727272727273,97.57575757575758
vote,3,1,committee->DT,97.72727272727273,97.57575757575758
vote,3,2,baseline->NB,95.45454545454545,95.2991452991453
vote,3,2,soft->NB,95.45454545454545,95.2991452991453
vote,3,2,attr->NB,97.72727272727273,97.62803234501347
vote,3,2,softattr->NB,97.72727272727273,97.62803234501347
vote,3,2,correct->NB,95.45454545454545,95.2991452991453
vote,3,2,soft->DT,97.72727272727273,97.62803234501347
vote,3,2,correct->DT,97.72727272727273,97.57575757575758
vote,3,2,committee->DT,97.72727272727273,97.57575757575758
vote,3,3,baseline->NB,84.0909090909091,82.56932654216185
vote,3,3,soft->NB,86.36363636363636,85.62091503267973
vote,3,3,attr->NB,88.63636363636364,87.54951895868705
vote,3,3,softattr->NB,88.63636363636364,87.54951895868705
vote,3,3,correct->NB,86.36363636363636,85.26785714285714
vote,3,3,soft->DT,88.63636363636364,87.54951895868705
vote,3,3,correct->DT,90.9090909090909,89.88505747126436
vote,3,3,committee->DT,90.9090909090909,89.88505747126436
vote,3,4,baseline->NB,79.54545454545455,78.18181818181817
vote,3,4,soft->NB,81.81818181818181,80.82788671023965
vote,3,4,attr->NB,90.9090909090909,90.59829059829059
vote,3,4,softattr->NB,93.18181818181819,93.0047694753577
vote,3,4,correct->NB,79.54545454545455,78.18181818181817
vote,3,4,soft->DT,93.18181818181819,93.0047694753577
vote,3,4,correct->DT,93.18181818181819,92.88409703504044
vote,3,4,committee->DT,93.18181818181819,93.0047694753577
vote,3,5,baseline->NB,90.69767441860465,90.44444444444444
vote,3,5,soft->NB,90.69767441860465,90.44444444444444
vote,3,5,attr->NB,97.67441860465117,97.59103641456582
vote,3,5,softattr->NB,97.67441860465117,97.59103641456582
vote,3,5,correct->NB,90.69767441860465,90.44444444444444
vote,3,5,soft->DT,97.67441860465117,97.59103641456582
vote,3,5,correct->DT,100.0,100.0
vote,3,5,committee->DT,100.0,100.0
vote,3,6,baseline->NB,95.34883720930233,95.22222222222223
vote,3,6,soft->NB,95.34883720930233,95.22222222222223
vote,3,6,attr->NB,93.02325581395348,92.88472145615002
vote,3,6,softattr->NB,93.02325581395348,92.88472145615002
vote,3,6,correct->NB,95.34883720930233,95.22222222222223
vote,3,6,soft->DT,93.02325581395348,92.88472145615002
vote,3,6,correct->DT,93.02325581395348,92.88472145615002
vote,3,6,committee->DT,93.02325581395348,92.88472145615002
vote,3,7,baseline->NB,90.69767441860465,90.44444444444444
vote,3,7,soft->NB,90.69767441860465,90.44444444444444
vote,3,7,attr->NB,100.0,100.0
vote,3,7,softattr->NB,100.0,100.0
vote,3,7,correct->NB,90.69767441860465,90.44444444444444
vote,3,7,soft->DT,100.0,100.0
vote,3,7,correct->DT,100.0,100.0
vote,3,7,committee->DT,100.0,100.0
vote,3,8,baseline->NB,90.69767441860465,90.27149321266967
vote,3,8,soft->NB,90.69767441860465,90.27149321266967
vote,3,8,attr->NB,95.34883720930233,95.02314814814814
vote,3,8,softattr->NB,95.34883720930233,95.02314814814814
vote,3,8,correct->NB,93.02325581395348,92.62435677530017
vote,3,8,soft->DT,97.67441860465117,97.5414522584334
vote,3,8,correct->DT,95.34883720930233,95.02314814814814
vote,3,8,committee->DT,95.34883720930233,95.02314814814814
vote,3,9,baseline->NB,93.02325581395348,92.62435677530017
vote,3,9,soft->NB,95.34883720930233,95.13574660633483
vote,3,9,attr->NB,100.0,100.0
vote,3,9,softattr->NB,100.0,100.0
vote,3,9,correct->NB,93.02325581395348,92.62435677530017
vote,3,9,soft->DT,97.67441860465117,97.47800586510265
vote,3,9,correct->DT,100.0,100.0
vote,3,9,committee->DT,100.0,100.0
vote,4,0,baseline->NB,88.63636363636364,88.14016172506737
vote,4,0,soft->NB,88.63636363636364,88.14016172506737
vote,4,0,attr->NB,93.18181818181819,92.88409703504044
vote,4,0,softattr->NB,93.18181818181819,92.88409703504044
vote,4,0,correct->NB,88.63636363636364,88.14016172506737
vote,4,0,soft->DT,90.9090909090909,90.17857142857142
vote,4,0,correct->DT,95.45454545454545,95.20697167755992
vote,4,0,committee->DT,95.45454545454545,95.20697167755992
vote,4,1,baseline->NB,95.45454545454545,95.2991452991453
vote,4,1,soft->NB,93.18181818181819,93.0047694753577
vote,4,1,attr->NB,97.72727272727273,97.62803234501347
vote,4,1,softattr->NB,97.72727272727273,97.62803234501347
vote,4,1,correct->NB,95.45454545454545,95.2991452991453
vote,4,1,soft->DT,97.72727272727273,97.62803234501347
vote,4,1,correct->DT,97.72727272727273,97.62803234501347
vote,4,1,committee->DT,97.72727272727273,97.62803234501347
vote,4,2,baseline->NB,86.36363636363636,85.62091503267973
vote,4,2,soft->NB,86.36363636363636,85.62091503267973
vote,4,2,attr->NB,90.9090909090909,90.41394335511983
vote,4,2,softattr->NB,90.9090909090909,90.41394335511983
vote,4,2,correct->NB,86.36363636363636,85.62091503267973
vote,4,2,soft->DT,90.9090909090909,90.41394335511983
vote,4,2,correct->DT,93.18181818181819,92.72727272727272
vote,4,2,committee->DT,93.18181818181819,92.72727272727272
vote,4,3,baseline->NB,93.18181818181819,93.0047694753577
vote,4,3,soft->NB,90.9090909090909,90.73684210526316
vote,4,3,attr->NB,97.72727272727273,97.62803234501347
vote,4,3,softattr->NB,97.72727272727273,97.62803234501347
vote,4,3,correct->NB,93.18181818181819,93.0047694753577
vote,4,3,soft->DT,97.72727272727273,97.62803234501347
vote,4,3,correct->DT,97.72727272727273,97.62803234501347
vote,4,3,committee->DT,97.72727272727273,97.62803234501347
vote,4,4,baseline->NB,84.0909090909091,83.88278388278388
vote,4,4,soft->NB,86.36363636363636,86.25
vote,4,4,attr->NB,90.9090909090909,90.59829059829059
vote,4,4,softattr->NB,90.9090909090909,90.59829059829059
vote,4,4,correct->NB,86.36363636363636,86.10526315789474
vote,4,4,soft->DT,90.9090909090909,90.59829059829059
vote,4,4,correct->DT,90.9090909090909,90.59829059829059
vote,4,4,committee->DT,90.9090909090909,90.59829059829059
vote,4,5,baseline->NB,95.34883720930233,95.13574660633483
vote,4,5,soft->NB,95.34883720930233,95.13574660633483
vote,4,5,attr->NB,95.34883720930233,95.13574660633483
vote,4,5,softattr->NB,95.34883720930233,95.13574660633483
vote,4,5,correct->NB,95.34883720930233,95.13574660633483
vote,4,5,soft->DT,95.34883720930233,95.13574660633483
vote,4,5,correct->DT,97.67441860465117,97.5414522584334
vote,4,5,committee->DT,97.67441860465117,97.5414522584334
vote,4,6,baseline->NB,88.37209302325581,87.3900293255132
vote,4,6,soft->NB,90.69767441860465,90.04629629629629
vote,4,6,attr->NB,97.67441860465117,97.5414522584334
vote,4,6,softattr->NB,100.0,100.0
vote,4,6,correct->NB,88.37209302325581,87.3900293255132
vote,4,6,soft->DT,100.0,100.0
vote,4,6,correct->DT,95.34883720930233,95.02314814814815
vote,4,6,committee->DT,95.34883720930233,95.02314814814815
vote,4,7,baseline->NB,90.69767441860465,90.44444444444444
vote,4,7,soft->NB,90.69767441860465,90.44444444444444
vote,4,7,attr->NB,95.34883720930233,95.22222222222223
vote,4,7,softattr->NB,95.34883720930233,95.22222222222223
vote,4,7,correct->NB,90.69767441860465,90.44444444444444
vote,4,7,soft->DT,93.02325581395348,92.77310924369748
vote,4,7,correct->DT,95.34883720930233,95.22222222222223
vote,4,7,committee->DT,95.34883720930233,95.22222222222223
vote,4,8,baseline->NB,79.06976744186046,78.65416436845007
vote,4,8,soft->NB,81.3953488372093,81.14035087719299
vote,4,8,attr->NB,93.02325581395348,92.77310924369748
vote,4,8,softattr->NB,95.34883720930233,95.13574660633483
vote,4,8,correct->NB,79.06976744186046,78.65416436845007
vote,4,8,soft->DT,97.67441860465117,97.5414522584334
vote,4,8,correct->DT,93.02325581395348,92.62435677530017
vote,4,8,committee->DT,93.02325581395348,92.62435677530017
vote,4,9,baseline->NB,97.67441860465117,97.5414522584334
vote,4,9,soft->NB,97.67441860465117,97.5414522584334
vote,4,9,attr->NB,95.34883720930233,95.13574660633483
vote,4,9,softattr->NB,95.34883720930233,95.13574660633483
vote,4,9,correct->NB,97.67441860465117,97.5414522584334
vote,4,9,soft->DT,95.34883720930233,95.13574660633483
vote,4,9,correct->DT,95.34883720930233,95.13574660633483
vote,4,9,committee->DT,95.34883720930233,95.13574660633483
vote,5,0,baseline->NB,90.9090909090909,90.73684210526316
vote,5,0,soft->NB,88.63636363636364,88.48770277341706
vote,5,0,attr->NB,93.18181818181819,93.0047694753577
vote,5,0,softattr->NB,93.18181818181819,93.0047694753577
vote,5,0,correct->NB,90.9090909090909,90.73684210526316
vote,5,0,soft->DT,93.18181818181819,93.0047694753577
vote,5,0,correct->DT,93.18181818181819,93.0047694753577
vote,5,0,committee->DT,93.18181818181819,93.0047694753577
vote,5,1,baseline->NB,95.45454545454545,95.2991452991453
vote,5,1,soft->NB,95.45454545454545,95.2991452991453
vote,5,1,attr->NB,97.72727272727273,97.62803234501347
vote,5,1,softattr->NB,97.72727272727273,97.62803234501347
vote,5,1,correct->NB,95.45454545454545,95.2991452991453
vote,5,1,soft->DT,97.72727272727273,97.62803234501347
vote,5,1,correct->DT,97.72727272727273,97.62803234501347
vote,5,1,committee->DT,97.72727272727273,97.62803234501347
vote,5,2,baseline->NB,86.36363636363636,85.8974358974359
vote,5,2,soft->NB,86.36363636363636,85.8974358974359
vote,5,2,attr->NB,97.72727272727273,97.57575757575758
vote,5,2,softattr->NB,100.0,100.0
vote,5,2,correct->NB,86.36363636363636,85.8974358974359
vote,5,2,soft->DT,100.0,100.0
vote,5,2,correct->DT,97.72727272727273,97.57575757575758
vote,5,2,committee->DT,97.72727272727273,97.57575757575758
vote,5,3,baseline->NB,95.45454545454545,95.08928571428572
vote,5,3,soft->NB,93.18181818181819,92.72727272727272
vote,5,3,attr->NB,100.0,100.0
vote,5,3,softattr->NB,100.0,100.0
vote,5,3,correct->NB,95.45454545454545,95.08928571428572
vote,5,3,soft->DT,100.0,100.0
vote,5,3,correct->DT,100.0,100.0
vote,5,3,committee->DT,100.0,100.0
vote,5,4,baseline->NB,93.18181818181819,92.88409703504044
vote,5,4,soft->NB,93.18181818181819,93.0047694753577
vote,5,4,attr->NB,93.18181818181819,92.88409703504044
vote,5,4,softattr->NB,93.18181818181819,92.88409703504044
vote,5,4,correct->NB,93.18181818181819,92.88409703504044
vote,5,4,soft->DT,93.18181818181819,92.88409703504044
vote,5,4,correct->DT,93.18181818181819,92.88409703504044
vote,5,4,committee->DT,93.18181818181819,92.88409703504044
vote,5,5,baseline->NB,88.37209302325581,87.95518207282913
vote,5,5,soft->NB,88.37209302325581,87.95518207282913
vote,5,5,attr->NB,93.02325581395348,92.88472145615002
vote,5,5,softattr->NB,93.02325581395348,92.88472145615002
vote,5,5,correct->NB,88.37209302325581,87.95518207282913
vote,5,5,soft->DT,93.02325581395348,92.88472145615002
vote,5,5,correct->DT,93.02325581395348,92.77310924369748
vote,5,5,committee->DT,93.02325581395348,92.77310924369748
vote,5,6,baseline->NB,86.04651162790698,85.85526315789474
vote,5,6,soft->NB,86.04651162790698,85.85526315789474
vote,5,6,attr->NB,97.67441860465117,97.59103641456582
vote,5,6,softattr->NB,97.67441860465117,97.59103641456582
vote,5,6,correct->NB,88.37209302325581,88.14120242691672
vote,5,6,soft->DT,97.67441860465117,97.59103641456582
vote,5,6,correct->DT,95.34883720930233,95.22222222222223
vote,5,6,committee->DT,90.69767441860465,90.5701754385965
vote,5,7,baseline->NB,90.69767441860465,90.04629629629629
vote,5,7,soft->NB,93.02325581395348,92.62435677530017
vote,5,7,attr->NB,95.34883720930233,95.02314814814815
vote,5,7,softattr->NB,95.34883720930233,95.02314814814815
vote,5,7,correct->NB,90.69767441860465,90.04629629629629
vote,5,7,soft->DT,95.34883720930233,95.02314814814815
vote,5,7,correct->DT,95.34883720930233,95.02314814814815
vote,5,7,committee->DT,95.34883720930233,95.02314814814815
vote,5,8,baseline->NB,83.72093023255815,83.13725490196077
vote,5,8,soft->NB,83.72093023255815,83.13725490196077
vote,5,8,attr->NB,88.37209302325581,87.70726129216695
vote,5,8,softattr->NB,88.37209302325581,87.70726129216695
vote,5,8,correct->NB,83.72093023255815,83.13725490196077
vote,5,8,soft->DT,88.37209302325581,87.70726129216695
vote,5,8,correct->DT,88.37209302325581,87.70726129216695
vote,5,8,committee->DT,88.37209302325581,87.70726129216695
vote,5,9,baseline->NB,88.37209302325581,87.95518207282915
vote,5,9,soft->NB,90.69767441860465,90.44444444444444
vote,5,9,attr->NB,97.67441860465117,97.5414522584334
vote,5,9,softattr->NB,97.67441860465117,97.5414522584334
vote,5,9,correct->NB,88.37209302325581,87.95518207282915
vote,5,9,soft->DT,95.34883720930233,95.02314814814814
vote,5,9,correct->DT,95.34883720930233,95.02314814814814
vote,5,9,committee->DT,95.34883720930233,95.02314814814814
vote,6,0,baseline->NB,90.9090909090909,90.59829059829059
vote,6,0,soft->NB,90.9090909090909,90.59829059829059
vote,6,0,attr->NB,97.72727272727273,97.62803234501347
vote,6,0,softattr->NB,97.72727272727273,97.62803234501347
vote,6,0,correct->NB,90.9090909090909,90.59829059829059
vote,6,0,soft->DT,97.72727272727273,97.62803234501347
vote,6,0,correct->DT,97.72727272727273,97.62803234501347
vote,6,0,committee->DT,97.72727272727273,97.62803234501347
vote,6,1,baseline->NB,86.36363636363636,85.62091503267973
vote,6,1,soft->NB,86.36363636363636,85.8974358974359
vote,6,1,attr->NB,95.45454545454545,95.20697167755992
vote,6,1,softattr->NB,95.45454545454545,95.20697167755992
vote,6,1,correct->NB,84.0909090909091,83.39622641509435
vote,6,1,soft->DT,95.45454545454545,95.20697167755992
vote,6,1,correct->DT,95.45454545454545,95.20697167755992
vote,6,1,committee->DT,95.45454545454545,95.20697167755992
vote,6,2,baseline->NB,90.9090909090909,90.73684210526316
vote,6,2,soft->NB,90.9090909090909,90.73684210526316
vote,6,2,attr->NB,97.72727272727273,97.62803234501347
vote,6,2,softattr->NB,97.72727272727273,97.62803234501347
vote,6,2,correct->NB,90.9090909090909,90.73684210526316
vote,6,2,soft->DT,97.72727272727273,97.62803234501347
vote,6,2,correct->DT,97.72727272727273,97.57575757575758
vote,6,2,committee->DT,97.72727272727273,97.57575757575758
vote,6,3,baseline->NB,90.9090909090909,90.59829059829059
vote,6,3,soft->NB,93.18181818181819,93.0047694753577
vote,6,3,attr->NB,95.45454545454545,95.2991452991453
vote,6,3,softattr->NB,95.45454545454545,95.2991452991453
vote,6,3,correct->NB,90.9090909090909,90.59829059829059
vote,6,3,soft->DT,95.45454545454545,95.2991452991453
vote,6,3,correct->DT,97.72727272727273,97.62803234501347
vote,6,3,committee->DT,97.72727272727273,97.62803234501347
vote,6,4,baseline->NB,88.63636363636364,88.14016172506737
vote,6,4,soft->NB,86.36363636363636,85.8974358974359
vote,6,4,attr->NB,93.18181818181819,92.88409703504044
vote,6,4,softattr->NB,93.18181818181819,92.88409703504044
vote,6,4,correct->NB,88.63636363636364,88.14016172506737
vote,6,4,soft->DT,90.9090909090909,90.41394335511983
vote,6,4,correct->DT,90.9090909090909,90.41394335511983
vote,6,4,committee->DT,90.9090909090909,90.41394335511983
vote,6,5,baseline->NB,95.34883720930233,95.13574660633483
vote,6,5,soft->NB,95.34883720930233,95.13574660633483
vote,6,5,attr->NB,100.0,100.0
vote,6,5,softattr->NB,100.0,100.0
vote,6,5,correct->NB,95.34883720930233,95.13574660633483
vote,6,5,soft->DT,100.0,100.0
vote,6,5,correct->DT,100.0,100.0
vote,6,5,committee->DT,100.0,100.0
vote,6,6,baseline->NB,90.69767441860465,90.44444444444444
vote,6,6,soft->NB,90.69767441860465,90.44444444444444
vote,6,6,attr->NB,90.69767441860465,90.44444444444444
vote,6,6,softattr->NB,90.69767441860465,90.44444444444444
vote,6,6,correct->NB,90.69767441860465,90.44444444444444
vote,6,6,soft->DT,90.69767441860465,90.44444444444444
vote,6,6,correct->DT,90.69767441860465,90.44444444444444
vote,6,6,committee->DT,90.69767441860465,90.44444444444444
vote,6,7,baseline->NB,86.04651162790698,85.40723981900452
vote,6,7,soft->NB,86.04651162790698,85.40723981900452
vote,6,7,attr->NB,93.02325581395348,92.62435677530017
vote,6,7,softattr->NB,95.34883720930233,95.13574660633483
vote,6,7,correct->NB,86.04651162790698,85.40723981900452
vote,6,7,soft->DT,90.69767441860465,90.04629629629629
vote,6,7,correct->DT,93.02325581395348,92.62435677530017
vote,6,7,committee->DT,93.02325581395348,92.62435677530017
vote,6,8,baseline->NB,97.67441860465117,97.5414522584334
vote,6,8,soft->NB,97.67441860465117,97.5414522584334
vote,6,8,attr->NB,97.67441860465117,97.5414522584334
vote,6,8,softattr->NB,97.67441860465117,97.5414522584334
vote,6,8,correct->NB,97.67441860465117,97.5414522584334
vote,6,8,soft->DT,97.67441860465117,97.5414522584334
vote,6,8,correct->DT,97.67441860465117,97.47800586510265
vote,6,8,committee->DT,100.0,100.0
vote,6,9,baseline->NB,86.04651162790698,85.40723981900453
vote,6,9,soft->NB,86.04651162790698,85.40723981900453
vote,6,9,attr->NB,95.34883720930233,95.02314814814814
vote,6,9,softattr->NB,90.69767441860465,90.27149321266967
vote,6,9,correct->NB,86.04651162790698,85.40723981900453
vote,6,9,soft->DT,93.02325581395348,92.62435677530017
vote,6,9,correct->DT,95.34883720930233,95.02314814814814
vote,6,9,committee->DT,95.34883720930233,95.02314814814814
vote,7,0,baseline->NB,81.81818181818181,80.35714285714286
vote,7,0,soft->NB,86.36363636363636,85.62091503267973
vote,7,0,attr->NB,90.9090909090909,90.17857142857142
vote,7,0,softattr->NB,90.9090909090909,90.17857142857142
vote,7,0,correct->NB,81.81818181818181,80.35714285714286
vote,7,0,soft->DT,86.36363636363636,84.82758620689657
vote,7,0,correct->DT,90.9090909090909,90.17857142857142
vote,7,0,committee->DT,90.9090909090909,90.17857142857142
vote,7,1,baseline->NB,90.9090909090909,90.59829059829059
vote,7,1,soft->NB,90.9090909090909,90.59829059829059
vote,7,1,attr->NB,90.9090909090909,90.73684210526316
vote,7,1,softattr->NB,90.9090909090909,90.73684210526316
vote,7,1,correct->NB,93.18181818181819,92.88409703504044
vote,7,1,soft->DT,93.18181818181819,93.0047694753577
vote,7,1,correct->DT,90.9090909090909,90.73684210526316
vote,7,1,committee->DT,90.9090909090909,90.73684210526316
vote,7,2,baseline->NB,93.18181818181819,92.88409703504044
vote,7,2,soft->NB,93.18181818181819,92.88409703504044
vote,7,2,attr->NB,95.45454545454545,95.20697167755992
vote,7,2,softattr->NB,97.72727272727273,97.62803234501347
vote,7,2,correct->NB,93.18181818181819,92.88409703504044
vote,7,2,soft->DT,97.72727272727273,97.62803234501347
vote,7,2,correct->DT,95.45454545454545,95.20697167755992
vote,7,2,committee->DT,95.45454545454545,95.20697167755992
vote,7,3,baseline->NB,97.72727272727273,97.57575757575758
vote,7,3,soft->NB,95.45454545454545,95.20697167755992
vote,7,3,attr->NB,97.72727272727273,97.57575757575758
vote,7,3,softattr->NB,97.72727272727273,97.57575757575758
vote,7,3,correct->NB,97.72727272727273,97.57575757575758
vote,7,3,soft->DT,97.72727272727273,97.57575757575758
vote,7,3,correct->DT,97.72727272727273,97.57575757575758
vote,7,3,committee->DT,97.72727272727273,97.57575757575758
vote,7,4,baseline->NB,93.18181818181819,92.88409703504044
vote,7,4,soft->NB,93.18181818181819,92.88409703504044
vote,7,4,attr->NB,97.72727272727273,97.62803234501347
vote,7,4,softattr->NB,97.72727272727273,97.62803234501347
vote,7,4,correct->NB,93.18181818181819,92.88409703504044
vote,7,4,soft->DT,97.72727272727273,97.62803234501347
vote,7,4,correct->DT,97.72727272727273,97.57575757575758
vote,7,4,committee->DT,97.72727272727273,97.57575757575758
vote,7,5,baseline->NB,88.37209302325581,88.14120242691672
vote,7,5,soft->NB,86.04651162790698,85.85526315789474
vote,7,5,attr->NB,93.02325581395348,92.77310924369748
vote,7,5,softattr->NB,93.02325581395348,92.77310924369748
vote,7,5,correct->NB,88.37209302325581,88.14120242691672
vote,7,5,soft->DT,93.02325581395348,92.77310924369748
vote,7,5,correct->DT,93.02325581395348,92.77310924369748
vote,7,5,committee->DT,95.34883720930233,95.13574660633483
vote,7,6,baseline->NB,86.04651162790698,85.85526315789474
vote,7,6,soft->NB,88.37209302325581,88.27059465357337
vote,7,6,attr->NB,95.34883720930233,95.22222222222223
vote,7,6,softattr->NB,95.34883720930233,95.22222222222223
vote,7,6,correct->NB,88.37209302325581,88.27059465357337
vote,7,6,soft->DT,95.34883720930233,95.22222222222223
vote,7,6,correct->DT,95.34883720930233,95.22222222222223
vote,7,6,committee->DT,95.34883720930233,95.22222222222223
vote,7,7,baseline->NB,83.72093023255815,83.57883251500272
vote,7,7,soft->NB,83.72093023255815,83.57883251500272
vote,7,7,attr->NB,100.0,100.0
vote,7,7,softattr->NB,97.67441860465117,97.59103641456582
vote,7,7,correct->NB,83.72093023255815,83.57883251500272
vote,7,7,soft->DT,97.67441860465117,97.59103641456582
vote,7,7,correct->DT,100.0,100.0
vote,7,7,committee->DT,100.0,100.0
vote,7,8,baseline->NB,95.34883720930233,95.02314814814814
vote,7,8,soft->NB,95.34883720930233,95.02314814814814
vote,7,8,attr->NB,97.67441860465117,97.5414522584334
vote,7,8,softattr->NB,97.67441860465117,97.5414522584334
vote,7,8,correct->NB,95.34883720930233,95.02314814814814
vote,7,8,soft->DT,97.67441860465117,97.5414522584334
vote,7,8,correct->DT,95.34883720930233,95.02314814814814
vote,7,8,committee->DT,95.34883720930233,95.02314814814814
vote,7,9,baseline->NB,88.37209302325581,87.95518207282915
vote,7,9,soft->NB,88.37209302325581,87.95518207282915
vote,7,9,attr->NB,95.34883720930233,95.13574660633483
vote,7,9,softattr->NB,95.34883720930233,95.13574660633483
vote,7,9,correct->NB,88.37209302325581,87.95518207282915
vote,7,9,soft->DT,95.34883720930233,95.13574660633483
vote,7,9,correct->DT,97.67441860465117,97.5414522584334
vote,7,9,committee->DT,97.67441860465117,97.5414522584334
vote,8,0,baseline->NB,95.45454545454545,95.2991452991453
vote,8,0,soft->NB,93.18181818181819,93.0047694753577
vote,8,0,attr->NB,100.0,100.0
vote,8,0,softattr->NB,100.0,100.0
vote,8,0,correct->NB,95.45454545454545,95.2991452991453
vote,8,0,soft->DT,100.0,100.0
vote,8,0,correct->DT,100.0,100.0
vote,8,0,committee->DT,100.0,100.0
vote,8,1,baseline->NB,90.9090909090909,90.59829059829059
vote,8,1,soft->NB,90.9090909090909,90.59829059829059
vote,8,1,attr->NB,93.18181818181819,92.88409703504044
vote,8,1,softattr->NB,93.18181818181819,92.88409703504044
vote,8,1,correct->NB,90.9090909090909,90.59829059829059
vote,8,1,soft->DT,93.18181818181819,92.88409703504044
vote,8,1,correct->DT,93.18181818181819,92.88409703504044
vote,8,1,committee->DT,93.18181818181819,92.88409703504044
vote,8,2,baseline->NB,95.45454545454545,95.2991452991453
vote,8,2,soft->NB,93.18181818181819,93.0047694753577
vote,8,2,attr->NB,95.45454545454545,95.2991452991453
vote,8,2,softattr->NB,95.45454545454545,95.2991452991453
vote,8,2,correct->NB,95.45454545454545,95.2991452991453
vote,8,2,soft->DT,95.45454545454545,95.2991452991453
vote,8,2,correct->DT,95.45454545454545,95.2991452991453
vote,8,2,committee->DT,95.45454545454545,95.2991452991453
vote,8,3,baseline->NB,84.0909090909091,83.6777954425013
vote,8,3,soft->NB,86.36363636363636,86.10526315789474
vote,8,3,attr->NB,97.72727272727273,97.62803234501347
vote,8,3,softattr->NB,97.72727272727273,97.62803234501347
vote,8,3,correct->NB,86.36363636363636,85.8974358974359
vote,8,3,soft->DT,97.72727272727273,97.62803234501347
vote,8,3,correct->DT,97.72727272727273,97.62803234501347
vote,8,3,committee->DT,97.72727272727273,97.62803234501347
vote,8,4,baseline->NB,86.36363636363636,85.8974358974359
vote,8,4,soft->NB,88.63636363636364,88.34128245892951
vote,8,4,attr->NB,93.18181818181819,93.0047694753577
vote,8,4,softattr->NB,93.18181818181819,93.0047694753577
vote,8,4,correct->NB,90.9090909090909,90.73684210526316
vote,8,4,soft->DT,93.18181818181819,93.0047694753577
vote,8,4,correct->DT,93.18181818181819,93.0047694753577
vote,8,4,committee->DT,93.18181818181819,93.0047694753577
vote,8,5,baseline->NB,88.37209302325581,87.95518207282913
vote,8,5,soft->NB,88.37209302325581,87.95518207282913
vote,8,5,attr->NB,95.34883720930233,95.02314814814815
vote,8,5,softattr->NB,95.34883720930233,95.02314814814815
vote,8,5,correct->NB,90.69767441860465,90.27149321266968
vote,8,5,soft->DT,95.34883720930233,95.02314814814815
vote,8,5,correct->DT,93.02325581395348,92.43401759530792
vote,8,5,committee->DT,95.34883720930233,95.02314814814815
vote,8,6,baseline->NB,83.72093023255815,82.79016580903374
vote,8,6,soft->NB,86.04651162790698,85.40723981900452
vote,8,6,attr->NB,90.69767441860465,90.04629629629629
vote,8,6,softattr->NB,93.02325581395348,92.62435677530017
vote,8,6,correct->NB,83.72093023255815,82.79016580903374
vote,8,6,soft->DT,93.02325581395348,92.62435677530017
vote,8,6,correct->DT,93.02325581395348,92.62435677530017
vote,8,6,committee->DT,93.02325581395348,92.62435677530017
vote,8,7,baseline->NB,93.02325581395348,92.88472145615002
vote,8,7,soft->NB,93.02325581395348,92.88472145615002
vote,8,7,attr->NB,97.67441860465117,97.59103641456582
vote,8,7,softattr->NB,97.67441860465117,97.59103641456582
vote,8,7,correct->NB,93.02325581395348,92.88472145615002
vote,8,7,soft->DT,95.34883720930233,95.13574660633483
vote,8,7,correct->DT,100.0,100.0
vote,8,7,committee->DT,100.0,100.0
vote,8,8,baseline->NB,90.69767441860465,90.0462962962963
vote,8,8,soft->NB,90.69767441860465,90.0462962962963
vote,8,8,attr->NB,95.34883720930233,95.02314814814814
vote,8,8,softattr->NB,95.34883720930233,95.02314814814814
vote,8,8,correct->NB,90.69767441860465,90.0462962962963
vote,8,8,soft->DT,97.67441860465117,97.5414522584334
vote,8,8,correct->DT,95.34883720930233,95.02314814814814
vote,8,8,committee->DT,95.34883720930233,95.02314814814814
vote,8,9,baseline->NB,93.02325581395348,92.62435677530017
vote,8,9,soft->NB,93.02325581395348,92.62435677530017
vote,8,9,attr->NB,93.02325581395348,92.77310924369748
vote,8,9,softattr->NB,93.02325581395348,92.77310924369748
vote,8,9,correct->NB,93.02325581395348,92.62435677530017
vote,8,9,soft->DT,93.02325581395348,92.77310924369748
vote,8,9,correct->DT,95.34883720930233,95.13574660633483
vote,8,9,committee->DT,93.02325581395348,92.77310924369748
vote,9,0,baseline->NB,97.72727272727273,97.62803234501347
vote,9,0,soft->NB,97.72727272727273,97.62803234501347
vote,9,0,attr->NB,97.72727272727273,97.62803234501347
vote,9,0,softattr->NB,97.72727272727273,97.62803234501347
vote,9,0,correct->NB,97.72727272727273,97.62803234501347
vote,9,0,soft->DT,97.72727272727273,97.62803234501347
vote,9,0,correct->DT,93.18181818181819,92.88409703504044
vote,9,0,committee->DT,93.18181818181819,92.88409703504044
vote,9,1,baseline->NB,88.63636363636364,88.14016172506737
vote,9,1,soft->NB,88.63636363636364,88.34128245892951
vote,9,1,attr->NB,90.9090909090909,90.59829059829059
vote,9,1,softattr->NB,90.9090909090909,90.59829059829059
vote,9,1,correct->NB,90.9090909090909,90.59829059829059
vote,9,1,soft->DT,90.9090909090909,90.59829059829059
vote,9,1,correct->DT,93.18181818181819,92.88409703504044
vote,9,1,committee->DT,90.9090909090909,90.59829059829059
vote,9,2,baseline->NB,88.63636363636364,88.48770277341706
vote,9,2,soft->NB,88.63636363636364,88.48770277341706
vote,9,2,attr->NB,97.72727272727273,97.62803234501347
vote,9,2,softattr->NB,97.72727272727273,97.62803234501347
vote,9,2,correct->NB,90.9090909090909,90.73684210526316
vote,9,2,soft->DT,97.72727272727273,97.62803234501347
vote,9,2,correct->DT,97.72727272727273,97.62803234501347
vote,9,2,committee->DT,97.72727272727273,97.62803234501347
vote,9,3,baseline->NB,95.45454545454545,95.2991452991453
vote,9,3,soft->NB,93.18181818181819,93.0047694753577
vote,9,3,attr->NB,95.45454545454545,95.2991452991453
vote,9,3,softattr->NB,95.45454545454545,95.2991452991453
vote,9,3,correct->NB,95.45454545454545,95.2991452991453
vote,9,3,soft->DT,95.45454545454545,95.2991452991453
vote,9,3,correct->DT,95.45454545454545,95.2991452991453
vote,9,3,committee->DT,95.45454545454545,95.2991452991453
vote,9,4,baseline->NB,86.36363636363636,85.8974358974359
vote,9,4,soft->NB,86.36363636363636,85.8974358974359
vote,9,4,attr->NB,95.45454545454545,95.20697167755992
vote,9,4,softattr->NB,97.72727272727273,97.62803234501347
vote,9,4,correct->NB,86.36363636363636,85.8974358974359
vote,9,4,soft->DT,97.72727272727273,97.62803234501347
vote,9,4,correct->DT,95.45454545454545,95.20697167755992
vote,9,4,committee->DT,95.45454545454545,95.20697167755992
vote,9,5,baseline->NB,93.02325581395348,92.77310924369748
vote,9,5,soft->NB,90.69767441860465,90.44444444444444
vote,9,5,attr->NB,95.34883720930233,95.13574660633483
vote,9,5,softattr->NB,95.34883720930233,95.13574660633483
vote,9,5,correct->NB,93.02325581395348,92.77310924369748
vote,9,5,soft->DT,95.34883720930233,95.13574660633483
vote,9,5,correct->DT,95.34883720930233,95.13574660633483
vote,9,5,committee->DT,95.34883720930233,95.13574660633483
vote,9,6,baseline->NB,86.04651162790698,85.85526315789474
vote,9,6,soft->NB,86.04651162790698,85.85526315789474
vote,9,6,attr->NB,93.02325581395348,92.77310924369748
vote,9,6,softattr->NB,93.02325581395348,92.77310924369748
vote,9,6,correct->NB,88.37209302325581,88.14120242691672
vote,9,6,soft->DT,93.02325581395348,92.77310924369748
vote,9,6,correct->DT,93.02325581395348,92.77310924369748
vote,9,6,committee->DT,95.34883720930233,95.13574660633483
vote,9,7,baseline->NB,88.37209302325581,87.3900293255132
vote,9,7,soft->NB,90.69767441860465,90.04629629629629
vote,9,7,attr->NB,90.69767441860465,90.04629629629629
vote,9,7,softattr->NB,90.69767441860465,90.04629629629629
vote,9,7,correct->NB,88.37209302325581,87.3900293255132
vote,9,7,soft->DT,95.34883720930233,95.02314814814815
vote,9,7,correct->DT,93.02325581395348,92.43401759530792
vote,9,7,committee->DT,93.02325581395348,92.43401759530792
vote,9,8,baseline->NB,88.37209302325581,87.70726129216695
vote,9,8,soft->NB,90.69767441860465,90.27149321266967
vote,9,8,attr->NB,97.67441860465117,97.5414522584334
vote,9,8,softattr->NB,95.34883720930233,95.13574660633483
vote,9,8,correct->NB,88.37209302325581,87.70726129216695
vote,9,8,soft->DT,95.34883720930233,95.13574660633483
vote,9,8,correct->DT,97.67441860465117,97.5414522584334
vote,9,8,committee->DT,97.67441860465117,97.5414522584334
vote,9,9,baseline->NB,88.37209302325581,87.70726129216695
vote,9,9,soft->NB,88.37209302325581,87.70726129216695
vote,9,9,attr->NB,97.67441860465117,97.5414522584334
vote,9,9,softattr->NB,97.67441860465117,97.5414522584334
vote,9,9,correct->NB,88.37209302325581,87.70726129216695
vote,9,9,soft->DT,97.67441860465117,97.5414522584334
vote,9,9,correct->DT,97.67441860465117,97.5414522584334
vote,9,9,committee->DT,97.67441860465117,97.5414522584334
image-segmentation,0,0,baseline->NB,79.22077922077922,76.84599128357904
image-segmentation,0,0,soft->NB,79.65367965367966,79.16516741006537
image-segmentation,0,0,attr->NB,85.28138528138528,85.43821692874535
image-segmentation,0,0,softattr->NB,80.08658008658008,79.22501865476788
image-segmentation,0,0,correct->NB,80.95238095238095,79.46524551339968
image-segmentation,0,0,soft->DT,90.47619047619048,90.13563209824405
image-segmentation,0,0,correct->DT,94.8051948051948,94.80042016806723
image-segmentation,0,0,committee->DT,94.37229437229438,94.37143959654156
image-segmentation,0,1,baseline->NB,82.25108225108225,80.69954509039319
image-segmentation,0,1,soft->NB,79.22077922077922,78.33228096265063
image-segmentation,0,1,attr->NB,88.31168831168831,87.83261878586084
image-segmentation,0,1,softattr->NB,80.51948051948052,78.63945578231292
image-segmentation,0,1,correct->NB,82.25108225108225,81.22677440397281
image-segmentation,0,1,soft->DT,90.04329004329004,89.6650474801075
image-segmentation,0,1,correct->DT,94.8051948051948,94.71475469357499
image-segmentation,0,1,committee->DT,95.67099567099567,95.69027611044419
image-segmentation,0,2,baseline->NB,81.38528138528139,79.0346995180085
image-segmentation,0,2,soft->NB,76.62337662337663,76.08584642545168
image-segmentation,0,2,attr->NB,84.41558441558442,82.69685130146269
image-segmentation,0,2,softattr->NB,80.51948051948052,80.0440001582028
image-segmentation,0,2,correct->NB,81.81818181818181,80.2799413492675
image-segmentation,0,2,soft->DT,90.9090909090909,90.47046941321697
image-segmentation,0,2,correct->DT,93.93939393939394,93.71089756695972
image-segmentation,0,2,committee->DT,93.50649350649351,93.41491809990366
image-segmentation,0,3,baseline->NB,76.62337662337663,74.03856411450023
image-segmentation,0,3,soft->NB,74.45887445887446,73.96471760463933
image-segmentation,0,3,attr->NB,82.68398268398268,82.65603672257294
image-segmentation,0,3,softattr->NB,76.19047619047619,74.90426240426241
image-segmentation,0,3,correct->NB,76.19047619047619,74.38323581180725
image-segmentation,0,3,soft->DT,88.31168831168831,87.80824423068803
image-segmentation,0,3,correct->DT,93.93939393939394,93.93800229621127
image-segmentation,0,3,committee->DT,92.64069264069263,92.5409779296334
image-segmentation,0,4,baseline->NB,80.51948051948052,78.61068054204455
image-segmentation,0,4,soft->NB,76.19047619047619,75.72120955306694
image-segmentation,0,4,attr->NB,86.14718614718615,85.50419729524208
image-segmentation,0,4,softattr->NB,79.65367965367966,78.2830669883995
image-segmentation,0,4,correct->NB,80.95238095238095,79.72102564405509
image-segmentation,0,4,soft->DT,92.20779220779221,91.8813524783674
image-segmentation,0,4,correct->DT,96.53679653679653,96.57418909010218
image-segmentation,0,4,committee->DT,96.53679653679653,96.55598133210074
image-segmentation,0,5,baseline->NB,78.78787878787878,77.1503538823694
image-segmentation,0,5,soft->NB,71.42857142857143,71.5272276670143
image-segmentation,0,5,attr->NB,76.19047619047619,74.96984891441183
image-segmentation,0,5,softattr->NB,72.72727272727273,72.45708207913194
image-segmentation,0,5,correct->NB,76.19047619047619,75.47343820635746
image-segmentation,0,5,soft->DT,91.77489177489177,91.98067774391497
image-segmentation,0,5,correct->DT,95.23809523809524,95.37962616051121
image-segmentation,0,5,committee->DT,95.67099567099567,95.74944108078014
image-segmentation,0,6,baseline->NB,80.08658008658008,78.26386978241607
image-segmentation,0,6,soft->NB,79.65367965367966,78.61813845809846
image-segmentation,0,6,attr->NB,84.84848484848484,84.90732010144538
image-segmentation,0,6,softattr->NB,77.05627705627705,75.88282356351135
image-segmentation,0,6,correct->NB,81.81818181818181,80.30729533192587
image-segmentation,0,6,soft->DT,88.74458874458874,88.6542634232755
image-segmentation,0,6,correct->DT,94.37229437229438,94.4433526901372
image-segmentation,0,6,committee->DT,94.37229437229438,94.45216970833668
image-segmentation,0,7,baseline->NB,79.22077922077922,77.68126913815067
image-segmentation,0,7,soft->NB,73.5930735930736,73.8829685720442
image-segmentation,0,7,attr->NB,85.71428571428571,85.80115396664277
image-segmentation,0,7,softattr->NB,75.32467532467533,75.59286933870673
image-segmentation,0,7,correct->NB,78.78787878787878,77.57666237143063
image-segmentation,0,7,soft->DT,90.9090909090909,90.98637496956825
image-segmentation,0,7,correct->DT,94.37229437229438,94.37669442059257
image-segmentation,0,7,committee->DT,95.23809523809524,95.34180105608677
image-segmentation,0,8,baseline->NB,80.95238095238095,79.01195606202555
image-segmentation,0,8,soft->NB,74.89177489177489,74.70729403924132
image-segmentation,0,8,attr->NB,87.44588744588745,87.48187359942713
image-segmentation,0,8,softattr->NB,73.16017316017316,72.9714139680917
image-segmentation,0,8,correct->NB,80.95238095238095,79.5510747926609
image-segmentation,0,8,soft->DT,88.31168831168831,88.13043639836785
image-segmentation,0,8,correct->DT,95.23809523809524,95.23034456067084
image-segmentation,0,8,committee->DT,93.93939393939394,93.90387641628396
image-segmentation,0,9,baseline->NB,77.05627705627705,74.68330725959066
image-segmentation,0,9,soft->NB,70.12987012987013,70.13701964012523
image-segmentation,0,9,attr->NB,75.32467532467533,72.9665583923705
image-segmentation,0,9,softattr->NB,70.56277056277057,69.91415278047283
image-segmentation,0,9,correct->NB,75.75757575757575,73.73392275450051
image-segmentation,0,9,soft->DT,89.6103896103896,89.28784828016653
image-segmentation,0,9,correct->DT,93.93939393939394,93.9959640572647
image-segmentation,0,9,committee->DT,94.8051948051948,94.77775955387895
image-segmentation,1,0,baseline->NB,80.08658008658008,77.78580706257956
image-segmentation,1,0,soft->NB,77.92207792207792,77.20239540738376
image-segmentation,1,0,attr->NB,81.38528138528139,78.82713826820573
image-segmentation,1,0,softattr->NB,77.05627705627705,76.1367623972666
image-segmentation,1,0,correct->NB,80.95238095238095,78.89325486292078
image-segmentation,1,0,soft->DT,90.47619047619048,90.17664900730104
image-segmentation,1,0,correct->DT,93.07359307359307,92.93969372304406
image-segmentation,1,0,committee->DT,95.67099567099567,95.62290587876943
image-segmentation,1,1,baseline->NB,82.25108225108225,80.45829835989635
image-segmentation,1,1,soft->NB,74.02597402597402,73.66793831176652
image-segmentation,1,1,attr->NB,83.11688311688312,81.4103624330824
image-segmentation,1,1,softattr->NB,77.92207792207792,76.80597180597182
image-segmentation,1,1,correct->NB,81.38528138528139,79.59224335665472
image-segmentation,1,1,soft->DT,90.9090909090909,90.5801606729739
image-segmentation,1,1,correct->DT,94.8051948051948,94.79851642149396
image-segmentation,1,1,committee->DT,96.1038961038961,96.0562447502746
image-segmentation,1,2,baseline->NB,80.08658008658008,78.82529806185892
image-segmentation,1,2,soft->NB,77.4891774891775,77.45094397872751
image-segmentation,1,2,attr->NB,79.65367965367966,78.9251700680272
image-segmentation,1,2,softattr->NB,74.89177489177489,74.20196376941097
image-segmentation,1,2,correct->NB,80.08658008658008,79.70250145306686
image-segmentation,1,2,soft->DT,88.31168831168831,88.0585221612403
image-segmentation,1,2,correct->DT,94.8051948051948,94.85731492953872
image-segmentation,1,2,committee->DT,93.93939393939394,93.97264691495421
image-segmentation,1,3,baseline->NB,80.95238095238095,79.4454009543958
image-segmentation,1,3,soft->NB,77.4891774891775,77.36992708201785
image-segmentation,1,3,attr->NB,83.98268398268398,83.8992308000172
image-segmentation,1,3,softattr->NB,77.92207792207792,77.18173791749741
image-segmentation,1,3,correct->NB,80.51948051948052,79.64982587234068
image-segmentation,1,3,soft->DT,90.9090909090909,90.84356819650938
image-segmentation,1,3,correct->DT,95.23809523809524,95.37042124542126
image-segmentation,1,3,committee->DT,97.40259740259741,97.39541784455719
image-segmentation,1,4,baseline->NB,79.22077922077922,76.93823190998933
image-segmentation,1,4,soft->NB,73.5930735930736,72.88825956786441
image-segmentation,1,4,attr->NB,77.92207792207792,76.18956260007828
image-segmentation,1,4,softattr->NB,75.32467532467533,74.42699349029766
image-segmentation,1,4,correct->NB,77.92207792207792,76.7277306027306
image-segmentation,1,4,soft->DT,90.04329004329004,89.60028594357313
image-segmentation,1,4,correct->DT,92.20779220779221,92.2437935959958
image-segmentation,1,4,committee->DT,94.37229437229438,94.36863104449087
image-segmentation,1,5,baseline->NB,78.78787878787878,77.35978606589458
image-segmentation,1,5,soft->NB,75.32467532467533,75.19778524487093
image-segmentation,1,5,attr->NB,79.65367965367966,78.59979406283394
image-segmentation,1,5,softattr->NB,72.72727272727273,72.6991822876916
image-segmentation,1,5,correct->NB,79.65367965367966,78.87924414670647
image-segmentation,1,5,soft->DT,90.04329004329004,89.93892377703777
image-segmentation,1,5,correct->DT,94.8051948051948,94.80125849873751
image-segmentation,1,5,committee->DT,96.1038961038961,96.14521259464247
image-segmentation,1,6,baseline->NB,77.05627705627705,74.45660796906726
image-segmentation,1,6,soft->NB,74.45887445887446,73.21035395428149
image-segmentation,1,6,attr->NB,82.25108225108225,81.37904152272183
image-segmentation,1,6,softattr->NB,79.22077922077922,77.97908281812511
image-segmentation,1,6,correct->NB,77.92207792207792,75.88606096830713
image-segmentation,1,6,soft->DT,91.34199134199135,91.32212981388157
image-segmentation,1,6,correct->DT,95.23809523809524,95.23959046682037
image-segmentation,1,6,committee->DT,95.67099567099567,95.62631022558278
image-segmentation,1,7,baseline->NB,79.22077922077922,78.09582180236141
image-segmentation,1,7,soft->NB,74.89177489177489,74.8497580850522
image-segmentation,1,7,attr->NB,80.95238095238095,80.08329331925579
image-segmentation,1,7,softattr->NB,76.19047619047619,75.89068875420348
image-segmentation,1,7,correct->NB,76.62337662337663,76.14423529969912
image-segmentation,1,7,soft->DT,91.34199134199135,91.2155853332324
image-segmentation,1,7,correct->DT,96.96969696969697,96.97407837991683
image-segmentation,1,7,committee->DT,97.40259740259741,97.42726636108989
image-segmentation,1,8,baseline->NB,82.25108225108225,79.7017281911775
image-segmentation,1,8,soft->NB,75.75757575757575,74.39622761881898
image-segmentation,1,8,attr->NB,82.68398268398268,81.28455334934459
image-segmentation,1,8,softattr->NB,75.32467532467533,74.19317104951433
image-segmentation,1,8,correct->NB,81.81818181818181,79.28940135955395
image-segmentation,1,8,soft->DT,89.17748917748918,88.83340326151587
image-segmentation,1,8,correct->DT,94.8051948051948,94.80400196818107
image-segmentation,1,8,committee->DT,95.23809523809524,95.22092023150283
image-segmentation,1,9,baseline->NB,76.62337662337663,73.64433251197386
image-segmentation,1,9,soft->NB,73.5930735930736,72.85140430826196
image-segmentation,1,9,attr->NB,77.92207792207792,75.64021290027483
image-segmentation,1,9,softattr->NB,74.89177489177489,73.5043495317468
image-segmentation,1,9,correct->NB,76.19047619047619,73.90892209176918
image-segmentation,1,9,soft->DT,89.6103896103896,89.36562892837544
image-segmentation,1,9,correct->DT,93.50649350649351,93.21357901615748
image-segmentation,1,9,committee->DT,94.37229437229438,94.28934477016614
image-segmentation,2,0,baseline->NB,82.25108225108225,80.20431564129292
image-segmentation,2,0,soft->NB,77.4891774891775,76.83504595017149
image-segmentation,2,0,attr->NB,81.38528138528139,79.57916499933306
image-segmentation,2,0,softattr->NB,76.62337662337663,76.1695703765514
image-segmentation,2,0,correct->NB,80.08658008658008,78.87866017275475
image-segmentation,2,0,soft->DT,90.04329004329004,89.78725442673135
image-segmentation,2,0,correct->DT,95.67099567099567,95.71070886822847
image-segmentation,2,0,committee->DT,95.23809523809524,95.26169427745205
image-segmentation,2,1,baseline->NB,77.05627705627705,74.39780581385023
image-segmentation,2,1,soft->NB,70.99567099567099,70.6313680661868
image-segmentation,2,1,attr->NB,79.22077922077922,78.03154871091053
image-segmentation,2,1,softattr->NB,73.16017316017316,72.51082251082252
image-segmentation,2,1,correct->NB,75.32467532467533,73.76941714515101
image-segmentation,2,1,soft->DT,87.44588744588745,87.03517181624214
image-segmentation,2,1,correct->DT,92.64069264069263,92.56112149186518
image-segmentation,2,1,committee->DT,95.23809523809524,95.17451034901477
image-segmentation,2,2,baseline->NB,83.11688311688312,82.18708674501356
image-segmentation,2,2,soft->NB,78.78787878787878,78.87918950682416
image-segmentation,2,2,attr->NB,80.95238095238095,80.23018410150459
image-segmentation,2,2,softattr->NB,77.4891774891775,77.44553137839657
image-segmentation,2,2,correct->NB,82.68398268398268,81.82896970727239
image-segmentation,2,2,soft->DT,91.34199134199135,91.06688971885049
image-segmentation,2,2,correct->DT,95.23809523809524,95.26179702650292
image-segmentation,2,2,committee->DT,96.96969696969697,97.00630252100841
image-segmentation,2,3,baseline->NB,78.78787878787878,76.47739257646377
image-segmentation,2,3,soft->NB,76.62337662337663,76.11784453624644
image-segmentation,2,3,attr->NB,77.92207792207792,76.02862412576077
image-segmentation,2,3,softattr->NB,75.32467532467533,74.92832463059771
image-segmentation,2,3,correct->NB,78.35497835497836,76.53046284179713
image-segmentation,2,3,soft->DT,90.04329004329004,89.97472397028237
image-segmentation,2,3,correct->DT,95.67099567099567,95.71920143348713
image-segmentation,2,3,committee->DT,95.23809523809524,95.20174625033961
image-segmentation,2,4,baseline->NB,80.51948051948052,77.96688626039733
image-segmentation,2,4,soft->NB,77.92207792207792,77.2015946744481
image-segmentation,2,4,attr->NB,83.11688311688312,81.9637505351791
image-segmentation,2,4,softattr->NB,80.08658008658008,78.53729592276399
image-segmentation,2,4,correct->NB,82.25108225108225,80.27119412468224
image-segmentation,2,4,soft->DT,91.34199134199135,91.22987157769765
image-segmentation,2,4,correct->DT,95.67099567099567,95.70416470725175
image-segmentation,2,4,committee->DT,96.1038961038961,96.14577443816343
image-segmentation,2,5,baseline->NB,80.51948051948052,78.3268725797371
image-segmentation,2,5,soft->NB,78.78787878787878,77.2902513337934
image-segmentation,2,5,attr->NB,83.54978354978356,82.07241245460659
image-segmentation,2,5,softattr->NB,80.95238095238095,79.46289665390788
image-segmentation,2,5,correct->NB,80.51948051948052,78.5998030748461
image-segmentation,2,5,soft->DT,90.47619047619048,90.11551403393608
image-segmentation,2,5,correct->DT,95.67099567099567,95.59222520935694
image-segmentation,2,5,committee->DT,96.1038961038961,96.0562447502746
image-segmentation,2,6,baseline->NB,79.22077922077922,77.55071248426731
image-segmentation,2,6,soft->NB,71.42857142857143,70.86125422781801
image-segmentation,2,6,attr->NB,78.35497835497836,76.95227867294541
image-segmentation,2,6,softattr->NB,72.72727272727273,71.59003190719103
image-segmentation,2,6,correct->NB,77.05627705627705,75.7575475110471
image-segmentation,2,6,soft->DT,89.6103896103896,89.64898167456802
image-segmentation,2,6,correct->DT,94.37229437229438,94.45908327191131
image-segmentation,2,6,committee->DT,96.1038961038961,96.0900790751537
image-segmentation,2,7,baseline->NB,76.62337662337663,73.98416120220631
image-segmentation,2,7,soft->NB,74.02597402597402,73.86852934647052
image-segmentation,2,7,attr->NB,76.19047619047619,73.32174335496595
image-segmentation,2,7,softattr->NB,72.72727272727273,72.01849955678658
image-segmentation,2,7,correct->NB,77.05627705627705,74.97744871162594
image-segmentation,2,7,soft->DT,89.17748917748918,89.11451147623228
image-segmentation,2,7,correct->DT,96.1038961038961,96.08976222782192
image-segmentation,2,7,committee->DT,93.50649350649351,93.53610901423083
image-segmentation,2,8,baseline->NB,80.08658008658008,78.43415443729421
image-segmentation,2,8,soft->NB,73.16017316017316,73.42946731025324
image-segmentation,2,8,attr->NB,80.51948051948052,78.99578745319393
image-segmentation,2,8,softattr->NB,77.05627705627705,76.96770643741367
image-segmentation,2,8,correct->NB,79.22077922077922,78.0081411541913
image-segmentation,2,8,soft->DT,87.44588744588745,87.33505709976299
image-segmentation,2,8,correct->DT,93.07359307359307,93.0791788856305
image-segmentation,2,8,committee->DT,94.37229437229438,94.3820406080534
image-segmentation,2,9,baseline->NB,79.22077922077922,77.40223151529975
image-segmentation,2,9,soft->NB,73.5930735930736,73.19047316889112
image-segmentation,2,9,attr->NB,85.28138528138528,85.2439278938799
image-segmentation,2,9,softattr->NB,77.92207792207792,76.74466129847742
image-segmentation,2,9,correct->NB,77.92207792207792,76.290749755471
image-segmentation,2,9,soft->DT,91.34199134199135,91.08706150853536
image-segmentation,2,9,correct->DT,94.8051948051948,94.77760807376869
image-segmentation,2,9,committee->DT,94.8051948051948,94.73131497239503
image-segmentation,3,0,baseline->NB,78.78787878787878,76.92044797307955
image-segmentation,3,0,soft->NB,73.5930735930736,73.73855311355312
image-segmentation,3,0,attr->NB,78.35497835497836,76.7508681794396
image-segmentation,3,0,softattr->NB,74.02597402597402,73.99918783284194
image-segmentation,3,0,correct->NB,76.62337662337663,75.4100085606935
image-segmentation,3,0,soft->DT,88.31168831168831,88.18281194656528
image-segmentation,3,0,correct->DT,94.37229437229438,94.34555494256988
image-segmentation,3,0,committee->DT,94.8051948051948,94.74662724871308
image-segmentation,3,1,baseline->NB,80.08658008658008,78.50492953974867
image-segmentation,3,1,soft->NB,80.95238095238095,80.10334386110783
image-segmentation,3,1,attr->NB,88.31168831168831,88.37844696544617
image-segmentation,3,1,softattr->NB,82.25108225108225,81.28781156731468
image-segmentation,3,1,correct->NB,82.68398268398268,81.42050559730373
image-segmentation,3,1,soft->DT,90.04329004329004,89.87830872118158
image-segmentation,3,1,correct->DT,96.1038961038961,96.13520408163266
image-segmentation,3,1,committee->DT,97.83549783549783,97.85903408186016
image-segmentation,3,2,baseline->NB,79.65367965367966,77.418949209994
image-segmentation,3,2,soft->NB,74.02597402597402,73.28388063423274
image-segmentation,3,2,attr->NB,80.51948051948052,79.54469321076184
image-segmentation,3,2,softattr->NB,77.05627705627705,76.14187460829626
image-segmentation,3,2,correct->NB,79.22077922077922,77.77106523615429
image-segmentation,3,2,soft->DT,90.47619047619048,90.1894939610046
image-segmentation,3,2,correct->DT,96.1038961038961,96.1096614827958
image-segmentation,3,2,committee->DT,96.53679653679653,96.52597678455109
image-segmentation,3,3,baseline->NB,77.05627705627705,76.20854793530316
image-segmentation,3,3,soft->NB,73.5930735930736,73.73212728314769
image-segmentation,3,3,attr->NB,84.84848484848484,84.77853593067962
image-segmentation,3,3,softattr->NB,77.05627705627705,77.18624209315699
image-segmentation,3,3,correct->NB,78.78787878787878,77.9855816697922
image-segmentation,3,3,soft->DT,90.47619047619048,90.39438188632397
image-segmentation,3,3,correct->DT,94.37229437229438,94.40712526878336
image-segmentation,3,3,committee->DT,96.1038961038961,96.0731737290122
image-segmentation,3,4,baseline->NB,82.25108225108225,80.01354646336145
image-segmentation,3,4,soft->NB,81.38528138528139,80.84567038834052
image-segmentation,3,4,attr->NB,87.87878787878788,87.91253640725472
image-segmentation,3,4,softattr->NB,80.95238095238095,80.35365369924195
image-segmentation,3,4,correct->NB,82.25108225108225,80.39435691814518
image-segmentation,3,4,soft->DT,89.6103896103896,89.20843669598396
image-segmentation,3,4,correct->DT,93.07359307359307,92.98525790130266
image-segmentation,3,4,committee->DT,96.53679653679653,96.53659773062758
image-segmentation,3,5,baseline->NB,78.78787878787878,75.79078016578016
image-segmentation,3,5,soft->NB,71.86147186147186,71.12278375309452
image-segmentation,3,5,attr->NB,79.22077922077922,76.22463634885995
image-segmentation,3,5,softattr->NB,72.72727272727273,71.49075249794315
image-segmentation,3,5,correct->NB,77.92207792207792,75.9911251029672
image-segmentation,3,5,soft->DT,90.04329004329004,89.9580970599622
image-segmentation,3,5,correct->DT,94.8051948051948,94.82100964239402
image-segmentation,3,5,committee->DT,95.23809523809524,95.23508831734226
image-segmentation,3,6,baseline->NB,77.4891774891775,75.21181156612745
image-segmentation,3,6,soft->NB,72.72727272727273,71.81569097214087
image-segmentation,3,6,attr->NB,81.38528138528139,81.88065454515278
image-segmentation,3,6,softattr->NB,73.5930735930736,72.0835987702004
image-segmentation,3,6,correct->NB,76.62337662337663,74.72093798500448
image-segmentation,3,6,soft->DT,89.6103896103896,89.31002808596678
image-segmentation,3,6,correct->DT,94.8051948051948,94.85144087218461
image-segmentation,3,6,committee->DT,96.1038961038961,96.15434080252845
image-segmentation,3,7,baseline->NB,80.08658008658008,78.5428281346756
image-segmentation,3,7,soft->NB,78.78787878787878,78.09040714469822
image-segmentation,3,7,attr->NB,87.44588744588745,87.56156420204648
image-segmentation,3,7,softattr->NB,77.4891774891775,77.05709943551888
image-segmentation,3,7,correct->NB,79.22077922077922,77.69855909961709
image-segmentation,3,7,soft->DT,89.17748917748918,89.09903193566875
image-segmentation,3,7,correct->DT,93.50649350649351,93.55605674504564
image-segmentation,3,7,committee->DT,93.93939393939394,93.98737856437836
image-segmentation,3,8,baseline->NB,80.95238095238095,79.05623721236242
image-segmentation,3,8,soft->NB,74.45887445887446,74.04580926320055
image-segmentation,3,8,attr->NB,80.95238095238095,80.23299813906468
image-segmentation,3,8,softattr->NB,74.89177489177489,74.72014100129977
image-segmentation,3,8,correct->NB,79.65367965367966,78.5281625219865
image-segmentation,3,8,soft->DT,89.17748917748918,88.8292423725247
image-segmentation,3,8,correct->DT,94.8051948051948,94.80363322231265
image-segmentation,3,8,committee->DT,97.83549783549783,97.84832083339546
image-segmentation,3,9,baseline->NB,81.38528138528139,79.28284353498933
image-segmentation,3,9,soft->NB,78.78787878787878,77.97253856676252
image-segmentation,3,9,attr->NB,88.74458874458874,88.85012200948046
image-segmentation,3,9,softattr->NB,80.95238095238095,80.31061921224814
image-segmentation,3,9,correct->NB,79.65367965367966,78.24336108246432
image-segmentation,3,9,soft->DT,90.9090909090909,90.55614389739671
image-segmentation,3,9,correct->DT,95.67099567099567,95.60452414796765
image-segmentation,3,9,committee->DT,95.23809523809524,95.1368370731377
image-segmentation,4,0,baseline->NB,82.68398268398268,80.77931348092596
image-segmentation,4,0,soft->NB,74.45887445887446,74.08407057054379
image-segmentation,4,0,attr->NB,82.68398268398268,81.66192280413604
image-segmentation,4,0,softattr->NB,77.05627705627705,75.95547350452789
image-segmentation,4,0,correct->NB,82.25108225108225,80.79267849170677
image-segmentation,4,0,soft->DT,90.9090909090909,90.53242993217036
image-segmentation,4,0,correct->DT,93.07359307359307,92.98774419330886
image-segmentation,4,0,committee->DT,96.96969696969697,96.95314693041395
image-segmentation,4,1,baseline->NB,80.95238095238095,78.95764961460046
image-segmentation,4,1,soft->NB,76.19047619047619,75.76465068786133
image-segmentation,4,1,attr->NB,87.01298701298701,87.07045082183818
image-segmentation,4,1,softattr->NB,75.75757575757575,75.12586764645461
image-segmentation,4,1,correct->NB,81.81818181818181,80.00941477205667
image-segmentation,4,1,soft->DT,90.47619047619048,90.24451815611108
image-segmentation,4,1,correct->DT,93.07359307359307,92.9982567172271
image-segmentation,4,1,committee->DT,94.8051948051948,94.75772733512551
image-segmentation,4,2,baseline->NB,80.08658008658008,78.17844547614216
image-segmentation,4,2,soft->NB,77.4891774891775,76.96636510349056
image-segmentation,4,2,attr->NB,84.84848484848484,84.50945473963375
image-segmentation,4,2,softattr->NB,78.78787878787878,78.29770662714827
image-segmentation,4,2,correct->NB,77.92207792207792,77.16838716838717
image-segmentation,4,2,soft->DT,90.9090909090909,90.87244934746558
image-segmentation,4,2,correct->DT,96.53679653679653,96.53510558800286
image-segmentation,4,2,committee->DT,95.23809523809524,95.25577567421918
image-segmentation,4,3,baseline->NB,75.32467532467533,73.9456351102314
image-segmentation,4,3,soft->NB,70.99567099567099,70.69592496335183
image-segmentation,4,3,attr->NB,75.75757575757575,74.18731212877326
image-segmentation,4,3,softattr->NB,73.5930735930736,73.02281914554732
image-segmentation,4,3,correct->NB,74.89177489177489,73.66586673996238
image-segmentation,4,3,soft->DT,88.31168831168831,88.25746330679031
image-segmentation,4,3,correct->DT,94.37229437229438,94.29641757200393
image-segmentation,4,3,committee->DT,95.67099567099567,95.66092435576536
image-segmentation,4,4,baseline->NB,78.35497835497836,76.44246400008664
image-segmentation,4,4,soft->NB,74.45887445887446,73.80362900296456
image-segmentation,4,4,attr->NB,78.78787878787878,78.0588335821703
image-segmentation,4,4,softattr->NB,75.75757575757575,74.70334263437712
image-segmentation,4,4,correct->NB,77.05627705627705,76.18921889783724
image-segmentation,4,4,soft->DT,90.04329004329004,89.93353090790433
image-segmentation,4,4,correct->DT,93.07359307359307,93.08607866102085
image-segmentation,4,4,committee->DT,94.37229437229438,94.37458334724283
image-segmentation,4,5,baseline->NB,79.65367965367966,76.60939351765413
image-segmentation,4,5,soft->NB,71.86147186147186,70.99016271948602
image-segmentation,4,5,attr->NB,87.87878787878788,87.55224154610191
image-segmentation,4,5,softattr->NB,76.19047619047619,75.37939702806612
image-segmentation,4,5,correct->NB,79.65367965367966,76.74008506867732
image-segmentation,4,5,soft->DT,89.6103896103896,89.33691160770053
image-segmentation,4,5,correct->DT,96.96969696969697,96.95350777126771
image-segmentation,4,5,committee->DT,98.26839826839827,98.25487944890929
image-segmentation,4,6,baseline->NB,79.65367965367966,78.11500999000998
image-segmentation,4,6,soft->NB,76.19047619047619,75.39187925748767
image-segmentation,4,6,attr->NB,77.4891774891775,76.03508328321762
image-segmentation,4,6,softattr->NB,76.62337662337663,76.02184099066636
image-segmentation,4,6,correct->NB,79.65367965367966,78.61686693704965
image-segmentation,4,6,soft->DT,89.6103896103896,89.34892102952728
image-segmentation,4,6,correct->DT,97.83549783549783,97.84185963290442
image-segmentation,4,6,committee->DT,97.40259740259741,97.41542040049504
image-segmentation,4,7,baseline->NB,79.65367965367966,76.97122276243675
image-segmentation,4,7,soft->NB,77.05627705627705,76.31126054662984
image-segmentation,4,7,attr->NB,79.22077922077922,77.58765893418716
image-segmentation,4,7,softattr->NB,77.05627705627705,76.18107804632646
image-segmentation,4,7,correct->NB,79.22077922077922,77.14642845077628
image-segmentation,4,7,soft->DT,90.47619047619048,90.37248166132048
image-segmentation,4,7,correct->DT,92.20779220779221,92.24910207324388
image-segmentation,4,7,committee->DT,96.96969696969697,97.03248336170871
image-segmentation,4,8,baseline->NB,82.25108225108225,80.79096342254238
image-segmentation,4,8,soft->NB,74.89177489177489,75.09487186482986
image-segmentation,4,8,attr->NB,82.25108225108225,81.35154603502518
image-segmentation,4,8,softattr->NB,77.92207792207792,77.73787188421336
image-segmentation,4,8,correct->NB,80.51948051948052,79.63194261215027
image-segmentation,4,8,soft->DT,91.34199134199135,90.95121818688857
image-segmentation,4,8,correct->DT,94.8051948051948,94.72628680837981
image-segmentation,4,8,committee->DT,92.20779220779221,92.17296242506326
image-segmentation,4,9,baseline->NB,79.22077922077922,77.91985679464294
image-segmentation,4,9,soft->NB,77.4891774891775,77.09445316588173
image-segmentation,4,9,attr->NB,86.58008658008659,86.68066845549001
image-segmentation,4,9,softattr->NB,80.95238095238095,80.35317456100131
image-segmentation,4,9,correct->NB,79.65367965367966,78.70772778446906
image-segmentation,4,9,soft->DT,90.47619047619048,90.43210451593883
image-segmentation,4,9,correct->DT,95.67099567099567,95.7404500261643
image-segmentation,4,9,committee->DT,95.23809523809524,95.24327296934848
image-segmentation,5,0,baseline->NB,77.05627705627705,74.30672847927798
image-segmentation,5,0,soft->NB,71.42857142857143,70.95267410207732
image-segmentation,5,0,attr->NB,82.68398268398268,82.23588682964824
image-segmentation,5,0,softattr->NB,74.02597402597402,73.17004350547437
image-segmentation,5,0,correct->NB,75.32467532467533,73.49560593468158
image-segmentation,5,0,soft->DT,88.74458874458874,88.12410929283995
image-segmentation,5,0,correct->DT,93.07359307359307,92.90909398585305
image-segmentation,5,0,committee->DT,95.23809523809524,95.12491653332998
image-segmentation,5,1,baseline->NB,77.05627705627705,75.55571936376889
image-segmentation,5,1,soft->NB,73.5930735930736,73.68161414440905
image-segmentation,5,1,attr->NB,80.08658008658008,78.34208394299922
image-segmentation,5,1,softattr->NB,80.95238095238095,80.23793249357158
image-segmentation,5,1,correct->NB,78.35497835497836,77.52988718728949
image-segmentation,5,1,soft->DT,92.20779220779221,92.1999590008898
image-segmentation,5,1,correct->DT,96.53679653679653,96.53003712705205
image-segmentation,5,1,committee->DT,95.23809523809524,95.23700180416598
image-segmentation,5,2,baseline->NB,81.38528138528139,79.69367493177016
image-segmentation,5,2,soft->NB,75.75757575757575,75.27982690006303
image-segmentation,5,2,attr->NB,84.41558441558442,84.57346643966362
image-segmentation,5,2,softattr->NB,75.32467532467533,75.20625063319561
image-segmentation,5,2,correct->NB,79.65367965367966,78.32415224965554
image-segmentation,5,2,soft->DT,87.87878787878788,87.68276211008335
image-segmentation,5,2,correct->DT,94.8051948051948,94.696266566328
image-segmentation,5,2,committee->DT,94.8051948051948,94.72593262591377
image-segmentation,5,3,baseline->NB,81.38528138528139,80.2523799944425
image-segmentation,5,3,soft->NB,75.32467532467533,75.04582751407062
image-segmentation,5,3,attr->NB,89.17748917748918,89.35096082561522
image-segmentation,5,3,softattr->NB,80.08658008658008,78.68567081358
image-segmentation,5,3,correct->NB,81.38528138528139,80.68129804173869
image-segmentation,5,3,soft->DT,90.47619047619048,90.37199395408351
image-segmentation,5,3,correct->DT,94.37229437229438,94.38442154860066
image-segmentation,5,3,committee->DT,96.53679653679653,96.51661771064755
image-segmentation,5,4,baseline->NB,77.4891774891775,74.92567780502128
image-segmentation,5,4,soft->NB,73.5930735930736,73.3919401093771
image-segmentation,5,4,attr->NB,80.95238095238095,80.845793616316
image-segmentation,5,4,softattr->NB,74.45887445887446,73.34949286354654
image-segmentation,5,4,correct->NB,77.4891774891775,75.97660490472887
image-segmentation,5,4,soft->DT,87.01298701298701,86.73052332132707
image-segmentation,5,4,correct->DT,91.77489177489177,91.69445471763956
image-segmentation,5,4,committee->DT,91.34199134199135,91.31792466738588
image-segmentation,5,5,baseline->NB,80.51948051948052,78.16037101557134
image-segmentation,5,5,soft->NB,77.92207792207792,77.14425630392017
image-segmentation,5,5,attr->NB,80.08658008658008,78.31523644764063
image-segmentation,5,5,softattr->NB,77.05627705627705,75.74464568891945
image-segmentation,5,5,correct->NB,80.08658008658008,78.31468080564544
image-segmentation,5,5,soft->DT,91.77489177489177,91.71457764544961
image-segmentation,5,5,correct->DT,96.53679653679653,96.5458820344058
image-segmentation,5,5,committee->DT,96.96969696969697,96.95627755329248
image-segmentation,5,6,baseline->NB,82.25108225108225,79.67456098127606
image-segmentation,5,6,soft->NB,76.62337662337663,75.78527553588546
image-segmentation,5,6,attr->NB,85.71428571428571,85.72796767177803
image-segmentation,5,6,softattr->NB,77.05627705627705,75.30919618016392
image-segmentation,5,6,correct->NB,82.68398268398268,80.26338792075327
image-segmentation,5,6,soft->DT,90.04329004329004,89.72721497831795
image-segmentation,5,6,correct->DT,93.93939393939394,93.98125727067116
image-segmentation,5,6,committee->DT,96.1038961038961,96.11317163681393
image-segmentation,5,7,baseline->NB,82.25108225108225,80.68243350852046
image-segmentation,5,7,soft->NB,77.92207792207792,77.69350732083652
image-segmentation,5,7,attr->NB,82.68398268398268,81.25834135987958
image-segmentation,5,7,softattr->NB,77.92207792207792,77.50631538882479
image-segmentation,5,7,correct->NB,81.81818181818181,80.91881900870665
image-segmentation,5,7,soft->DT,91.77489177489177,91.88644740687818
image-segmentation,5,7,correct->DT,95.23809523809524,95.31635492547638
image-segmentation,5,7,committee->DT,95.67099567099567,95.7293599257885
image-segmentation,5,8,baseline->NB,80.51948051948052,79.29240595907262
image-segmentation,5,8,soft->NB,75.32467532467533,74.85497766553667
image-segmentation,5,8,attr->NB,83.98268398268398,84.06434674183154
image-segmentation,5,8,softattr->NB,77.4891774891775,77.02410263725878
image-segmentation,5,8,correct->NB,80.51948051948052,79.29240595907262
image-segmentation,5,8,soft->DT,89.6103896103896,89.29080017352938
image-segmentation,5,8,correct->DT,94.8051948051948,94.83383824253008
image-segmentation,5,8,committee->DT,96.1038961038961,96.14467959576656
image-segmentation,5,9,baseline->NB,79.65367965367966,78.19019520115147
image-segmentation,5,9,soft->NB,78.35497835497836,77.76904567064142
image-segmentation,5,9,attr->NB,83.98268398268398,83.65189712248535
image-segmentation,5,9,softattr->NB,79.65367965367966,78.70395187468358
image-segmentation,5,9,correct->NB,79.65367965367966,78.29352767338088
image-segmentation,5,9,soft->DT,91.77489177489177,91.58424882948263
image-segmentation,5,9,correct->DT,96.1038961038961,96.07156268304423
image-segmentation,5,9,committee->DT,95.67099567099567,95.63544259115316
image-segmentation,6,0,baseline->NB,80.08658008658008,77.44522313152376
image-segmentation,6,0,soft->NB,78.35497835497836,77.63657977066522
image-segmentation,6,0,attr->NB,82.68398268398268,81.75782521198299
image-segmentation,6,0,softattr->NB,78.78787878787878,77.09690156488422
image-segmentation,6,0,correct->NB,80.95238095238095,79.2247233931669
image-segmentation,6,0,soft->DT,90.47619047619048,90.33918868921214
image-segmentation,6,0,correct->DT,97.40259740259741,97.41373822256175
image-segmentation,6,0,committee->DT,97.40259740259741,97.40200098409055
image-segmentation,6,1,baseline->NB,81.38528138528139,79.70829796750033
image-segmentation,6,1,soft->NB,73.16017316017316,73.13499000999
image-segmentation,6,1,attr->NB,83.11688311688312,83.21469141187453
image-segmentation,6,1,softattr->NB,72.72727272727273,72.57624845771883
image-segmentation,6,1,correct->NB,80.08658008658008,78.9014597051051
image-segmentation,6,1,soft->DT,91.77489177489177,91.76370292995078
image-segmentation,6,1,correct->DT,93.93939393939394,93.92454417664501
image-segmentation,6,1,committee->DT,95.67099567099567,95.64155207537561
image-segmentation,6,2,baseline->NB,82.25108225108225,79.8010244762516
image-segmentation,6,2,soft->NB,79.65367965367966,78.69073893386836
image-segmentation,6,2,attr->NB,85.71428571428571,85.04065552112986
image-segmentation,6,2,softattr->NB,83.11688311688312,82.34448374386447
image-segmentation,6,2,correct->NB,80.51948051948052,78.31312603557963
image-segmentation,6,2,soft->DT,93.93939393939394,93.65731818862942
image-segmentation,6,2,correct->DT,94.8051948051948,94.76360159330507
image-segmentation,6,2,committee->DT,95.67099567099567,95.60746150737371
image-segmentation,6,3,baseline->NB,76.19047619047619,73.72960447699535
image-segmentation,6,3,soft->NB,67.96536796536796,68.18566873569554
image-segmentation,6,3,attr->NB,74.45887445887446,71.68271966649418
image-segmentation,6,3,softattr->NB,69.26406926406926,69.42719794330074
image-segmentation,6,3,correct->NB,73.16017316017316,71.85804245505739
image-segmentation,6,3,soft->DT,86.58008658008659,86.14389802743841
image-segmentation,6,3,correct->DT,93.93939393939394,93.940138667371
image-segmentation,6,3,committee->DT,94.37229437229438,94.39975523096219
image-segmentation,6,4,baseline->NB,81.38528138528139,78.68211659869112
image-segmentation,6,4,soft->NB,78.78787878787878,76.7982308611176
image-segmentation,6,4,attr->NB,87.44588744588745,87.36309967698298
image-segmentation,6,4,softattr->NB,78.35497835497836,76.68108032682576
image-segmentation,6,4,correct->NB,82.25108225108225,79.58047533483665
image-segmentation,6,4,soft->DT,92.64069264069263,92.37056475862445
image-segmentation,6,4,correct->DT,96.96969696969697,96.96730965113318
image-segmentation,6,4,committee->DT,96.1038961038961,96.11679071057313
image-segmentation,6,5,baseline->NB,82.25108225108225,81.03110371645634
image-segmentation,6,5,soft->NB,78.78787878787878,78.19602757490955
image-segmentation,6,5,attr->NB,89.17748917748918,89.26735336509773
image-segmentation,6,5,softattr->NB,81.38528138528139,80.56003796867584
image-segmentation,6,5,correct->NB,82.25108225108225,81.16378080520781
image-segmentation,6,5,soft->DT,90.47619047619048,90.46654910647084
image-segmentation,6,5,correct->DT,94.37229437229438,94.41140558787617
image-segmentation,6,5,committee->DT,95.67099567099567,95.63375935658544
image-segmentation,6,6,baseline->NB,76.62337662337663,75.2033419917884
image-segmentation,6,6,soft->NB,71.42857142857143,71.11681254210829
image-segmentation,6,6,attr->NB,77.92207792207792,77.00610074406414
image-segmentation,6,6,softattr->NB,74.02597402597402,73.05747944628173
image-segmentation,6,6,correct->NB,77.05627705627705,75.78185152731758
image-segmentation,6,6,soft->DT,87.87878787878788,87.51494534105477
image-segmentation,6,6,correct->DT,93.50649350649351,93.5346466354648
image-segmentation,6,6,committee->DT,95.67099567099567,95.77655582777733
image-segmentation,6,7,baseline->NB,80.08658008658008,78.03392668955709
image-segmentation,6,7,soft->NB,74.89177489177489,74.47350083014518
image-segmentation,6,7,attr->NB,86.58008658008659,86.76445578231294
image-segmentation,6,7,softattr->NB,77.4891774891775,76.45341030433195
image-segmentation,6,7,correct->NB,79.65367965367966,78.46978554034862
image-segmentation,6,7,soft->DT,90.47619047619048,89.97902536246781
image-segmentation,6,7,correct->DT,93.93939393939394,93.82522781207324
image-segmentation,6,7,committee->DT,95.67099567099567,95.64108829872973
image-segmentation,6,8,baseline->NB,77.92207792207792,76.39679888393862
image-segmentation,6,8,soft->NB,71.42857142857143,71.64051764017036
image-segmentation,6,8,attr->NB,83.11688311688312,83.36304864411518
image-segmentation,6,8,softattr->NB,72.72727272727273,72.68734111154996
image-segmentation,6,8,correct->NB,77.05627705627705,76.19794798899277
image-segmentation,6,8,soft->DT,89.6103896103896,89.72957544386117
image-segmentation,6,8,correct->DT,95.67099567099567,95.6958727546963
image-segmentation,6,8,committee->DT,95.23809523809524,95.32182103610675
image-segmentation,6,9,baseline->NB,78.35497835497836,76.79490152704439
image-segmentation,6,9,soft->NB,77.05627705627705,77.11514216616257
image-segmentation,6,9,attr->NB,85.71428571428571,85.84306215137858
image-segmentation,6,9,softattr->NB,77.05627705627705,77.33230728188713
image-segmentation,6,9,correct->NB,78.78787878787878,77.99276672694394
image-segmentation,6,9,soft->DT,88.74458874458874,88.54886830042109
image-segmentation,6,9,correct->DT,93.93939393939394,93.86281743065183
image-segmentation,6,9,committee->DT,93.93939393939394,93.90326388138307
image-segmentation,7,0,baseline->NB,80.08658008658008,78.63506552669432
image-segmentation,7,0,soft->NB,75.32467532467533,75.13033410135466
image-segmentation,7,0,attr->NB,84.84848484848484,84.1188701339783
image-segmentation,7,0,softattr->NB,80.51948051948052,79.84564597509195
image-segmentation,7,0,correct->NB,78.78787878787878,77.64826077757553
image-segmentation,7,0,soft->DT,90.47619047619048,89.91909219564201
image-segmentation,7,0,correct->DT,93.93939393939394,93.8461979934502
image-segmentation,7,0,committee->DT,94.37229437229438,94.24625909053225
image-segmentation,7,1,baseline->NB,81.38528138528139,78.51372741465622
image-segmentation,7,1,soft->NB,76.19047619047619,75.2375288802342
image-segmentation,7,1,attr->NB,82.25108225108225,80.77068129716125
image-segmentation,7,1,softattr->NB,77.92207792207792,76.64987934616062
image-segmentation,7,1,correct->NB,79.22077922077922,76.88528862441906
image-segmentation,7,1,soft->DT,90.47619047619048,90.2853950263959
image-segmentation,7,1,correct->DT,96.1038961038961,96.06159800315075
image-segmentation,7,1,committee->DT,96.1038961038961,96.06813489884546
image-segmentation,7,2,baseline->NB,80.51948051948052,79.20615539663159
image-segmentation,7,2,soft->NB,76.19047619047619,76.35268971016174
image-segmentation,7,2,attr->NB,81.38528138528139,81.48814267191108
image-segmentation,7,2,softattr->NB,74.89177489177489,74.82736535492023
image-segmentation,7,2,correct->NB,80.95238095238095,80.22884348272287
image-segmentation,7,2,soft->DT,87.44588744588745,87.24422490006336
image-segmentation,7,2,correct->DT,93.93939393939394,94.10041225709429
image-segmentation,7,2,committee->DT,95.23809523809524,95.28957179358038
image-segmentation,7,3,baseline->NB,80.51948051948052,78.77611146694512
image-segmentation,7,3,soft->NB,76.19047619047619,76.26413168506515
image-segmentation,7,3,attr->NB,77.05627705627705,74.5715973073699
image-segmentation,7,3,softattr->NB,75.32467532467533,74.45077003122434
image-segmentation,7,3,correct->NB,80.08658008658008,79.07455411205103
image-segmentation,7,3,soft->DT,93.93939393939394,93.90966194208642
image-segmentation,7,3,correct->DT,96.96969696969697,96.97465725670291
image-segmentation,7,3,committee->DT,95.67099567099567,95.71166928309785
image-segmentation,7,4,baseline->NB,81.38528138528139,79.93188754087825
image-segmentation,7,4,soft->NB,78.35497835497836,77.77183995732902
image-segmentation,7,4,attr->NB,83.98268398268398,83.05222675753916
image-segmentation,7,4,softattr->NB,79.22077922077922,78.74335631688572
image-segmentation,7,4,correct->NB,82.25108225108225,81.17287930532841
image-segmentation,7,4,soft->DT,91.34199134199135,91.11960621522023
image-segmentation,7,4,correct->DT,95.67099567099567,95.71718809423727
image-segmentation,7,4,committee->DT,93.93939393939394,93.93604460466376
image-segmentation,7,5,baseline->NB,79.22077922077922,77.15609374772343
image-segmentation,7,5,soft->NB,74.45887445887446,73.76021494033917
image-segmentation,7,5,attr->NB,79.22077922077922,77.11482903668428
image-segmentation,7,5,softattr->NB,77.05627705627705,76.0483793080392
image-segmentation,7,5,correct->NB,77.05627705627705,75.58047586216601
image-segmentation,7,5,soft->DT,89.6103896103896,89.66554492563262
image-segmentation,7,5,correct->DT,91.77489177489177,91.83113917208674
image-segmentation,7,5,committee->DT,93.07359307359307,93.10997998768283
image-segmentation,7,6,baseline->NB,78.78787878787878,75.77443123685129
image-segmentation,7,6,soft->NB,72.2943722943723,71.5944143802008
image-segmentation,7,6,attr->NB,78.35497835497836,77.22121786470179
image-segmentation,7,6,softattr->NB,70.56277056277057,70.29792467177649
image-segmentation,7,6,correct->NB,78.35497835497836,76.04513612448642
image-segmentation,7,6,soft->DT,90.47619047619048,90.28083186197726
image-segmentation,7,6,correct->DT,94.8051948051948,94.75645005633693
image-segmentation,7,6,committee->DT,95.67099567099567,95.63870805905415
image-segmentation,7,7,baseline->NB,79.22077922077922,77.21410103062816
image-segmentation,7,7,soft->NB,77.05627705627705,76.76080313548343
image-segmentation,7,7,attr->NB,82.68398268398268,80.9888804006451
image-segmentation,7,7,softattr->NB,77.92207792207792,77.79200991947299
image-segmentation,7,7,correct->NB,80.08658008658008,78.79646117919039
image-segmentation,7,7,soft->DT,90.9090909090909,90.76916842500688
image-segmentation,7,7,correct->DT,96.1038961038961,96.14150555327026
image-segmentation,7,7,committee->DT,94.8051948051948,94.81615109812041
image-segmentation,7,8,baseline->NB,78.78787878787878,76.69110461608184
image-segmentation,7,8,soft->NB,74.45887445887446,73.6489301426548
image-segmentation,7,8,attr->NB,79.65367965367966,77.70624702667452
image-segmentation,7,8,softattr->NB,74.02597402597402,73.29603415194549
image-segmentation,7,8,correct->NB,77.4891774891775,75.72377606717055
image-segmentation,7,8,soft->DT,88.74458874458874,88.24257761052048
image-segmentation,7,8,correct->DT,94.8051948051948,94.76940805024651
image-segmentation,7,8,committee->DT,96.1038961038961,96.09622342831298
image-segmentation,7,9,baseline->NB,79.22077922077922,77.34774073368048
image-segmentation,7,9,soft->NB,74.45887445887446,74.22844115087948
image-segmentation,7,9,attr->NB,80.95238095238095,79.13144574674416
image-segmentation,7,9,softattr->NB,73.5930735930736,73.13191066323753
image-segmentation,7,9,correct->NB,78.78787878787878,77.09679167640083
image-segmentation,7,9,soft->DT,89.17748917748918,88.77864237325352
image-segmentation,7,9,correct->DT,95.23809523809524,95.21689442398397
image-segmentation,7,9,committee->DT,95.67099567099567,95.67798273155415
image-segmentation,8,0,baseline->NB,80.95238095238095,79.37325805528842
image-segmentation,8,0,soft->NB,74.02597402597402,74.30035196024919
image-segmentation,8,0,attr->NB,85.71428571428571,84.90620490620489
image-segmentation,8,0,softattr->NB,77.4891774891775,77.45668486502316
image-segmentation,8,0,correct->NB,79.22077922077922,78.31703712705965
image-segmentation,8,0,soft->DT,93.07359307359307,92.97382885481943
image-segmentation,8,0,correct->DT,96.1038961038961,96.06977288880273
image-segmentation,8,0,committee->DT,96.53679653679653,96.48886506382117
image-segmentation,8,1,baseline->NB,79.22077922077922,77.64571685624318
image-segmentation,8,1,soft->NB,74.02597402597402,74.1614008240659
image-segmentation,8,1,attr->NB,77.92207792207792,77.7802382179772
image-segmentation,8,1,softattr->NB,73.16017316017316,73.55167508228733
image-segmentation,8,1,correct->NB,78.78787878787878,78.0099433904232
image-segmentation,8,1,soft->DT,89.17748917748918,89.07523840464769
image-segmentation,8,1,correct->DT,96.53679653679653,96.53464289333854
image-segmentation,8,1,committee->DT,96.1038961038961,96.12294362827411
image-segmentation,8,2,baseline->NB,74.89177489177489,73.82286839666358
image-segmentation,8,2,soft->NB,70.12987012987013,69.79651017916325
image-segmentation,8,2,attr->NB,77.05627705627705,76.61734523319109
image-segmentation,8,2,softattr->NB,71.86147186147186,71.65286570922913
image-segmentation,8,2,correct->NB,75.32467532467533,74.07951316418135
image-segmentation,8,2,soft->DT,87.01298701298701,86.60673278809489
image-segmentation,8,2,correct->DT,91.77489177489177,91.86507215554192
image-segmentation,8,2,committee->DT,92.64069264069263,92.7389557130198
image-segmentation,8,3,baseline->NB,80.08658008658008,78.13018466082954
image-segmentation,8,3,soft->NB,77.05627705627705,77.22827344055023
image-segmentation,8,3,attr->NB,80.95238095238095,78.27160656723346
image-segmentation,8,3,softattr->NB,78.35497835497836,78.426909263457
image-segmentation,8,3,correct->NB,80.51948051948052,79.1592123990441
image-segmentation,8,3,soft->DT,90.47619047619048,90.30415701709975
image-segmentation,8,3,correct->DT,96.1038961038961,96.10879316761668
image-segmentation,8,3,committee->DT,94.37229437229438,94.324362899319
image-segmentation,8,4,baseline->NB,78.35497835497836,74.70219550864712
image-segmentation,8,4,soft->NB,73.5930735930736,71.5753628744028
image-segmentation,8,4,attr->NB,86.58008658008659,86.66713420393296
image-segmentation,8,4,softattr->NB,78.35497835497836,77.1471227607246
image-segmentation,8,4,correct->NB,78.35497835497836,74.9708053467452
image-segmentation,8,4,soft->DT,91.34199134199135,91.29442722499277
image-segmentation,8,4,correct->DT,95.67099567099567,95.66363984274432
image-segmentation,8,4,committee->DT,97.40259740259741,97.43589743589745
image-segmentation,8,5,baseline->NB,80.51948051948052,77.74780968842475
image-segmentation,8,5,soft->NB,79.22077922077922,77.63423568301617
image-segmentation,8,5,attr->NB,80.51948051948052,78.67894590644414
image-segmentation,8,5,softattr->NB,77.05627705627705,75.60943360470269
image-segmentation,8,5,correct->NB,79.65367965367966,77.92291901033906
image-segmentation,8,5,soft->DT,90.47619047619048,90.33445209915799
image-segmentation,8,5,correct->DT,96.53679653679653,96.53942831587375
image-segmentation,8,5,committee->DT,96.1038961038961,96.11545317427671
image-segmentation,8,6,baseline->NB,81.38528138528139,80.00110469856345
image-segmentation,8,6,soft->NB,76.62337662337663,76.46494711942306
image-segmentation,8,6,attr->NB,81.81818181818181,82.27285745055016
image-segmentation,8,6,softattr->NB,75.32467532467533,74.87418107238722
image-segmentation,8,6,correct->NB,80.95238095238095,80.23996394529898
image-segmentation,8,6,soft->DT,87.87878787878788,87.49064563432418
image-segmentation,8,6,correct->DT,94.37229437229438,94.37519358684716
image-segmentation,8,6,committee->DT,93.07359307359307,93.13841847506835
image-segmentation,8,7,baseline->NB,80.51948051948052,79.44399043291448
image-segmentation,8,7,soft->NB,76.62337662337663,76.33082876205813
image-segmentation,8,7,attr->NB,81.38528138528139,80.59826604147588
image-segmentation,8,7,softattr->NB,77.92207792207792,77.55346143375662
image-segmentation,8,7,correct->NB,79.22077922077922,78.77275434517281
image-segmentation,8,7,soft->DT,91.34199134199135,91.2433818491764
image-segmentation,8,7,correct->DT,95.67099567099567,95.6728778467909
image-segmentation,8,7,committee->DT,96.53679653679653,96.57988708679953
image-segmentation,8,8,baseline->NB,79.22077922077922,76.07244863659417
image-segmentation,8,8,soft->NB,74.45887445887446,72.30148282912496
image-segmentation,8,8,attr->NB,79.22077922077922,76.78205476330928
image-segmentation,8,8,softattr->NB,75.32467532467533,72.85451763063703
image-segmentation,8,8,correct->NB,78.35497835497836,75.44960082273514
image-segmentation,8,8,soft->DT,90.9090909090909,90.7009209344115
image-segmentation,8,8,correct->DT,95.67099567099567,95.67190978955686
image-segmentation,8,8,committee->DT,96.53679653679653,96.5350591437548
image-segmentation,8,9,baseline->NB,82.25108225108225,79.7544524189261
image-segmentation,8,9,soft->NB,80.95238095238095,80.01048880734754
image-segmentation,8,9,attr->NB,81.38528138528139,78.95070319605925
image-segmentation,8,9,softattr->NB,79.22077922077922,77.85872274379258
image-segmentation,8,9,correct->NB,81.38528138528139,78.90449990800599
image-segmentation,8,9,soft->DT,90.04329004329004,89.61148866661289
image-segmentation,8,9,correct->DT,96.1038961038961,96.07086246802847
image-segmentation,8,9,committee->DT,96.53679653679653,96.54559259601278
image-segmentation,9,0,baseline->NB,80.95238095238095,79.11797975696288
image-segmentation,9,0,soft->NB,77.4891774891775,76.84469376139174
image-segmentation,9,0,attr->NB,87.87878787878788,87.6810921268974
image-segmentation,9,0,softattr->NB,77.92207792207792,76.61864665673808
image-segmentation,9,0,correct->NB,81.81818181818181,80.14774419549177
image-segmentation,9,0,soft->DT,90.9090909090909,90.68550990190127
image-segmentation,9,0,correct->DT,96.1038961038961,96.06242583141179
image-segmentation,9,0,committee->DT,96.53679653679653,96.5070802818207
image-segmentation,9,1,baseline->NB,83.98268398268398,82.70441990296992
image-segmentation,9,1,soft->NB,78.78787878787878,78.1767281315079
image-segmentation,9,1,attr->NB,86.58008658008659,86.15498852508397
image-segmentation,9,1,softattr->NB,79.22077922077922,79.2278324607665
image-segmentation,9,1,correct->NB,83.54978354978356,82.48935425881837
image-segmentation,9,1,soft->DT,92.20779220779221,92.24616267035749
image-segmentation,9,1,correct->DT,96.1038961038961,96.15862398471096
image-segmentation,9,1,committee->DT,96.1038961038961,96.19005028334459
image-segmentation,9,2,baseline->NB,80.08658008658008,78.14118769027428
image-segmentation,9,2,soft->NB,76.19047619047619,75.34987279720049
image-segmentation,9,2,attr->NB,80.08658008658008,78.62831119329068
image-segmentation,9,2,softattr->NB,77.92207792207792,76.91961842208148
image-segmentation,9,2,correct->NB,79.65367965367966,77.71638819714084
image-segmentation,9,2,soft->DT,92.20779220779221,92.0923520923521
image-segmentation,9,2,correct->DT,96.53679653679653,96.50248369142379
image-segmentation,9,2,committee->DT,96.53679653679653,96.51622886917005
image-segmentation,9,3,baseline->NB,79.22077922077922,76.1324879235327
image-segmentation,9,3,soft->NB,77.05627705627705,75.89286517681772
image-segmentation,9,3,attr->NB,82.25108225108225,80.72996681638983
image-segmentation,9,3,softattr->NB,77.05627705627705,75.62298318741149
image-segmentation,9,3,correct->NB,78.35497835497836,75.97206044849119
image-segmentation,9,3,soft->DT,88.74458874458874,88.188116219424
image-segmentation,9,3,correct->DT,95.23809523809524,95.24566666405583
image-segmentation,9,3,committee->DT,94.8051948051948,94.85610129677927
image-segmentation,9,4,baseline->NB,80.51948051948052,79.30276324870148
image-segmentation,9,4,soft->NB,75.75757575757575,74.94618433671229
image-segmentation,9,4,attr->NB,79.65367965367966,78.6111904876207
image-segmentation,9,4,softattr->NB,75.75757575757575,74.77993365351003
image-segmentation,9,4,correct->NB,79.65367965367966,78.55088354945335
image-segmentation,9,4,soft->DT,88.31168831168831,87.94856683750723
image-segmentation,9,4,correct->DT,92.64069264069263,92.49290196279388
image-segmentation,9,4,committee->DT,93.93939393939394,93.87408197109689
image-segmentation,9,5,baseline->NB,78.35497835497836,77.40664323658541
image-segmentation,9,5,soft->NB,72.2943722943723,72.39805482817573
image-segmentation,9,5,attr->NB,82.25108225108225,82.58489528692223
image-segmentation,9,5,softattr->NB,74.45887445887446,73.91280954068972
image-segmentation,9,5,correct->NB,77.05627705627705,76.24783579402934
image-segmentation,9,5,soft->DT,90.47619047619048,90.34851963956443
image-segmentation,9,5,correct->DT,94.8051948051948,94.85772186091579
image-segmentation,9,5,committee->DT,96.1038961038961,96.13660848954967
image-segmentation,9,6,baseline->NB,79.65367965367966,76.70770829484913
image-segmentation,9,6,soft->NB,71.86147186147186,72.20467032967034
image-segmentation,9,6,attr->NB,86.58008658008659,86.6463415376379
image-segmentation,9,6,softattr->NB,74.45887445887446,74.6348443368866
image-segmentation,9,6,correct->NB,77.4891774891775,75.52642833274558
image-segmentation,9,6,soft->DT,91.34199134199135,91.22949660263092
image-segmentation,9,6,correct->DT,96.96969696969697,96.93056808664727
image-segmentation,9,6,committee->DT,96.96969696969697,96.94077540559417
image-segmentation,9,7,baseline->NB,80.08658008658008,79.13352196595724
image-segmentation,9,7,soft->NB,73.16017316017316,73.89101533077056
image-segmentation,9,7,attr->NB,81.38528138528139,81.79055666555666
image-segmentation,9,7,softattr->NB,75.75757575757575,75.9140004020024
image-segmentation,9,7,correct->NB,79.22077922077922,78.91477134177207
image-segmentation,9,7,soft->DT,88.31168831168831,88.15556992027581
image-segmentation,9,7,correct->DT,92.64069264069263,92.59097119943152
image-segmentation,9,7,committee->DT,94.37229437229438,94.26731340732898
image-segmentation,9,8,baseline->NB,75.32467532467533,72.99287849737908
image-segmentation,9,8,soft->NB,70.56277056277057,70.43043020508077
image-segmentation,9,8,attr->NB,74.02597402597402,71.77360091645807
image-segmentation,9,8,softattr->NB,69.6969696969697,68.21877650841952
image-segmentation,9,8,correct->NB,76.62337662337663,75.34340364052598
image-segmentation,9,8,soft->DT,88.74458874458874,88.57449791094261
image-segmentation,9,8,correct->DT,95.23809523809524,95.2920508123367
image-segmentation,9,8,committee->DT,96.1038961038961,96.15767255518809
image-segmentation,9,9,baseline->NB,80.51948051948052,78.00835979940459
image-segmentation,9,9,soft->NB,78.35497835497836,77.00098473968438
image-segmentation,9,9,attr->NB,83.98268398268398,84.05446846930992
image-segmentation,9,9,softattr->NB,78.35497835497836,76.75775666348773
image-segmentation,9,9,correct->NB,81.38528138528139,79.3657995858257
image-segmentation,9,9,soft->DT,89.17748917748918,88.9013431625999
image-segmentation,9,9,correct->DT,94.8051948051948,94.70955346325042
image-segmentation,9,9,committee->DT,94.8051948051948,94.76260314166372
tic-tac-toe,0,0,baseline->NB,71.875,67.56350894756599
tic-tac-toe,0,0,soft->NB,71.875,66.3157894736842
tic-tac-toe,0,0,attr->NB,67.70833333333333,62.75810286572394
tic-tac-toe,0,0,softattr->NB,67.70833333333333,62.074678220976175
tic-tac-toe,0,0,correct->NB,75.0,67.54929577464787
tic-tac-toe,0,0,soft->DT,73.95833333333333,68.1486396814864
tic-tac-toe,0,0,correct->DT,77.08333333333333,71.65861513687601
tic-tac-toe,0,0,committee->DT,78.125,72.63472241075064
tic-tac-toe,0,1,baseline->NB,71.875,65.6005308560053
tic-tac-toe,0,1,soft->NB,71.875,64.81607167096512
tic-tac-toe,0,1,attr->NB,71.875,64.81607167096512
tic-tac-toe,0,1,softattr->NB,72.91666666666667,64.84507042253522
tic-tac-toe,0,1,correct->NB,75.0,64.61916461916462
tic-tac-toe,0,1,soft->DT,77.08333333333333,70.25352112676056
tic-tac-toe,0,1,correct->DT,82.29166666666667,77.30496453900709
tic-tac-toe,0,1,committee->DT,81.25,76.26373626373626
tic-tac-toe,0,2,baseline->NB,73.95833333333333,68.1486396814864
tic-tac-toe,0,2,soft->NB,75.0,68.35164835164835
tic-tac-toe,0,2,attr->NB,78.125,72.63472241075064
tic-tac-toe,0,2,softattr->NB,73.95833333333333,65.7485371771086
tic-tac-toe,0,2,correct->NB,72.91666666666667,58.94736842105262
tic-tac-toe,0,2,soft->DT,81.25,75.0
tic-tac-toe,0,2,correct->DT,80.20833333333333,73.23550990462215
tic-tac-toe,0,2,committee->DT,83.33333333333333,78.36619718309859
tic-tac-toe,0,3,baseline->NB,61.458333333333336,52.859986728599864
tic-tac-toe,0,3,soft->NB,58.333333333333336,47.25274725274725
tic-tac-toe,0,3,attr->NB,63.541666666666664,55.40809555408095
tic-tac-toe,0,3,softattr->NB,62.5,52.52747252747252
tic-tac-toe,0,3,correct->NB,68.75,52.63157894736843
tic-tac-toe,0,3,soft->DT,72.91666666666667,61.67076167076168
tic-tac-toe,0,3,correct->DT,73.95833333333333,63.718820861678
tic-tac-toe,0,3,committee->DT,78.125,70.41819515774029
tic-tac-toe,0,4,baseline->NB,75.0,69.08212560386472
tic-tac-toe,0,4,soft->NB,75.0,69.08212560386472
tic-tac-toe,0,4,attr->NB,75.0,69.08212560386472
tic-tac-toe,0,4,softattr->NB,76.04166666666667,70.02850549748881
tic-tac-toe,0,4,correct->NB,75.0,64.61916461916462
tic-tac-toe,0,4,soft->DT,85.41666666666667,81.96457326892109
tic-tac-toe,0,4,correct->DT,80.20833333333333,74.63496036712559
tic-tac-toe,0,4,committee->DT,80.20833333333333,74.63496036712559
tic-tac-toe,0,5,baseline->NB,69.79166666666667,61.284939507717986
tic-tac-toe,0,5,soft->NB,69.79166666666667,59.148936170212764
tic-tac-toe,0,5,attr->NB,68.75,60.43956043956044
tic-tac-toe,0,5,softattr->NB,68.75,60.43956043956044
tic-tac-toe,0,5,correct->NB,73.95833333333333,61.23404942658699
tic-tac-toe,0,5,soft->DT,78.125,71.96495619524406
tic-tac-toe,0,5,correct->DT,75.0,63.42857142857143
tic-tac-toe,0,5,committee->DT,78.125,69.52380952380952
tic-tac-toe,0,6,baseline->NB,73.95833333333333,69.4150630814324
tic-tac-toe,0,6,soft->NB,76.04166666666667,70.69674850696748
tic-tac-toe,0,6,attr->NB,73.95833333333333,68.1486396814864
tic-tac-toe,0,6,softattr->NB,73.95833333333333,68.1486396814864
tic-tac-toe,0,6,correct->NB,79.16666666666667,72.22222222222223
tic-tac-toe,0,6,soft->DT,80.20833333333333,76.2962962962963
tic-tac-toe,0,6,correct->DT,83.33333333333333,79.38808373590982
tic-tac-toe,0,6,committee->DT,84.375,80.88918380889186
tic-tac-toe,0,7,baseline->NB,64.58333333333333,61.29032258064516
tic-tac-toe,0,7,soft->NB,65.625,61.62325863113265
tic-tac-toe,0,7,attr->NB,62.5,59.01328273244783
tic-tac-toe,0,7,softattr->NB,65.625,61.62325863113265
tic-tac-toe,0,7,correct->NB,68.75,60.439560439560445
tic-tac-toe,0,7,soft->DT,79.16666666666667,75.29593412249099
tic-tac-toe,0,7,correct->DT,76.04166666666667,71.8618580349178
tic-tac-toe,0,7,committee->DT,76.04166666666667,72.36891502940809
tic-tac-toe,0,8,baseline->NB,67.36842105263158,60.336700336700346
tic-tac-toe,0,8,soft->NB,64.21052631578948,54.988851727982166
tic-tac-toe,0,8,attr->NB,68.42105263157895,60.28428093645485
tic-tac-toe,0,8,softattr->NB,67.36842105263158,58.456764000564256
tic-tac-toe,0,8,correct->NB,68.42105263157895,52.5
tic-tac-toe,0,8,soft->DT,77.89473684210526,71.12462006079028
tic-tac-toe,0,8,correct->DT,74.73684210526316,65.57971014492753
tic-tac-toe,0,8,committee->DT,78.94736842105263,71.31642512077295
tic-tac-toe,0,9,baseline->NB,74.73684210526316,70.76923076923076
tic-tac-toe,0,9,soft->NB,76.84210526315789,72.70114942528735
tic-tac-toe,0,9,attr->NB,73.6842105263158,69.27157458920948
tic-tac-toe,0,9,softattr->NB,74.73684210526316,70.21943573667711
tic-tac-toe,0,9,correct->NB,74.73684210526316,65.57971014492753
tic-tac-toe,0,9,soft->DT,85.26315789473684,81.4659977703456
tic-tac-toe,0,9,correct->DT,81.05263157894737,74.91197183098592
tic-tac-toe,0,9,committee->DT,82.10526315789474,76.62469243016355
tic-tac-toe,1,0,baseline->NB,69.79166666666667,63.05242203052423
tic-tac-toe,1,0,soft->NB,69.79166666666667,63.05242203052423
tic-tac-toe,1,0,attr->NB,68.75,62.18487394957983
tic-tac-toe,1,0,softattr->NB,68.75,62.18487394957983
tic-tac-toe,1,0,correct->NB,73.95833333333333,63.718820861678
tic-tac-toe,1,0,soft->DT,80.20833333333333,74.63496036712559
tic-tac-toe,1,0,correct->DT,78.125,71.22877122877122
tic-tac-toe,1,0,committee->DT,80.20833333333333,75.24093932401247
tic-tac-toe,1,1,baseline->NB,67.70833333333333,63.3813215208564
tic-tac-toe,1,1,soft->NB,68.75,63.63636363636363
tic-tac-toe,1,1,attr->NB,67.70833333333333,63.3813215208564
tic-tac-toe,1,1,softattr->NB,67.70833333333333,62.75810286572394
tic-tac-toe,1,1,correct->NB,70.83333333333333,61.111111111111114
tic-tac-toe,1,1,soft->DT,82.29166666666667,77.30496453900709
tic-tac-toe,1,1,correct->DT,76.04166666666667,70.02850549748881
tic-tac-toe,1,1,committee->DT,81.25,76.26373626373626
tic-tac-toe,1,2,baseline->NB,67.70833333333333,60.504313205043125
tic-tac-toe,1,2,soft->NB,66.66666666666667,56.732394366197184
tic-tac-toe,1,2,attr->NB,69.79166666666667,63.05242203052423
tic-tac-toe,1,2,softattr->NB,68.75,60.43956043956044
tic-tac-toe,1,2,correct->NB,69.79166666666667,51.4559721011334
tic-tac-toe,1,2,soft->DT,80.20833333333333,73.96888825460253
tic-tac-toe,1,2,correct->DT,80.20833333333333,73.23550990462215
tic-tac-toe,1,2,committee->DT,82.29166666666667,76.70900528043386
tic-tac-toe,1,3,baseline->NB,71.875,64.81607167096512
tic-tac-toe,1,3,soft->NB,72.91666666666667,64.84507042253522
tic-tac-toe,1,3,attr->NB,72.91666666666667,63.888888888888886
tic-tac-toe,1,3,softattr->NB,72.91666666666667,63.888888888888886
tic-tac-toe,1,3,correct->NB,71.875,58.13277338071394
tic-tac-toe,1,3,soft->DT,83.33333333333333,78.36619718309859
tic-tac-toe,1,3,correct->DT,81.25,76.26373626373626
tic-tac-toe,1,3,committee->DT,85.41666666666667,81.53846153846153
tic-tac-toe,1,4,baseline->NB,70.83333333333333,63.929146537842186
tic-tac-toe,1,4,soft->NB,68.75,60.43956043956044
tic-tac-toe,1,4,attr->NB,71.875,64.81607167096512
tic-tac-toe,1,4,softattr->NB,70.83333333333333,63.07692307692307
tic-tac-toe,1,4,correct->NB,76.04166666666667,66.62131519274375
tic-tac-toe,1,4,soft->DT,84.375,80.88918380889184
tic-tac-toe,1,4,correct->DT,80.20833333333333,73.23550990462215
tic-tac-toe,1,4,committee->DT,81.25,76.26373626373626
tic-tac-toe,1,5,baseline->NB,72.91666666666667,66.50563607085347
tic-tac-toe,1,5,soft->NB,72.91666666666667,66.50563607085347
tic-tac-toe,1,5,attr->NB,71.875,63.954943679599495
tic-tac-toe,1,5,softattr->NB,71.875,63.954943679599495
tic-tac-toe,1,5,correct->NB,77.08333333333333,68.55270994639666
tic-tac-toe,1,5,soft->DT,78.125,71.96495619524406
tic-tac-toe,1,5,correct->DT,79.16666666666667,73.62637362637363
tic-tac-toe,1,5,committee->DT,79.16666666666667,73.62637362637363
tic-tac-toe,1,6,baseline->NB,69.79166666666667,65.7438169066076
tic-tac-toe,1,6,soft->NB,72.91666666666667,68.48484848484848
tic-tac-toe,1,6,attr->NB,70.83333333333333,66.06060606060606
tic-tac-toe,1,6,softattr->NB,70.83333333333333,66.06060606060606
tic-tac-toe,1,6,correct->NB,78.125,71.96495619524406
tic-tac-toe,1,6,soft->DT,81.25,76.81159420289856
tic-tac-toe,1,6,correct->DT,78.125,72.63472241075064
tic-tac-toe,1,6,committee->DT,83.33333333333333,79.38808373590982
tic-tac-toe,1,7,baseline->NB,68.75,61.352657004830924
tic-tac-toe,1,7,soft->NB,69.79166666666667,62.20985475770326
tic-tac-toe,1,7,attr->NB,71.875,63.954943679599495
tic-tac-toe,1,7,softattr->NB,69.79166666666667,61.284939507717986
tic-tac-toe,1,7,correct->NB,72.91666666666667,61.67076167076168
tic-tac-toe,1,7,soft->DT,76.04166666666667,66.62131519274377
tic-tac-toe,1,7,correct->DT,75.0,64.61916461916462
tic-tac-toe,1,7,committee->DT,71.875,63.00842015127729
tic-tac-toe,1,8,baseline->NB,67.36842105263158,61.89675249061975
tic-tac-toe,1,8,soft->NB,67.36842105263158,61.89675249061975
tic-tac-toe,1,8,attr->NB,69.47368421052632,62.89562289562289
tic-tac-toe,1,8,softattr->NB,68.42105263157895,61.192810457516345
tic-tac-toe,1,8,correct->NB,71.57894736842105,59.420977693402946
tic-tac-toe,1,8,soft->DT,80.0,74.53801664550713
tic-tac-toe,1,8,correct->DT,76.84210526315789,67.46575342465754
tic-tac-toe,1,8,committee->DT,80.0,73.14387739919654
tic-tac-toe,1,9,baseline->NB,68.42105263157895,64.65773809523809
tic-tac-toe,1,9,soft->NB,73.6842105263158,69.27157458920948
tic-tac-toe,1,9,attr->NB,71.57894736842105,67.40373617994663
tic-tac-toe,1,9,softattr->NB,71.57894736842105,67.40373617994663
tic-tac-toe,1,9,correct->NB,77.89473684210526,71.12462006079028
tic-tac-toe,1,9,soft->DT,84.21052631578948,80.8080808080808
tic-tac-toe,1,9,correct->DT,75.78947368421052,69.90772620851122
tic-tac-toe,1,9,committee->DT,77.89473684210526,73.13131313131314
tic-tac-toe,2,0,baseline->NB,69.79166666666667,65.7438169066076
tic-tac-toe,2,0,soft->NB,69.79166666666667,64.52147317446158
tic-tac-toe,2,0,attr->NB,66.66666666666667,61.88585607940447
tic-tac-toe,2,0,softattr->NB,68.75,63.63636363636363
tic-tac-toe,2,0,correct->NB,72.91666666666667,63.888888888888886
tic-tac-toe,2,0,soft->DT,80.20833333333333,75.24093932401247
tic-tac-toe,2,0,correct->DT,82.29166666666667,76.70900528043386
tic-tac-toe,2,0,committee->DT,81.25,76.81159420289853
tic-tac-toe,2,1,baseline->NB,65.625,57.95620437956204
tic-tac-toe,2,1,soft->NB,67.70833333333333,59.60363784444142
tic-tac-toe,2,1,attr->NB,70.83333333333333,62.140845070422536
tic-tac-toe,2,1,softattr->NB,69.79166666666667,60.268303125445975
tic-tac-toe,2,1,correct->NB,71.875,58.13277338071394
tic-tac-toe,2,1,soft->DT,79.16666666666667,72.22222222222221
tic-tac-toe,2,1,correct->DT,75.0,67.54929577464787
tic-tac-toe,2,1,committee->DT,73.95833333333333,65.7485371771086
tic-tac-toe,2,2,baseline->NB,69.79166666666667,63.05242203052423
tic-tac-toe,2,2,soft->NB,69.79166666666667,62.20985475770326
tic-tac-toe,2,2,attr->NB,65.625,56.99742093117959
tic-tac-toe,2,2,softattr->NB,67.70833333333333,58.61493533583646
tic-tac-toe,2,2,correct->NB,75.0,65.69386539606909
tic-tac-toe,2,2,soft->DT,73.95833333333333,66.62494785148101
tic-tac-toe,2,2,correct->DT,75.0,69.08212560386472
tic-tac-toe,2,2,committee->DT,76.04166666666667,71.8618580349178
tic-tac-toe,2,3,baseline->NB,68.75,62.18487394957983
tic-tac-toe,2,3,soft->NB,70.83333333333333,63.07692307692307
tic-tac-toe,2,3,attr->NB,69.79166666666667,63.05242203052423
tic-tac-toe,2,3,softattr->NB,72.91666666666667,65.71428571428571
tic-tac-toe,2,3,correct->NB,75.0,64.61916461916462
tic-tac-toe,2,3,soft->DT,82.29166666666667,77.30496453900709
tic-tac-toe,2,3,correct->DT,72.91666666666667,62.83502084574152
tic-tac-toe,2,3,committee->DT,73.95833333333333,64.78356566397652
tic-tac-toe,2,4,baseline->NB,68.75,64.84375
tic-tac-toe,2,4,soft->NB,70.83333333333333,66.06060606060606
tic-tac-toe,2,4,attr->NB,65.625,61.62325863113265
tic-tac-toe,2,4,softattr->NB,66.66666666666667,62.5
tic-tac-toe,2,4,correct->NB,78.125,71.22877122877122
tic-tac-toe,2,4,soft->DT,79.16666666666667,74.78991596638656
tic-tac-toe,2,4,correct->DT,79.16666666666667,74.23510466988728
tic-tac-toe,2,4,committee->DT,79.16666666666667,74.23510466988728
tic-tac-toe,2,5,baseline->NB,76.04166666666667,70.02850549748881
tic-tac-toe,2,5,soft->NB,75.0,69.08212560386472
tic-tac-toe,2,5,attr->NB,76.04166666666667,70.6967485069675
tic-tac-toe,2,5,softattr->NB,75.0,69.08212560386472
tic-tac-toe,2,5,correct->NB,76.04166666666667,66.62131519274375
tic-tac-toe,2,5,soft->DT,79.16666666666667,74.78991596638656
tic-tac-toe,2,5,correct->DT,82.29166666666667,76.70900528043386
tic-tac-toe,2,5,committee->DT,79.16666666666667,73.62637362637363
tic-tac-toe,2,6,baseline->NB,70.83333333333333,63.92914653784219
tic-tac-toe,2,6,soft->NB,70.83333333333333,63.07692307692307
tic-tac-toe,2,6,attr->NB,71.875,64.81607167096512
tic-tac-toe,2,6,softattr->NB,70.83333333333333,63.07692307692307
tic-tac-toe,2,6,correct->NB,72.91666666666667,61.67076167076168
tic-tac-toe,2,6,soft->DT,81.25,76.81159420289856
tic-tac-toe,2,6,correct->DT,80.20833333333333,73.96888825460255
tic-tac-toe,2,6,committee->DT,78.125,71.96495619524406
tic-tac-toe,2,7,baseline->NB,69.79166666666667,63.05242203052423
tic-tac-toe,2,7,soft->NB,70.83333333333333,63.92914653784219
tic-tac-toe,2,7,attr->NB,70.83333333333333,64.70588235294117
tic-tac-toe,2,7,softattr->NB,69.79166666666667,62.20985475770326
tic-tac-toe,2,7,correct->NB,67.70833333333333,53.550803808334635
tic-tac-toe,2,7,soft->DT,76.04166666666667,69.29495202336253
tic-tac-toe,2,7,correct->DT,75.0,67.54929577464789
tic-tac-toe,2,7,committee->DT,75.0,69.08212560386472
tic-tac-toe,2,8,baseline->NB,70.52631578947368,66.48185483870968
tic-tac-toe,2,8,soft->NB,73.6842105263158,69.27157458920948
tic-tac-toe,2,8,attr->NB,76.84210526315789,72.70114942528735
tic-tac-toe,2,8,softattr->NB,75.78947368421052,70.57239057239057
tic-tac-toe,2,8,correct->NB,75.78947368421052,67.48995685165897
tic-tac-toe,2,8,soft->DT,83.15789473684211,78.81828316610925
tic-tac-toe,2,8,correct->DT,82.10526315789474,77.21822541966428
tic-tac-toe,2,8,committee->DT,82.10526315789474,77.7578845888996
tic-tac-toe,2,9,baseline->NB,66.3157894736842,56.571428571428584
tic-tac-toe,2,9,soft->NB,64.21052631578948,52.61150234741784
tic-tac-toe,2,9,attr->NB,66.3157894736842,56.571428571428584
tic-tac-toe,2,9,softattr->NB,63.1578947368421,50.52819520904627
tic-tac-toe,2,9,correct->NB,70.52631578947368,55.666666666666664
tic-tac-toe,2,9,soft->DT,82.10526315789474,76.62469243016355
tic-tac-toe,2,9,correct->DT,71.57894736842105,62.87451150673034
tic-tac-toe,2,9,committee->DT,74.73684210526316,68.22742474916387
tic-tac-toe,3,0,baseline->NB,76.04166666666667,70.6967485069675
tic-tac-toe,3,0,soft->NB,77.08333333333333,71.65861513687601
tic-tac-toe,3,0,attr->NB,76.04166666666667,70.6967485069675
tic-tac-toe,3,0,softattr->NB,76.04166666666667,70.02850549748881
tic-tac-toe,3,0,correct->NB,77.08333333333333,69.44444444444444
tic-tac-toe,3,0,soft->DT,80.20833333333333,75.24093932401247
tic-tac-toe,3,0,correct->DT,80.20833333333333,73.23550990462215
tic-tac-toe,3,0,committee->DT,83.33333333333333,78.9010989010989
tic-tac-toe,3,1,baseline->NB,64.58333333333333,60.156249999999986
tic-tac-toe,3,1,soft->NB,66.66666666666667,61.88585607940447
tic-tac-toe,3,1,attr->NB,66.66666666666667,61.88585607940447
tic-tac-toe,3,1,softattr->NB,65.625,60.3553998248029
tic-tac-toe,3,1,correct->NB,75.0,66.66666666666667
tic-tac-toe,3,1,soft->DT,76.04166666666667,70.6967485069675
tic-tac-toe,3,1,correct->DT,77.08333333333333,72.8255275347401
tic-tac-toe,3,1,committee->DT,77.08333333333333,73.79652605459057
tic-tac-toe,3,2,baseline->NB,70.83333333333333,64.70588235294117
tic-tac-toe,3,2,soft->NB,71.875,63.954943679599495
tic-tac-toe,3,2,attr->NB,75.0,69.08212560386472
tic-tac-toe,3,2,softattr->NB,72.91666666666667,65.71428571428571
tic-tac-toe,3,2,correct->NB,73.95833333333333,61.23404942658699
tic-tac-toe,3,2,soft->DT,80.20833333333333,73.96888825460253
tic-tac-toe,3,2,correct->DT,77.08333333333333,67.56756756756756
tic-tac-toe,3,2,committee->DT,76.04166666666667,66.62131519274375
tic-tac-toe,3,3,baseline->NB,70.83333333333333,64.70588235294117
tic-tac-toe,3,3,soft->NB,69.79166666666667,63.05242203052423
tic-tac-toe,3,3,attr->NB,70.83333333333333,64.70588235294117
tic-tac-toe,3,3,softattr->NB,71.875,64.81607167096512
tic-tac-toe,3,3,correct->NB,73.95833333333333,62.54097081317309
tic-tac-toe,3,3,soft->DT,78.125,73.24485733244856
tic-tac-toe,3,3,correct->DT,77.08333333333333,70.98901098901099
tic-tac-toe,3,3,committee->DT,75.0,69.74789915966386
tic-tac-toe,3,4,baseline->NB,65.625,60.3553998248029
tic-tac-toe,3,4,soft->NB,65.625,60.3553998248029
tic-tac-toe,3,4,attr->NB,66.66666666666667,61.88585607940447
tic-tac-toe,3,4,softattr->NB,64.58333333333333,58.003088008234684
tic-tac-toe,3,4,correct->NB,73.95833333333333,64.78356566397652
tic-tac-toe,3,4,soft->DT,83.33333333333333,79.83193277310924
tic-tac-toe,3,4,correct->DT,81.25,76.26373626373626
tic-tac-toe,3,4,committee->DT,84.375,81.28654970760235
tic-tac-toe,3,5,baseline->NB,64.58333333333333,56.19967793880838
tic-tac-toe,3,5,soft->NB,65.625,56.99742093117959
tic-tac-toe,3,5,attr->NB,67.70833333333333,58.61493533583646
tic-tac-toe,3,5,softattr->NB,66.66666666666667,56.732394366197184
tic-tac-toe,3,5,correct->NB,72.91666666666667,61.67076167076168
tic-tac-toe,3,5,soft->DT,76.04166666666667,66.62131519274375
tic-tac-toe,3,5,correct->DT,76.04166666666667,67.60088041085841
tic-tac-toe,3,5,committee->DT,73.95833333333333,65.7485371771086
tic-tac-toe,3,6,baseline->NB,72.91666666666667,67.22689075630252
tic-tac-toe,3,6,soft->NB,69.79166666666667,62.20985475770326
tic-tac-toe,3,6,attr->NB,76.04166666666667,69.29495202336253
tic-tac-toe,3,6,softattr->NB,71.875,61.96625091709465
tic-tac-toe,3,6,correct->NB,69.79166666666667,56.54752614328079
tic-tac-toe,3,6,soft->DT,79.16666666666667,72.95774647887323
tic-tac-toe,3,6,correct->DT,77.08333333333333,69.44444444444444
tic-tac-toe,3,6,committee->DT,78.125,71.22877122877122
tic-tac-toe,3,7,baseline->NB,75.0,70.35512094698919
tic-tac-toe,3,7,soft->NB,72.91666666666667,66.50563607085346
tic-tac-toe,3,7,attr->NB,75.0,70.9090909090909
tic-tac-toe,3,7,softattr->NB,73.95833333333333,68.81091617933723
tic-tac-toe,3,7,correct->NB,69.79166666666667,57.91383219954649
tic-tac-toe,3,7,soft->DT,82.29166666666667,77.30496453900709
tic-tac-toe,3,7,correct->DT,79.16666666666667,72.22222222222223
tic-tac-toe,3,7,committee->DT,79.16666666666667,73.62637362637363
tic-tac-toe,3,8,baseline->NB,76.84210526315789,72.14818763326225
tic-tac-toe,3,8,soft->NB,76.84210526315789,71.54139433551198
tic-tac-toe,3,8,attr->NB,78.94736842105263,74.12854030501089
tic-tac-toe,3,8,softattr->NB,80.0,75.14116512877014
tic-tac-toe,3,8,correct->NB,77.89473684210526,69.42528735632183
tic-tac-toe,3,8,soft->DT,82.10526315789474,77.7578845888996
tic-tac-toe,3,8,correct->DT,83.15789473684211,78.81828316610925
tic-tac-toe,3,8,committee->DT,82.10526315789474,77.7578845888996
tic-tac-toe,3,9,baseline->NB,66.3157894736842,56.571428571428584
tic-tac-toe,3,9,soft->NB,68.42105263157895,58.18661971830986
tic-tac-toe,3,9,attr->NB,66.3157894736842,56.571428571428584
tic-tac-toe,3,9,softattr->NB,67.36842105263158,57.37443913735707
tic-tac-toe,3,9,correct->NB,68.42105263157895,50.65789473684211
tic-tac-toe,3,9,soft->DT,76.84210526315789,69.3368544600939
tic-tac-toe,3,9,correct->DT,76.84210526315789,67.46575342465754
tic-tac-toe,3,9,committee->DT,77.89473684210526,69.42528735632183
tic-tac-toe,4,0,baseline->NB,64.58333333333333,58.78787878787879
tic-tac-toe,4,0,soft->NB,66.66666666666667,60.473494595985585
tic-tac-toe,4,0,attr->NB,65.625,57.95620437956204
tic-tac-toe,4,0,softattr->NB,64.58333333333333,56.19967793880838
tic-tac-toe,4,0,correct->NB,70.83333333333333,57.333333333333336
tic-tac-toe,4,0,soft->DT,80.20833333333333,76.29629629629629
tic-tac-toe,4,0,correct->DT,80.20833333333333,74.63496036712559
tic-tac-toe,4,0,committee->DT,83.33333333333333,78.9010989010989
tic-tac-toe,4,1,baseline->NB,73.95833333333333,68.1486396814864
tic-tac-toe,4,1,soft->NB,70.83333333333333,63.07692307692307
tic-tac-toe,4,1,attr->NB,71.875,65.6005308560053
tic-tac-toe,4,1,softattr->NB,69.79166666666667,61.284939507717986
tic-tac-toe,4,1,correct->NB,70.83333333333333,57.333333333333336
tic-tac-toe,4,1,soft->DT,80.20833333333333,73.96888825460253
tic-tac-toe,4,1,correct->DT,80.20833333333333,73.23550990462215
tic-tac-toe,4,1,committee->DT,80.20833333333333,73.23550990462215
tic-tac-toe,4,2,baseline->NB,68.75,62.18487394957983
tic-tac-toe,4,2,soft->NB,66.66666666666667,57.802197802197796
tic-tac-toe,4,2,attr->NB,67.70833333333333,60.504313205043125
tic-tac-toe,4,2,softattr->NB,66.66666666666667,58.77616747181964
tic-tac-toe,4,2,correct->NB,70.83333333333333,58.722358722358734
tic-tac-toe,4,2,soft->DT,73.95833333333333,65.7485371771086
tic-tac-toe,4,2,correct->DT,76.04166666666667,68.4886542029399
tic-tac-toe,4,2,committee->DT,76.04166666666667,70.02850549748881
tic-tac-toe,4,3,baseline->NB,70.83333333333333,66.6501240694789
tic-tac-toe,4,3,soft->NB,72.91666666666667,68.48484848484848
tic-tac-toe,4,3,attr->NB,70.83333333333333,66.6501240694789
tic-tac-toe,4,3,softattr->NB,71.875,67.56350894756599
tic-tac-toe,4,3,correct->NB,77.08333333333333,69.44444444444444
tic-tac-toe,4,3,soft->DT,83.33333333333333,78.36619718309859
tic-tac-toe,4,3,correct->DT,80.20833333333333,73.23550990462215
tic-tac-toe,4,3,committee->DT,82.29166666666667,76.70900528043386
tic-tac-toe,4,4,baseline->NB,68.75,62.18487394957983
tic-tac-toe,4,4,soft->NB,69.79166666666667,62.20985475770326
tic-tac-toe,4,4,attr->NB,72.91666666666667,66.50563607085347
tic-tac-toe,4,4,softattr->NB,71.875,64.81607167096512
tic-tac-toe,4,4,correct->NB,70.83333333333333,55.78947368421052
tic-tac-toe,4,4,soft->DT,80.20833333333333,76.29629629629629
tic-tac-toe,4,4,correct->DT,78.125,71.96495619524406
tic-tac-toe,4,4,committee->DT,78.125,72.63472241075064
tic-tac-toe,4,5,baseline->NB,69.79166666666667,64.52147317446158
tic-tac-toe,4,5,soft->NB,70.83333333333333,64.70588235294117
tic-tac-toe,4,5,attr->NB,69.79166666666667,63.05242203052423
tic-tac-toe,4,5,softattr->NB,70.83333333333333,63.929146537842186
tic-tac-toe,4,5,correct->NB,75.0,65.69386539606909
tic-tac-toe,4,5,soft->DT,79.16666666666667,74.23510466988728
tic-tac-toe,4,5,correct->DT,78.125,72.63472241075064
tic-tac-toe,4,5,committee->DT,77.08333333333333,71.65861513687601
tic-tac-toe,4,6,baseline->NB,70.83333333333333,63.92914653784219
tic-tac-toe,4,6,soft->NB,70.83333333333333,63.07692307692307
tic-tac-toe,4,6,attr->NB,67.70833333333333,61.32553606237817
tic-tac-toe,4,6,softattr->NB,68.75,62.18487394957983
tic-tac-toe,4,6,correct->NB,70.83333333333333,57.33333333333333
tic-tac-toe,4,6,soft->DT,77.08333333333333,69.44444444444444
tic-tac-toe,4,6,correct->DT,78.125,71.22877122877122
tic-tac-toe,4,6,committee->DT,77.08333333333333,70.98901098901099
tic-tac-toe,4,7,baseline->NB,68.75,60.439560439560445
tic-tac-toe,4,7,soft->NB,67.70833333333333,58.61493533583646
tic-tac-toe,4,7,attr->NB,69.79166666666667,60.268303125445975
tic-tac-toe,4,7,softattr->NB,69.79166666666667,60.268303125445975
tic-tac-toe,4,7,correct->NB,68.75,52.63157894736843
tic-tac-toe,4,7,soft->DT,75.0,68.35164835164835
tic-tac-toe,4,7,correct->DT,77.08333333333333,68.55270994639666
tic-tac-toe,4,7,committee->DT,76.04166666666667,68.48865420293993
tic-tac-toe,4,8,baseline->NB,65.26315789473684,62.450592885375485
tic-tac-toe,4,8,soft->NB,68.42105263157895,64.65773809523809
tic-tac-toe,4,8,attr->NB,69.47368421052632,66.0923076923077
tic-tac-toe,4,8,softattr->NB,69.47368421052632,66.0923076923077
tic-tac-toe,4,8,correct->NB,75.78947368421052,69.17759909719283
tic-tac-toe,4,8,soft->DT,81.05263157894737,78.45262096774192
tic-tac-toe,4,8,correct->DT,78.94736842105263,75.1828631138976
tic-tac-toe,4,8,committee->DT,80.0,77.0618884229254
tic-tac-toe,4,9,baseline->NB,73.6842105263158,66.49739032303569
tic-tac-toe,4,9,soft->NB,73.6842105263158,66.49739032303569
tic-tac-toe,4,9,attr->NB,76.84210526315789,70.14285714285714
tic-tac-toe,4,9,softattr->NB,76.84210526315789,69.3368544600939
tic-tac-toe,4,9,correct->NB,74.73684210526316,63.32046332046332
tic-tac-toe,4,9,soft->DT,75.78947368421052,66.51340996168582
tic-tac-toe,4,9,correct->DT,73.6842105263158,61.122933376984776
tic-tac-toe,4,9,committee->DT,76.84210526315789,68.44806763285025
tic-tac-toe,5,0,baseline->NB,77.08333333333333,72.8255275347401
tic-tac-toe,5,0,soft->NB,75.0,69.08212560386472
tic-tac-toe,5,0,attr->NB,79.16666666666667,75.29593412249099
tic-tac-toe,5,0,softattr->NB,75.0,68.35164835164835
tic-tac-toe,5,0,correct->NB,75.0,64.61916461916462
tic-tac-toe,5,0,soft->DT,81.25,76.81159420289853
tic-tac-toe,5,0,correct->DT,81.25,75.0
tic-tac-toe,5,0,committee->DT,80.20833333333333,75.79296615792967
tic-tac-toe,5,1,baseline->NB,76.04166666666667,71.30604288499025
tic-tac-toe,5,1,soft->NB,76.04166666666667,70.6967485069675
tic-tac-toe,5,1,attr->NB,73.95833333333333,68.1486396814864
tic-tac-toe,5,1,softattr->NB,72.91666666666667,66.50563607085347
tic-tac-toe,5,1,correct->NB,78.125,71.22877122877122
tic-tac-toe,5,1,soft->DT,78.125,73.80116959064327
tic-tac-toe,5,1,correct->DT,81.25,75.6619718309859
tic-tac-toe,5,1,committee->DT,78.125,73.24485733244856
tic-tac-toe,5,2,baseline->NB,62.5,54.6218487394958
tic-tac-toe,5,2,soft->NB,64.58333333333333,56.19967793880838
tic-tac-toe,5,2,attr->NB,67.70833333333333,57.528186099614665
tic-tac-toe,5,2,softattr->NB,68.75,58.333333333333336
tic-tac-toe,5,2,correct->NB,69.79166666666667,55.03149733484089
tic-tac-toe,5,2,soft->DT,80.20833333333333,74.63496036712559
tic-tac-toe,5,2,correct->DT,75.0,66.66666666666667
tic-tac-toe,5,2,committee->DT,79.16666666666667,72.95774647887325
tic-tac-toe,5,3,baseline->NB,68.75,61.352657004830924
tic-tac-toe,5,3,soft->NB,70.83333333333333,63.07692307692307
tic-tac-toe,5,3,attr->NB,69.79166666666667,63.05242203052423
tic-tac-toe,5,3,softattr->NB,68.75,61.352657004830924
tic-tac-toe,5,3,correct->NB,72.91666666666667,60.38095238095238
tic-tac-toe,5,3,soft->DT,81.25,75.6619718309859
tic-tac-toe,5,3,correct->DT,79.16666666666667,72.22222222222221
tic-tac-toe,5,3,committee->DT,82.29166666666667,77.84715623727433
tic-tac-toe,5,4,baseline->NB,75.0,69.74789915966386
tic-tac-toe,5,4,soft->NB,75.0,69.08212560386472
tic-tac-toe,5,4,attr->NB,80.20833333333333,74.63496036712559
tic-tac-toe,5,4,softattr->NB,78.125,71.22877122877122
tic-tac-toe,5,4,correct->NB,77.08333333333333,67.56756756756756
tic-tac-toe,5,4,soft->DT,83.33333333333333,78.36619718309859
tic-tac-toe,5,4,correct->DT,80.20833333333333,73.23550990462215
tic-tac-toe,5,4,committee->DT,82.29166666666667,76.70900528043386
tic-tac-toe,5,5,baseline->NB,75.0,70.9090909090909
tic-tac-toe,5,5,soft->NB,73.95833333333333,68.81091617933723
tic-tac-toe,5,5,attr->NB,71.875,67.56350894756599
tic-tac-toe,5,5,softattr->NB,73.95833333333333,69.4150630814324
tic-tac-toe,5,5,correct->NB,77.08333333333333,68.55270994639666
tic-tac-toe,5,5,soft->DT,84.375,80.88918380889184
tic-tac-toe,5,5,correct->DT,82.29166666666667,78.34107498341075
tic-tac-toe,5,5,committee->DT,86.45833333333333,84.09583280234484
tic-tac-toe,5,6,baseline->NB,62.5,54.621848739495796
tic-tac-toe,5,6,soft->NB,65.625,56.99742093117959
tic-tac-toe,5,6,attr->NB,64.58333333333333,56.19967793880838
tic-tac-toe,5,6,softattr->NB,65.625,55.94493116395495
tic-tac-toe,5,6,correct->NB,72.91666666666667,61.67076167076168
tic-tac-toe,5,6,soft->DT,73.95833333333333,65.7485371771086
tic-tac-toe,5,6,correct->DT,76.04166666666667,68.48865420293993
tic-tac-toe,5,6,committee->DT,75.0,67.54929577464789
tic-tac-toe,5,7,baseline->NB,62.5,55.532681420483776
tic-tac-toe,5,7,soft->NB,64.58333333333333,56.19967793880838
tic-tac-toe,5,7,attr->NB,64.58333333333333,57.14285714285714
tic-tac-toe,5,7,softattr->NB,65.625,57.95620437956204
tic-tac-toe,5,7,correct->NB,68.75,54.28571428571429
tic-tac-toe,5,7,soft->DT,75.0,67.54929577464789
tic-tac-toe,5,7,correct->DT,75.0,64.61916461916462
tic-tac-toe,5,7,committee->DT,76.04166666666667,66.62131519274377
tic-tac-toe,5,8,baseline->NB,66.3157894736842,59.488272921108745
tic-tac-toe,5,8,soft->NB,66.3157894736842,58.605664488017425
tic-tac-toe,5,8,attr->NB,63.1578947368421,54.20740944773448
tic-tac-toe,5,8,softattr->NB,63.1578947368421,54.20740944773448
tic-tac-toe,5,8,correct->NB,69.47368421052632,60.124475322043715
tic-tac-toe,5,8,soft->DT,72.63157894736842,65.57971014492753
tic-tac-toe,5,8,correct->DT,72.63157894736842,63.76173708920187
tic-tac-toe,5,8,committee->DT,75.78947368421052,69.90772620851122
tic-tac-toe,5,9,baseline->NB,69.47368421052632,65.5668041494813
tic-tac-toe,5,9,soft->NB,73.6842105263158,68.67167919799499
tic-tac-toe,5,9,attr->NB,72.63157894736842,68.33333333333333
tic-tac-toe,5,9,softattr->NB,71.57894736842105,66.81330055634623
tic-tac-toe,5,9,correct->NB,75.78947368421052,67.48995685165897
tic-tac-toe,5,9,soft->DT,77.89473684210526,73.13131313131314
tic-tac-toe,5,9,correct->DT,82.10526315789474,77.21822541966428
tic-tac-toe,5,9,committee->DT,83.15789473684211,79.30283224400871
tic-tac-toe,6,0,baseline->NB,65.625,57.95620437956204
tic-tac-toe,6,0,soft->NB,67.70833333333333,59.60363784444142
tic-tac-toe,6,0,attr->NB,73.95833333333333,67.42228858422696
tic-tac-toe,6,0,softattr->NB,71.875,63.954943679599495
tic-tac-toe,6,0,correct->NB,72.91666666666667,61.67076167076168
tic-tac-toe,6,0,soft->DT,80.20833333333333,74.63496036712559
tic-tac-toe,6,0,correct->DT,75.0,63.42857142857143
tic-tac-toe,6,0,committee->DT,76.04166666666667,66.62131519274375
tic-tac-toe,6,1,baseline->NB,66.66666666666667,61.212121212121204
tic-tac-toe,6,1,soft->NB,69.79166666666667,63.82066276803119
tic-tac-toe,6,1,attr->NB,68.75,62.943901183736486
tic-tac-toe,6,1,softattr->NB,68.75,62.943901183736486
tic-tac-toe,6,1,correct->NB,76.04166666666667,68.4886542029399
tic-tac-toe,6,1,soft->DT,80.20833333333333,76.7554479418886
tic-tac-toe,6,1,correct->DT,82.29166666666667,77.84715623727433
tic-tac-toe,6,1,committee->DT,82.29166666666667,78.79142300194933
tic-tac-toe,6,2,baseline->NB,71.875,65.6005308560053
tic-tac-toe,6,2,soft->NB,72.91666666666667,65.71428571428571
tic-tac-toe,6,2,attr->NB,70.83333333333333,63.07692307692307
tic-tac-toe,6,2,softattr->NB,72.91666666666667,64.84507042253522
tic-tac-toe,6,2,correct->NB,75.0,64.61916461916462
tic-tac-toe,6,2,soft->DT,81.25,75.0
tic-tac-toe,6,2,correct->DT,79.16666666666667,71.41155449672422
tic-tac-toe,6,2,committee->DT,77.08333333333333,70.25352112676056
tic-tac-toe,6,3,baseline->NB,69.79166666666667,63.05242203052423
tic-tac-toe,6,3,soft->NB,71.875,64.81607167096512
tic-tac-toe,6,3,attr->NB,67.70833333333333,61.32553606237816
tic-tac-toe,6,3,softattr->NB,67.70833333333333,61.32553606237816
tic-tac-toe,6,3,correct->NB,73.95833333333333,64.78356566397652
tic-tac-toe,6,3,soft->DT,76.04166666666667,70.6967485069675
tic-tac-toe,6,3,correct->DT,81.25,76.26373626373626
tic-tac-toe,6,3,committee->DT,83.33333333333333,79.38808373590982
tic-tac-toe,6,4,baseline->NB,70.83333333333333,63.929146537842186
tic-tac-toe,6,4,soft->NB,71.875,64.81607167096512
tic-tac-toe,6,4,attr->NB,71.875,64.81607167096512
tic-tac-toe,6,4,softattr->NB,72.91666666666667,65.71428571428571
tic-tac-toe,6,4,correct->NB,75.0,64.61916461916462
tic-tac-toe,6,4,soft->DT,73.95833333333333,62.54097081317309
tic-tac-toe,6,4,correct->DT,77.08333333333333,67.56756756756756
tic-tac-toe,6,4,committee->DT,75.0,66.66666666666667
tic-tac-toe,6,5,baseline->NB,66.66666666666667,59.66386554621849
tic-tac-toe,6,5,soft->NB,64.58333333333333,56.19967793880838
tic-tac-toe,6,5,attr->NB,68.75,61.352657004830924
tic-tac-toe,6,5,softattr->NB,66.66666666666667,57.802197802197796
tic-tac-toe,6,5,correct->NB,70.83333333333333,58.722358722358734
tic-tac-toe,6,5,soft->DT,80.20833333333333,75.24093932401247
tic-tac-toe,6,5,correct->DT,77.08333333333333,69.44444444444444
tic-tac-toe,6,5,committee->DT,81.25,75.6619718309859
tic-tac-toe,6,6,baseline->NB,71.875,68.10631229235882
tic-tac-toe,6,6,soft->NB,73.95833333333333,69.4150630814324
tic-tac-toe,6,6,attr->NB,72.91666666666667,68.48484848484848
tic-tac-toe,6,6,softattr->NB,72.91666666666667,67.88471435923829
tic-tac-toe,6,6,correct->NB,73.95833333333333,63.718820861678005
tic-tac-toe,6,6,soft->DT,82.29166666666667,78.79142300194933
tic-tac-toe,6,6,correct->DT,80.20833333333333,73.96888825460255
tic-tac-toe,6,6,committee->DT,81.25,76.26373626373628
tic-tac-toe,6,7,baseline->NB,68.75,61.352657004830924
tic-tac-toe,6,7,soft->NB,67.70833333333333,59.60363784444144
tic-tac-toe,6,7,attr->NB,69.79166666666667,63.05242203052423
tic-tac-toe,6,7,softattr->NB,67.70833333333333,59.60363784444144
tic-tac-toe,6,7,correct->NB,75.0,65.69386539606909
tic-tac-toe,6,7,soft->DT,81.25,76.26373626373628
tic-tac-toe,6,7,correct->DT,78.125,70.41819515774029
tic-tac-toe,6,7,committee->DT,77.08333333333333,70.25352112676056
tic-tac-toe,6,8,baseline->NB,69.47368421052632,62.05756782812285
tic-tac-toe,6,8,soft->NB,68.42105263157895,59.285714285714285
tic-tac-toe,6,8,attr->NB,71.57894736842105,63.817181548878544
tic-tac-toe,6,8,softattr->NB,69.47368421052632,60.124475322043715
tic-tac-toe,6,8,correct->NB,73.6842105263158,63.601532567049816
tic-tac-toe,6,8,soft->DT,77.89473684210526,71.12462006079028
tic-tac-toe,6,8,correct->DT,74.73684210526316,67.42857142857142
tic-tac-toe,6,8,committee->DT,77.89473684210526,72.5244456686407
tic-tac-toe,6,9,baseline->NB,70.52631578947368,66.48185483870968
tic-tac-toe,6,9,soft->NB,73.6842105263158,69.27157458920948
tic-tac-toe,6,9,attr->NB,72.63157894736842,67.73772204806687
tic-tac-toe,6,9,softattr->NB,72.63157894736842,67.73772204806687
tic-tac-toe,6,9,correct->NB,71.57894736842105,60.689655172413794
tic-tac-toe,6,9,soft->DT,83.15789473684211,80.14629049111808
tic-tac-toe,6,9,correct->DT,82.10526315789474,79.4764264836701
tic-tac-toe,6,9,committee->DT,84.21052631578948,82.18972628421447
tic-tac-toe,7,0,baseline->NB,69.79166666666667,63.05242203052423
tic-tac-toe,7,0,soft->NB,69.79166666666667,61.284939507717986
tic-tac-toe,7,0,attr->NB,68.75,62.18487394957983
tic-tac-toe,7,0,softattr->NB,67.70833333333333,59.60363784444142
tic-tac-toe,7,0,correct->NB,71.875,58.13277338071394
tic-tac-toe,7,0,soft->DT,77.08333333333333,70.98901098901099
tic-tac-toe,7,0,correct->DT,78.125,69.52380952380952
tic-tac-toe,7,0,committee->DT,82.29166666666667,76.70900528043386
tic-tac-toe,7,1,baseline->NB,70.83333333333333,63.929146537842186
tic-tac-toe,7,1,soft->NB,71.875,64.81607167096512
tic-tac-toe,7,1,attr->NB,72.91666666666667,65.71428571428571
tic-tac-toe,7,1,softattr->NB,73.95833333333333,66.62494785148101
tic-tac-toe,7,1,correct->NB,76.04166666666667,66.62131519274375
tic-tac-toe,7,1,soft->DT,79.16666666666667,73.62637362637363
tic-tac-toe,7,1,correct->DT,82.29166666666667,76.70900528043386
tic-tac-toe,7,1,committee->DT,81.25,76.26373626373626
tic-tac-toe,7,2,baseline->NB,65.625,57.95620437956204
tic-tac-toe,7,2,soft->NB,64.58333333333333,55.16483516483517
tic-tac-toe,7,2,attr->NB,65.625,58.830409356725156
tic-tac-toe,7,2,softattr->NB,66.66666666666667,58.77616747181964
tic-tac-toe,7,2,correct->NB,69.79166666666667,56.54752614328078
tic-tac-toe,7,2,soft->DT,68.75,58.333333333333336
tic-tac-toe,7,2,correct->DT,71.875,60.816326530612244
tic-tac-toe,7,2,committee->DT,75.0,68.35164835164835
tic-tac-toe,7,3,baseline->NB,70.83333333333333,64.70588235294117
tic-tac-toe,7,3,soft->NB,72.91666666666667,66.50563607085347
tic-tac-toe,7,3,attr->NB,71.875,64.81607167096512
tic-tac-toe,7,3,softattr->NB,71.875,63.00842015127729
tic-tac-toe,7,3,correct->NB,76.04166666666667,65.53769314811925
tic-tac-toe,7,3,soft->DT,79.16666666666667,73.62637362637363
tic-tac-toe,7,3,correct->DT,80.20833333333333,73.23550990462215
tic-tac-toe,7,3,committee->DT,79.16666666666667,72.22222222222221
tic-tac-toe,7,4,baseline->NB,68.75,63.63636363636363
tic-tac-toe,7,4,soft->NB,69.79166666666667,64.52147317446158
tic-tac-toe,7,4,attr->NB,69.79166666666667,64.52147317446158
tic-tac-toe,7,4,softattr->NB,67.70833333333333,61.32553606237816
tic-tac-toe,7,4,correct->NB,79.16666666666667,72.22222222222221
tic-tac-toe,7,4,soft->DT,76.04166666666667,67.60088041085841
tic-tac-toe,7,4,correct->DT,80.20833333333333,74.63496036712559
tic-tac-toe,7,4,committee->DT,83.33333333333333,79.38808373590982
tic-tac-toe,7,5,baseline->NB,73.95833333333333,69.96621198848705
tic-tac-toe,7,5,soft->NB,77.08333333333333,72.8255275347401
tic-tac-toe,7,5,attr->NB,73.95833333333333,69.96621198848705
tic-tac-toe,7,5,softattr->NB,75.0,70.35512094698919
tic-tac-toe,7,5,correct->NB,77.08333333333333,69.44444444444444
tic-tac-toe,7,5,soft->DT,84.375,80.88918380889184
tic-tac-toe,7,5,correct->DT,82.29166666666667,77.84715623727433
tic-tac-toe,7,5,committee->DT,79.16666666666667,74.23510466988728
tic-tac-toe,7,6,baseline->NB,69.79166666666667,65.16080590664497
tic-tac-toe,7,6,soft->NB,70.83333333333333,64.70588235294117
tic-tac-toe,7,6,attr->NB,71.875,66.96826812794698
tic-tac-toe,7,6,softattr->NB,70.83333333333333,65.4143077714874
tic-tac-toe,7,6,correct->NB,73.95833333333333,63.718820861678005
tic-tac-toe,7,6,soft->DT,81.25,75.6619718309859
tic-tac-toe,7,6,correct->DT,75.0,67.54929577464789
tic-tac-toe,7,6,committee->DT,76.04166666666667,70.02850549748881
tic-tac-toe,7,7,baseline->NB,63.541666666666664,56.33528265107213
tic-tac-toe,7,7,soft->NB,62.5,54.621848739495796
tic-tac-toe,7,7,attr->NB,66.66666666666667,59.66386554621849
tic-tac-toe,7,7,softattr->NB,64.58333333333333,56.19967793880838
tic-tac-toe,7,7,correct->NB,68.75,55.77395577395578
tic-tac-toe,7,7,soft->DT,75.0,66.66666666666667
tic-tac-toe,7,7,correct->DT,75.0,66.66666666666667
tic-tac-toe,7,7,committee->DT,77.08333333333333,70.25352112676056
tic-tac-toe,7,8,baseline->NB,75.78947368421052,69.90772620851122
tic-tac-toe,7,8,soft->NB,76.84210526315789,70.14285714285714
tic-tac-toe,7,8,attr->NB,77.89473684210526,71.85780787134999
tic-tac-toe,7,8,softattr->NB,75.78947368421052,68.37458387610363
tic-tac-toe,7,8,correct->NB,75.78947368421052,65.4326847017877
tic-tac-toe,7,8,soft->DT,78.94736842105263,73.52285395763657
tic-tac-toe,7,8,correct->DT,76.84210526315789,67.46575342465754
tic-tac-toe,7,8,committee->DT,77.89473684210526,70.31691712542776
tic-tac-toe,7,9,baseline->NB,69.47368421052632,62.05756782812285
tic-tac-toe,7,9,soft->NB,70.52631578947368,62.9319955406912
tic-tac-toe,7,9,attr->NB,66.3157894736842,58.605664488017425
tic-tac-toe,7,9,softattr->NB,69.47368421052632,61.1369727747214
tic-tac-toe,7,9,correct->NB,67.36842105263158,49.9915095941586
tic-tac-toe,7,9,soft->DT,76.84210526315789,70.14285714285714
tic-tac-toe,7,9,correct->DT,80.0,73.14387739919654
tic-tac-toe,7,9,committee->DT,80.0,73.87465624547691
tic-tac-toe,8,0,baseline->NB,76.04166666666667,71.30604288499025
tic-tac-toe,8,0,soft->NB,76.04166666666667,71.30604288499025
tic-tac-toe,8,0,attr->NB,77.08333333333333,72.26890756302521
tic-tac-toe,8,0,softattr->NB,76.04166666666667,70.6967485069675
tic-tac-toe,8,0,correct->NB,77.08333333333333,68.55270994639666
tic-tac-toe,8,0,soft->DT,84.375,80.45337315053617
tic-tac-toe,8,0,correct->DT,79.16666666666667,72.95774647887325
tic-tac-toe,8,0,committee->DT,81.25,76.81159420289853
tic-tac-toe,8,1,baseline->NB,71.875,65.6005308560053
tic-tac-toe,8,1,soft->NB,73.95833333333333,67.42228858422696
tic-tac-toe,8,1,attr->NB,71.875,65.6005308560053
tic-tac-toe,8,1,softattr->NB,73.95833333333333,67.42228858422696
tic-tac-toe,8,1,correct->NB,72.91666666666667,60.38095238095238
tic-tac-toe,8,1,soft->DT,85.41666666666667,81.96457326892109
tic-tac-toe,8,1,correct->DT,80.20833333333333,73.96888825460253
tic-tac-toe,8,1,committee->DT,83.33333333333333,78.9010989010989
tic-tac-toe,8,2,baseline->NB,69.79166666666667,65.16080590664498
tic-tac-toe,8,2,soft->NB,69.79166666666667,64.52147317446158
tic-tac-toe,8,2,attr->NB,69.79166666666667,63.05242203052423
tic-tac-toe,8,2,softattr->NB,69.79166666666667,63.05242203052423
tic-tac-toe,8,2,correct->NB,77.08333333333333,68.55270994639666
tic-tac-toe,8,2,soft->DT,80.20833333333333,74.63496036712559
tic-tac-toe,8,2,correct->DT,80.20833333333333,75.24093932401247
tic-tac-toe,8,2,committee->DT,80.20833333333333,75.24093932401247
tic-tac-toe,8,3,baseline->NB,75.0,70.9090909090909
tic-tac-toe,8,3,soft->NB,77.08333333333333,72.26890756302521
tic-tac-toe,8,3,attr->NB,75.0,69.08212560386472
tic-tac-toe,8,3,softattr->NB,72.91666666666667,65.71428571428571
tic-tac-toe,8,3,correct->NB,78.125,70.41819515774029
tic-tac-toe,8,3,soft->DT,83.33333333333333,79.38808373590982
tic-tac-toe,8,3,correct->DT,86.45833333333333,83.43729263437292
tic-tac-toe,8,3,committee->DT,84.375,80.88918380889184
tic-tac-toe,8,4,baseline->NB,64.58333333333333,59.50372208436725
tic-tac-toe,8,4,soft->NB,65.625,59.627883267490766
tic-tac-toe,8,4,attr->NB,63.541666666666664,57.95269678388186
tic-tac-toe,8,4,softattr->NB,64.58333333333333,58.78787878787879
tic-tac-toe,8,4,correct->NB,75.0,65.69386539606909
tic-tac-toe,8,4,soft->DT,77.08333333333333,70.25352112676056
tic-tac-toe,8,4,correct->DT,79.16666666666667,72.95774647887325
tic-tac-toe,8,4,committee->DT,82.29166666666667,77.30496453900709
tic-tac-toe,8,5,baseline->NB,62.5,53.62318840579711
tic-tac-toe,8,5,soft->NB,63.541666666666664,53.27492699207343
tic-tac-toe,8,5,attr->NB,67.70833333333333,57.528186099614665
tic-tac-toe,8,5,softattr->NB,67.70833333333333,57.528186099614665
tic-tac-toe,8,5,correct->NB,69.79166666666667,56.54752614328078
tic-tac-toe,8,5,soft->DT,73.95833333333333,63.718820861678
tic-tac-toe,8,5,correct->DT,75.0,65.69386539606909
tic-tac-toe,8,5,committee->DT,73.95833333333333,63.718820861678
tic-tac-toe,8,6,baseline->NB,66.66666666666667,59.66386554621849
tic-tac-toe,8,6,soft->NB,62.5,52.52747252747252
tic-tac-toe,8,6,attr->NB,69.79166666666667,62.20985475770326
tic-tac-toe,8,6,softattr->NB,67.70833333333333,57.528186099614665
tic-tac-toe,8,6,correct->NB,69.79166666666667,55.03149733484089
tic-tac-toe,8,6,soft->DT,72.91666666666667,63.888888888888886
tic-tac-toe,8,6,correct->DT,78.125,70.41819515774029
tic-tac-toe,8,6,committee->DT,76.04166666666667,67.60088041085841
tic-tac-toe,8,7,baseline->NB,66.66666666666667,58.776167471819655
tic-tac-toe,8,7,soft->NB,67.70833333333333,59.60363784444144
tic-tac-toe,8,7,attr->NB,68.75,60.439560439560445
tic-tac-toe,8,7,softattr->NB,68.75,60.439560439560445
tic-tac-toe,8,7,correct->NB,71.875,60.816326530612244
tic-tac-toe,8,7,soft->DT,78.125,71.22877122877122
tic-tac-toe,8,7,correct->DT,76.04166666666667,67.60088041085841
tic-tac-toe,8,7,committee->DT,77.08333333333333,70.25352112676056
tic-tac-toe,8,8,baseline->NB,70.52631578947368,65.25600835945664
tic-tac-toe,8,8,soft->NB,71.57894736842105,65.45454545454545
tic-tac-toe,8,8,attr->NB,70.52631578947368,65.25600835945664
tic-tac-toe,8,8,softattr->NB,70.52631578947368,64.55223880597015
tic-tac-toe,8,8,correct->NB,72.63157894736842,61.55043586550436
tic-tac-toe,8,8,soft->DT,84.21052631578948,80.37460404902905
tic-tac-toe,8,8,correct->DT,78.94736842105263,72.1244131455399
tic-tac-toe,8,8,committee->DT,80.0,74.53801664550713
tic-tac-toe,8,9,baseline->NB,73.6842105263158,68.67167919799499
tic-tac-toe,8,9,soft->NB,73.6842105263158,67.29100674838176
tic-tac-toe,8,9,attr->NB,72.63157894736842,68.33333333333333
tic-tac-toe,8,9,softattr->NB,71.57894736842105,65.45454545454545
tic-tac-toe,8,9,correct->NB,74.73684210526316,67.42857142857142
tic-tac-toe,8,9,soft->DT,74.73684210526316,67.42857142857142
tic-tac-toe,8,9,correct->DT,74.73684210526316,67.42857142857142
tic-tac-toe,8,9,committee->DT,73.6842105263158,66.49739032303569
tic-tac-toe,9,0,baseline->NB,69.79166666666667,62.20985475770326
tic-tac-toe,9,0,soft->NB,69.79166666666667,61.284939507717986
tic-tac-toe,9,0,attr->NB,69.79166666666667,62.20985475770326
tic-tac-toe,9,0,softattr->NB,68.75,60.43956043956044
tic-tac-toe,9,0,correct->NB,72.91666666666667,62.83502084574152
tic-tac-toe,9,0,soft->DT,77.08333333333333,71.65861513687601
tic-tac-toe,9,0,correct->DT,78.125,70.41819515774029
tic-tac-toe,9,0,committee->DT,76.04166666666667,69.29495202336253
tic-tac-toe,9,1,baseline->NB,69.79166666666667,65.16080590664498
tic-tac-toe,9,1,soft->NB,68.75,63.63636363636363
tic-tac-toe,9,1,attr->NB,68.75,64.2679900744417
tic-tac-toe,9,1,softattr->NB,69.79166666666667,65.16080590664498
tic-tac-toe,9,1,correct->NB,73.95833333333333,64.78356566397652
tic-tac-toe,9,1,soft->DT,76.04166666666667,71.30604288499025
tic-tac-toe,9,1,correct->DT,76.04166666666667,70.6967485069675
tic-tac-toe,9,1,committee->DT,79.16666666666667,75.29593412249099
tic-tac-toe,9,2,baseline->NB,71.875,66.3157894736842
tic-tac-toe,9,2,soft->NB,72.91666666666667,67.22689075630252
tic-tac-toe,9,2,attr->NB,75.0,69.08212560386472
tic-tac-toe,9,2,softattr->NB,76.04166666666667,70.02850549748881
tic-tac-toe,9,2,correct->NB,75.0,63.42857142857143
tic-tac-toe,9,2,soft->DT,84.375,80.88918380889184
tic-tac-toe,9,2,correct->DT,78.125,71.22877122877122
tic-tac-toe,9,2,committee->DT,79.16666666666667,74.23510466988728
tic-tac-toe,9,3,baseline->NB,68.75,64.2679900744417
tic-tac-toe,9,3,soft->NB,67.70833333333333,61.32553606237816
tic-tac-toe,9,3,attr->NB,68.75,63.63636363636363
tic-tac-toe,9,3,softattr->NB,69.79166666666667,64.52147317446158
tic-tac-toe,9,3,correct->NB,69.79166666666667,55.03149733484089
tic-tac-toe,9,3,soft->DT,78.125,72.63472241075064
tic-tac-toe,9,3,correct->DT,75.0,67.54929577464787
tic-tac-toe,9,3,committee->DT,75.0,67.54929577464787
tic-tac-toe,9,4,baseline->NB,70.83333333333333,66.06060606060606
tic-tac-toe,9,4,soft->NB,69.79166666666667,63.05242203052423
tic-tac-toe,9,4,attr->NB,69.79166666666667,63.05242203052423
tic-tac-toe,9,4,softattr->NB,69.79166666666667,63.05242203052423
tic-tac-toe,9,4,correct->NB,75.0,65.69386539606909
tic-tac-toe,9,4,soft->DT,80.20833333333333,76.29629629629629
tic-tac-toe,9,4,correct->DT,80.20833333333333,73.96888825460253
tic-tac-toe,9,4,committee->DT,82.29166666666667,79.20224289537403
tic-tac-toe,9,5,baseline->NB,72.91666666666667,66.50563607085347
tic-tac-toe,9,5,soft->NB,73.95833333333333,66.62494785148101
tic-tac-toe,9,5,attr->NB,73.95833333333333,68.1486396814864
tic-tac-toe,9,5,softattr->NB,72.91666666666667,66.50563607085347
tic-tac-toe,9,5,correct->NB,75.0,64.61916461916462
tic-tac-toe,9,5,soft->DT,85.41666666666667,81.96457326892109
tic-tac-toe,9,5,correct->DT,81.25,75.0
tic-tac-toe,9,5,committee->DT,84.375,79.9749687108886
tic-tac-toe,9,6,baseline->NB,69.79166666666667,62.20985475770326
tic-tac-toe,9,6,soft->NB,69.79166666666667,62.20985475770326
tic-tac-toe,9,6,attr->NB,66.66666666666667,55.55555555555556
tic-tac-toe,9,6,softattr->NB,67.70833333333333,56.331621423330894
tic-tac-toe,9,6,correct->NB,69.79166666666667,55.03149733484089
tic-tac-toe,9,6,soft->DT,78.125,71.22877122877122
tic-tac-toe,9,6,correct->DT,75.0,64.61916461916462
tic-tac-toe,9,6,committee->DT,75.0,65.69386539606909
tic-tac-toe,9,7,baseline->NB,70.83333333333333,66.06060606060606
tic-tac-toe,9,7,soft->NB,70.83333333333333,65.4143077714874
tic-tac-toe,9,7,attr->NB,73.95833333333333,68.1486396814864
tic-tac-toe,9,7,softattr->NB,73.95833333333333,68.1486396814864
tic-tac-toe,9,7,correct->NB,71.875,61.96625091709465
tic-tac-toe,9,7,soft->DT,80.20833333333333,75.79296615792965
tic-tac-toe,9,7,correct->DT,71.875,64.81607167096512
tic-tac-toe,9,7,committee->DT,75.0,68.35164835164835
tic-tac-toe,9,8,baseline->NB,68.42105263157895,62.020255863539454
tic-tac-toe,9,8,soft->NB,69.47368421052632,61.1369727747214
tic-tac-toe,9,8,attr->NB,69.47368421052632,62.89562289562289
tic-tac-toe,9,8,softattr->NB,70.52631578947368,63.77995642701525
tic-tac-toe,9,8,correct->NB,73.6842105263158,62.42683119759531
tic-tac-toe,9,8,soft->DT,80.0,73.87465624547691
tic-tac-toe,9,8,correct->DT,77.89473684210526,71.85780787134999
tic-tac-toe,9,8,committee->DT,80.0,75.14116512877014
tic-tac-toe,9,9,baseline->NB,72.63157894736842,66.36710239651416
tic-tac-toe,9,9,soft->NB,72.63157894736842,66.36710239651416
tic-tac-toe,9,9,attr->NB,70.52631578947368,63.77995642701525
tic-tac-toe,9,9,softattr->NB,72.63157894736842,65.57971014492753
tic-tac-toe,9,9,correct->NB,76.84210526315789,68.44806763285025
tic-tac-toe,9,9,soft->DT,84.21052631578948,79.89843419382142
tic-tac-toe,9,9,correct->DT,77.89473684210526,71.12462006079028
tic-tac-toe,9,9,committee->DT,81.05263157894737,76.1705685618729
nsl-kdd,0,0,baseline->NB,66.46825396825396,35.49069525384665
nsl-kdd,0,0,soft->NB,74.04761904761905,33.73223079066829
nsl-kdd,0,0,attr->NB,58.41269841269841,41.303737592950164
nsl-kdd,0,0,softattr->NB,75.55555555555556,41.11632043980917
nsl-kdd,0,0,correct->NB,72.26190476190476,36.277906561509674
nsl-kdd,0,0,soft->DT,87.6984126984127,72.6172437570185
nsl-kdd,0,0,correct->DT,98.92857142857143,90.99023074164614
nsl-kdd,0,0,committee->DT,98.88888888888889,83.57347721310407
nsl-kdd,0,1,baseline->NB,73.88888888888889,30.903852892194312
nsl-kdd,0,1,soft->NB,76.46825396825396,38.889584950124515
nsl-kdd,0,1,attr->NB,72.22222222222223,47.76680272929889
nsl-kdd,0,1,softattr->NB,77.89682539682539,47.89023378839855
nsl-kdd,0,1,correct->NB,74.8015873015873,33.551560878097355
nsl-kdd,0,1,soft->DT,90.1984126984127,76.63908625794444
nsl-kdd,0,1,correct->DT,99.16666666666667,91.72725041832255
nsl-kdd,0,1,committee->DT,99.36507936507937,85.40379898337757
nsl-kdd,0,2,baseline->NB,67.88408098451767,34.09640851285097
nsl-kdd,0,2,soft->NB,75.42675664946407,34.74946305718168
nsl-kdd,0,2,attr->NB,62.00873362445415,34.99702897829799
nsl-kdd,0,2,softattr->NB,76.65740373163953,39.828437530999246
nsl-kdd,0,2,correct->NB,75.30766177054387,37.24318446076012
nsl-kdd,0,2,soft->DT,87.65383088527193,71.58604181819794
nsl-kdd,0,2,correct->DT,99.12663755458516,91.404666946822
nsl-kdd,0,2,committee->DT,99.40452560539897,85.29006708374096
nsl-kdd,0,3,baseline->NB,64.27153632393807,33.92970084261766
nsl-kdd,0,3,soft->NB,75.34736006351727,31.774711685925183
nsl-kdd,0,3,attr->NB,57.08614529575228,31.852480308672014
nsl-kdd,0,3,softattr->NB,75.7443429932513,30.130318324985794
nsl-kdd,0,3,correct->NB,75.50615323541088,36.47566320496453
nsl-kdd,0,3,soft->DT,86.82016673283049,61.879907330860675
nsl-kdd,0,3,correct->DT,99.16633584755856,78.24285987897997
nsl-kdd,0,3,committee->DT,99.44422389837237,77.72035308991684
nsl-kdd,0,4,baseline->NB,64.43032949583169,30.365322263983657
nsl-kdd,0,4,soft->NB,75.18856689162367,34.8940471643385
nsl-kdd,0,4,attr->NB,59.07105994442239,36.02182688900904
nsl-kdd,0,4,softattr->NB,76.1016276300119,35.78640190933848
nsl-kdd,0,4,correct->NB,73.87852322350139,40.303422105714944
nsl-kdd,0,4,soft->DT,87.41564112743153,70.34848023848936
nsl-kdd,0,4,correct->DT,99.12663755458516,87.82377155551505
nsl-kdd,0,4,committee->DT,99.16633584755856,89.23945381911076
nsl-kdd,0,5,baseline->NB,73.04485907105995,41.463991497696654
nsl-kdd,0,5,soft->NB,81.73878523223502,45.5288217785273
nsl-kdd,0,5,attr->NB,75.18856689162367,42.83157914191879
nsl-kdd,0,5,softattr->NB,83.60460500198491,45.943947767698106
nsl-kdd,0,5,correct->NB,83.00913060738388,45.715796539260865
nsl-kdd,0,5,soft->DT,88.01111552203255,52.15443913731234
nsl-kdd,0,5,correct->DT,98.92814608971814,72.63757497431264
nsl-kdd,0,5,committee->DT,99.24573243350535,73.56514860126772
nsl-kdd,0,6,baseline->NB,65.22429535529972,36.380296592315574
nsl-kdd,0,6,soft->NB,75.30766177054387,31.71311137959535
nsl-kdd,0,6,attr->NB,58.51528384279476,35.702629530306055
nsl-kdd,0,6,softattr->NB,74.47399761810242,32.673140471185256
nsl-kdd,0,6,correct->NB,73.24335053592695,38.76164247767757
nsl-kdd,0,6,soft->DT,93.44978165938865,66.74657622065082
nsl-kdd,0,6,correct->DT,99.00754267566495,82.3020325823286
nsl-kdd,0,6,committee->DT,98.96784438269154,81.73723516650878
nsl-kdd,0,7,baseline->NB,67.24890829694323,36.42625270537941
nsl-kdd,0,7,soft->NB,75.02977371973004,35.432799858535425
nsl-kdd,0,7,attr->NB,57.72131798332672,37.55619819173657
nsl-kdd,0,7,softattr->NB,76.85589519650655,42.12657600831276
nsl-kdd,0,7,correct->NB,75.06947201270346,38.85411078376289
nsl-kdd,0,7,soft->DT,88.646288209607,74.58738647369859
nsl-kdd,0,7,correct->DT,99.00754267566495,75.79300896482661
nsl-kdd,0,7,committee->DT,99.32512901945216,85.30679354598499
nsl-kdd,0,8,baseline->NB,67.09011512504962,34.226975699397975
nsl-kdd,0,8,soft->NB,75.62524811433109,33.84082285331494
nsl-kdd,0,8,attr->NB,60.53989678443827,41.64391856785169
nsl-kdd,0,8,softattr->NB,77.7292576419214,40.760282625647314
nsl-kdd,0,8,correct->NB,74.27550615323541,37.33175155344461
nsl-kdd,0,8,soft->DT,87.1377530766177,54.59900211075289
nsl-kdd,0,8,correct->DT,99.40452560539897,79.05896501588501
nsl-kdd,0,8,committee->DT,99.32512901945216,73.70734258852917
nsl-kdd,0,9,baseline->NB,66.05795950774117,28.958389892892665
nsl-kdd,0,9,soft->NB,75.7443429932513,27.046141163623012
nsl-kdd,0,9,attr->NB,62.326319968241364,30.81376896613626
nsl-kdd,0,9,softattr->NB,76.89559348947995,29.109211515600126
nsl-kdd,0,9,correct->NB,75.8634378721715,31.53740432652934
nsl-kdd,0,9,soft->DT,93.64827312425565,62.091185748528844
nsl-kdd,0,9,correct->DT,99.28543072647876,74.10627447124953
nsl-kdd,0,9,committee->DT,99.32512901945216,73.9740420643807
nsl-kdd,1,0,baseline->NB,71.9047619047619,40.493789095654925
nsl-kdd,1,0,soft->NB,80.35714285714286,42.30629495198798
nsl-kdd,1,0,attr->NB,70.31746031746032,39.59356777273534
nsl-kdd,1,0,softattr->NB,83.05555555555556,42.72517335262424
nsl-kdd,1,0,correct->NB,81.30952380952381,44.468330704077694
nsl-kdd,1,0,soft->DT,88.17460317460318,47.49116045081995
nsl-kdd,1,0,correct->DT,99.08730158730158,84.9852679790746
nsl-kdd,1,0,committee->DT,99.28571428571429,78.77523129031104
nsl-kdd,1,1,baseline->NB,64.12698412698413,34.754572134191804
nsl-kdd,1,1,soft->NB,74.16666666666667,35.99959713830138
nsl-kdd,1,1,attr->NB,59.285714285714285,35.66509852292692
nsl-kdd,1,1,softattr->NB,75.5952380952381,38.01705961579859
nsl-kdd,1,1,correct->NB,73.01587301587301,35.79513384456418
nsl-kdd,1,1,soft->DT,87.57936507936508,69.42739563834868
nsl-kdd,1,1,correct->DT,99.12698412698413,91.33728695548382
nsl-kdd,1,1,committee->DT,99.4047619047619,91.92630370900247
nsl-kdd,1,2,baseline->NB,64.31123461691148,32.772465962561164
nsl-kdd,1,2,soft->NB,75.18856689162367,33.564079079010625
nsl-kdd,1,2,attr->NB,60.22231044065105,35.05311991907557
nsl-kdd,1,2,softattr->NB,76.85589519650655,37.6951502357973
nsl-kdd,1,2,correct->NB,74.47399761810242,37.25946831694121
nsl-kdd,1,2,soft->DT,86.8995633187773,57.987333628214465
nsl-kdd,1,2,correct->DT,99.24573243350535,77.52693727025472
nsl-kdd,1,2,committee->DT,99.28543072647876,78.023706767522
nsl-kdd,1,3,baseline->NB,65.89916633584755,29.889984072951954
nsl-kdd,1,3,soft->NB,75.26796347757046,30.51399031810812
nsl-kdd,1,3,attr->NB,60.93687971417229,35.83571568599271
nsl-kdd,1,3,softattr->NB,76.26042080190552,32.64127529347357
nsl-kdd,1,3,correct->NB,74.55339420404923,32.44733122761326
nsl-kdd,1,3,soft->DT,93.80706629614926,65.20767684734406
nsl-kdd,1,3,correct->DT,99.36482731242556,82.68300136426167
nsl-kdd,1,3,committee->DT,99.00754267566495,80.87459589581748
nsl-kdd,1,4,baseline->NB,67.20921000396983,35.09130867599963
nsl-kdd,1,4,soft->NB,75.9825327510917,32.98280434287585
nsl-kdd,1,4,attr->NB,66.6534339023422,36.654526355569736
nsl-kdd,1,4,softattr->NB,77.25287812624057,40.25468470335457
nsl-kdd,1,4,correct->NB,76.0619293370385,40.38065020153047
nsl-kdd,1,4,soft->DT,93.21159190154823,72.73908524728657
nsl-kdd,1,4,correct->DT,99.28543072647876,87.29822786283826
nsl-kdd,1,4,committee->DT,99.24573243350535,83.73411314758907
nsl-kdd,1,5,baseline->NB,68.83684001587932,35.40331134759653
nsl-kdd,1,5,soft->NB,75.02977371973004,32.1714543572988
nsl-kdd,1,5,attr->NB,58.67407701468837,42.83593463956491
nsl-kdd,1,5,softattr->NB,76.22072250893211,41.49216378936736
nsl-kdd,1,5,correct->NB,76.14132592298532,35.48459141274758
nsl-kdd,1,5,soft->DT,87.73322747121874,67.06596979840543
nsl-kdd,1,5,correct->DT,99.20603414053195,84.89463084086802
nsl-kdd,1,5,committee->DT,99.08693926161175,81.33436666966077
nsl-kdd,1,6,baseline->NB,64.62882096069869,32.94403763898229
nsl-kdd,1,6,soft->NB,74.47399761810242,30.982639056678696
nsl-kdd,1,6,attr->NB,58.83287018658198,37.30624941256037
nsl-kdd,1,6,softattr->NB,76.14132592298532,32.8960345884131
nsl-kdd,1,6,correct->NB,73.20365224295355,34.94027243315265
nsl-kdd,1,6,soft->DT,87.2568479555379,71.32832814472661
nsl-kdd,1,6,correct->DT,99.24573243350535,84.24067605085257
nsl-kdd,1,6,committee->DT,99.04724096863835,83.91996418965356
nsl-kdd,1,7,baseline->NB,65.38308852719334,37.18302240437405
nsl-kdd,1,7,soft->NB,75.26796347757046,35.828022980983384
nsl-kdd,1,7,attr->NB,59.98412068281064,43.603742164177696
nsl-kdd,1,7,softattr->NB,76.41921397379913,38.2689468477241
nsl-kdd,1,7,correct->NB,73.52123858674076,39.86222397378689
nsl-kdd,1,7,soft->DT,88.44779674473997,63.377725555664334
nsl-kdd,1,7,correct->DT,99.16633584755856,78.811235300139
nsl-kdd,1,7,committee->DT,99.40452560539897,79.02308610930365
nsl-kdd,1,8,baseline->NB,76.14132592298532,31.694277412260103
nsl-kdd,1,8,soft->NB,76.85589519650655,35.60965102570264
nsl-kdd,1,8,attr->NB,74.1564112743152,48.00923501778855
nsl-kdd,1,8,softattr->NB,78.40412862246923,35.09086561711319
nsl-kdd,1,8,correct->NB,76.26042080190552,40.18392383048068
nsl-kdd,1,8,soft->DT,90.5518062723303,51.942910890227026
nsl-kdd,1,8,correct->DT,99.16633584755856,78.45760804119834
nsl-kdd,1,8,committee->DT,99.40452560539897,78.54809187892565
nsl-kdd,1,9,baseline->NB,64.23183803096467,29.43021853742238
nsl-kdd,1,9,soft->NB,74.71218737594283,27.995638043823217
nsl-kdd,1,9,attr->NB,57.483128225486304,31.960860786548796
nsl-kdd,1,9,softattr->NB,75.78404128622469,33.576312389728244
nsl-kdd,1,9,correct->NB,74.27550615323541,32.96649716723442
nsl-kdd,1,9,soft->DT,87.81262405716554,61.893236877013344
nsl-kdd,1,9,correct->DT,99.00754267566495,78.13849811273687
nsl-kdd,1,9,committee->DT,99.04724096863835,78.1641654870901
nsl-kdd,2,0,baseline->NB,65.55555555555556,28.802289408559833
nsl-kdd,2,0,soft->NB,74.24603174603175,26.63261295333987
nsl-kdd,2,0,attr->NB,59.48412698412698,36.23185280126993
nsl-kdd,2,0,softattr->NB,76.23015873015873,34.94932846558789
nsl-kdd,2,0,correct->NB,75.31746031746032,30.6973401989094
nsl-kdd,2,0,soft->DT,88.53174603174604,68.16121758598379
nsl-kdd,2,0,correct->DT,99.04761904761905,78.40547920029823
nsl-kdd,2,0,committee->DT,99.32539682539682,78.65124508590978
nsl-kdd,2,1,baseline->NB,67.73809523809524,32.012110473489905
nsl-kdd,2,1,soft->NB,75.63492063492063,37.826006418746914
nsl-kdd,2,1,attr->NB,59.642857142857146,35.94808945867615
nsl-kdd,2,1,softattr->NB,76.66666666666667,38.31267621553274
nsl-kdd,2,1,correct->NB,75.91269841269842,35.973018424837484
nsl-kdd,2,1,soft->DT,92.22222222222223,72.52729577885559
nsl-kdd,2,1,correct->DT,99.28571428571429,91.75713158900545
nsl-kdd,2,1,committee->DT,99.12698412698413,91.21313732521187
nsl-kdd,2,2,baseline->NB,64.9464073044859,35.02283526423452
nsl-kdd,2,2,soft->NB,74.91067884080985,34.795118744854584
nsl-kdd,2,2,attr->NB,67.20921000396983,38.16101793060611
nsl-kdd,2,2,softattr->NB,76.49861055974593,39.610421234829865
nsl-kdd,2,2,correct->NB,74.91067884080985,36.83441343661966
nsl-kdd,2,2,soft->DT,86.54227868201667,63.18889335421797
nsl-kdd,2,2,correct->DT,99.44422389837237,84.80682654972088
nsl-kdd,2,2,committee->DT,99.40452560539897,84.44584888758433
nsl-kdd,2,3,baseline->NB,65.81976974990076,30.552967697617934
nsl-kdd,2,3,soft->NB,75.02977371973004,27.91877655432077
nsl-kdd,2,3,attr->NB,59.38864628820961,37.30224647435171
nsl-kdd,2,3,softattr->NB,75.9825327510917,35.049384833978344
nsl-kdd,2,3,correct->NB,73.64033346566097,32.82244442427713
nsl-kdd,2,3,soft->DT,87.93171893608574,70.96578554649852
nsl-kdd,2,3,correct->DT,99.44422389837237,85.356024496567
nsl-kdd,2,3,committee->DT,99.48392219134577,80.10061407430058
nsl-kdd,2,4,baseline->NB,73.91822151647479,36.19069281376335
nsl-kdd,2,4,soft->NB,75.26796347757046,36.12417328001049
nsl-kdd,2,4,attr->NB,72.01270345375148,41.69492766714528
nsl-kdd,2,4,softattr->NB,76.73680031758634,42.93254200272636
nsl-kdd,2,4,correct->NB,73.9976181024216,38.84306905639136
nsl-kdd,2,4,soft->DT,94.2437475188567,77.3078326290963
nsl-kdd,2,4,correct->DT,99.04724096863835,82.98611947856386
nsl-kdd,2,4,committee->DT,99.28543072647876,88.09317989703825
nsl-kdd,2,5,baseline->NB,70.74235807860262,48.319593453513065
nsl-kdd,2,5,soft->NB,79.87296546248511,45.549027052975624
nsl-kdd,2,5,attr->NB,75.10917030567686,46.0928750521201
nsl-kdd,2,5,softattr->NB,82.92973402143708,46.56069012300523
nsl-kdd,2,5,correct->NB,80.34934497816595,52.861237706574336
nsl-kdd,2,5,soft->DT,88.56689162366018,55.71996476905081
nsl-kdd,2,5,correct->DT,98.72965462485114,83.48591783375865
nsl-kdd,2,5,committee->DT,98.92814608971814,84.26128216435214
nsl-kdd,2,6,baseline->NB,68.12227074235808,38.980061779320046
nsl-kdd,2,6,soft->NB,77.05438666137356,33.69518312806994
nsl-kdd,2,6,attr->NB,60.89718142119889,41.61532816061599
nsl-kdd,2,6,softattr->NB,78.04684398570862,47.440642592820666
nsl-kdd,2,6,correct->NB,76.53830885271934,37.183425261648175
nsl-kdd,2,6,soft->DT,89.79753870583565,75.07476132304424
nsl-kdd,2,6,correct->DT,99.16633584755856,83.70865151644956
nsl-kdd,2,6,committee->DT,99.28543072647876,84.97897101833878
nsl-kdd,2,7,baseline->NB,64.43032949583169,31.91801108048545
nsl-kdd,2,7,soft->NB,73.64033346566097,32.12415126410083
nsl-kdd,2,7,attr->NB,59.2695514092894,37.42596423808173
nsl-kdd,2,7,softattr->NB,75.9825327510917,32.57133796687602
nsl-kdd,2,7,correct->NB,72.52878126240572,34.81601635044436
nsl-kdd,2,7,soft->DT,87.17745136959111,53.287100693553604
nsl-kdd,2,7,correct->DT,98.88844779674474,72.29304604884118
nsl-kdd,2,7,committee->DT,99.08693926161175,72.84899833038462
nsl-kdd,2,8,baseline->NB,67.88408098451767,35.31642118483642
nsl-kdd,2,8,soft->NB,75.62524811433109,37.849884935720155
nsl-kdd,2,8,attr->NB,60.18261214767765,40.52102854317732
nsl-kdd,2,8,softattr->NB,76.45891226677253,39.4701405371022
nsl-kdd,2,8,correct->NB,74.43429932512902,37.61744101355956
nsl-kdd,2,8,soft->DT,86.97895990472409,61.80648287055453
nsl-kdd,2,8,correct->DT,99.12663755458516,77.75348011963796
nsl-kdd,2,8,committee->DT,99.16633584755856,73.34723349238782
nsl-kdd,2,9,baseline->NB,65.74037316395395,30.383092421905943
nsl-kdd,2,9,soft->NB,75.82373957919809,27.153704044031734
nsl-kdd,2,9,attr->NB,59.11075823739579,30.8531062793253
nsl-kdd,2,9,softattr->NB,76.93529178245335,30.266271745181317
nsl-kdd,2,9,correct->NB,74.59309249702262,35.16267453357217
nsl-kdd,2,9,soft->DT,87.61413259229853,57.22696175245711
nsl-kdd,2,9,correct->DT,99.20603414053195,78.36024532390408
nsl-kdd,2,9,committee->DT,99.12663755458516,78.03568765391466
nsl-kdd,3,0,baseline->NB,67.53968253968254,36.2047364545031
nsl-kdd,3,0,soft->NB,76.03174603174604,36.47887000531506
nsl-kdd,3,0,attr->NB,68.69047619047619,41.022867652225415
nsl-kdd,3,0,softattr->NB,77.10317460317461,39.794294453680024
nsl-kdd,3,0,correct->NB,75.5952380952381,37.93671979102058
nsl-kdd,3,0,soft->DT,93.96825396825396,72.04706981211379
nsl-kdd,3,0,correct->DT,99.28571428571429,85.7541235567231
nsl-kdd,3,0,committee->DT,99.36507936507937,91.4768659849088
nsl-kdd,3,1,baseline->NB,64.72222222222223,30.147479373476443
nsl-kdd,3,1,soft->NB,76.23015873015873,34.243328517521995
nsl-kdd,3,1,attr->NB,59.76190476190476,32.39632894476283
nsl-kdd,3,1,softattr->NB,76.98412698412699,34.82853351441874
nsl-kdd,3,1,correct->NB,74.44444444444444,33.63242722736845
nsl-kdd,3,1,soft->DT,88.65079365079364,76.10132692063716
nsl-kdd,3,1,correct->DT,99.32539682539682,91.82927711363274
nsl-kdd,3,1,committee->DT,99.52380952380952,84.66171400969614
nsl-kdd,3,2,baseline->NB,66.33584755855499,35.46484561945037
nsl-kdd,3,2,soft->NB,73.9976181024216,34.12502222531678
nsl-kdd,3,2,attr->NB,59.66653433902342,37.69297482289946
nsl-kdd,3,2,softattr->NB,74.35490273918222,35.35212423845396
nsl-kdd,3,2,correct->NB,73.75942834458118,39.30755259001211
nsl-kdd,3,2,soft->DT,88.76538308852719,66.68705623878789
nsl-kdd,3,2,correct->DT,98.84874950377134,90.37918937426713
nsl-kdd,3,2,committee->DT,99.08693926161175,79.57234473712442
nsl-kdd,3,3,baseline->NB,67.64589122667725,32.64492804672793
nsl-kdd,3,3,soft->NB,75.9428344581183,33.204016007469484
nsl-kdd,3,3,attr->NB,56.96705041683207,31.683922075947883
nsl-kdd,3,3,softattr->NB,75.06947201270346,41.17210775084847
nsl-kdd,3,3,correct->NB,75.06947201270346,37.05154100938566
nsl-kdd,3,3,soft->DT,86.50258038904327,61.16796853729334
nsl-kdd,3,3,correct->DT,99.44422389837237,87.58265066863274
nsl-kdd,3,3,committee->DT,99.28543072647876,84.2686583338361
nsl-kdd,3,4,baseline->NB,73.79912663755458,41.632395379546395
nsl-kdd,3,4,soft->NB,80.82572449384676,44.25837452051305
nsl-kdd,3,4,attr->NB,74.99007542675665,41.873216769592005
nsl-kdd,3,4,softattr->NB,83.4061135371179,44.88160488308445
nsl-kdd,3,4,correct->NB,83.04882890035728,49.71036254920995
nsl-kdd,3,4,soft->DT,90.9090909090909,57.020417692268055
nsl-kdd,3,4,correct->DT,99.08693926161175,78.56116490052659
nsl-kdd,3,4,committee->DT,99.32512901945216,75.8973467305823
nsl-kdd,3,5,baseline->NB,65.93886462882097,34.02626701845596
nsl-kdd,3,5,soft->NB,75.18856689162367,33.154225904071616
nsl-kdd,3,5,attr->NB,68.24136562127829,40.70934615130704
nsl-kdd,3,5,softattr->NB,76.37951568082572,39.9253959318382
nsl-kdd,3,5,correct->NB,75.62524811433109,34.866952181661716
nsl-kdd,3,5,soft->DT,87.45533942040493,64.8407806891246
nsl-kdd,3,5,correct->DT,99.00754267566495,84.79236045660775
nsl-kdd,3,5,committee->DT,99.36482731242556,85.31955528498092
nsl-kdd,3,6,baseline->NB,65.81976974990076,29.81328307611092
nsl-kdd,3,6,soft->NB,76.0619293370385,31.02253865672709
nsl-kdd,3,6,attr->NB,60.063517268757444,32.64291055610625
nsl-kdd,3,6,softattr->NB,77.17348154029376,33.703834749002816
nsl-kdd,3,6,correct->NB,73.87852322350139,35.13628537361831
nsl-kdd,3,6,soft->DT,87.65383088527193,65.51135074633561
nsl-kdd,3,6,correct->DT,99.16633584755856,77.69985248246117
nsl-kdd,3,6,committee->DT,99.36482731242556,78.47447825933483
nsl-kdd,3,7,baseline->NB,64.27153632393807,37.70258129715693
nsl-kdd,3,7,soft->NB,73.71973005160778,34.85636017207556
nsl-kdd,3,7,attr->NB,57.76101627630012,39.095889042716344
nsl-kdd,3,7,softattr->NB,75.58554982135769,40.40575423649637
nsl-kdd,3,7,correct->NB,73.04485907105995,42.7014350140274
nsl-kdd,3,7,soft->DT,87.1377530766177,61.01551276909696
nsl-kdd,3,7,correct->DT,99.20603414053195,73.45227131412703
nsl-kdd,3,7,committee->DT,99.08693926161175,73.30049227986484
nsl-kdd,3,8,baseline->NB,65.85946804287416,34.85156038774884
nsl-kdd,3,8,soft->NB,75.42675664946407,34.85186892148916
nsl-kdd,3,8,attr->NB,57.60222310440651,40.50310036344204
nsl-kdd,3,8,softattr->NB,76.85589519650655,40.2770914046624
nsl-kdd,3,8,correct->NB,73.91822151647479,38.02041985693026
nsl-kdd,3,8,soft->DT,87.29654624851132,59.34669247988187
nsl-kdd,3,8,correct->DT,99.24573243350535,78.35096987785319
nsl-kdd,3,8,committee->DT,99.44422389837237,78.88246555720535
nsl-kdd,3,9,baseline->NB,73.08455736403334,30.19815232630591
nsl-kdd,3,9,soft->NB,75.30766177054387,31.21587221604002
nsl-kdd,3,9,attr->NB,72.01270345375148,31.981005701644705
nsl-kdd,3,9,softattr->NB,76.89559348947995,34.05446917629821
nsl-kdd,3,9,correct->NB,73.79912663755458,31.860387970702163
nsl-kdd,3,9,soft->DT,90.15482334259627,67.05614156223338
nsl-kdd,3,9,correct->DT,99.00754267566495,85.59662875950225
nsl-kdd,3,9,committee->DT,99.36482731242556,85.01991225801984
nsl-kdd,4,0,baseline->NB,67.26190476190476,34.72283968983195
nsl-kdd,4,0,soft->NB,76.78571428571429,34.637167719691355
nsl-kdd,4,0,attr->NB,73.33333333333333,40.9679164013249
nsl-kdd,4,0,softattr->NB,77.93650793650794,40.745648151301026
nsl-kdd,4,0,correct->NB,75.83333333333333,36.99025335466612
nsl-kdd,4,0,soft->DT,87.85714285714286,78.61247775084635
nsl-kdd,4,0,correct->DT,98.92857142857143,90.7126166621658
nsl-kdd,4,0,committee->DT,99.32539682539682,90.70885202468621
nsl-kdd,4,1,baseline->NB,72.5,41.0022868053665
nsl-kdd,4,1,soft->NB,81.03174603174604,40.85460492173685
nsl-kdd,4,1,attr->NB,73.4920634920635,41.09848689004765
nsl-kdd,4,1,softattr->NB,83.37301587301587,41.24514686882826
nsl-kdd,4,1,correct->NB,82.18253968253968,45.437380406475874
nsl-kdd,4,1,soft->DT,89.24603174603175,53.16968113203665
nsl-kdd,4,1,correct->DT,99.12698412698413,77.78528814908296
nsl-kdd,4,1,committee->DT,99.60317460317461,79.31372655519068
nsl-kdd,4,2,baseline->NB,66.57403731639539,33.70017224400222
nsl-kdd,4,2,soft->NB,75.50615323541088,37.07680703700136
nsl-kdd,4,2,attr->NB,62.00873362445415,42.98797650946041
nsl-kdd,4,2,softattr->NB,76.61770543866614,38.30640015598223
nsl-kdd,4,2,correct->NB,73.9579198094482,38.69112622641418
nsl-kdd,4,2,soft->DT,94.72012703453751,71.28286515108739
nsl-kdd,4,2,correct->DT,99.32512901945216,91.64369877039191
nsl-kdd,4,2,committee->DT,99.52362048431917,90.11002761038841
nsl-kdd,4,3,baseline->NB,66.21675267963478,29.877483830139916
nsl-kdd,4,3,soft->NB,74.67248908296943,33.919594799171286
nsl-kdd,4,3,attr->NB,60.53989678443827,35.37513681729785
nsl-kdd,4,3,softattr->NB,75.9031361651449,35.65825350416059
nsl-kdd,4,3,correct->NB,74.59309249702262,35.06262120386734
nsl-kdd,4,3,soft->DT,86.8995633187773,70.58069586819542
nsl-kdd,4,3,correct->DT,99.04724096863835,79.26687750810527
nsl-kdd,4,3,committee->DT,99.32512901945216,74.77397645790874
nsl-kdd,4,4,baseline->NB,65.10520047637952,34.881962051108076
nsl-kdd,4,4,soft->NB,74.39460103215562,33.99983539534195
nsl-kdd,4,4,attr->NB,59.82532751091703,37.34692926928152
nsl-kdd,4,4,softattr->NB,75.9428344581183,38.426705725240964
nsl-kdd,4,4,correct->NB,74.51369591107583,40.48543762726472
nsl-kdd,4,4,soft->DT,87.0186581976975,67.22130911248209
nsl-kdd,4,4,correct->DT,99.36482731242556,90.01424816812677
nsl-kdd,4,4,committee->DT,99.20603414053195,89.47287684150287
nsl-kdd,4,5,baseline->NB,64.31123461691148,32.559722863090386
nsl-kdd,4,5,soft->NB,75.10917030567686,28.07993437491781
nsl-kdd,4,5,attr->NB,57.12584358872569,37.37088229635698
nsl-kdd,4,5,softattr->NB,76.02223104406511,32.041017064097524
nsl-kdd,4,5,correct->NB,75.26796347757046,30.84910137540439
nsl-kdd,4,5,soft->DT,87.57443429932513,61.45100010770622
nsl-kdd,4,5,correct->DT,99.12663755458516,78.17935907772838
nsl-kdd,4,5,committee->DT,99.00754267566495,72.34440341571053
nsl-kdd,4,6,baseline->NB,74.35490273918222,37.55103119566463
nsl-kdd,4,6,soft->NB,76.97499007542676,37.74137470336251
nsl-kdd,4,6,attr->NB,72.60817784835253,45.98593101253513
nsl-kdd,4,6,softattr->NB,78.24533545057562,43.330899471471504
nsl-kdd,4,6,correct->NB,75.22826518459706,35.99475934233732
nsl-kdd,4,6,soft->DT,94.4819372766971,64.97722954808651
nsl-kdd,4,6,correct->DT,99.32512901945216,79.73941626775205
nsl-kdd,4,6,committee->DT,99.32512901945216,79.82501935686189
nsl-kdd,4,7,baseline->NB,66.732830488289,33.27962649717795
nsl-kdd,4,7,soft->NB,75.9428344581183,32.7097596344677
nsl-kdd,4,7,attr->NB,66.53433902342199,30.420084807674474
nsl-kdd,4,7,softattr->NB,77.61016276300118,32.43893905847161
nsl-kdd,4,7,correct->NB,76.69710202461295,37.39913468239755
nsl-kdd,4,7,soft->DT,86.8995633187773,59.15599806589438
nsl-kdd,4,7,correct->DT,99.36482731242556,78.29336106233697
nsl-kdd,4,7,committee->DT,98.88844779674474,77.27155731713611
nsl-kdd,4,8,baseline->NB,63.63636363636363,33.617925767418576
nsl-kdd,4,8,soft->NB,73.60063517268757,31.968573298459802
nsl-kdd,4,8,attr->NB,56.927352123858675,35.44275609581773
nsl-kdd,4,8,softattr->NB,75.50615323541088,36.8108824611898
nsl-kdd,4,8,correct->NB,72.48908296943232,36.096878483932485
nsl-kdd,4,8,soft->DT,87.17745136959111,59.02225455794156
nsl-kdd,4,8,correct->DT,99.20603414053195,75.7619263505193
nsl-kdd,4,8,committee->DT,99.12663755458516,75.46915526993635
nsl-kdd,4,9,baseline->NB,67.32830488289004,33.53507158642732
nsl-kdd,4,9,soft->NB,74.35490273918222,29.00252719772392
nsl-kdd,4,9,attr->NB,59.2695514092894,30.86510146003838
nsl-kdd,4,9,softattr->NB,74.91067884080985,32.44030835496279
nsl-kdd,4,9,correct->NB,73.75942834458118,34.707035158520334
nsl-kdd,4,9,soft->DT,94.12465263993649,62.90500824247558
nsl-kdd,4,9,correct->DT,99.00754267566495,91.53673760455419
nsl-kdd,4,9,committee->DT,98.80905121079793,77.14836712632362
nsl-kdd,5,0,baseline->NB,64.32539682539682,35.69737977688586
nsl-kdd,5,0,soft->NB,74.8015873015873,36.53626834242409
nsl-kdd,5,0,attr->NB,60.476190476190474,38.92695513973328
nsl-kdd,5,0,softattr->NB,75.9920634920635,41.896798017394346
nsl-kdd,5,0,correct->NB,74.4047619047619,37.66689422267282
nsl-kdd,5,0,soft->DT,93.61111111111111,82.36561551684176
nsl-kdd,5,0,correct->DT,98.92857142857143,82.93225165938529
nsl-kdd,5,0,committee->DT,99.16666666666667,83.30675002670458
nsl-kdd,5,1,baseline->NB,66.54761904761905,33.589878242374645
nsl-kdd,5,1,soft->NB,75.75396825396825,36.63849733652858
nsl-kdd,5,1,attr->NB,66.74603174603175,35.23494605344503
nsl-kdd,5,1,softattr->NB,76.5079365079365,40.05262746106484
nsl-kdd,5,1,correct->NB,76.26984126984127,37.93672030917961
nsl-kdd,5,1,soft->DT,88.65079365079364,79.39884047807145
nsl-kdd,5,1,correct->DT,99.4047619047619,89.63450558494966
nsl-kdd,5,1,committee->DT,99.44444444444444,89.93579466038403
nsl-kdd,5,2,baseline->NB,65.62127828503374,35.568626962454005
nsl-kdd,5,2,soft->NB,74.91067884080985,37.23271377722804
nsl-kdd,5,2,attr->NB,58.03890432711393,35.905160474848465
nsl-kdd,5,2,softattr->NB,75.7443429932513,40.129554094663256
nsl-kdd,5,2,correct->NB,74.59309249702262,44.59478550823312
nsl-kdd,5,2,soft->DT,87.61413259229853,64.4318418228666
nsl-kdd,5,2,correct->DT,99.20603414053195,79.99665305795193
nsl-kdd,5,2,committee->DT,99.40452560539897,79.86289510965041
nsl-kdd,5,3,baseline->NB,67.01071853910283,27.92642677219129
nsl-kdd,5,3,soft->NB,74.83128225486304,29.038464106888355
nsl-kdd,5,3,attr->NB,61.1353711790393,36.796263708299065
nsl-kdd,5,3,softattr->NB,76.49861055974593,33.951196269455224
nsl-kdd,5,3,correct->NB,73.68003175863439,35.61270612375839
nsl-kdd,5,3,soft->DT,87.85232235013895,59.362951042807666
nsl-kdd,5,3,correct->DT,99.16633584755856,80.20113978316394
nsl-kdd,5,3,committee->DT,99.44422389837237,82.97613704510972
nsl-kdd,5,4,baseline->NB,64.54942437475188,33.87267090373693
nsl-kdd,5,4,soft->NB,74.87098054783644,31.281872676350503
nsl-kdd,5,4,attr->NB,58.31679237792775,34.557365379772655
nsl-kdd,5,4,softattr->NB,76.26042080190552,34.78949237321321
nsl-kdd,5,4,correct->NB,75.06947201270346,34.457904860667256
nsl-kdd,5,4,soft->DT,88.646288209607,79.86476001117506
nsl-kdd,5,4,correct->DT,99.16633584755856,85.25678304728727
nsl-kdd,5,4,committee->DT,99.12663755458516,84.87740170129243
nsl-kdd,5,5,baseline->NB,72.0921000396983,44.6525348349491
nsl-kdd,5,5,soft->NB,79.95236204843192,47.8647677574471
nsl-kdd,5,5,attr->NB,73.44184200079397,41.34227776808945
nsl-kdd,5,5,softattr->NB,82.29456133386265,48.39114353089644
nsl-kdd,5,5,correct->NB,81.26240571655418,46.45775150524044
nsl-kdd,5,5,soft->DT,88.52719333068679,60.06173863974759
nsl-kdd,5,5,correct->DT,98.96784438269154,78.6442774749022
nsl-kdd,5,5,committee->DT,99.16633584755856,76.53191518774443
nsl-kdd,5,6,baseline->NB,64.39063120285827,28.05308090755409
nsl-kdd,5,6,soft->NB,75.34736006351727,29.0709702785084
nsl-kdd,5,6,attr->NB,59.54743946010321,26.982700393260885
nsl-kdd,5,6,softattr->NB,76.93529178245335,30.255892774775788
nsl-kdd,5,6,correct->NB,74.71218737594283,33.19847250938091
nsl-kdd,5,6,soft->DT,88.13021040095276,65.11237746878571
nsl-kdd,5,6,correct->DT,99.16633584755856,78.71338868343102
nsl-kdd,5,6,committee->DT,99.24573243350535,72.734804864629
nsl-kdd,5,7,baseline->NB,73.91822151647479,34.844650445693155
nsl-kdd,5,7,soft->NB,75.50615323541088,32.930833680853574
nsl-kdd,5,7,attr->NB,70.4644700277888,37.10148548900466
nsl-kdd,5,7,softattr->NB,77.09408495434697,39.644594987089675
nsl-kdd,5,7,correct->NB,74.55339420404923,40.63212420093296
nsl-kdd,5,7,soft->DT,91.10758237395792,61.954883023899676
nsl-kdd,5,7,correct->DT,99.24573243350535,78.54338292890785
nsl-kdd,5,7,committee->DT,98.92814608971814,77.75355528138851
nsl-kdd,5,8,baseline->NB,64.23183803096467,35.98178256935598
nsl-kdd,5,8,soft->NB,75.46645494243748,34.878052960593
nsl-kdd,5,8,attr->NB,59.2695514092894,43.747887105942354
nsl-kdd,5,8,softattr->NB,76.65740373163953,41.114382578500994
nsl-kdd,5,8,correct->NB,73.9976181024216,38.150911208970975
nsl-kdd,5,8,soft->DT,87.41564112743153,65.39604874133136
nsl-kdd,5,8,correct->DT,99.04724096863835,78.04737717471427
nsl-kdd,5,8,committee->DT,99.04724096863835,72.65629981834611
nsl-kdd,5,9,baseline->NB,67.32830488289004,28.06860681834577
nsl-kdd,5,9,soft->NB,75.54585152838428,27.408553404047677
nsl-kdd,5,9,attr->NB,62.44541484716157,29.796375333709424
nsl-kdd,5,9,softattr->NB,76.49861055974593,30.150318909133844
nsl-kdd,5,9,correct->NB,75.78404128622469,30.90380040242009
nsl-kdd,5,9,soft->DT,95.83167923779277,71.87240993432226
nsl-kdd,5,9,correct->DT,98.96784438269154,68.91078754846764
nsl-kdd,5,9,committee->DT,99.24573243350535,73.58165000435382
nsl-kdd,6,0,baseline->NB,66.5079365079365,32.57658279811334
nsl-kdd,6,0,soft->NB,75.5952380952381,35.57841323828897
nsl-kdd,6,0,attr->NB,61.30952380952381,41.59931383656941
nsl-kdd,6,0,softattr->NB,77.10317460317461,44.0182917069298
nsl-kdd,6,0,correct->NB,74.72222222222223,37.70921617612036
nsl-kdd,6,0,soft->DT,93.45238095238095,63.712270129088765
nsl-kdd,6,0,correct->DT,99.52380952380952,86.01880538089853
nsl-kdd,6,0,committee->DT,99.4047619047619,85.24018854501175
nsl-kdd,6,1,baseline->NB,66.9047619047619,28.399516742503195
nsl-kdd,6,1,soft->NB,76.58730158730158,29.780657353647676
nsl-kdd,6,1,attr->NB,60.91269841269841,32.31635444604809
nsl-kdd,6,1,softattr->NB,77.57936507936508,29.736321616784018
nsl-kdd,6,1,correct->NB,76.11111111111111,32.16284709022731
nsl-kdd,6,1,soft->DT,94.96031746031746,65.7657367938728
nsl-kdd,6,1,correct->DT,99.56349206349206,80.52212837183208
nsl-kdd,6,1,committee->DT,99.60317460317461,79.19205000987652
nsl-kdd,6,2,baseline->NB,71.97300516077809,44.29080302239239
nsl-kdd,6,2,soft->NB,80.46843985708614,42.820899700969726
nsl-kdd,6,2,attr->NB,73.12425565700674,45.006573610198814
nsl-kdd,6,2,softattr->NB,82.61214767764986,43.835426117297075
nsl-kdd,6,2,correct->NB,82.05637157602223,52.25282745947087
nsl-kdd,6,2,soft->DT,88.68598650258039,61.72520690172527
nsl-kdd,6,2,correct->DT,99.12663755458516,85.96443779904497
nsl-kdd,6,2,committee->DT,99.32512901945216,86.03459916116022
nsl-kdd,6,3,baseline->NB,65.78007145692735,33.14711573411704
nsl-kdd,6,3,soft->NB,74.99007542675665,34.60596597323312
nsl-kdd,6,3,attr->NB,57.84041286224692,34.47042290594487
nsl-kdd,6,3,softattr->NB,74.71218737594283,36.35108271644538
nsl-kdd,6,3,correct->NB,74.95037713378325,38.29969448649378
nsl-kdd,6,3,soft->DT,87.77292576419214,71.13862986047488
nsl-kdd,6,3,correct->DT,98.84874950377134,79.43212152699786
nsl-kdd,6,3,committee->DT,98.92814608971814,84.51085702305396
nsl-kdd,6,4,baseline->NB,65.06550218340611,32.256350281211695
nsl-kdd,6,4,soft->NB,75.10917030567686,33.2058845142715
nsl-kdd,6,4,attr->NB,59.706232631996826,40.322341283458826
nsl-kdd,6,4,softattr->NB,76.26042080190552,35.03592103126367
nsl-kdd,6,4,correct->NB,74.037316395395,40.93646958858722
nsl-kdd,6,4,soft->DT,87.41564112743153,62.28913389375317
nsl-kdd,6,4,correct->DT,99.48392219134577,90.16791929440234
nsl-kdd,6,4,committee->DT,99.52362048431917,90.19026022456138
nsl-kdd,6,5,baseline->NB,66.53433902342199,29.541505256174826
nsl-kdd,6,5,soft->NB,74.71218737594283,29.412552164513635
nsl-kdd,6,5,attr->NB,58.03890432711393,33.115005401111674
nsl-kdd,6,5,softattr->NB,76.0619293370385,35.77166137664034
nsl-kdd,6,5,correct->NB,75.14886859865025,31.49924317773525
nsl-kdd,6,5,soft->DT,86.18499404525605,58.084635335402936
nsl-kdd,6,5,correct->DT,98.96784438269154,70.55820087475196
nsl-kdd,6,5,committee->DT,99.16633584755856,71.07765116349073
nsl-kdd,6,6,baseline->NB,73.40214370782057,37.93277759252196
nsl-kdd,6,6,soft->NB,75.7443429932513,34.22261992961
nsl-kdd,6,6,attr->NB,71.17903930131004,42.572178749725076
nsl-kdd,6,6,softattr->NB,77.53076617705439,40.836990419930416
nsl-kdd,6,6,correct->NB,73.60063517268757,37.111395925225274
nsl-kdd,6,6,soft->DT,90.9090909090909,66.66632734521531
nsl-kdd,6,6,correct->DT,99.36482731242556,92.05225728832092
nsl-kdd,6,6,committee->DT,99.20603414053195,82.84175417749043
nsl-kdd,6,7,baseline->NB,70.4644700277888,32.71720317903347
nsl-kdd,6,7,soft->NB,75.22826518459706,31.78750254992239
nsl-kdd,6,7,attr->NB,61.96903533148075,40.43457756604646
nsl-kdd,6,7,softattr->NB,76.45891226677253,36.52601191938725
nsl-kdd,6,7,correct->NB,74.71218737594283,34.5208283917382
nsl-kdd,6,7,soft->DT,88.56689162366018,70.05817283192748
nsl-kdd,6,7,correct->DT,99.04724096863835,77.87486533953441
nsl-kdd,6,7,committee->DT,99.28543072647876,78.45587014194686
nsl-kdd,6,8,baseline->NB,65.18459706232632,33.290891249382234
nsl-kdd,6,8,soft->NB,74.71218737594283,34.93362677859629
nsl-kdd,6,8,attr->NB,60.22231044065105,36.096062668756666
nsl-kdd,6,8,softattr->NB,75.38705835649067,31.11283353452425
nsl-kdd,6,8,correct->NB,73.91822151647479,36.235819736660446
nsl-kdd,6,8,soft->DT,86.74077014688369,60.09022721733343
nsl-kdd,6,8,correct->DT,99.12663755458516,68.81867238321004
nsl-kdd,6,8,committee->DT,99.24573243350535,72.68108224981663
nsl-kdd,6,9,baseline->NB,64.8670107185391,27.409871237515105
nsl-kdd,6,9,soft->NB,75.66494640730448,29.352450071897874
nsl-kdd,6,9,attr->NB,58.39618896387455,28.061138078987835
nsl-kdd,6,9,softattr->NB,76.53830885271934,29.15093555404038
nsl-kdd,6,9,correct->NB,73.91822151647479,32.6152336199487
nsl-kdd,6,9,soft->DT,87.89202064311235,58.563031217834464
nsl-kdd,6,9,correct->DT,99.00754267566495,83.97432601767453
nsl-kdd,6,9,committee->DT,99.04724096863835,83.97748362422973
nsl-kdd,7,0,baseline->NB,66.19047619047619,32.53411582077413
nsl-kdd,7,0,soft->NB,76.07142857142857,35.254940716421956
nsl-kdd,7,0,attr->NB,59.92063492063492,35.43018290363548
nsl-kdd,7,0,softattr->NB,76.94444444444444,38.54268603072957
nsl-kdd,7,0,correct->NB,75.87301587301587,33.444195650597685
nsl-kdd,7,0,soft->DT,93.84920634920636,68.53073898459657
nsl-kdd,7,0,correct->DT,99.12698412698413,84.88900692403601
nsl-kdd,7,0,committee->DT,99.32539682539682,85.57513101308312
nsl-kdd,7,1,baseline->NB,68.2936507936508,30.150760925463494
nsl-kdd,7,1,soft->NB,76.58730158730158,36.20232781910371
nsl-kdd,7,1,attr->NB,60.43650793650794,36.42993483172373
nsl-kdd,7,1,softattr->NB,77.3015873015873,39.05853238421787
nsl-kdd,7,1,correct->NB,76.82539682539682,38.887912588504875
nsl-kdd,7,1,soft->DT,89.72222222222223,77.24672999831232
nsl-kdd,7,1,correct->DT,99.44444444444444,87.90159919325409
nsl-kdd,7,1,committee->DT,99.44444444444444,82.09971910348546
nsl-kdd,7,2,baseline->NB,67.09011512504962,29.38099005078915
nsl-kdd,7,2,soft->NB,75.02977371973004,26.26873031394815
nsl-kdd,7,2,attr->NB,60.262008733624455,30.1852590175569
nsl-kdd,7,2,softattr->NB,76.81619690353315,32.708495518114965
nsl-kdd,7,2,correct->NB,73.56093687971418,31.904310076415925
nsl-kdd,7,2,soft->DT,88.60658991663358,61.84888638484399
nsl-kdd,7,2,correct->DT,99.12663755458516,79.65913383543459
nsl-kdd,7,2,committee->DT,99.40452560539897,79.7300608864007
nsl-kdd,7,3,baseline->NB,66.13735609368797,28.335552830886872
nsl-kdd,7,3,soft->NB,73.75942834458118,26.4640714158226
nsl-kdd,7,3,attr->NB,60.53989678443827,30.648129398171413
nsl-kdd,7,3,softattr->NB,75.18856689162367,30.905521810261465
nsl-kdd,7,3,correct->NB,74.83128225486304,32.88252748238797
nsl-kdd,7,3,soft->DT,94.4422389837237,63.85102225520403
nsl-kdd,7,3,correct->DT,98.76935291782453,76.93600996422363
nsl-kdd,7,3,committee->DT,99.04724096863835,77.97149563595241
nsl-kdd,7,4,baseline->NB,73.79912663755458,32.47818694645559
nsl-kdd,7,4,soft->NB,76.61770543866614,37.287823349007475
nsl-kdd,7,4,attr->NB,71.97300516077809,36.016386657439426
nsl-kdd,7,4,softattr->NB,78.04684398570862,40.56103452235285
nsl-kdd,7,4,correct->NB,74.75188566891623,36.907556880040524
nsl-kdd,7,4,soft->DT,86.62167526796348,68.18642669789097
nsl-kdd,7,4,correct->DT,99.32512901945216,89.65731585577605
nsl-kdd,7,4,committee->DT,99.24573243350535,85.77475549861802
nsl-kdd,7,5,baseline->NB,71.69511710996427,45.309680647093195
nsl-kdd,7,5,soft->NB,81.38150059547439,46.20342661188582
nsl-kdd,7,5,attr->NB,72.92576419213974,41.91900414323839
nsl-kdd,7,5,softattr->NB,83.2473203652243,46.442603951441654
nsl-kdd,7,5,correct->NB,81.89757840412862,49.543120736402386
nsl-kdd,7,5,soft->DT,88.40809845176658,60.35483010242455
nsl-kdd,7,5,correct->DT,99.36482731242556,85.1119382964937
nsl-kdd,7,5,committee->DT,99.40452560539897,85.02430098270881
nsl-kdd,7,6,baseline->NB,67.44739976181025,34.90098403796026
nsl-kdd,7,6,soft->NB,75.8634378721715,37.12720884913503
nsl-kdd,7,6,attr->NB,60.42080190551806,45.70836019615124
nsl-kdd,7,6,softattr->NB,76.61770543866614,39.52401828976346
nsl-kdd,7,6,correct->NB,74.51369591107583,37.27025272223821
nsl-kdd,7,6,soft->DT,88.28900357284637,69.95420820751933
nsl-kdd,7,6,correct->DT,99.16633584755856,84.46741195912796
nsl-kdd,7,6,committee->DT,99.56331877729258,92.32267437264649
nsl-kdd,7,7,baseline->NB,65.62127828503374,35.328672367609336
nsl-kdd,7,7,soft->NB,74.63279078999604,33.62144126047737
nsl-kdd,7,7,attr->NB,58.951965065502186,44.20594569853069
nsl-kdd,7,7,softattr->NB,75.70464470027788,44.2830679164535
nsl-kdd,7,7,correct->NB,73.16395394998015,34.83288058489339
nsl-kdd,7,7,soft->DT,86.74077014688369,59.64494880075013
nsl-kdd,7,7,correct->DT,99.20603414053195,82.6868783799679
nsl-kdd,7,7,committee->DT,99.28543072647876,76.26550260027406
nsl-kdd,7,8,baseline->NB,63.87455339420405,33.08007321116334
nsl-kdd,7,8,soft->NB,74.1167129813418,34.42313053012154
nsl-kdd,7,8,attr->NB,58.83287018658198,39.145318977465834
nsl-kdd,7,8,softattr->NB,75.30766177054387,39.007655172768374
nsl-kdd,7,8,correct->NB,72.80666931321953,37.68426342034214
nsl-kdd,7,8,soft->DT,86.06589916633585,60.67490702821578
nsl-kdd,7,8,correct->DT,99.28543072647876,78.86817961207133
nsl-kdd,7,8,committee->DT,99.12663755458516,73.73403538756776
nsl-kdd,7,9,baseline->NB,63.914251687177455,33.07298983153779
nsl-kdd,7,9,soft->NB,74.83128225486304,28.406018114470456
nsl-kdd,7,9,attr->NB,66.17705438666137,33.81706587643121
nsl-kdd,7,9,softattr->NB,76.93529178245335,33.75749699251221
nsl-kdd,7,9,correct->NB,74.91067884080985,33.09504134551576
nsl-kdd,7,9,soft->DT,87.81262405716554,67.38171470361868
nsl-kdd,7,9,correct->DT,99.08693926161175,82.66049655745903
nsl-kdd,7,9,committee->DT,99.32512901945216,78.0223590824403
nsl-kdd,8,0,baseline->NB,65.35714285714286,28.560990606380223
nsl-kdd,8,0,soft->NB,74.8015873015873,27.928560669524344
nsl-kdd,8,0,attr->NB,59.08730158730159,32.11894171110672
nsl-kdd,8,0,softattr->NB,75.7936507936508,28.158496217513402
nsl-kdd,8,0,correct->NB,73.37301587301587,32.82627578713861
nsl-kdd,8,0,soft->DT,87.46031746031746,64.47763765980562
nsl-kdd,8,0,correct->DT,99.32539682539682,85.2349073227267
nsl-kdd,8,0,committee->DT,99.12698412698413,83.92179356608025
nsl-kdd,8,1,baseline->NB,66.11111111111111,34.92546548680535
nsl-kdd,8,1,soft->NB,75.47619047619048,32.93389567730437
nsl-kdd,8,1,attr->NB,60.317460317460316,42.99033807957507
nsl-kdd,8,1,softattr->NB,76.30952380952381,41.15202931390569
nsl-kdd,8,1,correct->NB,75.55555555555556,33.75408933288437
nsl-kdd,8,1,soft->DT,93.25396825396825,76.64781530769001
nsl-kdd,8,1,correct->DT,99.28571428571429,79.94865453487857
nsl-kdd,8,1,committee->DT,99.44444444444444,89.77745735374441
nsl-kdd,8,2,baseline->NB,67.09011512504962,34.04471134779648
nsl-kdd,8,2,soft->NB,76.14132592298532,37.21715344312842
nsl-kdd,8,2,attr->NB,60.02381897578404,35.40621312797532
nsl-kdd,8,2,softattr->NB,77.01468836840016,38.88562751957096
nsl-kdd,8,2,correct->NB,76.41921397379913,36.763430976496906
nsl-kdd,8,2,soft->DT,93.05279872965463,65.2336012548762
nsl-kdd,8,2,correct->DT,99.28543072647876,85.34371006311844
nsl-kdd,8,2,committee->DT,99.24573243350535,79.79701925396479
nsl-kdd,8,3,baseline->NB,64.39063120285827,34.69414979670309
nsl-kdd,8,3,soft->NB,75.42675664946407,37.013627708789954
nsl-kdd,8,3,attr->NB,58.872568479555376,39.317804433379585
nsl-kdd,8,3,softattr->NB,76.45891226677253,43.67359407589845
nsl-kdd,8,3,correct->NB,75.82373957919809,39.03634769405704
nsl-kdd,8,3,soft->DT,87.37594283445812,65.57529961958895
nsl-kdd,8,3,correct->DT,99.12663755458516,82.58184020253742
nsl-kdd,8,3,committee->DT,99.56331877729258,92.33937749373996
nsl-kdd,8,4,baseline->NB,64.50972608177848,35.75100488980132
nsl-kdd,8,4,soft->NB,74.1961095672886,32.452673196438084
nsl-kdd,8,4,attr->NB,59.507741167129815,36.74885455223901
nsl-kdd,8,4,softattr->NB,75.46645494243748,36.62959137298017
nsl-kdd,8,4,correct->NB,74.39460103215562,38.14434922265313
nsl-kdd,8,4,soft->DT,87.41564112743153,63.57512885192277
nsl-kdd,8,4,correct->DT,98.72965462485114,88.27653133610653
nsl-kdd,8,4,committee->DT,99.04724096863835,79.15884992011625
nsl-kdd,8,5,baseline->NB,66.93132195315602,30.525228593227112
nsl-kdd,8,5,soft->NB,75.02977371973004,30.584563111998992
nsl-kdd,8,5,attr->NB,60.14291385470425,34.492858890678704
nsl-kdd,8,5,softattr->NB,76.30011909487892,33.21662489321082
nsl-kdd,8,5,correct->NB,72.2508932115919,31.08710200713095
nsl-kdd,8,5,soft->DT,88.16990869392616,63.02097856274089
nsl-kdd,8,5,correct->DT,99.16633584755856,85.20256810938609
nsl-kdd,8,5,committee->DT,99.40452560539897,73.8201124488865
nsl-kdd,8,6,baseline->NB,72.01270345375148,49.008441100399196
nsl-kdd,8,6,soft->NB,79.99206034140532,44.90165260771044
nsl-kdd,8,6,attr->NB,68.5986502580389,44.248387844730175
nsl-kdd,8,6,softattr->NB,82.77094084954346,47.24969183580421
nsl-kdd,8,6,correct->NB,80.90512107979357,51.99663340451687
nsl-kdd,8,6,soft->DT,88.8844779674474,58.01642533183753
nsl-kdd,8,6,correct->DT,99.36482731242556,92.00257143031654
nsl-kdd,8,6,committee->DT,99.52362048431917,92.29442800484267
nsl-kdd,8,7,baseline->NB,65.81976974990076,33.73367848872744
nsl-kdd,8,7,soft->NB,74.99007542675665,36.45033796849921
nsl-kdd,8,7,attr->NB,61.41325922985312,37.53811875985791
nsl-kdd,8,7,softattr->NB,75.38705835649067,40.026650433072355
nsl-kdd,8,7,correct->NB,74.1961095672886,42.22336673965648
nsl-kdd,8,7,soft->DT,95.11710996427153,76.63470392863537
nsl-kdd,8,7,correct->DT,99.32512901945216,77.91259145930238
nsl-kdd,8,7,committee->DT,99.16633584755856,72.64313596307097
nsl-kdd,8,8,baseline->NB,67.64589122667725,36.615329748913716
nsl-kdd,8,8,soft->NB,75.82373957919809,35.11030015538581
nsl-kdd,8,8,attr->NB,60.500198491464865,40.671286412570204
nsl-kdd,8,8,softattr->NB,76.97499007542676,42.14370265809823
nsl-kdd,8,8,correct->NB,76.45891226677253,35.35752107473395
nsl-kdd,8,8,soft->DT,87.1377530766177,59.575997159368065
nsl-kdd,8,8,correct->DT,98.84874950377134,72.5371397447041
nsl-kdd,8,8,committee->DT,99.04724096863835,68.9238582703476
nsl-kdd,8,9,baseline->NB,75.34736006351727,28.830597647791706
nsl-kdd,8,9,soft->NB,76.26042080190552,29.713594432690588
nsl-kdd,8,9,attr->NB,70.82175466454943,31.641146528914767
nsl-kdd,8,9,softattr->NB,76.37951568082572,32.56884031282208
nsl-kdd,8,9,correct->NB,75.9031361651449,30.315954721111293
nsl-kdd,8,9,soft->DT,88.9638745533942,64.88698203382413
nsl-kdd,8,9,correct->DT,99.28543072647876,83.38878151051208
nsl-kdd,8,9,committee->DT,99.28543072647876,82.58488106749928
nsl-kdd,9,0,baseline->NB,65.91269841269842,29.863844397050666
nsl-kdd,9,0,soft->NB,75.15873015873017,32.05209515888705
nsl-kdd,9,0,attr->NB,60.43650793650794,33.01197681366814
nsl-kdd,9,0,softattr->NB,76.42857142857143,34.50146804224447
nsl-kdd,9,0,correct->NB,75.5952380952381,33.25805491675505
nsl-kdd,9,0,soft->DT,89.2063492063492,70.65904730595192
nsl-kdd,9,0,correct->DT,99.12698412698413,84.91921776323532
nsl-kdd,9,0,committee->DT,98.73015873015873,83.47126149771188
nsl-kdd,9,1,baseline->NB,66.46825396825396,35.502138648853865
nsl-kdd,9,1,soft->NB,75.07936507936508,36.7124026846376
nsl-kdd,9,1,attr->NB,59.76190476190476,37.51836584879186
nsl-kdd,9,1,softattr->NB,76.26984126984127,37.5634502681775
nsl-kdd,9,1,correct->NB,75.15873015873017,40.748077578320036
nsl-kdd,9,1,soft->DT,94.36507936507937,73.17518427699164
nsl-kdd,9,1,correct->DT,99.28571428571429,85.1396491541715
nsl-kdd,9,1,committee->DT,99.44444444444444,85.8126675826562
nsl-kdd,9,2,baseline->NB,73.20365224295355,47.46290311549173
nsl-kdd,9,2,soft->NB,80.78602620087337,39.83927463127379
nsl-kdd,9,2,attr->NB,75.34736006351727,44.67751858604888
nsl-kdd,9,2,softattr->NB,83.00913060738388,43.759589830086234
nsl-kdd,9,2,correct->NB,83.00913060738388,52.32680426034676
nsl-kdd,9,2,soft->DT,88.8050813815006,59.272984208586244
nsl-kdd,9,2,correct->DT,99.16633584755856,85.91440524566383
nsl-kdd,9,2,committee->DT,99.40452560539897,92.04425574486132
nsl-kdd,9,3,baseline->NB,73.40214370782057,33.9373865560347
nsl-kdd,9,3,soft->NB,77.01468836840016,37.341312979224526
nsl-kdd,9,3,attr->NB,72.52878126240572,47.262306743530466
nsl-kdd,9,3,softattr->NB,78.24533545057562,41.020951754202144
nsl-kdd,9,3,correct->NB,75.02977371973004,39.43062237508072
nsl-kdd,9,3,soft->DT,85.3116315998412,63.60636639551988
nsl-kdd,9,3,correct->DT,99.32512901945216,89.75692072753017
nsl-kdd,9,3,committee->DT,99.36482731242556,88.36682267330481
nsl-kdd,9,4,baseline->NB,67.64589122667725,30.5534829366575
nsl-kdd,9,4,soft->NB,75.9825327510917,28.32604102590529
nsl-kdd,9,4,attr->NB,59.309249702262804,32.3705221483378
nsl-kdd,9,4,softattr->NB,76.45891226677253,32.6282835324481
nsl-kdd,9,4,correct->NB,74.51369591107583,33.78559501881005
nsl-kdd,9,4,soft->DT,93.17189360857483,65.82596338782206
nsl-kdd,9,4,correct->DT,99.00754267566495,78.96397301988549
nsl-kdd,9,4,committee->DT,99.32512901945216,79.56509658059775
nsl-kdd,9,5,baseline->NB,65.54188169908694,36.68865237125416
nsl-kdd,9,5,soft->NB,75.30766177054387,31.489124249232404
nsl-kdd,9,5,attr->NB,58.31679237792775,35.83652717630906
nsl-kdd,9,5,softattr->NB,76.61770543866614,33.96002499099138
nsl-kdd,9,5,correct->NB,73.48154029376737,35.147480315794276
nsl-kdd,9,5,soft->DT,88.32870186581977,68.83474015180755
nsl-kdd,9,5,correct->DT,99.16633584755856,84.85371146384645
nsl-kdd,9,5,committee->DT,99.12663755458516,83.94205872973194
nsl-kdd,9,6,baseline->NB,68.79714172290592,31.596612111285832
nsl-kdd,9,6,soft->NB,75.58554982135769,31.23618352008813
nsl-kdd,9,6,attr->NB,58.435887256847955,33.655458290677345
nsl-kdd,9,6,softattr->NB,76.93529178245335,33.64775010572226
nsl-kdd,9,6,correct->NB,75.70464470027788,32.52769547150507
nsl-kdd,9,6,soft->DT,94.2437475188567,76.23548501052328
nsl-kdd,9,6,correct->DT,99.08693926161175,84.59286961389463
nsl-kdd,9,6,committee->DT,99.12663755458516,84.1167647726201
nsl-kdd,9,7,baseline->NB,63.596665343390235,30.65635747465943
nsl-kdd,9,7,soft->NB,74.87098054783644,33.18546286073884
nsl-kdd,9,7,attr->NB,58.35649067090115,35.666954378994745
nsl-kdd,9,7,softattr->NB,76.33981738785232,33.01095638298265
nsl-kdd,9,7,correct->NB,75.22826518459706,31.46332666098461
nsl-kdd,9,7,soft->DT,86.9392616117507,59.258965942866915
nsl-kdd,9,7,correct->DT,99.24573243350535,78.58316869823571
nsl-kdd,9,7,committee->DT,99.40452560539897,78.69758660189376
nsl-kdd,9,8,baseline->NB,64.19213973799127,35.31161819586688
nsl-kdd,9,8,soft->NB,74.27550615323541,36.087149241806834
nsl-kdd,9,8,attr->NB,58.51528384279476,43.067864796232726
nsl-kdd,9,8,softattr->NB,75.62524811433109,42.66420189847611
nsl-kdd,9,8,correct->NB,74.79158396188964,42.179315115498966
nsl-kdd,9,8,soft->DT,87.0980547836443,61.87481968577131
nsl-kdd,9,8,correct->DT,99.20603414053195,76.02748438972779
nsl-kdd,9,8,committee->DT,99.20603414053195,78.17480196337799
nsl-kdd,9,9,baseline->NB,64.98610559745931,26.686751489677143
nsl-kdd,9,9,soft->NB,74.35490273918222,27.397189644218507
nsl-kdd,9,9,attr->NB,57.76101627630012,31.343028226855797
nsl-kdd,9,9,softattr->NB,74.75188566891623,30.55941735620229
nsl-kdd,9,9,correct->NB,74.87098054783644,31.563544654332244
nsl-kdd,9,9,soft->DT,86.82016673283049,56.12318955718175
nsl-kdd,9,9,correct->DT,99.32512901945216,85.19116121012016
nsl-kdd,9,9,committee->DT,99.28543072647876,78.51902173008912
