dataset,seed,fold,class,class_share,deleted,relabelled,low_weight,mean_weight
breast-cancer,0,0,no-recurrence-events,0.7003891050583657,15,15,24,0.774330440186945
breast-cancer,0,0,recurrence-events,0.29961089494163423,49,49,41,0.5011984536126375
breast-cancer,0,1,no-recurrence-events,0.7042801556420234,16,16,24,0.7801808604221633
breast-cancer,0,1,recurrence-events,0.29571984435797666,46,46,39,0.5136963491542286
breast-cancer,0,2,no-recurrence-events,0.7042801556420234,15,15,27,0.7751979404305868
breast-cancer,0,2,recurrence-events,0.29571984435797666,45,45,38,0.5149707785264458
breast-cancer,0,3,no-recurrence-events,0.7042801556420234,14,14,25,0.7735391847615668
breast-cancer,0,3,recurrence-events,0.29571984435797666,47,47,39,0.5032886433521626
breast-cancer,0,4,no-recurrence-events,0.7042801556420234,14,14,24,0.7787757492653345
breast-cancer,0,4,recurrence-events,0.29571984435797666,45,45,39,0.5055302003192014
breast-cancer,0,5,no-recurrence-events,0.7042801556420234,13,13,24,0.7870825757246754
breast-cancer,0,5,recurrence-events,0.29571984435797666,45,45,36,0.5245095326912305
breast-cancer,0,6,no-recurrence-events,0.7015503875968992,13,13,28,0.7608720960678343
breast-cancer,0,6,recurrence-events,0.29844961240310075,50,50,43,0.4849073185883302
breast-cancer,0,7,no-recurrence-events,0.7015503875968992,16,16,27,0.7757932285470823
breast-cancer,0,7,recurrence-events,0.29844961240310075,45,45,40,0.5132805725786121
breast-cancer,0,8,no-recurrence-events,0.7015503875968992,13,13,26,0.7784066345760834
breast-cancer,0,8,recurrence-events,0.29844961240310075,45,45,39,0.5180266949627282
breast-cancer,0,9,no-recurrence-events,0.7015503875968992,14,14,27,0.7730845542332127
breast-cancer,0,9,recurrence-events,0.29844961240310075,45,45,37,0.5127618805962278
breast-cancer,1,0,no-recurrence-events,0.7003891050583657,14,14,28,0.7719813842662231
breast-cancer,1,0,recurrence-events,0.29961089494163423,46,46,40,0.5061627522938305
breast-cancer,1,1,no-recurrence-events,0.7042801556420234,14,14,25,0.779132184016321
breast-cancer,1,1,recurrence-events,0.29571984435797666,42,42,37,0.5181168800113546
breast-cancer,1,2,no-recurrence-events,0.7042801556420234,12,12,27,0.7738555641225636
breast-cancer,1,2,recurrence-events,0.29571984435797666,45,45,37,0.5090201179152487
breast-cancer,1,3,no-recurrence-events,0.7042801556420234,17,17,26,0.7806200778627332
breast-cancer,1,3,recurrence-events,0.29571984435797666,47,47,39,0.5158837124213855
breast-cancer,1,4,no-recurrence-events,0.7042801556420234,13,13,26,0.7742942977509827
breast-cancer,1,4,recurrence-events,0.29571984435797666,48,48,42,0.5002082363650829
breast-cancer,1,5,no-recurrence-events,0.7042801556420234,14,14,27,0.76888990957844
breast-cancer,1,5,recurrence-events,0.29571984435797666,45,45,39,0.5029943411233633
breast-cancer,1,6,no-recurrence-events,0.7015503875968992,12,12,28,0.7760429918161245
breast-cancer,1,6,recurrence-events,0.29844961240310075,50,50,39,0.5002173106049528
breast-cancer,1,7,no-recurrence-events,0.7015503875968992,14,14,28,0.7752672941583604
breast-cancer,1,7,recurrence-events,0.29844961240310075,45,45,38,0.5200317629151333
breast-cancer,1,8,no-recurrence-events,0.7015503875968992,15,15,26,0.7725500743500572
breast-cancer,1,8,recurrence-events,0.29844961240310075,49,49,44,0.4915559737743112
breast-cancer,1,9,no-recurrence-events,0.7015503875968992,15,15,27,0.7828907539723942
breast-cancer,1,9,recurrence-events,0.29844961240310075,45,45,38,0.5309701935650312
breast-cancer,2,0,no-recurrence-events,0.7003891050583657,14,14,27,0.768198610833534
breast-cancer,2,0,recurrence-events,0.29961089494163423,46,46,40,0.4984994487153119
breast-cancer,2,1,no-recurrence-events,0.7042801556420234,12,12,27,0.777264156221861
breast-cancer,2,1,recurrence-events,0.29571984435797666,48,48,41,0.5067169673817489
breast-cancer,2,2,no-recurrence-events,0.7042801556420234,16,16,25,0.7781698140251148
breast-cancer,2,2,recurrence-events,0.29571984435797666,46,46,39,0.5085274864580481
breast-cancer,2,3,no-recurrence-events,0.7042801556420234,13,13,23,0.7849406646535609
breast-cancer,2,3,recurrence-events,0.29571984435797666,46,46,38,0.5137302137532394
breast-cancer,2,4,no-recurrence-events,0.7042801556420234,15,15,26,0.7781241098678787
breast-cancer,2,4,recurrence-events,0.29571984435797666,45,45,38,0.501621858774565
breast-cancer,2,5,no-recurrence-events,0.7042801556420234,11,11,24,0.7832966514045617
breast-cancer,2,5,recurrence-events,0.29571984435797666,46,46,34,0.5218706661074604
breast-cancer,2,6,no-recurrence-events,0.7015503875968992,15,15,26,0.7856006821007615
breast-cancer,2,6,recurrence-events,0.29844961240310075,38,38,35,0.5559430547965604
breast-cancer,2,7,no-recurrence-events,0.7015503875968992,15,15,25,0.7671689555962273
breast-cancer,2,7,recurrence-events,0.29844961240310075,46,46,39,0.48515884499068856
breast-cancer,2,8,no-recurrence-events,0.7015503875968992,15,15,26,0.7731560556358805
breast-cancer,2,8,recurrence-events,0.29844961240310075,48,48,40,0.5087931594299502
breast-cancer,2,9,no-recurrence-events,0.7015503875968992,17,17,30,0.7645891909110658
breast-cancer,2,9,recurrence-events,0.29844961240310075,45,45,39,0.49708662401329334
breast-cancer,3,0,no-recurrence-events,0.7003891050583657,16,16,27,0.7755043704724075
breast-cancer,3,0,recurrence-events,0.29961089494163423,44,44,38,0.5117833059345216
breast-cancer,3,1,no-recurrence-events,0.7042801556420234,14,14,27,0.771415025478315
breast-cancer,3,1,recurrence-events,0.29571984435797666,47,47,40,0.5010776915078807
breast-cancer,3,2,no-recurrence-events,0.7042801556420234,15,15,26,0.7787850944399042
breast-cancer,3,2,recurrence-events,0.29571984435797666,45,45,38,0.5169050685415669
breast-cancer,3,3,no-recurrence-events,0.7042801556420234,15,15,25,0.7828038039169205
breast-cancer,3,3,recurrence-events,0.29571984435797666,46,46,40,0.5142821552127063
breast-cancer,3,4,no-recurrence-events,0.7042801556420234,15,15,27,0.7704409354879165
breast-cancer,3,4,recurrence-events,0.29571984435797666,46,46,42,0.4869307833078714
breast-cancer,3,5,no-recurrence-events,0.7042801556420234,13,13,27,0.771446389058116
breast-cancer,3,5,recurrence-events,0.29571984435797666,50,50,39,0.5128150495449041
breast-cancer,3,6,no-recurrence-events,0.7015503875968992,12,12,27,0.7692603056135552
breast-cancer,3,6,recurrence-events,0.29844961240310075,47,47,42,0.4966561898980531
breast-cancer,3,7,no-recurrence-events,0.7015503875968992,14,14,22,0.7934045229842975
breast-cancer,3,7,recurrence-events,0.29844961240310075,39,39,33,0.5487317849879307
breast-cancer,3,8,no-recurrence-events,0.7015503875968992,15,15,26,0.7759739189231059
breast-cancer,3,8,recurrence-events,0.29844961240310075,46,46,40,0.5019330188274526
breast-cancer,3,9,no-recurrence-events,0.7015503875968992,17,17,27,0.7676731771125065
breast-cancer,3,9,recurrence-events,0.29844961240310075,42,42,39,0.5048427275734626
breast-cancer,4,0,no-recurrence-events,0.7003891050583657,17,17,29,0.7680213407886404
breast-cancer,4,0,recurrence-events,0.29961089494163423,44,44,37,0.5068184211774858
breast-cancer,4,1,no-recurrence-events,0.7042801556420234,12,12,25,0.7930038601770768
breast-cancer,4,1,recurrence-events,0.29571984435797666,43,43,34,0.5576677959863939
breast-cancer,4,2,no-recurrence-events,0.7042801556420234,17,17,26,0.7798600524549525
breast-cancer,4,2,recurrence-events,0.29571984435797666,45,45,40,0.5167368142262764
breast-cancer,4,3,no-recurrence-events,0.7042801556420234,16,16,25,0.7788442118399211
breast-cancer,4,3,recurrence-events,0.29571984435797666,47,47,39,0.5092338750471392
breast-cancer,4,4,no-recurrence-events,0.7042801556420234,15,15,27,0.7732541803548024
breast-cancer,4,4,recurrence-events,0.29571984435797666,46,46,40,0.5051651187851732
breast-cancer,4,5,no-recurrence-events,0.7042801556420234,16,16,26,0.777435195024005
breast-cancer,4,5,recurrence-events,0.29571984435797666,45,45,40,0.5040057922131582
breast-cancer,4,6,no-recurrence-events,0.7015503875968992,15,15,28,0.7737132357376257
breast-cancer,4,6,recurrence-events,0.29844961240310075,44,44,39,0.5105936644227356
breast-cancer,4,7,no-recurrence-events,0.7015503875968992,12,12,25,0.7663927825853436
breast-cancer,4,7,recurrence-events,0.29844961240310075,52,52,42,0.489095832004248
breast-cancer,4,8,no-recurrence-events,0.7015503875968992,13,13,27,0.76825029672474
breast-cancer,4,8,recurrence-events,0.29844961240310075,50,50,43,0.4841282188434405
breast-cancer,4,9,no-recurrence-events,0.7015503875968992,15,15,27,0.7757642776545988
breast-cancer,4,9,recurrence-events,0.29844961240310075,47,47,42,0.5139426575827313
breast-cancer,5,0,no-recurrence-events,0.7003891050583657,14,14,24,0.7804382682111809
breast-cancer,5,0,recurrence-events,0.29961089494163423,44,44,37,0.5168117288985522
breast-cancer,5,1,no-recurrence-events,0.7042801556420234,13,13,27,0.7750734630749689
breast-cancer,5,1,recurrence-events,0.29571984435797666,46,46,40,0.5079656667418583
breast-cancer,5,2,no-recurrence-events,0.7042801556420234,12,12,27,0.7752334730654183
breast-cancer,5,2,recurrence-events,0.29571984435797666,46,46,37,0.5041992055845057
breast-cancer,5,3,no-recurrence-events,0.7042801556420234,14,14,28,0.7744380844084583
breast-cancer,5,3,recurrence-events,0.29571984435797666,43,43,37,0.5149309809421787
breast-cancer,5,4,no-recurrence-events,0.7042801556420234,14,14,27,0.777303295199708
breast-cancer,5,4,recurrence-events,0.29571984435797666,47,47,37,0.514092597210315
breast-cancer,5,5,no-recurrence-events,0.7042801556420234,13,13,24,0.7864175628949953
breast-cancer,5,5,recurrence-events,0.29571984435797666,43,43,38,0.5148272993463454
breast-cancer,5,6,no-recurrence-events,0.7015503875968992,16,16,25,0.774299998711465
breast-cancer,5,6,recurrence-events,0.29844961240310075,45,45,38,0.5034636321613506
breast-cancer,5,7,no-recurrence-events,0.7015503875968992,14,14,27,0.7644636208965758
breast-cancer,5,7,recurrence-events,0.29844961240310075,45,45,40,0.5002900256080542
breast-cancer,5,8,no-recurrence-events,0.7015503875968992,17,17,28,0.774312027097056
breast-cancer,5,8,recurrence-events,0.29844961240310075,46,46,37,0.5156677684068316
breast-cancer,5,9,no-recurrence-events,0.7015503875968992,14,14,26,0.7757674136377687
breast-cancer,5,9,recurrence-events,0.29844961240310075,47,47,39,0.5054603474584799
breast-cancer,6,0,no-recurrence-events,0.7003891050583657,14,14,27,0.7686449945562963
breast-cancer,6,0,recurrence-events,0.29961089494163423,47,47,38,0.5003646262533079
breast-cancer,6,1,no-recurrence-events,0.7042801556420234,11,11,24,0.7835565256281332
breast-cancer,6,1,recurrence-events,0.29571984435797666,46,46,42,0.5121446582533731
breast-cancer,6,2,no-recurrence-events,0.7042801556420234,15,15,31,0.7708604353050608
breast-cancer,6,2,recurrence-events,0.29571984435797666,47,47,39,0.5033837350262291
breast-cancer,6,3,no-recurrence-events,0.7042801556420234,15,15,24,0.7744771020529944
breast-cancer,6,3,recurrence-events,0.29571984435797666,46,46,40,0.49876055955741794
breast-cancer,6,4,no-recurrence-events,0.7042801556420234,18,18,28,0.769107420884275
breast-cancer,6,4,recurrence-events,0.29571984435797666,42,42,37,0.5069906654787326
breast-cancer,6,5,no-recurrence-events,0.7042801556420234,17,17,26,0.7801513623903856
breast-cancer,6,5,recurrence-events,0.29571984435797666,41,41,39,0.5178135688013399
breast-cancer,6,6,no-recurrence-events,0.7015503875968992,15,15,26,0.7730853653550814
breast-cancer,6,6,recurrence-events,0.29844961240310075,43,43,38,0.49859386959021607
breast-cancer,6,7,no-recurrence-events,0.7015503875968992,15,15,25,0.7810920198771825
breast-cancer,6,7,recurrence-events,0.29844961240310075,42,42,33,0.5266581535159326
breast-cancer,6,8,no-recurrence-events,0.7015503875968992,13,13,24,0.7816920113520036
breast-cancer,6,8,recurrence-events,0.29844961240310075,43,43,37,0.5187758426434145
breast-cancer,6,9,no-recurrence-events,0.7015503875968992,11,11,25,0.7783321860800939
breast-cancer,6,9,recurrence-events,0.29844961240310075,47,47,39,0.5193487616143809
breast-cancer,7,0,no-recurrence-events,0.7003891050583657,16,16,26,0.7823170878471872
breast-cancer,7,0,recurrence-events,0.29961089494163423,41,41,37,0.529867300298221
breast-cancer,7,1,no-recurrence-events,0.7042801556420234,18,18,28,0.7715563267062441
breast-cancer,7,1,recurrence-events,0.29571984435797666,47,47,40,0.5032119897083728
breast-cancer,7,2,no-recurrence-events,0.7042801556420234,16,16,25,0.769828582291304
breast-cancer,7,2,recurrence-events,0.29571984435797666,48,48,41,0.4908758068648289
breast-cancer,7,3,no-recurrence-events,0.7042801556420234,11,11,26,0.7793059281348966
breast-cancer,7,3,recurrence-events,0.29571984435797666,43,43,33,0.5236717053057367
breast-cancer,7,4,no-recurrence-events,0.7042801556420234,15,15,28,0.7719965772770327
breast-cancer,7,4,recurrence-events,0.29571984435797666,46,46,37,0.5005889347037048
breast-cancer,7,5,no-recurrence-events,0.7042801556420234,15,15,27,0.7748479566096511
breast-cancer,7,5,recurrence-events,0.29571984435797666,46,46,41,0.5003250020943982
breast-cancer,7,6,no-recurrence-events,0.7015503875968992,15,15,27,0.7701798478035802
breast-cancer,7,6,recurrence-events,0.29844961240310075,47,47,39,0.5065868585449494
breast-cancer,7,7,no-recurrence-events,0.7015503875968992,13,13,24,0.7817608540959528
breast-cancer,7,7,recurrence-events,0.29844961240310075,47,47,40,0.5112756661767671
breast-cancer,7,8,no-recurrence-events,0.7015503875968992,14,14,25,0.7831609421029672
breast-cancer,7,8,recurrence-events,0.29844961240310075,43,43,36,0.5191577830919362
breast-cancer,7,9,no-recurrence-events,0.7015503875968992,12,12,27,0.7727758533927271
breast-cancer,7,9,recurrence-events,0.29844961240310075,42,42,37,0.5140708093128781
breast-cancer,8,0,no-recurrence-events,0.7003891050583657,14,14,26,0.7760642036586882
breast-cancer,8,0,recurrence-events,0.29961089494163423,44,44,39,0.5083527532923232
breast-cancer,8,1,no-recurrence-events,0.7042801556420234,13,13,25,0.781256287582236
breast-cancer,8,1,recurrence-events,0.29571984435797666,45,45,37,0.5060728967590422
breast-cancer,8,2,no-recurrence-events,0.7042801556420234,17,17,27,0.7813503429616995
breast-cancer,8,2,recurrence-events,0.29571984435797666,43,43,38,0.5216362880405656
breast-cancer,8,3,no-recurrence-events,0.7042801556420234,16,16,26,0.7740718140830211
breast-cancer,8,3,recurrence-events,0.29571984435797666,47,47,41,0.4971016410735807
breast-cancer,8,4,no-recurrence-events,0.7042801556420234,14,14,25,0.7721890912040619
breast-cancer,8,4,recurrence-events,0.29571984435797666,46,46,39,0.5016711852969038
breast-cancer,8,5,no-recurrence-events,0.7042801556420234,15,15,26,0.7753733701916501
breast-cancer,8,5,recurrence-events,0.29571984435797666,45,45,39,0.5090101095248307
breast-cancer,8,6,no-recurrence-events,0.7015503875968992,13,13,31,0.7770823908424581
breast-cancer,8,6,recurrence-events,0.29844961240310075,46,46,37,0.5248619153880933
breast-cancer,8,7,no-recurrence-events,0.7015503875968992,16,16,25,0.7730572856512905
breast-cancer,8,7,recurrence-events,0.29844961240310075,50,50,42,0.504076045281221
breast-cancer,8,8,no-recurrence-events,0.7015503875968992,15,15,28,0.7838411979424423
breast-cancer,8,8,recurrence-events,0.29844961240310075,43,43,38,0.5326998044966755
breast-cancer,8,9,no-recurrence-events,0.7015503875968992,14,14,27,0.7644789613726009
breast-cancer,8,9,recurrence-events,0.29844961240310075,49,49,41,0.4930833461151048
breast-cancer,9,0,no-recurrence-events,0.7003891050583657,13,13,27,0.7790996405923994
breast-cancer,9,0,recurrence-events,0.29961089494163423,43,43,37,0.5238247713569374
breast-cancer,9,1,no-recurrence-events,0.7042801556420234,16,16,27,0.7686702574597527
breast-cancer,9,1,recurrence-events,0.29571984435797666,51,51,41,0.49113363260349946
breast-cancer,9,2,no-recurrence-events,0.7042801556420234,15,15,25,0.7787978067629505
breast-cancer,9,2,recurrence-events,0.29571984435797666,46,46,40,0.5028474281797484
breast-cancer,9,3,no-recurrence-events,0.7042801556420234,13,13,26,0.7735158779286436
breast-cancer,9,3,recurrence-events,0.29571984435797666,42,42,37,0.5082320851500384
breast-cancer,9,4,no-recurrence-events,0.7042801556420234,15,15,27,0.7751356127093331
breast-cancer,9,4,recurrence-events,0.29571984435797666,45,45,37,0.5080677232450231
breast-cancer,9,5,no-recurrence-events,0.7042801556420234,11,11,22,0.7918342552155987
breast-cancer,9,5,recurrence-events,0.29571984435797666,43,43,38,0.5278741398591427
breast-cancer,9,6,no-recurrence-events,0.7015503875968992,16,16,27,0.7713216827276657
breast-cancer,9,6,recurrence-events,0.29844961240310075,45,45,37,0.5184213433737207
breast-cancer,9,7,no-recurrence-events,0.7015503875968992,14,14,26,0.7713297812920493
breast-cancer,9,7,recurrence-events,0.29844961240310075,47,47,39,0.5043584428353973
breast-cancer,9,8,no-recurrence-events,0.7015503875968992,14,14,30,0.7651017921233438
breast-cancer,9,8,recurrence-events,0.29844961240310075,49,49,40,0.4894755307226504
breast-cancer,9,9,no-recurrence-events,0.7015503875968992,11,11,26,0.7824865455039204
breast-cancer,9,9,recurrence-events,0.29844961240310075,45,45,39,0.5223766924837892
contact-lenses,0,0,1,0.14285714285714285,1,1,3,0.4369670929461323
contact-lenses,0,0,2,0.23809523809523808,0,0,0,0.6789505890566064
contact-lenses,0,0,3,0.6190476190476191,1,1,1,0.7815802927625444
contact-lenses,0,1,1,0.14285714285714285,0,0,1,0.529054722539366
contact-lenses,0,1,2,0.23809523809523808,0,0,0,0.6459674061845139
contact-lenses,0,1,3,0.6190476190476191,1,1,2,0.7851806157492435
contact-lenses,0,2,1,0.14285714285714285,0,0,0,0.6015997788648777
contact-lenses,0,2,2,0.23809523809523808,0,0,0,0.6316004067643448
contact-lenses,0,2,3,0.6190476190476191,1,1,1,0.7890840663281788
contact-lenses,0,3,1,0.14285714285714285,0,0,1,0.5610325704183928
contact-lenses,0,3,2,0.23809523809523808,0,0,0,0.648832282119419
contact-lenses,0,3,3,0.6190476190476191,1,1,1,0.7902269471935394
contact-lenses,0,4,1,0.18181818181818182,0,0,0,0.5896038903629847
contact-lenses,0,4,2,0.22727272727272727,0,0,0,0.657345272497288
contact-lenses,0,4,3,0.5909090909090909,1,1,2,0.7794396221326554
contact-lenses,0,5,1,0.18181818181818182,0,0,0,0.6421580353326701
contact-lenses,0,5,2,0.18181818181818182,0,0,0,0.6136721052869549
contact-lenses,0,5,3,0.6363636363636364,1,1,2,0.8213729704542521
contact-lenses,0,6,1,0.18181818181818182,0,0,0,0.6274271147760405
contact-lenses,0,6,2,0.18181818181818182,0,0,0,0.6763942631444829
contact-lenses,0,6,3,0.6363636363636364,0,0,2,0.8291584197992862
contact-lenses,0,7,1,0.18181818181818182,0,0,0,0.6342992686302036
contact-lenses,0,7,2,0.18181818181818182,0,0,0,0.6093677450700641
contact-lenses,0,7,3,0.6363636363636364,2,2,2,0.8175820302255994
contact-lenses,0,8,1,0.18181818181818182,0,0,1,0.5955317926569628
contact-lenses,0,8,2,0.18181818181818182,0,0,1,0.5955317926569628
contact-lenses,0,8,3,0.6363636363636364,0,0,3,0.7930997708989432
contact-lenses,0,9,1,0.18181818181818182,0,0,1,0.5948606946038957
contact-lenses,0,9,2,0.18181818181818182,0,0,0,0.6168859186810149
contact-lenses,0,9,3,0.6363636363636364,1,1,2,0.796005538060639
contact-lenses,1,0,1,0.14285714285714285,0,0,0,0.5822754517028627
contact-lenses,1,0,2,0.23809523809523808,0,0,0,0.7028383127963831
contact-lenses,1,0,3,0.6190476190476191,1,1,1,0.8244580229417433
contact-lenses,1,1,1,0.14285714285714285,0,0,3,0.46274205395401213
contact-lenses,1,1,2,0.23809523809523808,0,0,0,0.662466896925895
contact-lenses,1,1,3,0.6190476190476191,1,1,2,0.7841581498711844
contact-lenses,1,2,1,0.14285714285714285,0,0,0,0.6495793397562593
contact-lenses,1,2,2,0.23809523809523808,0,0,0,0.6821426456319432
contact-lenses,1,2,3,0.6190476190476191,1,1,2,0.8127011913871296
contact-lenses,1,3,1,0.14285714285714285,0,0,1,0.5672138362515967
contact-lenses,1,3,2,0.23809523809523808,0,0,0,0.6599892394755942
contact-lenses,1,3,3,0.6190476190476191,1,1,1,0.7991914389010863
contact-lenses,1,4,1,0.18181818181818182,0,0,0,0.6426747804432484
contact-lenses,1,4,2,0.22727272727272727,0,0,0,0.6812263224442157
contact-lenses,1,4,3,0.5909090909090909,0,0,2,0.8104335716836562
contact-lenses,1,5,1,0.18181818181818182,0,0,1,0.5839393869114617
contact-lenses,1,5,2,0.18181818181818182,0,0,1,0.5859165802780879
contact-lenses,1,5,3,0.6363636363636364,1,1,2,0.7955266085379957
contact-lenses,1,6,1,0.18181818181818182,0,0,1,0.5945371016854971
contact-lenses,1,6,2,0.18181818181818182,0,0,1,0.5945371016854971
contact-lenses,1,6,3,0.6363636363636364,0,0,3,0.7910717628050535
contact-lenses,1,7,1,0.18181818181818182,0,0,1,0.5649732384033994
contact-lenses,1,7,2,0.18181818181818182,0,0,0,0.5835176417246796
contact-lenses,1,7,3,0.6363636363636364,1,1,1,0.7908912020151649
contact-lenses,1,8,1,0.18181818181818182,0,0,0,0.6034193330633987
contact-lenses,1,8,2,0.18181818181818182,0,0,0,0.6034193330633986
contact-lenses,1,8,3,0.6363636363636364,1,1,3,0.7914527058002794
contact-lenses,1,9,1,0.18181818181818182,0,0,1,0.5785201778717645
contact-lenses,1,9,2,0.18181818181818182,0,0,0,0.6318610023626946
contact-lenses,1,9,3,0.6363636363636364,0,0,1,0.7980923528114481
contact-lenses,2,0,1,0.14285714285714285,0,0,0,0.5541087332434901
contact-lenses,2,0,2,0.23809523809523808,0,0,0,0.6696455732313465
contact-lenses,2,0,3,0.6190476190476191,1,1,1,0.7928751025395087
contact-lenses,2,1,1,0.14285714285714285,1,1,1,0.5217012060502929
contact-lenses,2,1,2,0.23809523809523808,0,0,0,0.6954824897898039
contact-lenses,2,1,3,0.6190476190476191,0,0,2,0.8155552305011935
contact-lenses,2,2,1,0.14285714285714285,0,0,1,0.5672138362515967
contact-lenses,2,2,2,0.23809523809523808,0,0,0,0.6599892394755942
contact-lenses,2,2,3,0.6190476190476191,1,1,1,0.7991914389010863
contact-lenses,2,3,1,0.14285714285714285,0,0,0,0.5980775281048486
contact-lenses,2,3,2,0.23809523809523808,0,0,0,0.6715288972228864
contact-lenses,2,3,3,0.6190476190476191,1,1,1,0.8142564576493284
contact-lenses,2,4,1,0.18181818181818182,0,0,0,0.6293912218180726
contact-lenses,2,4,2,0.22727272727272727,0,0,0,0.6890248801711614
contact-lenses,2,4,3,0.5909090909090909,2,2,2,0.798216124740357
contact-lenses,2,5,1,0.18181818181818182,0,0,1,0.5955317926569628
contact-lenses,2,5,2,0.18181818181818182,0,0,1,0.5955317926569628
contact-lenses,2,5,3,0.6363636363636364,0,0,3,0.7930997708989432
contact-lenses,2,6,1,0.18181818181818182,0,0,0,0.6052710940078723
contact-lenses,2,6,2,0.18181818181818182,0,0,0,0.6109695738016006
contact-lenses,2,6,3,0.6363636363636364,1,1,2,0.7974069641656499
contact-lenses,2,7,1,0.18181818181818182,0,0,1,0.5779707857816992
contact-lenses,2,7,2,0.18181818181818182,0,0,0,0.5826904198815452
contact-lenses,2,7,3,0.6363636363636364,1,1,1,0.7921895217779663
contact-lenses,2,8,1,0.18181818181818182,0,0,0,0.5868231481571735
contact-lenses,2,8,2,0.18181818181818182,0,0,0,0.6096719352066363
contact-lenses,2,8,3,0.6363636363636364,0,0,1,0.7968839272763045
contact-lenses,2,9,1,0.18181818181818182,0,0,0,0.5714746805191362
contact-lenses,2,9,2,0.18181818181818182,0,0,0,0.58010887652904
contact-lenses,2,9,3,0.6363636363636364,1,1,2,0.7896544428587676
contact-lenses,3,0,1,0.14285714285714285,0,0,0,0.591913836873328
contact-lenses,3,0,2,0.23809523809523808,0,0,0,0.7018614950217099
contact-lenses,3,0,3,0.6190476190476191,1,1,1,0.8239384797863653
contact-lenses,3,1,1,0.14285714285714285,0,0,0,0.6052474532038735
contact-lenses,3,1,2,0.23809523809523808,0,0,0,0.6510103756215411
contact-lenses,3,1,3,0.6190476190476191,1,1,1,0.7955023170455497
contact-lenses,3,2,1,0.14285714285714285,0,0,2,0.4838561833538122
contact-lenses,3,2,2,0.23809523809523808,0,0,0,0.636503038951348
contact-lenses,3,2,3,0.6190476190476191,1,1,2,0.7785278530911314
contact-lenses,3,3,1,0.14285714285714285,1,1,1,0.5289036858792073
contact-lenses,3,3,2,0.23809523809523808,0,0,0,0.6646005536043493
contact-lenses,3,3,3,0.6190476190476191,1,1,1,0.7892209010798832
contact-lenses,3,4,1,0.18181818181818182,0,0,1,0.5688358282787571
contact-lenses,3,4,2,0.22727272727272727,0,0,0,0.643661133686615
contact-lenses,3,4,3,0.5909090909090909,1,1,3,0.7634998799567221
contact-lenses,3,5,1,0.18181818181818182,0,0,0,0.6421753912636414
contact-lenses,3,5,2,0.18181818181818182,0,0,0,0.6068276562714573
contact-lenses,3,5,3,0.6363636363636364,2,2,2,0.8163993589509114
contact-lenses,3,6,1,0.18181818181818182,0,0,1,0.5994152120588527
contact-lenses,3,6,2,0.18181818181818182,0,0,1,0.5586508528756412
contact-lenses,3,6,3,0.6363636363636364,1,1,2,0.7941720649597125
contact-lenses,3,7,1,0.18181818181818182,0,0,0,0.5878245289111506
contact-lenses,3,7,2,0.18181818181818182,0,0,0,0.6478871735028023
contact-lenses,3,7,3,0.6363636363636364,0,0,1,0.8087711562837214
contact-lenses,3,8,1,0.18181818181818182,0,0,0,0.6456702940154628
contact-lenses,3,8,2,0.18181818181818182,0,0,0,0.6595047481849334
contact-lenses,3,8,3,0.6363636363636364,0,0,2,0.8257281013118307
contact-lenses,3,9,1,0.18181818181818182,0,0,1,0.5873146345590167
contact-lenses,3,9,2,0.18181818181818182,0,0,0,0.60656200561785
contact-lenses,3,9,3,0.6363636363636364,1,1,1,0.7940314219978536
contact-lenses,4,0,1,0.14285714285714285,0,0,0,0.5750497305675447
contact-lenses,4,0,2,0.23809523809523808,0,0,0,0.6187612412401935
contact-lenses,4,0,3,0.6190476190476191,1,1,2,0.790842837111324
contact-lenses,4,1,1,0.14285714285714285,0,0,2,0.4731329310302068
contact-lenses,4,1,2,0.23809523809523808,0,0,0,0.6419470073755431
contact-lenses,4,1,3,0.6190476190476191,1,1,3,0.7745290627030682
contact-lenses,4,2,1,0.14285714285714285,0,0,2,0.5022148384280559
contact-lenses,4,2,2,0.23809523809523808,0,0,0,0.6788995624367687
contact-lenses,4,2,3,0.6190476190476191,1,1,1,0.7850125478163507
contact-lenses,4,3,1,0.14285714285714285,0,0,0,0.5534295586430602
contact-lenses,4,3,2,0.23809523809523808,0,0,0,0.6637200387719239
contact-lenses,4,3,3,0.6190476190476191,1,1,1,0.7930835656308294
contact-lenses,4,4,1,0.18181818181818182,0,0,0,0.6420901134024298
contact-lenses,4,4,2,0.22727272727272727,0,0,0,0.6850927684505459
contact-lenses,4,4,3,0.5909090909090909,0,0,2,0.8100387952558716
contact-lenses,4,5,1,0.18181818181818182,0,0,0,0.6342992686302036
contact-lenses,4,5,2,0.18181818181818182,0,0,0,0.6093677450700641
contact-lenses,4,5,3,0.6363636363636364,2,2,2,0.8175820302255994
contact-lenses,4,6,1,0.18181818181818182,0,0,1,0.5650738447651793
contact-lenses,4,6,2,0.18181818181818182,0,0,0,0.6484132935658264
contact-lenses,4,6,3,0.6363636363636364,0,0,1,0.8038892126439375
contact-lenses,4,7,1,0.18181818181818182,0,0,0,0.5953670931597289
contact-lenses,4,7,2,0.18181818181818182,0,0,1,0.5774514830884098
contact-lenses,4,7,3,0.6363636363636364,1,1,1,0.7964153402629762
contact-lenses,4,8,1,0.18181818181818182,0,0,1,0.5873146345590167
contact-lenses,4,8,2,0.18181818181818182,0,0,0,0.60656200561785
contact-lenses,4,8,3,0.6363636363636364,1,1,1,0.7940314219978536
contact-lenses,4,9,1,0.18181818181818182,0,0,0,0.6537157338827804
contact-lenses,4,9,2,0.18181818181818182,0,0,0,0.6537157338827804
contact-lenses,4,9,3,0.6363636363636364,0,0,2,0.8253340867853944
contact-lenses,5,0,1,0.14285714285714285,0,0,0,0.6077841981900849
contact-lenses,5,0,2,0.23809523809523808,0,0,0,0.6956535017559295
contact-lenses,5,0,3,0.6190476190476191,0,0,1,0.8291035806439714
contact-lenses,5,1,1,0.14285714285714285,0,0,0,0.6291472665652736
contact-lenses,5,1,2,0.23809523809523808,0,0,0,0.6893485043657421
contact-lenses,5,1,3,0.6190476190476191,1,1,2,0.8092887944588908
contact-lenses,5,2,1,0.14285714285714285,0,0,2,0.4596242775883986
contact-lenses,5,2,2,0.23809523809523808,0,0,0,0.6596003799803434
contact-lenses,5,2,3,0.6190476190476191,1,1,2,0.7800250844131932
contact-lenses,5,3,1,0.14285714285714285,0,0,1,0.5131101735487735
contact-lenses,5,3,2,0.23809523809523808,0,0,0,0.6768437535485063
contact-lenses,5,3,3,0.6190476190476191,1,1,2,0.7917136927017606
contact-lenses,5,4,1,0.18181818181818182,0,0,0,0.6293912218180726
contact-lenses,5,4,2,0.22727272727272727,0,0,0,0.6890248801711614
contact-lenses,5,4,3,0.5909090909090909,1,1,2,0.7997667568962231
contact-lenses,5,5,1,0.18181818181818182,0,0,1,0.5948606946038957
contact-lenses,5,5,2,0.18181818181818182,0,0,0,0.6168859186810149
contact-lenses,5,5,3,0.6363636363636364,1,1,2,0.796005538060639
contact-lenses,5,6,1,0.18181818181818182,0,0,1,0.5738092210596757
contact-lenses,5,6,2,0.18181818181818182,0,0,0,0.6190281612169594
contact-lenses,5,6,3,0.6363636363636364,0,0,2,0.7979350843888467
contact-lenses,5,7,1,0.18181818181818182,0,0,0,0.604801800630365
contact-lenses,5,7,2,0.18181818181818182,0,0,1,0.5541974981813926
contact-lenses,5,7,3,0.6363636363636364,1,1,2,0.790500942010787
contact-lenses,5,8,1,0.18181818181818182,0,0,0,0.5862823914642707
contact-lenses,5,8,2,0.18181818181818182,0,0,1,0.5598559651155202
contact-lenses,5,8,3,0.6363636363636364,1,1,3,0.7879626103762778
contact-lenses,5,9,1,0.18181818181818182,0,0,1,0.5986333724444984
contact-lenses,5,9,2,0.18181818181818182,0,0,0,0.6256854076264539
contact-lenses,5,9,3,0.6363636363636364,0,0,1,0.8025969224558195
contact-lenses,6,0,1,0.14285714285714285,0,0,0,0.577500079988924
contact-lenses,6,0,2,0.23809523809523808,0,0,0,0.6921225480456507
contact-lenses,6,0,3,0.6190476190476191,1,1,1,0.8148385571603973
contact-lenses,6,1,1,0.14285714285714285,0,0,0,0.5548126745511686
contact-lenses,6,1,2,0.23809523809523808,0,0,0,0.6821426456319432
contact-lenses,6,1,3,0.6190476190476191,1,1,1,0.7929652932383238
contact-lenses,6,2,1,0.14285714285714285,1,1,2,0.45848377422755643
contact-lenses,6,2,2,0.23809523809523808,0,0,0,0.6520179543894848
contact-lenses,6,2,3,0.6190476190476191,1,1,2,0.778351153332469
contact-lenses,6,3,1,0.14285714285714285,1,1,1,0.5578070207033347
contact-lenses,6,3,2,0.23809523809523808,0,0,0,0.6651647450021054
contact-lenses,6,3,3,0.6190476190476191,1,1,1,0.7945304790405127
contact-lenses,6,4,1,0.18181818181818182,0,0,1,0.6041614960648021
contact-lenses,6,4,2,0.22727272727272727,0,0,0,0.6200657590668184
contact-lenses,6,4,3,0.5909090909090909,1,1,3,0.7666515257808835
contact-lenses,6,5,1,0.18181818181818182,0,0,0,0.6437994955298545
contact-lenses,6,5,2,0.18181818181818182,0,0,0,0.6437994955298545
contact-lenses,6,5,3,0.6363636363636364,2,2,2,0.8213539535695512
contact-lenses,6,6,1,0.18181818181818182,0,0,0,0.5879644726157773
contact-lenses,6,6,2,0.18181818181818182,0,0,1,0.5904263101227794
contact-lenses,6,6,3,0.6363636363636364,1,1,1,0.8002434488760486
contact-lenses,6,7,1,0.18181818181818182,0,0,0,0.5933919956289965
contact-lenses,6,7,2,0.18181818181818182,0,0,2,0.564117585647266
contact-lenses,6,7,3,0.6363636363636364,1,1,2,0.7883310964561298
contact-lenses,6,8,1,0.18181818181818182,0,0,0,0.6263187118192363
contact-lenses,6,8,2,0.18181818181818182,0,0,0,0.5859639805707108
contact-lenses,6,8,3,0.6363636363636364,0,0,2,0.8028258693946791
contact-lenses,6,9,1,0.18181818181818182,0,0,0,0.6274271147760405
contact-lenses,6,9,2,0.18181818181818182,0,0,0,0.6763942631444829
contact-lenses,6,9,3,0.6363636363636364,0,0,2,0.8291584197992862
contact-lenses,7,0,1,0.14285714285714285,0,0,1,0.5422026374044724
contact-lenses,7,0,2,0.23809523809523808,0,0,0,0.6530885564175707
contact-lenses,7,0,3,0.6190476190476191,2,2,2,0.7908873016932234
contact-lenses,7,1,1,0.14285714285714285,0,0,1,0.48344189288050954
contact-lenses,7,1,2,0.23809523809523808,0,0,0,0.6296680408055113
contact-lenses,7,1,3,0.6190476190476191,1,1,3,0.7757120406888094
contact-lenses,7,2,1,0.14285714285714285,0,0,0,0.6504569512866795
contact-lenses,7,2,2,0.23809523809523808,0,0,0,0.6832204779775158
contact-lenses,7,2,3,0.6190476190476191,1,1,2,0.8164099241658006
contact-lenses,7,3,1,0.14285714285714285,0,0,1,0.5148912178269631
contact-lenses,7,3,2,0.23809523809523808,0,0,0,0.6729643581767112
contact-lenses,7,3,3,0.6190476190476191,1,1,1,0.7813128138284298
contact-lenses,7,4,1,0.18181818181818182,0,0,0,0.5903310445419506
contact-lenses,7,4,2,0.22727272727272727,0,0,0,0.6436934459669892
contact-lenses,7,4,3,0.5909090909090909,1,1,2,0.7711735531964302
contact-lenses,7,5,1,0.18181818181818182,0,0,0,0.5747622581215094
contact-lenses,7,5,2,0.18181818181818182,0,0,0,0.648649078099769
contact-lenses,7,5,3,0.6363636363636364,0,0,1,0.8065219424027842
contact-lenses,7,6,1,0.18181818181818182,0,0,0,0.6456702940154628
contact-lenses,7,6,2,0.18181818181818182,0,0,0,0.6595047481849334
contact-lenses,7,6,3,0.6363636363636364,0,0,2,0.8257281013118307
contact-lenses,7,7,1,0.18181818181818182,0,0,1,0.5882942511056772
contact-lenses,7,7,2,0.18181818181818182,0,0,0,0.6075416221645106
contact-lenses,7,7,3,0.6363636363636364,0,0,2,0.7961266904164106
contact-lenses,7,8,1,0.18181818181818182,0,0,0,0.6349656149413022
contact-lenses,7,8,2,0.18181818181818182,0,0,0,0.6090581954594643
contact-lenses,7,8,3,0.6363636363636364,1,1,2,0.8215427679810061
contact-lenses,7,9,1,0.18181818181818182,0,0,0,0.5933919956289965
contact-lenses,7,9,2,0.18181818181818182,0,0,2,0.564117585647266
contact-lenses,7,9,3,0.6363636363636364,1,1,2,0.7883310964561298
contact-lenses,8,0,1,0.14285714285714285,0,0,0,0.5517491438792688
contact-lenses,8,0,2,0.23809523809523808,0,0,0,0.6624078295082388
contact-lenses,8,0,3,0.6190476190476191,1,1,1,0.7856049735878693
contact-lenses,8,1,1,0.14285714285714285,0,0,0,0.588601150472581
contact-lenses,8,1,2,0.23809523809523808,0,0,0,0.7030498059419523
contact-lenses,8,1,3,0.6190476190476191,2,2,2,0.8157212310142425
contact-lenses,8,2,1,0.14285714285714285,0,0,1,0.5109209998311908
contact-lenses,8,2,2,0.23809523809523808,0,0,0,0.694222445842645
contact-lenses,8,2,3,0.6190476190476191,0,0,2,0.8104154032964469
contact-lenses,8,3,1,0.14285714285714285,0,0,2,0.533778205761214
contact-lenses,8,3,2,0.23809523809523808,0,0,0,0.6767262601183959
contact-lenses,8,3,3,0.6190476190476191,1,1,2,0.7956190422464141
contact-lenses,8,4,1,0.18181818181818182,0,0,1,0.5964393618739314
contact-lenses,8,4,2,0.22727272727272727,0,0,0,0.6343352223470552
contact-lenses,8,4,3,0.5909090909090909,1,1,2,0.7691202358277764
contact-lenses,8,5,1,0.18181818181818182,0,0,0,0.6164544668136267
contact-lenses,8,5,2,0.18181818181818182,0,0,0,0.5922234668950088
contact-lenses,8,5,3,0.6363636363636364,1,1,2,0.7958321832531832
contact-lenses,8,6,1,0.18181818181818182,0,0,0,0.6080104596680458
contact-lenses,8,6,2,0.18181818181818182,0,0,1,0.567897647483416
contact-lenses,8,6,3,0.6363636363636364,1,1,1,0.8003027347756791
contact-lenses,8,7,1,0.18181818181818182,0,0,0,0.604114716231323
contact-lenses,8,7,2,0.18181818181818182,0,0,1,0.5556145347402106
contact-lenses,8,7,3,0.6363636363636364,1,1,2,0.7923111096998773
contact-lenses,8,8,1,0.18181818181818182,0,0,1,0.5882942511056772
contact-lenses,8,8,2,0.18181818181818182,0,0,0,0.6075416221645106
contact-lenses,8,8,3,0.6363636363636364,0,0,2,0.7961266904164106
contact-lenses,8,9,1,0.18181818181818182,0,0,0,0.6342997887058073
contact-lenses,8,9,2,0.18181818181818182,0,0,0,0.6720050291619053
contact-lenses,8,9,3,0.6363636363636364,0,0,2,0.8311224909871787
contact-lenses,9,0,1,0.14285714285714285,0,0,0,0.5892386904525138
contact-lenses,9,0,2,0.23809523809523808,0,0,0,0.6976138820013473
contact-lenses,9,0,3,0.6190476190476191,1,1,1,0.8222015483612422
contact-lenses,9,1,1,0.14285714285714285,0,0,2,0.4838561833538122
contact-lenses,9,1,2,0.23809523809523808,0,0,0,0.636503038951348
contact-lenses,9,1,3,0.6190476190476191,1,1,2,0.7779371611829191
contact-lenses,9,2,1,0.14285714285714285,0,0,0,0.5284129808842152
contact-lenses,9,2,2,0.23809523809523808,0,0,0,0.6882735740748422
contact-lenses,9,2,3,0.6190476190476191,1,1,1,0.7940963041562964
contact-lenses,9,3,1,0.14285714285714285,0,0,0,0.5834138566442998
contact-lenses,9,3,2,0.23809523809523808,0,0,0,0.6249662156938023
contact-lenses,9,3,3,0.6190476190476191,1,1,1,0.7920854755846503
contact-lenses,9,4,1,0.18181818181818182,0,0,0,0.6293912218180726
contact-lenses,9,4,2,0.22727272727272727,0,0,0,0.6890248801711614
contact-lenses,9,4,3,0.5909090909090909,0,0,2,0.803805368660345
contact-lenses,9,5,1,0.18181818181818182,0,0,0,0.5831166587231628
contact-lenses,9,5,2,0.18181818181818182,0,0,0,0.579775132394435
contact-lenses,9,5,3,0.6363636363636364,1,1,2,0.7941336462498987
contact-lenses,9,6,1,0.18181818181818182,0,0,1,0.5779707857816992
contact-lenses,9,6,2,0.18181818181818182,0,0,0,0.5826904198815452
contact-lenses,9,6,3,0.6363636363636364,1,1,1,0.7921895217779663
contact-lenses,9,7,1,0.18181818181818182,0,0,0,0.6029574263285912
contact-lenses,9,7,2,0.18181818181818182,0,0,1,0.5952432269128798
contact-lenses,9,7,3,0.6363636363636364,1,1,3,0.7894058014988924
contact-lenses,9,8,1,0.18181818181818182,0,0,0,0.5878245289111506
contact-lenses,9,8,2,0.18181818181818182,0,0,0,0.6478871735028023
contact-lenses,9,8,3,0.6363636363636364,0,0,1,0.8087711562837214
contact-lenses,9,9,1,0.18181818181818182,0,0,0,0.6437994955298545
contact-lenses,9,9,2,0.18181818181818182,0,0,0,0.6437994955298545
contact-lenses,9,9,3,0.6363636363636364,2,2,2,0.8213539535695512
diabetes,0,0,0,0.6512301013024602,45,45,70,0.7873740127155979
diabetes,0,0,1,0.34876989869753977,88,88,92,0.6003535905689757
diabetes,0,1,0,0.6512301013024602,47,47,70,0.7880109836985622
diabetes,0,1,1,0.34876989869753977,90,90,91,0.5942151787460923
diabetes,0,2,0,0.6512301013024602,58,58,70,0.7803881259699756
diabetes,0,2,1,0.34876989869753977,93,93,97,0.5898618031478472
diabetes,0,3,0,0.6512301013024602,49,49,71,0.7881512041630084
diabetes,0,3,1,0.34876989869753977,90,90,89,0.6077763993867037
diabetes,0,4,0,0.6512301013024602,48,48,70,0.7870655035971234
diabetes,0,4,1,0.34876989869753977,96,96,94,0.595555332493628
diabetes,0,5,0,0.6512301013024602,48,48,66,0.7937495388899308
diabetes,0,5,1,0.34876989869753977,89,89,93,0.6016404035621963
diabetes,0,6,0,0.6512301013024602,57,57,69,0.7808614982758811
diabetes,0,6,1,0.34876989869753977,95,95,101,0.5772145883962286
diabetes,0,7,0,0.6512301013024602,49,49,71,0.7861402568910539
diabetes,0,7,1,0.34876989869753977,91,91,92,0.5930470752918842
diabetes,0,8,0,0.6502890173410405,55,55,73,0.782597001934427
diabetes,0,8,1,0.34971098265895956,95,95,92,0.590261680644791
diabetes,0,9,0,0.6502890173410405,52,52,67,0.7919013414126888
diabetes,0,9,1,0.34971098265895956,98,98,94,0.5951110183918529
diabetes,1,0,0,0.6512301013024602,58,58,72,0.7884992107053316
diabetes,1,0,1,0.34876989869753977,92,92,92,0.5953035396406002
diabetes,1,1,0,0.6512301013024602,55,55,68,0.7907806047693309
diabetes,1,1,1,0.34876989869753977,96,96,96,0.5923961206659912
diabetes,1,2,0,0.6512301013024602,55,55,73,0.7891268978327829
diabetes,1,2,1,0.34876989869753977,95,95,96,0.599750022950602
diabetes,1,3,0,0.6512301013024602,44,44,71,0.7794448891422012
diabetes,1,3,1,0.34876989869753977,98,98,98,0.5852939943287083
diabetes,1,4,0,0.6512301013024602,52,52,70,0.7831379673828373
diabetes,1,4,1,0.34876989869753977,99,99,95,0.5925576346928854
diabetes,1,5,0,0.6512301013024602,51,51,70,0.777623982599056
diabetes,1,5,1,0.34876989869753977,93,93,93,0.5864444379880984
diabetes,1,6,0,0.6512301013024602,48,48,71,0.784178351716605
diabetes,1,6,1,0.34876989869753977,91,91,89,0.6010956744462094
diabetes,1,7,0,0.6512301013024602,46,46,72,0.7912424075799732
diabetes,1,7,1,0.34876989869753977,89,89,92,0.5948949369653378
diabetes,1,8,0,0.6502890173410405,54,54,69,0.7869479055345252
diabetes,1,8,1,0.34971098265895956,101,101,97,0.5839733988864747
diabetes,1,9,0,0.6502890173410405,53,53,63,0.7952875114839356
diabetes,1,9,1,0.34971098265895956,89,89,89,0.6083955916333522
diabetes,2,0,0,0.6512301013024602,50,50,70,0.7851743173700598
diabetes,2,0,1,0.34876989869753977,93,93,93,0.5984581882211697
diabetes,2,1,0,0.6512301013024602,49,49,72,0.7844890417962569
diabetes,2,1,1,0.34876989869753977,86,86,91,0.603245173057059
diabetes,2,2,0,0.6512301013024602,48,48,66,0.7875712849358584
diabetes,2,2,1,0.34876989869753977,98,98,99,0.5886378982420762
diabetes,2,3,0,0.6512301013024602,57,57,69,0.7859121158348101
diabetes,2,3,1,0.34876989869753977,90,90,94,0.5887199717024275
diabetes,2,4,0,0.6512301013024602,55,55,68,0.7851083863622244
diabetes,2,4,1,0.34876989869753977,96,96,98,0.5806709433114374
diabetes,2,5,0,0.6512301013024602,54,54,66,0.7906466578285823
diabetes,2,5,1,0.34876989869753977,87,87,89,0.6043088238419584
diabetes,2,6,0,0.6512301013024602,51,51,69,0.7817489148878342
diabetes,2,6,1,0.34876989869753977,89,89,91,0.5902588558737666
diabetes,2,7,0,0.6512301013024602,49,49,70,0.784097004587879
diabetes,2,7,1,0.34876989869753977,94,94,93,0.5920499235264067
diabetes,2,8,0,0.6502890173410405,57,57,70,0.794097519629379
diabetes,2,8,1,0.34971098265895956,85,85,95,0.6040165029708057
diabetes,2,9,0,0.6502890173410405,58,58,77,0.7861502576480133
diabetes,2,9,1,0.34971098265895956,91,91,92,0.5922209382963208
diabetes,3,0,0,0.6512301013024602,54,54,71,0.7813213743768129
diabetes,3,0,1,0.34876989869753977,92,92,90,0.5949333755541222
diabetes,3,1,0,0.6512301013024602,51,51,71,0.791266557229267
diabetes,3,1,1,0.34876989869753977,88,88,95,0.5940946417056089
diabetes,3,2,0,0.6512301013024602,56,56,68,0.7913801772318069
diabetes,3,2,1,0.34876989869753977,81,81,89,0.598532959890364
diabetes,3,3,0,0.6512301013024602,44,44,70,0.7818085444223201
diabetes,3,3,1,0.34876989869753977,104,104,99,0.5742424296348947
diabetes,3,4,0,0.6512301013024602,53,53,70,0.7786940012098277
diabetes,3,4,1,0.34876989869753977,107,107,100,0.5775140270568354
diabetes,3,5,0,0.6512301013024602,53,53,68,0.7869337670627174
diabetes,3,5,1,0.34876989869753977,91,91,96,0.590298450479986
diabetes,3,6,0,0.6512301013024602,47,47,72,0.7825356343139694
diabetes,3,6,1,0.34876989869753977,87,87,90,0.6092354529641115
diabetes,3,7,0,0.6512301013024602,48,48,65,0.7934934427328859
diabetes,3,7,1,0.34876989869753977,99,99,91,0.6061354712148214
diabetes,3,8,0,0.6502890173410405,58,58,72,0.7938463357275971
diabetes,3,8,1,0.34971098265895956,91,91,89,0.6124428817562122
diabetes,3,9,0,0.6502890173410405,51,51,71,0.7838689551257974
diabetes,3,9,1,0.34971098265895956,91,91,97,0.5842789794866067
diabetes,4,0,0,0.6512301013024602,56,56,71,0.7882432584020651
diabetes,4,0,1,0.34876989869753977,100,100,93,0.5997463812355477
diabetes,4,1,0,0.6512301013024602,51,51,70,0.7865137280032305
diabetes,4,1,1,0.34876989869753977,92,92,94,0.5964490279064335
diabetes,4,2,0,0.6512301013024602,61,61,70,0.7891736627946628
diabetes,4,2,1,0.34876989869753977,91,91,95,0.5942274854320736
diabetes,4,3,0,0.6512301013024602,46,46,71,0.7841043891836214
diabetes,4,3,1,0.34876989869753977,94,94,92,0.5971931912781986
diabetes,4,4,0,0.6512301013024602,52,52,69,0.783560818407739
diabetes,4,4,1,0.34876989869753977,91,91,92,0.5957829290743051
diabetes,4,5,0,0.6512301013024602,54,54,71,0.7835760126777841
diabetes,4,5,1,0.34876989869753977,97,97,96,0.5824635546500306
diabetes,4,6,0,0.6512301013024602,52,52,72,0.7820547766838062
diabetes,4,6,1,0.34876989869753977,98,98,92,0.5985615504825149
diabetes,4,7,0,0.6512301013024602,56,56,69,0.7911468499003058
diabetes,4,7,1,0.34876989869753977,89,89,97,0.5859643735890411
diabetes,4,8,0,0.6502890173410405,54,54,68,0.7891795128528293
diabetes,4,8,1,0.34971098265895956,95,95,94,0.5937535854587912
diabetes,4,9,0,0.6502890173410405,47,47,72,0.7873845299809181
diabetes,4,9,1,0.34971098265895956,96,96,94,0.5984361483548987
diabetes,5,0,0,0.6512301013024602,50,50,69,0.7909697759380215
diabetes,5,0,1,0.34876989869753977,101,101,96,0.588558901994159
diabetes,5,1,0,0.6512301013024602,51,51,71,0.7847518326368125
diabetes,5,1,1,0.34876989869753977,96,96,96,0.5892933932798629
diabetes,5,2,0,0.6512301013024602,60,60,71,0.788155164599189
diabetes,5,2,1,0.34876989869753977,84,84,92,0.5975426813947805
diabetes,5,3,0,0.6512301013024602,52,52,67,0.784781729747249
diabetes,5,3,1,0.34876989869753977,85,85,92,0.6021287181772568
diabetes,5,4,0,0.6512301013024602,49,49,67,0.7862983006185108
diabetes,5,4,1,0.34876989869753977,94,94,92,0.5995750018063135
diabetes,5,5,0,0.6512301013024602,50,50,68,0.7891593763886484
diabetes,5,5,1,0.34876989869753977,88,88,94,0.5956378643811261
diabetes,5,6,0,0.6512301013024602,58,58,70,0.7817282915405911
diabetes,5,6,1,0.34876989869753977,94,94,95,0.5877461866574927
diabetes,5,7,0,0.6512301013024602,50,50,72,0.785171188922565
diabetes,5,7,1,0.34876989869753977,98,98,100,0.5836834011413748
diabetes,5,8,0,0.6502890173410405,50,50,67,0.7937734937232255
diabetes,5,8,1,0.34971098265895956,95,95,92,0.6008969344245977
diabetes,5,9,0,0.6502890173410405,51,51,69,0.7826248918923958
diabetes,5,9,1,0.34971098265895956,96,96,94,0.5962620879778201
diabetes,6,0,0,0.6512301013024602,50,50,66,0.7935270487156251
diabetes,6,0,1,0.34876989869753977,92,92,90,0.6136604915430234
diabetes,6,1,0,0.6512301013024602,53,53,68,0.7942231024078572
diabetes,6,1,1,0.34876989869753977,89,89,94,0.5961457130774827
diabetes,6,2,0,0.6512301013024602,59,59,70,0.7826272607107547
diabetes,6,2,1,0.34876989869753977,95,95,97,0.586970868418452
diabetes,6,3,0,0.6512301013024602,45,45,68,0.7859249689167115
diabetes,6,3,1,0.34876989869753977,97,97,97,0.5821997919765313
diabetes,6,4,0,0.6512301013024602,52,52,70,0.7850591131449909
diabetes,6,4,1,0.34876989869753977,94,94,94,0.5911213108186562
diabetes,6,5,0,0.6512301013024602,49,49,68,0.7843232325242961
diabetes,6,5,1,0.34876989869753977,91,91,91,0.5995693503725518
diabetes,6,6,0,0.6512301013024602,53,53,69,0.7890557246006592
diabetes,6,6,1,0.34876989869753977,97,97,93,0.5961191565942677
diabetes,6,7,0,0.6512301013024602,60,60,69,0.7861381482233155
diabetes,6,7,1,0.34876989869753977,95,95,99,0.5931973074545377
diabetes,6,8,0,0.6502890173410405,49,49,70,0.7867939269926421
diabetes,6,8,1,0.34971098265895956,88,88,92,0.5922317653590413
diabetes,6,9,0,0.6502890173410405,58,58,72,0.7783958740581399
diabetes,6,9,1,0.34971098265895956,87,87,93,0.5909818955784597
diabetes,7,0,0,0.6512301013024602,53,53,68,0.7859681006722329
diabetes,7,0,1,0.34876989869753977,87,87,92,0.5956156803022593
diabetes,7,1,0,0.6512301013024602,55,55,71,0.7892509523052306
diabetes,7,1,1,0.34876989869753977,94,94,94,0.5932452954189363
diabetes,7,2,0,0.6512301013024602,50,50,73,0.7854843196294966
diabetes,7,2,1,0.34876989869753977,95,95,95,0.5896626953883838
diabetes,7,3,0,0.6512301013024602,49,49,70,0.7824294383772111
diabetes,7,3,1,0.34876989869753977,99,99,94,0.589524783687294
diabetes,7,4,0,0.6512301013024602,59,59,69,0.7934080143345414
diabetes,7,4,1,0.34876989869753977,89,89,90,0.6027844223188242
diabetes,7,5,0,0.6512301013024602,51,51,68,0.790144961705259
diabetes,7,5,1,0.34876989869753977,88,88,88,0.6075116957711917
diabetes,7,6,0,0.6512301013024602,54,54,75,0.7803675887491284
diabetes,7,6,1,0.34876989869753977,98,98,95,0.5916663573436328
diabetes,7,7,0,0.6512301013024602,52,52,70,0.7894841870397886
diabetes,7,7,1,0.34876989869753977,100,100,94,0.5930288997083574
diabetes,7,8,0,0.6502890173410405,48,48,68,0.7876861537208563
diabetes,7,8,1,0.34971098265895956,100,100,95,0.5912251189193051
diabetes,7,9,0,0.6502890173410405,57,57,72,0.780490307388605
diabetes,7,9,1,0.34971098265895956,93,93,98,0.584692261812488
diabetes,8,0,0,0.6512301013024602,54,54,69,0.7904988313841306
diabetes,8,0,1,0.34876989869753977,90,90,93,0.6028502677498563
diabetes,8,1,0,0.6512301013024602,56,56,70,0.7899903875545734
diabetes,8,1,1,0.34876989869753977,88,88,94,0.5991209972531759
diabetes,8,2,0,0.6512301013024602,54,54,71,0.7838387280757135
diabetes,8,2,1,0.34876989869753977,97,97,94,0.5943279468872978
diabetes,8,3,0,0.6512301013024602,57,57,68,0.7836586891464518
diabetes,8,3,1,0.34876989869753977,89,89,94,0.5906549069149878
diabetes,8,4,0,0.6512301013024602,52,52,74,0.7817974906533411
diabetes,8,4,1,0.34876989869753977,93,93,92,0.5938208981014708
diabetes,8,5,0,0.6512301013024602,50,50,69,0.7830975430213852
diabetes,8,5,1,0.34876989869753977,98,98,97,0.5871433371096896
diabetes,8,6,0,0.6512301013024602,52,52,68,0.7899330995562621
diabetes,8,6,1,0.34876989869753977,89,89,93,0.5925635309744673
diabetes,8,7,0,0.6512301013024602,49,49,67,0.7948249606218657
diabetes,8,7,1,0.34876989869753977,90,90,88,0.6063179220740434
diabetes,8,8,0,0.6502890173410405,48,48,74,0.7824451115137807
diabetes,8,8,1,0.34971098265895956,103,103,97,0.586624125221929
diabetes,8,9,0,0.6502890173410405,50,50,69,0.7854188055085213
diabetes,8,9,1,0.34971098265895956,91,91,95,0.5900142130297349
diabetes,9,0,0,0.6512301013024602,50,50,71,0.7930021923477762
diabetes,9,0,1,0.34876989869753977,91,91,92,0.5994852639697912
diabetes,9,1,0,0.6512301013024602,51,51,75,0.7877329754278043
diabetes,9,1,1,0.34876989869753977,87,87,89,0.6002124115432632
diabetes,9,2,0,0.6512301013024602,58,58,70,0.7901002153977551
diabetes,9,2,1,0.34876989869753977,88,88,96,0.591792387891619
diabetes,9,3,0,0.6512301013024602,53,53,72,0.7861719176782864
diabetes,9,3,1,0.34876989869753977,96,96,92,0.5960753022875984
diabetes,9,4,0,0.6512301013024602,53,53,72,0.7852769401706314
diabetes,9,4,1,0.34876989869753977,96,96,97,0.5854269651151722
diabetes,9,5,0,0.6512301013024602,60,60,70,0.786806594790331
diabetes,9,5,1,0.34876989869753977,89,89,94,0.5929458968831327
diabetes,9,6,0,0.6512301013024602,52,52,74,0.7794948463761259
diabetes,9,6,1,0.34876989869753977,101,101,93,0.5960999222292366
diabetes,9,7,0,0.6512301013024602,60,60,66,0.7825471520368931
diabetes,9,7,1,0.34876989869753977,93,93,96,0.5918156532505755
diabetes,9,8,0,0.6502890173410405,54,54,64,0.7935980343042003
diabetes,9,8,1,0.34971098265895956,94,94,93,0.600466627794963
diabetes,9,9,0,0.6502890173410405,52,52,73,0.7817344273269429
diabetes,9,9,1,0.34971098265895956,97,97,94,0.5894032566523452
glass,0,0,1,0.328125,10,6,17,0.640306636663753
glass,0,0,2,0.3541666666666667,16,15,56,0.19478299100951782
glass,0,0,3,0.078125,6,5,6,0.5176124916347579
glass,0,0,5,0.0625,4,4,9,0.28402669950976933
glass,0,0,6,0.041666666666666664,0,0,0,0.9999999999930784
glass,0,0,7,0.13541666666666666,3,1,2,0.9075039940335667
glass,0,1,1,0.328125,17,7,55,0.1396969990253074
glass,0,1,2,0.3541666666666667,17,5,59,0.14056009011041348
glass,0,1,3,0.078125,2,2,1,0.9321226964363059
glass,0,1,5,0.0625,3,3,8,0.4477434724987505
glass,0,1,6,0.041666666666666664,0,0,0,0.9999999999936703
glass,0,1,7,0.13541666666666666,3,3,2,0.9115936984651197
glass,0,2,1,0.328125,7,2,11,0.6670657129699844
glass,0,2,2,0.3541666666666667,18,18,56,0.18754601734568227
glass,0,2,3,0.078125,10,9,9,0.4378607180687818
glass,0,2,5,0.0625,4,4,9,0.33362817034760095
glass,0,2,6,0.041666666666666664,0,0,0,0.9999999999929015
glass,0,2,7,0.13541666666666666,1,1,2,0.9094784784657715
glass,0,3,1,0.328125,4,3,5,0.864536844717219
glass,0,3,2,0.3541666666666667,21,19,55,0.1971151586753628
glass,0,3,3,0.08333333333333333,14,9,14,0.2519084652281182
glass,0,3,5,0.057291666666666664,5,5,9,0.32067219735272473
glass,0,3,6,0.041666666666666664,0,0,0,0.9999999999938611
glass,0,3,7,0.13541666666666666,3,2,3,0.8897957215426208
glass,0,4,1,0.32642487046632124,11,4,13,0.6424221303552989
glass,0,4,2,0.35233160621761656,15,13,53,0.23274111120462948
glass,0,4,3,0.08290155440414508,6,6,6,0.48360325441019925
glass,0,4,5,0.05699481865284974,6,6,9,0.32302049769841357
glass,0,4,6,0.04145077720207254,0,0,0,0.9999999999961399
glass,0,4,7,0.13989637305699482,3,2,2,0.915003107895849
glass,0,5,1,0.32642487046632124,13,10,20,0.5718123314293103
glass,0,5,2,0.35233160621761656,17,15,51,0.3517138857894359
glass,0,5,3,0.08290155440414508,9,5,9,0.40391368606973
glass,0,5,5,0.05699481865284974,3,3,8,0.4440747323507624
glass,0,5,6,0.046632124352331605,0,0,0,0.9999999999739368
glass,0,5,7,0.13471502590673576,3,3,2,0.9039466769464288
glass,0,6,1,0.32642487046632124,4,2,11,0.683834096482504
glass,0,6,2,0.35751295336787564,17,17,56,0.20702666213546644
glass,0,6,3,0.07772020725388601,8,5,7,0.4367626273723139
glass,0,6,5,0.06217616580310881,5,5,9,0.3161939278997174
glass,0,6,6,0.04145077720207254,0,0,0,0.999999999990556
glass,0,6,7,0.13471502590673576,3,3,2,0.9101337691545658
glass,0,7,1,0.32642487046632124,10,4,13,0.6641711016783148
glass,0,7,2,0.35751295336787564,21,20,59,0.18120548196568845
glass,0,7,3,0.07772020725388601,11,7,10,0.4411702580015807
glass,0,7,5,0.06217616580310881,3,2,6,0.4776412648629776
glass,0,7,6,0.04145077720207254,0,0,0,0.9999999999965568
glass,0,7,7,0.13471502590673576,3,2,2,0.9080905747456539
glass,0,8,1,0.32642487046632124,11,4,22,0.5866397474560057
glass,0,8,2,0.35751295336787564,17,16,57,0.18691090018841003
glass,0,8,3,0.07772020725388601,7,5,4,0.5255293901895202
glass,0,8,5,0.06217616580310881,4,3,7,0.4457264789884267
glass,0,8,6,0.04145077720207254,0,0,0,0.9999999999954641
glass,0,8,7,0.13471502590673576,1,0,1,0.9434744958388609
glass,0,9,1,0.32642487046632124,8,4,13,0.6601894032140415
glass,0,9,2,0.35751295336787564,17,17,58,0.17519413394016847
glass,0,9,3,0.07772020725388601,11,7,10,0.42478580548040273
glass,0,9,5,0.06217616580310881,4,3,7,0.3908206636003564
glass,0,9,6,0.04145077720207254,0,0,0,0.9999999999918394
glass,0,9,7,0.13471502590673576,2,1,2,0.9236234801551911
glass,1,0,1,0.328125,12,4,14,0.6709919107390453
glass,1,0,2,0.3541666666666667,21,21,57,0.17278055941114437
glass,1,0,3,0.078125,6,5,5,0.5068888592354399
glass,1,0,5,0.0625,5,5,9,0.32904946195631296
glass,1,0,6,0.041666666666666664,0,0,0,0.9999999999945293
glass,1,0,7,0.13541666666666666,3,1,2,0.9106471054129727
glass,1,1,1,0.328125,16,4,62,0.0625750475301314
glass,1,1,2,0.3541666666666667,15,6,55,0.18452077874580686
glass,1,1,3,0.078125,5,4,1,0.9272918684689653
glass,1,1,5,0.0625,5,4,8,0.3977849969697256
glass,1,1,6,0.041666666666666664,0,0,0,0.9999999999948234
glass,1,1,7,0.13541666666666666,3,3,3,0.8908272177784526
glass,1,2,1,0.328125,7,3,13,0.6688070820163976
glass,1,2,2,0.3541666666666667,17,15,56,0.19675186624678026
glass,1,2,3,0.078125,11,9,10,0.436024918606916
glass,1,2,5,0.0625,5,5,10,0.3001279642247174
glass,1,2,6,0.041666666666666664,0,0,0,0.9999999999934948
glass,1,2,7,0.13541666666666666,3,3,2,0.9123844078567186
glass,1,3,1,0.328125,9,3,16,0.6147969527532592
glass,1,3,2,0.3541666666666667,19,17,57,0.17876611074309368
glass,1,3,3,0.08333333333333333,6,3,6,0.4781970341035714
glass,1,3,5,0.057291666666666664,4,4,7,0.43617913126656427
glass,1,3,6,0.041666666666666664,0,0,0,0.9999999999958493
glass,1,3,7,0.13541666666666666,3,3,2,0.9125437854099114
glass,1,4,1,0.32642487046632124,8,2,14,0.6288408416865368
glass,1,4,2,0.35233160621761656,22,18,59,0.15912918917079266
glass,1,4,3,0.08290155440414508,6,6,6,0.5410062407218305
glass,1,4,5,0.05699481865284974,1,0,0,0.9907465843384063
glass,1,4,6,0.04145077720207254,0,0,0,0.9999999997027191
glass,1,4,7,0.13989637305699482,3,2,10,0.6218122258676844
glass,1,5,1,0.32642487046632124,11,4,16,0.6324702132913177
glass,1,5,2,0.35233160621761656,20,20,57,0.18393216699670978
glass,1,5,3,0.08290155440414508,8,8,7,0.4714792071837427
glass,1,5,5,0.05699481865284974,3,3,3,0.6545655753263365
glass,1,5,6,0.046632124352331605,0,0,0,0.9999999999964339
glass,1,5,7,0.13471502590673576,2,2,1,0.9473776259324131
glass,1,6,1,0.32642487046632124,7,2,20,0.6339449307737236
glass,1,6,2,0.35751295336787564,19,17,57,0.18844938229907934
glass,1,6,3,0.07772020725388601,5,4,4,0.5673757755334211
glass,1,6,5,0.06217616580310881,5,4,8,0.3526317213626376
glass,1,6,6,0.04145077720207254,0,0,0,0.9999999999891124
glass,1,6,7,0.13471502590673576,2,2,1,0.9291843401928268
glass,1,7,1,0.32642487046632124,8,5,10,0.6766407684278544
glass,1,7,2,0.35751295336787564,15,15,56,0.1967834021819445
glass,1,7,3,0.07772020725388601,10,7,10,0.42492934700627266
glass,1,7,5,0.06217616580310881,5,5,9,0.3540233591545619
glass,1,7,6,0.04145077720207254,0,0,0,0.9999999999953466
glass,1,7,7,0.13471502590673576,2,1,2,0.9199231316897849
glass,1,8,1,0.32642487046632124,8,3,12,0.6600023992741213
glass,1,8,2,0.35751295336787564,16,15,57,0.2115377825229464
glass,1,8,3,0.07772020725388601,10,5,10,0.42795989931953543
glass,1,8,5,0.06217616580310881,5,4,8,0.4030537994755334
glass,1,8,6,0.04145077720207254,0,0,0,0.9999999999944589
glass,1,8,7,0.13471502590673576,3,3,3,0.8873202524128339
glass,1,9,1,0.32642487046632124,9,6,17,0.6181806463114775
glass,1,9,2,0.35751295336787564,18,17,53,0.3411223946010748
glass,1,9,3,0.07772020725388601,10,5,10,0.3895058227243188
glass,1,9,5,0.06217616580310881,4,4,9,0.2994301802355186
glass,1,9,6,0.04145077720207254,0,0,0,0.999999999959265
glass,1,9,7,0.13471502590673576,3,3,2,0.9080693846602421
glass,2,0,1,0.328125,9,8,18,0.5875892060693565
glass,2,0,2,0.3541666666666667,17,17,52,0.33982590355818115
glass,2,0,3,0.078125,11,8,9,0.3955737813518337
glass,2,0,5,0.0625,4,4,10,0.22639574570214274
glass,2,0,6,0.041666666666666664,0,0,0,0.999999999960492
glass,2,0,7,0.13541666666666666,3,1,2,0.9012776454091858
glass,2,1,1,0.328125,8,7,4,0.8269176954566972
glass,2,1,2,0.3541666666666667,16,14,60,0.14286862362187852
glass,2,1,3,0.078125,14,9,14,0.2832629958989757
glass,2,1,5,0.0625,5,4,8,0.3634455653769666
glass,2,1,6,0.041666666666666664,0,0,0,0.999999999992989
glass,2,1,7,0.13541666666666666,2,1,1,0.9369008204293583
glass,2,2,1,0.328125,9,6,12,0.6511404587742723
glass,2,2,2,0.3541666666666667,17,16,55,0.21088691921433161
glass,2,2,3,0.078125,7,5,8,0.4563943517795969
glass,2,2,5,0.0625,4,4,8,0.3668232999818592
glass,2,2,6,0.041666666666666664,0,0,0,0.9999999999952076
glass,2,2,7,0.13541666666666666,3,1,2,0.9032336897383115
glass,2,3,1,0.328125,17,5,61,0.061023678866170765
glass,2,3,2,0.3541666666666667,19,3,59,0.12912111417173291
glass,2,3,3,0.08333333333333333,1,0,1,0.936376408590069
glass,2,3,5,0.057291666666666664,3,3,8,0.41688386482981665
glass,2,3,6,0.041666666666666664,0,0,0,0.9999999999950133
glass,2,3,7,0.13541666666666666,2,2,3,0.8960962532456684
glass,2,4,1,0.32642487046632124,5,1,11,0.6538132500164943
glass,2,4,2,0.35233160621761656,17,16,58,0.17664118102681006
glass,2,4,3,0.08290155440414508,9,5,9,0.4783824094576854
glass,2,4,5,0.05699481865284974,4,4,8,0.41185273522392163
glass,2,4,6,0.04145077720207254,0,0,0,0.9999999999916488
glass,2,4,7,0.13989637305699482,3,1,2,0.9176850657081308
glass,2,5,1,0.32642487046632124,9,5,10,0.6572638151240632
glass,2,5,2,0.35233160621761656,16,16,56,0.19577380002619227
glass,2,5,3,0.08290155440414508,13,11,10,0.456908997764472
glass,2,5,5,0.05699481865284974,2,2,4,0.627128307313181
glass,2,5,6,0.046632124352331605,0,0,0,0.9999999999946027
glass,2,5,7,0.13471502590673576,3,3,2,0.9168817632405484
glass,2,6,1,0.32642487046632124,5,2,12,0.6730003833009207
glass,2,6,2,0.35751295336787564,17,17,55,0.2047261433328335
glass,2,6,3,0.07772020725388601,9,7,9,0.42724221003807317
glass,2,6,5,0.06217616580310881,5,4,8,0.3573082958028626
glass,2,6,6,0.04145077720207254,0,0,0,0.9999999999957264
glass,2,6,7,0.13471502590673576,3,3,2,0.9009430665013383
glass,2,7,1,0.32642487046632124,10,3,13,0.6642973043699112
glass,2,7,2,0.35751295336787564,21,21,58,0.1956909823096519
glass,2,7,3,0.07772020725388601,7,6,7,0.4860726640519301
glass,2,7,5,0.06217616580310881,6,5,8,0.4304716588622344
glass,2,7,6,0.04145077720207254,0,0,0,0.999999999994812
glass,2,7,7,0.13471502590673576,2,2,2,0.9160715281316351
glass,2,8,1,0.32642487046632124,10,2,17,0.6267813643258432
glass,2,8,2,0.35751295336787564,19,19,55,0.2023909877242597
glass,2,8,3,0.07772020725388601,8,6,7,0.509326286601241
glass,2,8,5,0.06217616580310881,5,5,9,0.32541111754956203
glass,2,8,6,0.04145077720207254,0,0,0,0.9999999999939337
glass,2,8,7,0.13471502590673576,3,3,2,0.911921774081594
glass,2,9,1,0.32642487046632124,4,3,8,0.6956302637058857
glass,2,9,2,0.35751295336787564,17,17,57,0.19298335367047542
glass,2,9,3,0.07772020725388601,14,9,10,0.4519601444787689
glass,2,9,5,0.06217616580310881,5,4,8,0.38574673852852887
glass,2,9,6,0.04145077720207254,0,0,0,0.9999999999937165
glass,2,9,7,0.13471502590673576,3,2,3,0.8878184374865097
glass,3,0,1,0.328125,10,3,16,0.6922052092729825
glass,3,0,2,0.3541666666666667,19,17,57,0.18101078716644808
glass,3,0,3,0.078125,5,5,5,0.5416294931440925
glass,3,0,5,0.0625,4,4,9,0.3284032136015416
glass,3,0,6,0.041666666666666664,0,0,0,0.9999999999939623
glass,3,0,7,0.13541666666666666,3,2,2,0.9052594944951194
glass,3,1,1,0.328125,8,2,12,0.6775597222526333
glass,3,1,2,0.3541666666666667,18,17,57,0.17984765248321158
glass,3,1,3,0.078125,9,5,9,0.4400060350934398
glass,3,1,5,0.0625,5,5,9,0.32958643773384205
glass,3,1,6,0.041666666666666664,0,0,0,0.9999999999955052
glass,3,1,7,0.13541666666666666,3,2,2,0.9149467328591533
glass,3,2,1,0.328125,4,2,11,0.6603843043881801
glass,3,2,2,0.3541666666666667,19,17,59,0.1918207953330448
glass,3,2,3,0.078125,9,5,9,0.40653272061515816
glass,3,2,5,0.0625,3,2,7,0.47277183936612066
glass,3,2,6,0.041666666666666664,0,0,0,0.9999999999954574
glass,3,2,7,0.13541666666666666,2,2,2,0.9152652868228132
glass,3,3,1,0.328125,6,1,12,0.6628495395314971
glass,3,3,2,0.3541666666666667,16,15,54,0.20197388655361895
glass,3,3,3,0.08333333333333333,9,5,9,0.47348473098801447
glass,3,3,5,0.057291666666666664,6,6,8,0.32691056983712724
glass,3,3,6,0.041666666666666664,0,0,0,0.9999999999953776
glass,3,3,7,0.13541666666666666,3,3,2,0.9092876272815412
glass,3,4,1,0.32642487046632124,15,2,62,0.02686272821104328
glass,3,4,2,0.35233160621761656,18,5,57,0.16201653234747931
glass,3,4,3,0.08290155440414508,5,4,1,0.9362330936796488
glass,3,4,5,0.05699481865284974,4,4,8,0.379956164004548
glass,3,4,6,0.04145077720207254,0,0,0,0.9999999999949515
glass,3,4,7,0.13989637305699482,3,3,2,0.915376968950843
glass,3,5,1,0.32642487046632124,9,2,27,0.5956940993392719
glass,3,5,2,0.35233160621761656,19,16,56,0.1988901321288702
glass,3,5,3,0.08290155440414508,3,3,4,0.5729336764091251
glass,3,5,5,0.05699481865284974,3,3,7,0.3656004851786516
glass,3,5,6,0.046632124352331605,0,0,0,0.9999999999962503
glass,3,5,7,0.13471502590673576,3,1,2,0.9006486482391024
glass,3,6,1,0.32642487046632124,13,10,20,0.5570007930742955
glass,3,6,2,0.35751295336787564,18,17,52,0.32727978036787037
glass,3,6,3,0.07772020725388601,12,11,10,0.4043688652509266
glass,3,6,5,0.06217616580310881,5,5,9,0.28359406984824337
glass,3,6,6,0.04145077720207254,0,0,0,0.999999999947822
glass,3,6,7,0.13471502590673576,3,3,2,0.9138675186761417
glass,3,7,1,0.32642487046632124,7,1,15,0.6457530728173836
glass,3,7,2,0.35751295336787564,18,18,57,0.18242817055556207
glass,3,7,3,0.07772020725388601,4,4,4,0.5406318430950366
glass,3,7,5,0.06217616580310881,3,3,3,0.672367705648663
glass,3,7,6,0.04145077720207254,0,0,0,0.9999999999961197
glass,3,7,7,0.13471502590673576,2,2,2,0.9229249311819274
glass,3,8,1,0.32642487046632124,5,3,5,0.8504886890124532
glass,3,8,2,0.35751295336787564,18,15,58,0.18531910269709023
glass,3,8,3,0.07772020725388601,13,7,13,0.23250368174741445
glass,3,8,5,0.06217616580310881,5,5,9,0.3574568467458286
glass,3,8,6,0.04145077720207254,0,0,0,0.9999999999941374
glass,3,8,7,0.13471502590673576,2,2,2,0.9296355418171588
glass,3,9,1,0.32642487046632124,4,2,8,0.6628861713662817
glass,3,9,2,0.35751295336787564,20,18,56,0.1927764373451725
glass,3,9,3,0.07772020725388601,10,7,10,0.4327742003396635
glass,3,9,5,0.06217616580310881,6,5,8,0.368751888290144
glass,3,9,6,0.04145077720207254,0,0,0,0.9999999999930276
glass,3,9,7,0.13471502590673576,1,1,2,0.9043000229345691
glass,4,0,1,0.328125,5,3,12,0.7040761363723065
glass,4,0,2,0.3541666666666667,18,17,56,0.19054772215558263
glass,4,0,3,0.078125,11,7,9,0.4597124949480429
glass,4,0,5,0.0625,4,4,4,0.6776624993460793
glass,4,0,6,0.041666666666666664,0,0,0,0.9999999999952998
glass,4,0,7,0.13541666666666666,3,3,3,0.8872833749210897
glass,4,1,1,0.328125,9,5,10,0.6748660183697777
glass,4,1,2,0.3541666666666667,18,18,57,0.19014977409792094
glass,4,1,3,0.078125,9,5,9,0.44082562416544646
glass,4,1,5,0.0625,4,3,7,0.47288254311069666
glass,4,1,6,0.041666666666666664,0,0,0,0.9999999999951668
glass,4,1,7,0.13541666666666666,2,1,1,0.9394779656875056
glass,4,2,1,0.328125,8,2,22,0.6151487790140109
glass,4,2,2,0.3541666666666667,19,18,56,0.19336507967998354
glass,4,2,3,0.078125,4,2,4,0.5690794863118341
glass,4,2,5,0.0625,6,6,9,0.3278230438883856
glass,4,2,6,0.041666666666666664,0,0,0,0.9999999999932929
glass,4,2,7,0.13541666666666666,3,3,2,0.9110983425624315
glass,4,3,1,0.328125,4,2,9,0.655267905431769
glass,4,3,2,0.3541666666666667,17,15,55,0.20069589262993018
glass,4,3,3,0.08333333333333333,9,8,9,0.46721375303848917
glass,4,3,5,0.057291666666666664,5,5,7,0.39374347284235467
glass,4,3,6,0.041666666666666664,0,0,0,0.9999999999946506
glass,4,3,7,0.13541666666666666,3,1,2,0.9036524067436569
glass,4,4,1,0.32642487046632124,19,4,62,0.04684348988797546
glass,4,4,2,0.35233160621761656,17,5,55,0.17282491549838064
glass,4,4,3,0.08290155440414508,3,3,1,0.9364882714289311
glass,4,4,5,0.05699481865284974,5,4,7,0.3597164089462842
glass,4,4,6,0.04145077720207254,0,0,0,0.9999999999917468
glass,4,4,7,0.13989637305699482,2,1,1,0.9311556694317437
glass,4,5,1,0.32642487046632124,15,7,30,0.5296845075873348
glass,4,5,2,0.35233160621761656,15,14,51,0.35266814549182485
glass,4,5,3,0.08290155440414508,5,4,5,0.5150050238694529
glass,4,5,5,0.05699481865284974,5,5,9,0.22788188876463578
glass,4,5,6,0.046632124352331605,0,0,0,0.9999999999689414
glass,4,5,7,0.13471502590673576,3,2,2,0.9118682638428831
glass,4,6,1,0.32642487046632124,5,3,5,0.8382737132409374
glass,4,6,2,0.35751295336787564,18,17,62,0.13112077303212585
glass,4,6,3,0.07772020725388601,14,12,13,0.20282231075704532
glass,4,6,5,0.06217616580310881,4,4,9,0.36619527893536624
glass,4,6,6,0.04145077720207254,0,0,0,0.9999999999947485
glass,4,6,7,0.13471502590673576,3,2,2,0.9133916059320486
glass,4,7,1,0.32642487046632124,8,7,12,0.6867390324278143
glass,4,7,2,0.35751295336787564,17,17,56,0.2001022141911676
glass,4,7,3,0.07772020725388601,8,5,8,0.4425182358273049
glass,4,7,5,0.06217616580310881,4,3,8,0.4091989438052219
glass,4,7,6,0.04145077720207254,0,0,0,0.9999999999938224
glass,4,7,7,0.13471502590673576,2,1,2,0.9179042587304663
glass,4,8,1,0.32642487046632124,7,4,9,0.685665282791367
glass,4,8,2,0.35751295336787564,18,17,57,0.18840589658378426
glass,4,8,3,0.07772020725388601,13,11,11,0.39411220528010216
glass,4,8,5,0.06217616580310881,4,3,8,0.33275185731156814
glass,4,8,6,0.04145077720207254,0,0,0,0.9999999999961253
glass,4,8,7,0.13471502590673576,3,3,2,0.8988253826120558
glass,4,9,1,0.32642487046632124,11,3,26,0.5888238065095117
glass,4,9,2,0.35751295336787564,21,18,59,0.16819006767452732
glass,4,9,3,0.07772020725388601,4,4,4,0.5420161020867249
glass,4,9,5,0.06217616580310881,5,5,9,0.3256323158742999
glass,4,9,6,0.04145077720207254,0,0,0,0.9999999999928968
glass,4,9,7,0.13471502590673576,3,2,2,0.902147767085773
glass,5,0,1,0.328125,11,3,24,0.6113048652941305
glass,5,0,2,0.3541666666666667,16,14,55,0.20456284788453713
glass,5,0,3,0.078125,3,3,4,0.5225773558910343
glass,5,0,5,0.0625,4,3,8,0.3762060213135267
glass,5,0,6,0.041666666666666664,0,0,0,0.9999999999928347
glass,5,0,7,0.13541666666666666,2,2,1,0.930711024792429
glass,5,1,1,0.328125,2,1,6,0.8439512056239327
glass,5,1,2,0.3541666666666667,18,17,55,0.18123610142800034
glass,5,1,3,0.078125,14,7,14,0.2194210420083285
glass,5,1,5,0.0625,3,3,9,0.3184000606711674
glass,5,1,6,0.041666666666666664,0,0,0,0.9999999999958087
glass,5,1,7,0.13541666666666666,3,1,2,0.9066516119126026
glass,5,2,1,0.328125,6,2,10,0.6737811081529607
glass,5,2,2,0.3541666666666667,21,20,59,0.15432397641378348
glass,5,2,3,0.078125,9,6,9,0.43537980611332705
glass,5,2,5,0.0625,4,4,8,0.38645706993560186
glass,5,2,6,0.041666666666666664,0,0,0,0.9999999999955681
glass,5,2,7,0.13541666666666666,2,0,1,0.9404327308129745
glass,5,3,1,0.328125,10,4,14,0.6434071599467418
glass,5,3,2,0.3541666666666667,15,15,55,0.202275114081457
glass,5,3,3,0.08333333333333333,13,10,10,0.46160519510400555
glass,5,3,5,0.057291666666666664,3,3,5,0.6081445484289205
glass,5,3,6,0.041666666666666664,0,0,0,0.9999999999928744
glass,5,3,7,0.13541666666666666,3,3,2,0.9155598668171719
glass,5,4,1,0.32642487046632124,9,4,12,0.6487337969638746
glass,5,4,2,0.35233160621761656,17,17,56,0.19831855517874722
glass,5,4,3,0.08290155440414508,8,4,8,0.46290844759057403
glass,5,4,5,0.05699481865284974,5,4,8,0.3823832786180575
glass,5,4,6,0.04145077720207254,0,0,0,0.9999999999950901
glass,5,4,7,0.13989637305699482,2,2,2,0.9110000561021749
glass,5,5,1,0.32642487046632124,8,3,24,0.5974340481323966
glass,5,5,2,0.35233160621761656,18,16,56,0.1824843984877506
glass,5,5,3,0.08290155440414508,5,4,4,0.5925866478419581
glass,5,5,5,0.05699481865284974,6,5,7,0.3821591025656717
glass,5,5,6,0.046632124352331605,0,0,0,0.9999999999963054
glass,5,5,7,0.13471502590673576,3,2,4,0.8499232545067543
glass,5,6,1,0.32642487046632124,17,5,61,0.04811924956337108
glass,5,6,2,0.35751295336787564,22,5,58,0.17313591811045945
glass,5,6,3,0.07772020725388601,4,3,1,0.9321933416634915
glass,5,6,5,0.06217616580310881,4,4,8,0.4012628491433232
glass,5,6,6,0.04145077720207254,0,0,0,0.9999999999938157
glass,5,6,7,0.13471502590673576,3,3,2,0.9052544908164223
glass,5,7,1,0.32642487046632124,8,3,14,0.6505355075013872
glass,5,7,2,0.35751295336787564,18,16,58,0.19994917078199004
glass,5,7,3,0.07772020725388601,12,10,10,0.42645480093180194
glass,5,7,5,0.06217616580310881,4,4,9,0.36367663232213276
glass,5,7,6,0.04145077720207254,0,0,0,0.9999999999949969
glass,5,7,7,0.13471502590673576,3,3,2,0.9166467757701503
glass,5,8,1,0.32642487046632124,10,4,13,0.6473255953735301
glass,5,8,2,0.35751295336787564,20,20,58,0.17185137282296206
glass,5,8,3,0.07772020725388601,8,6,7,0.5000182465415206
glass,5,8,5,0.06217616580310881,4,4,9,0.3676552913494348
glass,5,8,6,0.04145077720207254,0,0,0,0.9999999999918332
glass,5,8,7,0.13471502590673576,3,3,2,0.914299608513718
glass,5,9,1,0.32642487046632124,11,9,18,0.6150096553620401
glass,5,9,2,0.35751295336787564,13,12,52,0.35006038035596276
glass,5,9,3,0.07772020725388601,12,8,10,0.39074961624408133
glass,5,9,5,0.06217616580310881,5,5,9,0.2910002420994198
glass,5,9,6,0.04145077720207254,0,0,0,0.9999999999751878
glass,5,9,7,0.13471502590673576,1,1,2,0.911504635774472
glass,6,0,1,0.328125,8,6,10,0.6671704915215724
glass,6,0,2,0.3541666666666667,16,16,57,0.19563768822400032
glass,6,0,3,0.078125,13,8,10,0.4123266548981152
glass,6,0,5,0.0625,4,4,9,0.3521930070348624
glass,6,0,6,0.041666666666666664,0,0,0,0.9999999999953284
glass,6,0,7,0.13541666666666666,3,2,2,0.9072218946472461
glass,6,1,1,0.328125,11,7,31,0.5659495618654444
glass,6,1,2,0.3541666666666667,15,13,57,0.18159925500661825
glass,6,1,3,0.078125,4,4,2,0.6767135073903184
glass,6,1,5,0.0625,6,5,8,0.36623689177571866
glass,6,1,6,0.041666666666666664,0,0,0,0.9999999999955494
glass,6,1,7,0.13541666666666666,2,1,2,0.9160115184645085
glass,6,2,1,0.328125,4,2,10,0.6689498933004538
glass,6,2,2,0.3541666666666667,21,18,57,0.2032219343117242
glass,6,2,3,0.078125,9,6,10,0.41688920944201335
glass,6,2,5,0.0625,5,5,8,0.4090073265494893
glass,6,2,6,0.041666666666666664,0,0,0,0.9999999999932377
glass,6,2,7,0.13541666666666666,3,3,2,0.9120934956695096
glass,6,3,1,0.328125,7,2,11,0.6538213597407163
glass,6,3,2,0.3541666666666667,20,20,57,0.17499640783432532
glass,6,3,3,0.08333333333333333,9,8,8,0.4617113737230393
glass,6,3,5,0.057291666666666664,4,4,9,0.3575962456026952
glass,6,3,6,0.041666666666666664,0,0,0,0.9999999999933687
glass,6,3,7,0.13541666666666666,2,2,3,0.8946847535674503
glass,6,4,1,0.32642487046632124,11,5,13,0.6259557652264438
glass,6,4,2,0.35233160621761656,14,13,53,0.2163759275969631
glass,6,4,3,0.08290155440414508,8,6,7,0.46586877157262674
glass,6,4,5,0.05699481865284974,6,6,9,0.27865903178795515
glass,6,4,6,0.04145077720207254,0,0,0,0.999999999992443
glass,6,4,7,0.13989637305699482,3,2,2,0.9109880061147893
glass,6,5,1,0.32642487046632124,16,3,61,0.06194193815955361
glass,6,5,2,0.35233160621761656,18,6,58,0.1467774242525117
glass,6,5,3,0.08290155440414508,2,0,1,0.9364238534950485
glass,6,5,5,0.05699481865284974,3,3,4,0.6162043322167657
glass,6,5,6,0.046632124352331605,0,0,0,0.9999999999957774
glass,6,5,7,0.13471502590673576,3,3,2,0.9054417002576175
glass,6,6,1,0.32642487046632124,7,6,4,0.8680168207584055
glass,6,6,2,0.35751295336787564,19,18,57,0.18666478235954398
glass,6,6,3,0.07772020725388601,14,7,13,0.24452695244264927
glass,6,6,5,0.06217616580310881,3,2,7,0.4117102497399867
glass,6,6,6,0.04145077720207254,0,0,0,0.999999999992539
glass,6,6,7,0.13471502590673576,2,2,2,0.9259282481925636
glass,6,7,1,0.32642487046632124,10,7,12,0.6946178014936485
glass,6,7,2,0.35751295336787564,17,17,57,0.1870440623628614
glass,6,7,3,0.07772020725388601,10,7,9,0.44472419010991077
glass,6,7,5,0.06217616580310881,3,3,9,0.3549767191203526
glass,6,7,6,0.04145077720207254,0,0,0,0.9999999999927254
glass,6,7,7,0.13471502590673576,3,3,2,0.9122961822590004
glass,6,8,1,0.32642487046632124,16,9,31,0.5168227045667851
glass,6,8,2,0.35751295336787564,19,14,52,0.36845858901459183
glass,6,8,3,0.07772020725388601,6,5,6,0.47849093085692285
glass,6,8,5,0.06217616580310881,4,4,9,0.2920829779055378
glass,6,8,6,0.04145077720207254,0,0,0,0.9999999999625393
glass,6,8,7,0.13471502590673576,2,2,2,0.9293507432957815
glass,6,9,1,0.32642487046632124,6,2,13,0.680495502946678
glass,6,9,2,0.35751295336787564,20,20,58,0.18183525030298658
glass,6,9,3,0.07772020725388601,10,9,9,0.45124879252400274
glass,6,9,5,0.06217616580310881,4,3,7,0.4278434568964675
glass,6,9,6,0.04145077720207254,0,0,0,0.9999999999958233
glass,6,9,7,0.13471502590673576,3,2,2,0.910316163473722
glass,7,0,1,0.328125,11,9,21,0.5748998378428746
glass,7,0,2,0.3541666666666667,18,18,54,0.3391660801973601
glass,7,0,3,0.078125,9,9,9,0.39234815144136576
glass,7,0,5,0.0625,4,4,8,0.32924526130876497
glass,7,0,6,0.041666666666666664,0,0,0,0.9999999999847384
glass,7,0,7,0.13541666666666666,2,2,1,0.9347608669137143
glass,7,1,1,0.328125,11,7,12,0.6693254292178603
glass,7,1,2,0.3541666666666667,19,18,57,0.20029139059505727
glass,7,1,3,0.078125,10,4,9,0.44974292414118305
glass,7,1,5,0.0625,4,3,8,0.38859368813581546
glass,7,1,6,0.041666666666666664,0,0,0,0.9999999999953126
glass,7,1,7,0.13541666666666666,2,1,2,0.9195478895827456
glass,7,2,1,0.328125,9,3,14,0.6354898116508433
glass,7,2,2,0.3541666666666667,17,14,53,0.2135427933882916
glass,7,2,3,0.078125,7,6,7,0.48092480866537224
glass,7,2,5,0.0625,3,2,8,0.4205379030453007
glass,7,2,6,0.041666666666666664,0,0,0,0.9999999999939518
glass,7,2,7,0.13541666666666666,2,2,3,0.8886318911544966
glass,7,3,1,0.328125,8,1,26,0.5781119332766755
glass,7,3,2,0.3541666666666667,19,17,56,0.18623371420767476
glass,7,3,3,0.08333333333333333,6,5,4,0.5725010405856165
glass,7,3,5,0.057291666666666664,6,6,8,0.3655732544829396
glass,7,3,6,0.041666666666666664,0,0,0,0.9999999999928081
glass,7,3,7,0.13541666666666666,3,3,2,0.9097684723416025
glass,7,4,1,0.32642487046632124,10,4,15,0.6414124432718038
glass,7,4,2,0.35233160621761656,18,17,56,0.19534081974821602
glass,7,4,3,0.08290155440414508,6,4,6,0.4840587803999036
glass,7,4,5,0.05699481865284974,4,4,9,0.3064761693484364
glass,7,4,6,0.04145077720207254,0,0,0,0.9999999999936205
glass,7,4,7,0.13989637305699482,3,1,2,0.9103680646209079
glass,7,5,1,0.32642487046632124,14,1,61,0.062203507539837694
glass,7,5,2,0.35233160621761656,17,7,58,0.1550399699777911
glass,7,5,3,0.08290155440414508,3,3,1,0.9361143690683726
glass,7,5,5,0.05699481865284974,3,3,4,0.6074655498118687
glass,7,5,6,0.046632124352331605,0,0,0,0.99999999999543
glass,7,5,7,0.13471502590673576,3,2,2,0.9176113806085179
glass,7,6,1,0.32642487046632124,5,4,9,0.6815593295851945
glass,7,6,2,0.35751295336787564,21,19,58,0.189175486667803
glass,7,6,3,0.07772020725388601,9,6,8,0.43681748705883133
glass,7,6,5,0.06217616580310881,4,4,7,0.4349228634870946
glass,7,6,6,0.04145077720207254,0,0,0,0.9999999999953306
glass,7,6,7,0.13471502590673576,3,3,2,0.9094960367457107
glass,7,7,1,0.32642487046632124,9,1,17,0.6355035837293749
glass,7,7,2,0.35751295336787564,16,16,55,0.21431808689342532
glass,7,7,3,0.07772020725388601,7,7,6,0.48636223010070956
glass,7,7,5,0.06217616580310881,4,3,8,0.3360471830836889
glass,7,7,6,0.04145077720207254,0,0,0,0.9999999999934921
glass,7,7,7,0.13471502590673576,3,2,3,0.883865593081786
glass,7,8,1,0.32642487046632124,5,2,11,0.6744734688144225
glass,7,8,2,0.35751295336787564,18,17,57,0.18339170550355796
glass,7,8,3,0.07772020725388601,12,10,10,0.44185989875121734
glass,7,8,5,0.06217616580310881,4,4,9,0.34493139238612097
glass,7,8,6,0.04145077720207254,0,0,0,0.9999999999900995
glass,7,8,7,0.13471502590673576,1,1,2,0.9042851601491646
glass,7,9,1,0.32642487046632124,5,5,0,0.9994941087852312
glass,7,9,2,0.35751295336787564,20,17,61,0.1324663686362419
glass,7,9,3,0.07772020725388601,14,9,14,0.04979059966101352
glass,7,9,5,0.06217616580310881,4,4,9,0.34831417598769976
glass,7,9,6,0.04145077720207254,0,0,0,0.9999999999755296
glass,7,9,7,0.13471502590673576,3,2,2,0.9117857112087324
glass,8,0,1,0.328125,14,10,23,0.5673015495019496
glass,8,0,2,0.3541666666666667,15,15,52,0.34204701352947287
glass,8,0,3,0.078125,9,7,8,0.41366094023289496
glass,8,0,5,0.0625,4,4,9,0.2780140525855985
glass,8,0,6,0.041666666666666664,0,0,0,0.9999999999650621
glass,8,0,7,0.13541666666666666,2,1,2,0.9232112469817587
glass,8,1,1,0.328125,4,3,4,0.8386125377987176
glass,8,1,2,0.3541666666666667,21,17,58,0.164668785814615
glass,8,1,3,0.078125,14,8,14,0.24686042359319887
glass,8,1,5,0.0625,4,3,8,0.4196066752645109
glass,8,1,6,0.041666666666666664,0,0,0,0.9999999999957326
glass,8,1,7,0.13541666666666666,3,3,2,0.9089413526209912
glass,8,2,1,0.328125,17,4,61,0.04586281990736969
glass,8,2,2,0.3541666666666667,18,6,59,0.1494405705135222
glass,8,2,3,0.078125,2,1,1,0.9321046907721654
glass,8,2,5,0.0625,6,6,9,0.3301146411465797
glass,8,2,6,0.041666666666666664,0,0,0,0.9999999999920148
glass,8,2,7,0.13541666666666666,3,1,2,0.9115056891790954
glass,8,3,1,0.328125,8,3,11,0.6558890619831187
glass,8,3,2,0.3541666666666667,14,14,55,0.21197858649768533
glass,8,3,3,0.08333333333333333,12,6,11,0.4652570141486696
glass,8,3,5,0.057291666666666664,2,2,2,0.7057656899062191
glass,8,3,6,0.041666666666666664,0,0,0,0.9999999999919
glass,8,3,7,0.13541666666666666,2,2,1,0.944785988429164
glass,8,4,1,0.32642487046632124,8,3,11,0.7018952189931877
glass,8,4,2,0.35233160621761656,16,15,55,0.22012984692385726
glass,8,4,3,0.08290155440414508,8,6,8,0.4860009667186085
glass,8,4,5,0.05699481865284974,3,3,7,0.3737506381722294
glass,8,4,6,0.04145077720207254,0,0,0,0.9999999999954694
glass,8,4,7,0.13989637305699482,3,1,2,0.9165614859889382
glass,8,5,1,0.32642487046632124,10,3,27,0.5836100406381141
glass,8,5,2,0.35233160621761656,17,15,57,0.16911394637856242
glass,8,5,3,0.08290155440414508,4,4,4,0.5747707586719519
glass,8,5,5,0.05699481865284974,6,5,7,0.39016321131816434
glass,8,5,6,0.046632124352331605,0,0,0,0.9999999999953785
glass,8,5,7,0.13471502590673576,3,3,3,0.8865383720196862
glass,8,6,1,0.32642487046632124,12,4,15,0.641515139130507
glass,8,6,2,0.35751295336787564,18,17,56,0.19567638117478783
glass,8,6,3,0.07772020725388601,6,6,6,0.4816606206922468
glass,8,6,5,0.06217616580310881,3,3,9,0.34407955242425775
glass,8,6,6,0.04145077720207254,0,0,0,0.9999999999927006
glass,8,6,7,0.13471502590673576,3,3,2,0.907416707067678
glass,8,7,1,0.32642487046632124,4,1,12,0.6931317952454774
glass,8,7,2,0.35751295336787564,17,16,53,0.22591733844930723
glass,8,7,3,0.07772020725388601,9,6,8,0.4197541625392809
glass,8,7,5,0.06217616580310881,5,4,8,0.40077504084353266
glass,8,7,6,0.04145077720207254,0,0,0,0.9999999999949173
glass,8,7,7,0.13471502590673576,3,3,3,0.8673611354227007
glass,8,8,1,0.32642487046632124,6,3,11,0.6823604193314422
glass,8,8,2,0.35751295336787564,19,19,58,0.18342326222868277
glass,8,8,3,0.07772020725388601,9,8,8,0.4344123877959113
glass,8,8,5,0.06217616580310881,4,3,8,0.4312779016756269
glass,8,8,6,0.04145077720207254,0,0,0,0.9999999999951197
glass,8,8,7,0.13471502590673576,2,1,2,0.9178163935845216
glass,8,9,1,0.32642487046632124,8,3,16,0.6211328633856213
glass,8,9,2,0.35751295336787564,19,18,58,0.17011111274131077
glass,8,9,3,0.07772020725388601,6,6,5,0.5152860537676294
glass,8,9,5,0.06217616580310881,3,3,9,0.3546957588611644
glass,8,9,6,0.04145077720207254,0,0,0,0.9999999999943205
glass,8,9,7,0.13471502590673576,3,2,2,0.9079820455101879
glass,9,0,1,0.328125,10,7,13,0.6573074129885598
glass,9,0,2,0.3541666666666667,14,13,57,0.2040469655312435
glass,9,0,3,0.078125,12,9,10,0.42982264833198675
glass,9,0,5,0.0625,2,2,3,0.687656097691181
glass,9,0,6,0.041666666666666664,0,0,0,0.9999999999937146
glass,9,0,7,0.13541666666666666,2,2,2,0.9228353886978836
glass,9,1,1,0.328125,6,2,13,0.6938055891833836
glass,9,1,2,0.3541666666666667,18,18,56,0.19455912156875677
glass,9,1,3,0.078125,10,7,9,0.41949726154735184
glass,9,1,5,0.0625,4,4,9,0.3799125322254047
glass,9,1,6,0.041666666666666664,0,0,0,0.9999999999947773
glass,9,1,7,0.13541666666666666,3,2,2,0.9123196150197058
glass,9,2,1,0.328125,10,3,16,0.6476354446490036
glass,9,2,2,0.3541666666666667,17,17,54,0.21045641903264617
glass,9,2,3,0.078125,6,5,5,0.535473543561099
glass,9,2,5,0.0625,6,5,8,0.4095679090898558
glass,9,2,6,0.041666666666666664,0,0,0,0.9999999999972735
glass,9,2,7,0.13541666666666666,3,3,3,0.8937964998893922
glass,9,3,1,0.328125,8,1,15,0.6205249317754821
glass,9,3,2,0.3541666666666667,18,17,55,0.20239241978072126
glass,9,3,3,0.08333333333333333,7,5,6,0.460624351938256
glass,9,3,5,0.057291666666666664,4,4,8,0.3644062238843204
glass,9,3,6,0.041666666666666664,0,0,0,0.9999999999960271
glass,9,3,7,0.13541666666666666,3,1,2,0.9114648301552634
glass,9,4,1,0.32642487046632124,9,2,11,0.6623876796420682
glass,9,4,2,0.35233160621761656,16,16,57,0.18257925981249118
glass,9,4,3,0.08290155440414508,10,8,10,0.4659067039644056
glass,9,4,5,0.05699481865284974,5,5,8,0.36052976449935914
glass,9,4,6,0.04145077720207254,0,0,0,0.9999999999933677
glass,9,4,7,0.13989637305699482,3,2,2,0.9141061158656556
glass,9,5,1,0.32642487046632124,7,3,11,0.6407719972338743
glass,9,5,2,0.35233160621761656,21,19,58,0.1605339062964727
glass,9,5,3,0.08290155440414508,10,7,10,0.4607564318812488
glass,9,5,5,0.05699481865284974,5,5,9,0.2790532178539848
glass,9,5,6,0.046632124352331605,0,0,0,0.9999999999947088
glass,9,5,7,0.13471502590673576,3,3,2,0.9115234074203559
glass,9,6,1,0.32642487046632124,10,5,17,0.6133421395847458
glass,9,6,2,0.35751295336787564,19,18,55,0.21876483757040954
glass,9,6,3,0.07772020725388601,5,3,5,0.5037734266163459
glass,9,6,5,0.06217616580310881,5,5,7,0.4324506749785999
glass,9,6,6,0.04145077720207254,0,0,0,0.9999999999963587
glass,9,6,7,0.13471502590673576,1,1,2,0.921261213895337
glass,9,7,1,0.32642487046632124,18,6,61,0.05456626741436944
glass,9,7,2,0.35751295336787564,16,7,57,0.1682176099842031
glass,9,7,3,0.07772020725388601,3,3,1,0.9322401454537589
glass,9,7,5,0.06217616580310881,5,5,9,0.31813167933367653
glass,9,7,6,0.04145077720207254,0,0,0,0.9999999999943676
glass,9,7,7,0.13471502590673576,3,1,2,0.9068003680300425
glass,9,8,1,0.32642487046632124,5,3,4,0.8613170260590158
glass,9,8,2,0.35751295336787564,19,17,58,0.17434488769390502
glass,9,8,3,0.07772020725388601,14,7,13,0.21916004804534733
glass,9,8,5,0.06217616580310881,4,4,9,0.34940745871700646
glass,9,8,6,0.04145077720207254,0,0,0,0.9999999999938091
glass,9,8,7,0.13471502590673576,3,2,2,0.9123373713642444
glass,9,9,1,0.32642487046632124,16,10,29,0.5251577203692548
glass,9,9,2,0.35751295336787564,18,15,53,0.3571810698833661
glass,9,9,3,0.07772020725388601,7,7,5,0.48753778606449055
glass,9,9,5,0.06217616580310881,4,4,10,0.24024864440662683
glass,9,9,6,0.04145077720207254,0,0,0,0.9999999999706721
glass,9,9,7,0.13471502590673576,3,1,2,0.9110637804591251
iris,0,0,0,0.3333333333333333,0,0,0,0.9999999999971818
iris,0,0,1,0.3333333333333333,2,2,3,0.9174832895124647
iris,0,0,2,0.3333333333333333,2,2,3,0.9142606380946025
iris,0,1,0,0.3333333333333333,0,0,0,0.9999999999955956
iris,0,1,1,0.3333333333333333,3,3,3,0.9169151605168658
iris,0,1,2,0.3333333333333333,2,2,3,0.936153987518036
iris,0,2,0,0.3333333333333333,0,0,0,0.9999999999994148
iris,0,2,1,0.3333333333333333,2,2,2,0.9293763523293933
iris,0,2,2,0.3333333333333333,2,2,3,0.921628030694568
iris,0,3,0,0.3333333333333333,0,0,0,0.9999999999988641
iris,0,3,1,0.3333333333333333,2,2,3,0.9197386186103876
iris,0,3,2,0.3333333333333333,2,2,4,0.9121968597972
iris,0,4,0,0.3333333333333333,0,0,0,0.9999999999989283
iris,0,4,1,0.3333333333333333,3,3,2,0.9221161750830155
iris,0,4,2,0.3333333333333333,2,2,3,0.9187376480094243
iris,0,5,0,0.3333333333333333,0,0,0,0.9999999999947173
iris,0,5,1,0.3333333333333333,2,2,3,0.917981090104946
iris,0,5,2,0.3333333333333333,2,2,3,0.9264327146655756
iris,0,6,0,0.3333333333333333,0,0,0,0.9999999999937303
iris,0,6,1,0.3333333333333333,1,1,2,0.9245517572219917
iris,0,6,2,0.3333333333333333,3,3,3,0.9258132065064529
iris,0,7,0,0.3333333333333333,0,0,0,0.9999999999877566
iris,0,7,1,0.3333333333333333,2,2,3,0.9124232992618984
iris,0,7,2,0.3333333333333333,2,2,3,0.9102890328003168
iris,0,8,0,0.3333333333333333,0,0,0,0.9999999999952469
iris,0,8,1,0.3333333333333333,2,2,2,0.9271233492238954
iris,0,8,2,0.3333333333333333,2,2,2,0.9347057317999429
iris,0,9,0,0.3333333333333333,0,0,0,0.9999999999999999
iris,0,9,1,0.3333333333333333,2,2,3,0.9284480462501292
iris,0,9,2,0.3333333333333333,3,3,3,0.9216799771328689
iris,1,0,0,0.3333333333333333,0,0,0,0.999999999999761
iris,1,0,1,0.3333333333333333,2,2,3,0.9209706732719196
iris,1,0,2,0.3333333333333333,2,2,3,0.9169539284564288
iris,1,1,0,0.3333333333333333,0,0,0,0.9999999999995678
iris,1,1,1,0.3333333333333333,3,3,2,0.9316522946478842
iris,1,1,2,0.3333333333333333,1,1,3,0.9233219965326419
iris,1,2,0,0.3333333333333333,0,0,0,0.9999999999941908
iris,1,2,1,0.3333333333333333,2,2,2,0.9190015449061508
iris,1,2,2,0.3333333333333333,2,2,4,0.910974329524194
iris,1,3,0,0.3333333333333333,0,0,0,0.9999999999927315
iris,1,3,1,0.3333333333333333,2,2,3,0.916585165199251
iris,1,3,2,0.3333333333333333,2,2,4,0.9101803525332168
iris,1,4,0,0.3333333333333333,0,0,0,0.9999999999989769
iris,1,4,1,0.3333333333333333,2,2,3,0.9192392905766907
iris,1,4,2,0.3333333333333333,2,2,3,0.9203112220297792
iris,1,5,0,0.3333333333333333,0,0,0,0.99999999999614
iris,1,5,1,0.3333333333333333,2,2,3,0.9134943569509719
iris,1,5,2,0.3333333333333333,2,2,3,0.936289718586618
iris,1,6,0,0.3333333333333333,0,0,0,0.9999999999817706
iris,1,6,1,0.3333333333333333,2,2,3,0.9101452848494695
iris,1,6,2,0.3333333333333333,3,3,3,0.9230127444039126
iris,1,7,0,0.3333333333333333,0,0,0,0.9999999999984255
iris,1,7,1,0.3333333333333333,2,2,3,0.9149687762299842
iris,1,7,2,0.3333333333333333,2,2,3,0.917875486816722
iris,1,8,0,0.3333333333333333,0,0,0,0.9999999999999791
iris,1,8,1,0.3333333333333333,2,2,2,0.9383679746984621
iris,1,8,2,0.3333333333333333,2,2,2,0.9464187067697171
iris,1,9,0,0.3333333333333333,0,0,0,0.9999999999975965
iris,1,9,1,0.3333333333333333,1,1,2,0.9274839716627118
iris,1,9,2,0.3333333333333333,3,3,3,0.915692418603
iris,2,0,0,0.3333333333333333,0,0,0,0.9999999999832484
iris,2,0,1,0.3333333333333333,3,3,2,0.9207990740030041
iris,2,0,2,0.3333333333333333,2,2,2,0.9419199762751052
iris,2,1,0,0.3333333333333333,0,0,0,0.9999999999833904
iris,2,1,1,0.3333333333333333,2,2,2,0.9267442346219192
iris,2,1,2,0.3333333333333333,2,2,2,0.9335200102993786
iris,2,2,0,0.3333333333333333,0,0,0,0.9999999999993946
iris,2,2,1,0.3333333333333333,2,2,3,0.913126787110225
iris,2,2,2,0.3333333333333333,2,2,3,0.9197848042954859
iris,2,3,0,0.3333333333333333,0,0,0,0.9999999999980594
iris,2,3,1,0.3333333333333333,2,2,2,0.9247186068195072
iris,2,3,2,0.3333333333333333,1,1,3,0.9189704010519775
iris,2,4,0,0.3333333333333333,0,0,0,0.999999999996184
iris,2,4,1,0.3333333333333333,2,2,3,0.9113116333497607
iris,2,4,2,0.3333333333333333,2,2,3,0.9135201893624191
iris,2,5,0,0.3333333333333333,0,0,0,0.9999999999976159
iris,2,5,1,0.3333333333333333,2,2,2,0.9173040529952099
iris,2,5,2,0.3333333333333333,2,2,4,0.9093082989723574
iris,2,6,0,0.3333333333333333,0,0,0,0.9999999999960192
iris,2,6,1,0.3333333333333333,4,4,3,0.9183251376524274
iris,2,6,2,0.3333333333333333,1,1,3,0.9218492388000539
iris,2,7,0,0.3333333333333333,0,0,0,0.9999999999997334
iris,2,7,1,0.3333333333333333,1,1,2,0.93236242577517
iris,2,7,2,0.3333333333333333,2,2,3,0.9198498617184242
iris,2,8,0,0.3333333333333333,0,0,0,0.9999999999981953
iris,2,8,1,0.3333333333333333,2,2,2,0.9321598121540179
iris,2,8,2,0.3333333333333333,2,2,3,0.9287099864223352
iris,2,9,0,0.3333333333333333,0,0,0,0.999999999999997
iris,2,9,1,0.3333333333333333,2,2,2,0.9210091800457666
iris,2,9,2,0.3333333333333333,2,2,3,0.9139036956706182
iris,3,0,0,0.3333333333333333,0,0,0,0.9999999999951437
iris,3,0,1,0.3333333333333333,2,2,3,0.9254535183494019
iris,3,0,2,0.3333333333333333,2,2,4,0.9190479926664097
iris,3,1,0,0.3333333333333333,0,0,0,0.9999999999973489
iris,3,1,1,0.3333333333333333,3,3,2,0.9182718090744474
iris,3,1,2,0.3333333333333333,2,2,3,0.9185854640183423
iris,3,2,0,0.3333333333333333,0,0,0,0.9999999999998843
iris,3,2,1,0.3333333333333333,3,3,2,0.9191112845820505
iris,3,2,2,0.3333333333333333,2,2,3,0.9351188573104602
iris,3,3,0,0.3333333333333333,0,0,0,0.9999999999957817
iris,3,3,1,0.3333333333333333,2,2,3,0.920200652737857
iris,3,3,2,0.3333333333333333,3,3,3,0.9224980298296113
iris,3,4,0,0.3333333333333333,0,0,0,0.9999999999967527
iris,3,4,1,0.3333333333333333,2,2,2,0.9317865486352218
iris,3,4,2,0.3333333333333333,0,0,3,0.934266469941413
iris,3,5,0,0.3333333333333333,0,0,0,0.9999999999991199
iris,3,5,1,0.3333333333333333,1,1,2,0.9373752457656717
iris,3,5,2,0.3333333333333333,2,2,3,0.936674671576009
iris,3,6,0,0.3333333333333333,0,0,0,0.9999999999971141
iris,3,6,1,0.3333333333333333,2,2,2,0.9190087142003651
iris,3,6,2,0.3333333333333333,2,2,4,0.9105895394546764
iris,3,7,0,0.3333333333333333,0,0,0,0.9999999999997486
iris,3,7,1,0.3333333333333333,2,2,3,0.9160204506751698
iris,3,7,2,0.3333333333333333,2,2,3,0.9126850207686446
iris,3,8,0,0.3333333333333333,0,0,0,0.9999999999975718
iris,3,8,1,0.3333333333333333,2,2,3,0.9147565739423713
iris,3,8,2,0.3333333333333333,2,2,4,0.9099725715586899
iris,3,9,0,0.3333333333333333,0,0,0,0.9999999999976039
iris,3,9,1,0.3333333333333333,2,2,3,0.9157932362457951
iris,3,9,2,0.3333333333333333,2,2,3,0.9192647967569005
iris,4,0,0,0.3333333333333333,0,0,0,0.9999999999997731
iris,4,0,1,0.3333333333333333,2,2,3,0.9189596703412407
iris,4,0,2,0.3333333333333333,1,1,2,0.92817686071689
iris,4,1,0,0.3333333333333333,0,0,0,0.9999999999936927
iris,4,1,1,0.3333333333333333,2,2,3,0.9123759388288415
iris,4,1,2,0.3333333333333333,2,2,4,0.9104321034316939
iris,4,2,0,0.3333333333333333,0,0,0,0.9999999999946612
iris,4,2,1,0.3333333333333333,2,2,3,0.9200331511121022
iris,4,2,2,0.3333333333333333,2,2,4,0.9115451856283231
iris,4,3,0,0.3333333333333333,0,0,0,0.9999999999988239
iris,4,3,1,0.3333333333333333,2,2,2,0.9297864402767322
iris,4,3,2,0.3333333333333333,2,2,4,0.908888296952417
iris,4,4,0,0.3333333333333333,0,0,0,0.9999999999994192
iris,4,4,1,0.3333333333333333,2,2,2,0.9190512372400962
iris,4,4,2,0.3333333333333333,2,2,3,0.9136217896197414
iris,4,5,0,0.3333333333333333,0,0,0,0.9999999999945112
iris,4,5,1,0.3333333333333333,1,1,3,0.9254215260733664
iris,4,5,2,0.3333333333333333,3,3,3,0.9256579415473762
iris,4,6,0,0.3333333333333333,0,0,0,0.9999999999988808
iris,4,6,1,0.3333333333333333,1,1,2,0.9475443668326452
iris,4,6,2,0.3333333333333333,2,2,2,0.9490889691045404
iris,4,7,0,0.3333333333333333,0,0,0,0.9999999999982353
iris,4,7,1,0.3333333333333333,2,2,3,0.9159313232768411
iris,4,7,2,0.3333333333333333,2,2,2,0.9345517257983864
iris,4,8,0,0.3333333333333333,0,0,0,0.9999999999996245
iris,4,8,1,0.3333333333333333,2,2,2,0.9236129714004939
iris,4,8,2,0.3333333333333333,2,2,3,0.9161891528272386
iris,4,9,0,0.3333333333333333,0,0,0,0.9999999999971052
iris,4,9,1,0.3333333333333333,2,2,3,0.904866922398578
iris,4,9,2,0.3333333333333333,2,2,3,0.9183108538162762
iris,5,0,0,0.3333333333333333,0,0,0,0.9999999999962613
iris,5,0,1,0.3333333333333333,3,3,3,0.913468916532215
iris,5,0,2,0.3333333333333333,1,1,2,0.9367901674970813
iris,5,1,0,0.3333333333333333,0,0,0,0.999999999996089
iris,5,1,1,0.3333333333333333,2,2,2,0.9346604193285705
iris,5,1,2,0.3333333333333333,2,2,3,0.9274770413535266
iris,5,2,0,0.3333333333333333,0,0,0,0.9999999999820558
iris,5,2,1,0.3333333333333333,2,2,3,0.9145858756060273
iris,5,2,2,0.3333333333333333,2,2,3,0.9152046802097564
iris,5,3,0,0.3333333333333333,0,0,0,0.9999999999999784
iris,5,3,1,0.3333333333333333,2,2,2,0.9269016518592882
iris,5,3,2,0.3333333333333333,2,2,4,0.9168263424871556
iris,5,4,0,0.3333333333333333,0,0,0,0.9999999999982284
iris,5,4,1,0.3333333333333333,2,2,3,0.915121316174882
iris,5,4,2,0.3333333333333333,2,2,3,0.9203128889977369
iris,5,5,0,0.3333333333333333,0,0,0,0.9999999999938123
iris,5,5,1,0.3333333333333333,3,3,3,0.9166528582251844
iris,5,5,2,0.3333333333333333,2,2,3,0.933108248841803
iris,5,6,0,0.3333333333333333,0,0,0,0.999999999989239
iris,5,6,1,0.3333333333333333,2,2,3,0.9171377614176295
iris,5,6,2,0.3333333333333333,3,3,3,0.9246944416104892
iris,5,7,0,0.3333333333333333,0,0,0,0.9999999999999821
iris,5,7,1,0.3333333333333333,1,1,2,0.9315514592362918
iris,5,7,2,0.3333333333333333,3,3,3,0.9239634931256224
iris,5,8,0,0.3333333333333333,0,0,0,0.9999999999994226
iris,5,8,1,0.3333333333333333,2,2,2,0.9280248216389032
iris,5,8,2,0.3333333333333333,2,2,3,0.9159683273679854
iris,5,9,0,0.3333333333333333,0,0,0,0.9999999999975827
iris,5,9,1,0.3333333333333333,2,2,2,0.9203550330627247
iris,5,9,2,0.3333333333333333,2,2,4,0.9049483546451985
iris,6,0,0,0.3333333333333333,0,0,0,0.9999999999857223
iris,6,0,1,0.3333333333333333,3,3,4,0.9034256552247449
iris,6,0,2,0.3333333333333333,2,2,3,0.9215548759217917
iris,6,1,0,0.3333333333333333,0,0,0,0.9999999999989707
iris,6,1,1,0.3333333333333333,1,1,2,0.9396131554528706
iris,6,1,2,0.3333333333333333,2,2,2,0.949702661821684
iris,6,2,0,0.3333333333333333,0,0,0,0.9999999999998597
iris,6,2,1,0.3333333333333333,3,3,3,0.9255909433264433
iris,6,2,2,0.3333333333333333,2,2,3,0.9196085481183759
iris,6,3,0,0.3333333333333333,0,0,0,0.999999999999755
iris,6,3,1,0.3333333333333333,3,3,2,0.924021620576116
iris,6,3,2,0.3333333333333333,2,2,3,0.9260542451542627
iris,6,4,0,0.3333333333333333,0,0,0,0.9999999999930542
iris,6,4,1,0.3333333333333333,2,2,2,0.9233415650180583
iris,6,4,2,0.3333333333333333,2,2,4,0.913647111553323
iris,6,5,0,0.3333333333333333,0,0,0,0.9999999999997256
iris,6,5,1,0.3333333333333333,2,2,2,0.937861268739348
iris,6,5,2,0.3333333333333333,2,2,4,0.9140634549853911
iris,6,6,0,0.3333333333333333,0,0,0,0.9999999999968358
iris,6,6,1,0.3333333333333333,4,4,3,0.915353143926566
iris,6,6,2,0.3333333333333333,1,1,3,0.9206634350535512
iris,6,7,0,0.3333333333333333,0,0,0,0.9999999999970606
iris,6,7,1,0.3333333333333333,2,2,3,0.9208235564523856
iris,6,7,2,0.3333333333333333,2,2,3,0.9191617842241722
iris,6,8,0,0.3333333333333333,0,0,0,0.9999999999995637
iris,6,8,1,0.3333333333333333,2,2,2,0.9212177704970005
iris,6,8,2,0.3333333333333333,2,2,3,0.9201303367583725
iris,6,9,0,0.3333333333333333,0,0,0,0.9999999999909287
iris,6,9,1,0.3333333333333333,2,2,3,0.9041468645645784
iris,6,9,2,0.3333333333333333,2,2,3,0.9144105604992748
iris,7,0,0,0.3333333333333333,0,0,0,0.9999999999996381
iris,7,0,1,0.3333333333333333,2,2,3,0.9110557002166961
iris,7,0,2,0.3333333333333333,2,2,3,0.9186649176161641
iris,7,1,0,0.3333333333333333,0,0,0,0.9999999999997331
iris,7,1,1,0.3333333333333333,2,2,2,0.9371751902922034
iris,7,1,2,0.3333333333333333,3,3,3,0.9328936892982701
iris,7,2,0,0.3333333333333333,0,0,0,0.9999999999996194
iris,7,2,1,0.3333333333333333,2,2,2,0.9174080778486053
iris,7,2,2,0.3333333333333333,2,2,3,0.9106298749134265
iris,7,3,0,0.3333333333333333,0,0,0,0.9999999999974637
iris,7,3,1,0.3333333333333333,1,1,2,0.9235723434178625
iris,7,3,2,0.3333333333333333,2,2,3,0.921452069540904
iris,7,4,0,0.3333333333333333,0,0,0,0.9999999999931305
iris,7,4,1,0.3333333333333333,2,2,3,0.917563386191155
iris,7,4,2,0.3333333333333333,3,3,4,0.9133267262357311
iris,7,5,0,0.3333333333333333,0,0,0,0.9999999999994653
iris,7,5,1,0.3333333333333333,2,2,3,0.9288425410795539
iris,7,5,2,0.3333333333333333,2,2,3,0.9220954314839038
iris,7,6,0,0.3333333333333333,0,0,0,0.9999999999953171
iris,7,6,1,0.3333333333333333,2,2,2,0.9273684339633015
iris,7,6,2,0.3333333333333333,1,1,2,0.9411705627016738
iris,7,7,0,0.3333333333333333,0,0,0,0.9999999999993765
iris,7,7,1,0.3333333333333333,3,3,2,0.923904606020844
iris,7,7,2,0.3333333333333333,2,2,3,0.9295068812177958
iris,7,8,0,0.3333333333333333,0,0,0,0.9999999999900663
iris,7,8,1,0.3333333333333333,2,2,3,0.9109970499528879
iris,7,8,2,0.3333333333333333,2,2,3,0.9175370663726008
iris,7,9,0,0.3333333333333333,0,0,0,0.9999999999957505
iris,7,9,1,0.3333333333333333,2,2,3,0.9153189126303276
iris,7,9,2,0.3333333333333333,2,2,4,0.9104614893209727
iris,8,0,0,0.3333333333333333,0,0,0,0.9999999999987311
iris,8,0,1,0.3333333333333333,2,2,2,0.9247994898647556
iris,8,0,2,0.3333333333333333,2,2,4,0.9084879145846939
iris,8,1,0,0.3333333333333333,0,0,0,0.9999999999996776
iris,8,1,1,0.3333333333333333,2,2,3,0.9327103175276346
iris,8,1,2,0.3333333333333333,1,1,1,0.9618018505545654
iris,8,2,0,0.3333333333333333,0,0,0,0.9999999999998728
iris,8,2,1,0.3333333333333333,2,2,1,0.941641891071677
iris,8,2,2,0.3333333333333333,1,1,2,0.9355177461164171
iris,8,3,0,0.3333333333333333,0,0,0,0.9999999999970692
iris,8,3,1,0.3333333333333333,2,2,3,0.9094158522457296
iris,8,3,2,0.3333333333333333,2,2,4,0.9109517094136622
iris,8,4,0,0.3333333333333333,0,0,0,0.9999999999979189
iris,8,4,1,0.3333333333333333,1,1,2,0.9330409359506363
iris,8,4,2,0.3333333333333333,2,2,3,0.9310309629592359
iris,8,5,0,0.3333333333333333,0,0,0,0.9999999999986847
iris,8,5,1,0.3333333333333333,2,2,3,0.9123131790119435
iris,8,5,2,0.3333333333333333,2,2,3,0.915009417946232
iris,8,6,0,0.3333333333333333,0,0,0,0.9999999999970858
iris,8,6,1,0.3333333333333333,2,2,3,0.9117595234356601
iris,8,6,2,0.3333333333333333,2,2,3,0.9118978344220572
iris,8,7,0,0.3333333333333333,0,0,0,0.999999999993239
iris,8,7,1,0.3333333333333333,2,2,3,0.9152664100894934
iris,8,7,2,0.3333333333333333,3,3,4,0.9105402826569612
iris,8,8,0,0.3333333333333333,0,0,0,0.9999999999989393
iris,8,8,1,0.3333333333333333,2,2,3,0.921557216281981
iris,8,8,2,0.3333333333333333,2,2,3,0.9137186002395216
iris,8,9,0,0.3333333333333333,0,0,0,0.9999999999941385
iris,8,9,1,0.3333333333333333,2,2,3,0.9139759837478674
iris,8,9,2,0.3333333333333333,2,2,3,0.9165693079551223
iris,9,0,0,0.3333333333333333,0,0,0,0.9999999999881857
iris,9,0,1,0.3333333333333333,2,2,2,0.9204131725725238
iris,9,0,2,0.3333333333333333,2,2,4,0.9105702070147683
iris,9,1,0,0.3333333333333333,0,0,0,0.9999999999999367
iris,9,1,1,0.3333333333333333,3,3,2,0.9289391081754275
iris,9,1,2,0.3333333333333333,3,3,3,0.9241391931065516
iris,9,2,0,0.3333333333333333,0,0,0,0.9999999999998772
iris,9,2,1,0.3333333333333333,2,2,2,0.9324169642591765
iris,9,2,2,0.3333333333333333,1,1,3,0.9201865910284959
iris,9,3,0,0.3333333333333333,0,0,0,0.9999999999925276
iris,9,3,1,0.3333333333333333,2,2,3,0.9182150413407416
iris,9,3,2,0.3333333333333333,1,1,3,0.9297391789570006
iris,9,4,0,0.3333333333333333,0,0,0,0.999999999999415
iris,9,4,1,0.3333333333333333,2,2,3,0.9129378878116612
iris,9,4,2,0.3333333333333333,2,2,3,0.9164647968812687
iris,9,5,0,0.3333333333333333,0,0,0,0.9999999999983544
iris,9,5,1,0.3333333333333333,2,2,3,0.9163162910466823
iris,9,5,2,0.3333333333333333,2,2,3,0.9154271973991718
iris,9,6,0,0.3333333333333333,0,0,0,0.9999999999987301
iris,9,6,1,0.3333333333333333,2,2,3,0.9257777080061815
iris,9,6,2,0.3333333333333333,1,1,2,0.943585222421261
iris,9,7,0,0.3333333333333333,0,0,0,0.9999999999963459
iris,9,7,1,0.3333333333333333,2,2,3,0.9117881292200498
iris,9,7,2,0.3333333333333333,3,3,3,0.925709280570157
iris,9,8,0,0.3333333333333333,0,0,0,0.9999999999905439
iris,9,8,1,0.3333333333333333,2,2,3,0.9117488244056351
iris,9,8,2,0.3333333333333333,2,2,3,0.911220472828029
iris,9,9,0,0.3333333333333333,0,0,0,0.9999999999992086
iris,9,9,1,0.3333333333333333,1,1,1,0.9375406969949945
iris,9,9,2,0.3333333333333333,2,2,3,0.9213756426426614
soybean,0,0,2-4-d-injury,0.02280130293159609,0,0,0,0.9999999999334683
soybean,0,0,alternarialeaf-spot,0.13355048859934854,0,0,0,0.9732110671724156
soybean,0,0,anthracnose,0.06514657980456026,0,0,0,0.9978612002509155
soybean,0,0,bacterial-blight,0.029315960912052116,0,0,1,0.9295576380459742
soybean,0,0,bacterial-pustule,0.029315960912052116,0,0,1,0.9390677563723452
soybean,0,0,brown-spot,0.13517915309446255,9,7,12,0.8471343223214342
soybean,0,0,brown-stem-rot,0.06351791530944625,0,0,0,0.9999904174616878
soybean,0,0,charcoal-rot,0.029315960912052116,0,0,0,0.9998410200857918
soybean,0,0,cyst-nematode,0.021172638436482084,0,0,0,0.9999999999999907
soybean,0,0,diaporthe-pod-&-stem-blight,0.021172638436482084,0,0,0,1.0
soybean,0,0,diaporthe-stem-canker,0.029315960912052116,0,0,0,0.9999976220643616
soybean,0,0,downy-mildew,0.029315960912052116,0,0,0,0.9999281309365085
soybean,0,0,frog-eye-leaf-spot,0.13355048859934854,18,14,24,0.706487935136163
soybean,0,0,herbicide-injury,0.011400651465798045,0,0,0,0.9999998697305476
soybean,0,0,phyllosticta-leaf-spot,0.029315960912052116,2,2,3,0.7998599920034275
soybean,0,0,phytophthora-rot,0.12866449511400652,0,0,19,0.7595112535294686
soybean,0,0,powdery-mildew,0.029315960912052116,0,0,0,0.9999823752200635
soybean,0,0,purple-seed-stain,0.029315960912052116,0,0,0,0.9999878144541818
soybean,0,0,rhizoctonia-root-rot,0.029315960912052116,0,0,0,0.999999920994257
soybean,0,1,2-4-d-injury,0.02280130293159609,0,0,0,0.9999999998959582
soybean,0,1,alternarialeaf-spot,0.13355048859934854,0,0,0,0.974205942450878
soybean,0,1,anthracnose,0.06514657980456026,0,0,0,0.9998250042678356
soybean,0,1,bacterial-blight,0.029315960912052116,0,0,0,0.9584599741178
soybean,0,1,bacterial-pustule,0.029315960912052116,1,1,2,0.9051512408961716
soybean,0,1,brown-spot,0.13517915309446255,7,5,10,0.8530540151641649
soybean,0,1,brown-stem-rot,0.06351791530944625,0,0,0,0.9999874154061664
soybean,0,1,charcoal-rot,0.029315960912052116,0,0,0,0.9998419170037093
soybean,0,1,cyst-nematode,0.021172638436482084,0,0,0,0.9999999999999898
soybean,0,1,diaporthe-pod-&-stem-blight,0.021172638436482084,0,0,0,1.0
soybean,0,1,diaporthe-stem-canker,0.029315960912052116,0,0,0,0.9999983597034784
soybean,0,1,downy-mildew,0.029315960912052116,0,0,0,0.9999092137442417
soybean,0,1,frog-eye-leaf-spot,0.13355048859934854,20,17,23,0.718644659704332
soybean,0,1,herbicide-injury,0.011400651465798045,0,0,0,0.99999994376061
soybean,0,1,phyllosticta-leaf-spot,0.029315960912052116,2,1,4,0.7970701816006589
soybean,0,1,phytophthora-rot,0.12866449511400652,0,0,19,0.7595146977408369
soybean,0,1,powdery-mildew,0.029315960912052116,0,0,0,0.9999808145611926
soybean,0,1,purple-seed-stain,0.029315960912052116,0,0,0,0.9999841433963709
soybean,0,1,rhizoctonia-root-rot,0.029315960912052116,0,0,0,0.9999999344263184
soybean,0,2,2-4-d-injury,0.02280130293159609,0,0,0,0.999999999847757
soybean,0,2,alternarialeaf-spot,0.13355048859934854,0,0,0,0.9736703066950791
soybean,0,2,anthracnose,0.06514657980456026,0,0,0,0.9978759226804168
soybean,0,2,bacterial-blight,0.029315960912052116,0,0,0,0.9682264743411161
soybean,0,2,bacterial-pustule,0.029315960912052116,0,0,0,0.9929984518030892
soybean,0,2,brown-spot,0.13355048859934854,6,5,11,0.8503062008752739
soybean,0,2,brown-stem-rot,0.06514657980456026,0,0,0,0.9999903033022111
soybean,0,2,charcoal-rot,0.029315960912052116,0,0,0,0.9998473296985979
soybean,0,2,cyst-nematode,0.021172638436482084,0,0,0,0.9999999999999899
soybean,0,2,diaporthe-pod-&-stem-blight,0.021172638436482084,0,0,0,1.0
soybean,0,2,diaporthe-stem-canker,0.029315960912052116,0,0,0,0.999997832206935
soybean,0,2,downy-mildew,0.029315960912052116,0,0,0,0.999920747618912
soybean,0,2,frog-eye-leaf-spot,0.13355048859934854,17,13,22,0.7282983626917536
soybean,0,2,herbicide-injury,0.011400651465798045,0,0,0,0.9999999457613292
soybean,0,2,phyllosticta-leaf-spot,0.029315960912052116,2,2,4,0.7672057050075738
soybean,0,2,phytophthora-rot,0.12866449511400652,0,0,19,0.7595015418625113
soybean,0,2,powdery-mildew,0.029315960912052116,0,0,0,0.9999737465540312
soybean,0,2,purple-seed-stain,0.029315960912052116,0,0,0,0.9999885474888272
soybean,0,2,rhizoctonia-root-rot,0.029315960912052116,0,0,0,0.9999998586476114
soybean,0,3,2-4-d-injury,0.022764227642276424,0,0,0,0.9999999999004536
soybean,0,3,alternarialeaf-spot,0.13333333333333333,0,0,0,0.9754150028688576
soybean,0,3,anthracnose,0.06504065040650407,0,0,0,0.996904658710352
soybean,0,3,bacterial-blight,0.02926829268292683,0,0,0,0.9428087063362997
soybean,0,3,bacterial-pustule,0.02926829268292683,1,1,1,0.9361967722679151
soybean,0,3,brown-spot,0.13333333333333333,7,6,11,0.858648185655679
soybean,0,3,brown-stem-rot,0.06504065040650407,0,0,0,0.9999893062354925
soybean,0,3,charcoal-rot,0.02926829268292683,0,0,0,0.9998748309643699
soybean,0,3,cyst-nematode,0.02113821138211382,0,0,0,0.9999999999999907
soybean,0,3,diaporthe-pod-&-stem-blight,0.02113821138211382,0,0,0,1.0
soybean,0,3,diaporthe-stem-canker,0.02926829268292683,0,0,0,0.9999980842310079
soybean,0,3,downy-mildew,0.02926829268292683,0,0,0,0.9999354258600874
soybean,0,3,frog-eye-leaf-spot,0.13333333333333333,15,12,18,0.7784870229821264
soybean,0,3,herbicide-injury,0.013008130081300813,0,0,0,0.9999999744025945
soybean,0,3,phyllosticta-leaf-spot,0.02926829268292683,3,3,5,0.7576360187091145
soybean,0,3,phytophthora-rot,0.12845528455284552,0,0,16,0.7974704704080853
soybean,0,3,powdery-mildew,0.02926829268292683,0,0,0,0.9999680881416582
soybean,0,3,purple-seed-stain,0.02926829268292683,0,0,0,0.9999786490738268
soybean,0,3,rhizoctonia-root-rot,0.02926829268292683,0,0,0,0.9999999788105733
soybean,0,4,2-4-d-injury,0.022764227642276424,0,0,0,0.999999999898522
soybean,0,4,alternarialeaf-spot,0.13333333333333333,0,0,0,0.9759232796668685
soybean,0,4,anthracnose,0.06341463414634146,0,0,0,0.998929946648679
soybean,0,4,bacterial-blight,0.02926829268292683,0,0,0,0.9352557436015945
soybean,0,4,bacterial-pustule,0.02926829268292683,1,1,1,0.9309620058227165
soybean,0,4,brown-spot,0.13495934959349593,8,7,13,0.8473708766975192
soybean,0,4,brown-stem-rot,0.06504065040650407,0,0,0,0.9999897467661212
soybean,0,4,charcoal-rot,0.02926829268292683,0,0,0,0.9998577505332532
soybean,0,4,cyst-nematode,0.02113821138211382,0,0,0,0.9999999999999921
soybean,0,4,diaporthe-pod-&-stem-blight,0.02113821138211382,0,0,0,1.0
soybean,0,4,diaporthe-stem-canker,0.02926829268292683,0,0,0,0.9999974437843291
soybean,0,4,downy-mildew,0.02926829268292683,0,0,0,0.9999395589094203
soybean,0,4,frog-eye-leaf-spot,0.13333333333333333,19,16,24,0.7091906532404094
soybean,0,4,herbicide-injury,0.013008130081300813,0,0,0,0.9999999707948433
soybean,0,4,phyllosticta-leaf-spot,0.02926829268292683,1,1,3,0.8296819970814074
soybean,0,4,phytophthora-rot,0.12845528455284552,0,0,18,0.7721569068006443
soybean,0,4,powdery-mildew,0.02926829268292683,0,0,0,0.999984284691016
soybean,0,4,purple-seed-stain,0.02926829268292683,0,0,0,0.9999801214075755
soybean,0,4,rhizoctonia-root-rot,0.02926829268292683,0,0,0,0.9999999291285815
soybean,0,5,2-4-d-injury,0.024390243902439025,0,0,0,0.9999999999569165
soybean,0,5,alternarialeaf-spot,0.13333333333333333,0,0,0,0.9723895134733554
soybean,0,5,anthracnose,0.06341463414634146,0,0,0,0.9967569635913367
soybean,0,5,bacterial-blight,0.02926829268292683,0,0,0,0.9376553082593071
soybean,0,5,bacterial-pustule,0.02926829268292683,1,1,1,0.9457889196469235
soybean,0,5,brown-spot,0.13495934959349593,8,7,12,0.8426475895691239
soybean,0,5,brown-stem-rot,0.06504065040650407,0,0,0,0.9999869079995827
soybean,0,5,charcoal-rot,0.02926829268292683,0,0,0,0.9998424528234506
soybean,0,5,cyst-nematode,0.01951219512195122,0,0,0,0.9999999999999886
soybean,0,5,diaporthe-pod-&-stem-blight,0.022764227642276424,0,0,0,1.0
soybean,0,5,diaporthe-stem-canker,0.02926829268292683,0,0,0,0.9999978640149959
soybean,0,5,downy-mildew,0.02926829268292683,0,0,0,0.9998929348761647
soybean,0,5,frog-eye-leaf-spot,0.13333333333333333,18,15,22,0.7314927029403268
soybean,0,5,herbicide-injury,0.011382113821138212,0,0,0,0.9999998920615267
soybean,0,5,phyllosticta-leaf-spot,0.02926829268292683,3,3,4,0.7996228186531888
soybean,0,5,phytophthora-rot,0.12845528455284552,0,0,18,0.772160247997012
soybean,0,5,powdery-mildew,0.02926829268292683,0,0,0,0.9999864854958714
soybean,0,5,purple-seed-stain,0.02926829268292683,0,0,0,0.9999706647530042
soybean,0,5,rhizoctonia-root-rot,0.02926829268292683,0,0,0,0.9999998488885351
soybean,0,6,2-4-d-injury,0.024390243902439025,0,0,0,0.9999999999579675
soybean,0,6,alternarialeaf-spot,0.13333333333333333,0,0,0,0.9780312404742103
soybean,0,6,anthracnose,0.06341463414634146,0,0,0,0.9974165620980827
soybean,0,6,bacterial-blight,0.02926829268292683,0,0,0,0.942586475772764
soybean,0,6,bacterial-pustule,0.02926829268292683,1,1,1,0.9194276741370397
soybean,0,6,brown-spot,0.13495934959349593,4,4,9,0.8637659814901126
soybean,0,6,brown-stem-rot,0.06504065040650407,0,0,0,0.9999888074189908
soybean,0,6,charcoal-rot,0.02926829268292683,0,0,0,0.9998903442966536
soybean,0,6,cyst-nematode,0.01951219512195122,0,0,0,0.9999999999999872
soybean,0,6,diaporthe-pod-&-stem-blight,0.022764227642276424,0,0,0,1.0
soybean,0,6,diaporthe-stem-canker,0.02926829268292683,0,0,0,0.9999982387401294
soybean,0,6,downy-mildew,0.02926829268292683,0,0,0,0.9999206509520485
soybean,0,6,frog-eye-leaf-spot,0.13333333333333333,18,15,23,0.7187789040430255
soybean,0,6,herbicide-injury,0.011382113821138212,0,0,0,0.999999908784596
soybean,0,6,phyllosticta-leaf-spot,0.02926829268292683,3,3,4,0.799437627219639
soybean,0,6,phytophthora-rot,0.12845528455284552,0,0,18,0.7721609040906426
soybean,0,6,powdery-mildew,0.02926829268292683,0,0,0,0.9999868336348645
soybean,0,6,purple-seed-stain,0.02926829268292683,0,0,0,0.9999709630338196
soybean,0,6,rhizoctonia-root-rot,0.02926829268292683,0,0,0,0.9999998422209124
soybean,0,7,2-4-d-injury,0.024390243902439025,0,0,0,0.9999999999141125
soybean,0,7,alternarialeaf-spot,0.13333333333333333,0,0,0,0.9679244725630185
soybean,0,7,anthracnose,0.06341463414634146,0,0,0,0.9986668280387431
soybean,0,7,bacterial-blight,0.02926829268292683,0,0,0,0.9435236721637824
soybean,0,7,bacterial-pustule,0.02926829268292683,1,1,1,0.9254664937970889
soybean,0,7,brown-spot,0.13495934959349593,7,7,11,0.8484784114377254
soybean,0,7,brown-stem-rot,0.06504065040650407,0,0,0,0.9999906624197109
soybean,0,7,charcoal-rot,0.02926829268292683,0,0,0,0.9998265242169173
soybean,0,7,cyst-nematode,0.01951219512195122,0,0,0,0.9999999999999911
soybean,0,7,diaporthe-pod-&-stem-blight,0.022764227642276424,0,0,0,1.0
soybean,0,7,diaporthe-stem-canker,0.02926829268292683,0,0,0,0.9999973464058102
soybean,0,7,downy-mildew,0.02926829268292683,0,0,0,0.99994690565867
soybean,0,7,frog-eye-leaf-spot,0.13333333333333333,18,15,22,0.7273082354342078
soybean,0,7,herbicide-injury,0.011382113821138212,0,0,0,0.9999999438324981
soybean,0,7,phyllosticta-leaf-spot,0.02926829268292683,4,3,3,0.8036783424256053
soybean,0,7,phytophthora-rot,0.12845528455284552,0,0,18,0.7721569120948951
soybean,0,7,powdery-mildew,0.02926829268292683,0,0,0,0.9999811472807679
soybean,0,7,purple-seed-stain,0.02926829268292683,0,0,0,0.9999888163585707
soybean,0,7,rhizoctonia-root-rot,0.02926829268292683,0,0,0,0.9999998740482151
soybean,0,8,2-4-d-injury,0.024390243902439025,0,0,0,0.9999999999505068
soybean,0,8,alternarialeaf-spot,0.13170731707317074,2,1,0,0.97219836056022
soybean,0,8,anthracnose,0.06504065040650407,0,0,0,0.9984415772443811
soybean,0,8,bacterial-blight,0.02926829268292683,0,0,0,0.9265422773628276
soybean,0,8,bacterial-pustule,0.02926829268292683,1,1,1,0.9350522987528669
soybean,0,8,brown-spot,0.13495934959349593,8,7,12,0.8424980740183644
soybean,0,8,brown-stem-rot,0.06341463414634146,0,0,0,0.9999872160657165
soybean,0,8,charcoal-rot,0.02926829268292683,0,0,0,0.999853462109153
soybean,0,8,cyst-nematode,0.01951219512195122,0,0,0,0.999999999999989
soybean,0,8,diaporthe-pod-&-stem-blight,0.022764227642276424,0,0,0,1.0
soybean,0,8,diaporthe-stem-canker,0.02926829268292683,0,0,0,0.9999983242858088
soybean,0,8,downy-mildew,0.02926829268292683,0,0,0,0.9999379379727995
soybean,0,8,frog-eye-leaf-spot,0.13333333333333333,18,14,24,0.7082107453450563
soybean,0,8,herbicide-injury,0.011382113821138212,0,0,0,0.9999999154159823
soybean,0,8,phyllosticta-leaf-spot,0.02926829268292683,3,3,4,0.7827798632924169
soybean,0,8,phytophthora-rot,0.13008130081300814,0,0,18,0.775003818241664
soybean,0,8,powdery-mildew,0.02926829268292683,0,0,0,0.9999639253679314
soybean,0,8,purple-seed-stain,0.02926829268292683,0,0,0,0.9999826652985276
soybean,0,8,rhizoctonia-root-rot,0.02926829268292683,0,0,0,0.9999998650436621
soybean,0,9,2-4-d-injury,0.022764227642276424,0,0,0,0.999999999876074
soybean,0,9,alternarialeaf-spot,0.13333333333333333,1,0,0,0.9665130221952809
soybean,0,9,anthracnose,0.06504065040650407,0,0,0,0.9983802756837001
soybean,0,9,bacterial-blight,0.02926829268292683,0,0,0,0.9323232733267383
soybean,0,9,bacterial-pustule,0.02926829268292683,1,1,1,0.9416313591845932
soybean,0,9,brown-spot,0.13495934959349593,7,5,12,0.8443974660613582
soybean,0,9,brown-stem-rot,0.06341463414634146,0,0,0,0.9999870253871157
soybean,0,9,charcoal-rot,0.02926829268292683,0,0,0,0.9998906653856113
soybean,0,9,cyst-nematode,0.02113821138211382,0,0,0,0.99999999999999
soybean,0,9,diaporthe-pod-&-stem-blight,0.022764227642276424,0,0,0,1.0
soybean,0,9,diaporthe-stem-canker,0.02926829268292683,0,0,0,0.9999988349568757
soybean,0,9,downy-mildew,0.02926829268292683,0,0,0,0.999907853609881
soybean,0,9,frog-eye-leaf-spot,0.13170731707317074,21,16,23,0.7130500131694184
soybean,0,9,herbicide-injury,0.011382113821138212,0,0,0,0.9999999311213428
soybean,0,9,phyllosticta-leaf-spot,0.02926829268292683,3,3,4,0.7711780529594641
soybean,0,9,phytophthora-rot,0.13008130081300814,0,0,17,0.7875013926113807
soybean,0,9,powdery-mildew,0.02926829268292683,0,0,0,0.9999889512309701
soybean,0,9,purple-seed-stain,0.02926829268292683,0,0,0,0.99996497282268
soybean,0,9,rhizoctonia-root-rot,0.02926829268292683,0,0,0,0.9999998990371959
soybean,1,0,2-4-d-injury,0.02280130293159609,0,0,0,0.9999999999401236
soybean,1,0,alternarialeaf-spot,0.13355048859934854,0,0,0,0.974703235941855
soybean,1,0,anthracnose,0.06514657980456026,0,0,0,0.9974097394456688
soybean,1,0,bacterial-blight,0.029315960912052116,0,0,0,0.9396479979899726
soybean,1,0,bacterial-pustule,0.029315960912052116,1,1,1,0.9337735030499024
soybean,1,0,brown-spot,0.13517915309446255,6,6,13,0.8469009798015679
soybean,1,0,brown-stem-rot,0.06351791530944625,0,0,0,0.9999890685268352
soybean,1,0,charcoal-rot,0.029315960912052116,0,0,0,0.9998497837354194
soybean,1,0,cyst-nematode,0.021172638436482084,0,0,0,0.9999999999999919
soybean,1,0,diaporthe-pod-&-stem-blight,0.021172638436482084,0,0,0,1.0
soybean,1,0,diaporthe-stem-canker,0.029315960912052116,0,0,0,0.9999982193689908
soybean,1,0,downy-mildew,0.029315960912052116,0,0,0,0.9998673068064762
soybean,1,0,frog-eye-leaf-spot,0.13355048859934854,20,16,23,0.71678947626368
soybean,1,0,herbicide-injury,0.011400651465798045,0,0,0,0.999999896341213
soybean,1,0,phyllosticta-leaf-spot,0.029315960912052116,2,2,4,0.764947860616091
soybean,1,0,phytophthora-rot,0.12866449511400652,0,0,18,0.7721578529410084
soybean,1,0,powdery-mildew,0.029315960912052116,0,0,0,0.9999806456712521
soybean,1,0,purple-seed-stain,0.029315960912052116,0,0,0,0.9999900992563221
soybean,1,0,rhizoctonia-root-rot,0.029315960912052116,0,0,0,0.9999998963239413
soybean,1,1,2-4-d-injury,0.02280130293159609,0,0,0,0.9999999999348511
soybean,1,1,alternarialeaf-spot,0.13355048859934854,0,0,0,0.9740556081625031
soybean,1,1,anthracnose,0.06514657980456026,0,0,0,0.9987699312910081
soybean,1,1,bacterial-blight,0.029315960912052116,0,0,0,0.9365077248501523
soybean,1,1,bacterial-pustule,0.029315960912052116,1,1,1,0.9465497553747331
soybean,1,1,brown-spot,0.13517915309446255,6,4,14,0.8419637105621701
soybean,1,1,brown-stem-rot,0.06351791530944625,0,0,0,0.9999900569425498
soybean,1,1,charcoal-rot,0.029315960912052116,0,0,0,0.999846107041638
soybean,1,1,cyst-nematode,0.021172638436482084,0,0,0,0.9999999999999899
soybean,1,1,diaporthe-pod-&-stem-blight,0.021172638436482084,0,0,0,1.0
soybean,1,1,diaporthe-stem-canker,0.029315960912052116,0,0,0,0.9999986527336675
soybean,1,1,downy-mildew,0.029315960912052116,0,0,0,0.9999390418180225
soybean,1,1,frog-eye-leaf-spot,0.13355048859934854,19,16,22,0.727314239397647
soybean,1,1,herbicide-injury,0.011400651465798045,0,0,0,0.9999999075446535
soybean,1,1,phyllosticta-leaf-spot,0.029315960912052116,4,3,3,0.7970952086217374
soybean,1,1,phytophthora-rot,0.12866449511400652,0,0,18,0.7721582181753622
soybean,1,1,powdery-mildew,0.029315960912052116,0,0,0,0.9999754277837822
soybean,1,1,purple-seed-stain,0.029315960912052116,0,0,0,0.9999775241862512
soybean,1,1,rhizoctonia-root-rot,0.029315960912052116,0,0,0,0.9999999240544155
soybean,1,2,2-4-d-injury,0.02280130293159609,0,0,0,0.9999999998521701
soybean,1,2,alternarialeaf-spot,0.13355048859934854,0,0,0,0.9698863734169275
soybean,1,2,anthracnose,0.06514657980456026,0,0,0,0.9980120736022187
soybean,1,2,bacterial-blight,0.029315960912052116,0,0,0,0.9290796823301325
soybean,1,2,bacterial-pustule,0.029315960912052116,1,1,1,0.938254002834788
soybean,1,2,brown-spot,0.13355048859934854,7,6,12,0.8486595336511125
soybean,1,2,brown-stem-rot,0.06514657980456026,0,0,0,0.9999932704924831
soybean,1,2,charcoal-rot,0.029315960912052116,0,0,0,0.9998645427678693
soybean,1,2,cyst-nematode,0.021172638436482084,0,0,0,0.9999999999999905
soybean,1,2,diaporthe-pod-&-stem-blight,0.021172638436482084,0,0,0,1.0
soybean,1,2,diaporthe-stem-canker,0.029315960912052116,0,0,0,0.9999966310593074
soybean,1,2,downy-mildew,0.029315960912052116,0,0,0,0.9999361986970219
soybean,1,2,frog-eye-leaf-spot,0.13355048859934854,18,15,22,0.7311276963743045
soybean,1,2,herbicide-injury,0.011400651465798045,0,0,0,0.999999949197784
soybean,1,2,phyllosticta-leaf-spot,0.029315960912052116,4,4,5,0.7776987179761077
soybean,1,2,phytophthora-rot,0.12866449511400652,0,0,18,0.7721567682258755
soybean,1,2,powdery-mildew,0.029315960912052116,0,0,0,0.9999734300236118
soybean,1,2,purple-seed-stain,0.029315960912052116,0,0,0,0.9999721515063524
soybean,1,2,rhizoctonia-root-rot,0.029315960912052116,0,0,0,0.9999998574830877
soybean,1,3,2-4-d-injury,0.022764227642276424,0,0,0,0.9999999998937101
soybean,1,3,alternarialeaf-spot,0.13333333333333333,0,0,0,0.9737474354500045
soybean,1,3,anthracnose,0.06504065040650407,0,0,0,0.9997908500226333
soybean,1,3,bacterial-blight,0.02926829268292683,0,0,0,0.9333199871914406
soybean,1,3,bacterial-pustule,0.02926829268292683,1,1,1,0.9263152806780695
soybean,1,3,brown-spot,0.13333333333333333,8,7,11,0.8529548266714966
soybean,1,3,brown-stem-rot,0.06504065040650407,0,0,0,0.9999870539183204
soybean,1,3,charcoal-rot,0.02926829268292683,0,0,0,0.9998739143819453
soybean,1,3,cyst-nematode,0.02113821138211382,0,0,0,0.9999999999999901
soybean,1,3,diaporthe-pod-&-stem-blight,0.02113821138211382,0,0,0,1.0
soybean,1,3,diaporthe-stem-canker,0.02926829268292683,0,0,0,0.9999985778176461
soybean,1,3,downy-mildew,0.02926829268292683,0,0,0,0.99991315812549
soybean,1,3,frog-eye-leaf-spot,0.13333333333333333,19,17,22,0.7324297389828405
soybean,1,3,herbicide-injury,0.013008130081300813,0,0,0,0.9999999724351671
soybean,1,3,phyllosticta-leaf-spot,0.02926829268292683,3,3,4,0.7613493402033963
soybean,1,3,phytophthora-rot,0.12845528455284552,0,0,18,0.7721563160486635
soybean,1,3,powdery-mildew,0.02926829268292683,0,0,0,0.9999865291479669
soybean,1,3,purple-seed-stain,0.02926829268292683,0,0,0,0.9999729715458616
soybean,1,3,rhizoctonia-root-rot,0.02926829268292683,0,0,0,0.9999998788690109
soybean,1,4,2-4-d-injury,0.022764227642276424,0,0,0,0.9999999998994646
soybean,1,4,alternarialeaf-spot,0.13333333333333333,0,0,0,0.9740637131667294
soybean,1,4,anthracnose,0.06341463414634146,0,0,0,0.9929828557330458
soybean,1,4,bacterial-blight,0.02926829268292683,0,0,0,0.9408400448187467
soybean,1,4,bacterial-pustule,0.02926829268292683,0,0,1,0.9527149888129429
soybean,1,4,brown-spot,0.13495934959349593,7,6,12,0.8588885874438776
soybean,1,4,brown-stem-rot,0.06504065040650407,0,0,0,0.9999907464214965
soybean,1,4,charcoal-rot,0.02926829268292683,0,0,0,0.999834382916252
soybean,1,4,cyst-nematode,0.02113821138211382,0,0,0,0.9999999999999911
soybean,1,4,diaporthe-pod-&-stem-blight,0.02113821138211382,0,0,0,1.0
soybean,1,4,diaporthe-stem-canker,0.02926829268292683,0,0,0,0.999998736384466
soybean,1,4,downy-mildew,0.02926829268292683,0,0,0,0.999944387267797
soybean,1,4,frog-eye-leaf-spot,0.13333333333333333,20,14,22,0.7310310026324607
soybean,1,4,herbicide-injury,0.013008130081300813,0,0,0,0.9999999650514472
soybean,1,4,phyllosticta-leaf-spot,0.02926829268292683,2,2,2,0.8176287606097025
soybean,1,4,phytophthora-rot,0.12845528455284552,0,0,17,0.7848121693001552
soybean,1,4,powdery-mildew,0.02926829268292683,0,0,0,0.9999843891806071
soybean,1,4,purple-seed-stain,0.02926829268292683,0,0,0,0.9999823680988054
soybean,1,4,rhizoctonia-root-rot,0.02926829268292683,0,0,0,0.9999998819403818
soybean,1,5,2-4-d-injury,0.024390243902439025,0,0,0,0.9999999999597072
soybean,1,5,alternarialeaf-spot,0.13333333333333333,0,0,0,0.9681556509292195
soybean,1,5,anthracnose,0.06341463414634146,0,0,0,0.9946261764834838
soybean,1,5,bacterial-blight,0.02926829268292683,0,0,0,0.9628016794182432
soybean,1,5,bacterial-pustule,0.02926829268292683,1,1,2,0.908433904778535
soybean,1,5,brown-spot,0.13495934959349593,8,6,12,0.8466947845234711
soybean,1,5,brown-stem-rot,0.06504065040650407,0,0,0,0.9999907756632137
soybean,1,5,charcoal-rot,0.02926829268292683,0,0,0,0.9998704174617402
soybean,1,5,cyst-nematode,0.01951219512195122,0,0,0,0.9999999999999902
soybean,1,5,diaporthe-pod-&-stem-blight,0.022764227642276424,0,0,0,1.0
soybean,1,5,diaporthe-stem-canker,0.02926829268292683,0,0,0,0.9999989276279264
soybean,1,5,downy-mildew,0.02926829268292683,0,0,0,0.9999159022993555
soybean,1,5,frog-eye-leaf-spot,0.13333333333333333,19,14,24,0.7079507939140461
soybean,1,5,herbicide-injury,0.011382113821138212,0,0,0,0.9999998920615331
soybean,1,5,phyllosticta-leaf-spot,0.02926829268292683,2,1,3,0.8104931142733531
soybean,1,5,phytophthora-rot,0.12845528455284552,0,0,18,0.7721599020951658
soybean,1,5,powdery-mildew,0.02926829268292683,0,0,0,0.9999755976948373
soybean,1,5,purple-seed-stain,0.02926829268292683,0,0,0,0.9999706402848934
soybean,1,5,rhizoctonia-root-rot,0.02926829268292683,0,0,0,0.9999999223886454
soybean,1,6,2-4-d-injury,0.024390243902439025,0,0,0,0.9999999999179174
soybean,1,6,alternarialeaf-spot,0.13333333333333333,3,2,0,0.9674286851636867
soybean,1,6,anthracnose,0.06341463414634146,0,0,0,0.9987629282728344
soybean,1,6,bacterial-blight,0.02926829268292683,0,0,0,0.9514396053254708
soybean,1,6,bacterial-pustule,0.02926829268292683,0,0,1,0.9374875950517012
soybean,1,6,brown-spot,0.13495934959349593,8,7,11,0.8448389914487074
soybean,1,6,brown-stem-rot,0.06504065040650407,0,0,0,0.9999889802125118
soybean,1,6,charcoal-rot,0.02926829268292683,0,0,0,0.9998303191979626
soybean,1,6,cyst-nematode,0.01951219512195122,0,0,0,0.999999999999987
soybean,1,6,diaporthe-pod-&-stem-blight,0.022764227642276424,0,0,0,1.0
soybean,1,6,diaporthe-stem-canker,0.02926829268292683,0,0,0,0.9999975555216777
soybean,1,6,downy-mildew,0.02926829268292683,0,0,0,0.9999095819507419
soybean,1,6,frog-eye-leaf-spot,0.13333333333333333,15,12,22,0.7315469117107022
soybean,1,6,herbicide-injury,0.011382113821138212,0,0,0,0.9999999524367319
soybean,1,6,phyllosticta-leaf-spot,0.02926829268292683,3,3,4,0.7632283779668438
soybean,1,6,phytophthora-rot,0.12845528455284552,0,0,16,0.7974688517558964
soybean,1,6,powdery-mildew,0.02926829268292683,0,0,0,0.9999893967704698
soybean,1,6,purple-seed-stain,0.02926829268292683,0,0,0,0.9999865358346695
soybean,1,6,rhizoctonia-root-rot,0.02926829268292683,0,0,0,0.9999999219299016
soybean,1,7,2-4-d-injury,0.024390243902439025,0,0,0,0.9999999999006207
soybean,1,7,alternarialeaf-spot,0.13333333333333333,0,0,0,0.9756879118481253
soybean,1,7,anthracnose,0.06341463414634146,0,0,0,0.9988949414858351
soybean,1,7,bacterial-blight,0.02926829268292683,0,0,0,0.9158970021004021
soybean,1,7,bacterial-pustule,0.02926829268292683,1,1,2,0.8961980433966621
soybean,1,7,brown-spot,0.13495934959349593,6,4,11,0.8659160830252578
soybean,1,7,brown-stem-rot,0.06504065040650407,0,0,0,0.9999882044113146
soybean,1,7,charcoal-rot,0.02926829268292683,0,0,0,0.9998439701114827
soybean,1,7,cyst-nematode,0.01951219512195122,0,0,0,0.9999999999999895
soybean,1,7,diaporthe-pod-&-stem-blight,0.022764227642276424,0,0,0,1.0
soybean,1,7,diaporthe-stem-canker,0.02926829268292683,0,0,0,0.9999971801352091
soybean,1,7,downy-mildew,0.02926829268292683,0,0,0,0.9999482501831234
soybean,1,7,frog-eye-leaf-spot,0.13333333333333333,18,14,23,0.7203039570911466
soybean,1,7,herbicide-injury,0.011382113821138212,0,0,0,0.9999999456448759
soybean,1,7,phyllosticta-leaf-spot,0.02926829268292683,4,4,3,0.8052916249227886
soybean,1,7,phytophthora-rot,0.12845528455284552,0,0,20,0.7468726675603771
soybean,1,7,powdery-mildew,0.02926829268292683,0,0,0,0.9999846851824058
soybean,1,7,purple-seed-stain,0.02926829268292683,0,0,0,0.9999752983050156
soybean,1,7,rhizoctonia-root-rot,0.02926829268292683,0,0,0,0.9999998185608437
soybean,1,8,2-4-d-injury,0.024390243902439025,0,0,0,0.9999999999125554
soybean,1,8,alternarialeaf-spot,0.13170731707317074,0,0,0,0.9738940308979894
soybean,1,8,anthracnose,0.06504065040650407,0,0,0,0.9988184619160065
soybean,1,8,bacterial-blight,0.02926829268292683,0,0,0,0.9482497599947541
soybean,1,8,bacterial-pustule,0.02926829268292683,0,0,0,0.967382376486824
soybean,1,8,brown-spot,0.13495934959349593,6,5,10,0.8536288463915572
soybean,1,8,brown-stem-rot,0.06341463414634146,0,0,0,0.9999843714020948
soybean,1,8,charcoal-rot,0.02926829268292683,0,0,0,0.9998635507401867
soybean,1,8,cyst-nematode,0.01951219512195122,0,0,0,0.9999999999999895
soybean,1,8,diaporthe-pod-&-stem-blight,0.022764227642276424,0,0,0,1.0
soybean,1,8,diaporthe-stem-canker,0.02926829268292683,0,0,0,0.9999976038109817
soybean,1,8,downy-mildew,0.02926829268292683,0,0,0,0.9999183865973831
soybean,1,8,frog-eye-leaf-spot,0.13333333333333333,17,13,21,0.7510148075178099
soybean,1,8,herbicide-injury,0.011382113821138212,0,0,0,0.9999999381700276
soybean,1,8,phyllosticta-leaf-spot,0.02926829268292683,2,2,3,0.8140239412691361
soybean,1,8,phytophthora-rot,0.13008130081300814,0,0,18,0.7750131564875338
soybean,1,8,powdery-mildew,0.02926829268292683,0,0,0,0.9999539311242079
soybean,1,8,purple-seed-stain,0.02926829268292683,0,0,0,0.9999864372619258
soybean,1,8,rhizoctonia-root-rot,0.02926829268292683,0,0,0,0.9999999873353652
soybean,1,9,2-4-d-injury,0.022764227642276424,0,0,0,0.9999999999400571
soybean,1,9,alternarialeaf-spot,0.13333333333333333,0,0,0,0.9772358820609689
soybean,1,9,anthracnose,0.06504065040650407,0,0,0,0.9986722689632505
soybean,1,9,bacterial-blight,0.02926829268292683,0,0,0,0.9446244842327727
soybean,1,9,bacterial-pustule,0.02926829268292683,1,1,1,0.9429675280094931
soybean,1,9,brown-spot,0.13495934959349593,8,6,12,0.8377365121629017
soybean,1,9,brown-stem-rot,0.06341463414634146,0,0,0,0.9999854091121793
soybean,1,9,charcoal-rot,0.02926829268292683,0,0,0,0.9998627885482525
soybean,1,9,cyst-nematode,0.02113821138211382,0,0,0,0.9999999999999898
soybean,1,9,diaporthe-pod-&-stem-blight,0.022764227642276424,0,0,0,1.0
soybean,1,9,diaporthe-stem-canker,0.02926829268292683,0,0,0,0.9999975065392602
soybean,1,9,downy-mildew,0.02926829268292683,0,0,0,0.999927759028848
soybean,1,9,frog-eye-leaf-spot,0.13170731707317074,22,19,25,0.6874645248342208
soybean,1,9,herbicide-injury,0.011382113821138212,0,0,0,0.9999999117517485
soybean,1,9,phyllosticta-leaf-spot,0.02926829268292683,2,2,4,0.7785758353669199
soybean,1,9,phytophthora-rot,0.13008130081300814,0,0,19,0.7625105270488852
soybean,1,9,powdery-mildew,0.02926829268292683,0,0,0,0.9999864475552014
soybean,1,9,purple-seed-stain,0.02926829268292683,0,0,0,0.99997982591301
soybean,1,9,rhizoctonia-root-rot,0.02926829268292683,0,0,0,0.9999996497464312
soybean,2,0,2-4-d-injury,0.02280130293159609,0,0,0,0.9999999999344722
soybean,2,0,alternarialeaf-spot,0.13355048859934854,0,0,0,0.9704402117237338
soybean,2,0,anthracnose,0.06514657980456026,0,0,0,0.9979358717440986
soybean,2,0,bacterial-blight,0.029315960912052116,0,0,0,0.9468434813444624
soybean,2,0,bacterial-pustule,0.029315960912052116,0,0,1,0.9489585590961336
soybean,2,0,brown-spot,0.13517915309446255,7,6,12,0.8471987336803165
soybean,2,0,brown-stem-rot,0.06351791530944625,0,0,0,0.9999899937146691
soybean,2,0,charcoal-rot,0.029315960912052116,0,0,0,0.999863536251005
soybean,2,0,cyst-nematode,0.021172638436482084,0,0,0,0.9999999999999895
soybean,2,0,diaporthe-pod-&-stem-blight,0.021172638436482084,0,0,0,1.0
soybean,2,0,diaporthe-stem-canker,0.029315960912052116,0,0,0,0.9999979293735023
soybean,2,0,downy-mildew,0.029315960912052116,0,0,0,0.9998959913408423
soybean,2,0,frog-eye-leaf-spot,0.13355048859934854,20,16,23,0.7167611690842864
soybean,2,0,herbicide-injury,0.011400651465798045,0,0,0,0.9999999012458718
soybean,2,0,phyllosticta-leaf-spot,0.029315960912052116,3,3,4,0.7672914302055195
soybean,2,0,phytophthora-rot,0.12866449511400652,0,0,18,0.772159397484938
soybean,2,0,powdery-mildew,0.029315960912052116,0,0,0,0.9999807660146792
soybean,2,0,purple-seed-stain,0.029315960912052116,0,0,0,0.9999809226435676
soybean,2,0,rhizoctonia-root-rot,0.029315960912052116,0,0,0,0.9999998617048449
soybean,2,1,2-4-d-injury,0.02280130293159609,0,0,0,0.9999999998840395
soybean,2,1,alternarialeaf-spot,0.13355048859934854,2,1,0,0.9725969520628895
soybean,2,1,anthracnose,0.06514657980456026,0,0,0,0.9967887541513024
soybean,2,1,bacterial-blight,0.029315960912052116,0,0,0,0.9356059839578165
soybean,2,1,bacterial-pustule,0.029315960912052116,1,0,1,0.944669058712564
soybean,2,1,brown-spot,0.13517915309446255,6,6,13,0.8523593920294328
soybean,2,1,brown-stem-rot,0.06351791530944625,0,0,0,0.9999841790277929
soybean,2,1,charcoal-rot,0.029315960912052116,0,0,0,0.9998429198897438
soybean,2,1,cyst-nematode,0.021172638436482084,0,0,0,0.9999999999999921
soybean,2,1,diaporthe-pod-&-stem-blight,0.021172638436482084,0,0,0,1.0
soybean,2,1,diaporthe-stem-canker,0.029315960912052116,0,0,0,0.9999982325734942
soybean,2,1,downy-mildew,0.029315960912052116,0,0,0,0.999927228447552
soybean,2,1,frog-eye-leaf-spot,0.13355048859934854,20,15,23,0.7163803374641775
soybean,2,1,herbicide-injury,0.011400651465798045,0,0,0,0.9999999487018902
soybean,2,1,phyllosticta-leaf-spot,0.029315960912052116,2,2,3,0.7941518953096908
soybean,2,1,phytophthora-rot,0.12866449511400652,0,0,19,0.7595114383731107
soybean,2,1,powdery-mildew,0.029315960912052116,0,0,0,0.9999777210201954
soybean,2,1,purple-seed-stain,0.029315960912052116,0,0,0,0.9999866028751909
soybean,2,1,rhizoctonia-root-rot,0.029315960912052116,0,0,0,0.9999995970893565
soybean,2,2,2-4-d-injury,0.02280130293159609,0,0,0,0.9999999999318369
soybean,2,2,alternarialeaf-spot,0.13355048859934854,1,0,0,0.9721751516305239
soybean,2,2,anthracnose,0.06514657980456026,0,0,0,0.9993413912965486
soybean,2,2,bacterial-blight,0.029315960912052116,0,0,0,0.9423741630512317
soybean,2,2,bacterial-pustule,0.029315960912052116,1,1,1,0.9245486022992946
soybean,2,2,brown-spot,0.13355048859934854,5,3,11,0.8552519379148037
soybean,2,2,brown-stem-rot,0.06514657980456026,0,0,0,0.9999902081487815
soybean,2,2,charcoal-rot,0.029315960912052116,0,0,0,0.999862469022782
soybean,2,2,cyst-nematode,0.021172638436482084,0,0,0,0.9999999999999898
soybean,2,2,diaporthe-pod-&-stem-blight,0.021172638436482084,0,0,0,1.0
soybean,2,2,diaporthe-stem-canker,0.029315960912052116,0,0,0,0.9999969537677258
soybean,2,2,downy-mildew,0.029315960912052116,0,0,0,0.9998899816868221
soybean,2,2,frog-eye-leaf-spot,0.13355048859934854,20,17,23,0.716569074360584
soybean,2,2,herbicide-injury,0.011400651465798045,0,0,0,0.9999999117474124
soybean,2,2,phyllosticta-leaf-spot,0.029315960912052116,4,3,3,0.7966997616931394
soybean,2,2,phytophthora-rot,0.12866449511400652,0,0,17,0.7848131444164573
soybean,2,2,powdery-mildew,0.029315960912052116,0,0,0,0.9999785603460032
soybean,2,2,purple-seed-stain,0.029315960912052116,0,0,0,0.9999889415525041
soybean,2,2,rhizoctonia-root-rot,0.029315960912052116,0,0,0,0.9999999802227555
soybean,2,3,2-4-d-injury,0.022764227642276424,0,0,0,0.9999999998945727
soybean,2,3,alternarialeaf-spot,0.13333333333333333,0,0,0,0.9729137569608027
soybean,2,3,anthracnose,0.06504065040650407,0,0,0,0.998333236747764
soybean,2,3,bacterial-blight,0.02926829268292683,0,0,0,0.9480448422293422
soybean,2,3,bacterial-pustule,0.02926829268292683,1,1,2,0.9169743498704201
soybean,2,3,brown-spot,0.13333333333333333,7,6,12,0.84940216376493
soybean,2,3,brown-stem-rot,0.06504065040650407,0,0,0,0.9999887128716276
soybean,2,3,charcoal-rot,0.02926829268292683,0,0,0,0.9998620546854605
soybean,2,3,cyst-nematode,0.02113821138211382,0,0,0,0.999999999999991
soybean,2,3,diaporthe-pod-&-stem-blight,0.02113821138211382,0,0,0,1.0
soybean,2,3,diaporthe-stem-canker,0.02926829268292683,0,0,0,0.9999975739170144
soybean,2,3,downy-mildew,0.02926829268292683,0,0,0,0.9999338084488077
soybean,2,3,frog-eye-leaf-spot,0.13333333333333333,16,12,19,0.7648106113523887
soybean,2,3,herbicide-injury,0.013008130081300813,0,0,0,0.9999999694832249
soybean,2,3,phyllosticta-leaf-spot,0.02926829268292683,2,2,4,0.7646380662474345
soybean,2,3,phytophthora-rot,0.12845528455284552,0,0,18,0.7721562410689949
soybean,2,3,powdery-mildew,0.02926829268292683,0,0,0,0.9999722632406676
soybean,2,3,purple-seed-stain,0.02926829268292683,0,0,0,0.9999818043913735
soybean,2,3,rhizoctonia-root-rot,0.02926829268292683,0,0,0,0.9999998677763356
soybean,2,4,2-4-d-injury,0.022764227642276424,0,0,0,0.9999999999036175
soybean,2,4,alternarialeaf-spot,0.13333333333333333,0,0,0,0.9727071284491265
soybean,2,4,anthracnose,0.06341463414634146,0,0,0,0.9964887128929498
soybean,2,4,bacterial-blight,0.02926829268292683,0,0,0,0.9511295801588745
soybean,2,4,bacterial-pustule,0.02926829268292683,0,0,1,0.9443254590961507
soybean,2,4,brown-spot,0.13495934959349593,6,5,11,0.8557589226870372
soybean,2,4,brown-stem-rot,0.06504065040650407,0,0,0,0.9999866694163957
soybean,2,4,charcoal-rot,0.02926829268292683,0,0,0,0.9998491317336727
soybean,2,4,cyst-nematode,0.02113821138211382,0,0,0,0.9999999999999918
soybean,2,4,diaporthe-pod-&-stem-blight,0.02113821138211382,0,0,0,1.0
soybean,2,4,diaporthe-stem-canker,0.02926829268292683,0,0,0,0.9999975110383349
soybean,2,4,downy-mildew,0.02926829268292683,0,0,0,0.9999111752730325
soybean,2,4,frog-eye-leaf-spot,0.13333333333333333,19,15,24,0.7075598227948019
soybean,2,4,herbicide-injury,0.013008130081300813,0,0,0,0.9999999683329709
soybean,2,4,phyllosticta-leaf-spot,0.02926829268292683,3,2,4,0.8058952464254153
soybean,2,4,phytophthora-rot,0.12845528455284552,0,0,14,0.8227848710693103
soybean,2,4,powdery-mildew,0.02926829268292683,0,0,0,0.9999873231857759
soybean,2,4,purple-seed-stain,0.02926829268292683,0,0,0,0.9999840021565682
soybean,2,4,rhizoctonia-root-rot,0.02926829268292683,0,0,0,0.9999998817051478
soybean,2,5,2-4-d-injury,0.024390243902439025,0,0,0,0.9999999999035628
soybean,2,5,alternarialeaf-spot,0.13333333333333333,0,0,0,0.9752985018754081
soybean,2,5,anthracnose,0.06341463414634146,0,0,0,0.9992898877037143
soybean,2,5,bacterial-blight,0.02926829268292683,0,0,0,0.9323641020697531
soybean,2,5,bacterial-pustule,0.02926829268292683,1,1,1,0.9282597762542005
soybean,2,5,brown-spot,0.13495934959349593,8,7,13,0.8395653078405589
soybean,2,5,brown-stem-rot,0.06504065040650407,0,0,0,0.999991045362789
soybean,2,5,charcoal-rot,0.02926829268292683,0,0,0,0.9998606073178594
soybean,2,5,cyst-nematode,0.01951219512195122,0,0,0,0.9999999999999889
soybean,2,5,diaporthe-pod-&-stem-blight,0.022764227642276424,0,0,0,1.0
soybean,2,5,diaporthe-stem-canker,0.02926829268292683,0,0,0,0.9999960266520151
soybean,2,5,downy-mildew,0.02926829268292683,0,0,0,0.9999550181140509
soybean,2,5,frog-eye-leaf-spot,0.13333333333333333,19,16,24,0.7086767068559218
soybean,2,5,herbicide-injury,0.011382113821138212,0,0,0,0.9999999456443708
soybean,2,5,phyllosticta-leaf-spot,0.02926829268292683,3,3,4,0.7720858333749621
soybean,2,5,phytophthora-rot,0.12845528455284552,0,0,19,0.7595081289509378
soybean,2,5,powdery-mildew,0.02926829268292683,0,0,0,0.9999781852224342
soybean,2,5,purple-seed-stain,0.02926829268292683,0,0,0,0.9999752346674458
soybean,2,5,rhizoctonia-root-rot,0.02926829268292683,0,0,0,0.9999999384045558
soybean,2,6,2-4-d-injury,0.024390243902439025,0,0,0,0.9999999999182632
soybean,2,6,alternarialeaf-spot,0.13333333333333333,0,0,0,0.9714935407687498
soybean,2,6,anthracnose,0.06341463414634146,0,0,0,0.9994611508378484
soybean,2,6,bacterial-blight,0.02926829268292683,0,0,0,0.96611859951347
soybean,2,6,bacterial-pustule,0.02926829268292683,0,0,1,0.9521395143030413
soybean,2,6,brown-spot,0.13495934959349593,8,7,13,0.8352901830230429
soybean,2,6,brown-stem-rot,0.06504065040650407,0,0,0,0.9999892823303765
soybean,2,6,charcoal-rot,0.02926829268292683,0,0,0,0.9998357503836234
soybean,2,6,cyst-nematode,0.01951219512195122,0,0,0,0.9999999999999879
soybean,2,6,diaporthe-pod-&-stem-blight,0.022764227642276424,0,0,0,1.0
soybean,2,6,diaporthe-stem-canker,0.02926829268292683,0,0,0,0.999999623332112
soybean,2,6,downy-mildew,0.02926829268292683,0,0,0,0.9999412786153498
soybean,2,6,frog-eye-leaf-spot,0.13333333333333333,18,16,20,0.7547032595093973
soybean,2,6,herbicide-injury,0.011382113821138212,0,0,0,0.9999999399805128
soybean,2,6,phyllosticta-leaf-spot,0.02926829268292683,3,3,4,0.7980346130387488
soybean,2,6,phytophthora-rot,0.12845528455284552,0,0,18,0.7721589857330199
soybean,2,6,powdery-mildew,0.02926829268292683,0,0,0,0.9999770294183349
soybean,2,6,purple-seed-stain,0.02926829268292683,0,0,0,0.9999835456523578
soybean,2,6,rhizoctonia-root-rot,0.02926829268292683,0,0,0,0.9999999481283752
soybean,2,7,2-4-d-injury,0.024390243902439025,0,0,0,0.9999999999557206
soybean,2,7,alternarialeaf-spot,0.13333333333333333,0,0,0,0.9762141926321394
soybean,2,7,anthracnose,0.06341463414634146,0,0,0,0.996682080610883
soybean,2,7,bacterial-blight,0.02926829268292683,0,0,0,0.9332559080956643
soybean,2,7,bacterial-pustule,0.02926829268292683,0,0,1,0.9485863032356643
soybean,2,7,brown-spot,0.13495934959349593,8,7,12,0.8517781775669524
soybean,2,7,brown-stem-rot,0.06504065040650407,0,0,0,0.9999906175577088
soybean,2,7,charcoal-rot,0.02926829268292683,0,0,0,0.9998735038345501
soybean,2,7,cyst-nematode,0.01951219512195122,0,0,0,0.9999999999999875
soybean,2,7,diaporthe-pod-&-stem-blight,0.022764227642276424,0,0,0,1.0
soybean,2,7,diaporthe-stem-canker,0.02926829268292683,0,0,0,0.9999988487645494
soybean,2,7,downy-mildew,0.02926829268292683,0,0,0,0.9999373177370161
soybean,2,7,frog-eye-leaf-spot,0.13333333333333333,17,15,23,0.7206098627455464
soybean,2,7,herbicide-injury,0.011382113821138212,0,0,0,0.9999999065722028
soybean,2,7,phyllosticta-leaf-spot,0.02926829268292683,2,2,4,0.7824676280283186
soybean,2,7,phytophthora-rot,0.12845528455284552,0,0,20,0.7468612156981648
soybean,2,7,powdery-mildew,0.02926829268292683,0,0,0,0.999982385783487
soybean,2,7,purple-seed-stain,0.02926829268292683,0,0,0,0.9999801462381941
soybean,2,7,rhizoctonia-root-rot,0.02926829268292683,0,0,0,0.9999999105465213
soybean,2,8,2-4-d-injury,0.024390243902439025,0,0,0,0.9999999999098327
soybean,2,8,alternarialeaf-spot,0.13170731707317074,0,0,0,0.9691708397646422
soybean,2,8,anthracnose,0.06504065040650407,0,0,0,0.998979248575614
soybean,2,8,bacterial-blight,0.02926829268292683,0,0,0,0.9244054682086268
soybean,2,8,bacterial-pustule,0.02926829268292683,1,1,1,0.9277666085996843
soybean,2,8,brown-spot,0.13495934959349593,6,5,12,0.8596038716804218
soybean,2,8,brown-stem-rot,0.06341463414634146,0,0,0,0.9999902361291757
soybean,2,8,charcoal-rot,0.02926829268292683,0,0,0,0.9998645930597448
soybean,2,8,cyst-nematode,0.01951219512195122,0,0,0,0.9999999999999895
soybean,2,8,diaporthe-pod-&-stem-blight,0.022764227642276424,0,0,0,1.0
soybean,2,8,diaporthe-stem-canker,0.02926829268292683,0,0,0,0.9999978975099637
soybean,2,8,downy-mildew,0.02926829268292683,0,0,0,0.9999256778741505
soybean,2,8,frog-eye-leaf-spot,0.13333333333333333,17,13,23,0.7178402798127229
soybean,2,8,herbicide-injury,0.011382113821138212,0,0,0,0.9999999381700276
soybean,2,8,phyllosticta-leaf-spot,0.02926829268292683,2,2,3,0.8050014652451738
soybean,2,8,phytophthora-rot,0.13008130081300814,0,0,17,0.7875021302058528
soybean,2,8,powdery-mildew,0.02926829268292683,0,0,0,0.9999802859533283
soybean,2,8,purple-seed-stain,0.02926829268292683,0,0,0,0.9999579318243162
soybean,2,8,rhizoctonia-root-rot,0.02926829268292683,0,0,0,0.9999999280135358
soybean,2,9,2-4-d-injury,0.022764227642276424,0,0,0,0.9999999999317899
soybean,2,9,alternarialeaf-spot,0.13333333333333333,0,0,0,0.9765209159641256
soybean,2,9,anthracnose,0.06504065040650407,0,0,0,0.9973917634617363
soybean,2,9,bacterial-blight,0.02926829268292683,0,0,0,0.9461627898275137
soybean,2,9,bacterial-pustule,0.02926829268292683,1,1,1,0.9212126086211708
soybean,2,9,brown-spot,0.13495934959349593,8,6,12,0.8439302040942844
soybean,2,9,brown-stem-rot,0.06341463414634146,0,0,0,0.9999862907419297
soybean,2,9,charcoal-rot,0.02926829268292683,0,0,0,0.9998684021947368
soybean,2,9,cyst-nematode,0.02113821138211382,0,0,0,0.9999999999999903
soybean,2,9,diaporthe-pod-&-stem-blight,0.022764227642276424,0,0,0,1.0
soybean,2,9,diaporthe-stem-canker,0.02926829268292683,0,0,0,0.999998453341871
soybean,2,9,downy-mildew,0.02926829268292683,0,0,0,0.9999349377027276
soybean,2,9,frog-eye-leaf-spot,0.13170731707317074,20,14,23,0.7160824941812522
soybean,2,9,herbicide-injury,0.011382113821138212,0,0,0,0.9999998963383202
soybean,2,9,phyllosticta-leaf-spot,0.02926829268292683,2,2,4,0.815539326724895
soybean,2,9,phytophthora-rot,0.13008130081300814,0,0,20,0.7500401123817761
soybean,2,9,powdery-mildew,0.02926829268292683,0,0,0,0.999989850756459
soybean,2,9,purple-seed-stain,0.02926829268292683,0,0,0,0.9999756750328415
soybean,2,9,rhizoctonia-root-rot,0.02926829268292683,0,0,0,0.9999999138905749
soybean,3,0,2-4-d-injury,0.02280130293159609,0,0,0,0.9999999998814645
soybean,3,0,alternarialeaf-spot,0.13355048859934854,0,0,0,0.9690431959744294
soybean,3,0,anthracnose,0.06514657980456026,0,0,0,0.9988336611458741
soybean,3,0,bacterial-blight,0.029315960912052116,0,0,0,0.966619299526504
soybean,3,0,bacterial-pustule,0.029315960912052116,1,0,1,0.9479511343553122
soybean,3,0,brown-spot,0.13517915309446255,8,7,14,0.8392633981688526
soybean,3,0,brown-stem-rot,0.06351791530944625,0,0,0,0.9999869216530942
soybean,3,0,charcoal-rot,0.029315960912052116,0,0,0,0.9998728513375698
soybean,3,0,cyst-nematode,0.021172638436482084,0,0,0,0.9999999999999899
soybean,3,0,diaporthe-pod-&-stem-blight,0.021172638436482084,0,0,0,1.0
soybean,3,0,diaporthe-stem-canker,0.029315960912052116,0,0,0,0.9999965379533197
soybean,3,0,downy-mildew,0.029315960912052116,0,0,0,0.9999232769662102
soybean,3,0,frog-eye-leaf-spot,0.13355048859934854,18,14,24,0.7075482178004417
soybean,3,0,herbicide-injury,0.011400651465798045,0,0,0,0.9999999397381759
soybean,3,0,phyllosticta-leaf-spot,0.029315960912052116,3,3,5,0.7654873636472952
soybean,3,0,phytophthora-rot,0.12866449511400652,0,0,17,0.784812090145267
soybean,3,0,powdery-mildew,0.029315960912052116,0,0,0,0.9999866655306451
soybean,3,0,purple-seed-stain,0.029315960912052116,0,0,0,0.999973010370127
soybean,3,0,rhizoctonia-root-rot,0.029315960912052116,0,0,0,0.9999998921131998
soybean,3,1,2-4-d-injury,0.02280130293159609,0,0,0,0.9999999999363551
soybean,3,1,alternarialeaf-spot,0.13355048859934854,0,0,0,0.9782253418878929
soybean,3,1,anthracnose,0.06514657980456026,0,0,0,0.9997578168295675
soybean,3,1,bacterial-blight,0.029315960912052116,0,0,0,0.9306617608278513
soybean,3,1,bacterial-pustule,0.029315960912052116,1,1,1,0.9284303466545067
soybean,3,1,brown-spot,0.13517915309446255,7,6,12,0.8354631757758452
soybean,3,1,brown-stem-rot,0.06351791530944625,0,0,0,0.9999857947012952
soybean,3,1,charcoal-rot,0.029315960912052116,0,0,0,0.9998386621388919
soybean,3,1,cyst-nematode,0.021172638436482084,0,0,0,0.9999999999999911
soybean,3,1,diaporthe-pod-&-stem-blight,0.021172638436482084,0,0,0,1.0
soybean,3,1,diaporthe-stem-canker,0.029315960912052116,0,0,0,0.9999982348378595
soybean,3,1,downy-mildew,0.029315960912052116,0,0,0,0.9999426206309133
soybean,3,1,frog-eye-leaf-spot,0.13355048859934854,21,16,24,0.7040514933396849
soybean,3,1,herbicide-injury,0.011400651465798045,0,0,0,0.9999998788326102
soybean,3,1,phyllosticta-leaf-spot,0.029315960912052116,2,2,5,0.7924927332854746
soybean,3,1,phytophthora-rot,0.12866449511400652,0,0,19,0.7595028020293461
soybean,3,1,powdery-mildew,0.029315960912052116,0,0,0,0.9999815333590614
soybean,3,1,purple-seed-stain,0.029315960912052116,0,0,0,0.999985169051383
soybean,3,1,rhizoctonia-root-rot,0.029315960912052116,0,0,0,0.999999911840212
soybean,3,2,2-4-d-injury,0.02280130293159609,0,0,0,0.9999999999378615
soybean,3,2,alternarialeaf-spot,0.13355048859934854,1,1,1,0.9713897667212993
soybean,3,2,anthracnose,0.06514657980456026,0,0,0,0.9969818936573397
soybean,3,2,bacterial-blight,0.029315960912052116,0,0,0,0.9251295754247918
soybean,3,2,bacterial-pustule,0.029315960912052116,1,1,1,0.9160684909388159
soybean,3,2,brown-spot,0.13355048859934854,8,7,13,0.8423787922795389
soybean,3,2,brown-stem-rot,0.06514657980456026,0,0,0,0.9999906065744429
soybean,3,2,charcoal-rot,0.029315960912052116,0,0,0,0.9998680952264386
soybean,3,2,cyst-nematode,0.021172638436482084,0,0,0,0.9999999999999895
soybean,3,2,diaporthe-pod-&-stem-blight,0.021172638436482084,0,0,0,1.0
soybean,3,2,diaporthe-stem-canker,0.029315960912052116,0,0,0,0.9999981346434524
soybean,3,2,downy-mildew,0.029315960912052116,0,0,0,0.9999242242374758
soybean,3,2,frog-eye-leaf-spot,0.13355048859934854,17,13,22,0.7322862141441289
soybean,3,2,herbicide-injury,0.011400651465798045,0,0,0,0.9999998744570536
soybean,3,2,phyllosticta-leaf-spot,0.029315960912052116,3,3,5,0.7742592586706666
soybean,3,2,phytophthora-rot,0.12866449511400652,0,0,20,0.7468537069354676
soybean,3,2,powdery-mildew,0.029315960912052116,0,0,0,0.9999738360671737
soybean,3,2,purple-seed-stain,0.029315960912052116,0,0,0,0.9999844646951117
soybean,3,2,rhizoctonia-root-rot,0.029315960912052116,0,0,0,0.9999998443020183
soybean,3,3,2-4-d-injury,0.022764227642276424,0,0,0,0.9999999998926008
soybean,3,3,alternarialeaf-spot,0.13333333333333333,3,2,0,0.9682786994163176
soybean,3,3,anthracnose,0.06504065040650407,0,0,0,0.9976146973412128
soybean,3,3,bacterial-blight,0.02926829268292683,0,0,0,0.9496333435753428
soybean,3,3,bacterial-pustule,0.02926829268292683,1,1,1,0.9462222535384145
soybean,3,3,brown-spot,0.13333333333333333,7,6,11,0.8532703689892016
soybean,3,3,brown-stem-rot,0.06504065040650407,0,0,0,0.9999872272831196
soybean,3,3,charcoal-rot,0.02926829268292683,0,0,0,0.99986999448208
soybean,3,3,cyst-nematode,0.02113821138211382,0,0,0,0.9999999999999929
soybean,3,3,diaporthe-pod-&-stem-blight,0.02113821138211382,0,0,0,1.0
soybean,3,3,diaporthe-stem-canker,0.02926829268292683,0,0,0,0.9999973576801247
soybean,3,3,downy-mildew,0.02926829268292683,0,0,0,0.9999081805946121
soybean,3,3,frog-eye-leaf-spot,0.13333333333333333,17,15,21,0.7435715755962197
soybean,3,3,herbicide-injury,0.013008130081300813,0,0,0,0.9999999694832258
soybean,3,3,phyllosticta-leaf-spot,0.02926829268292683,2,1,3,0.79795467505377
soybean,3,3,phytophthora-rot,0.12845528455284552,0,0,18,0.7721581661465955
soybean,3,3,powdery-mildew,0.02926829268292683,0,0,0,0.999981790865678
soybean,3,3,purple-seed-stain,0.02926829268292683,0,0,0,0.9999790923884502
soybean,3,3,rhizoctonia-root-rot,0.02926829268292683,0,0,0,0.9999999515091835
soybean,3,4,2-4-d-injury,0.022764227642276424,0,0,0,0.999999999892438
soybean,3,4,alternarialeaf-spot,0.13333333333333333,0,0,0,0.976005797725366
soybean,3,4,anthracnose,0.06341463414634146,0,0,0,0.9979972533684142
soybean,3,4,bacterial-blight,0.02926829268292683,0,0,0,0.9428934741308752
soybean,3,4,bacterial-pustule,0.02926829268292683,1,1,1,0.9393137632246596
soybean,3,4,brown-spot,0.13495934959349593,6,6,11,0.8627912462360902
soybean,3,4,brown-stem-rot,0.06504065040650407,0,0,0,0.9999912832500296
soybean,3,4,charcoal-rot,0.02926829268292683,0,0,0,0.9998470891491539
soybean,3,4,cyst-nematode,0.02113821138211382,0,0,0,0.9999999999999921
soybean,3,4,diaporthe-pod-&-stem-blight,0.02113821138211382,0,0,0,1.0
soybean,3,4,diaporthe-stem-canker,0.02926829268292683,0,0,0,0.9999976852811001
soybean,3,4,downy-mildew,0.02926829268292683,0,0,0,0.9999448488601641
soybean,3,4,frog-eye-leaf-spot,0.13333333333333333,18,14,21,0.7416472975807975
soybean,3,4,herbicide-injury,0.013008130081300813,0,0,0,0.9999999704651155
soybean,3,4,phyllosticta-leaf-spot,0.02926829268292683,4,3,3,0.8211254682061668
soybean,3,4,phytophthora-rot,0.12845528455284552,0,0,17,0.7848130588915412
soybean,3,4,powdery-mildew,0.02926829268292683,0,0,0,0.9999887905041481
soybean,3,4,purple-seed-stain,0.02926829268292683,0,0,0,0.9999820345818426
soybean,3,4,rhizoctonia-root-rot,0.02926829268292683,0,0,0,0.9999997394580659
soybean,3,5,2-4-d-injury,0.024390243902439025,0,0,0,0.9999999999536295
soybean,3,5,alternarialeaf-spot,0.13333333333333333,1,0,0,0.9745295440851733
soybean,3,5,anthracnose,0.06341463414634146,0,0,0,0.9976415221094447
soybean,3,5,bacterial-blight,0.02926829268292683,0,0,0,0.9490271154424291
soybean,3,5,bacterial-pustule,0.02926829268292683,1,0,1,0.9317795869202593
soybean,3,5,brown-spot,0.13495934959349593,7,6,13,0.8399556781666973
soybean,3,5,brown-stem-rot,0.06504065040650407,0,0,0,0.9999908355406492
soybean,3,5,charcoal-rot,0.02926829268292683,0,0,0,0.9998568974667411
soybean,3,5,cyst-nematode,0.01951219512195122,0,0,0,0.9999999999999877
soybean,3,5,diaporthe-pod-&-stem-blight,0.022764227642276424,0,0,0,1.0
soybean,3,5,diaporthe-stem-canker,0.02926829268292683,0,0,0,0.9999982128766296
soybean,3,5,downy-mildew,0.02926829268292683,0,0,0,0.9999449501843706
soybean,3,5,frog-eye-leaf-spot,0.13333333333333333,16,14,23,0.7194281161498327
soybean,3,5,herbicide-injury,0.011382113821138212,0,0,0,0.9999999303412733
soybean,3,5,phyllosticta-leaf-spot,0.02926829268292683,2,2,4,0.7839381632369458
soybean,3,5,phytophthora-rot,0.12845528455284552,0,0,18,0.7721580214594527
soybean,3,5,powdery-mildew,0.02926829268292683,0,0,0,0.9999642155426542
soybean,3,5,purple-seed-stain,0.02926829268292683,0,0,0,0.9999704241584316
soybean,3,5,rhizoctonia-root-rot,0.02926829268292683,0,0,0,0.9999998804357748
soybean,3,6,2-4-d-injury,0.024390243902439025,0,0,0,0.9999999999195605
soybean,3,6,alternarialeaf-spot,0.13333333333333333,0,0,0,0.969603982936765
soybean,3,6,anthracnose,0.06341463414634146,0,0,0,0.9970034906584749
soybean,3,6,bacterial-blight,0.02926829268292683,0,0,0,0.9265970488649824
soybean,3,6,bacterial-pustule,0.02926829268292683,0,0,1,0.9429231508501531
soybean,3,6,brown-spot,0.13495934959349593,8,7,12,0.8486109380017782
soybean,3,6,brown-stem-rot,0.06504065040650407,0,0,0,0.9999900657114656
soybean,3,6,charcoal-rot,0.02926829268292683,0,0,0,0.9998499705832862
soybean,3,6,cyst-nematode,0.01951219512195122,0,0,0,0.9999999999999877
soybean,3,6,diaporthe-pod-&-stem-blight,0.022764227642276424,0,0,0,1.0
soybean,3,6,diaporthe-stem-canker,0.02926829268292683,0,0,0,0.9999980543281445
soybean,3,6,downy-mildew,0.02926829268292683,0,0,0,0.9998814199468077
soybean,3,6,frog-eye-leaf-spot,0.13333333333333333,20,17,23,0.7213396487693406
soybean,3,6,herbicide-injury,0.011382113821138212,0,0,0,0.9999999574139776
soybean,3,6,phyllosticta-leaf-spot,0.02926829268292683,3,3,3,0.7961794171401096
soybean,3,6,phytophthora-rot,0.12845528455284552,0,0,19,0.7595084632381043
soybean,3,6,powdery-mildew,0.02926829268292683,0,0,0,0.999980560172572
soybean,3,6,purple-seed-stain,0.02926829268292683,0,0,0,0.9999846441824746
soybean,3,6,rhizoctonia-root-rot,0.02926829268292683,0,0,0,0.9999998821674496
soybean,3,7,2-4-d-injury,0.024390243902439025,0,0,0,0.9999999999556649
soybean,3,7,alternarialeaf-spot,0.13333333333333333,1,0,0,0.9773252580234562
soybean,3,7,anthracnose,0.06341463414634146,0,0,0,0.9977492350620546
soybean,3,7,bacterial-blight,0.02926829268292683,0,0,0,0.9332223659876038
soybean,3,7,bacterial-pustule,0.02926829268292683,0,0,1,0.9457278957369653
soybean,3,7,brown-spot,0.13495934959349593,7,5,11,0.8475505412415253
soybean,3,7,brown-stem-rot,0.06504065040650407,0,0,0,0.9999824888722937
soybean,3,7,charcoal-rot,0.02926829268292683,0,0,0,0.9998647811778216
soybean,3,7,cyst-nematode,0.01951219512195122,0,0,0,0.9999999999999881
soybean,3,7,diaporthe-pod-&-stem-blight,0.022764227642276424,0,0,0,1.0
soybean,3,7,diaporthe-stem-canker,0.02926829268292683,0,0,0,0.9999993948567129
soybean,3,7,downy-mildew,0.02926829268292683,0,0,0,0.9999351563088452
soybean,3,7,frog-eye-leaf-spot,0.13333333333333333,20,15,21,0.7369794461828403
soybean,3,7,herbicide-injury,0.011382113821138212,0,0,0,0.9999998977284902
soybean,3,7,phyllosticta-leaf-spot,0.02926829268292683,2,1,4,0.8123939756961491
soybean,3,7,phytophthora-rot,0.12845528455284552,0,0,16,0.797469569274625
soybean,3,7,powdery-mildew,0.02926829268292683,0,0,0,0.9999815512055356
soybean,3,7,purple-seed-stain,0.02926829268292683,0,0,0,0.999982072334869
soybean,3,7,rhizoctonia-root-rot,0.02926829268292683,0,0,0,0.9999999221851817
soybean,3,8,2-4-d-injury,0.024390243902439025,0,0,0,0.999999999914111
soybean,3,8,alternarialeaf-spot,0.13170731707317074,5,2,0,0.9693838448115387
soybean,3,8,anthracnose,0.06504065040650407,0,0,0,0.997791413387009
soybean,3,8,bacterial-blight,0.02926829268292683,0,0,0,0.9422989972885247
soybean,3,8,bacterial-pustule,0.02926829268292683,0,0,1,0.9517804621553496
soybean,3,8,brown-spot,0.13495934959349593,6,5,11,0.859344714549132
soybean,3,8,brown-stem-rot,0.06341463414634146,0,0,0,0.999990902093727
soybean,3,8,charcoal-rot,0.02926829268292683,0,0,0,0.9998822244127226
soybean,3,8,cyst-nematode,0.01951219512195122,0,0,0,0.9999999999999895
soybean,3,8,diaporthe-pod-&-stem-blight,0.022764227642276424,0,0,0,1.0
soybean,3,8,diaporthe-stem-canker,0.02926829268292683,0,0,0,0.999998327000449
soybean,3,8,downy-mildew,0.02926829268292683,0,0,0,0.9999293935859451
soybean,3,8,frog-eye-leaf-spot,0.13333333333333333,17,12,24,0.7082289898788274
soybean,3,8,herbicide-injury,0.011382113821138212,0,0,0,0.9999999438324957
soybean,3,8,phyllosticta-leaf-spot,0.02926829268292683,3,3,4,0.7650758482085325
soybean,3,8,phytophthora-rot,0.13008130081300814,0,0,18,0.7750115333300107
soybean,3,8,powdery-mildew,0.02926829268292683,0,0,0,0.9999797998668737
soybean,3,8,purple-seed-stain,0.02926829268292683,0,0,0,0.9999787532725107
soybean,3,8,rhizoctonia-root-rot,0.02926829268292683,0,0,0,0.9999999870761589
soybean,3,9,2-4-d-injury,0.022764227642276424,0,0,0,0.9999999998609962
soybean,3,9,alternarialeaf-spot,0.13333333333333333,0,0,0,0.9759982367666004
soybean,3,9,anthracnose,0.06504065040650407,0,0,0,0.9992233296070268
soybean,3,9,bacterial-blight,0.02926829268292683,0,0,0,0.9481151866468152
soybean,3,9,bacterial-pustule,0.02926829268292683,1,1,2,0.9135003382470231
soybean,3,9,brown-spot,0.13495934959349593,7,6,11,0.8685929719700046
soybean,3,9,brown-stem-rot,0.06341463414634146,0,0,0,0.999989819225181
soybean,3,9,charcoal-rot,0.02926829268292683,0,0,0,0.9998210597993125
soybean,3,9,cyst-nematode,0.02113821138211382,0,0,0,0.9999999999999898
soybean,3,9,diaporthe-pod-&-stem-blight,0.022764227642276424,0,0,0,1.0
soybean,3,9,diaporthe-stem-canker,0.02926829268292683,0,0,0,0.9999970898489009
soybean,3,9,downy-mildew,0.02926829268292683,0,0,0,0.9999148963283664
soybean,3,9,frog-eye-leaf-spot,0.13170731707317074,18,15,22,0.7270893861690743
soybean,3,9,herbicide-injury,0.011382113821138212,0,0,0,0.9999999380135703
soybean,3,9,phyllosticta-leaf-spot,0.02926829268292683,3,3,4,0.7942271131458774
soybean,3,9,phytophthora-rot,0.13008130081300814,0,0,18,0.7750044075893896
soybean,3,9,powdery-mildew,0.02926829268292683,0,0,0,0.9999785913505301
soybean,3,9,purple-seed-stain,0.02926829268292683,0,0,0,0.9999828795356116
soybean,3,9,rhizoctonia-root-rot,0.02926829268292683,0,0,0,0.9999998972911227
soybean,4,0,2-4-d-injury,0.02280130293159609,0,0,0,0.9999999998731305
soybean,4,0,alternarialeaf-spot,0.13355048859934854,0,0,0,0.971009792817663
soybean,4,0,anthracnose,0.06514657980456026,0,0,0,0.9978573252519045
soybean,4,0,bacterial-blight,0.029315960912052116,0,0,0,0.9386481592692443
soybean,4,0,bacterial-pustule,0.029315960912052116,1,1,1,0.9335138069916753
soybean,4,0,brown-spot,0.13517915309446255,8,7,13,0.8398452005664423
soybean,4,0,brown-stem-rot,0.06351791530944625,0,0,0,0.9999870325982534
soybean,4,0,charcoal-rot,0.029315960912052116,0,0,0,0.9998434961598304
soybean,4,0,cyst-nematode,0.021172638436482084,0,0,0,0.9999999999999907
soybean,4,0,diaporthe-pod-&-stem-blight,0.021172638436482084,0,0,0,1.0
soybean,4,0,diaporthe-stem-canker,0.029315960912052116,0,0,0,0.9999973743427518
soybean,4,0,downy-mildew,0.029315960912052116,0,0,0,0.9999324926023322
soybean,4,0,frog-eye-leaf-spot,0.13355048859934854,15,13,23,0.7184877074059697
soybean,4,0,herbicide-injury,0.011400651465798045,0,0,0,0.9999999311213449
soybean,4,0,phyllosticta-leaf-spot,0.029315960912052116,3,3,4,0.762184576935684
soybean,4,0,phytophthora-rot,0.12866449511400652,0,0,19,0.7595054363896994
soybean,4,0,powdery-mildew,0.029315960912052116,0,0,0,0.9999886488730753
soybean,4,0,purple-seed-stain,0.029315960912052116,0,0,0,0.9999832909340179
soybean,4,0,rhizoctonia-root-rot,0.029315960912052116,0,0,0,0.9999998966652915
soybean,4,1,2-4-d-injury,0.02280130293159609,0,0,0,0.9999999999420662
soybean,4,1,alternarialeaf-spot,0.13355048859934854,0,0,0,0.973453870277608
soybean,4,1,anthracnose,0.06514657980456026,0,0,0,0.9960296931544447
soybean,4,1,bacterial-blight,0.029315960912052116,0,0,0,0.9339567222772361
soybean,4,1,bacterial-pustule,0.029315960912052116,1,1,1,0.9459357422951586
soybean,4,1,brown-spot,0.13517915309446255,7,6,12,0.8417061751875774
soybean,4,1,brown-stem-rot,0.06351791530944625,0,0,0,0.9999864309395733
soybean,4,1,charcoal-rot,0.029315960912052116,0,0,0,0.9998608537545169
soybean,4,1,cyst-nematode,0.021172638436482084,0,0,0,0.9999999999999907
soybean,4,1,diaporthe-pod-&-stem-blight,0.021172638436482084,0,0,0,1.0
soybean,4,1,diaporthe-stem-canker,0.029315960912052116,0,0,0,0.9999982760254605
soybean,4,1,downy-mildew,0.029315960912052116,0,0,0,0.9999142623710721
soybean,4,1,frog-eye-leaf-spot,0.13355048859934854,17,13,22,0.7414399767528467
soybean,4,1,herbicide-injury,0.011400651465798045,0,0,0,0.999999902297137
soybean,4,1,phyllosticta-leaf-spot,0.029315960912052116,3,3,4,0.7854379304232885
soybean,4,1,phytophthora-rot,0.12866449511400652,0,0,17,0.7848116921874667
soybean,4,1,powdery-mildew,0.029315960912052116,0,0,0,0.9999876093672437
soybean,4,1,purple-seed-stain,0.029315960912052116,0,0,0,0.9999828398649776
soybean,4,1,rhizoctonia-root-rot,0.029315960912052116,0,0,0,0.999999876036384
soybean,4,2,2-4-d-injury,0.02280130293159609,0,0,0,0.9999999998518626
soybean,4,2,alternarialeaf-spot,0.13355048859934854,0,0,0,0.9702179719981314
soybean,4,2,anthracnose,0.06514657980456026,0,0,0,0.9921475738509187
soybean,4,2,bacterial-blight,0.029315960912052116,0,0,0,0.9457888247293789
soybean,4,2,bacterial-pustule,0.029315960912052116,1,1,2,0.896376602251481
soybean,4,2,brown-spot,0.13355048859934854,8,7,13,0.832529963732284
soybean,4,2,brown-stem-rot,0.06514657980456026,0,0,0,0.9999912923653774
soybean,4,2,charcoal-rot,0.029315960912052116,0,0,0,0.9998589329521832
soybean,4,2,cyst-nematode,0.021172638436482084,0,0,0,0.9999999999999905
soybean,4,2,diaporthe-pod-&-stem-blight,0.021172638436482084,0,0,0,1.0
soybean,4,2,diaporthe-stem-canker,0.029315960912052116,0,0,0,0.9999989380311458
soybean,4,2,downy-mildew,0.029315960912052116,0,0,0,0.9999341923017729
soybean,4,2,frog-eye-leaf-spot,0.13355048859934854,17,13,22,0.7320083821226377
soybean,4,2,herbicide-injury,0.011400651465798045,0,0,0,0.9999999386648718
soybean,4,2,phyllosticta-leaf-spot,0.029315960912052116,3,3,5,0.7820264960536469
soybean,4,2,phytophthora-rot,0.12866449511400652,0,0,15,0.8101268666085379
soybean,4,2,powdery-mildew,0.029315960912052116,0,0,0,0.9999752499452508
soybean,4,2,purple-seed-stain,0.029315960912052116,0,0,0,0.9999499801346795
soybean,4,2,rhizoctonia-root-rot,0.029315960912052116,0,0,0,0.999999885225799
soybean,4,3,2-4-d-injury,0.022764227642276424,0,0,0,0.9999999999079787
soybean,4,3,alternarialeaf-spot,0.13333333333333333,0,0,0,0.9746223824011716
soybean,4,3,anthracnose,0.06504065040650407,0,0,0,0.9943359249247351
soybean,4,3,bacterial-blight,0.02926829268292683,0,0,0,0.9481004204632466
soybean,4,3,bacterial-pustule,0.02926829268292683,1,1,1,0.947555819101696
soybean,4,3,brown-spot,0.13333333333333333,5,4,10,0.8621231618415712
soybean,4,3,brown-stem-rot,0.06504065040650407,0,0,0,0.9999902405270712
soybean,4,3,charcoal-rot,0.02926829268292683,0,0,0,0.9998735255421765
soybean,4,3,cyst-nematode,0.02113821138211382,0,0,0,0.9999999999999913
soybean,4,3,diaporthe-pod-&-stem-blight,0.02113821138211382,0,0,0,1.0
soybean,4,3,diaporthe-stem-canker,0.02926829268292683,0,0,0,0.9999986803581822
soybean,4,3,downy-mildew,0.02926829268292683,0,0,0,0.9999386984841954
soybean,4,3,frog-eye-leaf-spot,0.13333333333333333,17,14,23,0.7165902359583283
soybean,4,3,herbicide-injury,0.013008130081300813,0,0,0,0.9999999683329709
soybean,4,3,phyllosticta-leaf-spot,0.02926829268292683,1,1,3,0.819522551564592
soybean,4,3,phytophthora-rot,0.12845528455284552,0,0,18,0.7721556796581714
soybean,4,3,powdery-mildew,0.02926829268292683,0,0,0,0.9999716120828802
soybean,4,3,purple-seed-stain,0.02926829268292683,0,0,0,0.9999887457872122
soybean,4,3,rhizoctonia-root-rot,0.02926829268292683,0,0,0,0.9999998088328204
soybean,4,4,2-4-d-injury,0.022764227642276424,0,0,0,0.9999999999004527
soybean,4,4,alternarialeaf-spot,0.13333333333333333,0,0,0,0.9724255835127753
soybean,4,4,anthracnose,0.06341463414634146,0,0,0,0.9980227584899917
soybean,4,4,bacterial-blight,0.02926829268292683,0,0,0,0.937819011776685
soybean,4,4,bacterial-pustule,0.02926829268292683,1,1,1,0.9311131746502633
soybean,4,4,brown-spot,0.13495934959349593,8,7,12,0.8493799928575868
soybean,4,4,brown-stem-rot,0.06504065040650407,0,0,0,0.9999883612429441
soybean,4,4,charcoal-rot,0.02926829268292683,0,0,0,0.9998226183200845
soybean,4,4,cyst-nematode,0.02113821138211382,0,0,0,0.9999999999999906
soybean,4,4,diaporthe-pod-&-stem-blight,0.02113821138211382,0,0,0,1.0
soybean,4,4,diaporthe-stem-canker,0.02926829268292683,0,0,0,0.9999982217800751
soybean,4,4,downy-mildew,0.02926829268292683,0,0,0,0.9999295012498091
soybean,4,4,frog-eye-leaf-spot,0.13333333333333333,16,13,22,0.7281978278787383
soybean,4,4,herbicide-injury,0.013008130081300813,0,0,0,0.999999974402594
soybean,4,4,phyllosticta-leaf-spot,0.02926829268292683,3,3,4,0.7866562328173274
soybean,4,4,phytophthora-rot,0.12845528455284552,0,0,19,0.7595181731067172
soybean,4,4,powdery-mildew,0.02926829268292683,0,0,0,0.9999725576920322
soybean,4,4,purple-seed-stain,0.02926829268292683,0,0,0,0.9999769859859468
soybean,4,4,rhizoctonia-root-rot,0.02926829268292683,0,0,0,0.9999999578723635
soybean,4,5,2-4-d-injury,0.024390243902439025,0,0,0,0.9999999999094417
soybean,4,5,alternarialeaf-spot,0.13333333333333333,0,0,0,0.9745881760929266
soybean,4,5,anthracnose,0.06341463414634146,0,0,0,0.9998811454306329
soybean,4,5,bacterial-blight,0.02926829268292683,0,0,0,0.9529941769206481
soybean,4,5,bacterial-pustule,0.02926829268292683,0,0,0,0.963850627987096
soybean,4,5,brown-spot,0.13495934959349593,8,7,12,0.8459966101786689
soybean,4,5,brown-stem-rot,0.06504065040650407,0,0,0,0.9999897212124772
soybean,4,5,charcoal-rot,0.02926829268292683,0,0,0,0.9998598506211107
soybean,4,5,cyst-nematode,0.01951219512195122,0,0,0,0.9999999999999886
soybean,4,5,diaporthe-pod-&-stem-blight,0.022764227642276424,0,0,0,1.0
soybean,4,5,diaporthe-stem-canker,0.02926829268292683,0,0,0,0.9999979413590998
soybean,4,5,downy-mildew,0.02926829268292683,0,0,0,0.9998960316347273
soybean,4,5,frog-eye-leaf-spot,0.13333333333333333,19,17,24,0.7089751792529753
soybean,4,5,herbicide-injury,0.011382113821138212,0,0,0,0.9999999438324904
soybean,4,5,phyllosticta-leaf-spot,0.02926829268292683,4,3,5,0.7598403974791164
soybean,4,5,phytophthora-rot,0.12845528455284552,0,0,16,0.7974696230161991
soybean,4,5,powdery-mildew,0.02926829268292683,0,0,0,0.9999830674777948
soybean,4,5,purple-seed-stain,0.02926829268292683,0,0,0,0.9999847862025667
soybean,4,5,rhizoctonia-root-rot,0.02926829268292683,0,0,0,0.9999996789125066
soybean,4,6,2-4-d-injury,0.024390243902439025,0,0,0,0.9999999999540269
soybean,4,6,alternarialeaf-spot,0.13333333333333333,0,0,0,0.970572506440932
soybean,4,6,anthracnose,0.06341463414634146,0,0,0,0.999319575105024
soybean,4,6,bacterial-blight,0.02926829268292683,0,0,0,0.9617217203340123
soybean,4,6,bacterial-pustule,0.02926829268292683,1,1,1,0.9427993489145235
soybean,4,6,brown-spot,0.13495934959349593,8,7,12,0.854191267495597
soybean,4,6,brown-stem-rot,0.06504065040650407,0,0,0,0.9999903680009762
soybean,4,6,charcoal-rot,0.02926829268292683,0,0,0,0.999853497778965
soybean,4,6,cyst-nematode,0.01951219512195122,0,0,0,0.9999999999999872
soybean,4,6,diaporthe-pod-&-stem-blight,0.022764227642276424,0,0,0,1.0
soybean,4,6,diaporthe-stem-canker,0.02926829268292683,0,0,0,0.9999961501184056
soybean,4,6,downy-mildew,0.02926829268292683,0,0,0,0.9999530258411173
soybean,4,6,frog-eye-leaf-spot,0.13333333333333333,19,14,23,0.7213122618228988
soybean,4,6,herbicide-injury,0.011382113821138212,0,0,0,0.9999999071243558
soybean,4,6,phyllosticta-leaf-spot,0.02926829268292683,2,2,3,0.803752077997464
soybean,4,6,phytophthora-rot,0.12845528455284552,0,0,19,0.7595423763128717
soybean,4,6,powdery-mildew,0.02926829268292683,0,0,0,0.9999706205725852
soybean,4,6,purple-seed-stain,0.02926829268292683,0,0,0,0.9999836557989311
soybean,4,6,rhizoctonia-root-rot,0.02926829268292683,0,0,0,0.999999981748253
soybean,4,7,2-4-d-injury,0.024390243902439025,0,0,0,0.9999999999526655
soybean,4,7,alternarialeaf-spot,0.13333333333333333,1,0,0,0.973116175172611
soybean,4,7,anthracnose,0.06341463414634146,0,0,0,0.9988260443940218
soybean,4,7,bacterial-blight,0.02926829268292683,0,0,0,0.949598740053582
soybean,4,7,bacterial-pustule,0.02926829268292683,1,1,2,0.9186935999442947
soybean,4,7,brown-spot,0.13495934959349593,7,7,14,0.8491072917230067
soybean,4,7,brown-stem-rot,0.06504065040650407,0,0,0,0.9999863313931027
soybean,4,7,charcoal-rot,0.02926829268292683,0,0,0,0.9998798076084557
soybean,4,7,cyst-nematode,0.01951219512195122,0,0,0,0.9999999999999876
soybean,4,7,diaporthe-pod-&-stem-blight,0.022764227642276424,0,0,0,1.0
soybean,4,7,diaporthe-stem-canker,0.02926829268292683,0,0,0,0.999996785102533
soybean,4,7,downy-mildew,0.02926829268292683,0,0,0,0.9999458197963035
soybean,4,7,frog-eye-leaf-spot,0.13333333333333333,17,12,21,0.7414555282472777
soybean,4,7,herbicide-injury,0.011382113821138212,0,0,0,0.9999999181786977
soybean,4,7,phyllosticta-leaf-spot,0.02926829268292683,4,3,3,0.8052148559463952
soybean,4,7,phytophthora-rot,0.12845528455284552,0,0,17,0.7848117923513278
soybean,4,7,powdery-mildew,0.02926829268292683,0,0,0,0.9999737924035439
soybean,4,7,purple-seed-stain,0.02926829268292683,0,0,0,0.9999762198460744
soybean,4,7,rhizoctonia-root-rot,0.02926829268292683,0,0,0,0.9999998791583528
soybean,4,8,2-4-d-injury,0.024390243902439025,0,0,0,0.9999999999275384
soybean,4,8,alternarialeaf-spot,0.13170731707317074,0,0,0,0.9746046740375021
soybean,4,8,anthracnose,0.06504065040650407,0,0,0,0.9985063777115372
soybean,4,8,bacterial-blight,0.02926829268292683,0,0,0,0.9190732398630388
soybean,4,8,bacterial-pustule,0.02926829268292683,0,0,1,0.9320056565887503
soybean,4,8,brown-spot,0.13495934959349593,5,5,10,0.8704575821466459
soybean,4,8,brown-stem-rot,0.06341463414634146,0,0,0,0.9999899718411148
soybean,4,8,charcoal-rot,0.02926829268292683,0,0,0,0.9998623818648174
soybean,4,8,cyst-nematode,0.01951219512195122,0,0,0,0.9999999999999898
soybean,4,8,diaporthe-pod-&-stem-blight,0.022764227642276424,0,0,0,1.0
soybean,4,8,diaporthe-stem-canker,0.02926829268292683,0,0,0,0.9999982719134217
soybean,4,8,downy-mildew,0.02926829268292683,0,0,0,0.9999020754181314
soybean,4,8,frog-eye-leaf-spot,0.13333333333333333,18,16,24,0.7056279994836575
soybean,4,8,herbicide-injury,0.011382113821138212,0,0,0,0.9999999510795755
soybean,4,8,phyllosticta-leaf-spot,0.02926829268292683,4,4,3,0.8040527506439861
soybean,4,8,phytophthora-rot,0.13008130081300814,0,0,20,0.7500305101865827
soybean,4,8,powdery-mildew,0.02926829268292683,0,0,0,0.999987214989836
soybean,4,8,purple-seed-stain,0.02926829268292683,0,0,0,0.9999758805394975
soybean,4,8,rhizoctonia-root-rot,0.02926829268292683,0,0,0,0.9999999498862233
soybean,4,9,2-4-d-injury,0.022764227642276424,0,0,0,0.9999999999346159
soybean,4,9,alternarialeaf-spot,0.13333333333333333,0,0,0,0.9747146801592814
soybean,4,9,anthracnose,0.06504065040650407,0,0,0,0.9991601674507982
soybean,4,9,bacterial-blight,0.02926829268292683,0,0,0,0.9290004439109312
soybean,4,9,bacterial-pustule,0.02926829268292683,1,0,1,0.954911899794456
soybean,4,9,brown-spot,0.13495934959349593,7,6,12,0.8464112540048168
soybean,4,9,brown-stem-rot,0.06341463414634146,0,0,0,0.9999884191101964
soybean,4,9,charcoal-rot,0.02926829268292683,0,0,0,0.999850202613306
soybean,4,9,cyst-nematode,0.02113821138211382,0,0,0,0.999999999999991
soybean,4,9,diaporthe-pod-&-stem-blight,0.022764227642276424,0,0,0,1.0
soybean,4,9,diaporthe-stem-canker,0.02926829268292683,0,0,0,0.9999982342454464
soybean,4,9,downy-mildew,0.02926829268292683,0,0,0,0.9999191807304945
soybean,4,9,frog-eye-leaf-spot,0.13170731707317074,21,17,22,0.7241362175529635
soybean,4,9,herbicide-injury,0.011382113821138212,0,0,0,0.9999998744588385
soybean,4,9,phyllosticta-leaf-spot,0.02926829268292683,2,2,5,0.7725707017466585
soybean,4,9,phytophthora-rot,0.13008130081300814,0,0,20,0.7500214603799946
soybean,4,9,powdery-mildew,0.02926829268292683,0,0,0,0.9999870661800144
soybean,4,9,purple-seed-stain,0.02926829268292683,0,0,0,0.9999870997708337
soybean,4,9,rhizoctonia-root-rot,0.02926829268292683,0,0,0,0.9999999185474729
soybean,5,0,2-4-d-injury,0.02280130293159609,0,0,0,0.999999999892496
soybean,5,0,alternarialeaf-spot,0.13355048859934854,0,0,0,0.9723646971880533
soybean,5,0,anthracnose,0.06514657980456026,0,0,0,0.99761171529664
soybean,5,0,bacterial-blight,0.029315960912052116,0,0,0,0.9456389454448492
soybean,5,0,bacterial-pustule,0.029315960912052116,1,1,2,0.8961925007185175
soybean,5,0,brown-spot,0.13517915309446255,6,5,12,0.8459019590373227
soybean,5,0,brown-stem-rot,0.06351791530944625,0,0,0,0.9999873837076777
soybean,5,0,charcoal-rot,0.029315960912052116,0,0,0,0.999883879209094
soybean,5,0,cyst-nematode,0.021172638436482084,0,0,0,0.9999999999999888
soybean,5,0,diaporthe-pod-&-stem-blight,0.021172638436482084,0,0,0,1.0
soybean,5,0,diaporthe-stem-canker,0.029315960912052116,0,0,0,0.999998176220394
soybean,5,0,downy-mildew,0.029315960912052116,0,0,0,0.9998884042635782
soybean,5,0,frog-eye-leaf-spot,0.13355048859934854,18,13,23,0.7191746830780009
soybean,5,0,herbicide-injury,0.011400651465798045,0,0,0,0.999999957022906
soybean,5,0,phyllosticta-leaf-spot,0.029315960912052116,1,1,3,0.81119792092998
soybean,5,0,phytophthora-rot,0.12866449511400652,0,0,19,0.7595096892639275
soybean,5,0,powdery-mildew,0.029315960912052116,0,0,0,0.9999831705593853
soybean,5,0,purple-seed-stain,0.029315960912052116,0,0,0,0.9999705051435911
soybean,5,0,rhizoctonia-root-rot,0.029315960912052116,0,0,0,0.9999993933520283
soybean,5,1,2-4-d-injury,0.02280130293159609,0,0,0,0.9999999999404972
soybean,5,1,alternarialeaf-spot,0.13355048859934854,0,0,0,0.9794875865388084
soybean,5,1,anthracnose,0.06514657980456026,0,0,0,0.9998179059093983
soybean,5,1,bacterial-blight,0.029315960912052116,0,0,0,0.9366209261342769
soybean,5,1,bacterial-pustule,0.029315960912052116,1,1,1,0.9294300331315378
soybean,5,1,brown-spot,0.13517915309446255,9,7,13,0.8454628868142608
soybean,5,1,brown-stem-rot,0.06351791530944625,0,0,0,0.999986942965881
soybean,5,1,charcoal-rot,0.029315960912052116,0,0,0,0.9998639518463851
soybean,5,1,cyst-nematode,0.021172638436482084,0,0,0,0.9999999999999901
soybean,5,1,diaporthe-pod-&-stem-blight,0.021172638436482084,0,0,0,1.0
soybean,5,1,diaporthe-stem-canker,0.029315960912052116,0,0,0,0.9999992753977678
soybean,5,1,downy-mildew,0.029315960912052116,0,0,0,0.9999379802963418
soybean,5,1,frog-eye-leaf-spot,0.13355048859934854,16,14,21,0.7440940745702102
soybean,5,1,herbicide-injury,0.011400651465798045,0,0,0,0.9999998788326102
soybean,5,1,phyllosticta-leaf-spot,0.029315960912052116,3,3,3,0.8105761793681054
soybean,5,1,phytophthora-rot,0.12866449511400652,0,0,19,0.75951308339457
soybean,5,1,powdery-mildew,0.029315960912052116,0,0,0,0.9999897458359519
soybean,5,1,purple-seed-stain,0.029315960912052116,0,0,0,0.9999809866975746
soybean,5,1,rhizoctonia-root-rot,0.029315960912052116,0,0,0,0.9999999350828053
soybean,5,2,2-4-d-injury,0.02280130293159609,0,0,0,0.9999999998576875
soybean,5,2,alternarialeaf-spot,0.13355048859934854,0,0,0,0.9718452710206679
soybean,5,2,anthracnose,0.06514657980456026,0,0,0,0.9991004218445182
soybean,5,2,bacterial-blight,0.029315960912052116,0,0,0,0.9647569998664307
soybean,5,2,bacterial-pustule,0.029315960912052116,1,0,1,0.9393570168345102
soybean,5,2,brown-spot,0.13355048859934854,7,6,11,0.8489164377373318
soybean,5,2,brown-stem-rot,0.06514657980456026,0,0,0,0.9999874550844275
soybean,5,2,charcoal-rot,0.029315960912052116,0,0,0,0.9998272733789366
soybean,5,2,cyst-nematode,0.021172638436482084,0,0,0,0.9999999999999919
soybean,5,2,diaporthe-pod-&-stem-blight,0.021172638436482084,0,0,0,1.0
soybean,5,2,diaporthe-stem-canker,0.029315960912052116,0,0,0,0.9999980949739099
soybean,5,2,downy-mildew,0.029315960912052116,0,0,0,0.9999200266986938
soybean,5,2,frog-eye-leaf-spot,0.13355048859934854,20,16,23,0.717381464957727
soybean,5,2,herbicide-injury,0.011400651465798045,0,0,0,0.9999999448976992
soybean,5,2,phyllosticta-leaf-spot,0.029315960912052116,3,3,5,0.7692188782618934
soybean,5,2,phytophthora-rot,0.12866449511400652,0,0,19,0.7595262226122301
soybean,5,2,powdery-mildew,0.029315960912052116,0,0,0,0.9999863498263879
soybean,5,2,purple-seed-stain,0.029315960912052116,0,0,0,0.9999794568925297
soybean,5,2,rhizoctonia-root-rot,0.029315960912052116,0,0,0,0.9999999864145932
soybean,5,3,2-4-d-injury,0.022764227642276424,0,0,0,0.9999999999030426
soybean,5,3,alternarialeaf-spot,0.13333333333333333,0,0,0,0.9704480020703726
soybean,5,3,anthracnose,0.06504065040650407,0,0,0,0.9983082365716107
soybean,5,3,bacterial-blight,0.02926829268292683,0,0,0,0.9373736684202169
soybean,5,3,bacterial-pustule,0.02926829268292683,0,0,1,0.9472641446397281
soybean,5,3,brown-spot,0.13333333333333333,8,6,12,0.8564061882052733
soybean,5,3,brown-stem-rot,0.06504065040650407,0,0,0,0.999989567802562
soybean,5,3,charcoal-rot,0.02926829268292683,0,0,0,0.9998705736257225
soybean,5,3,cyst-nematode,0.02113821138211382,0,0,0,0.9999999999999901
soybean,5,3,diaporthe-pod-&-stem-blight,0.02113821138211382,0,0,0,1.0
soybean,5,3,diaporthe-stem-canker,0.02926829268292683,0,0,0,0.9999973067564812
soybean,5,3,downy-mildew,0.02926829268292683,0,0,0,0.999916020753164
soybean,5,3,frog-eye-leaf-spot,0.13333333333333333,17,16,23,0.7168106149440757
soybean,5,3,herbicide-injury,0.013008130081300813,0,0,0,0.999999974402594
soybean,5,3,phyllosticta-leaf-spot,0.02926829268292683,2,2,3,0.7970917333902129
soybean,5,3,phytophthora-rot,0.12845528455284552,0,0,18,0.772156575818564
soybean,5,3,powdery-mildew,0.02926829268292683,0,0,0,0.9999666774792827
soybean,5,3,purple-seed-stain,0.02926829268292683,0,0,0,0.9999867184838774
soybean,5,3,rhizoctonia-root-rot,0.02926829268292683,0,0,0,0.999999904618043
soybean,5,4,2-4-d-injury,0.022764227642276424,0,0,0,0.9999999998950277
soybean,5,4,alternarialeaf-spot,0.13333333333333333,0,0,0,0.9725689781419428
soybean,5,4,anthracnose,0.06341463414634146,0,0,0,0.9932487636906487
soybean,5,4,bacterial-blight,0.02926829268292683,0,0,0,0.9490213169183305
soybean,5,4,bacterial-pustule,0.02926829268292683,1,1,1,0.9185487385798271
soybean,5,4,brown-spot,0.13495934959349593,5,3,12,0.861981824559701
soybean,5,4,brown-stem-rot,0.06504065040650407,0,0,0,0.9999897697415066
soybean,5,4,charcoal-rot,0.02926829268292683,0,0,0,0.9998692961565988
soybean,5,4,cyst-nematode,0.02113821138211382,0,0,0,0.999999999999991
soybean,5,4,diaporthe-pod-&-stem-blight,0.02113821138211382,0,0,0,1.0
soybean,5,4,diaporthe-stem-canker,0.02926829268292683,0,0,0,0.9999983773297964
soybean,5,4,downy-mildew,0.02926829268292683,0,0,0,0.9999441823769933
soybean,5,4,frog-eye-leaf-spot,0.13333333333333333,16,13,23,0.7176180251657762
soybean,5,4,herbicide-injury,0.013008130081300813,0,0,0,0.9999999704651155
soybean,5,4,phyllosticta-leaf-spot,0.02926829268292683,3,3,4,0.7750401704218786
soybean,5,4,phytophthora-rot,0.12845528455284552,0,0,19,0.7595049231262821
soybean,5,4,powdery-mildew,0.02926829268292683,0,0,0,0.9999646507992713
soybean,5,4,purple-seed-stain,0.02926829268292683,0,0,0,0.9999842069784938
soybean,5,4,rhizoctonia-root-rot,0.02926829268292683,0,0,0,0.9999999202638912
soybean,5,5,2-4-d-injury,0.024390243902439025,0,0,0,0.9999999999529197
soybean,5,5,alternarialeaf-spot,0.13333333333333333,0,0,0,0.9717820056606714
soybean,5,5,anthracnose,0.06341463414634146,0,0,0,0.999087362760622
soybean,5,5,bacterial-blight,0.02926829268292683,0,0,0,0.931328262502396
soybean,5,5,bacterial-pustule,0.02926829268292683,1,1,1,0.9373091637622544
soybean,5,5,brown-spot,0.13495934959349593,7,6,12,0.847763887416005
soybean,5,5,brown-stem-rot,0.06504065040650407,0,0,0,0.9999900709440526
soybean,5,5,charcoal-rot,0.02926829268292683,0,0,0,0.9998494066367475
soybean,5,5,cyst-nematode,0.01951219512195122,0,0,0,0.9999999999999883
soybean,5,5,diaporthe-pod-&-stem-blight,0.022764227642276424,0,0,0,1.0
soybean,5,5,diaporthe-stem-canker,0.02926829268292683,0,0,0,0.9999963443376964
soybean,5,5,downy-mildew,0.02926829268292683,0,0,0,0.9999368112755109
soybean,5,5,frog-eye-leaf-spot,0.13333333333333333,18,13,23,0.7194110645441896
soybean,5,5,herbicide-injury,0.011382113821138212,0,0,0,0.9999999075406337
soybean,5,5,phyllosticta-leaf-spot,0.02926829268292683,3,3,4,0.7639171154184774
soybean,5,5,phytophthora-rot,0.12845528455284552,0,0,17,0.7848124082319192
soybean,5,5,powdery-mildew,0.02926829268292683,0,0,0,0.9999809537410744
soybean,5,5,purple-seed-stain,0.02926829268292683,0,0,0,0.9999721233696383
soybean,5,5,rhizoctonia-root-rot,0.02926829268292683,0,0,0,0.9999999528556499
soybean,5,6,2-4-d-injury,0.024390243902439025,0,0,0,0.9999999999113449
soybean,5,6,alternarialeaf-spot,0.13333333333333333,1,0,0,0.9721882228596971
soybean,5,6,anthracnose,0.06341463414634146,0,0,0,0.9957494690596539
soybean,5,6,bacterial-blight,0.02926829268292683,0,0,0,0.9423889656625258
soybean,5,6,bacterial-pustule,0.02926829268292683,0,0,1,0.9414892901947817
soybean,5,6,brown-spot,0.13495934959349593,6,4,11,0.8471365336045257
soybean,5,6,brown-stem-rot,0.06504065040650407,0,0,0,0.9999924777523095
soybean,5,6,charcoal-rot,0.02926829268292683,0,0,0,0.9998635467216506
soybean,5,6,cyst-nematode,0.01951219512195122,0,0,0,0.9999999999999889
soybean,5,6,diaporthe-pod-&-stem-blight,0.022764227642276424,0,0,0,1.0
soybean,5,6,diaporthe-stem-canker,0.02926829268292683,0,0,0,0.9999982551385842
soybean,5,6,downy-mildew,0.02926829268292683,0,0,0,0.9998866076703421
soybean,5,6,frog-eye-leaf-spot,0.13333333333333333,20,16,21,0.7409322076431759
soybean,5,6,herbicide-injury,0.011382113821138212,0,0,0,0.9999999445122982
soybean,5,6,phyllosticta-leaf-spot,0.02926829268292683,2,1,4,0.8138537712035546
soybean,5,6,phytophthora-rot,0.12845528455284552,0,0,16,0.797468870880505
soybean,5,6,powdery-mildew,0.02926829268292683,0,0,0,0.9999790635375531
soybean,5,6,purple-seed-stain,0.02926829268292683,0,0,0,0.9999867350884857
soybean,5,6,rhizoctonia-root-rot,0.02926829268292683,0,0,0,0.9999998327915053
soybean,5,7,2-4-d-injury,0.024390243902439025,0,0,0,0.9999999999555885
soybean,5,7,alternarialeaf-spot,0.13333333333333333,0,0,0,0.9719450915796848
soybean,5,7,anthracnose,0.06341463414634146,0,0,0,0.9982852481249336
soybean,5,7,bacterial-blight,0.02926829268292683,0,0,0,0.9353742414114338
soybean,5,7,bacterial-pustule,0.02926829268292683,0,0,0,0.9629628944806127
soybean,5,7,brown-spot,0.13495934959349593,8,7,12,0.8477694521607299
soybean,5,7,brown-stem-rot,0.06504065040650407,0,0,0,0.9999756432879876
soybean,5,7,charcoal-rot,0.02926829268292683,0,0,0,0.9998419091903139
soybean,5,7,cyst-nematode,0.01951219512195122,0,0,0,0.9999999999999883
soybean,5,7,diaporthe-pod-&-stem-blight,0.022764227642276424,0,0,0,1.0
soybean,5,7,diaporthe-stem-canker,0.02926829268292683,0,0,0,0.9999979630771318
soybean,5,7,downy-mildew,0.02926829268292683,0,0,0,0.999939207307945
soybean,5,7,frog-eye-leaf-spot,0.13333333333333333,20,18,24,0.7053219228680438
soybean,5,7,herbicide-injury,0.011382113821138212,0,0,0,0.999999897725936
soybean,5,7,phyllosticta-leaf-spot,0.02926829268292683,3,3,4,0.7783748293145313
soybean,5,7,phytophthora-rot,0.12845528455284552,0,0,17,0.7848118794144736
soybean,5,7,powdery-mildew,0.02926829268292683,0,0,0,0.9999770648713616
soybean,5,7,purple-seed-stain,0.02926829268292683,0,0,0,0.9999860365779768
soybean,5,7,rhizoctonia-root-rot,0.02926829268292683,0,0,0,0.9999999184552055
soybean,5,8,2-4-d-injury,0.024390243902439025,0,0,0,0.9999999999549228
soybean,5,8,alternarialeaf-spot,0.13170731707317074,1,0,0,0.9739204251119526
soybean,5,8,anthracnose,0.06504065040650407,0,0,0,0.9987493214640007
soybean,5,8,bacterial-blight,0.02926829268292683,0,0,0,0.9255050596821603
soybean,5,8,bacterial-pustule,0.02926829268292683,1,1,1,0.9395591634276556
soybean,5,8,brown-spot,0.13495934959349593,5,4,11,0.8528965050022
soybean,5,8,brown-stem-rot,0.06341463414634146,0,0,0,0.9999909557654593
soybean,5,8,charcoal-rot,0.02926829268292683,0,0,0,0.9998507757559625
soybean,5,8,cyst-nematode,0.01951219512195122,0,0,0,0.9999999999999879
soybean,5,8,diaporthe-pod-&-stem-blight,0.022764227642276424,0,0,0,1.0
soybean,5,8,diaporthe-stem-canker,0.02926829268292683,0,0,0,0.9999975541932403
soybean,5,8,downy-mildew,0.02926829268292683,0,0,0,0.9999603409833439
soybean,5,8,frog-eye-leaf-spot,0.13333333333333333,18,16,21,0.7427280282537739
soybean,5,8,herbicide-injury,0.011382113821138212,0,0,0,0.9999999024275528
soybean,5,8,phyllosticta-leaf-spot,0.02926829268292683,4,4,4,0.7707793700529522
soybean,5,8,phytophthora-rot,0.13008130081300814,0,0,19,0.7625236263836829
soybean,5,8,powdery-mildew,0.02926829268292683,0,0,0,0.9999806317010876
soybean,5,8,purple-seed-stain,0.02926829268292683,0,0,0,0.9999562626337176
soybean,5,8,rhizoctonia-root-rot,0.02926829268292683,0,0,0,0.9999998471121955
soybean,5,9,2-4-d-injury,0.022764227642276424,0,0,0,0.9999999998613631
soybean,5,9,alternarialeaf-spot,0.13333333333333333,0,0,0,0.9728791879750571
soybean,5,9,anthracnose,0.06504065040650407,0,0,0,0.9982053969794895
soybean,5,9,bacterial-blight,0.02926829268292683,0,0,0,0.9372513235508477
soybean,5,9,bacterial-pustule,0.02926829268292683,1,1,1,0.9495898847507372
soybean,5,9,brown-spot,0.13495934959349593,8,7,12,0.838430101582461
soybean,5,9,brown-stem-rot,0.06341463414634146,0,0,0,0.9999907736172771
soybean,5,9,charcoal-rot,0.02926829268292683,0,0,0,0.9998384424723411
soybean,5,9,cyst-nematode,0.02113821138211382,0,0,0,0.9999999999999921
soybean,5,9,diaporthe-pod-&-stem-blight,0.022764227642276424,0,0,0,1.0
soybean,5,9,diaporthe-stem-canker,0.02926829268292683,0,0,0,0.9999980200720184
soybean,5,9,downy-mildew,0.02926829268292683,0,0,0,0.9999051505224619
soybean,5,9,frog-eye-leaf-spot,0.13170731707317074,20,16,23,0.7152097894658702
soybean,5,9,herbicide-injury,0.011382113821138212,0,0,0,0.9999999304859212
soybean,5,9,phyllosticta-leaf-spot,0.02926829268292683,2,2,4,0.7918499614840893
soybean,5,9,phytophthora-rot,0.13008130081300814,0,0,17,0.7875019194161313
soybean,5,9,powdery-mildew,0.02926829268292683,0,0,0,0.9999846320524163
soybean,5,9,purple-seed-stain,0.02926829268292683,0,0,0,0.9999839402324078
soybean,5,9,rhizoctonia-root-rot,0.02926829268292683,0,0,0,0.9999999214649087
soybean,6,0,2-4-d-injury,0.02280130293159609,0,0,0,0.9999999998664197
soybean,6,0,alternarialeaf-spot,0.13355048859934854,0,0,0,0.9766240163531288
soybean,6,0,anthracnose,0.06514657980456026,0,0,0,0.9981226940352015
soybean,6,0,bacterial-blight,0.029315960912052116,0,0,0,0.9340409403966259
soybean,6,0,bacterial-pustule,0.029315960912052116,1,1,2,0.9135439808643527
soybean,6,0,brown-spot,0.13517915309446255,5,4,12,0.8533862502394488
soybean,6,0,brown-stem-rot,0.06351791530944625,0,0,0,0.9999894655222216
soybean,6,0,charcoal-rot,0.029315960912052116,0,0,0,0.9998718798551489
soybean,6,0,cyst-nematode,0.021172638436482084,0,0,0,0.9999999999999909
soybean,6,0,diaporthe-pod-&-stem-blight,0.021172638436482084,0,0,0,1.0
soybean,6,0,diaporthe-stem-canker,0.029315960912052116,0,0,0,0.9999976975057151
soybean,6,0,downy-mildew,0.029315960912052116,0,0,0,0.9998851155736129
soybean,6,0,frog-eye-leaf-spot,0.13355048859934854,19,15,24,0.7091701895810698
soybean,6,0,herbicide-injury,0.011400651465798045,0,0,0,0.9999999403137229
soybean,6,0,phyllosticta-leaf-spot,0.029315960912052116,4,3,3,0.8008280897899253
soybean,6,0,phytophthora-rot,0.12866449511400652,0,0,19,0.759504034522485
soybean,6,0,powdery-mildew,0.029315960912052116,0,0,0,0.9999802836827794
soybean,6,0,purple-seed-stain,0.029315960912052116,0,0,0,0.999979109918474
soybean,6,0,rhizoctonia-root-rot,0.029315960912052116,0,0,0,0.9999998346477853
soybean,6,1,2-4-d-injury,0.02280130293159609,0,0,0,0.9999999999342214
soybean,6,1,alternarialeaf-spot,0.13355048859934854,1,0,0,0.9756435746113955
soybean,6,1,anthracnose,0.06514657980456026,0,0,0,0.9998808750365067
soybean,6,1,bacterial-blight,0.029315960912052116,0,0,0,0.9615017501793888
soybean,6,1,bacterial-pustule,0.029315960912052116,0,0,0,0.9612901720190441
soybean,6,1,brown-spot,0.13517915309446255,7,6,12,0.8479459186508778
soybean,6,1,brown-stem-rot,0.06351791530944625,0,0,0,0.9999893253901201
soybean,6,1,charcoal-rot,0.029315960912052116,0,0,0,0.9998418883904213
soybean,6,1,cyst-nematode,0.021172638436482084,0,0,0,0.9999999999999903
soybean,6,1,diaporthe-pod-&-stem-blight,0.021172638436482084,0,0,0,1.0
soybean,6,1,diaporthe-stem-canker,0.029315960912052116,0,0,0,0.9999985035061812
soybean,6,1,downy-mildew,0.029315960912052116,0,0,0,0.9999017896662625
soybean,6,1,frog-eye-leaf-spot,0.13355048859934854,17,14,21,0.742737702595006
soybean,6,1,herbicide-injury,0.011400651465798045,0,0,0,0.9999998875916292
soybean,6,1,phyllosticta-leaf-spot,0.029315960912052116,2,2,4,0.7686725776012411
soybean,6,1,phytophthora-rot,0.12866449511400652,0,0,18,0.7721593226005984
soybean,6,1,powdery-mildew,0.029315960912052116,0,0,0,0.9999856860954064
soybean,6,1,purple-seed-stain,0.029315960912052116,0,0,0,0.9999798411432922
soybean,6,1,rhizoctonia-root-rot,0.029315960912052116,0,0,0,0.9999999128426909
soybean,6,2,2-4-d-injury,0.02280130293159609,0,0,0,0.9999999998679818
soybean,6,2,alternarialeaf-spot,0.13355048859934854,1,0,0,0.9705467626577939
soybean,6,2,anthracnose,0.06514657980456026,0,0,0,0.998585941189116
soybean,6,2,bacterial-blight,0.029315960912052116,0,0,0,0.9496581451011653
soybean,6,2,bacterial-pustule,0.029315960912052116,1,1,1,0.947400154925652
soybean,6,2,brown-spot,0.13355048859934854,7,6,11,0.8497204408116464
soybean,6,2,brown-stem-rot,0.06514657980456026,0,0,0,0.9999902630986093
soybean,6,2,charcoal-rot,0.029315960912052116,0,0,0,0.9998582777172678
soybean,6,2,cyst-nematode,0.021172638436482084,0,0,0,0.9999999999999909
soybean,6,2,diaporthe-pod-&-stem-blight,0.021172638436482084,0,0,0,1.0
soybean,6,2,diaporthe-stem-canker,0.029315960912052116,0,0,0,0.9999985165198338
soybean,6,2,downy-mildew,0.029315960912052116,0,0,0,0.999934572658546
soybean,6,2,frog-eye-leaf-spot,0.13355048859934854,17,14,20,0.7574496622900764
soybean,6,2,herbicide-injury,0.011400651465798045,0,0,0,0.9999999311213428
soybean,6,2,phyllosticta-leaf-spot,0.029315960912052116,3,2,4,0.8020347535252393
soybean,6,2,phytophthora-rot,0.12866449511400652,0,0,17,0.7848130896949066
soybean,6,2,powdery-mildew,0.029315960912052116,0,0,0,0.9999657237437511
soybean,6,2,purple-seed-stain,0.029315960912052116,0,0,0,0.9999792393640603
soybean,6,2,rhizoctonia-root-rot,0.029315960912052116,0,0,0,0.9999999797602944
soybean,6,3,2-4-d-injury,0.022764227642276424,0,0,0,0.9999999999195716
soybean,6,3,alternarialeaf-spot,0.13333333333333333,0,0,0,0.9748241669781224
soybean,6,3,anthracnose,0.06504065040650407,0,0,0,0.9990685237297218
soybean,6,3,bacterial-blight,0.02926829268292683,0,0,0,0.9169252641014448
soybean,6,3,bacterial-pustule,0.02926829268292683,0,0,1,0.9466809372695175
soybean,6,3,brown-spot,0.13333333333333333,8,7,10,0.859943463155069
soybean,6,3,brown-stem-rot,0.06504065040650407,0,0,0,0.999987722731787
soybean,6,3,charcoal-rot,0.02926829268292683,0,0,0,0.9998856583912095
soybean,6,3,cyst-nematode,0.02113821138211382,0,0,0,0.9999999999999888
soybean,6,3,diaporthe-pod-&-stem-blight,0.02113821138211382,0,0,0,1.0
soybean,6,3,diaporthe-stem-canker,0.02926829268292683,0,0,0,0.9999965416576025
soybean,6,3,downy-mildew,0.02926829268292683,0,0,0,0.9999405001090016
soybean,6,3,frog-eye-leaf-spot,0.13333333333333333,17,15,25,0.7032707286026899
soybean,6,3,herbicide-injury,0.013008130081300813,0,0,0,0.9999999724347302
soybean,6,3,phyllosticta-leaf-spot,0.02926829268292683,5,4,4,0.7799157389137208
soybean,6,3,phytophthora-rot,0.12845528455284552,0,0,17,0.7848123757948148
soybean,6,3,powdery-mildew,0.02926829268292683,0,0,0,0.9999843191422788
soybean,6,3,purple-seed-stain,0.02926829268292683,0,0,0,0.9999707617238324
soybean,6,3,rhizoctonia-root-rot,0.02926829268292683,0,0,0,0.9999998949449095
soybean,6,4,2-4-d-injury,0.022764227642276424,0,0,0,0.9999999998976155
soybean,6,4,alternarialeaf-spot,0.13333333333333333,0,0,0,0.975404256069407
soybean,6,4,anthracnose,0.06341463414634146,0,0,0,0.9899906838750198
soybean,6,4,bacterial-blight,0.02926829268292683,0,0,0,0.9436735829067232
soybean,6,4,bacterial-pustule,0.02926829268292683,1,1,1,0.9312153116698698
soybean,6,4,brown-spot,0.13495934959349593,8,7,12,0.8435474263605732
soybean,6,4,brown-stem-rot,0.06504065040650407,0,0,0,0.9999856126588105
soybean,6,4,charcoal-rot,0.02926829268292683,0,0,0,0.9998473119774351
soybean,6,4,cyst-nematode,0.02113821138211382,0,0,0,0.9999999999999916
soybean,6,4,diaporthe-pod-&-stem-blight,0.02113821138211382,0,0,0,1.0
soybean,6,4,diaporthe-stem-canker,0.02926829268292683,0,0,0,0.9999987122050145
soybean,6,4,downy-mildew,0.02926829268292683,0,0,0,0.9999034242180495
soybean,6,4,frog-eye-leaf-spot,0.13333333333333333,19,18,21,0.7367127082650226
soybean,6,4,herbicide-injury,0.013008130081300813,0,0,0,0.9999999704651166
soybean,6,4,phyllosticta-leaf-spot,0.02926829268292683,3,3,5,0.7723300759601162
soybean,6,4,phytophthora-rot,0.12845528455284552,0,0,18,0.7721595499728262
soybean,6,4,powdery-mildew,0.02926829268292683,0,0,0,0.9999862316247877
soybean,6,4,purple-seed-stain,0.02926829268292683,0,0,0,0.9999934571679483
soybean,6,4,rhizoctonia-root-rot,0.02926829268292683,0,0,0,0.999999915642418
soybean,6,5,2-4-d-injury,0.024390243902439025,0,0,0,0.9999999999141139
soybean,6,5,alternarialeaf-spot,0.13333333333333333,0,0,0,0.97124321539158
soybean,6,5,anthracnose,0.06341463414634146,0,0,0,0.9988880473915841
soybean,6,5,bacterial-blight,0.02926829268292683,0,0,0,0.936178223161551
soybean,6,5,bacterial-pustule,0.02926829268292683,1,1,1,0.9331033051209615
soybean,6,5,brown-spot,0.13495934959349593,6,5,12,0.8565803161911099
soybean,6,5,brown-stem-rot,0.06504065040650407,0,0,0,0.9999903452280465
soybean,6,5,charcoal-rot,0.02926829268292683,0,0,0,0.9998490524165705
soybean,6,5,cyst-nematode,0.01951219512195122,0,0,0,0.9999999999999903
soybean,6,5,diaporthe-pod-&-stem-blight,0.022764227642276424,0,0,0,1.0
soybean,6,5,diaporthe-stem-canker,0.02926829268292683,0,0,0,0.9999966358529999
soybean,6,5,downy-mildew,0.02926829268292683,0,0,0,0.9999254849844879
soybean,6,5,frog-eye-leaf-spot,0.13333333333333333,18,16,21,0.7435313512310798
soybean,6,5,herbicide-injury,0.011382113821138212,0,0,0,0.9999999438324904
soybean,6,5,phyllosticta-leaf-spot,0.02926829268292683,3,3,2,0.7883355092194889
soybean,6,5,phytophthora-rot,0.12845528455284552,0,0,17,0.7848128728570504
soybean,6,5,powdery-mildew,0.02926829268292683,0,0,0,0.9999646640811903
soybean,6,5,purple-seed-stain,0.02926829268292683,0,0,0,0.9999750751562415
soybean,6,5,rhizoctonia-root-rot,0.02926829268292683,0,0,0,0.9999997297348417
soybean,6,6,2-4-d-injury,0.024390243902439025,0,0,0,0.9999999999609791
soybean,6,6,alternarialeaf-spot,0.13333333333333333,0,0,0,0.9752095407723582
soybean,6,6,anthracnose,0.06341463414634146,0,0,0,0.9979320439343528
soybean,6,6,bacterial-blight,0.02926829268292683,0,0,0,0.9452867151199763
soybean,6,6,bacterial-pustule,0.02926829268292683,1,1,1,0.931672246377826
soybean,6,6,brown-spot,0.13495934959349593,7,6,12,0.8447343797904663
soybean,6,6,brown-stem-rot,0.06504065040650407,0,0,0,0.999991406807295
soybean,6,6,charcoal-rot,0.02926829268292683,0,0,0,0.9998744101381227
soybean,6,6,cyst-nematode,0.01951219512195122,0,0,0,0.9999999999999875
soybean,6,6,diaporthe-pod-&-stem-blight,0.022764227642276424,0,0,0,1.0
soybean,6,6,diaporthe-stem-canker,0.02926829268292683,0,0,0,0.9999981353533705
soybean,6,6,downy-mildew,0.02926829268292683,0,0,0,0.9999506198231622
soybean,6,6,frog-eye-leaf-spot,0.13333333333333333,23,18,24,0.7068661643521753
soybean,6,6,herbicide-injury,0.011382113821138212,0,0,0,0.9999999125154645
soybean,6,6,phyllosticta-leaf-spot,0.02926829268292683,1,1,2,0.8488403276911999
soybean,6,6,phytophthora-rot,0.12845528455284552,0,0,17,0.7848115731777742
soybean,6,6,powdery-mildew,0.02926829268292683,0,0,0,0.999988087973526
soybean,6,6,purple-seed-stain,0.02926829268292683,0,0,0,0.999963852345041
soybean,6,6,rhizoctonia-root-rot,0.02926829268292683,0,0,0,0.9999998430475991
soybean,6,7,2-4-d-injury,0.024390243902439025,0,0,0,0.9999999999557531
soybean,6,7,alternarialeaf-spot,0.13333333333333333,0,0,0,0.9694231429862746
soybean,6,7,anthracnose,0.06341463414634146,0,0,0,0.9993271587705649
soybean,6,7,bacterial-blight,0.02926829268292683,0,0,0,0.9515931338304695
soybean,6,7,bacterial-pustule,0.02926829268292683,1,0,1,0.9408046062265303
soybean,6,7,brown-spot,0.13495934959349593,8,7,13,0.8478054101005014
soybean,6,7,brown-stem-rot,0.06504065040650407,0,0,0,0.9999856582995006
soybean,6,7,charcoal-rot,0.02926829268292683,0,0,0,0.9998538084283717
soybean,6,7,cyst-nematode,0.01951219512195122,0,0,0,0.9999999999999863
soybean,6,7,diaporthe-pod-&-stem-blight,0.022764227642276424,0,0,0,1.0
soybean,6,7,diaporthe-stem-canker,0.02926829268292683,0,0,0,0.9999968323630561
soybean,6,7,downy-mildew,0.02926829268292683,0,0,0,0.9999288249151976
soybean,6,7,frog-eye-leaf-spot,0.13333333333333333,20,17,25,0.6967004053480799
soybean,6,7,herbicide-injury,0.011382113821138212,0,0,0,0.9999999270240226
soybean,6,7,phyllosticta-leaf-spot,0.02926829268292683,3,3,4,0.7596917086441543
soybean,6,7,phytophthora-rot,0.12845528455284552,0,0,20,0.7468807136803199
soybean,6,7,powdery-mildew,0.02926829268292683,0,0,0,0.9999825305023227
soybean,6,7,purple-seed-stain,0.02926829268292683,0,0,0,0.9999772663440767
soybean,6,7,rhizoctonia-root-rot,0.02926829268292683,0,0,0,0.9999999490564018
soybean,6,8,2-4-d-injury,0.024390243902439025,0,0,0,0.9999999998995822
soybean,6,8,alternarialeaf-spot,0.13170731707317074,3,1,0,0.9698341042494881
soybean,6,8,anthracnose,0.06504065040650407,0,0,0,0.9986930271140292
soybean,6,8,bacterial-blight,0.02926829268292683,0,0,0,0.938210622822387
soybean,6,8,bacterial-pustule,0.02926829268292683,1,1,1,0.94503500998359
soybean,6,8,brown-spot,0.13495934959349593,7,6,12,0.8477321543486005
soybean,6,8,brown-stem-rot,0.06341463414634146,0,0,0,0.9999900485437598
soybean,6,8,charcoal-rot,0.02926829268292683,0,0,0,0.9998510021537628
soybean,6,8,cyst-nematode,0.01951219512195122,0,0,0,0.9999999999999892
soybean,6,8,diaporthe-pod-&-stem-blight,0.022764227642276424,0,0,0,1.0
soybean,6,8,diaporthe-stem-canker,0.02926829268292683,0,0,0,0.9999987550498636
soybean,6,8,downy-mildew,0.02926829268292683,0,0,0,0.999905490081066
soybean,6,8,frog-eye-leaf-spot,0.13333333333333333,16,11,21,0.7413350924052858
soybean,6,8,herbicide-injury,0.011382113821138212,0,0,0,0.9999999490390338
soybean,6,8,phyllosticta-leaf-spot,0.02926829268292683,2,2,4,0.7702587797392272
soybean,6,8,phytophthora-rot,0.13008130081300814,0,0,18,0.7750061224121545
soybean,6,8,powdery-mildew,0.02926829268292683,0,0,0,0.9999848114607962
soybean,6,8,purple-seed-stain,0.02926829268292683,0,0,0,0.9999835908641082
soybean,6,8,rhizoctonia-root-rot,0.02926829268292683,0,0,0,0.9999999145355198
soybean,6,9,2-4-d-injury,0.022764227642276424,0,0,0,0.9999999999323733
soybean,6,9,alternarialeaf-spot,0.13333333333333333,0,0,0,0.9708304598572347
soybean,6,9,anthracnose,0.06504065040650407,0,0,0,0.9921394391981899
soybean,6,9,bacterial-blight,0.02926829268292683,0,0,0,0.9300953885943386
soybean,6,9,bacterial-pustule,0.02926829268292683,1,1,1,0.9161222386940872
soybean,6,9,brown-spot,0.13495934959349593,6,4,12,0.8466293386632173
soybean,6,9,brown-stem-rot,0.06341463414634146,0,0,0,0.999990775059624
soybean,6,9,charcoal-rot,0.02926829268292683,0,0,0,0.9998332804042954
soybean,6,9,cyst-nematode,0.02113821138211382,0,0,0,0.9999999999999921
soybean,6,9,diaporthe-pod-&-stem-blight,0.022764227642276424,0,0,0,1.0
soybean,6,9,diaporthe-stem-canker,0.02926829268292683,0,0,0,0.9999989358558664
soybean,6,9,downy-mildew,0.02926829268292683,0,0,0,0.9999532227184295
soybean,6,9,frog-eye-leaf-spot,0.13170731707317074,17,13,24,0.7023277068436278
soybean,6,9,herbicide-injury,0.011382113821138212,0,0,0,0.9999998744570548
soybean,6,9,phyllosticta-leaf-spot,0.02926829268292683,2,2,3,0.8204061005185103
soybean,6,9,phytophthora-rot,0.13008130081300814,0,0,19,0.7625082173283878
soybean,6,9,powdery-mildew,0.02926829268292683,0,0,0,0.9999800807502068
soybean,6,9,purple-seed-stain,0.02926829268292683,0,0,0,0.9999859151788733
soybean,6,9,rhizoctonia-root-rot,0.02926829268292683,0,0,0,0.9999999361100139
soybean,7,0,2-4-d-injury,0.02280130293159609,0,0,0,0.9999999999379747
soybean,7,0,alternarialeaf-spot,0.13355048859934854,0,0,0,0.9777936020615857
soybean,7,0,anthracnose,0.06514657980456026,0,0,0,0.9998218579268012
soybean,7,0,bacterial-blight,0.029315960912052116,0,0,0,0.9448367380794102
soybean,7,0,bacterial-pustule,0.029315960912052116,0,0,0,0.9741955362053937
soybean,7,0,brown-spot,0.13517915309446255,8,7,11,0.8468276801937599
soybean,7,0,brown-stem-rot,0.06351791530944625,0,0,0,0.9999887468843426
soybean,7,0,charcoal-rot,0.029315960912052116,0,0,0,0.9998664200220192
soybean,7,0,cyst-nematode,0.021172638436482084,0,0,0,0.9999999999999916
soybean,7,0,diaporthe-pod-&-stem-blight,0.021172638436482084,0,0,0,1.0
soybean,7,0,diaporthe-stem-canker,0.029315960912052116,0,0,0,0.999999013741708
soybean,7,0,downy-mildew,0.029315960912052116,0,0,0,0.9999149335748494
soybean,7,0,frog-eye-leaf-spot,0.13355048859934854,19,14,23,0.7160213348037691
soybean,7,0,herbicide-injury,0.011400651465798045,0,0,0,0.9999998807596603
soybean,7,0,phyllosticta-leaf-spot,0.029315960912052116,1,1,3,0.8296529443455153
soybean,7,0,phytophthora-rot,0.12866449511400652,0,0,19,0.7595094750648461
soybean,7,0,powdery-mildew,0.029315960912052116,0,0,0,0.9999815708373926
soybean,7,0,purple-seed-stain,0.029315960912052116,0,0,0,0.9999817275085255
soybean,7,0,rhizoctonia-root-rot,0.029315960912052116,0,0,0,0.999999876392357
soybean,7,1,2-4-d-injury,0.02280130293159609,0,0,0,0.9999999999349746
soybean,7,1,alternarialeaf-spot,0.13355048859934854,0,0,0,0.9703029934435333
soybean,7,1,anthracnose,0.06514657980456026,0,0,0,0.9969255286205915
soybean,7,1,bacterial-blight,0.029315960912052116,0,0,0,0.9294562809747422
soybean,7,1,bacterial-pustule,0.029315960912052116,1,1,1,0.9267671056943478
soybean,7,1,brown-spot,0.13517915309446255,8,6,13,0.8463424954811576
soybean,7,1,brown-stem-rot,0.06351791530944625,0,0,0,0.9999853567669711
soybean,7,1,charcoal-rot,0.029315960912052116,0,0,0,0.9998543889134629
soybean,7,1,cyst-nematode,0.021172638436482084,0,0,0,0.9999999999999893
soybean,7,1,diaporthe-pod-&-stem-blight,0.021172638436482084,0,0,0,1.0
soybean,7,1,diaporthe-stem-canker,0.029315960912052116,0,0,0,0.9999976848670502
soybean,7,1,downy-mildew,0.029315960912052116,0,0,0,0.9999033228438916
soybean,7,1,frog-eye-leaf-spot,0.13355048859934854,16,13,22,0.7297981550421299
soybean,7,1,herbicide-injury,0.011400651465798045,0,0,0,0.9999998949444133
soybean,7,1,phyllosticta-leaf-spot,0.029315960912052116,2,2,3,0.8260514434883759
soybean,7,1,phytophthora-rot,0.12866449511400652,0,0,19,0.7595068605054045
soybean,7,1,powdery-mildew,0.029315960912052116,0,0,0,0.9999825097868634
soybean,7,1,purple-seed-stain,0.029315960912052116,0,0,0,0.9999759370169795
soybean,7,1,rhizoctonia-root-rot,0.029315960912052116,0,0,0,0.99999993273489
soybean,7,2,2-4-d-injury,0.02280130293159609,0,0,0,0.999999999871415
soybean,7,2,alternarialeaf-spot,0.13355048859934854,0,0,0,0.9747184713040038
soybean,7,2,anthracnose,0.06514657980456026,0,0,0,0.9971923407503305
soybean,7,2,bacterial-blight,0.029315960912052116,0,0,0,0.9457036376852357
soybean,7,2,bacterial-pustule,0.029315960912052116,1,1,2,0.9039158064285792
soybean,7,2,brown-spot,0.13355048859934854,6,6,10,0.8678105982262775
soybean,7,2,brown-stem-rot,0.06514657980456026,0,0,0,0.9999908811623405
soybean,7,2,charcoal-rot,0.029315960912052116,0,0,0,0.9998019034473804
soybean,7,2,cyst-nematode,0.021172638436482084,0,0,0,0.9999999999999916
soybean,7,2,diaporthe-pod-&-stem-blight,0.021172638436482084,0,0,0,1.0
soybean,7,2,diaporthe-stem-canker,0.029315960912052116,0,0,0,0.999998042169935
soybean,7,2,downy-mildew,0.029315960912052116,0,0,0,0.9999300321403614
soybean,7,2,frog-eye-leaf-spot,0.13355048859934854,19,16,22,0.7331424688339977
soybean,7,2,herbicide-injury,0.011400651465798045,0,0,0,0.999999936862267
soybean,7,2,phyllosticta-leaf-spot,0.029315960912052116,3,3,4,0.7746428576725018
soybean,7,2,phytophthora-rot,0.12866449511400652,0,0,18,0.7721578485242687
soybean,7,2,powdery-mildew,0.029315960912052116,0,0,0,0.9999795859449588
soybean,7,2,purple-seed-stain,0.029315960912052116,0,0,0,0.9999770992431558
soybean,7,2,rhizoctonia-root-rot,0.029315960912052116,0,0,0,0.9999998943863366
soybean,7,3,2-4-d-injury,0.022764227642276424,0,0,0,0.9999999999054278
soybean,7,3,alternarialeaf-spot,0.13333333333333333,0,0,0,0.9692096371335153
soybean,7,3,anthracnose,0.06504065040650407,0,0,0,0.999125470675746
soybean,7,3,bacterial-blight,0.02926829268292683,0,0,0,0.9316518184198633
soybean,7,3,bacterial-pustule,0.02926829268292683,1,1,1,0.9320092855629911
soybean,7,3,brown-spot,0.13333333333333333,7,6,12,0.8463976936741597
soybean,7,3,brown-stem-rot,0.06504065040650407,0,0,0,0.9999914354364016
soybean,7,3,charcoal-rot,0.02926829268292683,0,0,0,0.9998497733875964
soybean,7,3,cyst-nematode,0.02113821138211382,0,0,0,0.9999999999999903
soybean,7,3,diaporthe-pod-&-stem-blight,0.02113821138211382,0,0,0,1.0
soybean,7,3,diaporthe-stem-canker,0.02926829268292683,0,0,0,0.9999974452274706
soybean,7,3,downy-mildew,0.02926829268292683,0,0,0,0.9998957771570309
soybean,7,3,frog-eye-leaf-spot,0.13333333333333333,18,15,23,0.7198136113335674
soybean,7,3,herbicide-injury,0.013008130081300813,0,0,0,0.9999999670214987
soybean,7,3,phyllosticta-leaf-spot,0.02926829268292683,3,3,5,0.7550699926812175
soybean,7,3,phytophthora-rot,0.12845528455284552,0,0,18,0.7721585638382857
soybean,7,3,powdery-mildew,0.02926829268292683,0,0,0,0.9999750364103319
soybean,7,3,purple-seed-stain,0.02926829268292683,0,0,0,0.9999815217669499
soybean,7,3,rhizoctonia-root-rot,0.02926829268292683,0,0,0,0.9999998619093754
soybean,7,4,2-4-d-injury,0.022764227642276424,0,0,0,0.9999999999138971
soybean,7,4,alternarialeaf-spot,0.13333333333333333,0,0,0,0.9731487092333931
soybean,7,4,anthracnose,0.06341463414634146,0,0,0,0.9978913388668573
soybean,7,4,bacterial-blight,0.02926829268292683,0,0,0,0.9372453726205754
soybean,7,4,bacterial-pustule,0.02926829268292683,1,1,1,0.9220130960829097
soybean,7,4,brown-spot,0.13495934959349593,6,5,10,0.8651646349852873
soybean,7,4,brown-stem-rot,0.06504065040650407,0,0,0,0.99999030506248
soybean,7,4,charcoal-rot,0.02926829268292683,0,0,0,0.9998549779958338
soybean,7,4,cyst-nematode,0.02113821138211382,0,0,0,0.9999999999999905
soybean,7,4,diaporthe-pod-&-stem-blight,0.02113821138211382,0,0,0,1.0
soybean,7,4,diaporthe-stem-canker,0.02926829268292683,0,0,0,0.9999981959577404
soybean,7,4,downy-mildew,0.02926829268292683,0,0,0,0.9999198952213868
soybean,7,4,frog-eye-leaf-spot,0.13333333333333333,19,16,22,0.727442320371426
soybean,7,4,herbicide-injury,0.013008130081300813,0,0,0,0.9999999724347297
soybean,7,4,phyllosticta-leaf-spot,0.02926829268292683,3,2,2,0.8331475171373761
soybean,7,4,phytophthora-rot,0.12845528455284552,0,0,18,0.7721581595792335
soybean,7,4,powdery-mildew,0.02926829268292683,0,0,0,0.9999794742940438
soybean,7,4,purple-seed-stain,0.02926829268292683,0,0,0,0.9999737567914584
soybean,7,4,rhizoctonia-root-rot,0.02926829268292683,0,0,0,0.9999998827769941
soybean,7,5,2-4-d-injury,0.024390243902439025,0,0,0,0.9999999999102201
soybean,7,5,alternarialeaf-spot,0.13333333333333333,0,0,0,0.9740388432918012
soybean,7,5,anthracnose,0.06341463414634146,0,0,0,0.998900782010719
soybean,7,5,bacterial-blight,0.02926829268292683,0,0,0,0.9546247238348047
soybean,7,5,bacterial-pustule,0.02926829268292683,1,1,1,0.9385405998590142
soybean,7,5,brown-spot,0.13495934959349593,7,6,13,0.8400121489124229
soybean,7,5,brown-stem-rot,0.06504065040650407,0,0,0,0.9999895261874758
soybean,7,5,charcoal-rot,0.02926829268292683,0,0,0,0.9998635385851092
soybean,7,5,cyst-nematode,0.01951219512195122,0,0,0,0.999999999999988
soybean,7,5,diaporthe-pod-&-stem-blight,0.022764227642276424,0,0,0,1.0
soybean,7,5,diaporthe-stem-canker,0.02926829268292683,0,0,0,0.9999974419778412
soybean,7,5,downy-mildew,0.02926829268292683,0,0,0,0.9999361709751776
soybean,7,5,frog-eye-leaf-spot,0.13333333333333333,19,15,23,0.7180366712632537
soybean,7,5,herbicide-injury,0.011382113821138212,0,0,0,0.999999948358574
soybean,7,5,phyllosticta-leaf-spot,0.02926829268292683,3,2,4,0.7685347321730496
soybean,7,5,phytophthora-rot,0.12845528455284552,0,0,16,0.7974691227491778
soybean,7,5,powdery-mildew,0.02926829268292683,0,0,0,0.9999857132325525
soybean,7,5,purple-seed-stain,0.02926829268292683,0,0,0,0.9999897116280493
soybean,7,5,rhizoctonia-root-rot,0.02926829268292683,0,0,0,0.9999999193650638
soybean,7,6,2-4-d-injury,0.024390243902439025,0,0,0,0.9999999999113452
soybean,7,6,alternarialeaf-spot,0.13333333333333333,0,0,0,0.9740418313469739
soybean,7,6,anthracnose,0.06341463414634146,0,0,0,0.999222122338713
soybean,7,6,bacterial-blight,0.02926829268292683,0,0,0,0.9372618926302222
soybean,7,6,bacterial-pustule,0.02926829268292683,0,0,1,0.9392532269577932
soybean,7,6,brown-spot,0.13495934959349593,7,6,12,0.8502856500425808
soybean,7,6,brown-stem-rot,0.06504065040650407,0,0,0,0.9999901525824775
soybean,7,6,charcoal-rot,0.02926829268292683,0,0,0,0.9998856885341433
soybean,7,6,cyst-nematode,0.01951219512195122,0,0,0,0.9999999999999912
soybean,7,6,diaporthe-pod-&-stem-blight,0.022764227642276424,0,0,0,1.0
soybean,7,6,diaporthe-stem-canker,0.02926829268292683,0,0,0,0.9999958832388993
soybean,7,6,downy-mildew,0.02926829268292683,0,0,0,0.9999312294694387
soybean,7,6,frog-eye-leaf-spot,0.13333333333333333,20,17,24,0.70835163235908
soybean,7,6,herbicide-injury,0.011382113821138212,0,0,0,0.999999944512307
soybean,7,6,phyllosticta-leaf-spot,0.02926829268292683,2,2,3,0.7893131732518195
soybean,7,6,phytophthora-rot,0.12845528455284552,0,0,19,0.7595243862949789
soybean,7,6,powdery-mildew,0.02926829268292683,0,0,0,0.9999805886710161
soybean,7,6,purple-seed-stain,0.02926829268292683,0,0,0,0.9999829874026014
soybean,7,6,rhizoctonia-root-rot,0.02926829268292683,0,0,0,0.999999976419504
soybean,7,7,2-4-d-injury,0.024390243902439025,0,0,0,0.99999999995137
soybean,7,7,alternarialeaf-spot,0.13333333333333333,0,0,0,0.9742609743923719
soybean,7,7,anthracnose,0.06341463414634146,0,0,0,0.989467257075801
soybean,7,7,bacterial-blight,0.02926829268292683,0,0,0,0.9372940899467986
soybean,7,7,bacterial-pustule,0.02926829268292683,1,1,1,0.9385189558268868
soybean,7,7,brown-spot,0.13495934959349593,6,5,12,0.8470361785279916
soybean,7,7,brown-stem-rot,0.06504065040650407,0,0,0,0.9999885640893418
soybean,7,7,charcoal-rot,0.02926829268292683,0,0,0,0.9998605432695312
soybean,7,7,cyst-nematode,0.01951219512195122,0,0,0,0.9999999999999876
soybean,7,7,diaporthe-pod-&-stem-blight,0.022764227642276424,0,0,0,1.0
soybean,7,7,diaporthe-stem-canker,0.02926829268292683,0,0,0,0.999999179908403
soybean,7,7,downy-mildew,0.02926829268292683,0,0,0,0.999936749119557
soybean,7,7,frog-eye-leaf-spot,0.13333333333333333,18,15,22,0.7291549244106803
soybean,7,7,herbicide-injury,0.011382113821138212,0,0,0,0.9999999075387667
soybean,7,7,phyllosticta-leaf-spot,0.02926829268292683,2,2,4,0.7822835054711176
soybean,7,7,phytophthora-rot,0.12845528455284552,0,0,18,0.7721574822987702
soybean,7,7,powdery-mildew,0.02926829268292683,0,0,0,0.9999855158392109
soybean,7,7,purple-seed-stain,0.02926829268292683,0,0,0,0.999985222238287
soybean,7,7,rhizoctonia-root-rot,0.02926829268292683,0,0,0,0.9999998688967496
soybean,7,8,2-4-d-injury,0.024390243902439025,0,0,0,0.9999999999068455
soybean,7,8,alternarialeaf-spot,0.13170731707317074,0,0,0,0.9686142132113754
soybean,7,8,anthracnose,0.06504065040650407,0,0,0,0.9975983294598407
soybean,7,8,bacterial-blight,0.02926829268292683,0,0,0,0.9550295708484379
soybean,7,8,bacterial-pustule,0.02926829268292683,0,0,1,0.946938334116184
soybean,7,8,brown-spot,0.13495934959349593,8,7,13,0.8411412777971571
soybean,7,8,brown-stem-rot,0.06341463414634146,0,0,0,0.9999883784327298
soybean,7,8,charcoal-rot,0.02926829268292683,0,0,0,0.9998537578914516
soybean,7,8,cyst-nematode,0.01951219512195122,0,0,0,0.9999999999999889
soybean,7,8,diaporthe-pod-&-stem-blight,0.022764227642276424,0,0,0,1.0
soybean,7,8,diaporthe-stem-canker,0.02926829268292683,0,0,0,0.9999985108827008
soybean,7,8,downy-mildew,0.02926829268292683,0,0,0,0.9999561330062146
soybean,7,8,frog-eye-leaf-spot,0.13333333333333333,21,19,22,0.7299231236191045
soybean,7,8,herbicide-injury,0.011382113821138212,0,0,0,0.9999999422446473
soybean,7,8,phyllosticta-leaf-spot,0.02926829268292683,2,2,4,0.7737876963443551
soybean,7,8,phytophthora-rot,0.13008130081300814,0,0,18,0.7750037870536527
soybean,7,8,powdery-mildew,0.02926829268292683,0,0,0,0.9999809995852458
soybean,7,8,purple-seed-stain,0.02926829268292683,0,0,0,0.9999797672162555
soybean,7,8,rhizoctonia-root-rot,0.02926829268292683,0,0,0,0.9999998915604293
soybean,7,9,2-4-d-injury,0.022764227642276424,0,0,0,0.9999999999294212
soybean,7,9,alternarialeaf-spot,0.13333333333333333,0,0,0,0.971963928586405
soybean,7,9,anthracnose,0.06504065040650407,0,0,0,0.9983449092463846
soybean,7,9,bacterial-blight,0.02926829268292683,0,0,0,0.9546155470668594
soybean,7,9,bacterial-pustule,0.02926829268292683,1,1,1,0.9372316266862296
soybean,7,9,brown-spot,0.13495934959349593,8,7,12,0.8435440939521424
soybean,7,9,brown-stem-rot,0.06341463414634146,0,0,0,0.9999887156414358
soybean,7,9,charcoal-rot,0.02926829268292683,0,0,0,0.9998541608919198
soybean,7,9,cyst-nematode,0.02113821138211382,0,0,0,0.9999999999999898
soybean,7,9,diaporthe-pod-&-stem-blight,0.022764227642276424,0,0,0,1.0
soybean,7,9,diaporthe-stem-canker,0.02926829268292683,0,0,0,0.9999973096335365
soybean,7,9,downy-mildew,0.02926829268292683,0,0,0,0.9999260139475078
soybean,7,9,frog-eye-leaf-spot,0.13170731707317074,15,12,22,0.7264263385141746
soybean,7,9,herbicide-injury,0.011382113821138212,0,0,0,0.999999927504887
soybean,7,9,phyllosticta-leaf-spot,0.02926829268292683,3,3,4,0.7822979047064924
soybean,7,9,phytophthora-rot,0.13008130081300814,0,0,17,0.7875019536018046
soybean,7,9,powdery-mildew,0.02926829268292683,0,0,0,0.9999764392965103
soybean,7,9,purple-seed-stain,0.02926829268292683,0,0,0,0.9999657107456924
soybean,7,9,rhizoctonia-root-rot,0.02926829268292683,0,0,0,0.9999999163376277
soybean,8,0,2-4-d-injury,0.02280130293159609,0,0,0,0.9999999998646748
soybean,8,0,alternarialeaf-spot,0.13355048859934854,0,0,0,0.9723724405573176
soybean,8,0,anthracnose,0.06514657980456026,0,0,0,0.9969693749981442
soybean,8,0,bacterial-blight,0.029315960912052116,0,0,0,0.9546044075596432
soybean,8,0,bacterial-pustule,0.029315960912052116,1,1,1,0.9236620753142812
soybean,8,0,brown-spot,0.13517915309446255,7,5,11,0.8553749395308358
soybean,8,0,brown-stem-rot,0.06351791530944625,0,0,0,0.9999879527857948
soybean,8,0,charcoal-rot,0.029315960912052116,0,0,0,0.999884757342454
soybean,8,0,cyst-nematode,0.021172638436482084,0,0,0,0.9999999999999912
soybean,8,0,diaporthe-pod-&-stem-blight,0.021172638436482084,0,0,0,1.0
soybean,8,0,diaporthe-stem-canker,0.029315960912052116,0,0,0,0.999998533809857
soybean,8,0,downy-mildew,0.029315960912052116,0,0,0,0.9999397487921458
soybean,8,0,frog-eye-leaf-spot,0.13355048859934854,18,15,20,0.7545245402861248
soybean,8,0,herbicide-injury,0.011400651465798045,0,0,0,0.9999999251126716
soybean,8,0,phyllosticta-leaf-spot,0.029315960912052116,2,2,4,0.7952416902618764
soybean,8,0,phytophthora-rot,0.12866449511400652,0,0,17,0.7848120468253597
soybean,8,0,powdery-mildew,0.029315960912052116,0,0,0,0.9999860095197606
soybean,8,0,purple-seed-stain,0.029315960912052116,0,0,0,0.9999815180459672
soybean,8,0,rhizoctonia-root-rot,0.029315960912052116,0,0,0,0.9999999340034906
soybean,8,1,2-4-d-injury,0.02280130293159609,0,0,0,0.9999999999324487
soybean,8,1,alternarialeaf-spot,0.13355048859934854,0,0,0,0.9746187797530924
soybean,8,1,anthracnose,0.06514657980456026,0,0,0,0.9982364871606592
soybean,8,1,bacterial-blight,0.029315960912052116,0,0,0,0.9193458960740958
soybean,8,1,bacterial-pustule,0.029315960912052116,0,0,1,0.9542642451406211
soybean,8,1,brown-spot,0.13517915309446255,6,5,10,0.87514534031508
soybean,8,1,brown-stem-rot,0.06351791530944625,0,0,0,0.9999869149348236
soybean,8,1,charcoal-rot,0.029315960912052116,0,0,0,0.9998163686167642
soybean,8,1,cyst-nematode,0.021172638436482084,0,0,0,0.9999999999999912
soybean,8,1,diaporthe-pod-&-stem-blight,0.021172638436482084,0,0,0,1.0
soybean,8,1,diaporthe-stem-canker,0.029315960912052116,0,0,0,0.9999976610274695
soybean,8,1,downy-mildew,0.029315960912052116,0,0,0,0.9999323014792587
soybean,8,1,frog-eye-leaf-spot,0.13355048859934854,20,15,24,0.7078570635507788
soybean,8,1,herbicide-injury,0.011400651465798045,0,0,0,0.9999998949412289
soybean,8,1,phyllosticta-leaf-spot,0.029315960912052116,2,2,4,0.7825498672326581
soybean,8,1,phytophthora-rot,0.12866449511400652,0,0,18,0.772160443348701
soybean,8,1,powdery-mildew,0.029315960912052116,0,0,0,0.9999767728161165
soybean,8,1,purple-seed-stain,0.029315960912052116,0,0,0,0.9999680133247865
soybean,8,1,rhizoctonia-root-rot,0.029315960912052116,0,0,0,0.999999959760319
soybean,8,2,2-4-d-injury,0.02280130293159609,0,0,0,0.999999999937861
soybean,8,2,alternarialeaf-spot,0.13355048859934854,0,0,0,0.9696944280181621
soybean,8,2,anthracnose,0.06514657980456026,0,0,0,0.998050110118573
soybean,8,2,bacterial-blight,0.029315960912052116,0,0,0,0.9451600524950029
soybean,8,2,bacterial-pustule,0.029315960912052116,1,1,1,0.9356157647957919
soybean,8,2,brown-spot,0.13355048859934854,7,6,10,0.8550734284470074
soybean,8,2,brown-stem-rot,0.06514657980456026,0,0,0,0.9999897934122602
soybean,8,2,charcoal-rot,0.029315960912052116,0,0,0,0.9998723277231226
soybean,8,2,cyst-nematode,0.021172638436482084,0,0,0,0.9999999999999892
soybean,8,2,diaporthe-pod-&-stem-blight,0.021172638436482084,0,0,0,1.0
soybean,8,2,diaporthe-stem-canker,0.029315960912052116,0,0,0,0.9999965219759641
soybean,8,2,downy-mildew,0.029315960912052116,0,0,0,0.9999303448634217
soybean,8,2,frog-eye-leaf-spot,0.13355048859934854,15,13,22,0.7347376001058873
soybean,8,2,herbicide-injury,0.011400651465798045,0,0,0,0.9999998744570536
soybean,8,2,phyllosticta-leaf-spot,0.029315960912052116,3,3,3,0.7865458591765575
soybean,8,2,phytophthora-rot,0.12866449511400652,0,0,19,0.7595091164794292
soybean,8,2,powdery-mildew,0.029315960912052116,0,0,0,0.9999867170976154
soybean,8,2,purple-seed-stain,0.029315960912052116,0,0,0,0.9999861372485461
soybean,8,2,rhizoctonia-root-rot,0.029315960912052116,0,0,0,0.9999998701518531
soybean,8,3,2-4-d-injury,0.022764227642276424,0,0,0,0.9999999999009883
soybean,8,3,alternarialeaf-spot,0.13333333333333333,0,0,0,0.9767168197852514
soybean,8,3,anthracnose,0.06504065040650407,0,0,0,0.9975977469340899
soybean,8,3,bacterial-blight,0.02926829268292683,0,0,0,0.949492559979769
soybean,8,3,bacterial-pustule,0.02926829268292683,0,0,2,0.9188920522902337
soybean,8,3,brown-spot,0.13333333333333333,7,6,13,0.8411066389222422
soybean,8,3,brown-stem-rot,0.06504065040650407,0,0,0,0.9999889324367824
soybean,8,3,charcoal-rot,0.02926829268292683,0,0,0,0.9998566069169124
soybean,8,3,cyst-nematode,0.02113821138211382,0,0,0,0.9999999999999925
soybean,8,3,diaporthe-pod-&-stem-blight,0.02113821138211382,0,0,0,1.0
soybean,8,3,diaporthe-stem-canker,0.02926829268292683,0,0,0,0.999998629359594
soybean,8,3,downy-mildew,0.02926829268292683,0,0,0,0.9999250068812537
soybean,8,3,frog-eye-leaf-spot,0.13333333333333333,18,15,23,0.7142429202857107
soybean,8,3,herbicide-injury,0.013008130081300813,0,0,0,0.9999999683329714
soybean,8,3,phyllosticta-leaf-spot,0.02926829268292683,2,2,4,0.7611732584736554
soybean,8,3,phytophthora-rot,0.12845528455284552,0,0,18,0.7721555573757711
soybean,8,3,powdery-mildew,0.02926829268292683,0,0,0,0.9999751279688108
soybean,8,3,purple-seed-stain,0.02926829268292683,0,0,0,0.9999824447979268
soybean,8,3,rhizoctonia-root-rot,0.02926829268292683,0,0,0,0.999999913403811
soybean,8,4,2-4-d-injury,0.022764227642276424,0,0,0,0.9999999999138972
soybean,8,4,alternarialeaf-spot,0.13333333333333333,0,0,0,0.9795915239956937
soybean,8,4,anthracnose,0.06341463414634146,0,0,0,0.9998307384092334
soybean,8,4,bacterial-blight,0.02926829268292683,0,0,0,0.9378568891470958
soybean,8,4,bacterial-pustule,0.02926829268292683,1,1,1,0.9078682783486559
soybean,8,4,brown-spot,0.13495934959349593,9,8,13,0.8368535096973618
soybean,8,4,brown-stem-rot,0.06504065040650407,0,0,0,0.9999900558938141
soybean,8,4,charcoal-rot,0.02926829268292683,0,0,0,0.9998383249858317
soybean,8,4,cyst-nematode,0.02113821138211382,0,0,0,0.9999999999999917
soybean,8,4,diaporthe-pod-&-stem-blight,0.02113821138211382,0,0,0,1.0
soybean,8,4,diaporthe-stem-canker,0.02926829268292683,0,0,0,0.9999991131245785
soybean,8,4,downy-mildew,0.02926829268292683,0,0,0,0.9999347998050853
soybean,8,4,frog-eye-leaf-spot,0.13333333333333333,20,17,23,0.7176205129582727
soybean,8,4,herbicide-injury,0.013008130081300813,0,0,0,0.9999999724347308
soybean,8,4,phyllosticta-leaf-spot,0.02926829268292683,2,2,3,0.7905564550775009
soybean,8,4,phytophthora-rot,0.12845528455284552,0,0,19,0.7595249861457516
soybean,8,4,powdery-mildew,0.02926829268292683,0,0,0,0.9999863483869613
soybean,8,4,purple-seed-stain,0.02926829268292683,0,0,0,0.9999820834459027
soybean,8,4,rhizoctonia-root-rot,0.02926829268292683,0,0,0,0.99999999164522
soybean,8,5,2-4-d-injury,0.024390243902439025,0,0,0,0.9999999999001028
soybean,8,5,alternarialeaf-spot,0.13333333333333333,0,0,0,0.9701723458526336
soybean,8,5,anthracnose,0.06341463414634146,0,0,0,0.9989676486331709
soybean,8,5,bacterial-blight,0.02926829268292683,0,0,0,0.9405364286289832
soybean,8,5,bacterial-pustule,0.02926829268292683,1,1,1,0.9478930061907226
soybean,8,5,brown-spot,0.13495934959349593,6,5,13,0.843190935026135
soybean,8,5,brown-stem-rot,0.06504065040650407,0,0,0,0.9999880172686165
soybean,8,5,charcoal-rot,0.02926829268292683,0,0,0,0.9998655448457705
soybean,8,5,cyst-nematode,0.01951219512195122,0,0,0,0.9999999999999898
soybean,8,5,diaporthe-pod-&-stem-blight,0.022764227642276424,0,0,0,1.0
soybean,8,5,diaporthe-stem-canker,0.02926829268292683,0,0,0,0.9999974311449663
soybean,8,5,downy-mildew,0.02926829268292683,0,0,0,0.9999216594698811
soybean,8,5,frog-eye-leaf-spot,0.13333333333333333,20,17,24,0.7062506250026142
soybean,8,5,herbicide-injury,0.011382113821138212,0,0,0,0.9999999510759336
soybean,8,5,phyllosticta-leaf-spot,0.02926829268292683,5,4,3,0.7998975527475338
soybean,8,5,phytophthora-rot,0.12845528455284552,0,0,16,0.7974687073554074
soybean,8,5,powdery-mildew,0.02926829268292683,0,0,0,0.9999834542712617
soybean,8,5,purple-seed-stain,0.02926829268292683,0,0,0,0.9999793373743238
soybean,8,5,rhizoctonia-root-rot,0.02926829268292683,0,0,0,0.9999998479093732
soybean,8,6,2-4-d-injury,0.024390243902439025,0,0,0,0.999999999953629
soybean,8,6,alternarialeaf-spot,0.13333333333333333,0,0,0,0.9759741173441261
soybean,8,6,anthracnose,0.06341463414634146,0,0,0,0.999183094778017
soybean,8,6,bacterial-blight,0.02926829268292683,0,0,0,0.959168188997462
soybean,8,6,bacterial-pustule,0.02926829268292683,0,0,0,0.9659562424555614
soybean,8,6,brown-spot,0.13495934959349593,8,7,11,0.8526107628756358
soybean,8,6,brown-stem-rot,0.06504065040650407,0,0,0,0.9999897272532818
soybean,8,6,charcoal-rot,0.02926829268292683,0,0,0,0.9998549077793792
soybean,8,6,cyst-nematode,0.01951219512195122,0,0,0,0.9999999999999881
soybean,8,6,diaporthe-pod-&-stem-blight,0.022764227642276424,0,0,0,1.0
soybean,8,6,diaporthe-stem-canker,0.02926829268292683,0,0,0,0.9999976790145326
soybean,8,6,downy-mildew,0.02926829268292683,0,0,0,0.9998966776295364
soybean,8,6,frog-eye-leaf-spot,0.13333333333333333,18,16,23,0.7182614808885849
soybean,8,6,herbicide-injury,0.011382113821138212,0,0,0,0.9999999303412717
soybean,8,6,phyllosticta-leaf-spot,0.02926829268292683,1,1,3,0.810722074484316
soybean,8,6,phytophthora-rot,0.12845528455284552,0,0,18,0.7721661969263749
soybean,8,6,powdery-mildew,0.02926829268292683,0,0,0,0.9999723711829138
soybean,8,6,purple-seed-stain,0.02926829268292683,0,0,0,0.9999852085552777
soybean,8,6,rhizoctonia-root-rot,0.02926829268292683,0,0,0,0.9999995252426981
soybean,8,7,2-4-d-injury,0.024390243902439025,0,0,0,0.9999999999107381
soybean,8,7,alternarialeaf-spot,0.13333333333333333,0,0,0,0.9683664001239816
soybean,8,7,anthracnose,0.06341463414634146,0,0,0,0.995788004715106
soybean,8,7,bacterial-blight,0.02926829268292683,0,0,0,0.9414116392194458
soybean,8,7,bacterial-pustule,0.02926829268292683,1,1,1,0.9304843445039145
soybean,8,7,brown-spot,0.13495934959349593,8,7,14,0.8359599401729639
soybean,8,7,brown-stem-rot,0.06504065040650407,0,0,0,0.9999892140517204
soybean,8,7,charcoal-rot,0.02926829268292683,0,0,0,0.9998512651730773
soybean,8,7,cyst-nematode,0.01951219512195122,0,0,0,0.9999999999999876
soybean,8,7,diaporthe-pod-&-stem-blight,0.022764227642276424,0,0,0,1.0
soybean,8,7,diaporthe-stem-canker,0.02926829268292683,0,0,0,0.9999987156513179
soybean,8,7,downy-mildew,0.02926829268292683,0,0,0,0.9999313249297734
soybean,8,7,frog-eye-leaf-spot,0.13333333333333333,21,18,22,0.7323411502504443
soybean,8,7,herbicide-injury,0.011382113821138212,0,0,0,0.9999999456367707
soybean,8,7,phyllosticta-leaf-spot,0.02926829268292683,3,3,4,0.7795876922656224
soybean,8,7,phytophthora-rot,0.12845528455284552,0,0,18,0.7721572030694804
soybean,8,7,powdery-mildew,0.02926829268292683,0,0,0,0.9999876498324277
soybean,8,7,purple-seed-stain,0.02926829268292683,0,0,0,0.9999699813135281
soybean,8,7,rhizoctonia-root-rot,0.02926829268292683,0,0,0,0.9999999174488851
soybean,8,8,2-4-d-injury,0.024390243902439025,0,0,0,0.9999999999134194
soybean,8,8,alternarialeaf-spot,0.13170731707317074,0,0,0,0.9689128309487424
soybean,8,8,anthracnose,0.06504065040650407,0,0,0,0.9979278146069243
soybean,8,8,bacterial-blight,0.02926829268292683,0,0,0,0.9291569519252464
soybean,8,8,bacterial-pustule,0.02926829268292683,1,1,1,0.9463311985040769
soybean,8,8,brown-spot,0.13495934959349593,8,6,11,0.8572878067664015
soybean,8,8,brown-stem-rot,0.06341463414634146,0,0,0,0.9999904632468065
soybean,8,8,charcoal-rot,0.02926829268292683,0,0,0,0.9998841389484685
soybean,8,8,cyst-nematode,0.01951219512195122,0,0,0,0.9999999999999885
soybean,8,8,diaporthe-pod-&-stem-blight,0.022764227642276424,0,0,0,1.0
soybean,8,8,diaporthe-stem-canker,0.02926829268292683,0,0,0,0.9999975356246384
soybean,8,8,downy-mildew,0.02926829268292683,0,0,0,0.9999147009733398
soybean,8,8,frog-eye-leaf-spot,0.13333333333333333,18,15,23,0.7205595704251375
soybean,8,8,herbicide-injury,0.011382113821138212,0,0,0,0.9999999445122982
soybean,8,8,phyllosticta-leaf-spot,0.02926829268292683,2,2,4,0.8025972859034094
soybean,8,8,phytophthora-rot,0.13008130081300814,0,0,19,0.7625108420851985
soybean,8,8,powdery-mildew,0.02926829268292683,0,0,0,0.9999785453191237
soybean,8,8,purple-seed-stain,0.02926829268292683,0,0,0,0.9999787327214756
soybean,8,8,rhizoctonia-root-rot,0.02926829268292683,0,0,0,0.9999998977234069
soybean,8,9,2-4-d-injury,0.022764227642276424,0,0,0,0.9999999999413127
soybean,8,9,alternarialeaf-spot,0.13333333333333333,1,0,0,0.9718930099957103
soybean,8,9,anthracnose,0.06504065040650407,0,0,0,0.9974681411459404
soybean,8,9,bacterial-blight,0.02926829268292683,0,0,0,0.9291758400594448
soybean,8,9,bacterial-pustule,0.02926829268292683,1,1,1,0.9340383782960977
soybean,8,9,brown-spot,0.13495934959349593,5,4,11,0.8456219897386086
soybean,8,9,brown-stem-rot,0.06341463414634146,0,0,0,0.9999909164877482
soybean,8,9,charcoal-rot,0.02926829268292683,0,0,0,0.9998275569756271
soybean,8,9,cyst-nematode,0.02113821138211382,0,0,0,0.9999999999999881
soybean,8,9,diaporthe-pod-&-stem-blight,0.022764227642276424,0,0,0,1.0
soybean,8,9,diaporthe-stem-canker,0.02926829268292683,0,0,0,0.9999974930728348
soybean,8,9,downy-mildew,0.02926829268292683,0,0,0,0.999941467501498
soybean,8,9,frog-eye-leaf-spot,0.13170731707317074,21,14,21,0.7352650851029952
soybean,8,9,herbicide-injury,0.011382113821138212,0,0,0,0.9999999075482247
soybean,8,9,phyllosticta-leaf-spot,0.02926829268292683,2,2,2,0.7918841562667898
soybean,8,9,phytophthora-rot,0.13008130081300814,0,0,18,0.7750056575484907
soybean,8,9,powdery-mildew,0.02926829268292683,0,0,0,0.9999729751583958
soybean,8,9,purple-seed-stain,0.02926829268292683,0,0,0,0.9999745615158068
soybean,8,9,rhizoctonia-root-rot,0.02926829268292683,0,0,0,0.9999998737689916
soybean,9,0,2-4-d-injury,0.02280130293159609,0,0,0,0.9999999998753347
soybean,9,0,alternarialeaf-spot,0.13355048859934854,3,2,0,0.9680381075396455
soybean,9,0,anthracnose,0.06514657980456026,0,0,0,0.9971954678587333
soybean,9,0,bacterial-blight,0.029315960912052116,0,0,0,0.9534314983272717
soybean,9,0,bacterial-pustule,0.029315960912052116,1,1,1,0.9482156997437445
soybean,9,0,brown-spot,0.13517915309446255,6,5,12,0.8464680293546274
soybean,9,0,brown-stem-rot,0.06351791530944625,0,0,0,0.999989694892414
soybean,9,0,charcoal-rot,0.029315960912052116,0,0,0,0.9998265409524643
soybean,9,0,cyst-nematode,0.021172638436482084,0,0,0,0.9999999999999891
soybean,9,0,diaporthe-pod-&-stem-blight,0.021172638436482084,0,0,0,1.0
soybean,9,0,diaporthe-stem-canker,0.029315960912052116,0,0,0,0.9999970456803451
soybean,9,0,downy-mildew,0.029315960912052116,0,0,0,0.9999090963548328
soybean,9,0,frog-eye-leaf-spot,0.13355048859934854,17,13,23,0.7202340223387721
soybean,9,0,herbicide-injury,0.011400651465798045,0,0,0,0.9999999423180138
soybean,9,0,phyllosticta-leaf-spot,0.029315960912052116,2,2,4,0.7659193960525004
soybean,9,0,phytophthora-rot,0.12866449511400652,0,0,18,0.7721549050168225
soybean,9,0,powdery-mildew,0.029315960912052116,0,0,0,0.9999902146240763
soybean,9,0,purple-seed-stain,0.029315960912052116,0,0,0,0.9999797702573692
soybean,9,0,rhizoctonia-root-rot,0.029315960912052116,0,0,0,0.9999998752898858
soybean,9,1,2-4-d-injury,0.02280130293159609,0,0,0,0.9999999999408127
soybean,9,1,alternarialeaf-spot,0.13355048859934854,0,0,0,0.9738981896639733
soybean,9,1,anthracnose,0.06514657980456026,0,0,0,0.9961659637443858
soybean,9,1,bacterial-blight,0.029315960912052116,0,0,0,0.9375099719084972
soybean,9,1,bacterial-pustule,0.029315960912052116,0,0,0,0.9650280240414268
soybean,9,1,brown-spot,0.13517915309446255,10,8,12,0.8531155688516932
soybean,9,1,brown-stem-rot,0.06351791530944625,0,0,0,0.9999885802517375
soybean,9,1,charcoal-rot,0.029315960912052116,0,0,0,0.9998292865275883
soybean,9,1,cyst-nematode,0.021172638436482084,0,0,0,0.9999999999999901
soybean,9,1,diaporthe-pod-&-stem-blight,0.021172638436482084,0,0,0,1.0
soybean,9,1,diaporthe-stem-canker,0.029315960912052116,0,0,0,0.9999994219669558
soybean,9,1,downy-mildew,0.029315960912052116,0,0,0,0.9998793621526045
soybean,9,1,frog-eye-leaf-spot,0.13355048859934854,17,15,22,0.7322300395454192
soybean,9,1,herbicide-injury,0.011400651465798045,0,0,0,0.9999998891643488
soybean,9,1,phyllosticta-leaf-spot,0.029315960912052116,3,3,3,0.7971821863590316
soybean,9,1,phytophthora-rot,0.12866449511400652,0,0,19,0.7595088135487342
soybean,9,1,powdery-mildew,0.029315960912052116,0,0,0,0.9999826683363587
soybean,9,1,purple-seed-stain,0.029315960912052116,0,0,0,0.9999854984375894
soybean,9,1,rhizoctonia-root-rot,0.029315960912052116,0,0,0,0.9999999331416853
soybean,9,2,2-4-d-injury,0.02280130293159609,0,0,0,0.9999999998668796
soybean,9,2,alternarialeaf-spot,0.13355048859934854,1,0,0,0.9713456388825472
soybean,9,2,anthracnose,0.06514657980456026,0,0,0,0.9995136517417981
soybean,9,2,bacterial-blight,0.029315960912052116,0,0,0,0.9434014054380288
soybean,9,2,bacterial-pustule,0.029315960912052116,1,1,1,0.9325328104054932
soybean,9,2,brown-spot,0.13355048859934854,8,6,12,0.8531059830995888
soybean,9,2,brown-stem-rot,0.06514657980456026,0,0,0,0.9999918707665666
soybean,9,2,charcoal-rot,0.029315960912052116,0,0,0,0.9998898989111331
soybean,9,2,cyst-nematode,0.021172638436482084,0,0,0,0.9999999999999905
soybean,9,2,diaporthe-pod-&-stem-blight,0.021172638436482084,0,0,0,1.0
soybean,9,2,diaporthe-stem-canker,0.029315960912052116,0,0,0,0.9999987564367127
soybean,9,2,downy-mildew,0.029315960912052116,0,0,0,0.9999386524760037
soybean,9,2,frog-eye-leaf-spot,0.13355048859934854,21,16,23,0.7171996076753222
soybean,9,2,herbicide-injury,0.011400651465798045,0,0,0,0.9999999380135716
soybean,9,2,phyllosticta-leaf-spot,0.029315960912052116,3,2,4,0.7804391894605383
soybean,9,2,phytophthora-rot,0.12866449511400652,0,0,18,0.7721641412664128
soybean,9,2,powdery-mildew,0.029315960912052116,0,0,0,0.9999759752540545
soybean,9,2,purple-seed-stain,0.029315960912052116,0,0,0,0.9999656211609587
soybean,9,2,rhizoctonia-root-rot,0.029315960912052116,0,0,0,0.9999999892979604
soybean,9,3,2-4-d-injury,0.022764227642276424,0,0,0,0.9999999998883243
soybean,9,3,alternarialeaf-spot,0.13333333333333333,0,0,0,0.9772962636941198
soybean,9,3,anthracnose,0.06504065040650407,0,0,0,0.9983664192501461
soybean,9,3,bacterial-blight,0.02926829268292683,0,0,0,0.9406243241136087
soybean,9,3,bacterial-pustule,0.02926829268292683,0,0,1,0.9512587966214547
soybean,9,3,brown-spot,0.13333333333333333,8,7,11,0.8569744585540074
soybean,9,3,brown-stem-rot,0.06504065040650407,0,0,0,0.9999897028033986
soybean,9,3,charcoal-rot,0.02926829268292683,0,0,0,0.9998708340323597
soybean,9,3,cyst-nematode,0.02113821138211382,0,0,0,0.9999999999999911
soybean,9,3,diaporthe-pod-&-stem-blight,0.02113821138211382,0,0,0,1.0
soybean,9,3,diaporthe-stem-canker,0.02926829268292683,0,0,0,0.99999815640617
soybean,9,3,downy-mildew,0.02926829268292683,0,0,0,0.9999306001996633
soybean,9,3,frog-eye-leaf-spot,0.13333333333333333,20,16,23,0.7180746438608123
soybean,9,3,herbicide-injury,0.013008130081300813,0,0,0,0.9999999709588314
soybean,9,3,phyllosticta-leaf-spot,0.02926829268292683,2,2,5,0.7702406924112698
soybean,9,3,phytophthora-rot,0.12845528455284552,0,0,17,0.7848147775790378
soybean,9,3,powdery-mildew,0.02926829268292683,0,0,0,0.9999819910554169
soybean,9,3,purple-seed-stain,0.02926829268292683,0,0,0,0.9999612661452849
soybean,9,3,rhizoctonia-root-rot,0.02926829268292683,0,0,0,0.999999681571857
soybean,9,4,2-4-d-injury,0.022764227642276424,0,0,0,0.9999999998962188
soybean,9,4,alternarialeaf-spot,0.13333333333333333,0,0,0,0.9668935153568194
soybean,9,4,anthracnose,0.06341463414634146,0,0,0,0.9971418568446371
soybean,9,4,bacterial-blight,0.02926829268292683,0,0,0,0.9331389047939633
soybean,9,4,bacterial-pustule,0.02926829268292683,1,1,1,0.9329066891377248
soybean,9,4,brown-spot,0.13495934959349593,7,6,10,0.8515646714597652
soybean,9,4,brown-stem-rot,0.06504065040650407,0,0,0,0.9999862572033631
soybean,9,4,charcoal-rot,0.02926829268292683,0,0,0,0.9998426317453065
soybean,9,4,cyst-nematode,0.02113821138211382,0,0,0,0.9999999999999919
soybean,9,4,diaporthe-pod-&-stem-blight,0.02113821138211382,0,0,0,1.0
soybean,9,4,diaporthe-stem-canker,0.02926829268292683,0,0,0,0.9999982543863367
soybean,9,4,downy-mildew,0.02926829268292683,0,0,0,0.9999322670693134
soybean,9,4,frog-eye-leaf-spot,0.13333333333333333,15,14,22,0.7274760529159562
soybean,9,4,herbicide-injury,0.013008130081300813,0,0,0,0.9999999675133195
soybean,9,4,phyllosticta-leaf-spot,0.02926829268292683,2,1,4,0.8006265905325347
soybean,9,4,phytophthora-rot,0.12845528455284552,0,0,18,0.7721578917485741
soybean,9,4,powdery-mildew,0.02926829268292683,0,0,0,0.9999889321325873
soybean,9,4,purple-seed-stain,0.02926829268292683,0,0,0,0.9999854408995762
soybean,9,4,rhizoctonia-root-rot,0.02926829268292683,0,0,0,0.99999987065525
soybean,9,5,2-4-d-injury,0.024390243902439025,0,0,0,0.9999999999148251
soybean,9,5,alternarialeaf-spot,0.13333333333333333,0,0,0,0.9764826634344324
soybean,9,5,anthracnose,0.06341463414634146,0,0,0,0.9982855986602248
soybean,9,5,bacterial-blight,0.02926829268292683,0,0,0,0.9285057812265948
soybean,9,5,bacterial-pustule,0.02926829268292683,1,1,2,0.914076265502287
soybean,9,5,brown-spot,0.13495934959349593,8,7,14,0.8346919617461165
soybean,9,5,brown-stem-rot,0.06504065040650407,0,0,0,0.9999818542935668
soybean,9,5,charcoal-rot,0.02926829268292683,0,0,0,0.9998544875170479
soybean,9,5,cyst-nematode,0.01951219512195122,0,0,0,0.9999999999999893
soybean,9,5,diaporthe-pod-&-stem-blight,0.022764227642276424,0,0,0,1.0
soybean,9,5,diaporthe-stem-canker,0.02926829268292683,0,0,0,0.9999983213769489
soybean,9,5,downy-mildew,0.02926829268292683,0,0,0,0.9999541551565527
soybean,9,5,frog-eye-leaf-spot,0.13333333333333333,21,17,23,0.721284015938985
soybean,9,5,herbicide-injury,0.011382113821138212,0,0,0,0.999999944511461
soybean,9,5,phyllosticta-leaf-spot,0.02926829268292683,3,3,4,0.790043747939582
soybean,9,5,phytophthora-rot,0.12845528455284552,0,0,20,0.7468630067849946
soybean,9,5,powdery-mildew,0.02926829268292683,0,0,0,0.9999549090787946
soybean,9,5,purple-seed-stain,0.02926829268292683,0,0,0,0.9999679442757137
soybean,9,5,rhizoctonia-root-rot,0.02926829268292683,0,0,0,0.9999998886124124
soybean,9,6,2-4-d-injury,0.024390243902439025,0,0,0,0.9999999999055512
soybean,9,6,alternarialeaf-spot,0.13333333333333333,0,0,0,0.9700715582586446
soybean,9,6,anthracnose,0.06341463414634146,0,0,0,0.995581520573129
soybean,9,6,bacterial-blight,0.02926829268292683,0,0,0,0.924258554070194
soybean,9,6,bacterial-pustule,0.02926829268292683,1,1,1,0.9293182597129765
soybean,9,6,brown-spot,0.13495934959349593,5,4,11,0.8562710012511111
soybean,9,6,brown-stem-rot,0.06504065040650407,0,0,0,0.9999845238772347
soybean,9,6,charcoal-rot,0.02926829268292683,0,0,0,0.9998527048661718
soybean,9,6,cyst-nematode,0.01951219512195122,0,0,0,0.9999999999999888
soybean,9,6,diaporthe-pod-&-stem-blight,0.022764227642276424,0,0,0,1.0
soybean,9,6,diaporthe-stem-canker,0.02926829268292683,0,0,0,0.9999986458595446
soybean,9,6,downy-mildew,0.02926829268292683,0,0,0,0.999925964432031
soybean,9,6,frog-eye-leaf-spot,0.13333333333333333,14,11,22,0.7309997085742472
soybean,9,6,herbicide-injury,0.011382113821138212,0,0,0,0.9999999537892278
soybean,9,6,phyllosticta-leaf-spot,0.02926829268292683,4,3,3,0.7969680846144356
soybean,9,6,phytophthora-rot,0.12845528455284552,0,0,17,0.7848141133296921
soybean,9,6,powdery-mildew,0.02926829268292683,0,0,0,0.9999818440082271
soybean,9,6,purple-seed-stain,0.02926829268292683,0,0,0,0.99998831384487
soybean,9,6,rhizoctonia-root-rot,0.02926829268292683,0,0,0,0.999999817280867
soybean,9,7,2-4-d-injury,0.024390243902439025,0,0,0,0.9999999999540276
soybean,9,7,alternarialeaf-spot,0.13333333333333333,0,0,0,0.9728061607288139
soybean,9,7,anthracnose,0.06341463414634146,0,0,0,0.9993896025648462
soybean,9,7,bacterial-blight,0.02926829268292683,0,0,0,0.9656082939538437
soybean,9,7,bacterial-pustule,0.02926829268292683,1,1,1,0.9193079946709035
soybean,9,7,brown-spot,0.13495934959349593,8,7,12,0.8402337363825844
soybean,9,7,brown-stem-rot,0.06504065040650407,0,0,0,0.9999911480982518
soybean,9,7,charcoal-rot,0.02926829268292683,0,0,0,0.9998848466791189
soybean,9,7,cyst-nematode,0.01951219512195122,0,0,0,0.9999999999999898
soybean,9,7,diaporthe-pod-&-stem-blight,0.022764227642276424,0,0,0,1.0
soybean,9,7,diaporthe-stem-canker,0.02926829268292683,0,0,0,0.9999960478689592
soybean,9,7,downy-mildew,0.02926829268292683,0,0,0,0.999952081222732
soybean,9,7,frog-eye-leaf-spot,0.13333333333333333,18,15,21,0.7454842229122305
soybean,9,7,herbicide-injury,0.011382113821138212,0,0,0,0.9999999009066355
soybean,9,7,phyllosticta-leaf-spot,0.02926829268292683,2,2,4,0.8201665841449698
soybean,9,7,phytophthora-rot,0.12845528455284552,0,0,17,0.7848110867232331
soybean,9,7,powdery-mildew,0.02926829268292683,0,0,0,0.9999767607262994
soybean,9,7,purple-seed-stain,0.02926829268292683,0,0,0,0.9999789477304657
soybean,9,7,rhizoctonia-root-rot,0.02926829268292683,0,0,0,0.9999998974345145
soybean,9,8,2-4-d-injury,0.024390243902439025,0,0,0,0.9999999999628942
soybean,9,8,alternarialeaf-spot,0.13170731707317074,0,0,0,0.9766248065032024
soybean,9,8,anthracnose,0.06504065040650407,0,0,0,0.9988390613638257
soybean,9,8,bacterial-blight,0.02926829268292683,0,0,0,0.9423161002845105
soybean,9,8,bacterial-pustule,0.02926829268292683,0,0,1,0.924398290434723
soybean,9,8,brown-spot,0.13495934959349593,8,6,12,0.8492284380753131
soybean,9,8,brown-stem-rot,0.06341463414634146,0,0,0,0.9999857247718987
soybean,9,8,charcoal-rot,0.02926829268292683,0,0,0,0.9998631203473788
soybean,9,8,cyst-nematode,0.01951219512195122,0,0,0,0.9999999999999875
soybean,9,8,diaporthe-pod-&-stem-blight,0.022764227642276424,0,0,0,1.0
soybean,9,8,diaporthe-stem-canker,0.02926829268292683,0,0,0,0.9999970348768021
soybean,9,8,downy-mildew,0.02926829268292683,0,0,0,0.999833336018799
soybean,9,8,frog-eye-leaf-spot,0.13333333333333333,18,15,23,0.717445045012416
soybean,9,8,herbicide-injury,0.011382113821138212,0,0,0,0.9999999148651524
soybean,9,8,phyllosticta-leaf-spot,0.02926829268292683,2,2,4,0.7836291655558362
soybean,9,8,phytophthora-rot,0.13008130081300814,0,0,18,0.7750049676536283
soybean,9,8,powdery-mildew,0.02926829268292683,0,0,0,0.9999767016432902
soybean,9,8,purple-seed-stain,0.02926829268292683,0,0,0,0.99997375950109
soybean,9,8,rhizoctonia-root-rot,0.02926829268292683,0,0,0,0.9999999298393512
soybean,9,9,2-4-d-injury,0.022764227642276424,0,0,0,0.9999999999345347
soybean,9,9,alternarialeaf-spot,0.13333333333333333,0,0,0,0.9761010880387269
soybean,9,9,anthracnose,0.06504065040650407,0,0,0,0.9986944064620331
soybean,9,9,bacterial-blight,0.02926829268292683,0,0,0,0.9415581380083273
soybean,9,9,bacterial-pustule,0.02926829268292683,1,1,1,0.9453424968714705
soybean,9,9,brown-spot,0.13495934959349593,6,5,10,0.8627909905744113
soybean,9,9,brown-stem-rot,0.06341463414634146,0,0,0,0.9999911645579878
soybean,9,9,charcoal-rot,0.02926829268292683,0,0,0,0.9998304988822526
soybean,9,9,cyst-nematode,0.02113821138211382,0,0,0,0.9999999999999905
soybean,9,9,diaporthe-pod-&-stem-blight,0.022764227642276424,0,0,0,1.0
soybean,9,9,diaporthe-stem-canker,0.02926829268292683,0,0,0,0.9999964686246076
soybean,9,9,downy-mildew,0.02926829268292683,0,0,0,0.9999376315183667
soybean,9,9,frog-eye-leaf-spot,0.13170731707317074,17,14,23,0.7145619311247436
soybean,9,9,herbicide-injury,0.011382113821138212,0,0,0,0.9999998704307719
soybean,9,9,phyllosticta-leaf-spot,0.02926829268292683,3,3,4,0.802551179355867
soybean,9,9,phytophthora-rot,0.13008130081300814,0,0,18,0.7750049859489845
soybean,9,9,powdery-mildew,0.02926829268292683,0,0,0,0.9999813029738268
soybean,9,9,purple-seed-stain,0.02926829268292683,0,0,0,0.9999891434495995
soybean,9,9,rhizoctonia-root-rot,0.02926829268292683,0,0,0,0.9999998941615983
vote,0,0,democrat,0.6138107416879796,5,5,25,0.8958661762764147
vote,0,0,republican,0.38618925831202044,5,5,11,0.9256848644049931
vote,0,1,democrat,0.6138107416879796,7,7,23,0.9010099121009832
vote,0,1,republican,0.38618925831202044,6,6,10,0.9276883473906118
vote,0,2,democrat,0.6138107416879796,7,7,26,0.8909204753440221
vote,0,2,republican,0.38618925831202044,6,6,12,0.9187530168187349
vote,0,3,democrat,0.6138107416879796,11,11,25,0.8955462640522144
vote,0,3,republican,0.38618925831202044,5,5,10,0.9239777584915723
vote,0,4,democrat,0.6138107416879796,12,12,26,0.8894614696895269
vote,0,4,republican,0.38618925831202044,3,3,11,0.9251369117181533
vote,0,5,democrat,0.6147959183673469,8,8,27,0.8879913314344443
vote,0,5,republican,0.3852040816326531,6,6,10,0.9250003646420436
vote,0,6,democrat,0.6147959183673469,6,6,25,0.8945498375244317
vote,0,6,republican,0.3852040816326531,5,5,10,0.921111879167506
vote,0,7,democrat,0.6147959183673469,11,11,27,0.8890243864723668
vote,0,7,republican,0.3852040816326531,5,5,12,0.914798763018018
vote,0,8,democrat,0.6122448979591837,6,6,27,0.8891273251022798
vote,0,8,republican,0.3877551020408163,7,7,12,0.9198831172149625
vote,0,9,democrat,0.6122448979591837,8,8,27,0.8887996163878163
vote,0,9,republican,0.3877551020408163,5,5,10,0.9295496787894006
vote,1,0,democrat,0.6138107416879796,7,7,25,0.8956038080210682
vote,1,0,republican,0.38618925831202044,6,6,12,0.921585038679123
vote,1,1,democrat,0.6138107416879796,7,7,26,0.8908744740447727
vote,1,1,republican,0.38618925831202044,6,6,11,0.9179086961255564
vote,1,2,democrat,0.6138107416879796,11,11,25,0.8962784973232385
vote,1,2,republican,0.38618925831202044,6,6,12,0.9234760899807226
vote,1,3,democrat,0.6138107416879796,11,11,25,0.8957454710658895
vote,1,3,republican,0.38618925831202044,5,5,9,0.9285743336567531
vote,1,4,democrat,0.6138107416879796,7,7,28,0.8843188566376773
vote,1,4,republican,0.38618925831202044,6,6,12,0.9164246790395972
vote,1,5,democrat,0.6147959183673469,8,8,24,0.8979866088771855
vote,1,5,republican,0.3852040816326531,4,4,9,0.9401885722714196
vote,1,6,democrat,0.6147959183673469,8,8,27,0.886662045348824
vote,1,6,republican,0.3852040816326531,6,6,12,0.9170428602425164
vote,1,7,democrat,0.6147959183673469,8,8,25,0.894133751875512
vote,1,7,republican,0.3852040816326531,5,5,12,0.9166366198271865
vote,1,8,democrat,0.6122448979591837,6,6,26,0.8922436659657133
vote,1,8,republican,0.3877551020408163,6,6,12,0.9213826963394113
vote,1,9,democrat,0.6122448979591837,7,7,26,0.8883476019130332
vote,1,9,republican,0.3877551020408163,5,5,10,0.9284604977219754
vote,2,0,democrat,0.6138107416879796,12,12,24,0.8977843863444354
vote,2,0,republican,0.38618925831202044,6,6,10,0.9225654155179207
vote,2,1,democrat,0.6138107416879796,8,8,26,0.8885649832050807
vote,2,1,republican,0.38618925831202044,7,7,12,0.9177236935025868
vote,2,2,democrat,0.6138107416879796,8,8,27,0.8893793419347535
vote,2,2,republican,0.38618925831202044,6,6,12,0.9175530660797113
vote,2,3,democrat,0.6138107416879796,5,5,27,0.8874673834685946
vote,2,3,republican,0.38618925831202044,5,5,13,0.9181954429438741
vote,2,4,democrat,0.6138107416879796,8,8,28,0.8843275285118574
vote,2,4,republican,0.38618925831202044,6,6,13,0.9133881058026789
vote,2,5,democrat,0.6147959183673469,11,11,25,0.8957182042167342
vote,2,5,republican,0.3852040816326531,5,5,12,0.9214883183151591
vote,2,6,democrat,0.6147959183673469,7,7,28,0.8842368765966374
vote,2,6,republican,0.3852040816326531,4,4,9,0.933105659506932
vote,2,7,democrat,0.6147959183673469,6,6,26,0.8925525016550955
vote,2,7,republican,0.3852040816326531,4,4,8,0.9382495163613193
vote,2,8,democrat,0.6122448979591837,10,10,23,0.9021748558582857
vote,2,8,republican,0.3877551020408163,5,5,10,0.9252923922037016
vote,2,9,democrat,0.6122448979591837,6,6,23,0.9011795096444928
vote,2,9,republican,0.3877551020408163,4,4,10,0.9255434585478707
vote,3,0,democrat,0.6138107416879796,6,6,24,0.899151117785716
vote,3,0,republican,0.38618925831202044,6,6,11,0.9201464219487321
vote,3,1,democrat,0.6138107416879796,8,8,25,0.8914913397691209
vote,3,1,republican,0.38618925831202044,6,6,12,0.920410028537948
vote,3,2,democrat,0.6138107416879796,8,8,27,0.8870316350763441
vote,3,2,republican,0.38618925831202044,6,6,11,0.9201758165632216
vote,3,3,democrat,0.6138107416879796,6,6,25,0.8979666657733678
vote,3,3,republican,0.38618925831202044,3,3,10,0.9343001081521563
vote,3,4,democrat,0.6138107416879796,7,7,25,0.896944089445562
vote,3,4,republican,0.38618925831202044,6,6,7,0.9403708941163849
vote,3,5,democrat,0.6147959183673469,8,8,26,0.8929401747755216
vote,3,5,republican,0.3852040816326531,6,6,11,0.9178978784910133
vote,3,6,democrat,0.6147959183673469,7,7,27,0.8882184077842397
vote,3,6,republican,0.3852040816326531,6,6,10,0.9212603758807529
vote,3,7,democrat,0.6147959183673469,8,8,25,0.8921006509598156
vote,3,7,republican,0.3852040816326531,6,6,12,0.9226489066408842
vote,3,8,democrat,0.6122448979591837,7,7,26,0.8907478853022552
vote,3,8,republican,0.3877551020408163,5,5,11,0.9210982150419741
vote,3,9,democrat,0.6122448979591837,8,8,27,0.8866688231266526
vote,3,9,republican,0.3877551020408163,6,6,12,0.9135909480811736
vote,4,0,democrat,0.6138107416879796,13,13,26,0.8904400818079893
vote,4,0,republican,0.38618925831202044,5,5,10,0.9273425963104804
vote,4,1,democrat,0.6138107416879796,6,6,26,0.8892041102969412
vote,4,1,republican,0.38618925831202044,7,7,11,0.9189954858845415
vote,4,2,democrat,0.6138107416879796,6,6,24,0.8940355952936464
vote,4,2,republican,0.38618925831202044,4,4,9,0.9331499664254436
vote,4,3,democrat,0.6138107416879796,7,7,26,0.8911896878051346
vote,4,3,republican,0.38618925831202044,6,6,11,0.9188629170051722
vote,4,4,democrat,0.6138107416879796,10,10,23,0.9016311424023369
vote,4,4,republican,0.38618925831202044,6,6,11,0.9225644582791215
vote,4,5,democrat,0.6147959183673469,7,7,27,0.889871173957147
vote,4,5,republican,0.3852040816326531,6,6,13,0.9158073652950377
vote,4,6,democrat,0.6147959183673469,8,8,27,0.8871234158009441
vote,4,6,republican,0.3852040816326531,5,5,10,0.9294572682622819
vote,4,7,democrat,0.6147959183673469,12,12,26,0.892117192636478
vote,4,7,republican,0.3852040816326531,7,7,11,0.9234804407176116
vote,4,8,democrat,0.6122448979591837,7,7,23,0.9032301842198487
vote,4,8,republican,0.3877551020408163,4,4,9,0.9284887966095876
vote,4,9,democrat,0.6122448979591837,6,6,27,0.8856249052198766
vote,4,9,republican,0.3877551020408163,6,6,13,0.9168341442043931
vote,5,0,democrat,0.6138107416879796,9,9,25,0.8959514918108232
vote,5,0,republican,0.38618925831202044,6,6,11,0.9190112062867115
vote,5,1,democrat,0.6138107416879796,7,7,26,0.8888771076954973
vote,5,1,republican,0.38618925831202044,7,7,13,0.9155729856152938
vote,5,2,democrat,0.6138107416879796,8,8,25,0.8936881200089367
vote,5,2,republican,0.38618925831202044,5,5,11,0.9247534642052193
vote,5,3,democrat,0.6138107416879796,8,8,28,0.8824139451323987
vote,5,3,republican,0.38618925831202044,6,6,10,0.927409877647497
vote,5,4,democrat,0.6138107416879796,6,6,27,0.8902527838006632
vote,5,4,republican,0.38618925831202044,5,5,12,0.9192234303171247
vote,5,5,democrat,0.6147959183673469,6,6,26,0.8921570594826973
vote,5,5,republican,0.3852040816326531,5,5,10,0.9250378461204783
vote,5,6,democrat,0.6147959183673469,12,12,25,0.8939803927154851
vote,5,6,republican,0.3852040816326531,5,5,10,0.9278451770938454
vote,5,7,democrat,0.6147959183673469,8,8,26,0.8908610224590631
vote,5,7,republican,0.3852040816326531,5,5,11,0.9252485825846477
vote,5,8,democrat,0.6122448979591837,11,11,23,0.8993840576488364
vote,5,8,republican,0.3877551020408163,4,4,11,0.9283345968395554
vote,5,9,democrat,0.6122448979591837,6,6,25,0.8968421706863455
vote,5,9,republican,0.3877551020408163,6,6,11,0.9183217217342956
vote,6,0,democrat,0.6138107416879796,12,12,25,0.8901392194704493
vote,6,0,republican,0.38618925831202044,6,6,10,0.9248895415503717
vote,6,1,democrat,0.6138107416879796,7,7,26,0.8927812268753523
vote,6,1,republican,0.38618925831202044,6,6,10,0.9271822766765527
vote,6,2,democrat,0.6138107416879796,8,8,25,0.8943053361806846
vote,6,2,republican,0.38618925831202044,6,6,13,0.9169608095976208
vote,6,3,democrat,0.6138107416879796,7,7,26,0.8926650189362852
vote,6,3,republican,0.38618925831202044,6,6,12,0.9237020183514514
vote,6,4,democrat,0.6138107416879796,5,5,26,0.8954758405149711
vote,6,4,republican,0.38618925831202044,5,5,11,0.926063443193729
vote,6,5,democrat,0.6147959183673469,8,8,28,0.8833457664759473
vote,6,5,republican,0.3852040816326531,6,6,10,0.9232184582427946
vote,6,6,democrat,0.6147959183673469,6,6,25,0.8963172021867337
vote,6,6,republican,0.3852040816326531,6,6,10,0.923318886818228
vote,6,7,democrat,0.6147959183673469,7,7,25,0.8939541457637513
vote,6,7,republican,0.3852040816326531,4,4,10,0.9291380285108243
vote,6,8,democrat,0.6122448979591837,7,7,28,0.8842426788725679
vote,6,8,republican,0.3877551020408163,6,6,13,0.9165567301294139
vote,6,9,democrat,0.6122448979591837,6,6,25,0.8979077386067726
vote,6,9,republican,0.3877551020408163,4,4,11,0.9248052236479932
vote,7,0,democrat,0.6138107416879796,7,7,24,0.8988903167111857
vote,7,0,republican,0.38618925831202044,3,3,9,0.9358942102812047
vote,7,1,democrat,0.6138107416879796,6,6,27,0.8896669593403789
vote,7,1,republican,0.38618925831202044,5,5,10,0.9263767670911696
vote,7,2,democrat,0.6138107416879796,8,8,26,0.8905723086873103
vote,7,2,republican,0.38618925831202044,5,5,11,0.9211412870185246
vote,7,3,democrat,0.6138107416879796,8,8,28,0.8838073651178819
vote,7,3,republican,0.38618925831202044,5,5,11,0.9178252593316499
vote,7,4,democrat,0.6138107416879796,8,8,27,0.8884479621311965
vote,7,4,republican,0.38618925831202044,6,6,12,0.9205072588972761
vote,7,5,democrat,0.6147959183673469,5,5,25,0.8973678970978213
vote,7,5,republican,0.3852040816326531,6,6,10,0.9209642264329992
vote,7,6,democrat,0.6147959183673469,11,11,24,0.8957729001635595
vote,7,6,republican,0.3852040816326531,6,6,11,0.9220533480025408
vote,7,7,democrat,0.6147959183673469,7,7,23,0.9014848604730022
vote,7,7,republican,0.3852040816326531,6,6,9,0.9253012515977154
vote,7,8,democrat,0.6122448979591837,7,7,28,0.8839851317765405
vote,7,8,republican,0.3877551020408163,5,5,11,0.921477193567765
vote,7,9,democrat,0.6122448979591837,7,7,25,0.8944910704673964
vote,7,9,republican,0.3877551020408163,6,6,10,0.9244303628152196
vote,8,0,democrat,0.6138107416879796,8,8,27,0.887189853004912
vote,8,0,republican,0.38618925831202044,6,6,12,0.9164988337079627
vote,8,1,democrat,0.6138107416879796,11,11,25,0.8932596690697588
vote,8,1,republican,0.38618925831202044,5,5,11,0.9210684803293805
vote,8,2,democrat,0.6138107416879796,6,6,27,0.8883470810014953
vote,8,2,republican,0.38618925831202044,5,5,12,0.9178193702921238
vote,8,3,democrat,0.6138107416879796,7,7,24,0.8973462149399598
vote,8,3,republican,0.38618925831202044,6,6,10,0.928131702358305
vote,8,4,democrat,0.6138107416879796,10,10,25,0.8966928955611678
vote,8,4,republican,0.38618925831202044,6,6,11,0.9260531764281904
vote,8,5,democrat,0.6147959183673469,7,7,25,0.892972820013603
vote,8,5,republican,0.3852040816326531,5,5,11,0.923707521339228
vote,8,6,democrat,0.6147959183673469,10,10,24,0.8982002016247594
vote,8,6,republican,0.3852040816326531,3,3,10,0.9333541434543103
vote,8,7,democrat,0.6147959183673469,8,8,26,0.8907502585450616
vote,8,7,republican,0.3852040816326531,6,6,11,0.917002893712302
vote,8,8,democrat,0.6122448979591837,7,7,27,0.887588858712297
vote,8,8,republican,0.3877551020408163,6,6,10,0.9287794623618161
vote,8,9,democrat,0.6122448979591837,7,7,26,0.8893292733248229
vote,8,9,republican,0.3877551020408163,6,6,12,0.9219621365706577
vote,9,0,democrat,0.6138107416879796,7,7,28,0.8824354721909451
vote,9,0,republican,0.38618925831202044,5,5,10,0.9218310586260026
vote,9,1,democrat,0.6138107416879796,11,11,25,0.8947170593212289
vote,9,1,republican,0.38618925831202044,5,5,11,0.9211719427753435
vote,9,2,democrat,0.6138107416879796,8,8,24,0.8963698063721643
vote,9,2,republican,0.38618925831202044,7,7,12,0.9182507803834704
vote,9,3,democrat,0.6138107416879796,10,10,26,0.8898124573822468
vote,9,3,republican,0.38618925831202044,7,7,12,0.9153011496302511
vote,9,4,democrat,0.6138107416879796,7,7,25,0.8959371347517968
vote,9,4,republican,0.38618925831202044,5,5,11,0.926459047471815
vote,9,5,democrat,0.6147959183673469,7,7,26,0.8907643400536736
vote,9,5,republican,0.3852040816326531,5,5,13,0.9192999755719007
vote,9,6,democrat,0.6147959183673469,5,5,23,0.9000586665761475
vote,9,6,republican,0.3852040816326531,6,6,11,0.9218528576112974
vote,9,7,democrat,0.6147959183673469,7,7,27,0.888335348453214
vote,9,7,republican,0.3852040816326531,4,4,9,0.9332317287568666
vote,9,8,democrat,0.6122448979591837,7,7,25,0.8931835233436988
vote,9,8,republican,0.3877551020408163,7,7,11,0.9220883217828643
vote,9,9,democrat,0.6122448979591837,8,8,26,0.8916141243105885
vote,9,9,republican,0.3877551020408163,6,6,10,0.9295351661909013
image-segmentation,0,0,BRICKFACE,0.14285714285714285,0,0,10,0.9538564372734154
image-segmentation,0,0,CEMENT,0.14285714285714285,22,7,44,0.8537686349949624
image-segmentation,0,0,FOLIAGE,0.14285714285714285,43,39,245,0.1778456230297563
image-segmentation,0,0,GRASS,0.14285714285714285,2,0,6,0.9799293966309751
image-segmentation,0,0,PATH,0.14285714285714285,0,0,12,0.9530584265762045
image-segmentation,0,0,SKY,0.14285714285714285,0,0,1,0.9966329966329966
image-segmentation,0,0,WINDOW,0.14285714285714285,26,24,84,0.7059025814302065
image-segmentation,0,1,BRICKFACE,0.14285714285714285,2,1,10,0.9537981142140848
image-segmentation,0,1,CEMENT,0.14285714285714285,21,6,45,0.8502371146150159
image-segmentation,0,1,FOLIAGE,0.14285714285714285,43,39,237,0.20115292022464676
image-segmentation,0,1,GRASS,0.14285714285714285,2,0,6,0.982184977500173
image-segmentation,0,1,PATH,0.14285714285714285,0,0,12,0.9496882808081827
image-segmentation,0,1,SKY,0.14285714285714285,0,0,3,0.9898989898989887
image-segmentation,0,1,WINDOW,0.14285714285714285,27,22,102,0.6564719689177622
image-segmentation,0,2,BRICKFACE,0.14285714285714285,0,0,10,0.9545161076233644
image-segmentation,0,2,CEMENT,0.14285714285714285,23,7,43,0.8572667680126562
image-segmentation,0,2,FOLIAGE,0.14285714285714285,47,41,247,0.1823006910281733
image-segmentation,0,2,GRASS,0.14285714285714285,2,0,4,0.98645378974895
image-segmentation,0,2,PATH,0.14285714285714285,0,0,14,0.9409360881274673
image-segmentation,0,2,SKY,0.14285714285714285,0,0,3,0.9898989898989681
image-segmentation,0,2,WINDOW,0.14285714285714285,26,22,99,0.6655951403841719
image-segmentation,0,3,BRICKFACE,0.14285714285714285,1,0,9,0.9577019077430053
image-segmentation,0,3,CEMENT,0.14285714285714285,20,7,42,0.8609278441026483
image-segmentation,0,3,FOLIAGE,0.14285714285714285,45,39,240,0.2106614246529714
image-segmentation,0,3,GRASS,0.14285714285714285,1,0,3,0.9870524030006542
image-segmentation,0,3,PATH,0.14285714285714285,0,0,12,0.9474274562573248
image-segmentation,0,3,SKY,0.14285714285714285,0,0,3,0.9898989898989895
image-segmentation,0,3,WINDOW,0.14285714285714285,23,19,97,0.6736507966344795
image-segmentation,0,4,BRICKFACE,0.14285714285714285,0,0,9,0.9605242173925524
image-segmentation,0,4,CEMENT,0.14285714285714285,20,5,43,0.8525730060491811
image-segmentation,0,4,FOLIAGE,0.14285714285714285,46,39,246,0.1845792430806801
image-segmentation,0,4,GRASS,0.14285714285714285,2,0,4,0.9865322975588372
image-segmentation,0,4,PATH,0.14285714285714285,0,0,11,0.9486327173353643
image-segmentation,0,4,SKY,0.14285714285714285,0,0,3,0.9898989898989826
image-segmentation,0,4,WINDOW,0.14285714285714285,28,25,103,0.650813147435411
image-segmentation,0,5,BRICKFACE,0.14285714285714285,2,2,10,0.9617118737010673
image-segmentation,0,5,CEMENT,0.14285714285714285,19,6,43,0.8551575958892429
image-segmentation,0,5,FOLIAGE,0.14285714285714285,46,40,249,0.17080349636605655
image-segmentation,0,5,GRASS,0.14285714285714285,1,0,3,0.9877095744702282
image-segmentation,0,5,PATH,0.14285714285714285,0,0,12,0.9498005841782313
image-segmentation,0,5,SKY,0.14285714285714285,0,0,3,0.9898989898989424
image-segmentation,0,5,WINDOW,0.14285714285714285,27,23,100,0.6690791732886766
image-segmentation,0,6,BRICKFACE,0.14285714285714285,1,0,9,0.9591304928313691
image-segmentation,0,6,CEMENT,0.14285714285714285,20,8,41,0.8629741106049839
image-segmentation,0,6,FOLIAGE,0.14285714285714285,46,39,247,0.17440550527966547
image-segmentation,0,6,GRASS,0.14285714285714285,2,0,4,0.9848181817912663
image-segmentation,0,6,PATH,0.14285714285714285,0,0,12,0.9526191458260261
image-segmentation,0,6,SKY,0.14285714285714285,0,0,3,0.98989898989897
image-segmentation,0,6,WINDOW,0.14285714285714285,19,18,101,0.661312712425944
image-segmentation,0,7,BRICKFACE,0.14285714285714285,0,0,11,0.9496108050388694
image-segmentation,0,7,CEMENT,0.14285714285714285,21,6,41,0.8616190752369917
image-segmentation,0,7,FOLIAGE,0.14285714285714285,44,39,244,0.1935537814465352
image-segmentation,0,7,GRASS,0.14285714285714285,2,0,4,0.9865320064054834
image-segmentation,0,7,PATH,0.14285714285714285,0,0,13,0.9410629348422395
image-segmentation,0,7,SKY,0.14285714285714285,0,0,3,0.9899236668604492
image-segmentation,0,7,WINDOW,0.14285714285714285,31,24,94,0.6821707736672833
image-segmentation,0,8,BRICKFACE,0.14285714285714285,0,0,10,0.9540079173353203
image-segmentation,0,8,CEMENT,0.14285714285714285,21,6,40,0.8649812859847837
image-segmentation,0,8,FOLIAGE,0.14285714285714285,39,34,248,0.19001600252105402
image-segmentation,0,8,GRASS,0.14285714285714285,2,0,4,0.9854293722668783
image-segmentation,0,8,PATH,0.14285714285714285,0,0,9,0.9569107918703459
image-segmentation,0,8,SKY,0.14285714285714285,0,0,3,0.9898989898989884
image-segmentation,0,8,WINDOW,0.14285714285714285,22,21,99,0.6655955374360762
image-segmentation,0,9,BRICKFACE,0.14285714285714285,0,0,11,0.951968177499288
image-segmentation,0,9,CEMENT,0.14285714285714285,19,5,40,0.8654964099917662
image-segmentation,0,9,FOLIAGE,0.14285714285714285,41,37,245,0.18172631057814798
image-segmentation,0,9,GRASS,0.14285714285714285,2,0,4,0.9835598337807319
image-segmentation,0,9,PATH,0.14285714285714285,0,0,10,0.9558011180301804
image-segmentation,0,9,SKY,0.14285714285714285,0,0,3,0.9898989898989895
image-segmentation,0,9,WINDOW,0.14285714285714285,24,19,93,0.6854004616722544
image-segmentation,1,0,BRICKFACE,0.14285714285714285,1,0,9,0.9568006661768081
image-segmentation,1,0,CEMENT,0.14285714285714285,21,6,42,0.8588305749489625
image-segmentation,1,0,FOLIAGE,0.14285714285714285,46,39,247,0.1839002121026629
image-segmentation,1,0,GRASS,0.14285714285714285,2,0,6,0.9825123264321619
image-segmentation,1,0,PATH,0.14285714285714285,0,0,9,0.9586065603345498
image-segmentation,1,0,SKY,0.14285714285714285,0,0,3,0.98989898989899
image-segmentation,1,0,WINDOW,0.14285714285714285,26,22,101,0.6536594836752775
image-segmentation,1,1,BRICKFACE,0.14285714285714285,0,0,10,0.9546780735303491
image-segmentation,1,1,CEMENT,0.14285714285714285,21,7,43,0.856495563848018
image-segmentation,1,1,FOLIAGE,0.14285714285714285,46,40,248,0.17906029170672846
image-segmentation,1,1,GRASS,0.14285714285714285,2,0,5,0.983165154898228
image-segmentation,1,1,PATH,0.14285714285714285,0,0,13,0.943293662285894
image-segmentation,1,1,SKY,0.14285714285714285,0,0,3,0.989898989898988
image-segmentation,1,1,WINDOW,0.14285714285714285,26,23,98,0.6610949711590062
image-segmentation,1,2,BRICKFACE,0.14285714285714285,1,0,10,0.9573442121810849
image-segmentation,1,2,CEMENT,0.14285714285714285,20,6,39,0.8685924694142099
image-segmentation,1,2,FOLIAGE,0.14285714285714285,43,39,234,0.21061340591216615
image-segmentation,1,2,GRASS,0.14285714285714285,2,0,5,0.9831950485472574
image-segmentation,1,2,PATH,0.14285714285714285,0,0,13,0.9470390706028239
image-segmentation,1,2,SKY,0.14285714285714285,0,0,3,0.9898989898989887
image-segmentation,1,2,WINDOW,0.14285714285714285,20,18,96,0.6772491291607774
image-segmentation,1,3,BRICKFACE,0.14285714285714285,0,0,9,0.9561228079420513
image-segmentation,1,3,CEMENT,0.14285714285714285,21,7,45,0.8509369669507707
image-segmentation,1,3,FOLIAGE,0.14285714285714285,42,37,248,0.17749752508332559
image-segmentation,1,3,GRASS,0.14285714285714285,1,0,5,0.9863683264370788
image-segmentation,1,3,PATH,0.14285714285714285,0,0,11,0.953609320702457
image-segmentation,1,3,SKY,0.14285714285714285,0,0,2,0.9932663113927579
image-segmentation,1,3,WINDOW,0.14285714285714285,23,21,96,0.6747998920158178
image-segmentation,1,4,BRICKFACE,0.14285714285714285,1,1,9,0.9575674105971371
image-segmentation,1,4,CEMENT,0.14285714285714285,20,6,41,0.8595533449665091
image-segmentation,1,4,FOLIAGE,0.14285714285714285,44,39,247,0.17895026787338844
image-segmentation,1,4,GRASS,0.14285714285714285,2,0,5,0.984043563516663
image-segmentation,1,4,PATH,0.14285714285714285,0,0,18,0.9351289135022808
image-segmentation,1,4,SKY,0.14285714285714285,0,0,3,0.9898989898989744
image-segmentation,1,4,WINDOW,0.14285714285714285,29,26,101,0.6592746298224729
image-segmentation,1,5,BRICKFACE,0.14285714285714285,0,0,10,0.9561206553516306
image-segmentation,1,5,CEMENT,0.14285714285714285,20,5,41,0.8589409855082438
image-segmentation,1,5,FOLIAGE,0.14285714285714285,44,38,248,0.19062210513722574
image-segmentation,1,5,GRASS,0.14285714285714285,1,0,2,0.990998388259496
image-segmentation,1,5,PATH,0.14285714285714285,0,0,12,0.9505805391439266
image-segmentation,1,5,SKY,0.14285714285714285,0,0,3,0.9898989898989823
image-segmentation,1,5,WINDOW,0.14285714285714285,28,23,95,0.6838817565241156
image-segmentation,1,6,BRICKFACE,0.14285714285714285,0,0,10,0.9575227162107268
image-segmentation,1,6,CEMENT,0.14285714285714285,18,6,41,0.8639861468217934
image-segmentation,1,6,FOLIAGE,0.14285714285714285,43,36,244,0.18475999597718964
image-segmentation,1,6,GRASS,0.14285714285714285,2,0,6,0.9800719492919997
image-segmentation,1,6,PATH,0.14285714285714285,0,0,12,0.9548124857254049
image-segmentation,1,6,SKY,0.14285714285714285,0,0,3,0.9898989898989863
image-segmentation,1,6,WINDOW,0.14285714285714285,26,22,95,0.6702281917117379
image-segmentation,1,7,BRICKFACE,0.14285714285714285,0,0,11,0.9567246483287165
image-segmentation,1,7,CEMENT,0.14285714285714285,20,5,42,0.8616651500764738
image-segmentation,1,7,FOLIAGE,0.14285714285714285,43,37,250,0.17835779234059754
image-segmentation,1,7,GRASS,0.14285714285714285,2,0,4,0.9842029419273904
image-segmentation,1,7,PATH,0.14285714285714285,0,0,12,0.9517315242214178
image-segmentation,1,7,SKY,0.14285714285714285,0,0,3,0.9898989898989847
image-segmentation,1,7,WINDOW,0.14285714285714285,25,23,94,0.680477970675223
image-segmentation,1,8,BRICKFACE,0.14285714285714285,1,0,12,0.947105500912018
image-segmentation,1,8,CEMENT,0.14285714285714285,22,7,44,0.851076740731797
image-segmentation,1,8,FOLIAGE,0.14285714285714285,40,34,246,0.1794481464933195
image-segmentation,1,8,GRASS,0.14285714285714285,2,0,4,0.9860590576472972
image-segmentation,1,8,PATH,0.14285714285714285,0,0,13,0.9492775199868698
image-segmentation,1,8,SKY,0.14285714285714285,0,0,2,0.9932659932659915
image-segmentation,1,8,WINDOW,0.14285714285714285,22,20,87,0.692910982964693
image-segmentation,1,9,BRICKFACE,0.14285714285714285,1,0,10,0.958313814595701
image-segmentation,1,9,CEMENT,0.14285714285714285,20,7,42,0.8582431158877329
image-segmentation,1,9,FOLIAGE,0.14285714285714285,44,37,244,0.20408103905459532
image-segmentation,1,9,GRASS,0.14285714285714285,2,0,6,0.982997479984576
image-segmentation,1,9,PATH,0.14285714285714285,0,0,12,0.9514912199389565
image-segmentation,1,9,SKY,0.14285714285714285,0,0,3,0.9898989898989871
image-segmentation,1,9,WINDOW,0.14285714285714285,26,21,98,0.6721454249030988
image-segmentation,2,0,BRICKFACE,0.14285714285714285,0,0,9,0.9559329080340608
image-segmentation,2,0,CEMENT,0.14285714285714285,20,5,44,0.8513068407620161
image-segmentation,2,0,FOLIAGE,0.14285714285714285,45,40,248,0.17426071944399954
image-segmentation,2,0,GRASS,0.14285714285714285,2,0,4,0.985739188533183
image-segmentation,2,0,PATH,0.14285714285714285,0,0,13,0.9454448635618042
image-segmentation,2,0,SKY,0.14285714285714285,0,0,3,0.989898989898984
image-segmentation,2,0,WINDOW,0.14285714285714285,26,23,98,0.6719065336125328
image-segmentation,2,1,BRICKFACE,0.14285714285714285,0,0,10,0.9571858113585566
image-segmentation,2,1,CEMENT,0.14285714285714285,22,7,41,0.8591134564419753
image-segmentation,2,1,FOLIAGE,0.14285714285714285,42,37,245,0.18754019813192943
image-segmentation,2,1,GRASS,0.14285714285714285,2,0,7,0.978836858793092
image-segmentation,2,1,PATH,0.14285714285714285,0,0,15,0.9434285392306783
image-segmentation,2,1,SKY,0.14285714285714285,0,0,3,0.9913218012321552
image-segmentation,2,1,WINDOW,0.14285714285714285,30,25,99,0.6720093100149145
image-segmentation,2,2,BRICKFACE,0.14285714285714285,0,0,9,0.9616829879834478
image-segmentation,2,2,CEMENT,0.14285714285714285,21,7,45,0.8497743085907788
image-segmentation,2,2,FOLIAGE,0.14285714285714285,48,43,251,0.16871031204212517
image-segmentation,2,2,GRASS,0.14285714285714285,2,0,4,0.9838027669914463
image-segmentation,2,2,PATH,0.14285714285714285,0,0,11,0.9550189149746953
image-segmentation,2,2,SKY,0.14285714285714285,0,0,3,0.9898989898988806
image-segmentation,2,2,WINDOW,0.14285714285714285,25,21,100,0.6612044670737091
image-segmentation,2,3,BRICKFACE,0.14285714285714285,0,0,12,0.9451442302721211
image-segmentation,2,3,CEMENT,0.14285714285714285,18,6,37,0.874216893686557
image-segmentation,2,3,FOLIAGE,0.14285714285714285,45,38,244,0.1853759221897288
image-segmentation,2,3,GRASS,0.14285714285714285,2,0,4,0.9863133509479908
image-segmentation,2,3,PATH,0.14285714285714285,0,0,12,0.9497653766122319
image-segmentation,2,3,SKY,0.14285714285714285,0,0,3,0.9898989898989872
image-segmentation,2,3,WINDOW,0.14285714285714285,21,19,83,0.704168589136852
image-segmentation,2,4,BRICKFACE,0.14285714285714285,1,1,9,0.9564646926720983
image-segmentation,2,4,CEMENT,0.14285714285714285,22,7,44,0.853223255081804
image-segmentation,2,4,FOLIAGE,0.14285714285714285,47,42,243,0.18442193944059274
image-segmentation,2,4,GRASS,0.14285714285714285,2,0,4,0.9865319889438823
image-segmentation,2,4,PATH,0.14285714285714285,0,0,11,0.9562782802542331
image-segmentation,2,4,SKY,0.14285714285714285,0,0,3,0.9898989898989823
image-segmentation,2,4,WINDOW,0.14285714285714285,25,21,99,0.6656021234744331
image-segmentation,2,5,BRICKFACE,0.14285714285714285,1,1,10,0.9545989122536327
image-segmentation,2,5,CEMENT,0.14285714285714285,19,6,43,0.8554310860443238
image-segmentation,2,5,FOLIAGE,0.14285714285714285,45,39,246,0.18132145551524007
image-segmentation,2,5,GRASS,0.14285714285714285,2,0,6,0.9829298201124232
image-segmentation,2,5,PATH,0.14285714285714285,0,0,11,0.9498578302613454
image-segmentation,2,5,SKY,0.14285714285714285,0,0,3,0.9898989898989878
image-segmentation,2,5,WINDOW,0.14285714285714285,27,23,102,0.6547386789168345
image-segmentation,2,6,BRICKFACE,0.14285714285714285,0,0,9,0.9602805740101774
image-segmentation,2,6,CEMENT,0.14285714285714285,21,8,42,0.8623216152975008
image-segmentation,2,6,FOLIAGE,0.14285714285714285,48,42,246,0.17972428338255894
image-segmentation,2,6,GRASS,0.14285714285714285,2,0,5,0.9831652704092858
image-segmentation,2,6,PATH,0.14285714285714285,0,0,13,0.9457519718008942
image-segmentation,2,6,SKY,0.14285714285714285,0,0,3,0.9898989898989884
image-segmentation,2,6,WINDOW,0.14285714285714285,24,21,93,0.6858237050721417
image-segmentation,2,7,BRICKFACE,0.14285714285714285,0,0,10,0.9583091651834273
image-segmentation,2,7,CEMENT,0.14285714285714285,18,6,40,0.8667170046246725
image-segmentation,2,7,FOLIAGE,0.14285714285714285,43,39,245,0.18952375305123692
image-segmentation,2,7,GRASS,0.14285714285714285,2,0,4,0.9839509628517671
image-segmentation,2,7,PATH,0.14285714285714285,0,0,10,0.95913636572902
image-segmentation,2,7,SKY,0.14285714285714285,0,0,3,0.9898989898989887
image-segmentation,2,7,WINDOW,0.14285714285714285,23,19,95,0.6782169378515521
image-segmentation,2,8,BRICKFACE,0.14285714285714285,0,0,12,0.9492321161933034
image-segmentation,2,8,CEMENT,0.14285714285714285,19,4,43,0.8585686577710661
image-segmentation,2,8,FOLIAGE,0.14285714285714285,44,38,245,0.1964882280952597
image-segmentation,2,8,GRASS,0.14285714285714285,1,0,2,0.9924336959605726
image-segmentation,2,8,PATH,0.14285714285714285,0,0,10,0.9579502089416655
image-segmentation,2,8,SKY,0.14285714285714285,0,0,3,0.9898989898989837
image-segmentation,2,8,WINDOW,0.14285714285714285,24,22,100,0.6694594575714906
image-segmentation,2,9,BRICKFACE,0.14285714285714285,0,0,11,0.9535184306453439
image-segmentation,2,9,CEMENT,0.14285714285714285,21,6,43,0.8503319956134332
image-segmentation,2,9,FOLIAGE,0.14285714285714285,40,34,230,0.22588270172865238
image-segmentation,2,9,GRASS,0.14285714285714285,2,0,6,0.981986444096142
image-segmentation,2,9,PATH,0.14285714285714285,0,0,19,0.9353062463594545
image-segmentation,2,9,SKY,0.14285714285714285,0,0,1,0.9966329966329966
image-segmentation,2,9,WINDOW,0.14285714285714285,21,18,101,0.6639012404926662
image-segmentation,3,0,BRICKFACE,0.14285714285714285,0,0,13,0.944540242728766
image-segmentation,3,0,CEMENT,0.14285714285714285,20,7,42,0.8576813548367246
image-segmentation,3,0,FOLIAGE,0.14285714285714285,47,42,246,0.17843973386441808
image-segmentation,3,0,GRASS,0.14285714285714285,2,0,6,0.9810021111947401
image-segmentation,3,0,PATH,0.14285714285714285,0,0,11,0.9562195328542552
image-segmentation,3,0,SKY,0.14285714285714285,0,0,3,0.9898989898989818
image-segmentation,3,0,WINDOW,0.14285714285714285,21,18,88,0.7014132985937747
image-segmentation,3,1,BRICKFACE,0.14285714285714285,2,1,7,0.9677558616956767
image-segmentation,3,1,CEMENT,0.14285714285714285,20,7,40,0.8648059017936499
image-segmentation,3,1,FOLIAGE,0.14285714285714285,45,39,246,0.19035759747274392
image-segmentation,3,1,GRASS,0.14285714285714285,2,0,4,0.9856156903860049
image-segmentation,3,1,PATH,0.14285714285714285,0,0,11,0.9533720146718502
image-segmentation,3,1,SKY,0.14285714285714285,0,0,3,0.9898989898989853
image-segmentation,3,1,WINDOW,0.14285714285714285,26,22,102,0.6568719984479138
image-segmentation,3,2,BRICKFACE,0.14285714285714285,1,1,9,0.960614901768934
image-segmentation,3,2,CEMENT,0.14285714285714285,21,8,43,0.8590416418967466
image-segmentation,3,2,FOLIAGE,0.14285714285714285,47,43,247,0.1763469883064438
image-segmentation,3,2,GRASS,0.14285714285714285,2,0,6,0.9824855985283979
image-segmentation,3,2,PATH,0.14285714285714285,0,0,12,0.9468751698152991
image-segmentation,3,2,SKY,0.14285714285714285,0,0,3,0.98989898989899
image-segmentation,3,2,WINDOW,0.14285714285714285,19,18,92,0.6833457984111232
image-segmentation,3,3,BRICKFACE,0.14285714285714285,1,1,11,0.9512318023279188
image-segmentation,3,3,CEMENT,0.14285714285714285,19,4,38,0.8705246046260632
image-segmentation,3,3,FOLIAGE,0.14285714285714285,45,41,247,0.17966650323577288
image-segmentation,3,3,GRASS,0.14285714285714285,2,0,5,0.9831680297923346
image-segmentation,3,3,PATH,0.14285714285714285,0,0,10,0.9565259145675583
image-segmentation,3,3,SKY,0.14285714285714285,0,0,3,0.9898989898989858
image-segmentation,3,3,WINDOW,0.14285714285714285,24,20,94,0.6813994889934155
image-segmentation,3,4,BRICKFACE,0.14285714285714285,1,0,11,0.9553913631124776
image-segmentation,3,4,CEMENT,0.14285714285714285,20,6,44,0.8523864167745088
image-segmentation,3,4,FOLIAGE,0.14285714285714285,46,40,230,0.22626477394912753
image-segmentation,3,4,GRASS,0.14285714285714285,1,0,2,0.9926189433021273
image-segmentation,3,4,PATH,0.14285714285714285,0,0,13,0.9448316962554116
image-segmentation,3,4,SKY,0.14285714285714285,0,0,3,0.989898989898975
image-segmentation,3,4,WINDOW,0.14285714285714285,29,25,101,0.6596856529123278
image-segmentation,3,5,BRICKFACE,0.14285714285714285,0,0,12,0.9502948490706586
image-segmentation,3,5,CEMENT,0.14285714285714285,20,8,42,0.8612700443037071
image-segmentation,3,5,FOLIAGE,0.14285714285714285,44,39,245,0.18896885166717417
image-segmentation,3,5,GRASS,0.14285714285714285,2,0,5,0.98316545596171
image-segmentation,3,5,PATH,0.14285714285714285,0,0,14,0.9468774760107294
image-segmentation,3,5,SKY,0.14285714285714285,0,0,3,0.9898989898989874
image-segmentation,3,5,WINDOW,0.14285714285714285,24,19,102,0.6641924936132613
image-segmentation,3,6,BRICKFACE,0.14285714285714285,1,0,10,0.9571136083532744
image-segmentation,3,6,CEMENT,0.14285714285714285,21,6,42,0.8572640141315345
image-segmentation,3,6,FOLIAGE,0.14285714285714285,41,36,246,0.18842520201692164
image-segmentation,3,6,GRASS,0.14285714285714285,1,0,2,0.9915630888891045
image-segmentation,3,6,PATH,0.14285714285714285,0,0,13,0.9495377233984438
image-segmentation,3,6,SKY,0.14285714285714285,0,0,2,0.9932668769197618
image-segmentation,3,6,WINDOW,0.14285714285714285,29,24,98,0.6707756596121355
image-segmentation,3,7,BRICKFACE,0.14285714285714285,1,1,9,0.958913670315815
image-segmentation,3,7,CEMENT,0.14285714285714285,19,5,41,0.8602843032915077
image-segmentation,3,7,FOLIAGE,0.14285714285714285,46,40,249,0.17572240342730341
image-segmentation,3,7,GRASS,0.14285714285714285,2,0,4,0.9847519278964411
image-segmentation,3,7,PATH,0.14285714285714285,1,1,14,0.9441991183244507
image-segmentation,3,7,SKY,0.14285714285714285,0,0,3,0.9898989898989887
image-segmentation,3,7,WINDOW,0.14285714285714285,26,24,101,0.6604584452766923
image-segmentation,3,8,BRICKFACE,0.14285714285714285,1,0,11,0.9498735407710331
image-segmentation,3,8,CEMENT,0.14285714285714285,20,6,42,0.8574039710787001
image-segmentation,3,8,FOLIAGE,0.14285714285714285,42,36,249,0.1807549707650397
image-segmentation,3,8,GRASS,0.14285714285714285,2,0,6,0.9798556525258875
image-segmentation,3,8,PATH,0.14285714285714285,0,0,10,0.9560183017450042
image-segmentation,3,8,SKY,0.14285714285714285,0,0,2,0.9932659932659927
image-segmentation,3,8,WINDOW,0.14285714285714285,20,19,97,0.6766067076578398
image-segmentation,3,9,BRICKFACE,0.14285714285714285,1,0,9,0.9579920920691858
image-segmentation,3,9,CEMENT,0.14285714285714285,22,7,45,0.8473872490109784
image-segmentation,3,9,FOLIAGE,0.14285714285714285,45,38,248,0.17423241197792175
image-segmentation,3,9,GRASS,0.14285714285714285,2,0,4,0.9836405314641236
image-segmentation,3,9,PATH,0.14285714285714285,0,0,15,0.9427455536450056
image-segmentation,3,9,SKY,0.14285714285714285,0,0,3,0.989898989898967
image-segmentation,3,9,WINDOW,0.14285714285714285,25,20,103,0.6579480985358064
image-segmentation,4,0,BRICKFACE,0.14285714285714285,0,0,12,0.9477732672533125
image-segmentation,4,0,CEMENT,0.14285714285714285,20,8,45,0.8479619509871349
image-segmentation,4,0,FOLIAGE,0.14285714285714285,39,33,247,0.17921707360835912
image-segmentation,4,0,GRASS,0.14285714285714285,1,0,2,0.9920564045905996
image-segmentation,4,0,PATH,0.14285714285714285,0,0,10,0.957653322239629
image-segmentation,4,0,SKY,0.14285714285714285,0,0,3,0.98989898989897
image-segmentation,4,0,WINDOW,0.14285714285714285,24,22,99,0.6704305835428851
image-segmentation,4,1,BRICKFACE,0.14285714285714285,0,0,8,0.9620169104957831
image-segmentation,4,1,CEMENT,0.14285714285714285,24,9,43,0.8555080202127807
image-segmentation,4,1,FOLIAGE,0.14285714285714285,47,40,249,0.1739543602986046
image-segmentation,4,1,GRASS,0.14285714285714285,2,0,4,0.9842198410693241
image-segmentation,4,1,PATH,0.14285714285714285,0,0,16,0.9392064776240551
image-segmentation,4,1,SKY,0.14285714285714285,0,0,3,0.9898989898989868
image-segmentation,4,1,WINDOW,0.14285714285714285,25,19,102,0.6581851090984836
image-segmentation,4,2,BRICKFACE,0.14285714285714285,0,0,11,0.9524158668571044
image-segmentation,4,2,CEMENT,0.14285714285714285,20,6,43,0.8582002266576156
image-segmentation,4,2,FOLIAGE,0.14285714285714285,45,40,246,0.19195428564478137
image-segmentation,4,2,GRASS,0.14285714285714285,2,0,5,0.9856524258972014
image-segmentation,4,2,PATH,0.14285714285714285,0,0,11,0.9540160352916904
image-segmentation,4,2,SKY,0.14285714285714285,0,0,3,0.9898989898989836
image-segmentation,4,2,WINDOW,0.14285714285714285,31,26,97,0.6763287415683635
image-segmentation,4,3,BRICKFACE,0.14285714285714285,0,0,8,0.9594247221712122
image-segmentation,4,3,CEMENT,0.14285714285714285,19,7,40,0.8632910223006638
image-segmentation,4,3,FOLIAGE,0.14285714285714285,46,41,248,0.17639691433993715
image-segmentation,4,3,GRASS,0.14285714285714285,2,0,5,0.9831663547926879
image-segmentation,4,3,PATH,0.14285714285714285,0,0,15,0.9431052441700449
image-segmentation,4,3,SKY,0.14285714285714285,0,0,2,0.9932659932659933
image-segmentation,4,3,WINDOW,0.14285714285714285,23,21,90,0.6939102086766982
image-segmentation,4,4,BRICKFACE,0.14285714285714285,0,0,9,0.9571391214123468
image-segmentation,4,4,CEMENT,0.14285714285714285,21,6,40,0.8602334871933838
image-segmentation,4,4,FOLIAGE,0.14285714285714285,45,38,245,0.18719968669023276
image-segmentation,4,4,GRASS,0.14285714285714285,1,0,5,0.9834594678353538
image-segmentation,4,4,PATH,0.14285714285714285,0,0,12,0.9485428257605486
image-segmentation,4,4,SKY,0.14285714285714285,0,0,3,0.9898989898989781
image-segmentation,4,4,WINDOW,0.14285714285714285,25,20,99,0.6662633783952734
image-segmentation,4,5,BRICKFACE,0.14285714285714285,1,1,11,0.949391377729642
image-segmentation,4,5,CEMENT,0.14285714285714285,23,8,45,0.8490050810191281
image-segmentation,4,5,FOLIAGE,0.14285714285714285,42,37,239,0.19622706008091664
image-segmentation,4,5,GRASS,0.14285714285714285,2,0,4,0.9839318220760022
image-segmentation,4,5,PATH,0.14285714285714285,0,0,13,0.9444864908577034
image-segmentation,4,5,SKY,0.14285714285714285,0,0,2,0.9932659932659894
image-segmentation,4,5,WINDOW,0.14285714285714285,30,25,95,0.6770740415232311
image-segmentation,4,6,BRICKFACE,0.14285714285714285,1,0,9,0.957303761088475
image-segmentation,4,6,CEMENT,0.14285714285714285,21,7,45,0.851922665198055
image-segmentation,4,6,FOLIAGE,0.14285714285714285,46,41,232,0.2167615674367468
image-segmentation,4,6,GRASS,0.14285714285714285,2,0,4,0.9852888977256083
image-segmentation,4,6,PATH,0.14285714285714285,0,0,10,0.955808314986503
image-segmentation,4,6,SKY,0.14285714285714285,0,0,3,0.9898989898989884
image-segmentation,4,6,WINDOW,0.14285714285714285,26,23,92,0.6891287572704802
image-segmentation,4,7,BRICKFACE,0.14285714285714285,0,0,9,0.9599734139076512
image-segmentation,4,7,CEMENT,0.14285714285714285,19,6,42,0.8571783476068547
image-segmentation,4,7,FOLIAGE,0.14285714285714285,45,39,246,0.1829602082428564
image-segmentation,4,7,GRASS,0.14285714285714285,2,0,5,0.983165155714269
image-segmentation,4,7,PATH,0.14285714285714285,0,0,11,0.954158651723286
image-segmentation,4,7,SKY,0.14285714285714285,0,0,3,0.9898989898989895
image-segmentation,4,7,WINDOW,0.14285714285714285,23,22,99,0.6587616399093545
image-segmentation,4,8,BRICKFACE,0.14285714285714285,1,0,11,0.951603942045513
image-segmentation,4,8,CEMENT,0.14285714285714285,20,6,43,0.858383572816288
image-segmentation,4,8,FOLIAGE,0.14285714285714285,37,33,250,0.1721040680111436
image-segmentation,4,8,GRASS,0.14285714285714285,2,0,4,0.9835792469944662
image-segmentation,4,8,PATH,0.14285714285714285,0,0,12,0.9478263324503351
image-segmentation,4,8,SKY,0.14285714285714285,0,0,3,0.9898989898989834
image-segmentation,4,8,WINDOW,0.14285714285714285,23,20,102,0.6613769990126066
image-segmentation,4,9,BRICKFACE,0.14285714285714285,1,1,9,0.9598644810211602
image-segmentation,4,9,CEMENT,0.14285714285714285,18,5,38,0.8711802809934849
image-segmentation,4,9,FOLIAGE,0.14285714285714285,45,39,249,0.1723774361439441
image-segmentation,4,9,GRASS,0.14285714285714285,2,0,4,0.9843454551349085
image-segmentation,4,9,PATH,0.14285714285714285,0,0,14,0.9490319769863218
image-segmentation,4,9,SKY,0.14285714285714285,0,0,3,0.9899038927169008
image-segmentation,4,9,WINDOW,0.14285714285714285,22,21,100,0.6642514789894487
image-segmentation,5,0,BRICKFACE,0.14285714285714285,1,0,11,0.9527670688776859
image-segmentation,5,0,CEMENT,0.14285714285714285,20,6,42,0.8550542588643277
image-segmentation,5,0,FOLIAGE,0.14285714285714285,42,38,242,0.20411835960922692
image-segmentation,5,0,GRASS,0.14285714285714285,2,0,5,0.9831652089820977
image-segmentation,5,0,PATH,0.14285714285714285,0,0,14,0.9504157086110637
image-segmentation,5,0,SKY,0.14285714285714285,0,0,3,0.9898989898989826
image-segmentation,5,0,WINDOW,0.14285714285714285,30,24,95,0.6789854570180498
image-segmentation,5,1,BRICKFACE,0.14285714285714285,1,1,12,0.9449759728195916
image-segmentation,5,1,CEMENT,0.14285714285714285,19,4,41,0.8649238146847511
image-segmentation,5,1,FOLIAGE,0.14285714285714285,44,39,243,0.18874715288617472
image-segmentation,5,1,GRASS,0.14285714285714285,2,0,4,0.985404894873171
image-segmentation,5,1,PATH,0.14285714285714285,0,0,16,0.9397396558816152
image-segmentation,5,1,SKY,0.14285714285714285,0,0,3,0.9898989898989884
image-segmentation,5,1,WINDOW,0.14285714285714285,26,21,97,0.6803545442873944
image-segmentation,5,2,BRICKFACE,0.14285714285714285,0,0,9,0.9595469715164583
image-segmentation,5,2,CEMENT,0.14285714285714285,17,6,43,0.8581241065075721
image-segmentation,5,2,FOLIAGE,0.14285714285714285,46,39,247,0.18675604008371588
image-segmentation,5,2,GRASS,0.14285714285714285,2,0,4,0.9841120072244365
image-segmentation,5,2,PATH,0.14285714285714285,0,0,8,0.9611842139943129
image-segmentation,5,2,SKY,0.14285714285714285,0,0,2,0.9932659932659899
image-segmentation,5,2,WINDOW,0.14285714285714285,28,25,95,0.6701456332083903
image-segmentation,5,3,BRICKFACE,0.14285714285714285,0,0,12,0.945266107201961
image-segmentation,5,3,CEMENT,0.14285714285714285,21,9,45,0.851862002506495
image-segmentation,5,3,FOLIAGE,0.14285714285714285,49,43,237,0.20313965211622723
image-segmentation,5,3,GRASS,0.14285714285714285,2,0,3,0.9892559566970054
image-segmentation,5,3,PATH,0.14285714285714285,0,0,11,0.9484560789888649
image-segmentation,5,3,SKY,0.14285714285714285,0,0,2,0.9932659932659693
image-segmentation,5,3,WINDOW,0.14285714285714285,22,20,90,0.6928907026383055
image-segmentation,5,4,BRICKFACE,0.14285714285714285,2,1,8,0.9581647849530115
image-segmentation,5,4,CEMENT,0.14285714285714285,18,5,38,0.863255325028559
image-segmentation,5,4,FOLIAGE,0.14285714285714285,39,35,246,0.18324689304159794
image-segmentation,5,4,GRASS,0.14285714285714285,1,0,4,0.9875737254010941
image-segmentation,5,4,PATH,0.14285714285714285,0,0,12,0.9535846925361064
image-segmentation,5,4,SKY,0.14285714285714285,0,0,3,0.9898989898989892
image-segmentation,5,4,WINDOW,0.14285714285714285,28,22,100,0.6697319096033288
image-segmentation,5,5,BRICKFACE,0.14285714285714285,1,0,8,0.960817783440269
image-segmentation,5,5,CEMENT,0.14285714285714285,22,10,43,0.8571444528967725
image-segmentation,5,5,FOLIAGE,0.14285714285714285,46,42,246,0.18175591111667694
image-segmentation,5,5,GRASS,0.14285714285714285,2,0,4,0.9854194781005712
image-segmentation,5,5,PATH,0.14285714285714285,0,0,13,0.9464084994475999
image-segmentation,5,5,SKY,0.14285714285714285,0,0,3,0.9905067092788261
image-segmentation,5,5,WINDOW,0.14285714285714285,23,20,98,0.6690694974799425
image-segmentation,5,6,BRICKFACE,0.14285714285714285,1,1,10,0.9545783751555312
image-segmentation,5,6,CEMENT,0.14285714285714285,22,6,44,0.856448794829721
image-segmentation,5,6,FOLIAGE,0.14285714285714285,42,36,245,0.18278464448617215
image-segmentation,5,6,GRASS,0.14285714285714285,2,0,6,0.979900579828285
image-segmentation,5,6,PATH,0.14285714285714285,0,0,14,0.9493606312800279
image-segmentation,5,6,SKY,0.14285714285714285,0,0,3,0.98989898989899
image-segmentation,5,6,WINDOW,0.14285714285714285,23,20,100,0.6579381766436987
image-segmentation,5,7,BRICKFACE,0.14285714285714285,0,0,7,0.9664810585917788
image-segmentation,5,7,CEMENT,0.14285714285714285,20,6,42,0.8600413751061188
image-segmentation,5,7,FOLIAGE,0.14285714285714285,47,41,249,0.17252860064555836
image-segmentation,5,7,GRASS,0.14285714285714285,2,0,4,0.9849819991214539
image-segmentation,5,7,PATH,0.14285714285714285,0,0,13,0.9455057289441049
image-segmentation,5,7,SKY,0.14285714285714285,0,0,3,0.9898989898988396
image-segmentation,5,7,WINDOW,0.14285714285714285,23,20,98,0.6646473158705906
image-segmentation,5,8,BRICKFACE,0.14285714285714285,2,2,10,0.9561110206208945
image-segmentation,5,8,CEMENT,0.14285714285714285,22,7,42,0.8565796653042811
image-segmentation,5,8,FOLIAGE,0.14285714285714285,47,42,248,0.1758948902176415
image-segmentation,5,8,GRASS,0.14285714285714285,2,0,5,0.9859096480703168
image-segmentation,5,8,PATH,0.14285714285714285,0,0,13,0.9438652582606623
image-segmentation,5,8,SKY,0.14285714285714285,0,0,3,0.9898989898989876
image-segmentation,5,8,WINDOW,0.14285714285714285,26,22,99,0.6665012485016207
image-segmentation,5,9,BRICKFACE,0.14285714285714285,0,0,10,0.9552942636177617
image-segmentation,5,9,CEMENT,0.14285714285714285,20,6,43,0.8583266460538564
image-segmentation,5,9,FOLIAGE,0.14285714285714285,43,39,250,0.17132744211893494
image-segmentation,5,9,GRASS,0.14285714285714285,2,0,5,0.9831664766729287
image-segmentation,5,9,PATH,0.14285714285714285,0,0,9,0.9556815426277377
image-segmentation,5,9,SKY,0.14285714285714285,0,0,3,0.9898989898989868
image-segmentation,5,9,WINDOW,0.14285714285714285,28,24,99,0.6620318647614486
image-segmentation,6,0,BRICKFACE,0.14285714285714285,0,0,9,0.9595805939150566
image-segmentation,6,0,CEMENT,0.14285714285714285,20,6,40,0.8597472567970565
image-segmentation,6,0,FOLIAGE,0.14285714285714285,45,40,246,0.17979958490673414
image-segmentation,6,0,GRASS,0.14285714285714285,2,0,5,0.9831672453075282
image-segmentation,6,0,PATH,0.14285714285714285,0,0,11,0.951831201209991
image-segmentation,6,0,SKY,0.14285714285714285,0,0,3,0.9898989898989861
image-segmentation,6,0,WINDOW,0.14285714285714285,22,17,93,0.6784868530361206
image-segmentation,6,1,BRICKFACE,0.14285714285714285,1,0,12,0.9479371577259107
image-segmentation,6,1,CEMENT,0.14285714285714285,19,6,41,0.8606123882038615
image-segmentation,6,1,FOLIAGE,0.14285714285714285,47,40,249,0.170849452477243
image-segmentation,6,1,GRASS,0.14285714285714285,2,0,4,0.9835885160018565
image-segmentation,6,1,PATH,0.14285714285714285,0,0,10,0.9532823422708044
image-segmentation,6,1,SKY,0.14285714285714285,0,0,3,0.9898989898989705
image-segmentation,6,1,WINDOW,0.14285714285714285,24,20,102,0.668428534486895
image-segmentation,6,2,BRICKFACE,0.14285714285714285,1,1,9,0.9560786749761464
image-segmentation,6,2,CEMENT,0.14285714285714285,22,6,46,0.8447004494957496
image-segmentation,6,2,FOLIAGE,0.14285714285714285,45,40,248,0.1764785427473917
image-segmentation,6,2,GRASS,0.14285714285714285,2,0,4,0.9855529799534015
image-segmentation,6,2,PATH,0.14285714285714285,0,0,10,0.9546560418441715
image-segmentation,6,2,SKY,0.14285714285714285,0,0,3,0.9898989898989775
image-segmentation,6,2,WINDOW,0.14285714285714285,26,21,94,0.6797463238407071
image-segmentation,6,3,BRICKFACE,0.14285714285714285,0,0,15,0.941263721088839
image-segmentation,6,3,CEMENT,0.14285714285714285,19,7,41,0.8626547871596938
image-segmentation,6,3,FOLIAGE,0.14285714285714285,45,37,228,0.23738407212081858
image-segmentation,6,3,GRASS,0.14285714285714285,1,0,5,0.9840042038059517
image-segmentation,6,3,PATH,0.14285714285714285,0,0,13,0.9479529020458332
image-segmentation,6,3,SKY,0.14285714285714285,0,0,2,0.993265993265991
image-segmentation,6,3,WINDOW,0.14285714285714285,26,24,89,0.696803208988975
image-segmentation,6,4,BRICKFACE,0.14285714285714285,0,0,9,0.9596830932287305
image-segmentation,6,4,CEMENT,0.14285714285714285,22,7,45,0.8540153527110698
image-segmentation,6,4,FOLIAGE,0.14285714285714285,47,41,247,0.17912746122975765
image-segmentation,6,4,GRASS,0.14285714285714285,2,0,6,0.9798813111249356
image-segmentation,6,4,PATH,0.14285714285714285,0,0,17,0.9336823323195115
image-segmentation,6,4,SKY,0.14285714285714285,0,0,3,0.9898990848434027
image-segmentation,6,4,WINDOW,0.14285714285714285,21,19,101,0.6541840711402515
image-segmentation,6,5,BRICKFACE,0.14285714285714285,1,0,9,0.9602318632055733
image-segmentation,6,5,CEMENT,0.14285714285714285,20,4,44,0.8518060221136641
image-segmentation,6,5,FOLIAGE,0.14285714285714285,40,34,247,0.18563281219239283
image-segmentation,6,5,GRASS,0.14285714285714285,2,0,4,0.9844063918998593
image-segmentation,6,5,PATH,0.14285714285714285,0,0,10,0.9565438728666397
image-segmentation,6,5,SKY,0.14285714285714285,0,0,3,0.9898989898989882
image-segmentation,6,5,WINDOW,0.14285714285714285,23,20,101,0.6623068470279212
image-segmentation,6,6,BRICKFACE,0.14285714285714285,0,0,8,0.9612179501766256
image-segmentation,6,6,CEMENT,0.14285714285714285,19,7,41,0.8624880761212607
image-segmentation,6,6,FOLIAGE,0.14285714285714285,41,37,245,0.1863225443404028
image-segmentation,6,6,GRASS,0.14285714285714285,2,0,6,0.9798157905807232
image-segmentation,6,6,PATH,0.14285714285714285,0,0,18,0.9347544608414727
image-segmentation,6,6,SKY,0.14285714285714285,0,0,3,0.9898989898989836
image-segmentation,6,6,WINDOW,0.14285714285714285,25,22,97,0.6651732151047416
image-segmentation,6,7,BRICKFACE,0.14285714285714285,0,0,10,0.9559654247487327
image-segmentation,6,7,CEMENT,0.14285714285714285,19,6,44,0.8548634611278607
image-segmentation,6,7,FOLIAGE,0.14285714285714285,44,38,247,0.182259497611302
image-segmentation,6,7,GRASS,0.14285714285714285,1,0,5,0.9851920902222144
image-segmentation,6,7,PATH,0.14285714285714285,0,0,15,0.9376702061911826
image-segmentation,6,7,SKY,0.14285714285714285,0,0,2,0.9932659932659883
image-segmentation,6,7,WINDOW,0.14285714285714285,19,18,94,0.6774187139407938
image-segmentation,6,8,BRICKFACE,0.14285714285714285,1,0,10,0.9570863711263784
image-segmentation,6,8,CEMENT,0.14285714285714285,18,5,40,0.8575719993787397
image-segmentation,6,8,FOLIAGE,0.14285714285714285,49,41,245,0.18657071032748157
image-segmentation,6,8,GRASS,0.14285714285714285,2,0,5,0.9861804641574606
image-segmentation,6,8,PATH,0.14285714285714285,0,0,11,0.9582037202191296
image-segmentation,6,8,SKY,0.14285714285714285,0,0,3,0.9898989898989857
image-segmentation,6,8,WINDOW,0.14285714285714285,27,24,102,0.6571332427334844
image-segmentation,6,9,BRICKFACE,0.14285714285714285,1,0,9,0.955677172181516
image-segmentation,6,9,CEMENT,0.14285714285714285,20,6,39,0.8717269387508598
image-segmentation,6,9,FOLIAGE,0.14285714285714285,46,41,250,0.17433585446799615
image-segmentation,6,9,GRASS,0.14285714285714285,2,0,4,0.9853515851896638
image-segmentation,6,9,PATH,0.14285714285714285,0,0,9,0.9599555231432437
image-segmentation,6,9,SKY,0.14285714285714285,0,0,3,0.98989898989899
image-segmentation,6,9,WINDOW,0.14285714285714285,29,26,96,0.6808343205118127
image-segmentation,7,0,BRICKFACE,0.14285714285714285,0,0,8,0.9606340541881462
image-segmentation,7,0,CEMENT,0.14285714285714285,23,7,42,0.8590615640263705
image-segmentation,7,0,FOLIAGE,0.14285714285714285,43,37,248,0.18323500154167782
image-segmentation,7,0,GRASS,0.14285714285714285,2,0,6,0.983164924892818
image-segmentation,7,0,PATH,0.14285714285714285,0,0,14,0.9443181764074557
image-segmentation,7,0,SKY,0.14285714285714285,0,0,3,0.9898989898985386
image-segmentation,7,0,WINDOW,0.14285714285714285,26,22,107,0.6468528767348144
image-segmentation,7,1,BRICKFACE,0.14285714285714285,1,0,10,0.953316606520947
image-segmentation,7,1,CEMENT,0.14285714285714285,19,6,44,0.8504417905444577
image-segmentation,7,1,FOLIAGE,0.14285714285714285,42,36,244,0.1864888406423876
image-segmentation,7,1,GRASS,0.14285714285714285,2,0,5,0.9807991152019081
image-segmentation,7,1,PATH,0.14285714285714285,0,0,12,0.9497621015139511
image-segmentation,7,1,SKY,0.14285714285714285,0,0,3,0.9898989898989818
image-segmentation,7,1,WINDOW,0.14285714285714285,29,25,96,0.6769497955278536
image-segmentation,7,2,BRICKFACE,0.14285714285714285,1,0,8,0.9604607719368523
image-segmentation,7,2,CEMENT,0.14285714285714285,19,6,39,0.8691712544313775
image-segmentation,7,2,FOLIAGE,0.14285714285714285,44,38,246,0.1803982014567435
image-segmentation,7,2,GRASS,0.14285714285714285,2,0,4,0.9853096047268259
image-segmentation,7,2,PATH,0.14285714285714285,0,0,14,0.9448375498858407
image-segmentation,7,2,SKY,0.14285714285714285,0,0,3,0.9898989898989886
image-segmentation,7,2,WINDOW,0.14285714285714285,22,21,95,0.6751623888140421
image-segmentation,7,3,BRICKFACE,0.14285714285714285,0,0,11,0.9525105611851515
image-segmentation,7,3,CEMENT,0.14285714285714285,21,6,42,0.8535354218034154
image-segmentation,7,3,FOLIAGE,0.14285714285714285,44,37,248,0.17339035067570005
image-segmentation,7,3,GRASS,0.14285714285714285,1,0,4,0.9874233284110071
image-segmentation,7,3,PATH,0.14285714285714285,0,0,17,0.938876754113772
image-segmentation,7,3,SKY,0.14285714285714285,0,0,3,0.9898989898989857
image-segmentation,7,3,WINDOW,0.14285714285714285,29,25,97,0.6730545567882987
image-segmentation,7,4,BRICKFACE,0.14285714285714285,0,0,9,0.9588938973159448
image-segmentation,7,4,CEMENT,0.14285714285714285,21,6,43,0.8597465708671176
image-segmentation,7,4,FOLIAGE,0.14285714285714285,44,38,249,0.1768177791857044
image-segmentation,7,4,GRASS,0.14285714285714285,2,0,4,0.9837114415562639
image-segmentation,7,4,PATH,0.14285714285714285,0,0,13,0.9438433580609973
image-segmentation,7,4,SKY,0.14285714285714285,0,0,2,0.9932659932659856
image-segmentation,7,4,WINDOW,0.14285714285714285,24,21,98,0.6687605699927132
image-segmentation,7,5,BRICKFACE,0.14285714285714285,2,2,12,0.9495358674378053
image-segmentation,7,5,CEMENT,0.14285714285714285,21,6,41,0.864710469962165
image-segmentation,7,5,FOLIAGE,0.14285714285714285,47,42,229,0.23385583030025311
image-segmentation,7,5,GRASS,0.14285714285714285,2,0,5,0.9832145742001229
image-segmentation,7,5,PATH,0.14285714285714285,0,0,11,0.9551276266797377
image-segmentation,7,5,SKY,0.14285714285714285,0,0,3,0.9898989898989887
image-segmentation,7,5,WINDOW,0.14285714285714285,25,21,87,0.6971158520553038
image-segmentation,7,6,BRICKFACE,0.14285714285714285,1,0,12,0.950323430444943
image-segmentation,7,6,CEMENT,0.14285714285714285,19,7,43,0.8537514027899301
image-segmentation,7,6,FOLIAGE,0.14285714285714285,44,36,245,0.19155314469616164
image-segmentation,7,6,GRASS,0.14285714285714285,1,0,5,0.9863850278856433
image-segmentation,7,6,PATH,0.14285714285714285,0,0,11,0.9529942835279335
image-segmentation,7,6,SKY,0.14285714285714285,0,0,2,0.9932659932659929
image-segmentation,7,6,WINDOW,0.14285714285714285,24,21,102,0.6651198849995797
image-segmentation,7,7,BRICKFACE,0.14285714285714285,0,0,8,0.9654834906685302
image-segmentation,7,7,CEMENT,0.14285714285714285,23,9,42,0.8574886475308118
image-segmentation,7,7,FOLIAGE,0.14285714285714285,47,39,247,0.18055867815476892
image-segmentation,7,7,GRASS,0.14285714285714285,2,0,4,0.984776263854837
image-segmentation,7,7,PATH,0.14285714285714285,0,0,10,0.9552663732607354
image-segmentation,7,7,SKY,0.14285714285714285,0,0,3,0.9898989898989836
image-segmentation,7,7,WINDOW,0.14285714285714285,21,17,104,0.6436453954045203
image-segmentation,7,8,BRICKFACE,0.14285714285714285,1,1,11,0.9521474032245885
image-segmentation,7,8,CEMENT,0.14285714285714285,20,8,41,0.8623429595819754
image-segmentation,7,8,FOLIAGE,0.14285714285714285,46,40,247,0.17584900469386291
image-segmentation,7,8,GRASS,0.14285714285714285,2,0,5,0.9831668730870261
image-segmentation,7,8,PATH,0.14285714285714285,0,0,11,0.9546529568081814
image-segmentation,7,8,SKY,0.14285714285714285,0,0,3,0.9898989898989847
image-segmentation,7,8,WINDOW,0.14285714285714285,26,23,98,0.6717498144646684
image-segmentation,7,9,BRICKFACE,0.14285714285714285,1,1,10,0.9551802894217462
image-segmentation,7,9,CEMENT,0.14285714285714285,19,7,45,0.8521625769589438
image-segmentation,7,9,FOLIAGE,0.14285714285714285,46,41,245,0.18517475508618159
image-segmentation,7,9,GRASS,0.14285714285714285,2,0,6,0.9798277196516006
image-segmentation,7,9,PATH,0.14285714285714285,0,0,11,0.9529517022230004
image-segmentation,7,9,SKY,0.14285714285714285,0,0,2,0.9932659932659929
image-segmentation,7,9,WINDOW,0.14285714285714285,28,24,90,0.6878475134260709
image-segmentation,8,0,BRICKFACE,0.14285714285714285,1,1,10,0.9552303606129089
image-segmentation,8,0,CEMENT,0.14285714285714285,20,7,46,0.8477362374671062
image-segmentation,8,0,FOLIAGE,0.14285714285714285,44,39,248,0.17155035801121088
image-segmentation,8,0,GRASS,0.14285714285714285,2,0,4,0.9843870677686598
image-segmentation,8,0,PATH,0.14285714285714285,0,0,11,0.9530385824362899
image-segmentation,8,0,SKY,0.14285714285714285,0,0,3,0.9898989898989788
image-segmentation,8,0,WINDOW,0.14285714285714285,25,21,99,0.6710941548241003
image-segmentation,8,1,BRICKFACE,0.14285714285714285,1,0,9,0.9595000870860169
image-segmentation,8,1,CEMENT,0.14285714285714285,20,6,43,0.8572114968790772
image-segmentation,8,1,FOLIAGE,0.14285714285714285,44,38,246,0.1778286171318596
image-segmentation,8,1,GRASS,0.14285714285714285,2,0,5,0.9854716956889613
image-segmentation,8,1,PATH,0.14285714285714285,0,0,8,0.960885562136078
image-segmentation,8,1,SKY,0.14285714285714285,0,0,3,0.9898989898989795
image-segmentation,8,1,WINDOW,0.14285714285714285,24,18,96,0.6755248086111563
image-segmentation,8,2,BRICKFACE,0.14285714285714285,1,1,7,0.9681155803826451
image-segmentation,8,2,CEMENT,0.14285714285714285,19,8,38,0.8760001884313195
image-segmentation,8,2,FOLIAGE,0.14285714285714285,40,35,245,0.19180239030371607
image-segmentation,8,2,GRASS,0.14285714285714285,2,0,4,0.9853335055817066
image-segmentation,8,2,PATH,0.14285714285714285,0,0,13,0.9478586241150815
image-segmentation,8,2,SKY,0.14285714285714285,0,0,2,0.993265993265987
image-segmentation,8,2,WINDOW,0.14285714285714285,24,21,92,0.6815643579169379
image-segmentation,8,3,BRICKFACE,0.14285714285714285,1,1,12,0.9496907010330329
image-segmentation,8,3,CEMENT,0.14285714285714285,19,7,40,0.8622772138987359
image-segmentation,8,3,FOLIAGE,0.14285714285714285,47,42,249,0.17653605412080245
image-segmentation,8,3,GRASS,0.14285714285714285,2,0,6,0.9816901057140447
image-segmentation,8,3,PATH,0.14285714285714285,0,0,18,0.9371274502511935
image-segmentation,8,3,SKY,0.14285714285714285,0,0,3,0.9898989898989895
image-segmentation,8,3,WINDOW,0.14285714285714285,26,23,98,0.6723053340688837
image-segmentation,8,4,BRICKFACE,0.14285714285714285,0,0,10,0.9547692493651079
image-segmentation,8,4,CEMENT,0.14285714285714285,20,7,40,0.8701079070041225
image-segmentation,8,4,FOLIAGE,0.14285714285714285,49,43,244,0.1895873510797813
image-segmentation,8,4,GRASS,0.14285714285714285,2,0,6,0.9819212058804783
image-segmentation,8,4,PATH,0.14285714285714285,0,0,15,0.9425395790749301
image-segmentation,8,4,SKY,0.14285714285714285,0,0,2,0.9932659932659921
image-segmentation,8,4,WINDOW,0.14285714285714285,26,23,102,0.6655257943744823
image-segmentation,8,5,BRICKFACE,0.14285714285714285,0,0,10,0.9526095097442235
image-segmentation,8,5,CEMENT,0.14285714285714285,21,6,45,0.848471067888224
image-segmentation,8,5,FOLIAGE,0.14285714285714285,43,39,229,0.2228111468571939
image-segmentation,8,5,GRASS,0.14285714285714285,2,0,5,0.9831681523249747
image-segmentation,8,5,PATH,0.14285714285714285,0,0,12,0.9467552434956907
image-segmentation,8,5,SKY,0.14285714285714285,0,0,3,0.9898989898989786
image-segmentation,8,5,WINDOW,0.14285714285714285,25,23,96,0.6732450111719065
image-segmentation,8,6,BRICKFACE,0.14285714285714285,1,1,12,0.9534793437488972
image-segmentation,8,6,CEMENT,0.14285714285714285,21,6,40,0.8643457353290532
image-segmentation,8,6,FOLIAGE,0.14285714285714285,40,35,249,0.174125299654682
image-segmentation,8,6,GRASS,0.14285714285714285,2,0,6,0.9800659717055554
image-segmentation,8,6,PATH,0.14285714285714285,0,0,13,0.9457133351451565
image-segmentation,8,6,SKY,0.14285714285714285,0,0,3,0.9898989898989807
image-segmentation,8,6,WINDOW,0.14285714285714285,21,17,97,0.6753415627862106
image-segmentation,8,7,BRICKFACE,0.14285714285714285,1,0,10,0.9567338736994699
image-segmentation,8,7,CEMENT,0.14285714285714285,20,5,45,0.8474144878622577
image-segmentation,8,7,FOLIAGE,0.14285714285714285,46,38,250,0.16770677223873912
image-segmentation,8,7,GRASS,0.14285714285714285,2,0,5,0.9831685975484085
image-segmentation,8,7,PATH,0.14285714285714285,0,0,9,0.9595270885702228
image-segmentation,8,7,SKY,0.14285714285714285,0,0,2,0.9932659932659923
image-segmentation,8,7,WINDOW,0.14285714285714285,24,20,101,0.6597661040429703
image-segmentation,8,8,BRICKFACE,0.14285714285714285,0,0,10,0.9562593663186424
image-segmentation,8,8,CEMENT,0.14285714285714285,21,6,43,0.8505389876820972
image-segmentation,8,8,FOLIAGE,0.14285714285714285,42,37,243,0.19115122304856508
image-segmentation,8,8,GRASS,0.14285714285714285,2,0,4,0.9856569016570101
image-segmentation,8,8,PATH,0.14285714285714285,0,0,14,0.9426901539882047
image-segmentation,8,8,SKY,0.14285714285714285,0,0,3,0.9898989898989813
image-segmentation,8,8,WINDOW,0.14285714285714285,28,25,98,0.6672700201919409
image-segmentation,8,9,BRICKFACE,0.14285714285714285,1,0,10,0.9516848100511806
image-segmentation,8,9,CEMENT,0.14285714285714285,21,6,45,0.8529370460165222
image-segmentation,8,9,FOLIAGE,0.14285714285714285,41,36,245,0.18613999791382999
image-segmentation,8,9,GRASS,0.14285714285714285,0,0,4,0.9892321327965858
image-segmentation,8,9,PATH,0.14285714285714285,0,0,11,0.9558691800133216
image-segmentation,8,9,SKY,0.14285714285714285,0,0,3,0.9898989898989872
image-segmentation,8,9,WINDOW,0.14285714285714285,24,20,95,0.6754599888251978
image-segmentation,9,0,BRICKFACE,0.14285714285714285,1,0,10,0.9540891775924589
image-segmentation,9,0,CEMENT,0.14285714285714285,21,6,42,0.8559509233860205
image-segmentation,9,0,FOLIAGE,0.14285714285714285,40,36,244,0.18721914125633046
image-segmentation,9,0,GRASS,0.14285714285714285,2,0,6,0.981007484656993
image-segmentation,9,0,PATH,0.14285714285714285,0,0,11,0.9568547605922321
image-segmentation,9,0,SKY,0.14285714285714285,0,0,3,0.9898989898989868
image-segmentation,9,0,WINDOW,0.14285714285714285,29,24,94,0.6786288902800378
image-segmentation,9,1,BRICKFACE,0.14285714285714285,1,1,9,0.957981686450633
image-segmentation,9,1,CEMENT,0.14285714285714285,23,9,43,0.8552886819699044
image-segmentation,9,1,FOLIAGE,0.14285714285714285,46,40,250,0.17818617827515612
image-segmentation,9,1,GRASS,0.14285714285714285,2,0,4,0.9855574717201627
image-segmentation,9,1,PATH,0.14285714285714285,0,0,13,0.9478695846829832
image-segmentation,9,1,SKY,0.14285714285714285,0,0,3,0.9898989898989865
image-segmentation,9,1,WINDOW,0.14285714285714285,20,19,101,0.6614999633155798
image-segmentation,9,2,BRICKFACE,0.14285714285714285,0,0,7,0.9682995260078703
image-segmentation,9,2,CEMENT,0.14285714285714285,19,6,43,0.8585789672914627
image-segmentation,9,2,FOLIAGE,0.14285714285714285,48,42,246,0.17584396291946253
image-segmentation,9,2,GRASS,0.14285714285714285,2,0,4,0.9856741566658443
image-segmentation,9,2,PATH,0.14285714285714285,1,1,9,0.9588130065077053
image-segmentation,9,2,SKY,0.14285714285714285,0,0,3,0.9898989898989887
image-segmentation,9,2,WINDOW,0.14285714285714285,24,23,105,0.6438469164784978
image-segmentation,9,3,BRICKFACE,0.14285714285714285,1,1,9,0.956850310644053
image-segmentation,9,3,CEMENT,0.14285714285714285,20,5,40,0.8610395129498023
image-segmentation,9,3,FOLIAGE,0.14285714285714285,42,37,246,0.1838677118239786
image-segmentation,9,3,GRASS,0.14285714285714285,2,0,4,0.9856637072907344
image-segmentation,9,3,PATH,0.14285714285714285,0,0,12,0.9507520159195002
image-segmentation,9,3,SKY,0.14285714285714285,0,0,3,0.9899385668858641
image-segmentation,9,3,WINDOW,0.14285714285714285,27,23,98,0.6708356928005361
image-segmentation,9,4,BRICKFACE,0.14285714285714285,1,0,11,0.949482655147303
image-segmentation,9,4,CEMENT,0.14285714285714285,21,7,44,0.8495242337154462
image-segmentation,9,4,FOLIAGE,0.14285714285714285,43,38,235,0.21179765953589108
image-segmentation,9,4,GRASS,0.14285714285714285,2,0,6,0.9798114798234787
image-segmentation,9,4,PATH,0.14285714285714285,0,0,12,0.9498599275158233
image-segmentation,9,4,SKY,0.14285714285714285,0,0,3,0.989898989898988
image-segmentation,9,4,WINDOW,0.14285714285714285,21,18,91,0.6929307563436772
image-segmentation,9,5,BRICKFACE,0.14285714285714285,1,0,8,0.9647699472484776
image-segmentation,9,5,CEMENT,0.14285714285714285,18,4,39,0.8700877136194227
image-segmentation,9,5,FOLIAGE,0.14285714285714285,46,40,248,0.17472471945938214
image-segmentation,9,5,GRASS,0.14285714285714285,2,0,3,0.9897751387079299
image-segmentation,9,5,PATH,0.14285714285714285,0,0,11,0.9498485244089809
image-segmentation,9,5,SKY,0.14285714285714285,0,0,2,0.9932659932659933
image-segmentation,9,5,WINDOW,0.14285714285714285,23,19,95,0.6713031612492618
image-segmentation,9,6,BRICKFACE,0.14285714285714285,1,0,13,0.9473360914854305
image-segmentation,9,6,CEMENT,0.14285714285714285,20,7,41,0.8611838478225639
image-segmentation,9,6,FOLIAGE,0.14285714285714285,46,40,244,0.19122222039775622
image-segmentation,9,6,GRASS,0.14285714285714285,1,0,3,0.9886198071992292
image-segmentation,9,6,PATH,0.14285714285714285,0,0,12,0.9515350783517956
image-segmentation,9,6,SKY,0.14285714285714285,0,0,3,0.9898989898989778
image-segmentation,9,6,WINDOW,0.14285714285714285,27,24,99,0.6715265487895908
image-segmentation,9,7,BRICKFACE,0.14285714285714285,0,0,14,0.9407961305364443
image-segmentation,9,7,CEMENT,0.14285714285714285,20,6,44,0.8497084807998208
image-segmentation,9,7,FOLIAGE,0.14285714285714285,42,35,249,0.17622191071272905
image-segmentation,9,7,GRASS,0.14285714285714285,1,0,3,0.9898989277802147
image-segmentation,9,7,PATH,0.14285714285714285,0,0,16,0.9434558785199282
image-segmentation,9,7,SKY,0.14285714285714285,0,0,2,0.9932659932659904
image-segmentation,9,7,WINDOW,0.14285714285714285,26,20,90,0.6965260108960548
image-segmentation,9,8,BRICKFACE,0.14285714285714285,1,0,10,0.956054379557686
image-segmentation,9,8,CEMENT,0.14285714285714285,19,7,41,0.8620113473992589
image-segmentation,9,8,FOLIAGE,0.14285714285714285,46,39,245,0.1843145347411452
image-segmentation,9,8,GRASS,0.14285714285714285,2,0,4,0.9840835856325733
image-segmentation,9,8,PATH,0.14285714285714285,0,0,12,0.9505568961513375
image-segmentation,9,8,SKY,0.14285714285714285,0,0,3,0.9898989898989776
image-segmentation,9,8,WINDOW,0.14285714285714285,23,21,100,0.6666844954133793
image-segmentation,9,9,BRICKFACE,0.14285714285714285,0,0,11,0.9550691352525682
image-segmentation,9,9,CEMENT,0.14285714285714285,18,5,41,0.8640771070550021
image-segmentation,9,9,FOLIAGE,0.14285714285714285,42,35,246,0.1879604072956188
image-segmentation,9,9,GRASS,0.14285714285714285,2,0,5,0.983167011627523
image-segmentation,9,9,PATH,0.14285714285714285,0,0,15,0.938441535464424
image-segmentation,9,9,SKY,0.14285714285714285,0,0,3,0.9898989898989788
image-segmentation,9,9,WINDOW,0.14285714285714285,23,21,100,0.66431027912864
tic-tac-toe,0,0,negative,0.3468677494199536,142,142,169,0.4725290624221088
tic-tac-toe,0,0,positive,0.6531322505800464,10,10,79,0.7227543749759463
tic-tac-toe,0,1,negative,0.3468677494199536,142,142,167,0.47337295328265366
tic-tac-toe,0,1,positive,0.6531322505800464,4,4,78,0.7239914517728482
tic-tac-toe,0,2,negative,0.3468677494199536,162,162,182,0.46965851322848445
tic-tac-toe,0,2,positive,0.6531322505800464,4,4,73,0.7199914393056772
tic-tac-toe,0,3,negative,0.3468677494199536,135,135,163,0.48826719423005466
tic-tac-toe,0,3,positive,0.6531322505800464,9,9,84,0.7302789211859866
tic-tac-toe,0,4,negative,0.3468677494199536,159,159,180,0.46846107739411125
tic-tac-toe,0,4,positive,0.6531322505800464,6,6,72,0.7200787021441865
tic-tac-toe,0,5,negative,0.3468677494199536,142,142,162,0.4845850726393229
tic-tac-toe,0,5,positive,0.6531322505800464,8,8,91,0.7267535490173878
tic-tac-toe,0,6,negative,0.345707656612529,140,140,168,0.46972366920129716
tic-tac-toe,0,6,positive,0.654292343387471,12,12,96,0.7225593673100068
tic-tac-toe,0,7,negative,0.345707656612529,141,141,167,0.4820849371249949
tic-tac-toe,0,7,positive,0.654292343387471,11,11,88,0.7291927218075055
tic-tac-toe,0,8,negative,0.3464658169177289,142,142,166,0.4817558176366566
tic-tac-toe,0,8,positive,0.6535341830822712,5,5,85,0.7267753897775201
tic-tac-toe,0,9,negative,0.3464658169177289,150,150,174,0.4736073094022895
tic-tac-toe,0,9,positive,0.6535341830822712,3,3,82,0.7233153887129186
tic-tac-toe,1,0,negative,0.3468677494199536,140,140,167,0.477320222897618
tic-tac-toe,1,0,positive,0.6531322505800464,10,10,85,0.7246413619918686
tic-tac-toe,1,1,negative,0.3468677494199536,143,143,167,0.47924229852925104
tic-tac-toe,1,1,positive,0.6531322505800464,12,12,89,0.7263153375192396
tic-tac-toe,1,2,negative,0.3468677494199536,143,143,169,0.48043848340190665
tic-tac-toe,1,2,positive,0.6531322505800464,7,7,83,0.7253469964439849
tic-tac-toe,1,3,negative,0.3468677494199536,148,148,174,0.4720593395049168
tic-tac-toe,1,3,positive,0.6531322505800464,4,4,79,0.7227202496014161
tic-tac-toe,1,4,negative,0.3468677494199536,146,146,171,0.4754168606437907
tic-tac-toe,1,4,positive,0.6531322505800464,7,7,79,0.7229493305203745
tic-tac-toe,1,5,negative,0.3468677494199536,138,138,166,0.47528980020529804
tic-tac-toe,1,5,positive,0.6531322505800464,12,12,90,0.7240529337900092
tic-tac-toe,1,6,negative,0.345707656612529,139,139,170,0.4690345898567318
tic-tac-toe,1,6,positive,0.654292343387471,9,9,82,0.7226161956757272
tic-tac-toe,1,7,negative,0.345707656612529,149,149,172,0.4814691840503064
tic-tac-toe,1,7,positive,0.654292343387471,5,5,79,0.7272822531518578
tic-tac-toe,1,8,negative,0.3464658169177289,166,166,173,0.47730791119843835
tic-tac-toe,1,8,positive,0.6535341830822712,6,6,79,0.7243868563440463
tic-tac-toe,1,9,negative,0.3464658169177289,140,140,168,0.47663064356339724
tic-tac-toe,1,9,positive,0.6535341830822712,14,14,90,0.7255462130325107
tic-tac-toe,2,0,negative,0.3468677494199536,146,146,168,0.4783794232200654
tic-tac-toe,2,0,positive,0.6531322505800464,6,6,91,0.7253914436991586
tic-tac-toe,2,1,negative,0.3468677494199536,138,138,165,0.482245515352027
tic-tac-toe,2,1,positive,0.6531322505800464,11,11,88,0.7278979204599318
tic-tac-toe,2,2,negative,0.3468677494199536,142,142,167,0.47694494516244096
tic-tac-toe,2,2,positive,0.6531322505800464,7,7,83,0.7240725590106342
tic-tac-toe,2,3,negative,0.3468677494199536,142,142,168,0.4766488130417382
tic-tac-toe,2,3,positive,0.6531322505800464,9,9,78,0.7244072595582006
tic-tac-toe,2,4,negative,0.3468677494199536,141,141,169,0.4772855967183278
tic-tac-toe,2,4,positive,0.6531322505800464,7,7,85,0.724795143479954
tic-tac-toe,2,5,negative,0.3468677494199536,155,155,176,0.4710384321496657
tic-tac-toe,2,5,positive,0.6531322505800464,9,9,81,0.7209999834515579
tic-tac-toe,2,6,negative,0.345707656612529,141,141,166,0.4745646183961019
tic-tac-toe,2,6,positive,0.654292343387471,9,9,96,0.7246288457279955
tic-tac-toe,2,7,negative,0.345707656612529,146,146,174,0.47451583586430957
tic-tac-toe,2,7,positive,0.654292343387471,7,7,74,0.7247220709250372
tic-tac-toe,2,8,negative,0.3464658169177289,142,142,170,0.4698160501269066
tic-tac-toe,2,8,positive,0.6535341830822712,4,4,83,0.721863441975507
tic-tac-toe,2,9,negative,0.3464658169177289,144,144,163,0.48239362435998484
tic-tac-toe,2,9,positive,0.6535341830822712,7,7,86,0.7268523439293249
tic-tac-toe,3,0,negative,0.3468677494199536,152,152,167,0.4712713492014282
tic-tac-toe,3,0,positive,0.6531322505800464,9,9,85,0.722053270879327
tic-tac-toe,3,1,negative,0.3468677494199536,145,145,170,0.47988559607539694
tic-tac-toe,3,1,positive,0.6531322505800464,10,10,87,0.7260833009252944
tic-tac-toe,3,2,negative,0.3468677494199536,150,150,176,0.473824949602487
tic-tac-toe,3,2,positive,0.6531322505800464,4,4,78,0.7222945049710523
tic-tac-toe,3,3,negative,0.3468677494199536,146,146,171,0.47849617506775044
tic-tac-toe,3,3,positive,0.6531322505800464,6,6,86,0.7251584134241362
tic-tac-toe,3,4,negative,0.3468677494199536,146,146,170,0.4780829410204152
tic-tac-toe,3,4,positive,0.6531322505800464,9,9,83,0.7253003306475136
tic-tac-toe,3,5,negative,0.3468677494199536,142,142,164,0.4802311365377858
tic-tac-toe,3,5,positive,0.6531322505800464,8,8,78,0.7268551262723913
tic-tac-toe,3,6,negative,0.345707656612529,141,141,167,0.4790653583744158
tic-tac-toe,3,6,positive,0.654292343387471,12,12,83,0.726607259468718
tic-tac-toe,3,7,negative,0.345707656612529,149,149,174,0.4692307179928364
tic-tac-toe,3,7,positive,0.654292343387471,14,14,77,0.7217144966246913
tic-tac-toe,3,8,negative,0.3464658169177289,148,148,173,0.4697054771327408
tic-tac-toe,3,8,positive,0.6535341830822712,6,6,77,0.7210204430662913
tic-tac-toe,3,9,negative,0.3464658169177289,146,146,168,0.48572604544710674
tic-tac-toe,3,9,positive,0.6535341830822712,7,7,85,0.7291714203331513
tic-tac-toe,4,0,negative,0.3468677494199536,150,150,169,0.47840631629707137
tic-tac-toe,4,0,positive,0.6531322505800464,9,9,86,0.7255642119261502
tic-tac-toe,4,1,negative,0.3468677494199536,153,153,169,0.4797202651998737
tic-tac-toe,4,1,positive,0.6531322505800464,4,4,86,0.7255172142784201
tic-tac-toe,4,2,negative,0.3468677494199536,138,138,164,0.4795507823967015
tic-tac-toe,4,2,positive,0.6531322505800464,4,4,83,0.7261206918261803
tic-tac-toe,4,3,negative,0.3468677494199536,158,158,176,0.47142500741470666
tic-tac-toe,4,3,positive,0.6531322505800464,9,9,81,0.7217497400973345
tic-tac-toe,4,4,negative,0.3468677494199536,149,149,175,0.47979791977072295
tic-tac-toe,4,4,positive,0.6531322505800464,8,8,79,0.7255235294181446
tic-tac-toe,4,5,negative,0.3468677494199536,145,145,170,0.4769013433881087
tic-tac-toe,4,5,positive,0.6531322505800464,11,11,79,0.724504382480173
tic-tac-toe,4,6,negative,0.345707656612529,144,144,164,0.4764132002937149
tic-tac-toe,4,6,positive,0.654292343387471,10,10,73,0.7265865286747447
tic-tac-toe,4,7,negative,0.345707656612529,162,162,169,0.4747090192891616
tic-tac-toe,4,7,positive,0.654292343387471,4,4,81,0.7245435433649334
tic-tac-toe,4,8,negative,0.3464658169177289,142,142,170,0.4770852214945824
tic-tac-toe,4,8,positive,0.6535341830822712,12,12,83,0.7249828119583254
tic-tac-toe,4,9,negative,0.3464658169177289,153,153,174,0.4717790232627018
tic-tac-toe,4,9,positive,0.6535341830822712,4,4,79,0.722004150108821
tic-tac-toe,5,0,negative,0.3468677494199536,158,158,181,0.4738111296042953
tic-tac-toe,5,0,positive,0.6531322505800464,8,8,77,0.7224428137180036
tic-tac-toe,5,1,negative,0.3468677494199536,141,141,170,0.4742087026998682
tic-tac-toe,5,1,positive,0.6531322505800464,8,8,76,0.7228482408866787
tic-tac-toe,5,2,negative,0.3468677494199536,139,139,165,0.48458526161601945
tic-tac-toe,5,2,positive,0.6531322505800464,10,10,88,0.7277932503005253
tic-tac-toe,5,3,negative,0.3468677494199536,151,151,172,0.47314428133753306
tic-tac-toe,5,3,positive,0.6531322505800464,7,7,83,0.7225101614901362
tic-tac-toe,5,4,negative,0.3468677494199536,160,160,180,0.46759589854379374
tic-tac-toe,5,4,positive,0.6531322505800464,4,4,72,0.719363230358128
tic-tac-toe,5,5,negative,0.3468677494199536,144,144,171,0.47224003513808843
tic-tac-toe,5,5,positive,0.6531322505800464,7,7,82,0.7227640854601634
tic-tac-toe,5,6,negative,0.345707656612529,137,137,162,0.4817905718166444
tic-tac-toe,5,6,positive,0.654292343387471,14,14,91,0.7282129837926705
tic-tac-toe,5,7,negative,0.345707656612529,144,144,161,0.48260211109734624
tic-tac-toe,5,7,positive,0.654292343387471,4,4,86,0.7285194957484551
tic-tac-toe,5,8,negative,0.3464658169177289,137,137,166,0.4813129200790165
tic-tac-toe,5,8,positive,0.6535341830822712,10,10,87,0.7272799413199753
tic-tac-toe,5,9,negative,0.3464658169177289,142,142,173,0.4741105613163331
tic-tac-toe,5,9,positive,0.6535341830822712,6,6,85,0.7241232894379159
tic-tac-toe,6,0,negative,0.3468677494199536,144,144,174,0.478084498269268
tic-tac-toe,6,0,positive,0.6531322505800464,4,4,72,0.7251179802356323
tic-tac-toe,6,1,negative,0.3468677494199536,138,138,166,0.4739427488765144
tic-tac-toe,6,1,positive,0.6531322505800464,12,12,82,0.7233576645966959
tic-tac-toe,6,2,negative,0.3468677494199536,142,142,172,0.47742948461206675
tic-tac-toe,6,2,positive,0.6531322505800464,6,6,85,0.7249274075151975
tic-tac-toe,6,3,negative,0.3468677494199536,146,146,172,0.4737787438341539
tic-tac-toe,6,3,positive,0.6531322505800464,13,13,87,0.7234794072282462
tic-tac-toe,6,4,negative,0.3468677494199536,149,149,167,0.4789199937151266
tic-tac-toe,6,4,positive,0.6531322505800464,11,11,86,0.7252402165879727
tic-tac-toe,6,5,negative,0.3468677494199536,142,142,170,0.4759492889946034
tic-tac-toe,6,5,positive,0.6531322505800464,7,7,82,0.7236571460289819
tic-tac-toe,6,6,negative,0.345707656612529,149,149,171,0.4742736982768815
tic-tac-toe,6,6,positive,0.654292343387471,7,7,81,0.7244952353724099
tic-tac-toe,6,7,negative,0.345707656612529,139,139,167,0.4749418753661399
tic-tac-toe,6,7,positive,0.654292343387471,8,8,82,0.7242310957404668
tic-tac-toe,6,8,negative,0.3464658169177289,135,135,163,0.48301654638598895
tic-tac-toe,6,8,positive,0.6535341830822712,11,11,93,0.7278261677229172
tic-tac-toe,6,9,negative,0.3464658169177289,147,147,171,0.47323717543061555
tic-tac-toe,6,9,positive,0.6535341830822712,13,13,88,0.7229911951617888
tic-tac-toe,7,0,negative,0.3468677494199536,148,148,170,0.478320597980824
tic-tac-toe,7,0,positive,0.6531322505800464,4,4,82,0.7248637904275654
tic-tac-toe,7,1,negative,0.3468677494199536,147,147,167,0.4756244761131549
tic-tac-toe,7,1,positive,0.6531322505800464,8,8,88,0.7240987882168455
tic-tac-toe,7,2,negative,0.3468677494199536,139,139,164,0.48781931831431036
tic-tac-toe,7,2,positive,0.6531322505800464,10,10,93,0.7294036300630603
tic-tac-toe,7,3,negative,0.3468677494199536,150,150,173,0.4766757304862105
tic-tac-toe,7,3,positive,0.6531322505800464,3,3,87,0.7239278373138315
tic-tac-toe,7,4,negative,0.3468677494199536,151,151,171,0.472380579161418
tic-tac-toe,7,4,positive,0.6531322505800464,6,6,79,0.7227692598756845
tic-tac-toe,7,5,negative,0.3468677494199536,147,147,173,0.4683554241899371
tic-tac-toe,7,5,positive,0.6531322505800464,6,6,88,0.7201531914868341
tic-tac-toe,7,6,negative,0.345707656612529,139,139,168,0.4758044976605566
tic-tac-toe,7,6,positive,0.654292343387471,6,6,75,0.7253158829628882
tic-tac-toe,7,7,negative,0.345707656612529,138,138,163,0.4788256874560905
tic-tac-toe,7,7,positive,0.654292343387471,5,5,81,0.7275578382305824
tic-tac-toe,7,8,negative,0.3464658169177289,152,152,174,0.47269304994960254
tic-tac-toe,7,8,positive,0.6535341830822712,9,9,78,0.7223348231494512
tic-tac-toe,7,9,negative,0.3464658169177289,146,146,170,0.4780225687301973
tic-tac-toe,7,9,positive,0.6535341830822712,11,11,86,0.7253124201436348
tic-tac-toe,8,0,negative,0.3468677494199536,148,148,170,0.46981713920298473
tic-tac-toe,8,0,positive,0.6531322505800464,12,12,88,0.7213172830895063
tic-tac-toe,8,1,negative,0.3468677494199536,148,148,166,0.47513561645691127
tic-tac-toe,8,1,positive,0.6531322505800464,5,5,87,0.722705423264873
tic-tac-toe,8,2,negative,0.3468677494199536,139,139,168,0.47369770691729235
tic-tac-toe,8,2,positive,0.6531322505800464,11,11,79,0.72348721872317
tic-tac-toe,8,3,negative,0.3468677494199536,142,142,173,0.4688110187979437
tic-tac-toe,8,3,positive,0.6531322505800464,9,9,79,0.7207890191918117
tic-tac-toe,8,4,negative,0.3468677494199536,141,141,169,0.4834320036584082
tic-tac-toe,8,4,positive,0.6531322505800464,10,10,86,0.7267270567770946
tic-tac-toe,8,5,negative,0.3468677494199536,141,141,167,0.4824851929768651
tic-tac-toe,8,5,positive,0.6531322505800464,10,10,75,0.7267881764577363
tic-tac-toe,8,6,negative,0.345707656612529,138,138,163,0.4816516199362757
tic-tac-toe,8,6,positive,0.654292343387471,8,8,89,0.7285017690450903
tic-tac-toe,8,7,negative,0.345707656612529,146,146,163,0.47909035548277656
tic-tac-toe,8,7,positive,0.654292343387471,14,14,85,0.727600161298085
tic-tac-toe,8,8,negative,0.3464658169177289,148,148,176,0.47598614979959425
tic-tac-toe,8,8,positive,0.6535341830822712,10,10,81,0.7248049529400975
tic-tac-toe,8,9,negative,0.3464658169177289,153,153,172,0.47352693045494515
tic-tac-toe,8,9,positive,0.6535341830822712,10,10,91,0.7229999469748059
tic-tac-toe,9,0,negative,0.3468677494199536,142,142,166,0.48067319317318685
tic-tac-toe,9,0,positive,0.6531322505800464,10,10,84,0.7264129750070155
tic-tac-toe,9,1,negative,0.3468677494199536,141,141,167,0.4787415987670663
tic-tac-toe,9,1,positive,0.6531322505800464,11,11,83,0.7256455463420446
tic-tac-toe,9,2,negative,0.3468677494199536,150,150,173,0.4731450631719913
tic-tac-toe,9,2,positive,0.6531322505800464,6,6,81,0.7216646208978161
tic-tac-toe,9,3,negative,0.3468677494199536,144,144,169,0.48226045818634067
tic-tac-toe,9,3,positive,0.6531322505800464,8,8,87,0.7264812580397786
tic-tac-toe,9,4,negative,0.3468677494199536,140,140,167,0.4750324334467234
tic-tac-toe,9,4,positive,0.6531322505800464,8,8,89,0.7237999354390979
tic-tac-toe,9,5,negative,0.3468677494199536,151,151,175,0.47038222186672485
tic-tac-toe,9,5,positive,0.6531322505800464,7,7,74,0.7210435514716222
tic-tac-toe,9,6,negative,0.345707656612529,150,150,173,0.47653953213186495
tic-tac-toe,9,6,positive,0.654292343387471,8,8,83,0.7258882468201803
tic-tac-toe,9,7,negative,0.345707656612529,158,158,171,0.4748905279970079
tic-tac-toe,9,7,positive,0.654292343387471,8,8,91,0.7250887610868337
tic-tac-toe,9,8,negative,0.3464658169177289,141,141,167,0.476899198177448
tic-tac-toe,9,8,positive,0.6535341830822712,6,6,88,0.7252038405577609
tic-tac-toe,9,9,negative,0.3464658169177289,150,150,180,0.4751472949837022
tic-tac-toe,9,9,positive,0.6535341830822712,8,8,78,0.7238445643712296
nsl-kdd,0,0,back,0.0077628793225123505,3,3,6,0.9641379520317773
nsl-kdd,0,0,buffer_overflow,0.0002205363443895554,2,1,2,0.6611807730915022
nsl-kdd,0,0,ftp_write,4.410726887791108e-05,0,0,0,0.7575796719879677
nsl-kdd,0,0,guess_passwd,0.00039696541990119974,0,0,0,0.997553339877264
nsl-kdd,0,0,imap,0.0002205363443895554,2,2,4,0.1989262213165167
nsl-kdd,0,0,ipsweep,0.02818454481298518,15,10,639,0.02049824999724329
nsl-kdd,0,0,land,4.410726887791108e-05,1,0,1,0.004027224238361655
nsl-kdd,0,0,multihop,8.821453775582216e-05,2,0,2,0.06813507977986588
nsl-kdd,0,0,neptune,0.3287314749470713,0,0,0,0.9992740013996055
nsl-kdd,0,0,nmap,0.011953069865913903,33,0,42,0.8388442468946228
nsl-kdd,0,0,normal,0.5338743824982357,131,58,5745,0.5071407036605847
nsl-kdd,0,0,phf,8.821453775582216e-05,0,0,0,0.9977039817672657
nsl-kdd,0,0,pod,0.0014996471418489768,0,0,0,0.9872583850503593
nsl-kdd,0,0,portsweep,0.023332745236414962,10,0,329,0.37693102943117096
nsl-kdd,0,0,rootkit,0.00017642907551164433,3,1,3,0.2873427860447303
nsl-kdd,0,0,satan,0.027434721242060693,51,4,398,0.34554027175450797
nsl-kdd,0,0,smurf,0.020995059985885675,4,0,4,0.9870538448066754
nsl-kdd,0,0,spy,4.410726887791108e-05,1,1,0,0.9970238515017444
nsl-kdd,0,0,teardrop,0.007454128440366973,0,0,0,0.9767024831301151
nsl-kdd,0,0,warezclient,0.007189484827099506,17,6,145,0.18372027299561056
nsl-kdd,0,0,warezmaster,0.0002646436132674665,2,2,2,0.666810361715851
nsl-kdd,0,1,back,0.0077628793225123505,4,4,7,0.9617862855346773
nsl-kdd,0,1,buffer_overflow,0.0002205363443895554,1,0,0,0.9744178749412175
nsl-kdd,0,1,ftp_write,4.410726887791108e-05,0,0,0,0.93774043574579
nsl-kdd,0,1,guess_passwd,0.00039696541990119974,0,0,0,0.9973899007901572
nsl-kdd,0,1,imap,0.0002205363443895554,3,2,4,0.19890868732563688
nsl-kdd,0,1,ipsweep,0.02818454481298518,7,1,77,0.7965962786572464
nsl-kdd,0,1,land,4.410726887791108e-05,1,0,1,0.003911267443356146
nsl-kdd,0,1,loadmodule,4.410726887791108e-05,0,0,0,0.9873920503842781
nsl-kdd,0,1,multihop,8.821453775582216e-05,2,0,2,0.0691908960549346
nsl-kdd,0,1,neptune,0.3287755822159492,0,0,0,0.9992211602750142
nsl-kdd,0,1,nmap,0.011953069865913903,47,8,237,0.22269760024306953
nsl-kdd,0,1,normal,0.5338743824982357,139,86,4720,0.5840891949724287
nsl-kdd,0,1,phf,8.821453775582216e-05,0,0,0,0.9978878578910902
nsl-kdd,0,1,pod,0.0014996471418489768,0,0,0,0.9929198173156896
nsl-kdd,0,1,portsweep,0.023332745236414962,17,1,338,0.3600430294255537
nsl-kdd,0,1,rootkit,0.00017642907551164433,3,1,3,0.2975858758991557
nsl-kdd,0,1,satan,0.027434721242060693,53,3,405,0.33431459764612
nsl-kdd,0,1,smurf,0.020995059985885675,0,0,3,0.9859535421337519
nsl-kdd,0,1,teardrop,0.007454128440366973,0,0,0,0.9752386470592516
nsl-kdd,0,1,warezclient,0.007145377558221595,20,8,141,0.19220694878954994
nsl-kdd,0,1,warezmaster,0.0002646436132674665,2,2,2,0.6667928546662644
nsl-kdd,0,2,back,0.007806642261720989,5,5,7,0.960888717628826
nsl-kdd,0,2,buffer_overflow,0.00022052661756273982,2,1,2,0.6917058754961596
nsl-kdd,0,2,guess_passwd,0.00039694791161293166,0,0,0,0.9977779334987203
nsl-kdd,0,2,imap,0.00022052661756273982,3,2,4,0.19874909802035126
nsl-kdd,0,2,ipsweep,0.028183301724518148,16,11,639,0.019721441804154506
nsl-kdd,0,2,land,4.410532351254797e-05,1,0,1,0.003959093787606935
nsl-kdd,0,2,loadmodule,4.410532351254797e-05,0,0,0,0.8531996340844793
nsl-kdd,0,2,multihop,8.821064702509593e-05,2,0,2,0.0648036622758158
nsl-kdd,0,2,neptune,0.3287610814625325,0,0,0,0.9991496492109124
nsl-kdd,0,2,nmap,0.011952542671900499,36,0,47,0.8332682946164619
nsl-kdd,0,2,normal,0.5338508357958806,143,69,5916,0.4992010618570766
nsl-kdd,0,2,phf,8.821064702509593e-05,0,0,0,0.9972681928947699
nsl-kdd,0,2,pod,0.0014995809994266308,1,0,1,0.967983455558277
nsl-kdd,0,2,portsweep,0.023287610814625326,16,1,336,0.3627499178436955
nsl-kdd,0,2,rootkit,0.00017642129405019187,3,1,3,0.2799625819488301
nsl-kdd,0,2,satan,0.027433511224804835,55,1,396,0.3543718258981041
nsl-kdd,0,2,smurf,0.020994133991972832,0,0,0,0.9945372502771062
nsl-kdd,0,2,spy,4.410532351254797e-05,1,1,0,0.9969331116013559
nsl-kdd,0,2,teardrop,0.007453799673620606,0,0,0,0.9747097304532212
nsl-kdd,0,2,warezclient,0.0071891677325453185,20,7,142,0.18295306436558686
nsl-kdd,0,2,warezmaster,0.0002646319410752878,2,2,2,0.6668137156404744
nsl-kdd,0,3,back,0.007806642261720989,2,2,7,0.962661379690181
nsl-kdd,0,3,buffer_overflow,0.00022052661756273982,1,0,1,0.8090789463868985
nsl-kdd,0,3,ftp_write,4.410532351254797e-05,0,0,0,0.745371023860068
nsl-kdd,0,3,guess_passwd,0.00039694791161293166,0,0,0,0.9975416042577986
nsl-kdd,0,3,imap,0.00022052661756273982,4,2,4,0.20158437224211184
nsl-kdd,0,3,ipsweep,0.028183301724518148,17,5,639,0.019049376419236347
nsl-kdd,0,3,land,4.410532351254797e-05,1,0,1,0.004051311984972727
nsl-kdd,0,3,loadmodule,4.410532351254797e-05,0,0,0,0.8247851682916337
nsl-kdd,0,3,multihop,4.410532351254797e-05,1,0,0,0.9997463874814928
nsl-kdd,0,3,neptune,0.3287610814625325,0,0,0,0.9992745439605129
nsl-kdd,0,3,nmap,0.011952542671900499,39,1,46,0.8357432574614712
nsl-kdd,0,3,normal,0.5338508357958806,146,65,6507,0.47057359821393197
nsl-kdd,0,3,phf,8.821064702509593e-05,0,0,0,0.9978328850714402
nsl-kdd,0,3,pod,0.0014995809994266308,1,0,1,0.9678624666045247
nsl-kdd,0,3,portsweep,0.023287610814625326,14,0,332,0.37011185152750686
nsl-kdd,0,3,rootkit,0.00017642129405019187,3,1,3,0.28929110677705117
nsl-kdd,0,3,satan,0.027433511224804835,54,4,399,0.3449283229849973
nsl-kdd,0,3,smurf,0.020994133991972832,0,0,0,0.9943768588587921
nsl-kdd,0,3,spy,4.410532351254797e-05,1,1,0,0.9969627406357567
nsl-kdd,0,3,teardrop,0.007453799673620606,0,0,0,0.9769588124215931
nsl-kdd,0,3,warezclient,0.0071891677325453185,23,5,143,0.20043354885292655
nsl-kdd,0,3,warezmaster,0.0002646319410752878,1,1,1,0.8333336582762199
nsl-kdd,0,4,back,0.007806642261720989,4,4,6,0.9643665449547045
nsl-kdd,0,4,buffer_overflow,0.00022052661756273982,2,1,2,0.6894996059572176
nsl-kdd,0,4,ftp_write,4.410532351254797e-05,0,0,0,0.7551710887950003
nsl-kdd,0,4,guess_passwd,0.00039694791161293166,0,0,0,0.9975049769649473
nsl-kdd,0,4,imap,0.00022052661756273982,3,2,4,0.2016537462262138
nsl-kdd,0,4,ipsweep,0.028183301724518148,17,8,639,0.018651805370134847
nsl-kdd,0,4,land,4.410532351254797e-05,1,0,1,0.003875311885125517
nsl-kdd,0,4,loadmodule,4.410532351254797e-05,0,0,0,0.8271182999155288
nsl-kdd,0,4,multihop,4.410532351254797e-05,0,0,0,0.9999402060327787
nsl-kdd,0,4,neptune,0.3287610814625325,0,0,0,0.9992854147724917
nsl-kdd,0,4,nmap,0.011952542671900499,35,1,44,0.8392772447804856
nsl-kdd,0,4,normal,0.5338508357958806,140,66,6579,0.4609583943700343
nsl-kdd,0,4,phf,8.821064702509593e-05,0,0,0,0.9979756729546672
nsl-kdd,0,4,pod,0.0014995809994266308,0,0,0,0.987152822210601
nsl-kdd,0,4,portsweep,0.023287610814625326,16,0,333,0.3685375517867149
nsl-kdd,0,4,rootkit,0.00017642129405019187,3,1,3,0.2940426087027999
nsl-kdd,0,4,satan,0.027433511224804835,53,5,397,0.3480169847769907
nsl-kdd,0,4,smurf,0.020994133991972832,4,1,3,0.9866995644725677
nsl-kdd,0,4,spy,4.410532351254797e-05,1,1,0,0.9970411602407419
nsl-kdd,0,4,teardrop,0.007453799673620606,0,0,0,0.9770890098282493
nsl-kdd,0,4,warezclient,0.0071891677325453185,20,7,142,0.19168991823632373
nsl-kdd,0,4,warezmaster,0.0002646319410752878,2,2,2,0.6668167298467768
nsl-kdd,0,5,back,0.007806642261720989,3,3,5,0.9738852795798711
nsl-kdd,0,5,buffer_overflow,0.0002646319410752878,0,0,0,0.9200578005814156
nsl-kdd,0,5,ftp_write,4.410532351254797e-05,0,0,0,0.9999995657025177
nsl-kdd,0,5,guess_passwd,0.00039694791161293166,0,0,0,0.9999999986945528
nsl-kdd,0,5,imap,0.00017642129405019187,1,1,0,0.9999911683620459
nsl-kdd,0,5,ipsweep,0.028183301724518148,13,5,634,0.00678468900129093
nsl-kdd,0,5,land,4.410532351254797e-05,0,0,0,0.9999954481319329
nsl-kdd,0,5,loadmodule,4.410532351254797e-05,0,0,0,0.999999526482725
nsl-kdd,0,5,multihop,8.821064702509593e-05,1,0,1,0.5071779243394933
nsl-kdd,0,5,neptune,0.3287610814625325,2,0,33,0.9952270357344317
nsl-kdd,0,5,nmap,0.011952542671900499,14,9,18,0.9368098939484413
nsl-kdd,0,5,normal,0.5338508357958806,136,70,5064,0.5848709732366705
nsl-kdd,0,5,phf,8.821064702509593e-05,0,0,0,0.9999999999845018
nsl-kdd,0,5,pod,0.0014995809994266308,0,0,0,0.9996042061943616
nsl-kdd,0,5,portsweep,0.023287610814625326,8,1,149,0.6910410226132021
nsl-kdd,0,5,rootkit,0.0001323159705376439,1,1,0,0.9484017477119587
nsl-kdd,0,5,satan,0.027433511224804835,53,7,325,0.4700236960941588
nsl-kdd,0,5,smurf,0.020994133991972832,5,3,5,0.9904360469757847
nsl-kdd,0,5,spy,4.410532351254797e-05,1,1,0,0.9999999999909037
nsl-kdd,0,5,teardrop,0.007453799673620606,0,0,2,0.9842599993573933
nsl-kdd,0,5,warezclient,0.0071891677325453185,18,5,101,0.38532681310701783
nsl-kdd,0,5,warezmaster,0.0002646319410752878,1,0,1,0.8405812219827125
nsl-kdd,0,6,back,0.007762536938208442,3,3,6,0.964929291886379
nsl-kdd,0,6,buffer_overflow,0.0002646319410752878,1,1,2,0.7611890466382861
nsl-kdd,0,6,ftp_write,4.410532351254797e-05,0,0,0,0.7502000315728671
nsl-kdd,0,6,guess_passwd,0.00039694791161293166,0,0,0,0.9972844775797706
nsl-kdd,0,6,imap,0.00017642129405019187,3,3,3,0.24886462411491247
nsl-kdd,0,6,ipsweep,0.028183301724518148,16,6,639,0.018597028531226776
nsl-kdd,0,6,land,4.410532351254797e-05,1,1,1,0.0038831315251337977
nsl-kdd,0,6,loadmodule,4.410532351254797e-05,0,0,0,0.8214220566050835
nsl-kdd,0,6,multihop,8.821064702509593e-05,2,0,2,0.07639396990268098
nsl-kdd,0,6,neptune,0.3287610814625325,0,0,0,0.9992840228539301
nsl-kdd,0,6,nmap,0.011952542671900499,36,0,42,0.8378365034243426
nsl-kdd,0,6,normal,0.5338508357958806,138,64,6653,0.45924724756397733
nsl-kdd,0,6,phf,8.821064702509593e-05,0,0,0,0.9979972352388051
nsl-kdd,0,6,pod,0.0015436863229391787,0,0,0,0.9853962705534028
nsl-kdd,0,6,portsweep,0.023287610814625326,15,0,328,0.3780784326584903
nsl-kdd,0,6,rootkit,0.0001323159705376439,3,1,3,0.06534964215916596
nsl-kdd,0,6,satan,0.027433511224804835,56,3,395,0.35039881414717444
nsl-kdd,0,6,smurf,0.020994133991972832,3,0,3,0.9877404844190121
nsl-kdd,0,6,spy,4.410532351254797e-05,1,1,0,0.9975392987095236
nsl-kdd,0,6,teardrop,0.007453799673620606,0,0,0,0.9768484395280921
nsl-kdd,0,6,warezclient,0.0071891677325453185,27,14,142,0.20228852607696657
nsl-kdd,0,6,warezmaster,0.0002646319410752878,2,2,2,0.6669364717771856
nsl-kdd,0,7,back,0.007762536938208442,4,4,6,0.9636183965478776
nsl-kdd,0,7,buffer_overflow,0.0002646319410752878,1,1,2,0.7604431703349608
nsl-kdd,0,7,ftp_write,4.410532351254797e-05,0,0,0,0.7478826440063624
nsl-kdd,0,7,guess_passwd,0.00039694791161293166,0,0,0,0.9972551157654712
nsl-kdd,0,7,imap,0.00017642129405019187,3,1,3,0.4110613489429693
nsl-kdd,0,7,ipsweep,0.028183301724518148,13,11,639,0.02163580079537108
nsl-kdd,0,7,land,4.410532351254797e-05,1,0,1,0.004008887170142561
nsl-kdd,0,7,loadmodule,4.410532351254797e-05,0,0,0,0.8579851042550841
nsl-kdd,0,7,multihop,8.821064702509593e-05,2,0,2,0.07376308879798198
nsl-kdd,0,7,neptune,0.3287610814625325,0,0,0,0.9991635671914
nsl-kdd,0,7,nmap,0.01190843734838795,34,0,41,0.8378836424174181
nsl-kdd,0,7,normal,0.5338508357958806,132,67,6082,0.48713356028183874
nsl-kdd,0,7,phf,4.410532351254797e-05,0,0,0,0.98793525644741
nsl-kdd,0,7,pod,0.0015436863229391787,2,0,2,0.9594208438020343
nsl-kdd,0,7,portsweep,0.023287610814625326,11,1,331,0.3730783071687681
nsl-kdd,0,7,rootkit,0.0001323159705376439,2,0,2,0.2864976522436093
nsl-kdd,0,7,satan,0.027433511224804835,56,3,403,0.34262393943529823
nsl-kdd,0,7,smurf,0.020994133991972832,3,0,4,0.9862583156074494
nsl-kdd,0,7,spy,4.410532351254797e-05,1,1,0,0.9977297613524339
nsl-kdd,0,7,teardrop,0.007497904997133154,0,0,0,0.9745828712566909
nsl-kdd,0,7,warezclient,0.0071891677325453185,26,15,146,0.20121635810024102
nsl-kdd,0,7,warezmaster,0.00030873726458783575,2,2,2,0.7144401459905991
nsl-kdd,0,8,back,0.007762536938208442,3,3,6,0.9671494053112233
nsl-kdd,0,8,buffer_overflow,0.0002646319410752878,1,1,1,0.7631580137713313
nsl-kdd,0,8,ftp_write,4.410532351254797e-05,0,0,0,0.7491072162054937
nsl-kdd,0,8,guess_passwd,0.00039694791161293166,0,0,0,0.9975597589409431
nsl-kdd,0,8,imap,0.00017642129405019187,3,3,3,0.2488373224717079
nsl-kdd,0,8,ipsweep,0.028183301724518148,16,9,639,0.020872137026961408
nsl-kdd,0,8,land,4.410532351254797e-05,1,0,1,0.004013045302776118
nsl-kdd,0,8,loadmodule,4.410532351254797e-05,0,0,0,0.8275719585256996
nsl-kdd,0,8,multihop,8.821064702509593e-05,2,0,2,0.05746090325850339
nsl-kdd,0,8,neptune,0.3287610814625325,0,0,0,0.9992508325916193
nsl-kdd,0,8,nmap,0.011952542671900499,35,0,43,0.8359254632278762
nsl-kdd,0,8,normal,0.5338508357958806,133,68,6266,0.4790313581395844
nsl-kdd,0,8,phf,4.410532351254797e-05,0,0,0,0.9903606471707815
nsl-kdd,0,8,pod,0.0014995809994266308,0,0,0,0.9864503362246698
nsl-kdd,0,8,portsweep,0.023287610814625326,16,0,323,0.3876545795604478
nsl-kdd,0,8,rootkit,0.0001323159705376439,2,1,2,0.37984180986567667
nsl-kdd,0,8,satan,0.027389405901292286,52,4,400,0.33991688996742364
nsl-kdd,0,8,smurf,0.021038239315485378,4,1,3,0.9869029729919173
nsl-kdd,0,8,spy,4.410532351254797e-05,1,1,0,0.9981156577137638
nsl-kdd,0,8,teardrop,0.007497904997133154,0,0,0,0.9753879639485747
nsl-kdd,0,8,warezclient,0.0071891677325453185,16,6,145,0.22815639451667233
nsl-kdd,0,8,warezmaster,0.00030873726458783575,2,1,2,0.7144533861207775
nsl-kdd,0,9,back,0.007762536938208442,4,4,6,0.9678980381863411
nsl-kdd,0,9,buffer_overflow,0.00022052661756273982,1,1,1,0.7969232460037344
nsl-kdd,0,9,ftp_write,4.410532351254797e-05,0,0,0,0.8576549825866651
nsl-kdd,0,9,guess_passwd,0.00039694791161293166,0,0,0,0.9976757417423338
nsl-kdd,0,9,imap,0.00017642129405019187,4,4,3,0.24925530803794635
nsl-kdd,0,9,ipsweep,0.028183301724518148,15,11,639,0.02055005421621544
nsl-kdd,0,9,loadmodule,4.410532351254797e-05,0,0,0,0.8934998100439815
nsl-kdd,0,9,multihop,8.821064702509593e-05,2,1,2,0.06561135632565264
nsl-kdd,0,9,neptune,0.32871697613901996,0,0,0,0.995658700465957
nsl-kdd,0,9,nmap,0.011952542671900499,36,0,48,0.8267690952831322
nsl-kdd,0,9,normal,0.5338949411193931,139,61,6239,0.49221604266809726
nsl-kdd,0,9,phf,8.821064702509593e-05,0,0,0,0.9980118704119861
nsl-kdd,0,9,pod,0.0014995809994266308,0,0,0,0.9872167536171901
nsl-kdd,0,9,portsweep,0.02333171613813787,13,2,329,0.376966060836843
nsl-kdd,0,9,rootkit,0.00017642129405019187,3,2,3,0.294511503216908
nsl-kdd,0,9,satan,0.027433511224804835,46,5,380,0.4220657894910811
nsl-kdd,0,9,smurf,0.020994133991972832,4,0,5,0.986296424161414
nsl-kdd,0,9,spy,4.410532351254797e-05,1,1,0,0.9974815196185194
nsl-kdd,0,9,teardrop,0.007453799673620606,0,0,0,0.9259089220707065
nsl-kdd,0,9,warezclient,0.0071891677325453185,21,7,142,0.19774180900501845
nsl-kdd,0,9,warezmaster,0.00030873726458783575,2,2,2,0.7143614006802397
nsl-kdd,1,0,back,0.0077628793225123505,3,3,2,0.9858682562250732
nsl-kdd,1,0,buffer_overflow,0.0002205363443895554,1,1,0,0.9558600920917592
nsl-kdd,1,0,ftp_write,4.410726887791108e-05,0,0,0,0.9999996209714839
nsl-kdd,1,0,guess_passwd,0.00039696541990119974,0,0,0,0.9999999996577346
nsl-kdd,1,0,imap,0.0002205363443895554,2,2,1,0.8483622584387402
nsl-kdd,1,0,ipsweep,0.02818454481298518,14,10,633,0.007410404086223804
nsl-kdd,1,0,land,4.410726887791108e-05,0,0,0,0.9999953899250486
nsl-kdd,1,0,multihop,8.821453775582216e-05,1,0,1,0.500088006632818
nsl-kdd,1,0,neptune,0.3287314749470713,1,0,36,0.9946678972507322
nsl-kdd,1,0,nmap,0.011953069865913903,5,0,18,0.9399813025870315
nsl-kdd,1,0,normal,0.5338743824982357,139,70,4994,0.5921074037215047
nsl-kdd,1,0,phf,8.821453775582216e-05,0,0,0,0.9999999999860922
nsl-kdd,1,0,pod,0.0014996471418489768,0,0,0,0.9997643510318769
nsl-kdd,1,0,portsweep,0.023332745236414962,8,1,156,0.6797537644753707
nsl-kdd,1,0,rootkit,0.00017642907551164433,3,2,2,0.6118302568860311
nsl-kdd,1,0,satan,0.027434721242060693,52,3,306,0.5079167064150096
nsl-kdd,1,0,smurf,0.020995059985885675,5,1,7,0.9873600119004886
nsl-kdd,1,0,spy,4.410726887791108e-05,1,1,0,0.9999999999912732
nsl-kdd,1,0,teardrop,0.007454128440366973,0,0,3,0.9821677224058146
nsl-kdd,1,0,warezclient,0.007189484827099506,12,4,92,0.4378764410215749
nsl-kdd,1,0,warezmaster,0.0002646436132674665,1,1,1,0.8333349332151941
nsl-kdd,1,1,back,0.0077628793225123505,4,4,7,0.9625101649505432
nsl-kdd,1,1,buffer_overflow,0.0002205363443895554,2,1,2,0.6910481651124825
nsl-kdd,1,1,ftp_write,4.410726887791108e-05,0,0,0,0.7503223233095474
nsl-kdd,1,1,guess_passwd,0.00039696541990119974,0,0,0,0.9975467146190125
nsl-kdd,1,1,imap,0.0002205363443895554,3,2,4,0.19886424135546737
nsl-kdd,1,1,ipsweep,0.02818454481298518,15,8,639,0.020170069499287416
nsl-kdd,1,1,land,4.410726887791108e-05,0,0,1,0.0038629994410423513
nsl-kdd,1,1,loadmodule,4.410726887791108e-05,0,0,0,0.8300431828015464
nsl-kdd,1,1,multihop,8.821453775582216e-05,2,0,2,0.07090849237394278
nsl-kdd,1,1,neptune,0.3287755822159492,0,0,0,0.9992825215355559
nsl-kdd,1,1,nmap,0.011953069865913903,37,0,47,0.8316773392089659
nsl-kdd,1,1,normal,0.5338743824982357,136,60,6617,0.46146426365108795
nsl-kdd,1,1,phf,8.821453775582216e-05,0,0,0,0.9979701836333388
nsl-kdd,1,1,pod,0.0014996471418489768,0,0,0,0.9877297478242895
nsl-kdd,1,1,portsweep,0.023332745236414962,16,0,333,0.3693978083578775
nsl-kdd,1,1,rootkit,0.00017642907551164433,3,2,3,0.2935166907341921
nsl-kdd,1,1,satan,0.027434721242060693,53,3,404,0.33580168782528436
nsl-kdd,1,1,smurf,0.020995059985885675,3,0,5,0.9871443477921152
nsl-kdd,1,1,teardrop,0.007454128440366973,0,0,0,0.9750415836452954
nsl-kdd,1,1,warezclient,0.007145377558221595,24,8,143,0.17759645893811615
nsl-kdd,1,1,warezmaster,0.0002646436132674665,2,1,2,0.6668133609168848
nsl-kdd,1,2,back,0.007806642261720989,3,3,6,0.9648741295210274
nsl-kdd,1,2,buffer_overflow,0.00022052661756273982,1,0,1,0.8179822263566686
nsl-kdd,1,2,guess_passwd,0.00039694791161293166,0,0,0,0.9974597673941324
nsl-kdd,1,2,imap,0.00022052661756273982,4,2,4,0.19887507573802196
nsl-kdd,1,2,ipsweep,0.028183301724518148,16,10,639,0.01846214273348963
nsl-kdd,1,2,land,4.410532351254797e-05,1,0,1,0.003937262695270938
nsl-kdd,1,2,loadmodule,4.410532351254797e-05,0,0,0,0.8487012488406452
nsl-kdd,1,2,multihop,8.821064702509593e-05,2,0,2,0.0719689125769682
nsl-kdd,1,2,neptune,0.3287610814625325,0,0,0,0.9991206963519628
nsl-kdd,1,2,nmap,0.011952542671900499,35,0,43,0.8419362722845495
nsl-kdd,1,2,normal,0.5338508357958806,149,67,6360,0.47553103248046813
nsl-kdd,1,2,phf,8.821064702509593e-05,0,0,0,0.9979907146096751
nsl-kdd,1,2,pod,0.0014995809994266308,2,0,0,0.9876009486235624
nsl-kdd,1,2,portsweep,0.023287610814625326,16,2,324,0.3853321240262454
nsl-kdd,1,2,rootkit,0.00017642129405019187,3,1,3,0.2933554260540101
nsl-kdd,1,2,satan,0.027433511224804835,51,3,404,0.3450150591596318
nsl-kdd,1,2,smurf,0.020994133991972832,4,0,4,0.9868789423098344
nsl-kdd,1,2,spy,4.410532351254797e-05,1,1,0,0.9968894778565635
nsl-kdd,1,2,teardrop,0.007453799673620606,0,0,0,0.9759602992002373
nsl-kdd,1,2,warezclient,0.0071891677325453185,20,7,143,0.1926681088621753
nsl-kdd,1,2,warezmaster,0.0002646319410752878,2,2,2,0.6668079894301225
nsl-kdd,1,3,back,0.007806642261720989,3,3,6,0.9649210978045191
nsl-kdd,1,3,buffer_overflow,0.00022052661756273982,2,0,2,0.6663433954032992
nsl-kdd,1,3,ftp_write,4.410532351254797e-05,0,0,0,0.8181370148782983
nsl-kdd,1,3,guess_passwd,0.00039694791161293166,0,0,0,0.9974342538530789
nsl-kdd,1,3,imap,0.00022052661756273982,2,2,4,0.20150350228015412
nsl-kdd,1,3,ipsweep,0.028183301724518148,15,10,639,0.020557911946996753
nsl-kdd,1,3,land,4.410532351254797e-05,1,0,1,0.003965154936799862
nsl-kdd,1,3,loadmodule,4.410532351254797e-05,0,0,0,0.8322592962721435
nsl-kdd,1,3,multihop,4.410532351254797e-05,1,0,0,0.9999274931024356
nsl-kdd,1,3,neptune,0.3287610814625325,0,0,0,0.9954481291903523
nsl-kdd,1,3,nmap,0.011952542671900499,39,0,48,0.8249395829134895
nsl-kdd,1,3,normal,0.5338508357958806,131,59,6179,0.49808825743750584
nsl-kdd,1,3,phf,8.821064702509593e-05,0,0,0,0.9978895001161026
nsl-kdd,1,3,pod,0.0014995809994266308,1,0,1,0.9683046357977273
nsl-kdd,1,3,portsweep,0.023287610814625326,13,1,334,0.3662463785284376
nsl-kdd,1,3,rootkit,0.00017642129405019187,3,2,3,0.29401390856912135
nsl-kdd,1,3,satan,0.027433511224804835,54,5,382,0.4239478815230993
nsl-kdd,1,3,smurf,0.020994133991972832,0,0,0,0.9946531857682538
nsl-kdd,1,3,spy,4.410532351254797e-05,1,1,0,0.9974584116016185
nsl-kdd,1,3,teardrop,0.007453799673620606,0,0,0,0.924897465546569
nsl-kdd,1,3,warezclient,0.0071891677325453185,21,6,144,0.19098518881531992
nsl-kdd,1,3,warezmaster,0.0002646319410752878,1,1,1,0.8333492850383347
nsl-kdd,1,4,back,0.007806642261720989,3,3,6,0.9640247972341535
nsl-kdd,1,4,buffer_overflow,0.00022052661756273982,2,0,2,0.6783488432823048
nsl-kdd,1,4,ftp_write,4.410532351254797e-05,0,0,0,0.76311329235434
nsl-kdd,1,4,guess_passwd,0.00039694791161293166,0,0,0,0.9977637386513243
nsl-kdd,1,4,imap,0.00022052661756273982,2,2,4,0.2017665600890847
nsl-kdd,1,4,ipsweep,0.028183301724518148,16,8,639,0.019033415146407596
nsl-kdd,1,4,land,4.410532351254797e-05,1,0,1,0.004032571055240137
nsl-kdd,1,4,loadmodule,4.410532351254797e-05,0,0,0,0.8346295670222259
nsl-kdd,1,4,multihop,4.410532351254797e-05,0,0,0,0.999926978174541
nsl-kdd,1,4,neptune,0.3287610814625325,0,0,0,0.999307974303237
nsl-kdd,1,4,nmap,0.011952542671900499,36,0,44,0.8352462406051333
nsl-kdd,1,4,normal,0.5338508357958806,135,61,6144,0.48300562932233837
nsl-kdd,1,4,phf,8.821064702509593e-05,0,0,0,0.9973679634797549
nsl-kdd,1,4,pod,0.0014995809994266308,0,0,0,0.9861265842227215
nsl-kdd,1,4,portsweep,0.023287610814625326,10,0,327,0.37961437288457683
nsl-kdd,1,4,rootkit,0.00017642129405019187,3,1,3,0.2776792878820686
nsl-kdd,1,4,satan,0.027433511224804835,57,5,394,0.3513313715248413
nsl-kdd,1,4,smurf,0.020994133991972832,0,0,4,0.9860180494753763
nsl-kdd,1,4,spy,4.410532351254797e-05,1,1,0,0.9975395766807802
nsl-kdd,1,4,teardrop,0.007453799673620606,0,0,0,0.9761390910385065
nsl-kdd,1,4,warezclient,0.0071891677325453185,20,5,143,0.17855975853528833
nsl-kdd,1,4,warezmaster,0.0002646319410752878,2,2,2,0.6668127481980924
nsl-kdd,1,5,back,0.007806642261720989,3,3,6,0.963866528646338
nsl-kdd,1,5,buffer_overflow,0.0002646319410752878,1,1,1,0.7629724206391489
nsl-kdd,1,5,ftp_write,4.410532351254797e-05,0,0,0,0.7528703472527005
nsl-kdd,1,5,guess_passwd,0.00039694791161293166,0,0,0,0.9973048934824941
nsl-kdd,1,5,imap,0.00017642129405019187,3,1,3,0.42090698350127387
nsl-kdd,1,5,ipsweep,0.028183301724518148,14,9,639,0.020795480760091252
nsl-kdd,1,5,land,4.410532351254797e-05,1,0,1,0.004169509840358682
nsl-kdd,1,5,loadmodule,4.410532351254797e-05,0,0,0,0.8546047804597332
nsl-kdd,1,5,multihop,8.821064702509593e-05,2,0,2,0.06877061414280086
nsl-kdd,1,5,neptune,0.3287610814625325,0,0,0,0.9992557125021713
nsl-kdd,1,5,nmap,0.011952542671900499,37,1,44,0.8349015949000353
nsl-kdd,1,5,normal,0.5338508357958806,128,65,5573,0.5069102391011588
nsl-kdd,1,5,phf,8.821064702509593e-05,0,0,0,0.9971486794625537
nsl-kdd,1,5,pod,0.0014995809994266308,1,0,1,0.9677145783938185
nsl-kdd,1,5,portsweep,0.023287610814625326,13,0,332,0.3707077194771997
nsl-kdd,1,5,rootkit,0.0001323159705376439,2,1,2,0.33672062202093417
nsl-kdd,1,5,satan,0.027433511224804835,49,3,402,0.34066813459855044
nsl-kdd,1,5,smurf,0.020994133991972832,0,0,0,0.9945590565099464
nsl-kdd,1,5,spy,4.410532351254797e-05,1,1,0,0.9975156870494913
nsl-kdd,1,5,teardrop,0.007453799673620606,0,0,0,0.9754603099148226
nsl-kdd,1,5,warezclient,0.0071891677325453185,17,8,143,0.19995677684396726
nsl-kdd,1,5,warezmaster,0.0002646319410752878,2,1,2,0.6669961970421868
nsl-kdd,1,6,back,0.007762536938208442,3,3,6,0.9640193219647664
nsl-kdd,1,6,buffer_overflow,0.0002646319410752878,1,1,1,0.7669298686019029
nsl-kdd,1,6,ftp_write,4.410532351254797e-05,0,0,0,0.7866090562048286
nsl-kdd,1,6,guess_passwd,0.00039694791161293166,0,0,0,0.9974352028033872
nsl-kdd,1,6,imap,0.00017642129405019187,2,1,3,0.24385529388406904
nsl-kdd,1,6,ipsweep,0.028183301724518148,17,6,639,0.018655887869733344
nsl-kdd,1,6,land,4.410532351254797e-05,1,0,1,0.003868855648281888
nsl-kdd,1,6,loadmodule,4.410532351254797e-05,0,0,0,0.8283185619260139
nsl-kdd,1,6,multihop,8.821064702509593e-05,2,0,2,0.08413615053027251
nsl-kdd,1,6,neptune,0.3287610814625325,0,0,0,0.9993115780014025
nsl-kdd,1,6,nmap,0.011952542671900499,38,0,46,0.8363279573219684
nsl-kdd,1,6,normal,0.5338508357958806,137,64,6642,0.4587094036571935
nsl-kdd,1,6,phf,8.821064702509593e-05,0,0,0,0.997996320376562
nsl-kdd,1,6,pod,0.0015436863229391787,2,0,0,0.9866295627629434
nsl-kdd,1,6,portsweep,0.023287610814625326,14,0,327,0.3799809875663631
nsl-kdd,1,6,rootkit,0.0001323159705376439,2,1,1,0.514688082948047
nsl-kdd,1,6,satan,0.027433511224804835,58,3,403,0.3380389270627762
nsl-kdd,1,6,smurf,0.020994133991972832,2,0,2,0.9870193231928892
nsl-kdd,1,6,spy,4.410532351254797e-05,1,1,0,0.997124527550275
nsl-kdd,1,6,teardrop,0.007453799673620606,0,0,0,0.9777319845405236
nsl-kdd,1,6,warezclient,0.0071891677325453185,34,17,142,0.18279275631838585
nsl-kdd,1,6,warezmaster,0.0002646319410752878,2,2,2,0.6668183415155425
nsl-kdd,1,7,back,0.007762536938208442,3,3,6,0.964856720508148
nsl-kdd,1,7,buffer_overflow,0.0002646319410752878,1,1,2,0.7635324241300112
nsl-kdd,1,7,ftp_write,4.410532351254797e-05,0,0,0,0.7761315659714813
nsl-kdd,1,7,guess_passwd,0.00039694791161293166,0,0,0,0.9973500039203722
nsl-kdd,1,7,imap,0.00017642129405019187,3,3,3,0.24889168083761526
nsl-kdd,1,7,ipsweep,0.028183301724518148,17,7,639,0.020646925039881355
nsl-kdd,1,7,land,4.410532351254797e-05,1,0,1,0.003861698151612433
nsl-kdd,1,7,loadmodule,4.410532351254797e-05,0,0,0,0.8243893197073489
nsl-kdd,1,7,multihop,8.821064702509593e-05,2,0,2,0.06891435799084242
nsl-kdd,1,7,neptune,0.3287610814625325,0,0,0,0.9992400173901951
nsl-kdd,1,7,nmap,0.01190843734838795,37,0,46,0.8310107789799938
nsl-kdd,1,7,normal,0.5338508357958806,131,59,6605,0.46089559777982525
nsl-kdd,1,7,phf,4.410532351254797e-05,0,0,0,0.9904733520444177
nsl-kdd,1,7,pod,0.0015436863229391787,0,0,0,0.984746947174859
nsl-kdd,1,7,portsweep,0.023287610814625326,17,1,336,0.36279624618991857
nsl-kdd,1,7,rootkit,0.0001323159705376439,3,1,3,0.06646402389563037
nsl-kdd,1,7,satan,0.027433511224804835,55,4,398,0.34524447107342376
nsl-kdd,1,7,smurf,0.020994133991972832,1,0,3,0.9861129341576444
nsl-kdd,1,7,spy,4.410532351254797e-05,1,1,0,0.9975851192251214
nsl-kdd,1,7,teardrop,0.007497904997133154,0,0,0,0.9759966375916168
nsl-kdd,1,7,warezclient,0.0071891677325453185,24,7,142,0.19839959482794026
nsl-kdd,1,7,warezmaster,0.00030873726458783575,2,2,2,0.7144307603650972
nsl-kdd,1,8,back,0.007762536938208442,3,3,6,0.9648610380846332
nsl-kdd,1,8,buffer_overflow,0.0002646319410752878,1,0,0,0.8696109233979671
nsl-kdd,1,8,ftp_write,4.410532351254797e-05,0,0,0,0.9357894009179624
nsl-kdd,1,8,guess_passwd,0.00039694791161293166,0,0,0,0.997454281249778
nsl-kdd,1,8,imap,0.00017642129405019187,3,2,3,0.24919858500683165
nsl-kdd,1,8,ipsweep,0.028183301724518148,7,1,78,0.8039247568566125
nsl-kdd,1,8,land,4.410532351254797e-05,1,0,1,0.004153919315563554
nsl-kdd,1,8,loadmodule,4.410532351254797e-05,0,0,0,0.9886335303466928
nsl-kdd,1,8,multihop,8.821064702509593e-05,2,1,2,0.07480128423638807
nsl-kdd,1,8,neptune,0.3287610814625325,0,0,0,0.9992662814972711
nsl-kdd,1,8,nmap,0.011952542671900499,47,6,229,0.2397771107028696
nsl-kdd,1,8,normal,0.5338508357958806,137,87,4499,0.5939838263790693
nsl-kdd,1,8,phf,4.410532351254797e-05,0,0,0,0.989112026790251
nsl-kdd,1,8,pod,0.0014995809994266308,0,0,0,0.9923996053769432
nsl-kdd,1,8,portsweep,0.023287610814625326,16,1,337,0.36173451407867724
nsl-kdd,1,8,rootkit,0.0001323159705376439,2,0,2,0.28979230225415453
nsl-kdd,1,8,satan,0.027389405901292286,53,4,398,0.3442954908461038
nsl-kdd,1,8,smurf,0.021038239315485378,3,0,3,0.9879984239974389
nsl-kdd,1,8,spy,4.410532351254797e-05,1,1,0,0.999260904654539
nsl-kdd,1,8,teardrop,0.007497904997133154,0,0,0,0.9753671134500491
nsl-kdd,1,8,warezclient,0.0071891677325453185,19,8,139,0.24793690078080538
nsl-kdd,1,8,warezmaster,0.00030873726458783575,2,1,2,0.7144375541867041
nsl-kdd,1,9,back,0.007762536938208442,3,3,6,0.9649085086626005
nsl-kdd,1,9,buffer_overflow,0.00022052661756273982,1,1,1,0.7897705882203825
nsl-kdd,1,9,ftp_write,4.410532351254797e-05,0,0,0,0.745420801653081
nsl-kdd,1,9,guess_passwd,0.00039694791161293166,0,0,0,0.9978220021717087
nsl-kdd,1,9,imap,0.00017642129405019187,4,3,3,0.24884644051607577
nsl-kdd,1,9,ipsweep,0.028183301724518148,17,9,639,0.019576535412638426
nsl-kdd,1,9,loadmodule,4.410532351254797e-05,0,0,0,0.8545088220137855
nsl-kdd,1,9,multihop,8.821064702509593e-05,2,1,2,0.06778101268896372
nsl-kdd,1,9,neptune,0.32871697613901996,0,0,0,0.9992674697687518
nsl-kdd,1,9,nmap,0.011952542671900499,36,1,43,0.8405822483122379
nsl-kdd,1,9,normal,0.5338949411193931,148,68,6597,0.46147996461622764
nsl-kdd,1,9,phf,8.821064702509593e-05,0,0,0,0.998016757894802
nsl-kdd,1,9,pod,0.0014995809994266308,0,0,0,0.9857949896772487
nsl-kdd,1,9,portsweep,0.02333171613813787,11,1,330,0.3751043118179811
nsl-kdd,1,9,rootkit,0.00017642129405019187,3,1,3,0.29637564837915237
nsl-kdd,1,9,satan,0.027433511224804835,52,6,398,0.34446113406611467
nsl-kdd,1,9,smurf,0.020994133991972832,1,0,1,0.9877756580851396
nsl-kdd,1,9,spy,4.410532351254797e-05,1,1,0,0.9969957781578712
nsl-kdd,1,9,teardrop,0.007453799673620606,0,0,0,0.9765132711500715
nsl-kdd,1,9,warezclient,0.0071891677325453185,21,6,144,0.1852764112466661
nsl-kdd,1,9,warezmaster,0.00030873726458783575,2,2,2,0.7143606490273875
nsl-kdd,2,0,back,0.0077628793225123505,4,4,5,0.9664425912543219
nsl-kdd,2,0,buffer_overflow,0.0002205363443895554,1,0,1,0.8235340337473318
nsl-kdd,2,0,ftp_write,4.410726887791108e-05,0,0,0,0.8181672048220594
nsl-kdd,2,0,guess_passwd,0.00039696541990119974,0,0,0,0.9974334410354627
nsl-kdd,2,0,imap,0.0002205363443895554,3,2,4,0.19897156007434327
nsl-kdd,2,0,ipsweep,0.02818454481298518,14,10,639,0.017858182580879838
nsl-kdd,2,0,land,4.410726887791108e-05,1,0,1,0.0037682586015148536
nsl-kdd,2,0,multihop,8.821453775582216e-05,2,0,2,0.048761226252433815
nsl-kdd,2,0,neptune,0.3287314749470713,0,0,0,0.9992891106690909
nsl-kdd,2,0,nmap,0.011953069865913903,35,0,42,0.8430988329731991
nsl-kdd,2,0,normal,0.5338743824982357,140,62,6150,0.4842726016514409
nsl-kdd,2,0,phf,8.821453775582216e-05,0,0,0,0.9974807821843221
nsl-kdd,2,0,pod,0.0014996471418489768,0,0,0,0.9866482869185539
nsl-kdd,2,0,portsweep,0.023332745236414962,15,0,327,0.3807063918820212
nsl-kdd,2,0,rootkit,0.00017642907551164433,3,2,3,0.27954639151681454
nsl-kdd,2,0,satan,0.027434721242060693,54,5,400,0.3438197578118169
nsl-kdd,2,0,smurf,0.020995059985885675,2,0,3,0.9866692003431903
nsl-kdd,2,0,spy,4.410726887791108e-05,1,1,0,0.9969834183695002
nsl-kdd,2,0,teardrop,0.007454128440366973,0,0,0,0.9786839311174188
nsl-kdd,2,0,warezclient,0.007189484827099506,24,11,141,0.18505006003496136
nsl-kdd,2,0,warezmaster,0.0002646436132674665,1,1,1,0.8333336579931588
nsl-kdd,2,1,back,0.0077628793225123505,2,2,6,0.967972170745406
nsl-kdd,2,1,buffer_overflow,0.0002205363443895554,1,1,2,0.7097065944817549
nsl-kdd,2,1,ftp_write,4.410726887791108e-05,0,0,0,0.7920091109039032
nsl-kdd,2,1,guess_passwd,0.00039696541990119974,0,0,0,0.9975129741670029
nsl-kdd,2,1,imap,0.0002205363443895554,3,2,4,0.19898401507475313
nsl-kdd,2,1,ipsweep,0.02818454481298518,17,12,639,0.021269723638978208
nsl-kdd,2,1,land,4.410726887791108e-05,1,0,1,0.00403234522051818
nsl-kdd,2,1,loadmodule,4.410726887791108e-05,0,0,0,0.8661453540531793
nsl-kdd,2,1,multihop,8.821453775582216e-05,2,0,2,0.07105840019736831
nsl-kdd,2,1,neptune,0.3287755822159492,0,0,1,0.9939611792930995
nsl-kdd,2,1,nmap,0.011953069865913903,35,0,45,0.8326090959541941
nsl-kdd,2,1,normal,0.5338743824982357,135,61,5853,0.5175420354099983
nsl-kdd,2,1,phf,8.821453775582216e-05,0,0,0,0.9980054043497195
nsl-kdd,2,1,pod,0.0014996471418489768,0,0,0,0.986319822384087
nsl-kdd,2,1,portsweep,0.023332745236414962,16,0,328,0.378841287152132
nsl-kdd,2,1,rootkit,0.00017642907551164433,3,3,3,0.2954657852359527
nsl-kdd,2,1,satan,0.027434721242060693,49,2,371,0.45291152086822273
nsl-kdd,2,1,smurf,0.020995059985885675,0,0,3,0.9862583268637207
nsl-kdd,2,1,teardrop,0.007454128440366973,0,0,0,0.9091595124394614
nsl-kdd,2,1,warezclient,0.007145377558221595,19,7,144,0.19230577964928977
nsl-kdd,2,1,warezmaster,0.0002646436132674665,2,1,2,0.6668117741422425
nsl-kdd,2,2,back,0.007806642261720989,3,3,7,0.9625824682029221
nsl-kdd,2,2,buffer_overflow,0.00022052661756273982,2,0,2,0.6632992781476148
nsl-kdd,2,2,guess_passwd,0.00039694791161293166,0,0,0,0.9975348045339114
nsl-kdd,2,2,imap,0.00022052661756273982,2,2,4,0.19891977247504516
nsl-kdd,2,2,ipsweep,0.028183301724518148,19,8,639,0.021872209062093324
nsl-kdd,2,2,land,4.410532351254797e-05,1,0,1,0.0040331999997795945
nsl-kdd,2,2,loadmodule,4.410532351254797e-05,0,0,0,0.8222510295424903
nsl-kdd,2,2,multihop,8.821064702509593e-05,1,0,2,0.0715248160379682
nsl-kdd,2,2,neptune,0.3287610814625325,0,0,0,0.9992679742877039
nsl-kdd,2,2,nmap,0.011952542671900499,41,0,43,0.8328938416675913
nsl-kdd,2,2,normal,0.5338508357958806,141,68,6645,0.4588155611124149
nsl-kdd,2,2,phf,8.821064702509593e-05,0,0,0,0.9980047833023912
nsl-kdd,2,2,pod,0.0014995809994266308,0,0,0,0.9865148829687884
nsl-kdd,2,2,portsweep,0.023287610814625326,12,1,326,0.3815956470810703
nsl-kdd,2,2,rootkit,0.00017642129405019187,3,2,3,0.29529856768888185
nsl-kdd,2,2,satan,0.027433511224804835,53,4,403,0.3380322585665495
nsl-kdd,2,2,smurf,0.020994133991972832,3,0,4,0.9875957822246502
nsl-kdd,2,2,spy,4.410532351254797e-05,1,1,0,0.9969301014372872
nsl-kdd,2,2,teardrop,0.007453799673620606,0,0,0,0.9732555165044137
nsl-kdd,2,2,warezclient,0.0071891677325453185,25,4,142,0.19273912803804188
nsl-kdd,2,2,warezmaster,0.0002646319410752878,2,2,2,0.6668113773904789
nsl-kdd,2,3,back,0.007806642261720989,3,3,6,0.9640538196478006
nsl-kdd,2,3,buffer_overflow,0.00022052661756273982,2,1,2,0.6883209712530256
nsl-kdd,2,3,ftp_write,4.410532351254797e-05,0,0,0,0.7856840726855173
nsl-kdd,2,3,guess_passwd,0.00039694791161293166,0,0,0,0.9974439495650178
nsl-kdd,2,3,imap,0.00022052661756273982,2,2,4,0.20169653656287362
nsl-kdd,2,3,ipsweep,0.028183301724518148,15,7,639,0.020296013306291754
nsl-kdd,2,3,land,4.410532351254797e-05,1,0,1,0.0039041954352036245
nsl-kdd,2,3,loadmodule,4.410532351254797e-05,0,0,0,0.8277466750755664
nsl-kdd,2,3,multihop,4.410532351254797e-05,0,0,0,0.9999377816760896
nsl-kdd,2,3,neptune,0.3287610814625325,0,0,0,0.9992781612789751
nsl-kdd,2,3,nmap,0.011952542671900499,36,0,44,0.8331289450315077
nsl-kdd,2,3,normal,0.5338508357958806,151,69,6445,0.46873897056971703
nsl-kdd,2,3,phf,8.821064702509593e-05,0,0,0,0.9978559632586554
nsl-kdd,2,3,pod,0.0014995809994266308,0,0,0,0.9868460669008816
nsl-kdd,2,3,portsweep,0.023287610814625326,16,1,332,0.3709637100799966
nsl-kdd,2,3,rootkit,0.00017642129405019187,3,1,3,0.2910819330157646
nsl-kdd,2,3,satan,0.027433511224804835,56,3,401,0.34152638941514263
nsl-kdd,2,3,smurf,0.020994133991972832,3,0,4,0.986409255561897
nsl-kdd,2,3,spy,4.410532351254797e-05,1,1,0,0.9970361852022256
nsl-kdd,2,3,teardrop,0.007453799673620606,0,0,0,0.975870850055359
nsl-kdd,2,3,warezclient,0.0071891677325453185,27,10,142,0.1766804514193424
nsl-kdd,2,3,warezmaster,0.0002646319410752878,1,1,1,0.833350094026159
nsl-kdd,2,4,back,0.007806642261720989,3,3,6,0.9631382751058327
nsl-kdd,2,4,buffer_overflow,0.00022052661756273982,1,1,0,0.9747658673518222
nsl-kdd,2,4,ftp_write,4.410532351254797e-05,0,0,0,0.9396571824133075
nsl-kdd,2,4,guess_passwd,0.00039694791161293166,0,0,0,0.997334463156877
nsl-kdd,2,4,imap,0.00022052661756273982,4,2,4,0.20163563838868756
nsl-kdd,2,4,ipsweep,0.028183301724518148,6,4,83,0.7942808157796415
nsl-kdd,2,4,land,4.410532351254797e-05,1,0,1,0.0039995680655184745
nsl-kdd,2,4,loadmodule,4.410532351254797e-05,0,0,0,0.9874873259929262
nsl-kdd,2,4,multihop,4.410532351254797e-05,1,0,0,0.9999015795465972
nsl-kdd,2,4,neptune,0.3287610814625325,0,0,0,0.9992403503161746
nsl-kdd,2,4,nmap,0.011952542671900499,49,7,234,0.23096960600320007
nsl-kdd,2,4,normal,0.5338508357958806,140,89,4460,0.5987732360572426
nsl-kdd,2,4,phf,8.821064702509593e-05,0,0,0,0.9979147461131603
nsl-kdd,2,4,pod,0.0014995809994266308,0,0,0,0.992178851946395
nsl-kdd,2,4,portsweep,0.023287610814625326,15,1,329,0.37584412493988345
nsl-kdd,2,4,rootkit,0.00017642129405019187,3,1,3,0.3020022753050158
nsl-kdd,2,4,satan,0.027433511224804835,55,3,398,0.3433743820329597
nsl-kdd,2,4,smurf,0.020994133991972832,4,0,5,0.9868076893598025
nsl-kdd,2,4,spy,4.410532351254797e-05,1,1,0,0.9985862593265754
nsl-kdd,2,4,teardrop,0.007453799673620606,0,0,0,0.9772774554988899
nsl-kdd,2,4,warezclient,0.0071891677325453185,20,6,143,0.17249074345795384
nsl-kdd,2,4,warezmaster,0.0002646319410752878,2,2,2,0.6667961471870728
nsl-kdd,2,5,back,0.007806642261720989,3,3,4,0.9775318010834275
nsl-kdd,2,5,buffer_overflow,0.0002646319410752878,0,0,0,0.9190196745749305
nsl-kdd,2,5,ftp_write,4.410532351254797e-05,0,0,0,0.9999996582800839
nsl-kdd,2,5,guess_passwd,0.00039694791161293166,0,0,0,0.9999999987660142
nsl-kdd,2,5,imap,0.00017642129405019187,2,2,1,0.7606692639142447
nsl-kdd,2,5,ipsweep,0.028183301724518148,15,7,638,0.003943645937555879
nsl-kdd,2,5,land,4.410532351254797e-05,0,0,0,0.999995984353499
nsl-kdd,2,5,loadmodule,4.410532351254797e-05,0,0,0,0.999999556263883
nsl-kdd,2,5,multihop,8.821064702509593e-05,1,0,1,0.507187276373072
nsl-kdd,2,5,neptune,0.3287610814625325,2,0,40,0.994194906253752
nsl-kdd,2,5,nmap,0.011952542671900499,3,0,14,0.9450955452649493
nsl-kdd,2,5,normal,0.5338508357958806,134,70,5044,0.5858425238109928
nsl-kdd,2,5,phf,8.821064702509593e-05,0,0,0,0.9999999999888519
nsl-kdd,2,5,pod,0.0014995809994266308,0,0,0,0.9996757752772031
nsl-kdd,2,5,portsweep,0.023287610814625326,7,0,151,0.6957298154956766
nsl-kdd,2,5,rootkit,0.0001323159705376439,2,1,1,0.666619304817869
nsl-kdd,2,5,satan,0.027433511224804835,54,7,311,0.49387860339232736
nsl-kdd,2,5,smurf,0.020994133991972832,5,0,5,0.9890412450744648
nsl-kdd,2,5,spy,4.410532351254797e-05,1,1,0,0.999999999991164
nsl-kdd,2,5,teardrop,0.007453799673620606,0,0,2,0.9852429758105173
nsl-kdd,2,5,warezclient,0.0071891677325453185,16,4,97,0.4097072815266312
nsl-kdd,2,5,warezmaster,0.0002646319410752878,1,1,2,0.7491542088217763
nsl-kdd,2,6,back,0.007762536938208442,3,3,6,0.9623684481617057
nsl-kdd,2,6,buffer_overflow,0.0002646319410752878,1,1,2,0.7439387491596782
nsl-kdd,2,6,ftp_write,4.410532351254797e-05,0,0,0,0.7444387559217905
nsl-kdd,2,6,guess_passwd,0.00039694791161293166,0,0,0,0.997453274100133
nsl-kdd,2,6,imap,0.00017642129405019187,3,2,3,0.24890670975505458
nsl-kdd,2,6,ipsweep,0.028183301724518148,16,12,639,0.020375464581502325
nsl-kdd,2,6,land,4.410532351254797e-05,1,0,1,0.004036556030208557
nsl-kdd,2,6,loadmodule,4.410532351254797e-05,0,0,0,0.8249794890132855
nsl-kdd,2,6,multihop,8.821064702509593e-05,2,0,2,0.06344709934334329
nsl-kdd,2,6,neptune,0.3287610814625325,0,0,0,0.9993086557561316
nsl-kdd,2,6,nmap,0.011952542671900499,34,0,43,0.8341801515570285
nsl-kdd,2,6,normal,0.5338508357958806,133,65,5829,0.49923666117949134
nsl-kdd,2,6,phf,8.821064702509593e-05,0,0,0,0.996781244513306
nsl-kdd,2,6,pod,0.0015436863229391787,0,0,0,0.9850857481784137
nsl-kdd,2,6,portsweep,0.023287610814625326,15,2,336,0.36270336833824884
nsl-kdd,2,6,rootkit,0.0001323159705376439,3,1,3,0.04412401324454695
nsl-kdd,2,6,satan,0.027433511224804835,58,3,399,0.3427375734917848
nsl-kdd,2,6,smurf,0.020994133991972832,3,0,3,0.9858323975562608
nsl-kdd,2,6,spy,4.410532351254797e-05,1,1,0,0.9974903685069659
nsl-kdd,2,6,teardrop,0.007453799673620606,0,0,0,0.9747106100745433
nsl-kdd,2,6,warezclient,0.0071891677325453185,22,11,143,0.19424047153472565
nsl-kdd,2,6,warezmaster,0.0002646319410752878,2,2,2,0.6669146553078694
nsl-kdd,2,7,back,0.007762536938208442,4,4,6,0.9671885748454091
nsl-kdd,2,7,buffer_overflow,0.0002646319410752878,1,1,2,0.7659343863387863
nsl-kdd,2,7,ftp_write,4.410532351254797e-05,0,0,0,0.7521868195929237
nsl-kdd,2,7,guess_passwd,0.00039694791161293166,0,0,0,0.9973335987960059
nsl-kdd,2,7,imap,0.00017642129405019187,1,1,3,0.4454671381845735
nsl-kdd,2,7,ipsweep,0.028183301724518148,15,7,639,0.0186527020292743
nsl-kdd,2,7,land,4.410532351254797e-05,0,0,1,0.0038670710294507514
nsl-kdd,2,7,loadmodule,4.410532351254797e-05,0,0,0,0.8245395833239383
nsl-kdd,2,7,multihop,8.821064702509593e-05,2,0,2,0.08382792598233699
nsl-kdd,2,7,neptune,0.3287610814625325,0,0,0,0.9992713226119689
nsl-kdd,2,7,nmap,0.01190843734838795,32,0,43,0.8388042029904128
nsl-kdd,2,7,normal,0.5338508357958806,135,63,6631,0.45761980644791217
nsl-kdd,2,7,phf,4.410532351254797e-05,0,0,0,0.9896065367186478
nsl-kdd,2,7,pod,0.0015436863229391787,0,0,0,0.9988815459901093
nsl-kdd,2,7,portsweep,0.023287610814625326,15,1,333,0.36849985038683636
nsl-kdd,2,7,rootkit,0.0001323159705376439,2,1,1,0.5169491350430284
nsl-kdd,2,7,satan,0.027433511224804835,50,6,406,0.3317504247725394
nsl-kdd,2,7,smurf,0.020994133991972832,0,0,0,0.9999992934952413
nsl-kdd,2,7,spy,4.410532351254797e-05,1,1,0,0.9976166119051677
nsl-kdd,2,7,teardrop,0.007497904997133154,0,0,0,0.976717128691082
nsl-kdd,2,7,warezclient,0.0071891677325453185,21,7,142,0.1904894604694364
nsl-kdd,2,7,warezmaster,0.00030873726458783575,2,2,2,0.7143608416754781
nsl-kdd,2,8,back,0.007762536938208442,4,4,6,0.9651740834955187
nsl-kdd,2,8,buffer_overflow,0.0002646319410752878,1,1,2,0.7538438482469401
nsl-kdd,2,8,ftp_write,4.410532351254797e-05,0,0,0,0.7527584836045499
nsl-kdd,2,8,guess_passwd,0.00039694791161293166,0,0,0,0.9978008569464158
nsl-kdd,2,8,imap,0.00017642129405019187,3,3,3,0.24880804998885978
nsl-kdd,2,8,ipsweep,0.028183301724518148,19,6,639,0.02064975461401955
nsl-kdd,2,8,land,4.410532351254797e-05,1,0,1,0.003963311556576236
nsl-kdd,2,8,loadmodule,4.410532351254797e-05,0,0,0,0.8265996797392114
nsl-kdd,2,8,multihop,8.821064702509593e-05,2,0,2,0.07866100681891941
nsl-kdd,2,8,neptune,0.3287610814625325,0,0,0,0.9991255823696317
nsl-kdd,2,8,nmap,0.011952542671900499,39,1,48,0.8312438330101657
nsl-kdd,2,8,normal,0.5338508357958806,126,64,6009,0.4924616022460694
nsl-kdd,2,8,phf,4.410532351254797e-05,0,0,0,0.9904423670865729
nsl-kdd,2,8,pod,0.0014995809994266308,0,0,0,0.9858843972759983
nsl-kdd,2,8,portsweep,0.023287610814625326,12,0,333,0.3692916618233012
nsl-kdd,2,8,rootkit,0.0001323159705376439,2,1,2,0.29110953643697013
nsl-kdd,2,8,satan,0.027389405901292286,52,5,402,0.34490587684378227
nsl-kdd,2,8,smurf,0.021038239315485378,2,0,2,0.9878183942104937
nsl-kdd,2,8,spy,4.410532351254797e-05,1,1,0,0.9977380871483763
nsl-kdd,2,8,teardrop,0.007497904997133154,0,0,0,0.9734487141085163
nsl-kdd,2,8,warezclient,0.0071891677325453185,30,15,126,0.2372270491968528
nsl-kdd,2,8,warezmaster,0.00030873726458783575,2,0,2,0.7144336298011834
nsl-kdd,2,9,back,0.007762536938208442,3,3,6,0.9645442647074746
nsl-kdd,2,9,buffer_overflow,0.00022052661756273982,1,1,1,0.7816197459341325
nsl-kdd,2,9,ftp_write,4.410532351254797e-05,0,0,0,0.7542199010978173
nsl-kdd,2,9,guess_passwd,0.00039694791161293166,0,0,0,0.9977197322579886
nsl-kdd,2,9,imap,0.00017642129405019187,2,1,3,0.24390976732214
nsl-kdd,2,9,ipsweep,0.028183301724518148,16,8,639,0.019102239831135893
nsl-kdd,2,9,loadmodule,4.410532351254797e-05,0,0,0,0.8252954393955683
nsl-kdd,2,9,multihop,8.821064702509593e-05,2,1,2,0.06374289258177619
nsl-kdd,2,9,neptune,0.32871697613901996,0,0,0,0.9992724058640408
nsl-kdd,2,9,nmap,0.011952542671900499,35,0,44,0.8381933696723163
nsl-kdd,2,9,normal,0.5338949411193931,143,61,6602,0.46180144694821956
nsl-kdd,2,9,phf,8.821064702509593e-05,0,0,0,0.9979579835801693
nsl-kdd,2,9,pod,0.0014995809994266308,0,0,0,0.9865461021293913
nsl-kdd,2,9,portsweep,0.02333171613813787,13,0,336,0.3637628631098282
nsl-kdd,2,9,rootkit,0.00017642129405019187,3,1,3,0.29020532827540124
nsl-kdd,2,9,satan,0.027433511224804835,47,3,395,0.3495906426379376
nsl-kdd,2,9,smurf,0.020994133991972832,3,1,2,0.9880458206806219
nsl-kdd,2,9,spy,4.410532351254797e-05,1,1,0,0.9969736521437141
nsl-kdd,2,9,teardrop,0.007453799673620606,0,0,0,0.9760620205096615
nsl-kdd,2,9,warezclient,0.0071891677325453185,22,7,144,0.17852156780297967
nsl-kdd,2,9,warezmaster,0.00030873726458783575,2,2,2,0.7143622022845556
nsl-kdd,3,0,back,0.0077628793225123505,4,4,6,0.9619840567724122
nsl-kdd,3,0,buffer_overflow,0.0002205363443895554,2,0,2,0.6808967721678565
nsl-kdd,3,0,ftp_write,4.410726887791108e-05,0,0,0,0.7503096756684129
nsl-kdd,3,0,guess_passwd,0.00039696541990119974,0,0,0,0.9975584816877094
nsl-kdd,3,0,imap,0.0002205363443895554,2,2,4,0.19896596751121828
nsl-kdd,3,0,ipsweep,0.02818454481298518,17,8,639,0.020996351639828
nsl-kdd,3,0,land,4.410726887791108e-05,1,0,1,0.004014957128503973
nsl-kdd,3,0,multihop,8.821453775582216e-05,2,0,2,0.06870587499113354
nsl-kdd,3,0,neptune,0.3287314749470713,0,0,0,0.9992946806050632
nsl-kdd,3,0,nmap,0.011953069865913903,38,0,43,0.8392483503081912
nsl-kdd,3,0,normal,0.5338743824982357,136,60,6217,0.47837344542680993
nsl-kdd,3,0,phf,8.821453775582216e-05,0,0,0,0.9978249190782964
nsl-kdd,3,0,pod,0.0014996471418489768,0,0,0,0.9862972755319196
nsl-kdd,3,0,portsweep,0.023332745236414962,8,1,334,0.3674953243515419
nsl-kdd,3,0,rootkit,0.00017642907551164433,3,1,3,0.28919911758633493
nsl-kdd,3,0,satan,0.027434721242060693,53,5,399,0.3413918720472012
nsl-kdd,3,0,smurf,0.020995059985885675,3,0,5,0.9852685111580812
nsl-kdd,3,0,spy,4.410726887791108e-05,1,1,0,0.9974903969690253
nsl-kdd,3,0,teardrop,0.007454128440366973,0,0,0,0.975500225873004
nsl-kdd,3,0,warezclient,0.007189484827099506,20,5,142,0.1900555679895119
nsl-kdd,3,0,warezmaster,0.0002646436132674665,2,2,2,0.6668123685764612
nsl-kdd,3,1,back,0.0077628793225123505,3,3,6,0.9648248109421075
nsl-kdd,3,1,buffer_overflow,0.0002205363443895554,1,0,0,0.8411571174690737
nsl-kdd,3,1,ftp_write,4.410726887791108e-05,0,0,0,0.7771382603870618
nsl-kdd,3,1,guess_passwd,0.00039696541990119974,0,0,0,0.9976551172948123
nsl-kdd,3,1,imap,0.0002205363443895554,2,2,4,0.198809689693983
nsl-kdd,3,1,ipsweep,0.02818454481298518,16,6,639,0.02018026484459888
nsl-kdd,3,1,land,4.410726887791108e-05,1,0,1,0.004175026164055321
nsl-kdd,3,1,loadmodule,4.410726887791108e-05,0,0,0,0.8216708093247147
nsl-kdd,3,1,multihop,8.821453775582216e-05,2,0,2,0.07107532011115184
nsl-kdd,3,1,neptune,0.3287755822159492,0,0,0,0.999277922773887
nsl-kdd,3,1,nmap,0.011953069865913903,37,0,46,0.8330802253400005
nsl-kdd,3,1,normal,0.5338743824982357,145,63,6468,0.47052519542211313
nsl-kdd,3,1,phf,8.821453775582216e-05,0,0,0,0.9979546665338448
nsl-kdd,3,1,pod,0.0014996471418489768,1,0,1,0.9678235801212975
nsl-kdd,3,1,portsweep,0.023332745236414962,16,0,330,0.37507773062630845
nsl-kdd,3,1,rootkit,0.00017642907551164433,3,1,3,0.300570114820346
nsl-kdd,3,1,satan,0.027434721242060693,54,4,400,0.34195662493979073
nsl-kdd,3,1,smurf,0.020995059985885675,1,0,0,0.9943571620621884
nsl-kdd,3,1,teardrop,0.007454128440366973,0,0,0,0.974832738673838
nsl-kdd,3,1,warezclient,0.007145377558221595,26,8,142,0.1849689351192245
nsl-kdd,3,1,warezmaster,0.0002646436132674665,2,2,2,0.6667955797214319
nsl-kdd,3,2,back,0.007806642261720989,6,6,6,0.9671682215097533
nsl-kdd,3,2,buffer_overflow,0.00022052661756273982,1,0,1,0.8188268332592248
nsl-kdd,3,2,guess_passwd,0.00039694791161293166,0,0,0,0.9973968252201849
nsl-kdd,3,2,imap,0.00022052661756273982,4,2,4,0.19893921813692061
nsl-kdd,3,2,ipsweep,0.028183301724518148,14,12,639,0.019315564512694287
nsl-kdd,3,2,land,4.410532351254797e-05,1,0,1,0.003881018175961597
nsl-kdd,3,2,loadmodule,4.410532351254797e-05,0,0,0,0.8512334890887484
nsl-kdd,3,2,multihop,8.821064702509593e-05,2,0,2,0.07203854474773524
nsl-kdd,3,2,neptune,0.3287610814625325,0,0,0,0.9991469297029689
nsl-kdd,3,2,nmap,0.011952542671900499,33,0,41,0.8356775988286709
nsl-kdd,3,2,normal,0.5338508357958806,144,63,6055,0.4935375971996878
nsl-kdd,3,2,phf,8.821064702509593e-05,0,0,0,0.9979622065793068
nsl-kdd,3,2,pod,0.0014995809994266308,0,0,0,0.9873549284475018
nsl-kdd,3,2,portsweep,0.023287610814625326,14,1,332,0.3700903270456955
nsl-kdd,3,2,rootkit,0.00017642129405019187,3,1,3,0.2938977182641574
nsl-kdd,3,2,satan,0.027433511224804835,56,2,397,0.3539108677762735
nsl-kdd,3,2,smurf,0.020994133991972832,3,0,4,0.9872218285219923
nsl-kdd,3,2,spy,4.410532351254797e-05,1,1,0,0.9969346529495371
nsl-kdd,3,2,teardrop,0.007453799673620606,0,0,0,0.9758307754290805
nsl-kdd,3,2,warezclient,0.0071891677325453185,30,13,145,0.1902866430639123
nsl-kdd,3,2,warezmaster,0.0002646319410752878,2,2,2,0.666805646967819
nsl-kdd,3,3,back,0.007806642261720989,3,3,6,0.9634035591684579
nsl-kdd,3,3,buffer_overflow,0.00022052661756273982,2,1,2,0.6801358470687928
nsl-kdd,3,3,ftp_write,4.410532351254797e-05,0,0,0,0.7936779459391915
nsl-kdd,3,3,guess_passwd,0.00039694791161293166,0,0,0,0.9976289932403221
nsl-kdd,3,3,imap,0.00022052661756273982,3,2,4,0.20163576399387453
nsl-kdd,3,3,ipsweep,0.028183301724518148,18,7,639,0.019882679313407824
nsl-kdd,3,3,land,4.410532351254797e-05,1,0,1,0.004026022598303644
nsl-kdd,3,3,loadmodule,4.410532351254797e-05,0,0,0,0.8341125235382055
nsl-kdd,3,3,multihop,4.410532351254797e-05,1,0,0,0.9999016058029087
nsl-kdd,3,3,neptune,0.3287610814625325,0,0,0,0.9992810432827036
nsl-kdd,3,3,nmap,0.011952542671900499,37,1,46,0.8341701859387274
nsl-kdd,3,3,normal,0.5338508357958806,140,63,6110,0.4867332479082398
nsl-kdd,3,3,phf,8.821064702509593e-05,0,0,0,0.9972620912399548
nsl-kdd,3,3,pod,0.0014995809994266308,0,0,0,0.9878848770385898
nsl-kdd,3,3,portsweep,0.023287610814625326,16,0,332,0.3702495543064014
nsl-kdd,3,3,rootkit,0.00017642129405019187,3,1,3,0.2758782204932516
nsl-kdd,3,3,satan,0.027433511224804835,52,4,413,0.323669827973469
nsl-kdd,3,3,smurf,0.020994133991972832,3,0,3,0.9883283642297629
nsl-kdd,3,3,spy,4.410532351254797e-05,1,1,0,0.9970428475421409
nsl-kdd,3,3,teardrop,0.007453799673620606,0,0,0,0.9756090003914605
nsl-kdd,3,3,warezclient,0.0071891677325453185,27,12,144,0.18074380732018036
nsl-kdd,3,3,warezmaster,0.0002646319410752878,2,2,2,0.6668084730919125
nsl-kdd,3,4,back,0.007806642261720989,2,2,5,0.9741835392777344
nsl-kdd,3,4,buffer_overflow,0.00022052661756273982,1,1,1,0.8695752793474171
nsl-kdd,3,4,ftp_write,4.410532351254797e-05,0,0,0,0.999999615817834
nsl-kdd,3,4,guess_passwd,0.00039694791161293166,0,0,0,0.9999999994860053
nsl-kdd,3,4,imap,0.00022052661756273982,2,2,1,0.8128217046433429
nsl-kdd,3,4,ipsweep,0.028183301724518148,15,8,637,0.005646113408818892
nsl-kdd,3,4,land,4.410532351254797e-05,0,0,0,0.999994958133771
nsl-kdd,3,4,loadmodule,4.410532351254797e-05,0,0,0,0.9999996038777287
nsl-kdd,3,4,multihop,4.410532351254797e-05,0,0,0,1.0
nsl-kdd,3,4,neptune,0.3287610814625325,1,0,38,0.9945205212091531
nsl-kdd,3,4,nmap,0.011952542671900499,4,0,14,0.9441361649591755
nsl-kdd,3,4,normal,0.5338508357958806,140,70,5028,0.5895080615900959
nsl-kdd,3,4,phf,8.821064702509593e-05,0,0,0,0.9999999999795289
nsl-kdd,3,4,pod,0.0014995809994266308,1,0,1,0.9722537046228604
nsl-kdd,3,4,portsweep,0.023287610814625326,9,0,152,0.6843905494660467
nsl-kdd,3,4,rootkit,0.00017642129405019187,3,2,1,0.7411069680742072
nsl-kdd,3,4,satan,0.027433511224804835,49,3,242,0.6038900393760668
nsl-kdd,3,4,smurf,0.020994133991972832,3,0,4,0.9903855120547091
nsl-kdd,3,4,spy,4.410532351254797e-05,1,1,0,0.9999999999894049
nsl-kdd,3,4,teardrop,0.007453799673620606,0,0,3,0.9804690590935659
nsl-kdd,3,4,warezclient,0.0071891677325453185,13,5,97,0.4116104238134562
nsl-kdd,3,4,warezmaster,0.0002646319410752878,1,1,1,0.8333391367834301
nsl-kdd,3,5,back,0.007806642261720989,3,3,6,0.9643017308386874
nsl-kdd,3,5,buffer_overflow,0.0002646319410752878,1,0,1,0.7614849675363473
nsl-kdd,3,5,ftp_write,4.410532351254797e-05,0,0,0,0.7833381372265343
nsl-kdd,3,5,guess_passwd,0.00039694791161293166,0,0,0,0.9974537108480293
nsl-kdd,3,5,imap,0.00017642129405019187,4,4,3,0.24919758351507582
nsl-kdd,3,5,ipsweep,0.028183301724518148,20,8,639,0.019443096667225615
nsl-kdd,3,5,land,4.410532351254797e-05,1,0,1,0.00404928718719383
nsl-kdd,3,5,loadmodule,4.410532351254797e-05,0,0,0,0.8287517172678277
nsl-kdd,3,5,multihop,8.821064702509593e-05,2,1,2,0.06253692305680336
nsl-kdd,3,5,neptune,0.3287610814625325,0,0,0,0.9992925117834032
nsl-kdd,3,5,nmap,0.011952542671900499,36,0,46,0.8368206053822813
nsl-kdd,3,5,normal,0.5338508357958806,121,60,6565,0.4633824594841713
nsl-kdd,3,5,phf,8.821064702509593e-05,0,0,0,0.9978884673025613
nsl-kdd,3,5,pod,0.0014995809994266308,0,0,0,0.9857849139931891
nsl-kdd,3,5,portsweep,0.023287610814625326,10,2,329,0.37627246066691694
nsl-kdd,3,5,rootkit,0.0001323159705376439,2,1,2,0.37355651796791584
nsl-kdd,3,5,satan,0.027433511224804835,54,5,400,0.3410474165161151
nsl-kdd,3,5,smurf,0.020994133991972832,1,0,1,0.9872670300073919
nsl-kdd,3,5,spy,4.410532351254797e-05,1,1,0,0.9975937236100426
nsl-kdd,3,5,teardrop,0.007453799673620606,0,0,0,0.9764526248663669
nsl-kdd,3,5,warezclient,0.0071891677325453185,20,6,142,0.2259137012340125
nsl-kdd,3,5,warezmaster,0.0002646319410752878,2,1,2,0.6670177542782477
nsl-kdd,3,6,back,0.007762536938208442,4,4,7,0.9612533146703025
nsl-kdd,3,6,buffer_overflow,0.0002646319410752878,1,1,2,0.7457118951839785
nsl-kdd,3,6,ftp_write,4.410532351254797e-05,0,0,0,0.7416818499117588
nsl-kdd,3,6,guess_passwd,0.00039694791161293166,0,0,0,0.9974215068905734
nsl-kdd,3,6,imap,0.00017642129405019187,1,1,3,0.2438908505303475
nsl-kdd,3,6,ipsweep,0.028183301724518148,13,7,639,0.019184505781087234
nsl-kdd,3,6,land,4.410532351254797e-05,1,0,1,0.004028325927846098
nsl-kdd,3,6,loadmodule,4.410532351254797e-05,0,0,0,0.819784397649766
nsl-kdd,3,6,multihop,8.821064702509593e-05,2,0,2,0.0882872780049076
nsl-kdd,3,6,neptune,0.3287610814625325,0,0,0,0.9992703257300803
nsl-kdd,3,6,nmap,0.011952542671900499,36,0,47,0.8300319987447567
nsl-kdd,3,6,normal,0.5338508357958806,134,70,6430,0.47004543443416136
nsl-kdd,3,6,phf,8.821064702509593e-05,0,0,0,0.9976753297986312
nsl-kdd,3,6,pod,0.0015436863229391787,0,0,0,0.9849005066083013
nsl-kdd,3,6,portsweep,0.023287610814625326,17,2,333,0.36929955574228457
nsl-kdd,3,6,rootkit,0.0001323159705376439,2,0,2,0.2882885940024257
nsl-kdd,3,6,satan,0.027433511224804835,52,3,401,0.340960655672779
nsl-kdd,3,6,smurf,0.020994133991972832,3,0,5,0.985707186655407
nsl-kdd,3,6,spy,4.410532351254797e-05,1,1,0,0.9975920629329446
nsl-kdd,3,6,teardrop,0.007453799673620606,0,0,0,0.9744963314987992
nsl-kdd,3,6,warezclient,0.0071891677325453185,31,21,142,0.2214333948859496
nsl-kdd,3,6,warezmaster,0.0002646319410752878,1,1,1,0.8333676616854339
nsl-kdd,3,7,back,0.007762536938208442,5,5,6,0.9663514578511202
nsl-kdd,3,7,buffer_overflow,0.0002646319410752878,1,1,1,0.7785333646699163
nsl-kdd,3,7,ftp_write,4.410532351254797e-05,0,0,0,0.7445811333295423
nsl-kdd,3,7,guess_passwd,0.00039694791161293166,0,0,0,0.9973955509794433
nsl-kdd,3,7,imap,0.00017642129405019187,3,3,3,0.24883264734197683
nsl-kdd,3,7,ipsweep,0.028183301724518148,16,9,639,0.01999207445636559
nsl-kdd,3,7,land,4.410532351254797e-05,1,0,1,0.0036956489230743164
nsl-kdd,3,7,loadmodule,4.410532351254797e-05,0,0,0,0.8528151327025976
nsl-kdd,3,7,multihop,8.821064702509593e-05,2,0,2,0.06845794146417541
nsl-kdd,3,7,neptune,0.3287610814625325,0,0,0,0.9992673254219925
nsl-kdd,3,7,nmap,0.01190843734838795,36,0,44,0.8359888177141324
nsl-kdd,3,7,normal,0.5338508357958806,142,69,6590,0.46391063313802583
nsl-kdd,3,7,phf,4.410532351254797e-05,0,0,0,0.9899303729579186
nsl-kdd,3,7,pod,0.0015436863229391787,0,0,0,0.9866154111389166
nsl-kdd,3,7,portsweep,0.023287610814625326,10,1,333,0.36846066226027085
nsl-kdd,3,7,rootkit,0.0001323159705376439,3,1,3,0.06592299558868889
nsl-kdd,3,7,satan,0.027433511224804835,53,6,398,0.34573390200169485
nsl-kdd,3,7,smurf,0.020994133991972832,3,0,3,0.9879048662823986
nsl-kdd,3,7,spy,4.410532351254797e-05,1,1,0,0.9976058158133974
nsl-kdd,3,7,teardrop,0.007497904997133154,0,0,0,0.9769830908921225
nsl-kdd,3,7,warezclient,0.0071891677325453185,21,10,144,0.20230877642192457
nsl-kdd,3,7,warezmaster,0.00030873726458783575,2,1,2,0.7144226431740528
nsl-kdd,3,8,back,0.007762536938208442,3,3,5,0.9656152398807705
nsl-kdd,3,8,buffer_overflow,0.0002646319410752878,1,1,1,0.770592934804836
nsl-kdd,3,8,ftp_write,4.410532351254797e-05,0,0,0,0.7558657476520233
nsl-kdd,3,8,guess_passwd,0.00039694791161293166,0,0,0,0.9973802875035401
nsl-kdd,3,8,imap,0.00017642129405019187,3,1,3,0.4237640537335618
nsl-kdd,3,8,ipsweep,0.028183301724518148,15,9,639,0.020546612539109638
nsl-kdd,3,8,land,4.410532351254797e-05,0,0,1,0.00389329106475998
nsl-kdd,3,8,loadmodule,4.410532351254797e-05,0,0,0,0.8341664527387046
nsl-kdd,3,8,multihop,8.821064702509593e-05,2,1,2,0.082935573019046
nsl-kdd,3,8,neptune,0.3287610814625325,0,0,0,0.9992832858205074
nsl-kdd,3,8,nmap,0.011952542671900499,36,0,41,0.839807091037406
nsl-kdd,3,8,normal,0.5338508357958806,138,65,6279,0.4734787410283503
nsl-kdd,3,8,phf,4.410532351254797e-05,0,0,0,0.9905750541441937
nsl-kdd,3,8,pod,0.0014995809994266308,2,0,2,0.960701354631932
nsl-kdd,3,8,portsweep,0.023287610814625326,19,2,335,0.36499253597203046
nsl-kdd,3,8,rootkit,0.0001323159705376439,2,1,1,0.515248629967152
nsl-kdd,3,8,satan,0.027389405901292286,55,4,397,0.346735237765089
nsl-kdd,3,8,smurf,0.021038239315485378,1,0,1,0.9878524190611301
nsl-kdd,3,8,spy,4.410532351254797e-05,1,1,0,0.9972106730355664
nsl-kdd,3,8,teardrop,0.007497904997133154,0,0,0,0.9781601639136749
nsl-kdd,3,8,warezclient,0.0071891677325453185,17,7,141,0.1919269673011354
nsl-kdd,3,8,warezmaster,0.00030873726458783575,2,1,2,0.7143635292021058
nsl-kdd,3,9,back,0.007762536938208442,3,3,6,0.9648006747471267
nsl-kdd,3,9,buffer_overflow,0.00022052661756273982,1,1,0,0.8760188689409592
nsl-kdd,3,9,ftp_write,4.410532351254797e-05,0,0,0,0.9417049743675961
nsl-kdd,3,9,guess_passwd,0.00039694791161293166,0,0,0,0.9978148753225481
nsl-kdd,3,9,imap,0.00017642129405019187,4,2,3,0.248849547776177
nsl-kdd,3,9,ipsweep,0.028183301724518148,5,4,75,0.8043849404692941
nsl-kdd,3,9,loadmodule,4.410532351254797e-05,0,0,0,0.9928091209591567
nsl-kdd,3,9,multihop,8.821064702509593e-05,2,0,2,0.06817543325596744
nsl-kdd,3,9,neptune,0.32871697613901996,0,0,0,0.9992270383643529
nsl-kdd,3,9,nmap,0.011952542671900499,50,8,230,0.238220856163704
nsl-kdd,3,9,normal,0.5338949411193931,139,85,4783,0.5803889891807255
nsl-kdd,3,9,phf,8.821064702509593e-05,0,0,0,0.9980181606126846
nsl-kdd,3,9,pod,0.0014995809994266308,2,0,0,0.9918337813244221
nsl-kdd,3,9,portsweep,0.02333171613813787,16,1,328,0.3788833719479635
nsl-kdd,3,9,rootkit,0.00017642129405019187,3,1,3,0.2976750624213187
nsl-kdd,3,9,satan,0.027433511224804835,51,6,400,0.3432238654069482
nsl-kdd,3,9,smurf,0.020994133991972832,1,0,1,0.9875971383329911
nsl-kdd,3,9,spy,4.410532351254797e-05,1,1,0,0.998592937500085
nsl-kdd,3,9,teardrop,0.007453799673620606,0,0,0,0.9743944526971305
nsl-kdd,3,9,warezclient,0.0071891677325453185,21,4,145,0.18657636583017154
nsl-kdd,3,9,warezmaster,0.00030873726458783575,2,2,2,0.7143612905608994
nsl-kdd,4,0,back,0.0077628793225123505,5,5,6,0.961795985140204
nsl-kdd,4,0,buffer_overflow,0.0002205363443895554,2,0,2,0.682134672314067
nsl-kdd,4,0,ftp_write,4.410726887791108e-05,0,0,0,0.7482370759727518
nsl-kdd,4,0,guess_passwd,0.00039696541990119974,0,0,0,0.9973502079935008
nsl-kdd,4,0,imap,0.0002205363443895554,2,2,4,0.19879766709205599
nsl-kdd,4,0,ipsweep,0.02818454481298518,22,7,639,0.021783559929315355
nsl-kdd,4,0,land,4.410726887791108e-05,1,0,1,0.0038311791617035534
nsl-kdd,4,0,multihop,8.821453775582216e-05,2,1,2,0.06853102918682591
nsl-kdd,4,0,neptune,0.3287314749470713,1,1,0,0.9991451273048628
nsl-kdd,4,0,nmap,0.011953069865913903,41,0,46,0.8291757779499443
nsl-kdd,4,0,normal,0.5338743824982357,133,63,6249,0.48162472632239267
nsl-kdd,4,0,phf,8.821453775582216e-05,0,0,0,0.9977512702299258
nsl-kdd,4,0,pod,0.0014996471418489768,1,0,1,0.9676116689427097
nsl-kdd,4,0,portsweep,0.023332745236414962,11,3,331,0.3731975775635826
nsl-kdd,4,0,rootkit,0.00017642907551164433,3,1,3,0.2882363274975496
nsl-kdd,4,0,satan,0.027434721242060693,54,4,402,0.34639074965443106
nsl-kdd,4,0,smurf,0.020995059985885675,0,0,0,0.9945447128723138
nsl-kdd,4,0,spy,4.410726887791108e-05,1,1,0,0.996978719070702
nsl-kdd,4,0,teardrop,0.007454128440366973,0,0,0,0.9728007864167031
nsl-kdd,4,0,warezclient,0.007189484827099506,40,16,141,0.18065782916707093
nsl-kdd,4,0,warezmaster,0.0002646436132674665,2,2,2,0.6668178101786847
nsl-kdd,4,1,back,0.0077628793225123505,3,3,3,0.9828891743625399
nsl-kdd,4,1,buffer_overflow,0.0002205363443895554,0,0,0,0.9951882040309311
nsl-kdd,4,1,ftp_write,4.410726887791108e-05,0,0,0,0.999999576526769
nsl-kdd,4,1,guess_passwd,0.00039696541990119974,0,0,0,0.9999999973554967
nsl-kdd,4,1,imap,0.0002205363443895554,2,2,1,0.8024301572105633
nsl-kdd,4,1,ipsweep,0.02818454481298518,14,8,637,0.004461536627485808
nsl-kdd,4,1,land,4.410726887791108e-05,0,0,0,0.999996479828225
nsl-kdd,4,1,loadmodule,4.410726887791108e-05,0,0,0,0.9999996294583821
nsl-kdd,4,1,multihop,8.821453775582216e-05,1,0,1,0.507933493341532
nsl-kdd,4,1,neptune,0.3287755822159492,2,0,38,0.9949370167413577
nsl-kdd,4,1,nmap,0.011953069865913903,3,0,18,0.9357389893149424
nsl-kdd,4,1,normal,0.5338743824982357,144,74,4903,0.5968899337709829
nsl-kdd,4,1,phf,8.821453775582216e-05,0,0,0,0.9999999999861886
nsl-kdd,4,1,pod,0.0014996471418489768,0,0,0,0.9990460087284314
nsl-kdd,4,1,portsweep,0.023332745236414962,10,0,157,0.6746144694873478
nsl-kdd,4,1,rootkit,0.00017642907551164433,2,1,1,0.6409229628345878
nsl-kdd,4,1,satan,0.027434721242060693,55,6,318,0.48497775676559823
nsl-kdd,4,1,smurf,0.020995059985885675,5,0,6,0.9871921985482427
nsl-kdd,4,1,teardrop,0.007454128440366973,0,0,3,0.9838804161558156
nsl-kdd,4,1,warezclient,0.007145377558221595,14,3,96,0.41159127926745165
nsl-kdd,4,1,warezmaster,0.0002646436132674665,1,0,1,0.8379496078877589
nsl-kdd,4,2,back,0.007806642261720989,4,4,6,0.9655746938909348
nsl-kdd,4,2,buffer_overflow,0.00022052661756273982,2,1,2,0.656834456084933
nsl-kdd,4,2,guess_passwd,0.00039694791161293166,0,0,0,0.9973757585065015
nsl-kdd,4,2,imap,0.00022052661756273982,3,2,4,0.19894172326001897
nsl-kdd,4,2,ipsweep,0.028183301724518148,17,8,639,0.019630639182377486
nsl-kdd,4,2,land,4.410532351254797e-05,0,0,1,0.003804499649160789
nsl-kdd,4,2,loadmodule,4.410532351254797e-05,0,0,0,0.8323357665911055
nsl-kdd,4,2,multihop,8.821064702509593e-05,2,0,2,0.06505698550175205
nsl-kdd,4,2,neptune,0.3287610814625325,0,0,0,0.9954132100253966
nsl-kdd,4,2,nmap,0.011952542671900499,35,0,49,0.8269869258557427
nsl-kdd,4,2,normal,0.5338508357958806,137,55,5919,0.511481732146185
nsl-kdd,4,2,phf,8.821064702509593e-05,0,0,0,0.9974539042332118
nsl-kdd,4,2,pod,0.0014995809994266308,0,0,0,0.9865967980229193
nsl-kdd,4,2,portsweep,0.023287610814625326,10,0,334,0.366342223666233
nsl-kdd,4,2,rootkit,0.00017642129405019187,3,2,3,0.28118558059724563
nsl-kdd,4,2,satan,0.027433511224804835,53,3,378,0.4225916017791352
nsl-kdd,4,2,smurf,0.020994133991972832,3,0,3,0.9868577322261293
nsl-kdd,4,2,spy,4.410532351254797e-05,1,1,0,0.997415563250307
nsl-kdd,4,2,teardrop,0.007453799673620606,0,0,0,0.927604836732075
nsl-kdd,4,2,warezclient,0.0071891677325453185,27,11,142,0.19106470685359908
nsl-kdd,4,2,warezmaster,0.0002646319410752878,2,2,2,0.6668104281238474
nsl-kdd,4,3,back,0.007806642261720989,3,3,6,0.966904718706228
nsl-kdd,4,3,buffer_overflow,0.00022052661756273982,1,1,1,0.7845262903362992
nsl-kdd,4,3,ftp_write,4.410532351254797e-05,0,0,0,0.8036042095077791
nsl-kdd,4,3,guess_passwd,0.00039694791161293166,0,0,0,0.9974225327544048
nsl-kdd,4,3,imap,0.00022052661756273982,4,2,4,0.20167120617680148
nsl-kdd,4,3,ipsweep,0.028183301724518148,15,10,639,0.021374267204291045
nsl-kdd,4,3,land,4.410532351254797e-05,1,0,1,0.004184014301522847
nsl-kdd,4,3,loadmodule,4.410532351254797e-05,0,0,0,0.8392686837356613
nsl-kdd,4,3,multihop,4.410532351254797e-05,0,0,0,0.9999396287060934
nsl-kdd,4,3,neptune,0.3287610814625325,0,0,0,0.999313873640842
nsl-kdd,4,3,nmap,0.011952542671900499,38,0,46,0.8311191603007778
nsl-kdd,4,3,normal,0.5338508357958806,132,55,6197,0.479144694871553
nsl-kdd,4,3,phf,8.821064702509593e-05,0,0,0,0.9979778388223572
nsl-kdd,4,3,pod,0.0014995809994266308,0,0,0,0.9868263367555082
nsl-kdd,4,3,portsweep,0.023287610814625326,13,0,329,0.37581206726647404
nsl-kdd,4,3,rootkit,0.00017642129405019187,3,2,3,0.2921361016518279
nsl-kdd,4,3,satan,0.027433511224804835,52,2,401,0.3388883132245825
nsl-kdd,4,3,smurf,0.020994133991972832,3,0,5,0.9852863474938273
nsl-kdd,4,3,spy,4.410532351254797e-05,1,1,0,0.9971744787676957
nsl-kdd,4,3,teardrop,0.007453799673620606,0,0,0,0.9753386677107944
nsl-kdd,4,3,warezclient,0.0071891677325453185,17,7,143,0.18274857201928627
nsl-kdd,4,3,warezmaster,0.0002646319410752878,2,2,2,0.6668159687052059
nsl-kdd,4,4,back,0.007806642261720989,4,4,7,0.9621281246177665
nsl-kdd,4,4,buffer_overflow,0.00022052661756273982,1,1,2,0.7059733374752916
nsl-kdd,4,4,ftp_write,4.410532351254797e-05,0,0,0,0.7477283978601106
nsl-kdd,4,4,guess_passwd,0.00039694791161293166,0,0,0,0.9978082732620206
nsl-kdd,4,4,imap,0.00022052661756273982,4,2,4,0.20162967805063786
nsl-kdd,4,4,ipsweep,0.028183301724518148,17,10,639,0.019691921721484467
nsl-kdd,4,4,land,4.410532351254797e-05,1,0,1,0.00411227273717864
nsl-kdd,4,4,loadmodule,4.410532351254797e-05,0,0,0,0.8554030609105906
nsl-kdd,4,4,multihop,4.410532351254797e-05,1,0,0,0.999901707982159
nsl-kdd,4,4,neptune,0.3287610814625325,0,0,0,0.9992861218257664
nsl-kdd,4,4,nmap,0.011952542671900499,34,0,42,0.8380314892099393
nsl-kdd,4,4,normal,0.5338508357958806,135,61,6538,0.46558171127690023
nsl-kdd,4,4,phf,8.821064702509593e-05,0,0,0,0.9979258841882792
nsl-kdd,4,4,pod,0.0014995809994266308,0,0,0,0.9878671595783082
nsl-kdd,4,4,portsweep,0.023287610814625326,16,0,334,0.36643840704279235
nsl-kdd,4,4,rootkit,0.00017642129405019187,3,1,3,0.29131013290447827
nsl-kdd,4,4,satan,0.027433511224804835,53,4,407,0.3334336777491107
nsl-kdd,4,4,smurf,0.020994133991972832,3,0,3,0.9882582032799396
nsl-kdd,4,4,spy,4.410532351254797e-05,1,1,0,0.9970059238287896
nsl-kdd,4,4,teardrop,0.007453799673620606,0,0,0,0.9761209411953695
nsl-kdd,4,4,warezclient,0.0071891677325453185,20,6,143,0.17161479870943355
nsl-kdd,4,4,warezmaster,0.0002646319410752878,2,2,2,0.6668179145683614
nsl-kdd,4,5,back,0.007806642261720989,3,3,6,0.9645606383965006
nsl-kdd,4,5,buffer_overflow,0.0002646319410752878,1,1,1,0.7787856472811874
nsl-kdd,4,5,ftp_write,4.410532351254797e-05,0,0,0,0.746243719279938
nsl-kdd,4,5,guess_passwd,0.00039694791161293166,0,0,0,0.9973903157232455
nsl-kdd,4,5,imap,0.00017642129405019187,4,3,3,0.24868214685638185
nsl-kdd,4,5,ipsweep,0.028183301724518148,16,9,639,0.019711116156865986
nsl-kdd,4,5,land,4.410532351254797e-05,0,0,1,0.0038816642879439486
nsl-kdd,4,5,loadmodule,4.410532351254797e-05,0,0,0,0.85270022517917
nsl-kdd,4,5,multihop,8.821064702509593e-05,2,0,2,0.05848396887248512
nsl-kdd,4,5,neptune,0.3287610814625325,0,0,0,0.9992565185916461
nsl-kdd,4,5,nmap,0.011952542671900499,33,0,42,0.8393246662949085
nsl-kdd,4,5,normal,0.5338508357958806,134,62,6575,0.4631305213723758
nsl-kdd,4,5,phf,8.821064702509593e-05,0,0,0,0.9980100590026215
nsl-kdd,4,5,pod,0.0014995809994266308,1,0,1,0.9682186814972757
nsl-kdd,4,5,portsweep,0.023287610814625326,16,0,329,0.37622196820420034
nsl-kdd,4,5,rootkit,0.0001323159705376439,3,2,3,0.06679648975680122
nsl-kdd,4,5,satan,0.027433511224804835,52,3,396,0.3485710917184748
nsl-kdd,4,5,smurf,0.020994133991972832,0,0,0,0.9964803289268146
nsl-kdd,4,5,spy,4.410532351254797e-05,1,1,0,0.9981116364214044
nsl-kdd,4,5,teardrop,0.007453799673620606,0,0,0,0.9761045441173103
nsl-kdd,4,5,warezclient,0.0071891677325453185,21,6,142,0.21811442070160678
nsl-kdd,4,5,warezmaster,0.0002646319410752878,1,1,1,0.8333336522684415
nsl-kdd,4,6,back,0.007762536938208442,3,3,6,0.9642265364185234
nsl-kdd,4,6,buffer_overflow,0.0002646319410752878,1,0,0,0.9224891256143075
nsl-kdd,4,6,ftp_write,4.410532351254797e-05,0,0,0,0.9388999295232293
nsl-kdd,4,6,guess_passwd,0.00039694791161293166,0,0,0,0.9974473827089927
nsl-kdd,4,6,imap,0.00017642129405019187,1,1,3,0.24382941298009173
nsl-kdd,4,6,ipsweep,0.028183301724518148,4,0,84,0.7924735611123293
nsl-kdd,4,6,land,4.410532351254797e-05,1,0,1,0.004110674981575336
nsl-kdd,4,6,loadmodule,4.410532351254797e-05,0,0,0,0.9907539632794664
nsl-kdd,4,6,multihop,8.821064702509593e-05,2,0,2,0.08044007446462743
nsl-kdd,4,6,neptune,0.3287610814625325,0,0,0,0.9992249093270238
nsl-kdd,4,6,nmap,0.011952542671900499,48,7,232,0.2355079835245223
nsl-kdd,4,6,normal,0.5338508357958806,137,88,4717,0.5811252969862533
nsl-kdd,4,6,phf,8.821064702509593e-05,0,0,0,0.9976502502098868
nsl-kdd,4,6,pod,0.0015436863229391787,0,0,0,0.9914984023059871
nsl-kdd,4,6,portsweep,0.023287610814625326,15,1,328,0.37822405422426636
nsl-kdd,4,6,rootkit,0.0001323159705376439,2,1,1,0.5069770621898813
nsl-kdd,4,6,satan,0.027433511224804835,58,4,396,0.34560840284664424
nsl-kdd,4,6,smurf,0.020994133991972832,4,0,4,0.986475122076065
nsl-kdd,4,6,spy,4.410532351254797e-05,1,1,0,0.998684943785293
nsl-kdd,4,6,teardrop,0.007453799673620606,0,0,0,0.9757966317107567
nsl-kdd,4,6,warezclient,0.0071891677325453185,25,6,142,0.18600555782272152
nsl-kdd,4,6,warezmaster,0.0002646319410752878,2,2,2,0.6668126120028802
nsl-kdd,4,7,back,0.007762536938208442,3,3,6,0.9645575836442218
nsl-kdd,4,7,buffer_overflow,0.0002646319410752878,1,0,2,0.762078952746153
nsl-kdd,4,7,ftp_write,4.410532351254797e-05,0,0,0,0.7804819402032271
nsl-kdd,4,7,guess_passwd,0.00039694791161293166,0,0,0,0.9976969778032729
nsl-kdd,4,7,imap,0.00017642129405019187,1,1,3,0.43236209361844796
nsl-kdd,4,7,ipsweep,0.028183301724518148,16,8,639,0.018525687129558384
nsl-kdd,4,7,land,4.410532351254797e-05,1,0,1,0.003909325340014344
nsl-kdd,4,7,loadmodule,4.410532351254797e-05,0,0,0,0.8258028236868685
nsl-kdd,4,7,multihop,8.821064702509593e-05,2,1,2,0.06230090682989503
nsl-kdd,4,7,neptune,0.3287610814625325,0,0,0,0.9992727381696886
nsl-kdd,4,7,nmap,0.01190843734838795,39,0,44,0.8393183343942728
nsl-kdd,4,7,normal,0.5338508357958806,132,64,6356,0.47070743773889506
nsl-kdd,4,7,phf,4.410532351254797e-05,0,0,0,0.9902728848136935
nsl-kdd,4,7,pod,0.0015436863229391787,2,0,2,0.9607664075120752
nsl-kdd,4,7,portsweep,0.023287610814625326,10,1,332,0.3705844664935693
nsl-kdd,4,7,rootkit,0.0001323159705376439,2,1,2,0.3803475181140988
nsl-kdd,4,7,satan,0.027433511224804835,54,5,405,0.3393061376010483
nsl-kdd,4,7,smurf,0.020994133991972832,3,0,5,0.9857264562466793
nsl-kdd,4,7,spy,4.410532351254797e-05,1,1,0,0.9975717827125322
nsl-kdd,4,7,teardrop,0.007497904997133154,0,0,0,0.976883750182502
nsl-kdd,4,7,warezclient,0.0071891677325453185,25,5,145,0.2174734985436106
nsl-kdd,4,7,warezmaster,0.00030873726458783575,2,1,2,0.7144669648897798
nsl-kdd,4,8,back,0.007762536938208442,2,2,6,0.9650018888513415
nsl-kdd,4,8,buffer_overflow,0.0002646319410752878,1,1,2,0.752113875096375
nsl-kdd,4,8,ftp_write,4.410532351254797e-05,0,0,0,0.7492933406334029
nsl-kdd,4,8,guess_passwd,0.00039694791161293166,0,0,0,0.9974515504100984
nsl-kdd,4,8,imap,0.00017642129405019187,3,3,3,0.24925702749352296
nsl-kdd,4,8,ipsweep,0.028183301724518148,17,8,639,0.018771557483982
nsl-kdd,4,8,land,4.410532351254797e-05,1,0,1,0.0038982333330481542
nsl-kdd,4,8,loadmodule,4.410532351254797e-05,0,0,0,0.8196967889511151
nsl-kdd,4,8,multihop,8.821064702509593e-05,2,0,2,0.07971802179048221
nsl-kdd,4,8,neptune,0.3287610814625325,0,0,0,0.9992657878220222
nsl-kdd,4,8,nmap,0.011952542671900499,35,0,44,0.8388529909799504
nsl-kdd,4,8,normal,0.5338508357958806,136,65,6654,0.45775499255194363
nsl-kdd,4,8,phf,4.410532351254797e-05,0,0,0,0.9906426277862415
nsl-kdd,4,8,pod,0.0014995809994266308,0,0,0,0.9854872814187525
nsl-kdd,4,8,portsweep,0.023287610814625326,12,1,328,0.37875940382426876
nsl-kdd,4,8,rootkit,0.0001323159705376439,2,0,2,0.29197653791575806
nsl-kdd,4,8,satan,0.027389405901292286,53,4,395,0.3489403998084706
nsl-kdd,4,8,smurf,0.021038239315485378,1,0,4,0.986058680733769
nsl-kdd,4,8,spy,4.410532351254797e-05,1,1,0,0.9976348494564315
nsl-kdd,4,8,teardrop,0.007497904997133154,0,0,0,0.9774609625128878
nsl-kdd,4,8,warezclient,0.0071891677325453185,18,7,115,0.2628792226707805
nsl-kdd,4,8,warezmaster,0.00030873726458783575,2,2,2,0.7144307198827907
nsl-kdd,4,9,back,0.007762536938208442,3,3,6,0.967738338304359
nsl-kdd,4,9,buffer_overflow,0.00022052661756273982,1,1,0,0.8622912590516556
nsl-kdd,4,9,ftp_write,4.410532351254797e-05,0,0,0,0.7500613528436844
nsl-kdd,4,9,guess_passwd,0.00039694791161293166,0,0,0,0.9976353230074905
nsl-kdd,4,9,imap,0.00017642129405019187,3,2,3,0.24889906040913165
nsl-kdd,4,9,ipsweep,0.028183301724518148,15,10,639,0.01970812637124829
nsl-kdd,4,9,loadmodule,4.410532351254797e-05,0,0,0,0.8542512705208589
nsl-kdd,4,9,multihop,8.821064702509593e-05,2,0,2,0.06519880877585571
nsl-kdd,4,9,neptune,0.32871697613901996,0,0,0,0.9991569742374128
nsl-kdd,4,9,nmap,0.011952542671900499,34,0,42,0.841778672978072
nsl-kdd,4,9,normal,0.5338949411193931,137,64,5889,0.5028988536955222
nsl-kdd,4,9,phf,8.821064702509593e-05,0,0,0,0.9979483764299796
nsl-kdd,4,9,pod,0.0014995809994266308,0,0,0,0.9873641059836862
nsl-kdd,4,9,portsweep,0.02333171613813787,14,1,333,0.3695145569661325
nsl-kdd,4,9,rootkit,0.00017642129405019187,3,1,3,0.2997047421479729
nsl-kdd,4,9,satan,0.027433511224804835,49,1,398,0.3502053706229592
nsl-kdd,4,9,smurf,0.020994133991972832,4,0,4,0.987033752659088
nsl-kdd,4,9,spy,4.410532351254797e-05,1,1,0,0.9970594083105021
nsl-kdd,4,9,teardrop,0.007453799673620606,0,0,0,0.9754561452907748
nsl-kdd,4,9,warezclient,0.0071891677325453185,21,7,144,0.1782753763998406
nsl-kdd,4,9,warezmaster,0.00030873726458783575,2,2,2,0.7143508797651511
nsl-kdd,5,0,back,0.0077628793225123505,3,3,6,0.9647920938823075
nsl-kdd,5,0,buffer_overflow,0.0002205363443895554,1,1,1,0.7354400070852491
nsl-kdd,5,0,ftp_write,4.410726887791108e-05,0,0,0,0.7845609690051542
nsl-kdd,5,0,guess_passwd,0.00039696541990119974,0,0,0,0.9978218620870472
nsl-kdd,5,0,imap,0.0002205363443895554,3,2,4,0.19895048353310182
nsl-kdd,5,0,ipsweep,0.02818454481298518,15,11,639,0.019960790504996394
nsl-kdd,5,0,land,4.410726887791108e-05,1,0,1,0.004222697663844445
nsl-kdd,5,0,multihop,8.821453775582216e-05,2,0,2,0.0729071113954075
nsl-kdd,5,0,neptune,0.3287314749470713,0,0,0,0.9991307741921592
nsl-kdd,5,0,nmap,0.011953069865913903,36,0,45,0.8350138997923736
nsl-kdd,5,0,normal,0.5338743824982357,136,63,6360,0.47337177236743916
nsl-kdd,5,0,phf,8.821453775582216e-05,0,0,0,0.9980080702849577
nsl-kdd,5,0,pod,0.0014996471418489768,0,0,0,0.9854276835585407
nsl-kdd,5,0,portsweep,0.023332745236414962,16,1,329,0.3769786383904857
nsl-kdd,5,0,rootkit,0.00017642907551164433,3,1,3,0.2973523705109028
nsl-kdd,5,0,satan,0.027434721242060693,53,2,400,0.3489596194025336
nsl-kdd,5,0,smurf,0.020995059985885675,1,0,1,0.9874810681237567
nsl-kdd,5,0,spy,4.410726887791108e-05,1,1,0,0.9970561506626027
nsl-kdd,5,0,teardrop,0.007454128440366973,0,0,0,0.9746887854856959
nsl-kdd,5,0,warezclient,0.007189484827099506,31,13,142,0.18175801434522923
nsl-kdd,5,0,warezmaster,0.0002646436132674665,2,2,2,0.6668185856764368
nsl-kdd,5,1,back,0.0077628793225123505,3,3,6,0.9639294097518494
nsl-kdd,5,1,buffer_overflow,0.0002205363443895554,2,0,2,0.6489823409069492
nsl-kdd,5,1,ftp_write,4.410726887791108e-05,0,0,0,0.7419341895422744
nsl-kdd,5,1,guess_passwd,0.00039696541990119974,0,0,0,0.997552353891007
nsl-kdd,5,1,imap,0.0002205363443895554,2,2,4,0.19895728453613648
nsl-kdd,5,1,ipsweep,0.02818454481298518,17,6,639,0.01991704927577937
nsl-kdd,5,1,land,4.410726887791108e-05,1,0,1,0.003829286766888569
nsl-kdd,5,1,loadmodule,4.410726887791108e-05,0,0,0,0.8227315532293005
nsl-kdd,5,1,multihop,8.821453775582216e-05,1,1,2,0.06297224371262687
nsl-kdd,5,1,neptune,0.3287755822159492,0,0,0,0.9992933308174483
nsl-kdd,5,1,nmap,0.011953069865913903,40,1,46,0.8343589070487913
nsl-kdd,5,1,normal,0.5338743824982357,133,61,6182,0.4822731869752128
nsl-kdd,5,1,phf,8.821453775582216e-05,0,0,0,0.9973551088408866
nsl-kdd,5,1,pod,0.0014996471418489768,0,0,0,0.9856981556116277
nsl-kdd,5,1,portsweep,0.023332745236414962,11,1,327,0.38103907724397607
nsl-kdd,5,1,rootkit,0.00017642907551164433,3,1,3,0.27655951590202765
nsl-kdd,5,1,satan,0.027434721242060693,55,5,401,0.340852284236162
nsl-kdd,5,1,smurf,0.020995059985885675,2,0,2,0.9873710491555016
nsl-kdd,5,1,teardrop,0.007454128440366973,0,0,0,0.9756949179139949
nsl-kdd,5,1,warezclient,0.007145377558221595,34,19,141,0.18380280916981753
nsl-kdd,5,1,warezmaster,0.0002646436132674665,2,2,2,0.6668106578176646
nsl-kdd,5,2,back,0.007806642261720989,5,5,6,0.9634886784595738
nsl-kdd,5,2,buffer_overflow,0.00022052661756273982,1,0,1,0.7811926066681523
nsl-kdd,5,2,guess_passwd,0.00039694791161293166,0,0,0,0.9974228743346527
nsl-kdd,5,2,imap,0.00022052661756273982,3,2,4,0.19893047249461576
nsl-kdd,5,2,ipsweep,0.028183301724518148,18,7,639,0.021037289570085292
nsl-kdd,5,2,land,4.410532351254797e-05,1,0,1,0.003869967939083072
nsl-kdd,5,2,loadmodule,4.410532351254797e-05,0,0,0,0.830226338268149
nsl-kdd,5,2,multihop,8.821064702509593e-05,2,1,2,0.06920797412366636
nsl-kdd,5,2,neptune,0.3287610814625325,0,0,0,0.999268410620239
nsl-kdd,5,2,nmap,0.011952542671900499,40,1,45,0.8301702217367599
nsl-kdd,5,2,normal,0.5338508357958806,144,66,6449,0.47007234260397
nsl-kdd,5,2,phf,8.821064702509593e-05,0,0,0,0.9978104714860846
nsl-kdd,5,2,pod,0.0014995809994266308,0,0,0,0.9867985367646929
nsl-kdd,5,2,portsweep,0.023287610814625326,14,0,331,0.37222283609610696
nsl-kdd,5,2,rootkit,0.00017642129405019187,3,1,3,0.28869025403417237
nsl-kdd,5,2,satan,0.027433511224804835,56,3,400,0.342923369127474
nsl-kdd,5,2,smurf,0.020994133991972832,3,0,3,0.9878078947520432
nsl-kdd,5,2,spy,4.410532351254797e-05,1,1,0,0.9970621622952572
nsl-kdd,5,2,teardrop,0.007453799673620606,0,0,0,0.9751221808734063
nsl-kdd,5,2,warezclient,0.0071891677325453185,31,16,143,0.17307976396993766
nsl-kdd,5,2,warezmaster,0.0002646319410752878,2,2,2,0.6668140879430634
nsl-kdd,5,3,back,0.007806642261720989,3,3,6,0.9650584338258554
nsl-kdd,5,3,buffer_overflow,0.00022052661756273982,2,1,2,0.6825904220882493
nsl-kdd,5,3,ftp_write,4.410532351254797e-05,0,0,0,0.7600731582484196
nsl-kdd,5,3,guess_passwd,0.00039694791161293166,0,0,0,0.9974379819694877
nsl-kdd,5,3,imap,0.00022052661756273982,3,2,4,0.20172844479266802
nsl-kdd,5,3,ipsweep,0.028183301724518148,16,7,639,0.019604507040065253
nsl-kdd,5,3,land,4.410532351254797e-05,1,0,1,0.0038576931691269994
nsl-kdd,5,3,loadmodule,4.410532351254797e-05,0,0,0,0.8266173713205439
nsl-kdd,5,3,multihop,4.410532351254797e-05,0,0,0,0.9999365005810822
nsl-kdd,5,3,neptune,0.3287610814625325,0,0,0,0.9991831622873785
nsl-kdd,5,3,nmap,0.011952542671900499,37,0,43,0.8359360769124273
nsl-kdd,5,3,normal,0.5338508357958806,139,66,6243,0.48059643704922245
nsl-kdd,5,3,phf,8.821064702509593e-05,0,0,0,0.9977748847175995
nsl-kdd,5,3,pod,0.0014995809994266308,0,0,0,0.9861021487396764
nsl-kdd,5,3,portsweep,0.023287610814625326,15,0,329,0.37570963366823606
nsl-kdd,5,3,rootkit,0.00017642129405019187,3,1,3,0.28937279879134326
nsl-kdd,5,3,satan,0.027433511224804835,52,2,395,0.35589616388385004
nsl-kdd,5,3,smurf,0.020994133991972832,1,0,1,0.988350198702716
nsl-kdd,5,3,spy,4.410532351254797e-05,1,1,0,0.9975146294063809
nsl-kdd,5,3,teardrop,0.007453799673620606,0,0,0,0.9743539842398321
nsl-kdd,5,3,warezclient,0.0071891677325453185,17,4,142,0.18883302520739023
nsl-kdd,5,3,warezmaster,0.0002646319410752878,1,1,1,0.8333495177844258
nsl-kdd,5,4,back,0.007806642261720989,3,3,6,0.9652782417139715
nsl-kdd,5,4,buffer_overflow,0.00022052661756273982,1,1,0,0.861946641461018
nsl-kdd,5,4,ftp_write,4.410532351254797e-05,0,0,0,0.7836094086811914
nsl-kdd,5,4,guess_passwd,0.00039694791161293166,0,0,0,0.997512464824764
nsl-kdd,5,4,imap,0.00022052661756273982,4,2,4,0.20169812768604448
nsl-kdd,5,4,ipsweep,0.028183301724518148,12,11,639,0.01996198508267968
nsl-kdd,5,4,land,4.410532351254797e-05,1,0,1,0.004066623767954016
nsl-kdd,5,4,loadmodule,4.410532351254797e-05,0,0,0,0.8540522024720473
nsl-kdd,5,4,multihop,4.410532351254797e-05,1,0,0,0.9999012044945426
nsl-kdd,5,4,neptune,0.3287610814625325,0,0,0,0.9992812014726347
nsl-kdd,5,4,nmap,0.011952542671900499,33,0,40,0.8393633075648544
nsl-kdd,5,4,normal,0.5338508357958806,145,68,6495,0.4686520213645308
nsl-kdd,5,4,phf,8.821064702509593e-05,0,0,0,0.9979880066971052
nsl-kdd,5,4,pod,0.0014995809994266308,0,0,0,0.9867038977450031
nsl-kdd,5,4,portsweep,0.023287610814625326,15,0,333,0.3681751279086401
nsl-kdd,5,4,rootkit,0.00017642129405019187,3,1,3,0.3016397718013187
nsl-kdd,5,4,satan,0.027433511224804835,55,4,399,0.3449558761509233
nsl-kdd,5,4,smurf,0.020994133991972832,4,1,3,0.9872031151741023
nsl-kdd,5,4,spy,4.410532351254797e-05,1,1,0,0.9970251925727059
nsl-kdd,5,4,teardrop,0.007453799673620606,0,0,0,0.9769338286412423
nsl-kdd,5,4,warezclient,0.0071891677325453185,21,7,143,0.19214543859742772
nsl-kdd,5,4,warezmaster,0.0002646319410752878,2,2,2,0.6667924775116735
nsl-kdd,5,5,back,0.007806642261720989,3,3,5,0.9727493307600785
nsl-kdd,5,5,buffer_overflow,0.0002646319410752878,1,1,0,0.9271469500247225
nsl-kdd,5,5,ftp_write,4.410532351254797e-05,0,0,0,0.999999542494023
nsl-kdd,5,5,guess_passwd,0.00039694791161293166,0,0,0,0.9999999987548852
nsl-kdd,5,5,imap,0.00017642129405019187,1,1,0,0.9999843766071362
nsl-kdd,5,5,ipsweep,0.028183301724518148,15,10,633,0.00676049180114837
nsl-kdd,5,5,land,4.410532351254797e-05,0,0,0,0.9999958147729449
nsl-kdd,5,5,loadmodule,4.410532351254797e-05,0,0,0,0.9999995692713114
nsl-kdd,5,5,multihop,8.821064702509593e-05,1,0,1,0.5064380200210794
nsl-kdd,5,5,neptune,0.3287610814625325,1,0,37,0.9947811143319495
nsl-kdd,5,5,nmap,0.011952542671900499,3,0,16,0.9438526556371409
nsl-kdd,5,5,normal,0.5338508357958806,144,75,4856,0.6022620359584563
nsl-kdd,5,5,phf,8.821064702509593e-05,0,0,0,0.9999999999871145
nsl-kdd,5,5,pod,0.0014995809994266308,1,0,1,0.9715282039001525
nsl-kdd,5,5,portsweep,0.023287610814625326,9,2,147,0.694337027306733
nsl-kdd,5,5,rootkit,0.0001323159705376439,2,1,1,0.6666143715707421
nsl-kdd,5,5,satan,0.027433511224804835,52,6,308,0.496272646716985
nsl-kdd,5,5,smurf,0.020994133991972832,1,0,4,0.9918183206213411
nsl-kdd,5,5,spy,4.410532351254797e-05,1,1,0,0.9999999999900364
nsl-kdd,5,5,teardrop,0.007453799673620606,0,0,3,0.9800349523556183
nsl-kdd,5,5,warezclient,0.0071891677325453185,12,4,95,0.42175948191846946
nsl-kdd,5,5,warezmaster,0.0002646319410752878,2,1,2,0.7346738319452487
nsl-kdd,5,6,back,0.007762536938208442,3,3,6,0.9665185899869034
nsl-kdd,5,6,buffer_overflow,0.0002646319410752878,1,1,2,0.7533260595517383
nsl-kdd,5,6,ftp_write,4.410532351254797e-05,0,0,0,0.7415262932246482
nsl-kdd,5,6,guess_passwd,0.00039694791161293166,0,0,0,0.9975354147188303
nsl-kdd,5,6,imap,0.00017642129405019187,1,1,3,0.4205922965273382
nsl-kdd,5,6,ipsweep,0.028183301724518148,15,7,639,0.01746280781003947
nsl-kdd,5,6,land,4.410532351254797e-05,1,0,1,0.003874556466019614
nsl-kdd,5,6,loadmodule,4.410532351254797e-05,0,0,0,0.8216285073054285
nsl-kdd,5,6,multihop,8.821064702509593e-05,2,0,2,0.07159571594340906
nsl-kdd,5,6,neptune,0.3287610814625325,0,0,0,0.9992705012426797
nsl-kdd,5,6,nmap,0.011952542671900499,34,0,42,0.8406591882883236
nsl-kdd,5,6,normal,0.5338508357958806,136,64,6676,0.4547546820643124
nsl-kdd,5,6,phf,8.821064702509593e-05,0,0,0,0.9979692860497154
nsl-kdd,5,6,pod,0.0015436863229391787,1,0,1,0.9690855438696303
nsl-kdd,5,6,portsweep,0.023287610814625326,14,1,335,0.3655154408645602
nsl-kdd,5,6,rootkit,0.0001323159705376439,2,1,2,0.29217836721049356
nsl-kdd,5,6,satan,0.027433511224804835,53,2,402,0.33849581438531856
nsl-kdd,5,6,smurf,0.020994133991972832,0,0,0,0.9944112755075851
nsl-kdd,5,6,spy,4.410532351254797e-05,1,1,0,0.9976715264237671
nsl-kdd,5,6,teardrop,0.007453799673620606,0,0,0,0.9772343366458991
nsl-kdd,5,6,warezclient,0.0071891677325453185,28,15,135,0.23858077770172417
nsl-kdd,5,6,warezmaster,0.0002646319410752878,1,1,1,0.8333336544384332
nsl-kdd,5,7,back,0.007762536938208442,5,5,7,0.9593165684804487
nsl-kdd,5,7,buffer_overflow,0.0002646319410752878,1,0,0,0.9211867444797401
nsl-kdd,5,7,ftp_write,4.410532351254797e-05,0,0,0,0.9519778820651046
nsl-kdd,5,7,guess_passwd,0.00039694791161293166,0,0,0,0.9974497762265531
nsl-kdd,5,7,imap,0.00017642129405019187,4,2,3,0.2491898286005171
nsl-kdd,5,7,ipsweep,0.028183301724518148,8,2,76,0.8063121699196053
nsl-kdd,5,7,land,4.410532351254797e-05,0,0,1,0.004089852710873164
nsl-kdd,5,7,loadmodule,4.410532351254797e-05,0,0,0,0.9909191105813441
nsl-kdd,5,7,multihop,8.821064702509593e-05,2,0,2,0.07089980351364746
nsl-kdd,5,7,neptune,0.3287610814625325,0,0,0,0.9992084467176503
nsl-kdd,5,7,nmap,0.01190843734838795,49,8,228,0.2389868508144465
nsl-kdd,5,7,normal,0.5338508357958806,140,87,4726,0.5824305148069847
nsl-kdd,5,7,phf,4.410532351254797e-05,0,0,0,0.9886097823644575
nsl-kdd,5,7,pod,0.0015436863229391787,0,0,0,0.9929098782298567
nsl-kdd,5,7,portsweep,0.023287610814625326,16,0,332,0.3704833158478518
nsl-kdd,5,7,rootkit,0.0001323159705376439,1,0,1,0.5038611851176832
nsl-kdd,5,7,satan,0.027433511224804835,56,5,403,0.3387311653627118
nsl-kdd,5,7,smurf,0.020994133991972832,4,0,4,0.98714098783156
nsl-kdd,5,7,spy,4.410532351254797e-05,1,1,0,0.9986914994449362
nsl-kdd,5,7,teardrop,0.007497904997133154,0,0,0,0.9762428724106207
nsl-kdd,5,7,warezclient,0.0071891677325453185,22,8,144,0.18282610731176324
nsl-kdd,5,7,warezmaster,0.00030873726458783575,2,2,2,0.7143598487021394
nsl-kdd,5,8,back,0.007762536938208442,3,3,6,0.9648137059696961
nsl-kdd,5,8,buffer_overflow,0.0002646319410752878,1,1,2,0.7594257505837511
nsl-kdd,5,8,ftp_write,4.410532351254797e-05,0,0,0,0.7396612184645258
nsl-kdd,5,8,guess_passwd,0.00039694791161293166,0,0,0,0.9974430953016947
nsl-kdd,5,8,imap,0.00017642129405019187,3,3,3,0.24887165341157
nsl-kdd,5,8,ipsweep,0.028183301724518148,14,8,639,0.018691868525196144
nsl-kdd,5,8,land,4.410532351254797e-05,1,0,1,0.003970489655664808
nsl-kdd,5,8,loadmodule,4.410532351254797e-05,0,0,0,0.8191146527967468
nsl-kdd,5,8,multihop,8.821064702509593e-05,2,0,2,0.0672365983985567
nsl-kdd,5,8,neptune,0.3287610814625325,0,0,0,0.9992898825989627
nsl-kdd,5,8,nmap,0.011952542671900499,33,0,44,0.8386758291429248
nsl-kdd,5,8,normal,0.5338508357958806,142,70,6710,0.45655622325147427
nsl-kdd,5,8,phf,4.410532351254797e-05,0,0,0,0.9908224772974933
nsl-kdd,5,8,pod,0.0014995809994266308,0,0,0,0.9866025663848804
nsl-kdd,5,8,portsweep,0.023287610814625326,12,1,328,0.37791596605098327
nsl-kdd,5,8,rootkit,0.0001323159705376439,3,1,3,0.06354704022248338
nsl-kdd,5,8,satan,0.027389405901292286,55,5,400,0.34270238493448635
nsl-kdd,5,8,smurf,0.021038239315485378,2,1,5,0.9857182634587317
nsl-kdd,5,8,spy,4.410532351254797e-05,1,1,0,0.9975003620882354
nsl-kdd,5,8,teardrop,0.007497904997133154,0,0,0,0.9784645006719855
nsl-kdd,5,8,warezclient,0.0071891677325453185,17,5,144,0.20534188262543393
nsl-kdd,5,8,warezmaster,0.00030873726458783575,2,1,2,0.7144243759423582
nsl-kdd,5,9,back,0.007762536938208442,3,3,5,0.9686850668423023
nsl-kdd,5,9,buffer_overflow,0.00022052661756273982,1,0,1,0.805446089670259
nsl-kdd,5,9,ftp_write,4.410532351254797e-05,0,0,0,0.8170942896581079
nsl-kdd,5,9,guess_passwd,0.00039694791161293166,0,0,0,0.9974025481350635
nsl-kdd,5,9,imap,0.00017642129405019187,4,3,3,0.24883275915382372
nsl-kdd,5,9,ipsweep,0.028183301724518148,15,5,639,0.022127299364557415
nsl-kdd,5,9,loadmodule,4.410532351254797e-05,0,0,0,0.8320365767460276
nsl-kdd,5,9,multihop,8.821064702509593e-05,2,0,2,0.060379964988744206
nsl-kdd,5,9,neptune,0.32871697613901996,0,0,0,0.9954955263028815
nsl-kdd,5,9,nmap,0.011952542671900499,37,1,45,0.8287363849594889
nsl-kdd,5,9,normal,0.5338949411193931,141,59,5927,0.5148345982793019
nsl-kdd,5,9,phf,8.821064702509593e-05,0,0,0,0.9974266156177318
nsl-kdd,5,9,pod,0.0014995809994266308,0,0,0,0.9871664595873533
nsl-kdd,5,9,portsweep,0.02333171613813787,17,0,331,0.3733096651471683
nsl-kdd,5,9,rootkit,0.00017642129405019187,3,2,3,0.279979187606398
nsl-kdd,5,9,satan,0.027433511224804835,50,4,383,0.4211723569790889
nsl-kdd,5,9,smurf,0.020994133991972832,4,0,5,0.9862447892248595
nsl-kdd,5,9,spy,4.410532351254797e-05,1,1,0,0.9973990214456521
nsl-kdd,5,9,teardrop,0.007453799673620606,0,0,0,0.9230908354562657
nsl-kdd,5,9,warezclient,0.0071891677325453185,19,7,144,0.1706462145717537
nsl-kdd,5,9,warezmaster,0.00030873726458783575,2,1,2,0.7143605899444074
nsl-kdd,6,0,back,0.0077628793225123505,3,3,6,0.9660964913987303
nsl-kdd,6,0,buffer_overflow,0.0002205363443895554,1,1,1,0.7725340262836995
nsl-kdd,6,0,ftp_write,4.410726887791108e-05,0,0,0,0.7463896668499171
nsl-kdd,6,0,guess_passwd,0.00039696541990119974,0,0,0,0.997406834906882
nsl-kdd,6,0,imap,0.0002205363443895554,2,2,4,0.19894085294121366
nsl-kdd,6,0,ipsweep,0.02818454481298518,16,7,639,0.018857395673805507
nsl-kdd,6,0,land,4.410726887791108e-05,1,0,1,0.0040824742376370194
nsl-kdd,6,0,multihop,8.821453775582216e-05,2,1,2,0.06377782013416959
nsl-kdd,6,0,neptune,0.3287314749470713,0,0,0,0.999275640492109
nsl-kdd,6,0,nmap,0.011953069865913903,35,0,44,0.8349577464314777
nsl-kdd,6,0,normal,0.5338743824982357,146,67,6125,0.484965237762905
nsl-kdd,6,0,phf,8.821453775582216e-05,0,0,0,0.9972188596768525
nsl-kdd,6,0,pod,0.0014996471418489768,0,0,0,0.9876905263658123
nsl-kdd,6,0,portsweep,0.023332745236414962,13,0,333,0.36934033393991106
nsl-kdd,6,0,rootkit,0.00017642907551164433,3,1,3,0.27641681859199746
nsl-kdd,6,0,satan,0.027434721242060693,55,5,405,0.33700788240602264
nsl-kdd,6,0,smurf,0.020995059985885675,3,0,5,0.9865415972513724
nsl-kdd,6,0,spy,4.410726887791108e-05,1,1,0,0.9968592983023387
nsl-kdd,6,0,teardrop,0.007454128440366973,0,0,0,0.9759782034949953
nsl-kdd,6,0,warezclient,0.007189484827099506,25,7,146,0.165138037923162
nsl-kdd,6,0,warezmaster,0.0002646436132674665,2,2,2,0.6668084715618434
nsl-kdd,6,1,back,0.0077628793225123505,4,4,7,0.9637864874091442
nsl-kdd,6,1,buffer_overflow,0.0002205363443895554,1,0,1,0.8105442951992072
nsl-kdd,6,1,ftp_write,4.410726887791108e-05,0,0,0,0.7827175103296745
nsl-kdd,6,1,guess_passwd,0.00039696541990119974,0,0,0,0.9978049566902426
nsl-kdd,6,1,imap,0.0002205363443895554,3,2,4,0.19892854378535813
nsl-kdd,6,1,ipsweep,0.02818454481298518,16,7,639,0.019995112838801513
nsl-kdd,6,1,land,4.410726887791108e-05,1,0,1,0.004140997018866305
nsl-kdd,6,1,loadmodule,4.410726887791108e-05,0,0,0,0.832342803935832
nsl-kdd,6,1,multihop,8.821453775582216e-05,2,0,2,0.07834796279686797
nsl-kdd,6,1,neptune,0.3287755822159492,0,0,0,0.995704419412193
nsl-kdd,6,1,nmap,0.011953069865913903,37,0,47,0.8267843294549763
nsl-kdd,6,1,normal,0.5338743824982357,147,63,6210,0.49533449267176805
nsl-kdd,6,1,phf,8.821453775582216e-05,0,0,0,0.99792888932333
nsl-kdd,6,1,pod,0.0014996471418489768,0,0,0,0.9867072991064523
nsl-kdd,6,1,portsweep,0.023332745236414962,16,0,333,0.36943032308077906
nsl-kdd,6,1,rootkit,0.00017642907551164433,3,2,3,0.28924389077374346
nsl-kdd,6,1,satan,0.027434721242060693,54,2,382,0.419139402872363
nsl-kdd,6,1,smurf,0.020995059985885675,3,0,4,0.9870250591184533
nsl-kdd,6,1,teardrop,0.007454128440366973,0,0,0,0.9230467108538691
nsl-kdd,6,1,warezclient,0.007145377558221595,20,7,143,0.18708275825719708
nsl-kdd,6,1,warezmaster,0.0002646436132674665,1,1,1,0.8333492771742993
nsl-kdd,6,2,back,0.007806642261720989,3,3,5,0.9764772364785396
nsl-kdd,6,2,buffer_overflow,0.00022052661756273982,1,0,0,0.8914573913964932
nsl-kdd,6,2,guess_passwd,0.00039694791161293166,0,0,0,0.9999999993808584
nsl-kdd,6,2,imap,0.00022052661756273982,2,2,1,0.8127826901777079
nsl-kdd,6,2,ipsweep,0.028183301724518148,18,10,633,0.007269890660891429
nsl-kdd,6,2,land,4.410532351254797e-05,0,0,0,0.9999953146894407
nsl-kdd,6,2,loadmodule,4.410532351254797e-05,0,0,0,0.9999995948104633
nsl-kdd,6,2,multihop,8.821064702509593e-05,1,0,1,0.5065805659493609
nsl-kdd,6,2,neptune,0.3287610814625325,1,0,36,0.9947355079980303
nsl-kdd,6,2,nmap,0.011952542671900499,3,0,16,0.9431098564709328
nsl-kdd,6,2,normal,0.5338508357958806,140,73,5044,0.5863642288608898
nsl-kdd,6,2,phf,8.821064702509593e-05,0,0,0,0.9999999999885617
nsl-kdd,6,2,pod,0.0014995809994266308,0,0,0,0.9997108643107879
nsl-kdd,6,2,portsweep,0.023287610814625326,9,0,148,0.6940077207708453
nsl-kdd,6,2,rootkit,0.00017642129405019187,3,1,2,0.6093646947120552
nsl-kdd,6,2,satan,0.027433511224804835,50,6,282,0.5258998593383304
nsl-kdd,6,2,smurf,0.020994133991972832,3,0,5,0.9897967969915734
nsl-kdd,6,2,spy,4.410532351254797e-05,1,1,0,0.9999999999907485
nsl-kdd,6,2,teardrop,0.007453799673620606,0,0,2,0.9844797504711469
nsl-kdd,6,2,warezclient,0.0071891677325453185,12,5,96,0.417489289718926
nsl-kdd,6,2,warezmaster,0.0002646319410752878,1,1,2,0.7264863026635765
nsl-kdd,6,3,back,0.007806642261720989,3,3,6,0.9646176293128363
nsl-kdd,6,3,buffer_overflow,0.00022052661756273982,2,0,0,0.8583038429588052
nsl-kdd,6,3,ftp_write,4.410532351254797e-05,0,0,0,0.746211969688101
nsl-kdd,6,3,guess_passwd,0.00039694791161293166,0,0,0,0.9975051682426942
nsl-kdd,6,3,imap,0.00022052661756273982,3,2,4,0.20173193629068237
nsl-kdd,6,3,ipsweep,0.028183301724518148,15,8,639,0.019097224802896304
nsl-kdd,6,3,land,4.410532351254797e-05,1,0,1,0.003917342042714745
nsl-kdd,6,3,loadmodule,4.410532351254797e-05,0,0,0,0.848707446547473
nsl-kdd,6,3,multihop,4.410532351254797e-05,0,0,0,0.9999406251337353
nsl-kdd,6,3,neptune,0.3287610814625325,0,0,0,0.9992674611783837
nsl-kdd,6,3,nmap,0.011952542671900499,37,0,47,0.8336118868958523
nsl-kdd,6,3,normal,0.5338508357958806,132,61,6228,0.47973546536684436
nsl-kdd,6,3,phf,8.821064702509593e-05,0,0,0,0.9979253876505243
nsl-kdd,6,3,pod,0.0014995809994266308,0,0,0,0.985583585114882
nsl-kdd,6,3,portsweep,0.023287610814625326,11,1,334,0.36669161278570106
nsl-kdd,6,3,rootkit,0.00017642129405019187,3,1,3,0.3017502686440654
nsl-kdd,6,3,satan,0.027433511224804835,53,4,406,0.3326765095963386
nsl-kdd,6,3,smurf,0.020994133991972832,2,1,1,0.9870062493544196
nsl-kdd,6,3,spy,4.410532351254797e-05,1,1,0,0.996936741990172
nsl-kdd,6,3,teardrop,0.007453799673620606,0,0,0,0.9748958369719135
nsl-kdd,6,3,warezclient,0.0071891677325453185,23,6,142,0.16311240381972722
nsl-kdd,6,3,warezmaster,0.0002646319410752878,2,2,2,0.6668004266622954
nsl-kdd,6,4,back,0.007806642261720989,3,3,6,0.9648799407121175
nsl-kdd,6,4,buffer_overflow,0.00022052661756273982,2,1,2,0.6870186821139049
nsl-kdd,6,4,ftp_write,4.410532351254797e-05,0,0,0,0.7842731133170142
nsl-kdd,6,4,guess_passwd,0.00039694791161293166,0,0,0,0.9974666509417968
nsl-kdd,6,4,imap,0.00022052661756273982,3,2,4,0.20166908569788097
nsl-kdd,6,4,ipsweep,0.028183301724518148,17,6,639,0.02085557480684001
nsl-kdd,6,4,land,4.410532351254797e-05,1,0,1,0.003987519057793095
nsl-kdd,6,4,loadmodule,4.410532351254797e-05,0,0,0,0.8240536415059545
nsl-kdd,6,4,multihop,4.410532351254797e-05,1,0,0,0.9999012399970822
nsl-kdd,6,4,neptune,0.3287610814625325,0,0,0,0.9992829573782495
nsl-kdd,6,4,nmap,0.011952542671900499,40,2,46,0.8336561408461788
nsl-kdd,6,4,normal,0.5338508357958806,135,55,6581,0.4612459945883009
nsl-kdd,6,4,phf,8.821064702509593e-05,0,0,0,0.9980070368426168
nsl-kdd,6,4,pod,0.0014995809994266308,0,0,0,0.9861668606839307
nsl-kdd,6,4,portsweep,0.023287610814625326,18,1,333,0.36842681581598463
nsl-kdd,6,4,rootkit,0.00017642129405019187,3,1,3,0.2972876599004271
nsl-kdd,6,4,satan,0.027433511224804835,49,4,403,0.3380484945671641
nsl-kdd,6,4,smurf,0.020994133991972832,1,0,1,0.9872257502058721
nsl-kdd,6,4,spy,4.410532351254797e-05,1,1,0,0.9969696791863278
nsl-kdd,6,4,teardrop,0.007453799673620606,0,0,0,0.9752417655932532
nsl-kdd,6,4,warezclient,0.0071891677325453185,27,9,142,0.18909503398612024
nsl-kdd,6,4,warezmaster,0.0002646319410752878,2,2,2,0.666815063583868
nsl-kdd,6,5,back,0.007806642261720989,4,4,6,0.9642083877591197
nsl-kdd,6,5,buffer_overflow,0.0002646319410752878,1,1,1,0.7709170656277076
nsl-kdd,6,5,ftp_write,4.410532351254797e-05,0,0,0,0.7962301578280528
nsl-kdd,6,5,guess_passwd,0.00039694791161293166,0,0,0,0.9973864958938433
nsl-kdd,6,5,imap,0.00017642129405019187,1,1,3,0.43142834101639765
nsl-kdd,6,5,ipsweep,0.028183301724518148,13,8,639,0.021451084391503866
nsl-kdd,6,5,land,4.410532351254797e-05,1,0,1,0.003999878954801621
nsl-kdd,6,5,loadmodule,4.410532351254797e-05,0,0,0,0.8560820353464178
nsl-kdd,6,5,multihop,8.821064702509593e-05,1,0,2,0.05568745497556884
nsl-kdd,6,5,neptune,0.3287610814625325,0,0,0,0.9992982123380052
nsl-kdd,6,5,nmap,0.011952542671900499,38,1,43,0.8350105475691753
nsl-kdd,6,5,normal,0.5338508357958806,130,62,6063,0.4850938926530646
nsl-kdd,6,5,phf,8.821064702509593e-05,0,0,0,0.9971572121437975
nsl-kdd,6,5,pod,0.0014995809994266308,2,0,2,0.9617501132752352
nsl-kdd,6,5,portsweep,0.023287610814625326,15,1,331,0.3723253662475175
nsl-kdd,6,5,rootkit,0.0001323159705376439,1,1,1,0.4874398858730615
nsl-kdd,6,5,satan,0.027433511224804835,54,3,396,0.346395107107424
nsl-kdd,6,5,smurf,0.020994133991972832,3,0,5,0.9859905759544725
nsl-kdd,6,5,spy,4.410532351254797e-05,1,1,0,0.9975972062345083
nsl-kdd,6,5,teardrop,0.007453799673620606,0,0,0,0.9757354081098782
nsl-kdd,6,5,warezclient,0.0071891677325453185,23,7,144,0.18212911322657444
nsl-kdd,6,5,warezmaster,0.0002646319410752878,1,1,1,0.8333338544148262
nsl-kdd,6,6,back,0.007762536938208442,3,3,6,0.9626202382299229
nsl-kdd,6,6,buffer_overflow,0.0002646319410752878,1,0,0,0.9257549369428495
nsl-kdd,6,6,ftp_write,4.410532351254797e-05,0,0,0,0.9377269212606658
nsl-kdd,6,6,guess_passwd,0.00039694791161293166,0,0,0,0.997261212427161
nsl-kdd,6,6,imap,0.00017642129405019187,3,2,3,0.24881207393068833
nsl-kdd,6,6,ipsweep,0.028183301724518148,5,0,75,0.8054161028942264
nsl-kdd,6,6,land,4.410532351254797e-05,1,0,1,0.003930020950569561
nsl-kdd,6,6,loadmodule,4.410532351254797e-05,0,0,0,0.9911532106241455
nsl-kdd,6,6,multihop,8.821064702509593e-05,2,0,2,0.07721729262966887
nsl-kdd,6,6,neptune,0.3287610814625325,0,0,0,0.9992329073246207
nsl-kdd,6,6,nmap,0.011952542671900499,47,6,228,0.24188602275532736
nsl-kdd,6,6,normal,0.5338508357958806,137,88,4841,0.5775992203267909
nsl-kdd,6,6,phf,8.821064702509593e-05,0,0,0,0.9979605787868076
nsl-kdd,6,6,pod,0.0015436863229391787,0,0,0,0.9916633404316544
nsl-kdd,6,6,portsweep,0.023287610814625326,13,0,333,0.3684792976005596
nsl-kdd,6,6,rootkit,0.0001323159705376439,3,1,3,0.06613467197801805
nsl-kdd,6,6,satan,0.027433511224804835,54,5,398,0.34392600104353566
nsl-kdd,6,6,smurf,0.020994133991972832,4,0,4,0.9865858421439136
nsl-kdd,6,6,spy,4.410532351254797e-05,1,1,0,0.9991842074076854
nsl-kdd,6,6,teardrop,0.007453799673620606,0,0,0,0.9760431757053667
nsl-kdd,6,6,warezclient,0.0071891677325453185,21,6,143,0.21133018210761878
nsl-kdd,6,6,warezmaster,0.0002646319410752878,2,2,2,0.6669382658880506
nsl-kdd,6,7,back,0.007762536938208442,2,2,6,0.9661767448120817
nsl-kdd,6,7,buffer_overflow,0.0002646319410752878,1,1,1,0.7624981495398692
nsl-kdd,6,7,ftp_write,4.410532351254797e-05,0,0,0,0.7513872378587985
nsl-kdd,6,7,guess_passwd,0.00039694791161293166,0,0,0,0.9973535499720116
nsl-kdd,6,7,imap,0.00017642129405019187,2,1,3,0.2438932378247987
nsl-kdd,6,7,ipsweep,0.028183301724518148,19,6,639,0.019154470841278543
nsl-kdd,6,7,land,4.410532351254797e-05,1,0,1,0.003698476793077932
nsl-kdd,6,7,loadmodule,4.410532351254797e-05,0,0,0,0.8299554005091901
nsl-kdd,6,7,multihop,8.821064702509593e-05,2,0,2,0.055484289119462876
nsl-kdd,6,7,neptune,0.3287610814625325,0,0,0,0.9991703267652742
nsl-kdd,6,7,nmap,0.01190843734838795,36,0,45,0.8320663022415793
nsl-kdd,6,7,normal,0.5338508357958806,127,64,5312,0.5234343000629295
nsl-kdd,6,7,phf,4.410532351254797e-05,0,0,0,0.9901488694589407
nsl-kdd,6,7,pod,0.0015436863229391787,2,0,0,0.9855706843403851
nsl-kdd,6,7,portsweep,0.023287610814625326,14,1,332,0.3706939024612842
nsl-kdd,6,7,rootkit,0.0001323159705376439,2,1,2,0.374586577379191
nsl-kdd,6,7,satan,0.027433511224804835,55,2,397,0.3552336533512473
nsl-kdd,6,7,smurf,0.020994133991972832,2,0,4,0.985985133182833
nsl-kdd,6,7,spy,4.410532351254797e-05,1,1,0,0.9976196723926398
nsl-kdd,6,7,teardrop,0.007497904997133154,0,0,0,0.9753848675009916
nsl-kdd,6,7,warezclient,0.0071891677325453185,17,5,142,0.2439201053908717
nsl-kdd,6,7,warezmaster,0.00030873726458783575,2,1,2,0.7144625298776469
nsl-kdd,6,8,back,0.007762536938208442,4,4,6,0.9647908613206414
nsl-kdd,6,8,buffer_overflow,0.0002646319410752878,1,1,1,0.7792399545204748
nsl-kdd,6,8,ftp_write,4.410532351254797e-05,0,0,0,0.7745775488494243
nsl-kdd,6,8,guess_passwd,0.00039694791161293166,0,0,0,0.9977472767080374
nsl-kdd,6,8,imap,0.00017642129405019187,4,3,3,0.2487346255716621
nsl-kdd,6,8,ipsweep,0.028183301724518148,13,8,639,0.020563472302336964
nsl-kdd,6,8,land,4.410532351254797e-05,1,0,1,0.0038747967412825525
nsl-kdd,6,8,loadmodule,4.410532351254797e-05,0,0,0,0.8827410540008361
nsl-kdd,6,8,multihop,8.821064702509593e-05,2,0,2,0.07462852150497216
nsl-kdd,6,8,neptune,0.3287610814625325,0,0,0,0.9992494587945316
nsl-kdd,6,8,nmap,0.011952542671900499,36,0,44,0.8359915440283125
nsl-kdd,6,8,normal,0.5338508357958806,132,68,6399,0.47233108991603345
nsl-kdd,6,8,phf,4.410532351254797e-05,0,0,0,0.9894496929686962
nsl-kdd,6,8,pod,0.0014995809994266308,1,0,1,0.968065963370358
nsl-kdd,6,8,portsweep,0.023287610814625326,14,3,327,0.3806515690863472
nsl-kdd,6,8,rootkit,0.0001323159705376439,2,0,2,0.2896164549242085
nsl-kdd,6,8,satan,0.027389405901292286,57,3,400,0.3409421620640798
nsl-kdd,6,8,smurf,0.021038239315485378,0,0,0,0.9938246718729513
nsl-kdd,6,8,spy,4.410532351254797e-05,1,1,0,0.9976750890400683
nsl-kdd,6,8,teardrop,0.007497904997133154,0,0,0,0.9757277666944958
nsl-kdd,6,8,warezclient,0.0071891677325453185,19,8,143,0.22711597822575047
nsl-kdd,6,8,warezmaster,0.00030873726458783575,2,2,2,0.714445068161646
nsl-kdd,6,9,back,0.007762536938208442,5,5,6,0.9634886455968948
nsl-kdd,6,9,buffer_overflow,0.00022052661756273982,2,1,2,0.6917620186841885
nsl-kdd,6,9,ftp_write,4.410532351254797e-05,0,0,0,0.7529921865873865
nsl-kdd,6,9,guess_passwd,0.00039694791161293166,0,0,0,0.9974994095303941
nsl-kdd,6,9,imap,0.00017642129405019187,3,3,3,0.24912110187796369
nsl-kdd,6,9,ipsweep,0.028183301724518148,15,8,639,0.019947832254039052
nsl-kdd,6,9,loadmodule,4.410532351254797e-05,0,0,0,0.8323165779291002
nsl-kdd,6,9,multihop,8.821064702509593e-05,2,0,2,0.06465037536303511
nsl-kdd,6,9,neptune,0.32871697613901996,0,0,0,0.999268654111688
nsl-kdd,6,9,nmap,0.011952542671900499,34,0,45,0.8339019955489821
nsl-kdd,6,9,normal,0.5338949411193931,141,63,6539,0.46384906084545596
nsl-kdd,6,9,phf,8.821064702509593e-05,0,0,0,0.9980071462413209
nsl-kdd,6,9,pod,0.0014995809994266308,1,0,1,0.9682532171650574
nsl-kdd,6,9,portsweep,0.02333171613813787,15,0,330,0.37519502639999697
nsl-kdd,6,9,rootkit,0.00017642129405019187,3,1,3,0.2932308087443272
nsl-kdd,6,9,satan,0.027433511224804835,52,3,403,0.3373550450402626
nsl-kdd,6,9,smurf,0.020994133991972832,0,0,0,0.9956541789346794
nsl-kdd,6,9,spy,4.410532351254797e-05,1,1,0,0.9970757712677222
nsl-kdd,6,9,teardrop,0.007453799673620606,0,0,0,0.9764109536305489
nsl-kdd,6,9,warezclient,0.0071891677325453185,21,6,143,0.1959127070866402
nsl-kdd,6,9,warezmaster,0.00030873726458783575,2,2,2,0.7143611422411206
nsl-kdd,7,0,back,0.0077628793225123505,6,6,6,0.9660369942268481
nsl-kdd,7,0,buffer_overflow,0.0002205363443895554,1,0,1,0.8201294686710782
nsl-kdd,7,0,ftp_write,4.410726887791108e-05,0,0,0,0.8140087170127525
nsl-kdd,7,0,guess_passwd,0.00039696541990119974,0,0,0,0.9975065628686437
nsl-kdd,7,0,imap,0.0002205363443895554,3,2,4,0.1988591776488701
nsl-kdd,7,0,ipsweep,0.02818454481298518,16,9,639,0.019348721912504925
nsl-kdd,7,0,land,4.410726887791108e-05,0,0,1,0.004102841999997237
nsl-kdd,7,0,multihop,8.821453775582216e-05,2,0,2,0.0722497289016708
nsl-kdd,7,0,neptune,0.3287314749470713,0,0,0,0.9946449783048227
nsl-kdd,7,0,nmap,0.011953069865913903,35,0,48,0.8283993591728971
nsl-kdd,7,0,normal,0.5338743824982357,137,64,6230,0.49611988808135965
nsl-kdd,7,0,phf,8.821453775582216e-05,0,0,0,0.9980237535559089
nsl-kdd,7,0,pod,0.0014996471418489768,0,0,0,0.9869831012374002
nsl-kdd,7,0,portsweep,0.023332745236414962,14,1,329,0.37692329648522127
nsl-kdd,7,0,rootkit,0.00017642907551164433,3,2,3,0.294486501344938
nsl-kdd,7,0,satan,0.027434721242060693,52,3,379,0.43447986792615034
nsl-kdd,7,0,smurf,0.020995059985885675,3,0,3,0.9866677207169562
nsl-kdd,7,0,spy,4.410726887791108e-05,1,1,0,0.9973977553913693
nsl-kdd,7,0,teardrop,0.007454128440366973,0,0,0,0.9175797190650516
nsl-kdd,7,0,warezclient,0.007189484827099506,18,5,142,0.1943757285702086
nsl-kdd,7,0,warezmaster,0.0002646436132674665,2,2,2,0.6668101762127904
nsl-kdd,7,1,back,0.0077628793225123505,3,3,6,0.962963004939003
nsl-kdd,7,1,buffer_overflow,0.0002205363443895554,2,1,2,0.6764904609703805
nsl-kdd,7,1,ftp_write,4.410726887791108e-05,0,0,0,0.7432744311051291
nsl-kdd,7,1,guess_passwd,0.00039696541990119974,0,0,0,0.9973560034751754
nsl-kdd,7,1,imap,0.0002205363443895554,4,2,4,0.2000695758141131
nsl-kdd,7,1,ipsweep,0.02818454481298518,17,11,639,0.01890653669936606
nsl-kdd,7,1,land,4.410726887791108e-05,1,0,1,0.003910018467362041
nsl-kdd,7,1,loadmodule,4.410726887791108e-05,0,0,0,0.8244723751720716
nsl-kdd,7,1,multihop,8.821453775582216e-05,2,0,2,0.06404801551248276
nsl-kdd,7,1,neptune,0.3287755822159492,0,0,0,0.9992819072661585
nsl-kdd,7,1,nmap,0.011953069865913903,34,1,43,0.8385731649284086
nsl-kdd,7,1,normal,0.5338743824982357,149,71,6087,0.48685781727029825
nsl-kdd,7,1,phf,8.821453775582216e-05,0,0,0,0.9973023387896129
nsl-kdd,7,1,pod,0.0014996471418489768,0,0,0,0.998772711015337
nsl-kdd,7,1,portsweep,0.023332745236414962,16,2,335,0.36560058059265127
nsl-kdd,7,1,rootkit,0.00017642907551164433,3,1,3,0.27840668655028145
nsl-kdd,7,1,satan,0.027434721242060693,54,3,402,0.33902218873745793
nsl-kdd,7,1,smurf,0.020995059985885675,0,0,0,0.9999995847783696
nsl-kdd,7,1,teardrop,0.007454128440366973,0,0,0,0.9768608308220705
nsl-kdd,7,1,warezclient,0.007145377558221595,20,8,143,0.17863486498530068
nsl-kdd,7,1,warezmaster,0.0002646436132674665,2,2,2,0.6668121244337332
nsl-kdd,7,2,back,0.007806642261720989,4,4,6,0.9659874601371968
nsl-kdd,7,2,buffer_overflow,0.00022052661756273982,2,1,2,0.6865196868185967
nsl-kdd,7,2,guess_passwd,0.00039694791161293166,0,0,0,0.9978140422431167
nsl-kdd,7,2,imap,0.00022052661756273982,2,2,4,0.198966747097997
nsl-kdd,7,2,ipsweep,0.028183301724518148,15,5,639,0.020868950434385077
nsl-kdd,7,2,land,4.410532351254797e-05,1,0,1,0.003937770531506789
nsl-kdd,7,2,loadmodule,4.410532351254797e-05,0,0,0,0.8263010644753571
nsl-kdd,7,2,multihop,8.821064702509593e-05,2,0,2,0.0805603230337039
nsl-kdd,7,2,neptune,0.3287610814625325,0,0,0,0.9991359457096385
nsl-kdd,7,2,nmap,0.011952542671900499,39,0,45,0.832052135019339
nsl-kdd,7,2,normal,0.5338508357958806,143,72,5970,0.49458549415399217
nsl-kdd,7,2,phf,8.821064702509593e-05,0,0,0,0.9979763375839885
nsl-kdd,7,2,pod,0.0014995809994266308,0,0,0,0.9859738928619902
nsl-kdd,7,2,portsweep,0.023287610814625326,14,0,328,0.377934898954023
nsl-kdd,7,2,rootkit,0.00017642129405019187,3,1,3,0.29485711775874
nsl-kdd,7,2,satan,0.027433511224804835,48,2,393,0.35933872140337436
nsl-kdd,7,2,smurf,0.020994133991972832,2,0,3,0.9871263890495979
nsl-kdd,7,2,spy,4.410532351254797e-05,1,1,0,0.9970185645267403
nsl-kdd,7,2,teardrop,0.007453799673620606,0,0,0,0.9742531982955476
nsl-kdd,7,2,warezclient,0.0071891677325453185,23,5,143,0.18469860361571735
nsl-kdd,7,2,warezmaster,0.0002646319410752878,1,1,1,0.8333496728051374
nsl-kdd,7,3,back,0.007806642261720989,3,3,7,0.9622299677487908
nsl-kdd,7,3,buffer_overflow,0.00022052661756273982,1,1,1,0.7866249171139632
nsl-kdd,7,3,ftp_write,4.410532351254797e-05,0,0,0,0.7519866481034779
nsl-kdd,7,3,guess_passwd,0.00039694791161293166,0,0,0,0.9974054066380528
nsl-kdd,7,3,imap,0.00022052661756273982,4,2,4,0.20161899518720255
nsl-kdd,7,3,ipsweep,0.028183301724518148,12,8,639,0.020959191380946877
nsl-kdd,7,3,land,4.410532351254797e-05,1,0,1,0.0039499224416866905
nsl-kdd,7,3,loadmodule,4.410532351254797e-05,0,0,0,0.8894010630240068
nsl-kdd,7,3,multihop,4.410532351254797e-05,1,1,0,0.9997463313295566
nsl-kdd,7,3,neptune,0.3287610814625325,0,0,0,0.9992858846344407
nsl-kdd,7,3,nmap,0.011952542671900499,38,0,45,0.835129114450323
nsl-kdd,7,3,normal,0.5338508357958806,141,60,6044,0.490004533154247
nsl-kdd,7,3,phf,8.821064702509593e-05,0,0,0,0.9972802604527675
nsl-kdd,7,3,pod,0.0014995809994266308,0,0,0,0.9881145177562047
nsl-kdd,7,3,portsweep,0.023287610814625326,16,0,332,0.3704218251034166
nsl-kdd,7,3,rootkit,0.00017642129405019187,3,2,3,0.2779211280853065
nsl-kdd,7,3,satan,0.027433511224804835,55,4,397,0.34781688814732675
nsl-kdd,7,3,smurf,0.020994133991972832,1,0,4,0.9858991776262854
nsl-kdd,7,3,spy,4.410532351254797e-05,1,1,0,0.9969837008896483
nsl-kdd,7,3,teardrop,0.007453799673620606,0,0,0,0.9749873541288367
nsl-kdd,7,3,warezclient,0.0071891677325453185,30,15,142,0.17677592494415953
nsl-kdd,7,3,warezmaster,0.0002646319410752878,1,1,1,0.8333336539062141
nsl-kdd,7,4,back,0.007806642261720989,3,3,6,0.9650592755089816
nsl-kdd,7,4,buffer_overflow,0.00022052661756273982,2,0,0,0.9753034173263853
nsl-kdd,7,4,ftp_write,4.410532351254797e-05,0,0,0,0.9394058317867954
nsl-kdd,7,4,guess_passwd,0.00039694791161293166,0,0,0,0.9976619886605561
nsl-kdd,7,4,imap,0.00022052661756273982,3,2,4,0.20167198097556013
nsl-kdd,7,4,ipsweep,0.028183301724518148,7,1,78,0.7997064157670726
nsl-kdd,7,4,land,4.410532351254797e-05,1,0,1,0.0039025227475644464
nsl-kdd,7,4,loadmodule,4.410532351254797e-05,0,0,0,0.9871724547254105
nsl-kdd,7,4,multihop,4.410532351254797e-05,0,0,0,0.9999424225234586
nsl-kdd,7,4,neptune,0.3287610814625325,0,0,0,0.9992344086353039
nsl-kdd,7,4,nmap,0.011952542671900499,47,7,232,0.2281272140082514
nsl-kdd,7,4,normal,0.5338508357958806,142,84,4847,0.5775709984821863
nsl-kdd,7,4,phf,8.821064702509593e-05,0,0,0,0.9979868335665736
nsl-kdd,7,4,pod,0.0014995809994266308,0,0,0,0.9929582832922783
nsl-kdd,7,4,portsweep,0.023287610814625326,12,1,325,0.3833898078378833
nsl-kdd,7,4,rootkit,0.00017642129405019187,3,1,3,0.3043758356962213
nsl-kdd,7,4,satan,0.027433511224804835,53,3,408,0.3301709031092483
nsl-kdd,7,4,smurf,0.020994133991972832,3,0,5,0.9849185089053037
nsl-kdd,7,4,spy,4.410532351254797e-05,1,1,0,0.9985832093478557
nsl-kdd,7,4,teardrop,0.007453799673620606,0,0,0,0.9752782114104686
nsl-kdd,7,4,warezclient,0.0071891677325453185,21,6,143,0.18696484165339544
nsl-kdd,7,4,warezmaster,0.0002646319410752878,2,2,2,0.6667925221691958
nsl-kdd,7,5,back,0.007806642261720989,3,3,5,0.9768128915190077
nsl-kdd,7,5,buffer_overflow,0.0002646319410752878,1,0,0,0.9210447474080051
nsl-kdd,7,5,ftp_write,4.410532351254797e-05,0,0,0,0.9999997250798088
nsl-kdd,7,5,guess_passwd,0.00039694791161293166,0,0,0,0.9999999988789894
nsl-kdd,7,5,imap,0.00017642129405019187,1,1,0,0.9999895901250296
nsl-kdd,7,5,ipsweep,0.028183301724518148,16,8,637,0.0054910348129340964
nsl-kdd,7,5,land,4.410532351254797e-05,0,0,0,0.9999962358784305
nsl-kdd,7,5,loadmodule,4.410532351254797e-05,0,0,0,0.9999996432800906
nsl-kdd,7,5,multihop,8.821064702509593e-05,1,0,1,0.506618410655333
nsl-kdd,7,5,neptune,0.3287610814625325,2,0,40,0.994445318389826
nsl-kdd,7,5,nmap,0.011952542671900499,3,0,18,0.9370787306619129
nsl-kdd,7,5,normal,0.5338508357958806,133,67,5014,0.5877731482512658
nsl-kdd,7,5,phf,8.821064702509593e-05,0,0,0,0.9999999999911044
nsl-kdd,7,5,pod,0.0014995809994266308,0,0,0,0.9996204906058151
nsl-kdd,7,5,portsweep,0.023287610814625326,10,0,154,0.6908505126598382
nsl-kdd,7,5,rootkit,0.0001323159705376439,1,1,0,0.9742111258347963
nsl-kdd,7,5,satan,0.027433511224804835,52,7,309,0.4913656462452886
nsl-kdd,7,5,smurf,0.020994133991972832,3,1,3,0.9930038416507198
nsl-kdd,7,5,spy,4.410532351254797e-05,1,1,0,0.9999999999928755
nsl-kdd,7,5,teardrop,0.007453799673620606,0,0,3,0.9821068020213348
nsl-kdd,7,5,warezclient,0.0071891677325453185,15,6,99,0.3974163105984966
nsl-kdd,7,5,warezmaster,0.0002646319410752878,1,1,1,0.7723104304246808
nsl-kdd,7,6,back,0.007762536938208442,3,3,6,0.9679628517920569
nsl-kdd,7,6,buffer_overflow,0.0002646319410752878,1,1,1,0.7640005251829255
nsl-kdd,7,6,ftp_write,4.410532351254797e-05,0,0,0,0.787624674675067
nsl-kdd,7,6,guess_passwd,0.00039694791161293166,0,0,0,0.997546454811434
nsl-kdd,7,6,imap,0.00017642129405019187,3,3,3,0.2488154087677728
nsl-kdd,7,6,ipsweep,0.028183301724518148,18,8,639,0.021304893054610002
nsl-kdd,7,6,land,4.410532351254797e-05,1,0,1,0.003996317566483743
nsl-kdd,7,6,loadmodule,4.410532351254797e-05,0,0,0,0.8328790045811901
nsl-kdd,7,6,multihop,8.821064702509593e-05,2,0,2,0.06506986319705883
nsl-kdd,7,6,neptune,0.3287610814625325,0,0,0,0.9992578497172349
nsl-kdd,7,6,nmap,0.011952542671900499,36,0,43,0.8345605242455583
nsl-kdd,7,6,normal,0.5338508357958806,131,63,6307,0.47730347832732906
nsl-kdd,7,6,phf,8.821064702509593e-05,0,0,0,0.9980119590281631
nsl-kdd,7,6,pod,0.0015436863229391787,0,0,0,0.9857747108444199
nsl-kdd,7,6,portsweep,0.023287610814625326,15,0,336,0.3630308994679631
nsl-kdd,7,6,rootkit,0.0001323159705376439,2,1,2,0.3744914759407842
nsl-kdd,7,6,satan,0.027433511224804835,55,3,408,0.3317695175981207
nsl-kdd,7,6,smurf,0.020994133991972832,3,0,3,0.9867036099853302
nsl-kdd,7,6,spy,4.410532351254797e-05,1,1,0,0.9976616926080356
nsl-kdd,7,6,teardrop,0.007453799673620606,0,0,0,0.9764100749892963
nsl-kdd,7,6,warezclient,0.0071891677325453185,23,13,142,0.2197316758500098
nsl-kdd,7,6,warezmaster,0.0002646319410752878,2,1,2,0.6670186177340603
nsl-kdd,7,7,back,0.007762536938208442,2,2,6,0.9639380742869128
nsl-kdd,7,7,buffer_overflow,0.0002646319410752878,1,1,2,0.7579508383395369
nsl-kdd,7,7,ftp_write,4.410532351254797e-05,0,0,0,0.7546096474198067
nsl-kdd,7,7,guess_passwd,0.00039694791161293166,0,0,0,0.9974014899603062
nsl-kdd,7,7,imap,0.00017642129405019187,3,3,3,0.2489346536150603
nsl-kdd,7,7,ipsweep,0.028183301724518148,16,7,639,0.01934201460554922
nsl-kdd,7,7,land,4.410532351254797e-05,1,0,1,0.00392719940867258
nsl-kdd,7,7,loadmodule,4.410532351254797e-05,0,0,0,0.8258067920415183
nsl-kdd,7,7,multihop,8.821064702509593e-05,2,0,2,0.06381500568142959
nsl-kdd,7,7,neptune,0.3287610814625325,0,0,0,0.9992764348453104
nsl-kdd,7,7,nmap,0.01190843734838795,37,1,45,0.8387971317240926
nsl-kdd,7,7,normal,0.5338508357958806,124,63,6051,0.4902032844390399
nsl-kdd,7,7,phf,4.410532351254797e-05,0,0,0,0.9888138127321717
nsl-kdd,7,7,pod,0.0015436863229391787,0,0,0,0.9850717207076759
nsl-kdd,7,7,portsweep,0.023287610814625326,15,0,335,0.36484423660045273
nsl-kdd,7,7,rootkit,0.0001323159705376439,3,1,3,0.05818933382707888
nsl-kdd,7,7,satan,0.027433511224804835,54,5,405,0.3341163083579704
nsl-kdd,7,7,smurf,0.020994133991972832,3,1,3,0.98591114508312
nsl-kdd,7,7,spy,4.410532351254797e-05,1,1,0,0.9975816369474992
nsl-kdd,7,7,teardrop,0.007497904997133154,0,0,0,0.9769383770376192
nsl-kdd,7,7,warezclient,0.0071891677325453185,19,8,144,0.2143282097944347
nsl-kdd,7,7,warezmaster,0.00030873726458783575,2,1,2,0.7144167932717702
nsl-kdd,7,8,back,0.007762536938208442,4,4,6,0.9652027629235587
nsl-kdd,7,8,buffer_overflow,0.0002646319410752878,1,1,2,0.7513375650260641
nsl-kdd,7,8,ftp_write,4.410532351254797e-05,0,0,0,0.7513144179315702
nsl-kdd,7,8,guess_passwd,0.00039694791161293166,0,0,0,0.9975374993105449
nsl-kdd,7,8,imap,0.00017642129405019187,1,1,3,0.43745487099470576
nsl-kdd,7,8,ipsweep,0.028183301724518148,16,8,639,0.018387115058052496
nsl-kdd,7,8,land,4.410532351254797e-05,0,0,1,0.004039197022634571
nsl-kdd,7,8,loadmodule,4.410532351254797e-05,0,0,0,0.8250450581374036
nsl-kdd,7,8,multihop,8.821064702509593e-05,2,1,2,0.07996566929454649
nsl-kdd,7,8,neptune,0.3287610814625325,0,0,0,0.9993094375198909
nsl-kdd,7,8,nmap,0.011952542671900499,33,0,42,0.842146359175728
nsl-kdd,7,8,normal,0.5338508357958806,135,65,6603,0.45951180568055683
nsl-kdd,7,8,phf,4.410532351254797e-05,0,0,0,0.9898233464135208
nsl-kdd,7,8,pod,0.0014995809994266308,2,0,2,0.9596876837544578
nsl-kdd,7,8,portsweep,0.023287610814625326,14,0,330,0.3749699315829049
nsl-kdd,7,8,rootkit,0.0001323159705376439,2,0,2,0.29008001013123413
nsl-kdd,7,8,satan,0.027389405901292286,53,5,396,0.34728345934869104
nsl-kdd,7,8,smurf,0.021038239315485378,1,0,3,0.9875244069095814
nsl-kdd,7,8,spy,4.410532351254797e-05,1,1,0,0.9982132475788779
nsl-kdd,7,8,teardrop,0.007497904997133154,0,0,0,0.9766604844877744
nsl-kdd,7,8,warezclient,0.0071891677325453185,18,7,132,0.2302157452428895
nsl-kdd,7,8,warezmaster,0.00030873726458783575,2,1,2,0.7144398549342456
nsl-kdd,7,9,back,0.007762536938208442,4,4,6,0.9651096949336531
nsl-kdd,7,9,buffer_overflow,0.00022052661756273982,2,1,2,0.6831904836779501
nsl-kdd,7,9,ftp_write,4.410532351254797e-05,0,0,0,0.7454379251866099
nsl-kdd,7,9,guess_passwd,0.00039694791161293166,0,0,0,0.9974226480263275
nsl-kdd,7,9,imap,0.00017642129405019187,3,3,3,0.2492360710785344
nsl-kdd,7,9,ipsweep,0.028183301724518148,15,8,639,0.02033579675268917
nsl-kdd,7,9,loadmodule,4.410532351254797e-05,0,0,0,0.8536845328612007
nsl-kdd,7,9,multihop,8.821064702509593e-05,1,0,2,0.06630814179570368
nsl-kdd,7,9,neptune,0.32871697613901996,0,0,0,0.9992628115047248
nsl-kdd,7,9,nmap,0.011952542671900499,42,0,44,0.8332918321670177
nsl-kdd,7,9,normal,0.5338949411193931,135,65,6619,0.4606669122193636
nsl-kdd,7,9,phf,8.821064702509593e-05,0,0,0,0.9980058552643909
nsl-kdd,7,9,pod,0.0014995809994266308,0,0,0,0.9867099908800784
nsl-kdd,7,9,portsweep,0.02333171613813787,9,1,329,0.3770504390509016
nsl-kdd,7,9,rootkit,0.00017642129405019187,3,1,3,0.2969114536662713
nsl-kdd,7,9,satan,0.027433511224804835,56,5,401,0.34133271767249024
nsl-kdd,7,9,smurf,0.020994133991972832,3,0,4,0.986927684393046
nsl-kdd,7,9,spy,4.410532351254797e-05,1,1,0,0.9969818318408288
nsl-kdd,7,9,teardrop,0.007453799673620606,0,0,0,0.9754671630214142
nsl-kdd,7,9,warezclient,0.0071891677325453185,22,5,141,0.19113346407781945
nsl-kdd,7,9,warezmaster,0.00030873726458783575,2,2,2,0.7143629523711905
nsl-kdd,8,0,back,0.0077628793225123505,4,4,6,0.9637593852887519
nsl-kdd,8,0,buffer_overflow,0.0002205363443895554,2,1,2,0.6673517304267441
nsl-kdd,8,0,ftp_write,4.410726887791108e-05,0,0,0,0.7819033142390528
nsl-kdd,8,0,guess_passwd,0.00039696541990119974,0,0,0,0.997551583611902
nsl-kdd,8,0,imap,0.0002205363443895554,2,2,4,0.19883162108002045
nsl-kdd,8,0,ipsweep,0.02818454481298518,16,7,639,0.01916266707600566
nsl-kdd,8,0,land,4.410726887791108e-05,1,0,1,0.003866772361668914
nsl-kdd,8,0,multihop,8.821453775582216e-05,2,0,2,0.05581028264232814
nsl-kdd,8,0,neptune,0.3287314749470713,0,0,0,0.9992921586351295
nsl-kdd,8,0,nmap,0.011953069865913903,36,0,43,0.8390536174189128
nsl-kdd,8,0,normal,0.5338743824982357,138,65,6220,0.48299211390968594
nsl-kdd,8,0,phf,8.821453775582216e-05,0,0,0,0.9979896680581997
nsl-kdd,8,0,pod,0.0014996471418489768,1,0,1,0.9681263966707742
nsl-kdd,8,0,portsweep,0.023332745236414962,12,0,328,0.3788445070430405
nsl-kdd,8,0,rootkit,0.00017642907551164433,3,2,3,0.29664250580105583
nsl-kdd,8,0,satan,0.027434721242060693,53,5,403,0.3391369249642604
nsl-kdd,8,0,smurf,0.020995059985885675,1,1,0,0.9941674104770488
nsl-kdd,8,0,spy,4.410726887791108e-05,1,1,0,0.9970780899404601
nsl-kdd,8,0,teardrop,0.007454128440366973,0,0,0,0.9765571803014114
nsl-kdd,8,0,warezclient,0.007189484827099506,19,6,144,0.19150012065712496
nsl-kdd,8,0,warezmaster,0.0002646436132674665,1,1,1,0.8333336465709582
nsl-kdd,8,1,back,0.0077628793225123505,1,1,6,0.9645687159125598
nsl-kdd,8,1,buffer_overflow,0.0002205363443895554,1,0,0,0.8406890302878051
nsl-kdd,8,1,ftp_write,4.410726887791108e-05,0,0,0,0.815260380587707
nsl-kdd,8,1,guess_passwd,0.00039696541990119974,0,0,0,0.9974705748725162
nsl-kdd,8,1,imap,0.0002205363443895554,4,2,4,0.19897920419849063
nsl-kdd,8,1,ipsweep,0.02818454481298518,17,7,639,0.020412035104642446
nsl-kdd,8,1,land,4.410726887791108e-05,0,0,1,0.004055669992953108
nsl-kdd,8,1,loadmodule,4.410726887791108e-05,0,0,0,0.8234365188011293
nsl-kdd,8,1,multihop,8.821453775582216e-05,2,0,2,0.0670043948692966
nsl-kdd,8,1,neptune,0.3287755822159492,0,0,0,0.9992755448048981
nsl-kdd,8,1,nmap,0.011953069865913903,35,0,42,0.8395846495829723
nsl-kdd,8,1,normal,0.5338743824982357,135,60,6357,0.47698139025924824
nsl-kdd,8,1,phf,8.821453775582216e-05,0,0,0,0.997673336992728
nsl-kdd,8,1,pod,0.0014996471418489768,0,0,0,0.9859040515887846
nsl-kdd,8,1,portsweep,0.023332745236414962,15,0,332,0.3716682338488224
nsl-kdd,8,1,rootkit,0.00017642907551164433,3,1,3,0.29354777334782534
nsl-kdd,8,1,satan,0.027434721242060693,56,2,399,0.34234623299509714
nsl-kdd,8,1,smurf,0.020995059985885675,1,0,4,0.985944835864471
nsl-kdd,8,1,teardrop,0.007454128440366973,0,0,0,0.9753839202274565
nsl-kdd,8,1,warezclient,0.007145377558221595,21,6,142,0.18305897631230766
nsl-kdd,8,1,warezmaster,0.0002646436132674665,1,0,2,0.6667913239957635
nsl-kdd,8,2,back,0.007806642261720989,6,6,6,0.9639488973224446
nsl-kdd,8,2,buffer_overflow,0.00022052661756273982,1,1,1,0.7872617389685779
nsl-kdd,8,2,guess_passwd,0.00039694791161293166,0,0,0,0.9978478764211549
nsl-kdd,8,2,imap,0.00022052661756273982,3,2,4,0.1990035804919402
nsl-kdd,8,2,ipsweep,0.028183301724518148,16,10,639,0.019188815359462954
nsl-kdd,8,2,land,4.410532351254797e-05,1,0,1,0.004128567640213428
nsl-kdd,8,2,loadmodule,4.410532351254797e-05,0,0,0,0.8592580935809494
nsl-kdd,8,2,multihop,8.821064702509593e-05,2,1,2,0.06948309686350433
nsl-kdd,8,2,neptune,0.3287610814625325,0,0,0,0.9992794990936812
nsl-kdd,8,2,nmap,0.011952542671900499,35,0,45,0.8343691753383748
nsl-kdd,8,2,normal,0.5338508357958806,141,65,6183,0.48086582277109957
nsl-kdd,8,2,phf,8.821064702509593e-05,0,0,0,0.9978640041791915
nsl-kdd,8,2,pod,0.0014995809994266308,0,0,0,0.9865588046949325
nsl-kdd,8,2,portsweep,0.023287610814625326,12,2,327,0.37957132033619756
nsl-kdd,8,2,rootkit,0.00017642129405019187,3,2,3,0.2891735373692075
nsl-kdd,8,2,satan,0.027433511224804835,56,4,402,0.33946758338279276
nsl-kdd,8,2,smurf,0.020994133991972832,4,0,4,0.9871057923924046
nsl-kdd,8,2,spy,4.410532351254797e-05,1,1,0,0.9970548056497112
nsl-kdd,8,2,teardrop,0.007453799673620606,0,0,0,0.9770816575461371
nsl-kdd,8,2,warezclient,0.0071891677325453185,29,14,144,0.17684271520221623
nsl-kdd,8,2,warezmaster,0.0002646319410752878,2,2,2,0.6668138360442887
nsl-kdd,8,3,back,0.007806642261720989,5,5,5,0.9656217113990337
nsl-kdd,8,3,buffer_overflow,0.00022052661756273982,2,1,2,0.6892182594115097
nsl-kdd,8,3,ftp_write,4.410532351254797e-05,0,0,0,0.7514869492267249
nsl-kdd,8,3,guess_passwd,0.00039694791161293166,0,0,0,0.9973537234893607
nsl-kdd,8,3,imap,0.00022052661756273982,4,2,4,0.20168411957602692
nsl-kdd,8,3,ipsweep,0.028183301724518148,16,11,639,0.01910246831242734
nsl-kdd,8,3,land,4.410532351254797e-05,1,0,1,0.004010063286664658
nsl-kdd,8,3,loadmodule,4.410532351254797e-05,0,0,0,0.8315134055462484
nsl-kdd,8,3,multihop,4.410532351254797e-05,0,0,0,0.9999413401918513
nsl-kdd,8,3,neptune,0.3287610814625325,0,0,0,0.9992913026831717
nsl-kdd,8,3,nmap,0.011952542671900499,40,0,47,0.8324378024988895
nsl-kdd,8,3,normal,0.5338508357958806,144,65,6602,0.46152441771788627
nsl-kdd,8,3,phf,8.821064702509593e-05,0,0,0,0.9980011907594848
nsl-kdd,8,3,pod,0.0014995809994266308,0,0,0,0.9859015409330122
nsl-kdd,8,3,portsweep,0.023287610814625326,14,0,329,0.37583294034440023
nsl-kdd,8,3,rootkit,0.00017642129405019187,3,1,3,0.29448247175946607
nsl-kdd,8,3,satan,0.027433511224804835,55,4,400,0.3442631711513904
nsl-kdd,8,3,smurf,0.020994133991972832,1,0,1,0.9872971030515337
nsl-kdd,8,3,spy,4.410532351254797e-05,1,1,0,0.9970599760030766
nsl-kdd,8,3,teardrop,0.007453799673620606,0,0,0,0.9753650458241717
nsl-kdd,8,3,warezclient,0.0071891677325453185,24,6,143,0.20339299176519268
nsl-kdd,8,3,warezmaster,0.0002646319410752878,2,1,2,0.6668094880399987
nsl-kdd,8,4,back,0.007806642261720989,5,5,6,0.963536735324213
nsl-kdd,8,4,buffer_overflow,0.00022052661756273982,1,0,1,0.8309287524939919
nsl-kdd,8,4,ftp_write,4.410532351254797e-05,0,0,0,0.7523812924684053
nsl-kdd,8,4,guess_passwd,0.00039694791161293166,0,0,0,0.9973719287643384
nsl-kdd,8,4,imap,0.00022052661756273982,3,2,4,0.20161516582018962
nsl-kdd,8,4,ipsweep,0.028183301724518148,17,10,639,0.01896138675145347
nsl-kdd,8,4,land,4.410532351254797e-05,1,0,1,0.0039375366874507605
nsl-kdd,8,4,loadmodule,4.410532351254797e-05,0,0,0,0.8885612322712786
nsl-kdd,8,4,multihop,4.410532351254797e-05,1,0,0,0.9999015913430906
nsl-kdd,8,4,neptune,0.3287610814625325,0,0,0,0.9991195361170297
nsl-kdd,8,4,nmap,0.011952542671900499,33,0,40,0.839293989891228
nsl-kdd,8,4,normal,0.5338508357958806,139,64,6330,0.47739460723150656
nsl-kdd,8,4,phf,8.821064702509593e-05,0,0,0,0.9979757185083358
nsl-kdd,8,4,pod,0.0014995809994266308,0,0,0,0.9868823749219703
nsl-kdd,8,4,portsweep,0.023287610814625326,13,1,331,0.3722723260371877
nsl-kdd,8,4,rootkit,0.00017642129405019187,3,1,3,0.29127762303892596
nsl-kdd,8,4,satan,0.027433511224804835,53,4,399,0.3515601702539035
nsl-kdd,8,4,smurf,0.020994133991972832,2,0,2,0.9883945674190707
nsl-kdd,8,4,spy,4.410532351254797e-05,1,1,0,0.9970334995864338
nsl-kdd,8,4,teardrop,0.007453799673620606,0,0,0,0.9769859847779395
nsl-kdd,8,4,warezclient,0.0071891677325453185,27,11,143,0.18000315851337675
nsl-kdd,8,4,warezmaster,0.0002646319410752878,2,2,2,0.6668158010370598
nsl-kdd,8,5,back,0.007806642261720989,3,3,6,0.9645433561107316
nsl-kdd,8,5,buffer_overflow,0.0002646319410752878,1,1,2,0.7543079060704486
nsl-kdd,8,5,ftp_write,4.410532351254797e-05,0,0,0,0.7486970551692362
nsl-kdd,8,5,guess_passwd,0.00039694791161293166,0,0,0,0.9973654709994341
nsl-kdd,8,5,imap,0.00017642129405019187,2,2,3,0.24878890934150455
nsl-kdd,8,5,ipsweep,0.028183301724518148,15,8,639,0.022388155697570394
nsl-kdd,8,5,land,4.410532351254797e-05,1,0,1,0.003848746943507219
nsl-kdd,8,5,loadmodule,4.410532351254797e-05,0,0,0,0.8270963645342629
nsl-kdd,8,5,multihop,8.821064702509593e-05,2,0,2,0.09986567110333097
nsl-kdd,8,5,neptune,0.3287610814625325,0,0,0,0.9992315960974292
nsl-kdd,8,5,nmap,0.011952542671900499,38,0,44,0.8311329257641507
nsl-kdd,8,5,normal,0.5338508357958806,134,70,6112,0.48476531499777314
nsl-kdd,8,5,phf,8.821064702509593e-05,0,0,0,0.9979423053714334
nsl-kdd,8,5,pod,0.0014995809994266308,0,0,0,0.9872087009654488
nsl-kdd,8,5,portsweep,0.023287610814625326,13,1,337,0.36171246532936774
nsl-kdd,8,5,rootkit,0.0001323159705376439,2,0,2,0.29143665246792444
nsl-kdd,8,5,satan,0.027433511224804835,52,4,400,0.3446289692665021
nsl-kdd,8,5,smurf,0.020994133991972832,3,0,5,0.9862437206541216
nsl-kdd,8,5,spy,4.410532351254797e-05,1,1,0,0.9977500315104025
nsl-kdd,8,5,teardrop,0.007453799673620606,0,0,0,0.9744888104970786
nsl-kdd,8,5,warezclient,0.0071891677325453185,16,7,138,0.23328832598315244
nsl-kdd,8,5,warezmaster,0.0002646319410752878,1,1,1,0.8333670210268886
nsl-kdd,8,6,back,0.007762536938208442,2,2,3,0.9829192744834885
nsl-kdd,8,6,buffer_overflow,0.0002646319410752878,1,0,0,0.9162063396316452
nsl-kdd,8,6,ftp_write,4.410532351254797e-05,0,0,0,0.999999509766052
nsl-kdd,8,6,guess_passwd,0.00039694791161293166,0,0,0,0.9999999986231831
nsl-kdd,8,6,imap,0.00017642129405019187,2,2,1,0.759480725981311
nsl-kdd,8,6,ipsweep,0.028183301724518148,16,6,633,0.006877514171456352
nsl-kdd,8,6,land,4.410532351254797e-05,0,0,0,0.9999951767026085
nsl-kdd,8,6,loadmodule,4.410532351254797e-05,0,0,0,0.9999994741962566
nsl-kdd,8,6,multihop,8.821064702509593e-05,1,0,1,0.5073809119987344
nsl-kdd,8,6,neptune,0.3287610814625325,0,0,38,0.994510032634639
nsl-kdd,8,6,nmap,0.011952542671900499,4,1,18,0.9376728355515663
nsl-kdd,8,6,normal,0.5338508357958806,134,71,5095,0.5818481421365002
nsl-kdd,8,6,phf,8.821064702509593e-05,0,0,0,0.9999999999857878
nsl-kdd,8,6,pod,0.0015436863229391787,0,0,0,0.9996057951932887
nsl-kdd,8,6,portsweep,0.023287610814625326,8,1,158,0.6709604619052131
nsl-kdd,8,6,rootkit,0.0001323159705376439,2,1,1,0.6666082708315537
nsl-kdd,8,6,satan,0.027433511224804835,48,5,313,0.48563660297198896
nsl-kdd,8,6,smurf,0.020994133991972832,4,0,4,0.9912685787479553
nsl-kdd,8,6,spy,4.410532351254797e-05,1,1,0,0.999999999989599
nsl-kdd,8,6,teardrop,0.007453799673620606,0,0,2,0.9856734798726104
nsl-kdd,8,6,warezclient,0.0071891677325453185,10,4,96,0.4152955009138285
nsl-kdd,8,6,warezmaster,0.0002646319410752878,2,1,2,0.7369436511730948
nsl-kdd,8,7,back,0.007762536938208442,3,3,6,0.9662053162225125
nsl-kdd,8,7,buffer_overflow,0.0002646319410752878,1,1,1,0.7782960813051435
nsl-kdd,8,7,ftp_write,4.410532351254797e-05,0,0,0,0.7681536525758486
nsl-kdd,8,7,guess_passwd,0.00039694791161293166,0,0,0,0.9976109442519109
nsl-kdd,8,7,imap,0.00017642129405019187,2,1,3,0.24388561457239702
nsl-kdd,8,7,ipsweep,0.028183301724518148,15,5,639,0.01884515915354179
nsl-kdd,8,7,land,4.410532351254797e-05,1,0,1,0.004019969766968845
nsl-kdd,8,7,loadmodule,4.410532351254797e-05,0,0,0,0.8483933234591867
nsl-kdd,8,7,multihop,8.821064702509593e-05,2,0,2,0.07794125159414853
nsl-kdd,8,7,neptune,0.3287610814625325,0,0,0,0.995563856933275
nsl-kdd,8,7,nmap,0.01190843734838795,34,0,45,0.833140619656468
nsl-kdd,8,7,normal,0.5338508357958806,143,65,6274,0.48967518438711904
nsl-kdd,8,7,phf,4.410532351254797e-05,0,0,0,0.9905078238776791
nsl-kdd,8,7,pod,0.0015436863229391787,2,0,0,0.9857491548351441
nsl-kdd,8,7,portsweep,0.023287610814625326,15,0,334,0.3666347500995452
nsl-kdd,8,7,rootkit,0.0001323159705376439,2,2,1,0.5175401827384905
nsl-kdd,8,7,satan,0.027433511224804835,53,5,377,0.4260497656879861
nsl-kdd,8,7,smurf,0.020994133991972832,3,0,5,0.9870297978440812
nsl-kdd,8,7,spy,4.410532351254797e-05,1,1,0,0.997391857718716
nsl-kdd,8,7,teardrop,0.007497904997133154,0,0,0,0.9284445888189901
nsl-kdd,8,7,warezclient,0.0071891677325453185,27,6,142,0.18145624829651075
nsl-kdd,8,7,warezmaster,0.00030873726458783575,2,1,2,0.7143639283682932
nsl-kdd,8,8,back,0.007762536938208442,4,4,7,0.9596118074800415
nsl-kdd,8,8,buffer_overflow,0.0002646319410752878,1,1,2,0.7531830184159286
nsl-kdd,8,8,ftp_write,4.410532351254797e-05,0,0,0,0.7859889948195363
nsl-kdd,8,8,guess_passwd,0.00039694791161293166,0,0,0,0.9974123570395022
nsl-kdd,8,8,imap,0.00017642129405019187,4,4,3,0.2492572524648158
nsl-kdd,8,8,ipsweep,0.028183301724518148,15,13,639,0.02037892665489675
nsl-kdd,8,8,land,4.410532351254797e-05,0,0,1,0.003798301279344942
nsl-kdd,8,8,loadmodule,4.410532351254797e-05,0,0,0,0.8256646671376172
nsl-kdd,8,8,multihop,8.821064702509593e-05,1,0,2,0.059508516953640414
nsl-kdd,8,8,neptune,0.3287610814625325,0,0,0,0.9991661780081456
nsl-kdd,8,8,nmap,0.011952542671900499,37,0,47,0.8319860997615162
nsl-kdd,8,8,normal,0.5338508357958806,130,63,5963,0.496360396365269
nsl-kdd,8,8,phf,4.410532351254797e-05,0,0,0,0.9866368358608484
nsl-kdd,8,8,pod,0.0014995809994266308,0,0,0,0.9860915015012478
nsl-kdd,8,8,portsweep,0.023287610814625326,16,2,332,0.3703998648083399
nsl-kdd,8,8,rootkit,0.0001323159705376439,3,1,3,0.05312884638603147
nsl-kdd,8,8,satan,0.027389405901292286,56,2,400,0.34793396197198245
nsl-kdd,8,8,smurf,0.021038239315485378,3,0,5,0.9855826838535396
nsl-kdd,8,8,spy,4.410532351254797e-05,1,1,0,0.9975487415598138
nsl-kdd,8,8,teardrop,0.007497904997133154,0,0,0,0.9734823360118993
nsl-kdd,8,8,warezclient,0.0071891677325453185,21,11,143,0.1971902132292552
nsl-kdd,8,8,warezmaster,0.00030873726458783575,2,1,2,0.7144190610289186
nsl-kdd,8,9,back,0.007762536938208442,4,4,6,0.9637605277995792
nsl-kdd,8,9,buffer_overflow,0.00022052661756273982,1,0,0,0.8704351698675605
nsl-kdd,8,9,ftp_write,4.410532351254797e-05,0,0,0,0.9623144360693743
nsl-kdd,8,9,guess_passwd,0.00039694791161293166,0,0,0,0.9975694200992525
nsl-kdd,8,9,imap,0.00017642129405019187,2,1,3,0.35427726025629713
nsl-kdd,8,9,ipsweep,0.028183301724518148,7,1,80,0.7957098156303636
nsl-kdd,8,9,loadmodule,4.410532351254797e-05,0,0,0,0.992231502736661
nsl-kdd,8,9,multihop,8.821064702509593e-05,2,0,2,0.06269279634618205
nsl-kdd,8,9,neptune,0.32871697613901996,0,0,0,0.9992269824752222
nsl-kdd,8,9,nmap,0.011952542671900499,48,7,234,0.2348258719625774
nsl-kdd,8,9,normal,0.5338949411193931,142,84,4618,0.5851924047680707
nsl-kdd,8,9,phf,8.821064702509593e-05,0,0,0,0.9972673491443074
nsl-kdd,8,9,pod,0.0014995809994266308,1,0,1,0.9680336455298598
nsl-kdd,8,9,portsweep,0.02333171613813787,17,1,327,0.38089526504581256
nsl-kdd,8,9,rootkit,0.00017642129405019187,3,1,3,0.27563369400322013
nsl-kdd,8,9,satan,0.027433511224804835,49,5,407,0.3340003265391591
nsl-kdd,8,9,smurf,0.020994133991972832,0,0,0,0.9946001062560121
nsl-kdd,8,9,spy,4.410532351254797e-05,1,1,0,0.9985283025396169
nsl-kdd,8,9,teardrop,0.007453799673620606,0,0,0,0.97586302394286
nsl-kdd,8,9,warezclient,0.0071891677325453185,21,7,143,0.17513221986386618
nsl-kdd,8,9,warezmaster,0.00030873726458783575,2,2,2,0.714360938483541
nsl-kdd,9,0,back,0.0077628793225123505,2,2,6,0.9643671274817535
nsl-kdd,9,0,buffer_overflow,0.0002205363443895554,1,1,2,0.7059006181884041
nsl-kdd,9,0,ftp_write,4.410726887791108e-05,0,0,0,0.7849177073103945
nsl-kdd,9,0,guess_passwd,0.00039696541990119974,0,0,0,0.9973461718380165
nsl-kdd,9,0,imap,0.0002205363443895554,3,2,4,0.19896940943256283
nsl-kdd,9,0,ipsweep,0.02818454481298518,13,9,639,0.0179746122991123
nsl-kdd,9,0,land,4.410726887791108e-05,1,0,1,0.003919675729229317
nsl-kdd,9,0,multihop,8.821453775582216e-05,2,0,2,0.0808618161685087
nsl-kdd,9,0,neptune,0.3287314749470713,0,0,0,0.9992667079723666
nsl-kdd,9,0,nmap,0.011953069865913903,36,2,45,0.8369272711102645
nsl-kdd,9,0,normal,0.5338743824982357,140,65,6212,0.4793651614310142
nsl-kdd,9,0,phf,8.821453775582216e-05,0,0,0,0.9978913676482395
nsl-kdd,9,0,pod,0.0014996471418489768,2,0,0,0.987116391138232
nsl-kdd,9,0,portsweep,0.023332745236414962,16,0,332,0.37119592872686397
nsl-kdd,9,0,rootkit,0.00017642907551164433,3,1,3,0.2947969611544539
nsl-kdd,9,0,satan,0.027434721242060693,51,3,400,0.34285984549134185
nsl-kdd,9,0,smurf,0.020995059985885675,3,0,5,0.9864595409287048
nsl-kdd,9,0,spy,4.410726887791108e-05,1,1,0,0.9970203330161921
nsl-kdd,9,0,teardrop,0.007454128440366973,0,0,0,0.9790024346371073
nsl-kdd,9,0,warezclient,0.007189484827099506,30,16,144,0.17940322767303266
nsl-kdd,9,0,warezmaster,0.0002646436132674665,1,1,1,0.8333494258215751
nsl-kdd,9,1,back,0.0077628793225123505,4,4,6,0.965211504209972
nsl-kdd,9,1,buffer_overflow,0.0002205363443895554,1,1,1,0.7869522393009614
nsl-kdd,9,1,ftp_write,4.410726887791108e-05,0,0,0,0.7745403931234024
nsl-kdd,9,1,guess_passwd,0.00039696541990119974,0,0,0,0.9977451000983371
nsl-kdd,9,1,imap,0.0002205363443895554,4,2,4,0.1988645163886607
nsl-kdd,9,1,ipsweep,0.02818454481298518,15,8,639,0.021040812292464805
nsl-kdd,9,1,land,4.410726887791108e-05,0,0,1,0.003996796898689377
nsl-kdd,9,1,loadmodule,4.410726887791108e-05,0,0,0,0.8549967574205678
nsl-kdd,9,1,multihop,8.821453775582216e-05,2,1,2,0.07062369956063808
nsl-kdd,9,1,neptune,0.3287755822159492,0,0,0,0.9956353505989495
nsl-kdd,9,1,nmap,0.011953069865913903,38,1,45,0.8270709260966143
nsl-kdd,9,1,normal,0.5338743824982357,140,61,6196,0.4955215709167053
nsl-kdd,9,1,phf,8.821453775582216e-05,0,0,0,0.9979288996709136
nsl-kdd,9,1,pod,0.0014996471418489768,0,0,0,0.9873992154956781
nsl-kdd,9,1,portsweep,0.023332745236414962,13,1,329,0.3769358971129917
nsl-kdd,9,1,rootkit,0.00017642907551164433,3,2,3,0.29273342416242737
nsl-kdd,9,1,satan,0.027434721242060693,53,4,380,0.4232472241257711
nsl-kdd,9,1,smurf,0.020995059985885675,2,0,1,0.9878435238113035
nsl-kdd,9,1,teardrop,0.007454128440366973,0,0,0,0.9219082784242626
nsl-kdd,9,1,warezclient,0.007145377558221595,21,6,142,0.19949104423139374
nsl-kdd,9,1,warezmaster,0.0002646436132674665,2,2,2,0.6668095260464467
nsl-kdd,9,2,back,0.007806642261720989,3,3,5,0.9757315818402137
nsl-kdd,9,2,buffer_overflow,0.00022052661756273982,1,0,0,0.9631023729901772
nsl-kdd,9,2,guess_passwd,0.00039694791161293166,0,0,0,0.9999999997172231
nsl-kdd,9,2,imap,0.00022052661756273982,2,2,1,0.8489410288094943
nsl-kdd,9,2,ipsweep,0.028183301724518148,15,7,634,0.0072690870205338156
nsl-kdd,9,2,land,4.410532351254797e-05,0,0,0,0.9999948517622063
nsl-kdd,9,2,loadmodule,4.410532351254797e-05,0,0,0,0.9999992701189846
nsl-kdd,9,2,multihop,8.821064702509593e-05,1,0,1,0.5065475101160835
nsl-kdd,9,2,neptune,0.3287610814625325,3,0,37,0.9946862110746825
nsl-kdd,9,2,nmap,0.011952542671900499,4,0,16,0.9440073558884262
nsl-kdd,9,2,normal,0.5338508357958806,140,35,4793,0.6088615353205754
nsl-kdd,9,2,phf,8.821064702509593e-05,0,0,0,0.9999999999837152
nsl-kdd,9,2,pod,0.0014995809994266308,0,0,0,0.9998414782555912
nsl-kdd,9,2,portsweep,0.023287610814625326,9,2,155,0.6789100057987039
nsl-kdd,9,2,rootkit,0.00017642129405019187,2,1,1,0.7360141796322642
nsl-kdd,9,2,satan,0.027433511224804835,49,3,245,0.5995166906765238
nsl-kdd,9,2,smurf,0.020994133991972832,4,0,6,0.9881434284862448
nsl-kdd,9,2,spy,4.410532351254797e-05,1,1,0,0.99999999998775
nsl-kdd,9,2,teardrop,0.007453799673620606,0,0,3,0.9809199988924702
nsl-kdd,9,2,warezclient,0.0071891677325453185,12,4,95,0.419796283233518
nsl-kdd,9,2,warezmaster,0.0002646319410752878,2,2,2,0.7072420058496885
nsl-kdd,9,3,back,0.007806642261720989,3,3,6,0.9651233819382606
nsl-kdd,9,3,buffer_overflow,0.00022052661756273982,2,0,0,0.8729752182617831
nsl-kdd,9,3,ftp_write,4.410532351254797e-05,0,0,0,0.9376904387039657
nsl-kdd,9,3,guess_passwd,0.00039694791161293166,0,0,0,0.9974965674581926
nsl-kdd,9,3,imap,0.00022052661756273982,3,2,4,0.2014150469107278
nsl-kdd,9,3,ipsweep,0.028183301724518148,6,1,76,0.7995569492610111
nsl-kdd,9,3,land,4.410532351254797e-05,1,0,1,0.004002404330815356
nsl-kdd,9,3,loadmodule,4.410532351254797e-05,0,0,0,0.9926415364231178
nsl-kdd,9,3,multihop,4.410532351254797e-05,0,0,0,0.9999395741550742
nsl-kdd,9,3,neptune,0.3287610814625325,0,0,0,0.9992487593046849
nsl-kdd,9,3,nmap,0.011952542671900499,47,9,235,0.22587792043965613
nsl-kdd,9,3,normal,0.5338508357958806,144,89,4818,0.5777459613653374
nsl-kdd,9,3,phf,8.821064702509593e-05,0,0,0,0.9979760702993312
nsl-kdd,9,3,pod,0.0014995809994266308,1,0,1,0.968898636902645
nsl-kdd,9,3,portsweep,0.023287610814625326,15,0,334,0.36642569830990346
nsl-kdd,9,3,rootkit,0.00017642129405019187,3,1,3,0.2931124667947787
nsl-kdd,9,3,satan,0.027433511224804835,56,5,402,0.3408952210829217
nsl-kdd,9,3,smurf,0.020994133991972832,1,1,0,0.9947291557470591
nsl-kdd,9,3,spy,4.410532351254797e-05,1,1,0,0.9985841712287137
nsl-kdd,9,3,teardrop,0.007453799673620606,0,0,0,0.9756606031640731
nsl-kdd,9,3,warezclient,0.0071891677325453185,18,5,141,0.19386542584360247
nsl-kdd,9,3,warezmaster,0.0002646319410752878,2,2,2,0.6668164908957609
nsl-kdd,9,4,back,0.007806642261720989,4,4,6,0.963181320355394
nsl-kdd,9,4,buffer_overflow,0.00022052661756273982,2,1,2,0.6844544061558574
nsl-kdd,9,4,ftp_write,4.410532351254797e-05,0,0,0,0.805041202682341
nsl-kdd,9,4,guess_passwd,0.00039694791161293166,0,0,0,0.9974589399182645
nsl-kdd,9,4,imap,0.00022052661756273982,2,2,4,0.2016575702491273
nsl-kdd,9,4,ipsweep,0.028183301724518148,18,7,639,0.021697356572138362
nsl-kdd,9,4,land,4.410532351254797e-05,1,0,1,0.004077949014236791
nsl-kdd,9,4,loadmodule,4.410532351254797e-05,0,0,0,0.8367467150094164
nsl-kdd,9,4,multihop,4.410532351254797e-05,1,0,0,0.9997463160227447
nsl-kdd,9,4,neptune,0.3287610814625325,0,0,0,0.9992393579545034
nsl-kdd,9,4,nmap,0.011952542671900499,38,0,46,0.8289328011160976
nsl-kdd,9,4,normal,0.5338508357958806,136,62,6069,0.4879031477926719
nsl-kdd,9,4,phf,8.821064702509593e-05,0,0,0,0.9973753066948083
nsl-kdd,9,4,pod,0.0014995809994266308,0,0,0,0.987271670855952
nsl-kdd,9,4,portsweep,0.023287610814625326,16,1,330,0.3744799856978076
nsl-kdd,9,4,rootkit,0.00017642129405019187,3,2,3,0.28064734820256015
nsl-kdd,9,4,satan,0.027433511224804835,49,4,401,0.34327487825375325
nsl-kdd,9,4,smurf,0.020994133991972832,3,0,3,0.9876786575356733
nsl-kdd,9,4,spy,4.410532351254797e-05,1,1,0,0.9971115263463508
nsl-kdd,9,4,teardrop,0.007453799673620606,0,0,0,0.9739663330590849
nsl-kdd,9,4,warezclient,0.0071891677325453185,25,7,143,0.18980087199226545
nsl-kdd,9,4,warezmaster,0.0002646319410752878,1,1,1,0.8333338621244323
nsl-kdd,9,5,back,0.007806642261720989,3,3,6,0.9645737768968465
nsl-kdd,9,5,buffer_overflow,0.0002646319410752878,1,1,2,0.7580357237383869
nsl-kdd,9,5,ftp_write,4.410532351254797e-05,0,0,0,0.7530585102061881
nsl-kdd,9,5,guess_passwd,0.00039694791161293166,0,0,0,0.9978239263726338
nsl-kdd,9,5,imap,0.00017642129405019187,4,4,3,0.2491163538413162
nsl-kdd,9,5,ipsweep,0.028183301724518148,17,9,639,0.0178838851328611
nsl-kdd,9,5,land,4.410532351254797e-05,1,0,1,0.0038311321193433643
nsl-kdd,9,5,loadmodule,4.410532351254797e-05,0,0,0,0.8246028817990501
nsl-kdd,9,5,multihop,8.821064702509593e-05,2,0,2,0.07086302619163953
nsl-kdd,9,5,neptune,0.3287610814625325,0,0,0,0.9992872470961848
nsl-kdd,9,5,nmap,0.011952542671900499,34,0,43,0.8426773494820468
nsl-kdd,9,5,normal,0.5338508357958806,127,58,6419,0.4721717486065058
nsl-kdd,9,5,phf,8.821064702509593e-05,0,0,0,0.9976658988287046
nsl-kdd,9,5,pod,0.0014995809994266308,1,0,1,0.9676321884062117
nsl-kdd,9,5,portsweep,0.023287610814625326,12,2,327,0.3799067132149254
nsl-kdd,9,5,rootkit,0.0001323159705376439,3,1,3,0.05964749802779642
nsl-kdd,9,5,satan,0.027433511224804835,49,4,401,0.33996225762847804
nsl-kdd,9,5,smurf,0.020994133991972832,0,0,0,0.9946897669899585
nsl-kdd,9,5,spy,4.410532351254797e-05,1,1,0,0.9975563527750081
nsl-kdd,9,5,teardrop,0.007453799673620606,0,0,0,0.9772201259995906
nsl-kdd,9,5,warezclient,0.0071891677325453185,18,7,144,0.21634967390872087
nsl-kdd,9,5,warezmaster,0.0002646319410752878,2,2,2,0.6669240697988009
nsl-kdd,9,6,back,0.007762536938208442,3,3,6,0.9643769824887657
nsl-kdd,9,6,buffer_overflow,0.0002646319410752878,1,0,2,0.7541051959358979
nsl-kdd,9,6,ftp_write,4.410532351254797e-05,0,0,0,0.746225776297603
nsl-kdd,9,6,guess_passwd,0.00039694791161293166,0,0,0,0.9974587522584994
nsl-kdd,9,6,imap,0.00017642129405019187,3,3,3,0.2488308053604066
nsl-kdd,9,6,ipsweep,0.028183301724518148,16,12,639,0.019062626521980135
nsl-kdd,9,6,land,4.410532351254797e-05,1,0,1,0.003882313123247964
nsl-kdd,9,6,loadmodule,4.410532351254797e-05,0,0,0,0.8247325704581465
nsl-kdd,9,6,multihop,8.821064702509593e-05,2,0,2,0.07460416577335599
nsl-kdd,9,6,neptune,0.3287610814625325,0,0,0,0.9992802507650385
nsl-kdd,9,6,nmap,0.011952542671900499,33,0,42,0.8432632968670695
nsl-kdd,9,6,normal,0.5338508357958806,134,61,5626,0.5067237948001886
nsl-kdd,9,6,phf,8.821064702509593e-05,0,0,0,0.9970711776893665
nsl-kdd,9,6,pod,0.0015436863229391787,0,0,0,0.9854262218059493
nsl-kdd,9,6,portsweep,0.023287610814625326,12,0,329,0.37611728942336514
nsl-kdd,9,6,rootkit,0.0001323159705376439,2,1,1,0.48760355217263746
nsl-kdd,9,6,satan,0.027433511224804835,55,4,406,0.33410198654272455
nsl-kdd,9,6,smurf,0.020994133991972832,4,1,3,0.9874367320056753
nsl-kdd,9,6,spy,4.410532351254797e-05,1,1,0,0.9970569311232643
nsl-kdd,9,6,teardrop,0.007453799673620606,0,0,0,0.9765068721546172
nsl-kdd,9,6,warezclient,0.0071891677325453185,20,7,142,0.17407808244161155
nsl-kdd,9,6,warezmaster,0.0002646319410752878,2,2,2,0.6668128716903349
nsl-kdd,9,7,back,0.007762536938208442,2,2,6,0.96449901308286
nsl-kdd,9,7,buffer_overflow,0.0002646319410752878,1,1,1,0.7773891910758935
nsl-kdd,9,7,ftp_write,4.410532351254797e-05,0,0,0,0.7793719293912826
nsl-kdd,9,7,guess_passwd,0.00039694791161293166,0,0,0,0.997408143133224
nsl-kdd,9,7,imap,0.00017642129405019187,4,3,3,0.24882759813459782
nsl-kdd,9,7,ipsweep,0.028183301724518148,15,11,639,0.021970762093877313
nsl-kdd,9,7,land,4.410532351254797e-05,1,0,1,0.004060302960031909
nsl-kdd,9,7,loadmodule,4.410532351254797e-05,0,0,0,0.8556552722215841
nsl-kdd,9,7,multihop,8.821064702509593e-05,2,0,2,0.05668535649407257
nsl-kdd,9,7,neptune,0.3287610814625325,0,0,0,0.9992928547326352
nsl-kdd,9,7,nmap,0.01190843734838795,37,0,44,0.8316781435325259
nsl-kdd,9,7,normal,0.5338508357958806,138,65,6567,0.46282838644161656
nsl-kdd,9,7,phf,4.410532351254797e-05,0,0,0,0.9902045323761418
nsl-kdd,9,7,pod,0.0015436863229391787,0,0,0,0.9858984306165454
nsl-kdd,9,7,portsweep,0.023287610814625326,13,2,331,0.3726365960867103
nsl-kdd,9,7,rootkit,0.0001323159705376439,2,1,2,0.37527228554700454
nsl-kdd,9,7,satan,0.027433511224804835,58,3,402,0.34086495511354103
nsl-kdd,9,7,smurf,0.020994133991972832,1,0,5,0.985884545314355
nsl-kdd,9,7,spy,4.410532351254797e-05,1,1,0,0.9980987152675715
nsl-kdd,9,7,teardrop,0.007497904997133154,0,0,0,0.9745482963220331
nsl-kdd,9,7,warezclient,0.0071891677325453185,17,6,142,0.22676220715162174
nsl-kdd,9,7,warezmaster,0.00030873726458783575,2,1,2,0.7144679078254749
nsl-kdd,9,8,back,0.007762536938208442,5,5,7,0.9605584406946813
nsl-kdd,9,8,buffer_overflow,0.0002646319410752878,1,1,2,0.7644518274637443
nsl-kdd,9,8,ftp_write,4.410532351254797e-05,0,0,0,0.7430491002709245
nsl-kdd,9,8,guess_passwd,0.00039694791161293166,0,0,0,0.9974945856484259
nsl-kdd,9,8,imap,0.00017642129405019187,3,1,3,0.24390301143653553
nsl-kdd,9,8,ipsweep,0.028183301724518148,15,10,639,0.01975180129491034
nsl-kdd,9,8,land,4.410532351254797e-05,0,0,1,0.003975321922431879
nsl-kdd,9,8,loadmodule,4.410532351254797e-05,0,0,0,0.850372266361044
nsl-kdd,9,8,multihop,8.821064702509593e-05,2,1,2,0.0770402284526877
nsl-kdd,9,8,neptune,0.3287610814625325,0,0,0,0.9992648936251376
nsl-kdd,9,8,nmap,0.011952542671900499,37,0,47,0.8312234411715171
nsl-kdd,9,8,normal,0.5338508357958806,134,65,6573,0.46248747509983296
nsl-kdd,9,8,phf,4.410532351254797e-05,0,0,0,0.9904166879103842
nsl-kdd,9,8,pod,0.0014995809994266308,0,0,0,0.9860894451872577
nsl-kdd,9,8,portsweep,0.023287610814625326,14,1,334,0.36739691315182177
nsl-kdd,9,8,rootkit,0.0001323159705376439,2,0,2,0.2909483489503794
nsl-kdd,9,8,satan,0.027389405901292286,55,4,400,0.34072434481559527
nsl-kdd,9,8,smurf,0.021038239315485378,4,0,4,0.9869858318528012
nsl-kdd,9,8,spy,4.410532351254797e-05,1,1,0,0.9976455582437933
nsl-kdd,9,8,teardrop,0.007497904997133154,0,0,0,0.9751788499676086
nsl-kdd,9,8,warezclient,0.0071891677325453185,18,7,143,0.21154270395205438
nsl-kdd,9,8,warezmaster,0.00030873726458783575,2,1,2,0.714441444503404
nsl-kdd,9,9,back,0.007762536938208442,6,6,6,0.9659713462311875
nsl-kdd,9,9,buffer_overflow,0.00022052661756273982,1,0,1,0.809861472401568
nsl-kdd,9,9,ftp_write,4.410532351254797e-05,0,0,0,0.740675804991157
nsl-kdd,9,9,guess_passwd,0.00039694791161293166,0,0,0,0.9974103505871993
nsl-kdd,9,9,imap,0.00017642129405019187,3,1,3,0.43376656854363793
nsl-kdd,9,9,ipsweep,0.028183301724518148,18,13,639,0.020093676830179652
nsl-kdd,9,9,loadmodule,4.410532351254797e-05,0,0,0,0.8217881423575303
nsl-kdd,9,9,multihop,8.821064702509593e-05,2,0,2,0.0701948280196182
nsl-kdd,9,9,neptune,0.32871697613901996,0,0,0,0.9992752505570401
nsl-kdd,9,9,nmap,0.011952542671900499,35,0,43,0.8405181974871704
nsl-kdd,9,9,normal,0.5338949411193931,143,70,6675,0.45539078235497915
nsl-kdd,9,9,phf,8.821064702509593e-05,0,0,0,0.9980208353993153
nsl-kdd,9,9,pod,0.0014995809994266308,2,0,2,0.9594015625956355
nsl-kdd,9,9,portsweep,0.02333171613813787,13,2,335,0.36568060008218567
nsl-kdd,9,9,rootkit,0.00017642129405019187,3,1,3,0.2911045222330067
nsl-kdd,9,9,satan,0.027433511224804835,55,5,396,0.34743457626029806
nsl-kdd,9,9,smurf,0.020994133991972832,1,0,1,0.9878357353321199
nsl-kdd,9,9,spy,4.410532351254797e-05,1,1,0,0.9969425515871442
nsl-kdd,9,9,teardrop,0.007453799673620606,0,0,0,0.9775654104372224
nsl-kdd,9,9,warezclient,0.0071891677325453185,21,6,142,0.1791244187728999
nsl-kdd,9,9,warezmaster,0.00030873726458783575,2,2,2,0.7143627888487396
