class,1,2,7,8,9,10,11,12,13,14,16,17,18,19
BRICKFACE,62.60990336999411,72.16878364870323,0.018984061803763178,0.21081853703020578,0.10999441254047429,2.337780188989577,7.3333335,5.421151871245733,1.5900928038760103,1.4061885378978265,-3.9444445,2.939723649563419,0.24401534545926,-0.7932452564784866
BRICKFACE,84.07615595399209,76.78758580222024,0.0804030473315689,0.15811388300841897,0.027498582275468527,2.5197630904007693,8.333334,5.499719354231508,1.739163942747517,2.041241452319315,-4.1666665,3.1917002042804037,0.24086040559563027,-0.6539445559043624
BRICKFACE,46.95742752749558,80.25168741735799,0.03238456044601009,0.26352311199505113,0.1846334153109431,2.3097828486158916,7.5555553,5.1068823635667036,1.5900928038760103,1.7690759933847884,-3.83333325,2.8557314772565734,0.23819843822259207,-0.6830268537229357
BRICKFACE,15.20526224699857,79.09698687897874,0.0502519098586791,0.3513641493267348,0.16761053373172596,2.2117921573079924,7.7777777,4.556910548351706,1.49071197009274,2.3587678687052307,-3.77777765,2.939723649563419,0.2565365345651948,-0.5262795236888328
BRICKFACE,17.44133022449836,64.08587988004847,0.11278760295339749,0.28109135108416444,0.1518969664238929,2.281785508242206,7.0,5.421151871245733,1.5404023646236953,1.179383913940201,-3.88888885,2.9817197735132894,0.25174495841106553,-0.83139670788266
BRICKFACE,7.155417527999327,73.90083445627211,0.023450878804914668,0.21081853703020578,0.10999441254047429,2.099802531238119,6.888889,4.714045090059186,1.3913312257521886,1.6329931618554523,-3.66666675,2.687747321625119,0.2511139847491747,-0.697073473362664
BRICKFACE,11.627553482998906,38.68246803570493,0.26801050953513167,0.7730012866326996,1.1261328503508194,7.559289460184544,19.555555,18.306209676392598,6.5094420860473905,-0.54433108116837,-8.166667,9.785080665643852,0.19540515064687522,-1.1477772828569224
BRICKFACE,6.260990336999411,63.508529610858844,1.6136436402341767,0.8432740532524934,0.361410372237089,6.775363173792404,18.88889,15.163512478281953,6.012538587951432,1.179383913940201,-6.7222225,8.105238353400358,0.16495398338131906,-0.9511262201041878
BRICKFACE,4.919349550499537,62.35382907247959,0.24120915104004703,0.4392052024698068,0.3365303852703699,6.677372104520032,19.0,14.927809039375134,5.764086391689857,1.6329931618554523,-7.1666665,7.979249565789827,0.1738571697782996,-0.9207472864388169
BRICKFACE,38.01315561749642,58.31237718815221,0.38861438404127907,0.4040687875371333,0.4308112057542738,8.049243672652986,21.222221,18.934749116014725,7.105727178189731,-0.09072184141808448,-8.1111105,10.121049128092551,0.18102857519233806,-1.102096063471928
BRICKFACE,8.049844718999243,83.71578903249575,0.005583536628517937,0.19325029794109247,0.13225516638812734,1.4838605516632233,5.5555553,2.82842712474619,0.9938080247831861,1.995880576517585,-2.5555555,2.099802531238119,0.2685647780133538,-0.40371554565064743
BRICKFACE,10.285912696499032,31.754264805429422,1.1077745998534543,0.5621825440544459,0.27760488970365776,8.861167299418812,21.666666,21.99887685124061,7.851082872547263,-2.1773242838486517,-8.833333,11.758894295882099,0.1945693173811577,-1.2524015093080652
BRICKFACE,87.65386471799175,74.47818472546173,0.1306549179937732,0.21081852121881747,0.06285392274900946,2.3937750587191844,7.888889,5.185449846552478,1.6894735482165615,1.905158620789979,-3.83333325,3.1077078051948743,0.2415505545604777,-0.6595769018328188
BRICKFACE,35.77708763999664,66.9726312259966,0.4924683686709635,0.49190990392575856,0.3090318404715608,8.203228666743783,21.222221,19.484719799858873,7.30448902464171,-0.5896919569701005,-8.055555,10.415020824051775,0.18217881750423587,-1.1541698110015615
BRICKFACE,0.8944271909999159,25.403411844343537,0.7202767123211468,0.7554332214688576,0.5408053425231034,7.083333917902944,17.333334,17.834803505685745,6.111919287570624,-1.7237150359334001,-7.611111,9.533103468387264,0.20468135343172636,-1.2400711933897686
BRICKFACE,53.66563145999495,78.51963660978912,0.12618813596793768,0.31622779763961456,0.1571348245501932,2.3657775293632626,7.7777777,5.1068823635667036,1.6894735482165615,1.8597976633385909,-3.72222235,3.0237157840738176,0.2368181268764893,-0.6537955685055663
BRICKFACE,65.29318494299386,71.5914333795136,0.050251882722658084,0.12297742064158058,0.03797424195952662,2.281785508242206,7.4444447,5.185449846552478,1.49071197009274,1.7237150359334001,-4.0555555,2.897727563409996,0.252001310188278,-0.7245936025959688
BRICKFACE,10.285912696499032,49.0747728811182,0.31714546157248213,0.5621827654138821,0.3404587877039299,6.789361843979246,18.88889,15.477782551646406,5.863467091309048,1.1340229973136415,-7.2777775,8.273222773606943,0.17877429667722952,-0.9806630603038435
BRICKFACE,61.715476178994194,66.9726312259966,0.04578506451546121,0.14054569135347053,0.07332958596860145,2.4497697772630027,7.5555553,5.813988932621217,1.6397831984069655,1.3154667454695368,-4.2222225,3.1497041937198755,0.25006891813066656,-0.8422137445785391
BRICKFACE,102.41191336949036,71.5914333795136,0.022334146815583093,0.28109135108416444,0.1204700297981255,2.225790827494835,7.111111,5.028314809870251,1.5404023646236953,1.4969104119757743,-3.66666675,2.8557314772565734,0.24411395605706773,-0.7337382610436639
BRICKFACE,9.838699100999074,66.9726312259966,0.032384552606715133,0.10540922898663216,0.047140454436125766,2.1277999850011464,6.7777777,4.949747468305832,1.3913312257521886,1.4061885378978265,-3.77777765,2.7717395317284117,0.257325289655714,-0.7775513750234417
BRICKFACE,54.11284505549491,34.64101615137755,0.702409572157351,0.9135469147406169,1.0161386782266506,10.107049701976761,24.666666,24.905870610444435,9.093343406641543,-2.5402116168611264,-9.6111105,13.312747820515062,0.18885839082235134,-1.2559015464535823
BRICKFACE,14.758048651498612,86.02519010925425,0.07593612962562832,0.22838673500970957,0.05368768693788653,2.0578066718633803,4.111111,6.128259005985672,1.5900928038760103,-1.6329931618554523,-2.83333325,3.27569222540146,0.2586410188864906,-1.4041039153011148
BRICKFACE,35.77708763999664,54.848275573014455,0.30374491046726126,0.29865941624800646,0.19510893357364495,8.091239683213514,21.333334,18.856180360236745,7.254798674832114,-0.09072184141808448,-7.7777775,10.079052361603077,0.1746082560676699,-1.1082677621688022
BRICKFACE,42.93250516799596,48.49742261192857,0.3852643517939444,0.509477937466824,0.8079360362537401,9.015152671474082,23.555555,21.213203435596423,8.049844718999243,-0.36288737383730374,-8.7777775,11.338934190276817,0.17834478826797542,-1.1305696979153916
BRICKFACE,64.8459713474939,58.889727457341834,0.18314049324069362,0.8257057983519918,0.5250924398956447,8.72118021958591,22.11111,21.056069459574367,7.751702620141668,-1.179383913940201,-8.6111105,11.254942547120232,0.18682910546713882,-1.191786336125767
BRICKFACE,8.049844718999243,79.67433714816836,0.1697397009263971,0.26352311199505113,0.10606596768050744,2.169796146747464,7.3333335,4.635477607073412,1.49071197009274,1.9505195782413676,-3.61111115,2.7717395317284117,0.24322659484087672,-0.6096022007831378
BRICKFACE,61.715476178994194,76.78758580222024,0.13400500752826328,0.3689323726044599,0.07463898509279927,2.435771144872607,7.7777777,5.578286907927961,1.6397831984069655,1.6329931618554523,-4.1666665,3.1077078051948743,0.24963512094303156,-0.7620203402601041
BRICKFACE,54.11284505549491,65.24058041842773,0.46120088845988794,0.9311149482816823,0.540805696076494,7.657280529456917,20.0,17.991939603028143,6.857274981928156,-0.3175264572107444,-7.388889,9.617096245437267,0.17735997026505304,-1.1211949469210984
BRICKFACE,42.485291572496,32.908965343808674,1.0284885435094622,0.6675918204752429,0.6075876889188763,9.939066037699122,24.666666,24.35590204792063,8.844891657593562,-1.995880576517585,-9.7777775,13.018777258449255,0.19037478032129282,-1.2296709961413987
SKY,62.60990336999411,14.433756729740645,0.4422175532984652,0.351364054458405,0.0419022834150748,48.37945254518108,117.77778,100.64486990293045,55.4047937033308,-12.519613968726274,-6.1666665,53.796945844743156,0.07714597308123036,-1.6649195444349913
SKY,63.50433056099403,19.052558883257653,0.18802508255182399,0.15811427829312646,0.1236032199455631,41.80006999807553,96.77778,90.98107486969172,47.553713514065116,-16.919623003977016,-6.388889,48.63143012040214,0.11080900155685151,-1.7027262812833364
SKY,29.516097302997224,23.67136103677466,0.0988145451222058,0.12297840094765523,0.11587116992784788,41.46410304748472,95.111115,91.13820813860698,47.00711966615956,-17.872203845303094,-6.888889,48.715421385594254,0.11719036390521567,-1.7004114965244441
SKY,73.79024325749306,57.15767664977296,0.14293866504845115,0.2459551891337038,0.16761030392202209,35.304682495806816,79.0,83.4386001800126,37.218108231688504,-17.64539742505299,-15.2777775,44.59980781508881,0.14776722949605903,-1.5611195923586778
SKY,101.9646997739904,11.547005383792516,0.14793810304584465,0.26352312780643944,0.26614555256308764,47.2455591261534,114.0,99.38778960947265,53.86439107037895,-13.472193585307481,-6.8333335,53.12500816391682,0.08447491842855558,-1.6602909648667004
SKY,55.45448584199478,16.74315780649915,0.2144070086154665,0.33379529359347776,0.32082022975275604,48.547435075565296,119.22222,101.03770307521866,55.10665205168682,-11.294869097334685,-7.8333335,54.006924007723434,0.0740657894422244,-1.6059300097426412
SKY,69.76532089799343,18.475208614068027,0.049135549029812695,0.8257053240103427,0.3679564132639235,51.515159202607535,129.77779,103.47329702767665,59.38003286843836,-7.983521897822049,-5.2777775,55.308803736780064,0.05055989224728774,-1.6127373267251242
SKY,9.391485505499116,51.96152422706633,0.01340041452058178,0.2459551891337038,0.19903741732448477,42.89196778450716,105.888885,90.90250823523408,47.40464112299554,-9.29898933731368,-11.2222225,48.589434487806095,0.08036304432968291,-1.4833790707535008
SKY,3.5777087639996634,22.516660498395407,0.3405959586640345,0.5797509254460539,0.24748701986190103,42.849972151911096,102.55556,93.33809511662426,47.20588151261154,-13.24538838980225,-11.7222225,49.89131043721799,0.09970787661352347,-1.5543322864981026
SKY,54.56005865099487,6.350852961085884,0.09380493413204626,0.913547389082266,1.7860994033754112,54.216902170703705,136.88889,106.69455732471103,63.752784546109986,-8.02888277362378,-1.33333335,57.030639791797256,0.041489351367453554,-1.7830741884334607
SKY,19.677398201998148,45.61067126598044,0.10379976082947556,0.2459551891337038,0.14272469545639255,40.72217201572417,93.888885,89.48829467286097,45.96362053130367,-16.964985104523617,-7.4444445,47.83350554178763,0.1154164822343932,-1.6814753183456244
SKY,3.1304951684997055,10.392304845413266,0.21999066705456763,0.29865982734410235,0.13225694829721593,52.397071266769416,133.33334,104.33753707777848,60.37383539249432,-6.486611771620079,-5.4444445,55.77075947498141,0.04309002900159329,-1.5659668093437118
SKY,84.07615595399209,24.248711305964285,0.16412164004287963,0.5270466667089746,0.4472125475438957,41.17013172948997,95.666664,89.25258769842026,46.907735388831604,-16.23921068344764,-6.0555555,47.707514864354735,0.1081961963743666,-1.7044015586693235
SKY,67.97646651599361,10.392304845413266,0.1373148694191598,0.17568262806195795,0.09622464641878398,42.374018499451864,97.22222,92.23814809208172,48.59720951842584,-18.23509085171694,-5.1666665,49.303364021583754,0.1138911708242215,-1.7359330056773503
SKY,53.66563145999495,42.723919920032316,0.02680110824066864,0.15811427829312646,0.02749866147142802,38.49638081026486,89.111115,87.13126735486061,41.69024418668808,-15.604155972733677,-12.944445,46.573621445327056,0.12378174670229855,-1.5701682257054876
SKY,63.95154415649398,13.856406460551021,0.2735930825333924,0.281091085452841,0.4033156414105473,48.23946584331266,117.666664,100.17346302511683,55.25572623161078,-12.202088246362452,-6.111111,53.5449682695221,0.07575660565981873,-1.661172019916059
SKY,80.94566078549238,15.588457268119898,0.1395888619497384,0.15811388300841897,0.09035227662898768,52.18709688343388,132.55556,103.63043029659194,60.42352529509032,-6.75877702643046,-4.4444445,55.39279500197218,0.043050193897787734,-1.6012658627032568
SKY,47.851854718495495,12.124355652982143,0.1556998040603394,0.3689323726044599,0.14433757066893999,47.91749680697975,115.77778,100.3305962940321,54.85819985542525,-13.472193585307481,-6.1666665,53.628959534714205,0.08229709107759775,-1.6761059737133626
SKY,101.0702725829905,47.92007234273895,0.1563392402745796,0.333794882497382,0.17939523545105737,34.25478034197125,74.55556,82.65292322883451,35.97584725038064,-19.686638877372307,-15.2777775,44.17984581966116,0.1619189459547788,-1.5832494183147265
SKY,41.59086438149609,16.74315780649915,0.3707492941546263,0.4392057716797857,0.5565219928165024,48.56143487964557,119.0,100.9591293696932,55.30541345092521,-11.61239604444338,-7.2222225,53.96492459548265,0.07445406028583747,-1.6247620310925919
SKY,26.832815729997474,30.022213997860543,0.1797915464341995,0.24595480966038455,0.2618924113402677,42.19203427516502,101.0,91.3739151130477,46.80835513642601,-13.018584827290178,-10.444445,48.84141206302715,0.09766221429644374,-1.5766252419885707
SKY,80.05123359449247,58.31237718815221,0.1161382804350095,0.19324977300300086,0.1165428011618223,50.99720424808515,126.44444,104.10183717440556,58.63467091309049,-10.38765117305179,-5.7222225,55.64477257719324,0.06310484360040582,-1.6466640272437423
SKY,50.08792269599529,17.320508075688775,0.08206065419020028,0.3865007539960679,0.254587609381881,42.80797651931505,100.77778,92.00244818870881,48.69658977083144,-15.286629842121565,-6.5555555,49.17737712379559,0.10079468167689959,-1.6866671791758086
SKY,46.06300033649567,36.950417228136054,0.21081836029003304,0.42163622024544334,0.32489292086055105,41.114136292813654,96.333336,89.25258769842026,46.41083412680363,-15.241268966319833,-7.5,47.707514864354735,0.10589874833088443,-1.6655493644449944
SKY,77.81516561699267,28.86751345948129,0.22918338613713019,0.29865982734410235,0.3367876059686282,40.61018114237153,94.666664,88.93832116058971,45.56609460233173,-15.649517256783696,-8.333333,47.53953233397052,0.11061237962745399,-1.6527174976868022
SKY,35.77708763999664,23.094010767585033,0.17310740173852399,0.22838683936487236,0.2730148120996025,41.84206752049395,96.22222,91.21677477306463,47.802162579831524,-17.736119584904742,-5.7222225,48.75741701819031,0.11361519531443845,-1.72158750614335
SKY,29.96331089849718,40.991869112463434,0.2680107507442074,0.47434123792916105,0.10606547270576061,47.60952379508236,115.55556,99.62348951284555,54.31160466587891,-12.746418347734926,-6.7777775,53.250995061704984,0.08035184162911563,-1.6544587481354738
SKY,41.14365078599613,32.331615074619044,0.008933602042100457,0.26352312780643944,0.20034728667469207,47.623523599162624,115.888885,99.46635624393029,54.31160466587891,-12.383531749569373,-6.8333335,53.16700379651287,0.0787366626469282,-1.645283825517544
SKY,29.96331089849718,18.475208614068027,0.32045895064485386,0.5621829551505417,0.4634807411266203,47.707514864354735,115.111115,100.56630326847282,54.26191744656448,-13.608275804464382,-7.3333335,53.7549502121471,0.0852501095307233,-1.6502076221669804
SKY,55.90169943749474,26.55811238272279,0.18440911428345835,0.6851605813401702,0.27638513050611097,47.07757659576918,112.77778,99.7020561473032,53.61593932133098,-14.424772385392107,-7.0,53.29299069430103,0.08949806625457067,-1.6671371727221487
FOLIAGE,45.16857314549575,69.85938257194472,0.25425667758746906,0.4743416490252569,0.3140239860624665,1.2878789800651884,1.1111112,4.242640687119285,1.3913312257521886,-2.812377157445311,-0.44444445,2.267786838055363,0.37723294125573126,-1.7813185130064526
FOLIAGE,9.391485505499116,70.43673284113436,0.12171611970516029,0.14054567554208222,0.1427248015224097,0.20998027958132504,0.0,0.8642416057367407,0.19876160048450128,-0.6804137902232191,-0.16666667,0.4619565697231783,0.24845201737613645,-1.7285668622056958
FOLIAGE,20.12461179749811,51.3841739578767,0.1027372469116373,0.24595491401554734,0.16761046302104785,0.8679184586989857,0.11111111,4.556910548351706,0.14907120148140993,-2.676294244266317,-2.9444445,2.435771144872607,0.44100229059341856,-1.50182741596398
FOLIAGE,8.049844718999243,50.229473419497445,0.5917501448180673,0.5973190538554493,0.6176419341745506,1.1058960786539962,1.2222222,4.0069383088726385,0.8447367517476009,-2.0866023281210455,-1.5555556,2.141798617391542,0.38584272422911214,-1.5764899017506517
FOLIAGE,23.25510696599781,58.889727457341834,0.15298904219600545,0.26352312780643944,0.20034696847664055,1.0918973328742587,0.6666667,4.478343065365931,0.7453559626856903,-2.7216552017177054,-1.83333335,2.3937750587191844,0.4023739255932726,-1.5992771955918474
FOLIAGE,24.149534156997728,52.53887449625595,0.4645508905560881,0.26352312780643944,0.09035259129150529,1.2318841859284753,0.5555556,5.65685424949238,0.5465943845618687,-3.3113471995126345,-3.0555555,3.0237157840738176,0.4225322125745119,-1.5462466618765907
FOLIAGE,35.77708763999664,50.229473419497445,172.7649150022181,14.14240930305238,490.1413891384607,25.49160222200244,58.77778,55.86143571373725,28.870124097113266,-10.61445555206044,-4.3333335,29.85919336772895,0.1369731479909934,-1.7127025680163848
FOLIAGE,62.60990336999411,71.5914333795136,0.13400507084564564,0.35136421257228806,0.3718856995809599,0.9519104798200421,0.22222222,4.321208028683704,0.5465943845618687,-2.812377157445311,-1.9444444,2.3097828486158916,0.4354811391238626,-1.6033377562828113
FOLIAGE,30.857738089497097,80.25168741735799,0.5346576450723517,0.6675919785891259,0.5900406927223759,6.831357854539775,16.0,15.949185893926135,7.006346478570539,-2.5402116168611264,-3.61111115,9.029151719625398,0.17289806208498254,-1.2040850443709448
FOLIAGE,4.024922359499621,46.188021535170066,4.146339688465753,5.270462556128789,25.282991870054655,8.931160650353025,17.333334,22.391714266169483,9.789009198403074,-7.7113570512599585,-2.61111115,11.968874726649211,0.22998124617615673,-1.719339684396636
FOLIAGE,2.6832815729997477,46.765371804359695,2.6354337775613645,1.8095257959401683,10.078891462532598,4.717556766504155,7.6666665,13.356462208086764,4.8696592006899415,-5.8969199779492945,-2.38888885,7.139329354579261,0.2809198138521525,-1.6889676803777212
FOLIAGE,33.09380606699688,74.47818472546173,0.008933671691221055,0.03513641809495114,0.010475657916291134,0.19598157159803498,0.0,1.0999439132727085,0.0,-0.6350529144214888,-0.7777778,0.5879447525905522,0.4472135954999579,-1.4809610484045554
FOLIAGE,18.335757415498275,43.30127018922194,5.769798578255641,8.415172815211633,11.21244727238494,20.788046015507497,47.444443,46.27620731495613,23.30479686859381,-9.253627645015369,-4.3333335,24.735673275983988,0.13318103608503915,-1.6664769471205547
FOLIAGE,16.099689437998485,83.71578903249575,0.05918555833352662,0.40406881915990994,0.7293674926077937,0.32196975446540893,0.33333334,1.021376430286934,0.34783280643804715,-0.6350529144214888,-0.11111111,0.5459486664371294,0.11263157584395203,-1.7896521199761268
FOLIAGE,42.03807797699604,83.13843876330613,0.03573467048327161,0.15811387352158598,0.05892557688399198,0.4339592293494928,0.0,2.4355899926600286,0.0,-1.4061885378978265,-1.7222222,1.3018776124555838,0.4472135954999579,-1.4809610484045554
FOLIAGE,8.049844718999243,51.96152422706633,0.11278760295339749,0.21081852121881747,0.07856743702383394,1.0638999925005732,0.5555556,4.871180126741414,0.4472135954999579,-2.767016159169094,-2.72222235,2.603755300504062,0.41418526150334223,-1.5304071871352996
FOLIAGE,30.41052449399714,59.467077726531464,0.17420654325450152,0.3513641493267348,0.3404589538740234,0.8119236267658254,0.11111111,4.0069383088726385,0.2981424119070918,-2.4948506185849086,-2.22222235,2.141798617391542,0.4416924306139941,-1.5453576872312826
FOLIAGE,20.12461179749811,62.35382907247959,3.8579585599216615,8.625991115071015,5.632452348027022,18.828230677491618,41.77778,43.21208028683703,20.820278036473233,-9.843319438686153,-4.888889,23.097828486158914,0.16053853622168504,-1.669119405161849
FOLIAGE,26.385602134497518,57.15767664977296,0.2501427663486467,0.31622774704317197,0.1257078879244258,0.7699276540017445,0.11111111,3.928370825886864,0.19876160048450128,-2.3587678687052307,-2.38888885,2.099802531238119,0.44100229059341856,-1.520097853108312
FOLIAGE,29.96331089849718,78.51963660978912,1.1181092328513362,0.8432740532524934,1.1303884310920342,5.865448477754207,9.0,17.913372261463724,5.465943845618687,-7.983521897822049,-4.9444445,9.575100234876738,0.29552457109952157,-1.6316566050518733
FOLIAGE,101.0702725829905,63.508529610858844,0.026801002711698035,0.15811387352158598,0.07463904519687567,0.6299407631510805,0.11111111,3.1426969859786107,0.19876160048450128,-1.905158620789979,-1.83333335,1.679842198854153,0.4372755255380388,-1.5245106943976632
FOLIAGE,103.30634056049028,71.5914333795136,4.511503696020017,0.5797509254460539,2.2745275081383958,1.1338934190276815,1.4444444,4.164073345554866,0.7453559626856903,-1.905158620789979,-2.0,2.225790827494835,0.4004211897892018,-1.4983147216070791
FOLIAGE,46.06300033649567,72.16878364870323,0.24957877430304673,0.263523168916049,0.24438126545757347,0.6719368493045033,0.44444445,2.7498596417604153,0.4472135954999579,-1.6329931618554523,-1.16666665,1.469861805883486,0.41314016805201836,-1.5821950513932992
FOLIAGE,0.4472135954999579,46.765371804359695,80.64087948017183,2.9163226607713355,72.60677081027085,8.063242342839828,14.0,21.606040143418515,8.69582016095118,-8.981462390204987,-2.83333325,11.548914243079457,0.26621829299912503,-1.724215539206308
FOLIAGE,102.85912696499032,71.5914333795136,0.03238455863694203,0.08784105314307201,0.0536877293642934,0.25197632793830055,0.0,1.414213562373095,0.0,-0.8164965809277261,-1.0,0.7559289460184544,0.4472135954999579,-1.4809610484045554
FOLIAGE,25.93838853899756,62.931179341669214,0.07593612962562832,0.8959786598401153,0.593183747009411,1.6238472535316508,1.4444444,5.971124322856835,1.3416407864998738,-3.492790702719556,-1.9444444,3.1917002042804037,0.3866082823504328,-1.6148814866177161
FOLIAGE,26.385602134497518,69.2820323027551,0.5988206461506848,0.456773330879202,0.661087741536841,7.209322327549002,10.555555,23.413090413613702,6.062228490547432,-10.433011640605228,-8.2777775,12.514823241900551,0.30467159623731255,-1.5777396422757206
FOLIAGE,62.60990336999411,72.16878364870323,0.06700253542282282,0.8432740532524934,1.3356462561640154,1.4838605516632233,1.5555556,5.499719354231508,1.0931887691237374,-2.9030989090487718,-2.22222235,2.939723649563419,0.38156203594221016,-1.5798468204836567
FOLIAGE,56.796126628494655,82.56108849411649,0.03685136176857167,0.2810913321104985,0.21475096341911437,1.5818512429711225,0.8888889,6.678231104043382,0.9938080247831861,-4.037122028836901,-2.9444445,3.5696646772896305,0.4093685921943695,-1.596231615974599
FOLIAGE,10.285912696499032,74.47818472546173,0.023450887548743662,0.12297745858891251,0.05368773997089512,0.19598157159803498,0.0,1.0999439132727085,0.0,-0.6350529144214888,-0.7777778,0.5879447525905522,0.34783280643804715,-1.4809610484045554
CEMENT,85.41779674049197,68.70468203356548,0.39011392056240213,0.2986600170807619,0.2730146353229072,15.062584239621717,36.22222,34.09825876586955,15.702165745094526,-4.445370319300764,-7.111111,18.226285969635015,0.12151564833186096,-1.418456061638858
CEMENT,97.93977741449079,46.188021535170066,0.09938703375749594,0.21081852121881747,0.3299826224385233,15.006589936838818,36.333336,34.09825876586955,15.453714890473739,-4.127843780440361,-7.7222225,18.226285969635015,0.12654532994850629,-1.387800578511365
CEMENT,60.82104898799428,25.980762113533164,0.4656558994828312,0.6500236604430711,0.5396331716119305,20.060114409862727,48.11111,45.09770072702376,21.168109590713215,-6.078363481156216,-8.6111105,24.10573500739843,0.11599259173238816,-1.4466732284527852
CEMENT,29.516097302997224,92.37604307034013,1.2194466530435024,0.8784105314307201,0.1518969664238929,8.637188198464855,18.222221,22.313146924605064,8.397678062093604,-5.670115190692353,-6.111111,11.926878716088684,0.19051920795195953,-1.5123075162786237
CEMENT,84.970583144992,60.621778264910716,0.6923599879846328,0.6851599488846383,0.5931847016035656,17.28837468915208,41.22222,39.83368106403313,17.739473217783125,-5.534032155038871,-9.1111105,21.291998142233833,0.13237157500504826,-1.4114429765830498
CEMENT,16.54690303349844,45.03332099679081,0.053601887833971684,0.8081379229248092,1.0161381832519039,16.560443839436257,41.11111,36.69098598724283,17.19287758102319,-3.3113471995126345,-8.055555,19.61215696388376,0.11579095206644914,-1.3336545131381083
CEMENT,88.54829190899167,73.32348418708249,1.3221836285949295,2.705504044684188,21.050834040966464,15.398552324105944,38.0,34.09825876586955,16.099689437998485,-3.356708075314365,-7.111111,18.226285969635015,0.11135591247919627,-1.3494056702424293
CEMENT,85.41779674049197,58.31237718815221,0.23498693679983187,0.3513642441950646,0.4194352365032055,17.022399955602065,39.0,40.38365316209084,17.44133022449836,-7.3938296959029755,-9.055555,21.585970594122003,0.14433058084435196,-1.4808956410272955
CEMENT,108.67290370648978,69.2820323027551,1.3145137830115603,0.49190958769799253,0.6483598901861614,18.086300023695536,44.77778,39.83368106403313,18.98173196302302,-3.7649563657782283,-8.1111105,21.291998142233833,0.10971102062572383,-1.3510936048397997
CEMENT,102.85912696499032,67.54998149518623,0.28009135754558945,0.4567730778969893,0.3042904066609925,14.754613117546702,33.555557,35.198205790412096,15.10588244180657,-6.713416558877022,-7.888889,18.81423238526925,0.14982812838033743,-1.4893329098510917
CEMENT,67.52925292049365,51.3841739578767,1.3801130032286553,0.2283866591150457,0.13777352670345652,11.982873396836055,27.333334,28.991378028648445,11.975386826093267,-5.35258865183195,-7.388889,15.496543393378316,0.15709384666953088,-1.4471233726296886
CEMENT,78.70959280799259,57.73502691896258,0.23339233375176346,0.4567735206158617,0.2304642726329723,20.928032717375924,50.333332,47.297587705041046,21.86377627690194,-6.169085232759676,-9.7222225,25.281624059022167,0.12013074857426835,-1.4185905533486398
CEMENT,52.771204268995035,72.74613391789286,0.12060445943815586,0.5797509886916071,0.7503189251129948,7.769269512987185,16.11111,20.270393922609838,7.552941220903285,-5.443310403435411,-5.5,10.834981307621531,0.19546722389393062,-1.5265054426273903
CEMENT,18.78297101099823,32.908965343808674,0.29416277139249586,0.3162273707321304,0.12909944428310724,24.833666235078727,59.444443,56.1757022515678,26.037768344189562,-7.665996175458228,-11.2222225,30.02717589811317,0.11930591676300015,-1.4359237204545092
CEMENT,97.04535022349087,85.44783984006463,0.7694129307061445,0.3337958944262332,0.1793957481034737,10.988967057641274,21.444445,29.3842161506841,10.832506544404588,-9.34435021311541,-7.2777775,15.706524202109902,0.21634887886589105,-1.5824848237522293
CEMENT,6.260990336999411,84.29313930168537,0.1429386288670898,0.35136421257228806,0.261891386035435,4.003623453081756,8.0,11.078006474291504,3.627399561022855,-3.175264449632957,-3.72222235,5.92144353646605,0.2181795298305263,-1.4912251275975466
CEMENT,9.838699100999074,50.229473419497445,0.37961553675328,0.3689323726044599,0.22047968800184656,24.203726076670804,55.77778,56.8042466409374,25.043961347997644,-10.115485918241406,-12.055555,30.36314700631318,0.13850194766721,-1.488511393192709
CEMENT,58.13776741499453,18.475208614068027,0.31569473973804624,0.2635233396790426,0.295803506012225,22.481886242008887,54.22222,50.12601482978724,23.85139116371296,-6.4412508958183485,-9.2222225,26.79348195105908,0.11135647149619064,-1.4442104462445908
CEMENT,72.44860247099318,91.79869280115051,0.28954852016802735,0.7027283935217994,0.5146014854919095,9.869071930835963,25.222221,20.89893336223197,10.534364445547011,-1.0886621215119112,-3.83333325,11.17094977007023,0.09071529221880245,-1.2745982982762922
CEMENT,67.08203932499369,91.22134253196089,0.49246867018230805,0.43920526571536006,0.14796848267305307,3.1917002042804037,7.0,8.642416057367408,2.7329719228093436,-1.7690759933847884,-3.5,4.619565697231783,0.22498710015180978,-1.3742257546581802
CEMENT,72.89581606649314,39.25981830489456,0.666674749109339,0.4919099671713118,0.3404587877039299,21.45998369633384,52.0,48.240394389600496,22.410369677593895,-5.851558693899274,-10.0,25.785575429819556,0.11853520226892338,-1.4031175013413595
CEMENT,83.62894235849214,46.188021535170066,0.21440815435857588,0.42163704243763495,0.25141485661003604,15.314561058913833,37.77778,33.7054241793678,16.149379340594486,-3.356708075314365,-6.611111,18.016307050725793,0.10944644011835415,-1.3736949295975434
CEMENT,62.60990336999411,42.146569650842686,0.24957897028542073,0.24595480966038455,0.35486001785888927,17.49835474195472,45.666668,36.141012474971554,18.832660913594232,-0.7711356234763377,-6.2777775,19.31818375606664,0.07877917924345239,-1.189062914358027
CEMENT,105.54240853799007,67.54998149518623,0.12171622824924434,0.4040688824054632,0.26264341884596426,17.344370125828398,39.555557,41.326461967970644,17.739473217783125,-7.7567175188133985,-9.333333,22.089923098812818,0.14779375373440812,-1.4845566863868889
CEMENT,50.08792269599529,51.96152422706633,2.09416383794675,0.4040686610460269,0.3110612758244391,24.63768598635635,57.666668,56.41140922600853,25.988078441593558,-9.208266769213639,-10.6111105,30.153166575546066,0.1244798650134178,-1.4911559725543468
CEMENT,88.10107831349171,69.85938257194472,5.235081173634795,0.29865953009000223,0.31986710638025906,15.510542063565158,37.444443,34.962500937291715,16.199069243190486,-4.400009443499033,-7.2222225,18.68824284172977,0.12547818439478833,-1.4110571084125563
CEMENT,63.05711696549407,9.81495457622364,1.341515239510474,1.5811388300841898,0.8198917269993642,16.854416291324426,40.333336,38.18376618407356,17.640091176523146,-5.216506024426759,-7.7222225,20.41008154249827,0.119936398489936,-1.4354607069341883
CEMENT,35.32987404449668,16.165807537309522,1.1342543512728451,0.26352312780643944,0.23273733809177458,23.587782320662885,53.444443,55.940005883728794,24.447677150282495,-10.977343374970863,-11.6111105,29.90119089014737,0.14514575731409335,-1.516395724844732
CEMENT,75.57909763949289,58.889727457341834,0.10720382089464506,0.28109147757527086,0.10475627864252933,22.005930699727287,53.444443,49.26177477968541,23.056346013973023,-5.851558693899274,-10.0,26.331526212857735,0.11616818567852526,-1.404020123147544
CEMENT,93.02042786399124,37.52776749732568,0.372903170595752,8.36246776590514,9.028861580547744,21.43198597799568,52.666668,45.569100533769586,23.70232056149777,-4.944340361368087,-5.5555555,24.357708802974763,0.08815938602207299,-1.3935742468011094
WINDOW,84.52336954949205,83.13843876330613,0.0,0.0,0.0,0.0,0.0,0.0,0.0,0.0,0.0,0.0,0.0,0.0
WINDOW,84.52336954949205,81.40638795573724,0.0,0.0,0.0,0.0,0.0,0.0,0.0,0.0,0.0,0.0,0.0,0.0
WINDOW,93.91485505499116,88.33459118601276,0.0,0.0,0.0,0.0,0.0,0.0,0.0,0.0,0.0,0.0,0.0,0.0
WINDOW,25.4911749434976,51.3841739578767,0.3939783311635864,1.950071171065873,1.6629123511259152,6.425396041156862,13.0,17.36339945629923,6.012538587951432,-4.898979485566357,-5.3333335,9.281127405024094,0.2135393578391536,-1.5059581216476372
WINDOW,108.67290370648978,54.27092530382483,0.09380353210429397,0.07027283302762463,0.010475656502077572,0.4479578995363356,0.22222222,2.2784552388205137,0.04969039900309133,-1.179383913940201,-1.61111115,1.21788555353808,0.4372755255380388,-1.4645889808356745
WINDOW,102.41191336949036,60.04442799572109,0.165144499188679,0.8959786598401153,0.7216880654767343,7.47529781702796,16.333334,18.463342945307872,7.552941220903285,-4.218565532043821,-4.3333335,9.869071930835963,0.16794316352577673,-1.5207304308347616
WINDOW,101.0702725829905,75.63288526384099,0.0,0.0,0.0,0.0,0.0,0.0,0.0,0.0,0.0,0.0,0.0,0.0
WINDOW,87.65386471799175,54.848275573014455,0.3388434239736763,0.42163707406041157,0.4472135728487284,2.883728931019601,6.7777777,7.6210399099231845,2.385139250535375,-1.0433012048853518,-3.4444445,4.073617181980443,0.2292264167089921,-1.2369124766875301
WINDOW,19.23018460649819,87.75724091682312,0.5148029421250991,0.38650059588218494,0.2933184640825586,0.5739460824037095,1.0,2.042752860573868,0.2981424119070918,-0.6350529144214888,-1.2777778,1.0918973328742587,0.2900972763472532,-1.3670063358436217
WINDOW,24.149534156997728,76.78758580222024,0.30374475971158893,0.15811390198208491,0.12177945013552675,2.0298092181003526,3.6666667,6.363961030678928,1.5404023646236953,-2.0866023281210455,-2.88888885,3.401680257083045,0.28195538165389217,-1.4481549000020835
WINDOW,70.2125344934934,49.0747728811182,0.374255690185259,0.07027287097495655,0.060858078503771375,7.153327646801632,14.555555,19.013316457579144,6.857274981928156,-5.35258865183195,-5.388889,10.163045138653079,0.20528197917902663,-1.527995882300775
WINDOW,42.93250516799596,54.27092530382483,0.08598662436260701,0.1405457419499131,0.1518971997691307,7.643281103341128,16.0,20.34896267838782,7.105727178189731,-5.171145148625029,-6.5,10.876978074111005,0.20193739839022515,-1.4742419783483647
WINDOW,67.97646651599361,89.489291724392,0.1842569113567155,3.4082326595654235,46.60094963974996,2.7577406725593323,5.3333335,7.778174593052022,2.4845198607118473,-2.404128866981448,-2.61111115,4.157609203101499,0.22360679774997896,-1.4959317717544807
WINDOW,93.02042786399124,19.62990915244728,0.5219104388996963,0.14054569135347053,0.17743018217060605,5.459487042335767,10.777778,14.849242404917497,5.167801299547516,-4.4907311951024935,-4.3333335,7.937253933193771,0.2146437428689688,-1.5290353999797974
WINDOW,99.28141820099066,35.7957166897568,0.07565649292909968,0.21081852121881747,0.19720265907506876,2.4217723234999755,4.111111,8.092444666416478,1.6397831984069655,-2.812377157445311,-4.111111,4.325593623308085,0.304466624830087,-1.4383628852962123
WINDOW,55.00727224649483,87.75724091682312,0.0,0.0,0.0,0.0,0.0,0.0,0.0,0.0,0.0,0.0,0.0,0.0
WINDOW,8.94427190999916,77.36493607140986,0.026801040400616108,0.1932503169147584,0.08511469780986594,1.1198947110443915,1.1111112,4.556910548351706,0.5962848238141836,-2.2680459538024538,-2.4444445,2.435771144872607,0.37084418199449753,-1.5083259394151185
WINDOW,99.72863179649062,35.7957166897568,0.08989332494498177,0.14054566605524926,0.17743022459701294,2.435771144872607,4.111111,8.092444666416478,1.6894735482165615,-2.8577380332470415,-4.0,4.325593623308085,0.29979875690074503,-1.4486618955641941
WINDOW,82.28730157199226,83.71578903249575,0.18440913237413903,0.07027283618990228,0.09622503532751364,0.20998027958132504,0.33333334,0.8642416057367407,0.04969039900309133,-0.272165540584185,-0.6666667,0.4619565697231783,0.23602940756305768,-1.3583122458368988
WINDOW,100.62305898749054,33.4863156129983,0.1271283568844152,0.14054569135347053,0.1217161357943393,3.149703815755402,5.5555553,9.978062278176083,2.385139250535375,-3.4020689511160955,-4.5,5.333498632689709,0.27826624515043774,-1.4626954195863349
WINDOW,25.93838853899756,65.24058041842773,0.36881826474827806,0.22838674449654253,0.1377733287135578,7.881259252446401,16.88889,20.113259946587785,7.702012270332072,-4.853618609764627,-5.4444445,10.750989664464948,0.18550741935127013,-1.503091652178063
WINDOW,71.55417527999327,23.67136103677466,0.2441228209939415,0.07027284567673527,0.06085805729056794,0.2659749981251433,0.5555556,0.8642416057367407,0.14907120148140993,-0.18144368691865187,-0.5555556,0.4619565697231783,0.2401702476865109,-1.304697217656313
WINDOW,71.55417527999327,63.508529610858844,0.20840901328664657,0.1405454383712577,0.09622499997217458,11.954876434426842,27.222221,27.812868612288952,12.671052170641206,-5.39794952763368,-4.9444445,14.866603612934865,0.1374931813762486,-1.546613367453314
WINDOW,83.18172876299218,6.9282032302755105,0.08206097982245245,0.7378647768316964,0.6952216950530249,2.3657775293632626,3.8888888,8.013876617745277,1.5900928038760103,-2.9030989090487718,-4.0555555,4.283597234783084,0.30737061972887386,-1.4552101993327284
WINDOW,63.50433056099403,64.08587988004847,0.13731425735113031,0.17568202406692485,0.12171602972832213,10.862978647995217,24.555555,25.377277488258073,11.528173230593309,-5.125783864575008,-4.4444445,13.564725395736126,0.141088608742902,-1.5575209138171853
WINDOW,112.6978260659894,79.09698687897874,0.16412197170535867,0.19325029794109247,0.2518450356269726,0.27997366831198606,0.33333334,1.2570787378229018,0.04969039900309133,-0.49897012371698174,-0.9444444,0.6719368493045033,0.33541019662496846,-1.419592028682834
WINDOW,92.12600067299134,35.21836642056718,0.12171612875050063,0.15811385138564238,0.16244651523105105,2.673748764827618,4.666667,8.642416057367408,1.937925655035417,-2.9484599073249895,-4.111111,4.619565697231783,0.28885129454883074,-1.4486618955641941
WINDOW,106.88404932448995,53.6935750346352,4.069287861336216,0.33379595767178644,0.3051032718679072,5.445488372148924,9.888889,16.184889332832956,4.670897801451558,-5.534032155038871,-5.9444445,8.65118724661617,0.25804329555542516,-1.5114360778814893
WINDOW,92.57321426849128,66.39528095680697,0.09938703375749594,0.05270463504812087,0.011785116437458568,0.4619565697231783,0.44444445,2.042752860573868,0.14907120148140993,-0.9525793308074042,-1.33333335,1.0918973328742587,0.41739935878138473,-1.460554724516971
WINDOW,40.24922359499622,77.36493607140986,0.0055835462768809635,0.29865953009000223,0.05368789553438698,0.7979250321718772,1.0,3.299831881239482,0.2981424119070918,-1.3608276212712673,-2.16666675,1.7638343333645514,0.3942104975652883,-1.4235074203516203
PATH,38.46036921299638,113.7380030303563,0.43770121486803487,0.40406907214212273,0.3902751074412269,23.895753064773423,56.22222,54.99719566363543,24.89489074578245,-8.573214099741124,-11.333333,29.397237629527613,0.1276046269036232,-1.462310965629404
PATH,1.7888543819998317,109.11920087683929,1.1714274135856275,3.706891759585664,40.5159245565796,9.995060718446494,23.444445,23.334523779156065,10.236222793903032,-3.6742346141747677,-5.3333335,12.472827609304497,0.12140622410931402,-1.4856325493544642
PATH,59.92662179699436,107.96450033846003,0.456896331597889,0.6675920418346791,0.6309896706849575,22.43989060941283,52.666668,52.40447197779606,22.956963972713044,-8.2103262768307,-12.055555,28.011368525101233,0.1374992947860991,-1.4378874974072204
PATH,112.6978260659894,116.0474041071148,1.6568395122594377,1.756820841502004,2.048938772117044,15.230567903899358,35.77778,34.648232278140824,16.149379340594486,-5.534032155038871,-6.2777775,18.520259177452132,0.12314840280835151,-1.5385410364392884
PATH,97.93977741449079,101.61364737737415,0.5601830527838849,1.6162752133940868,1.0046195198523922,22.7898573640839,53.333332,53.504415466804694,23.205417063401814,-8.527853632187684,-12.6111105,28.5993130509131,0.1406318694978179,-1.4358851124242564
PATH,91.67878707749138,109.69655114602891,0.30095210133584077,0.509477937466824,0.3973288864922924,18.702241511916615,44.77778,42.897812334792924,19.23018460649819,-5.760836942295813,-9.7222225,22.929845199845747,0.13004454378222377,-1.4054446604689226
PATH,90.3371462909915,111.42860195359779,0.2262262231717804,1.0716605131440464,0.8800778277868383,15.762518882857274,37.88889,35.82674452292745,16.348142081473657,-4.672175106557705,-7.7222225,19.150200469753475,0.12449829468568836,-1.409262047137836
PATH,99.72863179649062,92.95339333952975,0.9168163998660106,2.8460495779237758,10.968016014477938,15.888506536574384,36.0,36.926685890615744,16.9444267264024,-7.3938296959029755,-6.2222225,19.738143861671926,0.13792803398796896,-1.6138262711681512
PATH,38.907582808496336,113.16065276116666,0.2620820427223714,0.7027282986534696,0.5900406220116977,23.27981233248129,55.0,53.504415466804694,24.19922405959373,-8.07424446592209,-11.2222225,28.5993130509131,0.1285856346467119,-1.4486753305930367
PATH,46.95742752749558,111.42860195359779,0.5744272627823688,0.9135470096089469,0.769800812950195,22.719864013149685,53.11111,53.1115787589826,23.30479686859381,-8.573214099741124,-12.0,28.389332998110458,0.1379499027327889,-1.4479892248832518
PATH,34.435446853496764,106.80979980008078,2.310468950929737,1.9676391729841616,11.355612707498047,12.304843945026859,29.222221,28.048569929875427,12.869814017093184,-4.08248290463863,-5.6666665,14.992591266651976,0.12090883762053492,-1.4745096889757217
PATH,39.354796403996296,103.92304845413265,0.28248544505982687,1.2122060147608573,1.021300840572025,19.05220864455216,45.22222,44.07632175115241,19.52832759978296,-6.350528735966598,-10.1111105,23.559784980289198,0.13457471017337544,-1.4203789678196166
PATH,95.70370943699099,92.95339333952975,0.21999279873977381,3.6366193091936365,6.6900199882993245,15.286562584646727,35.333336,35.1196377417409,16.248761829068062,-6.259806984363137,-6.1666665,18.77223599674425,0.13329475355810286,-1.5548846783155656
PATH,88.54829190899167,105.65509926170152,0.356280789866911,1.0716605131440464,0.5647840759352595,20.424080212685112,48.88889,47.06188780166813,20.86996838628283,-6.305168268413158,-11.055555,25.155637161234,0.13354768415130977,-1.3965068307547246
PATH,84.52336954949205,107.96450033846003,0.30262615262320547,0.966251426459909,0.8446458737077694,18.33827684298765,44.11111,42.347840236735216,18.584210058973444,-5.39794952763368,-10.444445,22.635872747957578,0.13673760059024356,-1.3770703038175374
PATH,55.45448584199478,110.27390141521853,0.8257230688149497,1.036524414439139,0.9899964455514373,22.579877311281262,52.88889,52.87587532007579,23.056346013973023,-8.391770188285912,-12.2777775,28.26334421049993,0.1402510760655216,-1.4393017109695938
PATH,81.39287438099234,107.3871500692704,0.6162773690722414,0.5621823543177863,0.43885383828348956,18.310278368720546,43.77778,42.347840236735216,18.63390040878304,-5.715476066494083,-10.166667,22.635872747957578,0.1361863561681584,-1.395160923707414
PATH,67.52925292049365,94.10809387790901,0.6890095939236847,5.744804205154045,14.845329983097193,15.118578920369089,34.555557,33.94112549695428,16.74566398552323,-6.66805568307529,-3.83333325,18.18429033703896,0.11799574192507964,-1.7801343212799994
PATH,50.08792269599529,113.7380030303563,0.9026710252862793,1.5635707016747944,1.1040746189563662,19.024211304178472,44.666668,43.99775370248122,19.72708810459415,-6.940220937885672,-9.333333,23.517788591764198,0.13252212946197334,-1.464574343725304
PATH,61.268262583494234,105.0777489925119,1.1624936625969227,1.1419334695005,3.259239709358687,13.200759214949265,31.444445,30.327024956563907,13.615169711450717,-4.263926816093842,-6.7222225,16.210476706800716,0.1277940442219972,-1.4150087746592173
PATH,1.7888543819998317,116.0474041071148,0.5061910544967312,1.6514114069673238,1.1047038025702658,20.298092558967998,47.11111,47.53328760841395,20.91965918330602,-8.07424446592209,-10.3888895,25.40761095681033,0.1381261138336878,-1.4674067306480247
PATH,105.09519494249011,113.16065276116666,0.4020153271112479,0.7027282986534696,0.4059741154204353,17.86232130070605,41.77778,41.40503143085541,18.534518367523063,-6.713416558877022,-8.7222225,22.131920243266766,0.13158715341426944,-1.46697468840472
PATH,74.68467044849298,109.11920087683929,0.6746986896157802,1.1946381077108985,0.546029624199205,22.075924428625974,51.333332,51.22595478326197,23.006654322522643,-8.663935443096294,-10.444445,27.381424587048578,0.1321619391600217,-1.4858617226622468
PATH,111.80339887498948,101.61364737737415,0.32045828731989584,1.0892288312901013,0.5993823157639704,20.284093888781157,47.11111,47.84756121731231,20.671205198190066,-8.02888277362378,-11.166667,25.57559726683928,0.14227528107428922,-1.451165760676376
PATH,109.12011730198974,112.00595222278741,0.3447541016171065,0.7202966484223011,0.7204039242067605,18.80023258118899,44.444443,43.60491911597947,19.27987450909419,-6.486611771620079,-9.944445,23.307809672854976,0.13454558315190052,-1.4296550067072562
PATH,79.60401999899251,106.80979980008078,0.5446403238777079,0.9838198078515171,0.805076708562656,18.534257847638976,44.0,42.897812334792924,18.98173196302302,-6.169085232759676,-9.8888895,22.929845199845747,0.13418024989360067,-1.4185877249215149
PATH,102.41191336949036,112.58330249197704,0.6868172747861253,1.3000474473772488,0.7946586922234002,18.030305720912637,42.444443,41.64073345554866,18.68359120580623,-6.4412508958183485,-8.8888895,22.25790827494835,0.12981633068444018,-1.4514813424328197
PATH,2.23606797749979,121.24355652982143,0.5035234027244451,1.4054565973069393,0.9239608746272755,19.388177107000857,45.444443,45.49053814195264,19.72708810459415,-7.167025316894323,-10.7777775,24.315715438165544,0.14202001155397784,-1.4289889121193784
PATH,52.771204268995035,103.92304845413265,0.44683718951554785,0.9838198078515171,0.38490045950810614,18.352275513174494,44.11111,41.7193000900063,19.031423654473404,-5.443310403435411,-9.0,22.299903907544405,0.12469306962293644,-1.411415045865193
PATH,38.46036921299638,111.42860195359779,0.4981447719996568,0.7027282986534696,0.6397335410090761,23.209817847653657,53.666668,54.1329556135336,24.149534156997728,-9.48043202402402,-11.1111105,28.935281891326273,0.1339757838377381,-1.4915532251440173
GRASS,91.23157348199142,90.06664199358163,0.08408737123686377,0.6324554055425695,0.1972026166486619,8.959157612762239,17.333334,17.991939603028143,12.671052170641206,-7.802077986366839,6.9444445,10.70899365390442,0.17398132074454636,2.025811854888844
GRASS,31.752165280497014,103.92304845413265,0.16973958032185926,0.9486832980505138,0.6599655984304371,8.441206815849057,18.333334,15.163512478281953,12.17414733090446,-4.898979485566357,7.3333335,10.289032414405717,0.14640994965012455,1.7351203278537326
GRASS,26.832815729997474,104.50039872332228,0.36181376424898865,0.8432740532524934,0.738533258192907,7.419302758316116,17.11111,12.649355426900216,10.68343638940299,-3.08454253473018,6.388889,9.029151719625398,0.12776484117421105,1.5479524155648468
GRASS,46.06300033649567,124.70765814495918,0.196540682532301,0.685160043752968,0.4046221272548067,5.501482674931822,10.888889,9.66379291191841,8.546748217095201,-4.4907311951024935,6.8333335,7.223320619771372,0.1930602129916869,1.7306768688407566
GRASS,39.802009999496256,127.59440949090731,0.447800065994457,0.45677345737030844,0.5604479557316674,5.319499962502866,10.666667,8.799551447603024,8.546748217095201,-4.173204656242091,7.5555555,7.223320619771372,0.1994624244378733,1.6385162479361641
GRASS,3.5777087639996634,114.89270356873554,0.23783538381966726,0.4392053605836898,0.2518450356269726,5.669467095138408,13.333333,8.328146691109731,8.894582007403159,-2.041241452319315,7.3333335,7.517293827588489,0.1828587431662902,1.34725238867236
GRASS,89.44271909999159,144.33756729740645,0.4283710367634794,0.45677345737030844,0.36260393312839284,3.485672278204101,6.5555553,5.185449846552478,6.161609637380219,-3.2659863237109046,6.8333335,5.207510601008124,0.25195580173279997,1.550639562754712
GRASS,72.89581606649314,95.8401446854779,0.33054601267770295,0.7730013815010294,0.3718858056469771,6.411397370970019,12.333333,11.549411230784797,9.938079353404671,-5.670115190692353,7.888889,8.399210049359581,0.19955283313833957,1.7789572713320363
GRASS,83.18172876299218,99.88159656980527,0.2501430226332895,0.6675920418346791,0.7018689937709253,6.481390721904233,13.555555,10.999438425620305,9.987770597641457,-4.400009443499033,7.7777775,8.441206815849057,0.17729034358036966,1.6494955656383257
GRASS,0.8944271909999159,141.45081595145834,0.6521578824019534,1.0013879362609124,1.1588695608673787,2.4217723234999755,6.2222223,4.242640687119285,3.1304951684997055,-0.22680462395762574,0.8888889,2.729743445574989,0.08543988014783775,1.2421356623481208
GRASS,27.72724292099739,128.74911002928656,1.7253151507038043,0.5270462556128789,0.8642415350260625,2.5197630904007693,4.888889,3.299831881239482,4.670897801451558,-2.1773242838486517,5.6666665,3.947629150298858,0.2652646547280809,1.4471560409629793
GRASS,108.22569011098982,105.65509926170152,0.2824853455610831,0.6851601702440744,0.6357409686351233,5.809453797006835,12.666667,8.799551447603024,9.391485505499116,-3.3113471995126345,8.444445,7.937253933193771,0.18793884811582814,1.4678642994461306
GRASS,89.44271909999159,124.13030787576956,0.2889666786508284,1.4932977136955645,0.9351669261188246,8.707181549399069,17.11111,15.949185893926135,13.16795611595076,-7.257747884994365,9.6111105,11.128954137474175,0.18817270057705102,1.810934902718992
GRASS,25.4911749434976,102.19099764656377,0.16638952696873052,0.45677339412475526,0.6075885728023528,7.405303710164801,15.777778,13.04219213472231,10.98157804104697,-4.672175106557705,7.4444445,9.281127405024094,0.1605453875339681,1.70643392497981
GRASS,28.17445651649735,127.01705922171769,4.601955441080951,1.1595018192693314,2.152747563028122,3.0937091350080315,6.5555553,4.556910548351706,5.167801299547516,-1.995880576517585,5.0555555,4.36758925590414,0.21766658478075976,1.4800803469085875
GRASS,52.323990673495075,129.32646029847618,0.7717660759949015,0.9662515213282389,1.0682712216851398,7.657280529456917,15.444445,12.570788085335797,12.323218827546842,-5.8969199779492945,10.944445,10.415020824051775,0.19745205621775044,1.6292823526126832
GRASS,104.2007677514902,121.82090679901106,1.8358692902815614,0.5270462556128789,0.6128258652432281,5.837451515344994,12.444445,10.76373640092705,8.34798771228401,-3.6742346141747677,4.8333335,7.055337333458206,0.15000504160658126,1.8066327236408968
GRASS,103.75355415599024,101.03629710818453,0.18802535089692068,0.8959786598401153,0.7664857902939752,5.809453797006835,12.444445,9.585224863247209,8.99396181259516,-3.583512862571307,7.111111,7.601285092780599,0.17325606551245218,1.5854718549279958
GRASS,12.96919426949878,112.58330249197704,0.12171606543311826,0.19325022520870627,0.2405625352857755,6.061430238334479,14.444445,9.428090180118373,9.093343406641543,-1.9505195782413676,6.4444445,7.685277869830602,0.15308431740198836,1.3739366894060312
GRASS,28.17445651649735,116.0474041071148,0.27694377810568505,0.29865949214267035,0.19510907499500119,2.939723649563419,6.2222223,3.928370825886864,5.167801299547516,-1.905158620789979,5.6666665,4.36758925590414,0.24292699303684342,1.402183413283412
GRASS,41.59086438149609,136.2546635287517,0.812963983095318,0.6324555004108993,0.32998316691074475,4.731555058726525,9.555555,7.6210399099231845,7.702012270332072,-3.628873738373038,7.0555555,6.509388440242391,0.20001475111685957,1.6031506558285094
GRASS,32.19937887599697,110.27390141521853,0.1529891175738416,0.9838198078515171,1.6289642252718273,5.739460446072622,12.111111,10.528034376233794,8.298296468047221,-3.7649563657782283,5.0555555,7.01334056696873,0.15669013801260118,1.7998193962507738
GRASS,23.25510696599781,98.1495457622364,0.13731432669873958,0.29865953009000223,0.13777361155627024,9.617096245437267,20.11111,17.913372261463724,13.813931557902695,-6.531972647421809,8.166667,11.674903030689988,0.15612748964383075,1.841315392019281
GRASS,104.2007677514902,106.23244953089116,0.023450878804914668,0.24595490452871438,0.2776048189929796,4.479578617398882,9.777778,6.9925004703010565,7.105727178189731,-2.5402116168611264,6.0555555,6.0054355575871075,0.18136995569046296,1.505179809213585
GRASS,105.98962213349003,110.27390141521853,0.0938035140136133,0.4743416490252569,0.35748168696081656,2.7717395317284117,5.3333335,3.849803767165158,5.018730250118729,-2.4494897427831783,5.8333335,4.241601224222555,0.23962585457670882,1.500779342292905
GRASS,16.099689437998485,140.2961154130791,0.5583541754210796,0.6324555320336759,0.25141549300613913,5.039526180801539,9.888889,8.563848715802987,8.049844718999243,-4.218565532043821,7.0,6.80336051416609,0.20224277819391226,1.6746484145053029
GRASS,83.18172876299218,125.86235868333843,0.22445838678068483,0.36893234098168326,0.2317737177191109,5.1795132606344385,10.666667,8.956686130731862,7.950464466593646,-3.7195954899764976,6.111111,6.719368871009506,0.17948775888681037,1.6848116602712973
GRASS,88.10107831349171,136.2546635287517,2.0592103212459425,1.0540925428485344,2.687005061402099,6.075428908521321,13.111111,11.785113962584834,8.248606565451222,-3.628873738373038,3.5555555,7.01334056696873,0.1309123170429319,1.9726866395755864
GRASS,93.02042786399124,138.5640646055102,0.26019321284381025,0.7730011917643699,1.770385722930493,5.347497680841025,10.888889,9.192388155425117,8.298296468047221,-3.99176115303517,6.611111,7.01334056696873,0.18855462993187988,1.6917439937326937
GRASS,99.72863179649062,106.80979980008078,0.10540930677978125,0.7554329052410915,0.7356653037990925,4.899539478933111,11.555555,6.9139331287366375,7.851082872547263,-1.7237150359334001,6.888889,6.635376093959503,0.19919699869680813,1.3002630924528484
GRASS,49.19349550499537,109.11920087683929,0.2010075881777878,0.38650062750496156,0.4194353072138836,4.885540808746268,10.888889,6.521095713807765,8.34798771228401,-2.4948506185849086,8.6111105,7.055337333458206,0.22724659764957783,1.3511850337466071
GRASS,38.46036921299638,107.96450033846003,0.21711304278191745,0.45677345737030844,0.2652742909426486,5.193511930821281,11.666667,7.306770543665512,8.596438566904798,-2.5402116168611264,8.2222225,7.265316630331901,0.20720706376648765,1.3728229962256622
GRASS,100.62305898749054,140.87346568226872,0.6618513816767251,0.9486832348049605,0.5374839912611921,4.633564367418626,10.333334,6.599663762478964,7.652321026095285,-2.3587678687052307,7.2777775,6.467391673752918,0.21472917408211714,1.4056591259556563
GRASS,21.01903898849802,133.9452624519932,0.37828246464549836,0.31622776601683794,0.31622780455418725,4.801548787625212,11.0,6.363961030678928,8.099534621595243,-2.0866023281210455,8.1111105,6.845356146762144,0.22403878372255215,1.326081187379566
GRASS,43.379718763495916,107.3871500692704,0.2084090735889155,0.36893253071834287,0.35551221779851666,5.8934458181278915,13.888889,8.328146691109731,9.441175408095116,-2.0866023281210455,8.2777775,7.979249565789827,0.1979638250957608,1.3178022397640776
GRASS,70.2125344934934,127.59440949090731,0.19505670399655814,0.38650059588218494,0.21942683075339714,4.5775696866712545,10.222222,5.73542229816358,8.049844718999243,-2.3134069112538422,8.833333,6.80336051416609,0.24560062821258827,1.3273425951665248
GRASS,27.72724292099739,129.32646029847618,0.32670171288320204,0.7378648400772496,0.5773502826757599,5.5294803932699805,13.222222,8.092444666416478,8.596438566904798,-1.7237150359334001,6.888889,7.265316630331901,0.18289487802480658,1.315353599691507
GRASS,12.074767078498864,143.1828667590272,0.19505658339202034,1.0013879362609124,0.60896053673455,5.78145645663315,14.777778,9.113820813860698,8.14922497140484,-0.6350529144214888,4.388889,6.887352157322673,0.13963231133478785,1.2611333588169034
GRASS,19.677398201998148,134.5226127211828,0.6471902417909591,0.6675919153435729,0.46943606514845154,5.473485712522609,12.555555,8.013876617745277,8.74551006354718,-2.3587678687052307,7.611111,7.391305039977957,0.18880205085359025,1.3791443187174355
GRASS,7.602631123499285,132.21321164442432,0.5985393059150593,0.7730012866326996,0.570899241444978,5.1795132606344385,11.222222,7.85674193461644,8.397678062093604,-3.039181822227766,7.611111,7.0973333440187325,0.19670797329328568,1.4848567117941465
GRASS,14.310835055998654,138.5640646055102,0.4645695842594519,0.7202965535539714,0.6028483057179734,4.59156873482257,9.777778,6.599663762478964,7.751702620141668,-2.9030989090487718,7.7777775,6.55138445080292,0.21049214725854382,1.4452309427511991
GRASS,24.596747752497684,120.6662062606318,0.39054484057607264,0.4392052024698068,0.3528979874599275,4.731555058726525,10.333334,7.306770543665512,7.552941220903285,-2.676294244266317,6.5555555,6.383400408560807,0.18242016079318338,1.4843729093344584
GRASS,61.715476178994194,117.20210464549405,0.4964520873111972,0.7202966800450776,0.6642316443520137,4.255599894409398,8.777778,5.73542229816358,7.552941220903285,-3.039181822227766,8.444445,6.383400408560807,0.24102364750225966,1.4281767999811859
GRASS,40.24922359499622,109.11920087683929,0.23498693679983187,0.33379595767178644,0.29265705407710624,4.871542138559426,10.444445,6.678231104043382,8.397678062093604,-2.9938208647763775,8.833333,7.0973333440187325,0.22230770486495496,1.4039970714664773
GRASS,109.5673308974897,137.40936406713095,0.765414015894144,0.7378647768316964,0.8628119772465377,3.3736829167093596,6.3333335,4.635477607073412,6.211299987189816,-3.175264449632957,7.4444445,5.249506611568653,0.26699320682886357,1.5033534938191366
GRASS,25.93838853899756,125.2850084141488,0.3204583174710303,0.5270462239901023,0.4772606966570275,4.507576335737041,9.777778,6.363961030678928,7.602631123499285,-2.630933531763903,7.611111,6.425396041156862,0.2176134334449346,1.4189100949030578
GRASS,65.29318494299386,116.0474041071148,0.09881447577459655,0.33379595767178644,0.2830062309177684,4.031621171419914,8.666667,4.949747468305832,7.30448902464171,-2.4494897427831783,8.5,6.173419977793693,0.2552925518115442,1.3500475110677124
GRASS,8.497058314499201,106.23244953089116,0.1037997970108369,0.26352312780643944,0.22047926727331177,5.375494643250238,12.333333,7.778174593052022,8.646129811141584,-2.3134069112538422,7.6666665,7.307313396821375,0.19281701823845404,1.3702962208537703
GRASS,109.5673308974897,101.61364737737415,0.155699855317268,0.31622776601683794,0.19720274746341643,6.985343604559518,15.111111,12.020815280171307,10.434984193141416,-4.127843780440361,7.2777775,8.819171288858284,0.1574504771512623,1.649144840674857
GRASS,101.9646997739904,105.0777489925119,0.20759977492848056,0.24595484128316117,0.2317406357283531,6.341404398000279,14.555555,9.03525347229628,10.285912696499032,-2.7216552017177054,9.333333,8.693182879212225,0.19872301489548153,1.3551129412054201
GRASS,35.77708763999664,117.20210464549405,0.22398293354142015,0.6148872771331743,0.5396328534138789,4.68955942613047,10.0,6.363961030678928,8.14922497140484,-2.9484599073249895,8.7222225,6.887352157322673,0.23006661925153768,1.4048431954408451
GRASS,82.28730157199226,113.7380030303563,0.9814782514639477,1.440593075485166,0.9708723891008565,4.521575005923884,8.888889,6.756797738501019,7.801392969951264,-3.7649563657782283,8.2222225,6.593380461363449,0.23039861720842897,1.5303643364643595
GRASS,38.01315561749642,128.74911002928656,0.3156949507959874,0.6148873403787274,0.5344606855075509,5.571476403830508,12.666667,8.171011300874115,8.94427190999916,-2.5402116168611264,7.888889,7.559289460184544,0.18922633133591296,1.3905508703367901
GRASS,72.44860247099318,136.83201379794133,0.3447538905591653,0.8432740532524934,0.9067647448155999,4.99753017024101,10.888889,7.071067811865475,8.397678062093604,-2.8577380332470415,8.333333,7.0973333440187325,0.21145418867304738,1.407411619402149
GRASS,51.87677707799512,141.45081595145834,0.35056449658733013,0.7202965535539714,0.529237959466368,6.187418270016063,13.555555,10.135196961304919,9.490865757904713,-3.447430235166116,7.2777775,8.021245576350355,0.1721338456044484,1.5542565553618375
GRASS,19.677398201998148,107.96450033846003,0.10379977288992934,0.2635231910519926,0.36324160202366684,5.753459116259465,13.222222,9.03525347229628,8.795201307783968,-2.4494897427831783,6.6666665,7.4333018064674325,0.1589960741701259,1.4414251526334967
GRASS,96.15092303249095,126.43970895252806,0.6746991117316626,1.0189561595386374,0.880866605401252,4.99753017024101,10.333334,7.228202494994312,8.546748217095201,-3.5381519867695768,8.833333,7.223320619771372,0.22118964404338934,1.475095668365291
GRASS,89.44271909999159,144.33756729740645,0.4283710367634794,0.45677345737030844,0.36260393312839284,3.485672278204101,6.5555553,5.185449846552478,6.161609637380219,-3.2659863237109046,6.8333335,5.207510601008124,0.25195580173279997,1.550639562754712
GRASS,50.9823498869952,137.40936406713095,0.34230353801291624,0.45677345737030844,0.37761439587942086,5.151515920260754,11.111111,7.542472568358767,8.546748217095201,-3.08454253473018,8.2222225,7.223320619771372,0.20637072962154318,1.447223145396514
GRASS,13.416407864998737,144.91491756659607,0.5673495854797503,2.5298221281347035,0.5676449946166012,7.811265523547713,21.444445,12.570788085335797,10.186532444093436,0.9525793308074042,3.16666675,8.609191236055642,0.10349266763291938,0.9100891366366703
GRASS,15.20526224699857,94.68544414709864,0.12171612875050063,0.40406881915990994,0.17347220499592295,4.283597234783084,9.222222,7.306770543665512,6.45975218345139,-2.5855725743125144,4.6666665,5.459487042335767,0.16454016769713103,1.6200650742985603
GRASS,45.61578674099571,117.20210464549405,0.22918389870641598,0.42163694756930514,0.31622776919884815,3.6956527089712154,7.4444447,4.556910548351706,6.9069657789513474,-2.8577380332470415,8.5,5.837451515344994,0.2646727228130772,1.403455144829376
GRASS,97.04535022349087,141.45081595145834,0.9095455743960558,0.6851601702440744,0.43938098638886414,3.6816540387843726,7.4444447,5.028314809870251,6.559132883070582,-2.812377157445311,7.388889,5.543479063456823,0.2561489837354705,1.4633237546720974
GRASS,72.89581606649314,121.24355652982143,0.16412188125195526,0.47434161740248026,0.33952591233411217,4.479578617398882,9.333334,6.2853936891145095,7.751702620141668,-3.08454253473018,8.2222225,6.55138445080292,0.21857109216620224,1.4451323013552235
GRASS,1.7888543819998317,108.54185060764966,0.20759977492848056,0.7378646819633665,0.26874165975487496,5.949440876839736,13.333333,9.899494936611664,8.894582007403159,-2.9484599073249895,6.2222225,7.517293827588489,0.15312960225066868,1.558936753725155
GRASS,15.20526224699857,97.57219549304676,0.1524215526188084,0.509478095580707,0.31106161170016017,4.843544798185739,10.666667,6.9139331287366375,8.049844718999243,-2.630933531763903,7.7777775,6.80336051416609,0.20731447105571887,1.4093931447350683
GRASS,21.01903898849802,120.6662062606318,0.38881663785122184,0.43920526571536006,0.32843622940554296,4.395586974242299,9.555555,6.521095713807765,7.205107430595327,-2.5402116168611264,6.7222225,6.089427200743691,0.2076522827893517,1.457315114798965
GRASS,70.65974808899335,112.58330249197704,0.7068687138857148,0.8959786598401153,0.6089607488665842,4.423584314615985,9.444445,6.049690957314472,7.652321026095285,-2.767016159169094,8.1111105,6.467391673752918,0.23152994685737308,1.4221529573122575
GRASS,78.70959280799259,134.5226127211828,0.34621570801108165,0.8257057983519918,0.672543401722149,4.717556766504155,10.333334,5.892556981292417,8.397678062093604,-2.630933531763903,9.444445,7.0973333440187325,0.24815032708461213,1.3461089970071813
GRASS,99.72863179649062,106.80979980008078,0.10540930677978125,0.7554329052410915,0.7356653037990925,4.899539478933111,11.555555,6.9139331287366375,7.851082872547263,-1.7237150359334001,6.888889,6.635376093959503,0.19919699869680813,1.3002630924528484
GRASS,4.47213595499958,128.74911002928656,0.3225529469329465,1.1243655308277642,1.0426107762152879,5.68346576532525,13.777778,9.113820813860698,8.248606565451222,-1.5422712877775047,5.111111,6.971344934372676,0.14787804008075203,1.3512424508172394
GRASS,74.23745685299302,128.17175976009693,0.2515941665836079,0.36893234098168326,0.22047921777583707,3.9616278204857007,8.666667,4.714045090059186,7.205107430595327,-2.2226852413000397,8.444445,6.089427200743691,0.26280933581325133,1.3226338296892473
GRASS,78.26237921249263,122.39825706820068,0.20100766355562394,0.5797509254460539,0.4758033142256629,4.647563037605468,10.0,6.363961030678928,8.000154816403242,-2.812377157445311,8.3888895,6.761364881570034,0.22305104541485118,1.3961786624975758
GRASS,39.354796403996296,121.82090679901106,0.26527412523673555,0.7730011917643699,0.5146016976239439,4.087615852167286,8.888889,5.421151871245733,7.105727178189731,-2.3587678687052307,7.611111,6.0054355575871075,0.23448657879635026,1.3723751147904588
GRASS,76.02631123499285,130.48116083685545,0.4295483782617866,0.7554329684866448,0.45592809824142766,4.493577665550198,10.111111,5.65685424949238,7.851082872547263,-2.1773242838486517,8.5,6.635376093959503,0.2452204966564133,1.3240616904124973
GRASS,33.54101966249684,130.48116083685545,0.1976290178816889,0.5094780323351538,0.3606834311106901,6.313406301697648,15.333333,9.192388155425117,9.739318848593477,-1.6783540376571826,7.611111,8.231226763046415,0.18100917953870124,1.2885891837595274
GRASS,0.8944271909999159,114.31535329954592,0.1871277998659278,0.6148874352470572,0.4796796382447886,4.60556702704494,9.666667,7.463904519687567,7.30448902464171,-3.08454253473018,6.2222225,6.173419977793693,0.18593871214277033,1.5706791810655731
GRASS,38.01315561749642,129.9038105676658,0.3031817475778589,0.5094781272034836,0.45592809824142766,6.1174245411173755,14.444445,9.03525347229628,9.5405570021415,-2.1319633263972633,7.7222225,8.063242342839828,0.17940028837966654,1.3371498833788695
PATH,73.79024325749306,107.3871500692704,0.474252832148508,0.6324555320336759,0.4149967272376976,18.71624131599688,45.11111,43.21208028683703,18.93204340206781,-5.39794952763368,-10.7777775,23.097828486158914,0.13740959715524967,-1.3723621040256848
PATH,28.621670111997307,101.61364737737415,0.2770700992986094,0.31622795575349755,0.3248934900815099,19.192196858278475,46.0,44.07632175115241,19.677398201998148,-5.851558693899274,-10.166667,23.559784980289198,0.1315056934578491,-1.4006934685847738
PATH,89.44271909999159,109.11920087683929,0.32824391325958285,1.0013879362609124,0.3555123592198729,18.77223599674425,45.11111,43.05494701792176,19.23018460649819,-5.579393439088892,-10.0,23.013837220966806,0.131395692329764,-1.3952775963263098
PATH,60.37383539249432,106.80979980008078,0.847257491462845,0.720297059518397,0.4559277446880371,18.128296034256064,44.11111,40.540787845219675,18.98173196302302,-4.717535574111145,-8.2777775,21.669962615243062,0.11591275516131949,-1.4015555024617183
PATH,81.8400879764923,106.80979980008078,0.4295479862970386,1.827093513253468,1.964499969395043,16.99440261522838,40.666668,38.89087296526011,17.54071002969036,-5.26186690022849,-8.6111105,20.788046015507497,0.12778687538806133,-1.4177407524190098
PATH,113.14503966148935,110.85125168440817,0.6055299368924981,0.8081375434514901,0.5460289878031018,17.960312369978425,42.333336,41.876433358921574,18.335757415498275,-6.350528735966598,-9.7777775,22.383895172736516,0.137506061127799,-1.4285211609836235
PATH,24.149534156997728,101.61364737737415,0.20759977492848056,0.8432742113663764,0.9516070527153947,19.150200469753475,46.0,44.312025897166016,19.37925520871338,-5.715476066494083,-11.0,23.6857741458642,0.1379981526076074,-1.3798550317432061
PATH,38.46036921299638,103.34569818494303,0.3866457561702619,1.1243655308277642,1.0869597357138487,19.108204459192947,45.77778,43.919187068023575,19.578018396806147,-5.851558693899274,-10.166667,23.47579295916814,0.13261979643909458,-1.3991216409208742
PATH,111.80339887498948,113.16065276116666,0.45282499376092106,0.7202962373262053,0.43086883495694045,18.058303439250796,42.666668,41.562166821091026,18.733281108402235,-6.259806984363137,-8.833333,22.215912642352293,0.1293063193558601,-1.446737433748517
PATH,105.98962213349003,110.85125168440817,0.16514471326173366,1.3878886586342036,1.2459194260895892,17.52635246029288,41.11111,40.77649199123328,18.037616211067892,-6.4412508958183485,-9.055555,21.795951780818065,0.13536028557523067,-1.4476194080366909
PATH,95.70370943699099,112.00595222278741,0.3092295827319375,1.0189562544069672,0.5993825632513439,17.03639862578891,40.22222,39.205141624411006,17.68978286797353,-5.9422804455027345,-8.2777775,20.956029679785136,0.13057395970871258,-1.4474463790073344
PATH,71.55417527999327,107.96450033846003,0.584018248199984,1.616275118525757,1.2509252117703038,18.702241511916615,44.666668,43.05494701792176,19.18049470390219,-5.8969199779492945,-9.8888895,23.013837220966806,0.1329748482568339,-1.407585638380999
PATH,89.88993269549154,110.27390141521853,0.2291839680540252,0.9311149482816823,0.36068353717670737,18.590252150421872,44.666668,42.26927360227757,19.27987450909419,-5.534032155038871,-9.1111105,22.593877115361522,0.12472170023732035,-1.4135012937124058
PATH,97.04535022349087,112.58330249197704,0.9901876780122866,0.7554331266005279,0.7431787729686075,17.03639862578891,39.666668,39.283711087295764,17.88854381999832,-6.6226939907769795,-7.611111,20.998026824239084,0.13101421913280253,-1.4980564862105898
PATH,82.73451516749222,108.54185060764966,0.3403304477739994,0.6324553422970163,0.4409582941303179,18.9682166234311,45.0,43.919187068023575,19.42894555852298,-6.350528735966598,-10.1111105,23.47579295916814,0.13435629105333327,-1.419432151839608
PATH,29.068883707497264,101.61364737737415,0.44343318673753385,0.4743416490252569,0.4133198942167918,18.80023258118899,45.22222,43.13351365237939,19.23018460649819,-5.534032155038871,-10.1111105,23.05583285356286,0.1318327541766461,-1.3899619918094182
PATH,112.25061247048944,112.58330249197704,0.8678702542326349,1.2122066472163895,0.8324999005273281,18.11429736406922,42.555557,41.876433358921574,18.78297101099823,-6.577333114975249,-8.8888895,22.383895172736516,0.13053042346519067,-1.45433027565422
PATH,66.63482572949373,105.0777489925119,0.9674843863348668,2.2135943621178655,1.997220133612922,15.062584239621717,37.22222,33.46972003335421,15.652475842498527,-3.2206254479091743,-7.2777775,17.89031788515079,0.11081506130107054,-1.3210714772562155
PATH,76.4735248304928,107.96450033846003,0.5219104992019653,0.8432742113663764,0.8595865096641553,18.282281406311334,43.333332,42.50497350565048,18.63390040878304,-6.169085232759676,-10.055555,22.719864013149685,0.13717181368652234,-1.4131858533773185
PATH,111.35618527948952,115.47005383792516,0.7905165237937725,0.7905694150420949,0.42654954389474053,17.120390268945492,40.666668,39.44084647753138,17.640091176523146,-5.670115190692353,-8.7777775,21.08201922332461,0.13093714634175407,-1.4259841325634044
PATH,10.73312629199899,99.30424630061565,0.27524075157810646,3.0920048935485855,1.9288264322841815,15.888506536574384,38.0,35.591040376913845,16.8947368238064,-4.944340361368087,-6.388889,19.024211304178472,0.11172992615338478,-1.515837534751663
PATH,57.690553819494575,106.23244953089116,0.27462885541008003,1.141933690859936,0.6429817774298127,17.092392550607336,41.77778,38.49803484322445,17.640091176523146,-4.218565532043821,-8.666667,20.578065206775907,0.12334969364768605,-1.364854609908471
PATH,34.435446853496764,102.19099764656377,0.40201544771578573,0.6851603283579574,0.698212191052019,18.296279698533702,44.22222,41.955001407592775,18.63390040878304,-5.125783864575008,-10.1111105,22.425891561261516,0.1330151153689727,-1.3720863323810222
PATH,84.52336954949205,107.96450033846003,0.30262615262320547,0.966251426459909,0.8446458737077694,18.33827684298765,44.11111,42.347840236735216,18.584210058973444,-5.39794952763368,-10.444445,22.635872747957578,0.13673760059024356,-1.3770703038175374
PATH,23.70232056149777,101.61364737737415,0.2652743543853574,0.4919099671713118,0.7057964416103306,19.010212633991628,45.444443,43.919187068023575,19.37925520871338,-5.9422804455027345,-10.444445,23.47579295916814,0.13524687220741188,-1.398353298692437
PATH,99.72863179649062,109.69655114602891,0.3113996804834015,0.6500238818025074,0.5186342568863727,17.722334598837623,42.0,40.85506003990448,18.286067512902278,-5.987641729552755,-9.0,21.83794816934307,0.13068764587682463,-1.431985559947369
PATH,84.07615595399209,109.69655114602891,0.29416306084338667,0.6500238818025074,0.39027521350724415,18.47826354485608,44.22222,42.426406871192846,18.98173196302302,-5.715476066494083,-9.666667,22.677868380553633,0.13072387465019608,-1.404531502771698
PATH,91.67878707749138,109.69655114602891,0.30095210133584077,0.509477937466824,0.3973288864922924,18.702241511916615,44.77778,42.897812334792924,19.23018460649819,-5.760836942295813,-9.7222225,22.929845199845747,0.13004454378222377,-1.4054446604689226
PATH,95.70370943699099,112.58330249197704,0.19847894821091916,0.6324555320336759,0.34156485473766357,17.59634656715604,41.11111,40.540787845219675,18.435137220690276,-6.66805568307529,-8.0,21.669962615243062,0.1298254806746041,-1.4858980679507998
PATH,65.74039853849382,105.0777489925119,0.5141108529847553,0.9311151696411186,0.5647845355546672,16.476451818315198,40.333336,37.162390743736125,16.9444267264024,-3.99176115303517,-8.555555,19.8641334052114,0.12462476669049574,-1.3570561413507989
PATH,31.304951684997054,102.19099764656377,0.32255342935109776,0.5270460658762193,0.4149967272376976,18.68824284172977,45.0,43.13351365237939,18.93204340206781,-5.443310403435411,-10.666667,23.05583285356286,0.13683029902431879,-1.3736698273068113
PATH,77.36795202149273,109.69655114602891,0.7732916329450618,0.4919099671713118,0.4260067687295018,19.066207314739,44.88889,44.07632175115241,19.72708810459415,-6.804137902232191,-9.5,23.559784980289198,0.1306424504708634,-1.4486475412965363
PATH,96.15092303249095,111.42860195359779,0.15570009652634365,1.5284342551193444,0.45795484305300366,17.092392550607336,40.88889,39.12657428284658,17.640091176523146,-5.30722777603022,-8.666667,20.914033669224608,0.12935298162241457,-1.4142968595519188
PATH,75.13188404399293,106.23244953089116,0.4583674657503529,1.8446617049084164,0.6400952261276529,18.24028577371528,43.88889,41.483598772419825,18.882350816190232,-5.35258865183195,-9.055555,22.173916253827294,0.12441280980690854,-1.4048626408773277
PATH,101.51748617849044,113.16065276116666,0.7118529074695266,1.1243656889416471,0.5993823864746485,17.834323204403418,42.11111,41.16932657773503,18.435137220690276,-6.214446108561407,-8.944445,22.005930699727287,0.13079606834091764,-1.4421381991116455
PATH,90.3371462909915,111.42860195359779,0.2262262231717804,1.0716605131440464,0.8800778277868383,15.762518882857274,37.88889,35.82674452292745,16.348142081473657,-4.672175106557705,-7.7222225,19.150200469753475,0.12449829468568836,-1.409262047137836
PATH,82.73451516749222,107.3871500692704,0.5604832676296809,0.9486830766910775,0.47726080272304466,18.226285969635015,44.0,41.64073345554866,18.68359120580623,-5.171145148625029,-9.666667,22.25790827494835,0.12988295656589774,-1.383117056746176
PATH,110.90897168398956,115.47005383792516,0.2872134354088104,0.5621827654138821,0.41275968886939673,17.428361391020506,41.333336,39.99081786848231,18.087304772023106,-5.851558693899274,-8.5,21.375991297248312,0.12819940309709432,-1.441095145898717
PATH,113.14503966148935,116.0474041071148,0.8115327991960108,0.8959785017262323,0.8257993920241434,16.616438142219156,39.22222,38.105199549615925,17.341950419306357,-5.8061978180975435,-7.7777775,20.368085909902216,0.1255909045815341,-1.4621981113871263
PATH,112.6978260659894,116.0474041071148,1.6568395122594377,1.756820841502004,2.048938772117044,15.230567903899358,35.77778,34.648232278140824,16.149379340594486,-5.534032155038871,-6.2777775,18.520259177452132,0.12314840280835151,-1.5385410364392884
PATH,101.9646997739904,110.27390141521853,0.18712773956365888,0.7378646187178133,0.42163691953244703,18.604250442644243,44.0,42.8192449932285,19.27987450909419,-6.395890020016618,-9.166667,22.88784918928522,0.12950521313032273,-1.442861993612868
PATH,45.61578674099571,103.34569818494303,0.46166156764326827,0.7730012866326996,0.6652760410678261,18.590252150421872,44.88889,42.26927360227757,19.18049470390219,-5.26186690022849,-9.444445,22.593877115361522,0.12642139364478538,-1.3932817874364107
PATH,105.09519494249011,113.16065276116666,0.4020153271112479,0.7027282986534696,0.4059741154204353,17.86232130070605,41.77778,41.40503143085541,18.534518367523063,-6.713416558877022,-8.7222225,22.131920243266766,0.13158715341426944,-1.46697468840472
PATH,49.19349550499537,105.0777489925119,0.5409184376891055,0.8081377648109264,0.551093357280638,17.52635246029288,42.666668,39.83368106403313,17.938233722594315,-4.536092070904224,-9.3888895,21.291998142233833,0.1286390811435101,-1.364749745972821
PATH,93.4676414594912,110.27390141521853,0.6946162576783771,1.8095254797124025,2.1465948147929836,18.226285969635015,43.88889,41.483598772419825,18.832660913594232,-5.30722777603022,-9.166667,22.173916253827294,0.12511434482989742,-1.3893948214602283
PATH,105.09519494249011,112.58330249197704,0.6313896000806303,0.9486829185771947,0.6146360939584048,18.268282358160018,42.77778,42.19070555360638,19.031423654473404,-6.804137902232191,-8.666667,22.551880726836522,0.12995359395330697,-1.4715567403468086
PATH,105.54240853799007,111.42860195359779,0.5085132345704002,1.282479192476747,1.1581038702893707,18.562254810048188,43.333332,43.29064692129467,19.13080480130619,-7.0763039735391535,-9.5,23.13982411875497,0.13557009583355947,-1.4604729122623876
PATH,80.49844718999243,107.3871500692704,0.5421612071491861,0.614887213887621,0.6298883518732595,18.75823694859293,45.0,43.36921496996587,19.031423654473404,-5.670115190692353,-10.6111105,23.18182050727997,0.13691945999885363,-1.384575323061017
PATH,80.94566078549238,107.3871500692704,0.8175264829126032,0.6500236604430711,0.5935610591878522,18.450266204482393,44.11111,42.740675530343744,18.733281108402235,-5.760836942295813,-10.3888895,22.845852044831272,0.13730657255925433,-1.3919474062296338
PATH,59.03219460599445,105.0777489925119,0.1976292289396301,0.6675920418346791,0.6265720917801727,16.448454477941514,40.22222,37.162390743736125,16.8947368238064,-4.037122028836901,-8.6111105,19.8641334052114,0.12556129904151198,-1.3557704798012455
PATH,59.4794082014944,104.50039872332228,0.6526304411323101,1.51086574723663,1.0128797998488572,15.594534462650687,37.77778,35.04107040017648,16.298450390023273,-4.263926816093842,-7.2222225,18.73023998618372,0.11878860690854152,-1.4130596348168767
PATH,101.51748617849044,112.58330249197704,0.6749490043340486,1.106797402418369,1.0213012648360937,18.044303635170532,42.77778,41.40503143085541,18.733281108402235,-6.078363481156216,-8.7777775,22.131920243266766,0.12723001843535267,-1.4417596141409983
PATH,63.50433056099403,105.65509926170152,0.262081952268968,0.49190977743465214,0.5252867174837756,16.32246531236651,40.22222,36.76955262170047,16.69597542456802,-3.628873738373038,-8.7777775,19.654152596479815,0.12590851567705816,-1.334827179024028
PATH,74.68467044849298,109.69655114602891,0.2575460306767074,1.5987071798530212,0.9843686533906516,19.304185463844274,44.88889,44.704860483667765,20.174301700094105,-7.575273607358186,-8.944445,23.895753064773423,0.13369800158502923,-1.493897566966363
PATH,10.285912696499032,99.30424630061565,0.2696799476989243,2.8987546272302698,2.0706284594571427,16.000495520104653,38.0,36.2195791094292,16.8947368238064,-5.30722777603022,-6.8333335,19.360179388662697,0.1187146601405256,-1.5037039359398925
PATH,63.50433056099403,106.80979980008078,0.5333968150827308,0.9838198078515171,0.41275958280337954,18.072301731473164,43.88889,41.16932657773503,18.48482980656785,-4.808257733962896,-9.7222225,22.005930699727287,0.12930929332627017,-1.3703192018241588
PATH,89.44271909999159,111.42860195359779,0.6151837572743234,1.458161235517338,1.2702072358758016,15.566536366348055,37.444443,35.35533905932737,16.149379340594486,-4.581452946705954,-7.611111,18.89822365046136,0.12516446852968105,-1.411244633130927
PATH,79.60401999899251,106.80979980008078,0.5446403238777079,0.9838198078515171,0.805076708562656,18.534257847638976,44.0,42.897812334792924,18.98173196302302,-6.169085232759676,-9.8888895,22.929845199845747,0.13418024989360067,-1.4185877249215149
PATH,104.2007677514902,113.7380030303563,0.8400739233760108,0.6324555320336759,0.44721399711279713,18.80023258118899,44.333332,43.44778231153029,19.42894555852298,-6.6226939907769795,-9.444445,23.2238165178405,0.13177416025136368,-1.4449010067270975
PATH,75.57909763949289,107.3871500692704,0.5005049123516081,1.7392528712064916,0.8905367856087247,18.68824284172977,44.666668,43.21208028683703,19.031423654473404,-5.851558693899274,-10.333333,23.097828486158914,0.13570605323872742,-1.396107386134032
PATH,52.771204268995035,103.92304845413265,0.44683718951554785,0.9838198078515171,0.38490045950810614,18.352275513174494,44.11111,41.7193000900063,19.031423654473404,-5.443310403435411,-9.0,22.299903907544405,0.12469306962293644,-1.411415045865193
PATH,104.64798134699015,112.00595222278741,0.5883265739537902,1.2122064258569532,1.0922708147473408,18.380272475583705,43.0,42.66210818877932,19.031423654473404,-6.894860470332232,-9.1111105,22.803856034270744,0.13343452122310448,-1.465037427956303
PATH,63.50433056099403,105.0777489925119,0.25159424196144403,0.8784103416940605,0.7252076541247513,16.49045011053757,40.333336,37.39809276842938,16.84504602678321,-4.037122028836901,-8.944445,19.990121436892988,0.12828897998027297,-1.3470226496791526
PATH,107.3312629199899,112.58330249197704,0.3520023438873526,0.5797513049193732,0.6043821971030624,18.46426449670476,43.22222,42.897812334792924,19.081114004283,-6.894860470332232,-9.2777775,22.929845199845747,0.13432632774243475,-1.458792119443507
PATH,100.17584539199058,109.69655114602891,0.64406148871941,0.9486835194099501,0.6540471146719057,17.94631256589816,42.444443,41.483598772419825,18.48482980656785,-6.169085232759676,-9.2222225,22.173916253827294,0.13220590920073125,-1.4325573264906364
PATH,77.81516561699267,108.54185060764966,0.8684518997674597,1.1419334695005,0.7902766807897093,19.05220864455216,45.444443,43.840620433565945,19.578018396806147,-6.078363481156216,-9.944445,23.433797326572087,0.13147671848899667,-1.4107285866020172
PATH,112.6978260659894,112.58330249197704,0.630589268367583,1.1770699476787265,0.7796608159730775,18.016307050725793,42.444443,41.562166821091026,18.68359120580623,-6.395890020016618,-8.833333,22.215912642352293,0.1291500360927767,-1.4507508304171755
PATH,66.63482572949373,106.80979980008078,0.3220305785284655,0.966251426459909,0.6807538660458794,18.646246831169243,45.333332,42.112138212041955,19.27987450909419,-4.898979485566357,-9.333333,22.50988471627599,0.12338140109160699,-1.3808167676762981
PATH,52.771204268995035,105.0777489925119,0.3901137698067298,0.7905700474976268,0.5041494573164786,17.008401285415225,41.666668,38.41946750166004,17.44133022449836,-4.08248290463863,-9.0,20.53606919621538,0.12605822042815176,-1.351052734067847
PATH,76.02631123499285,109.11920087683929,0.3990730889574547,0.7730012866326996,0.6309899888830091,19.31818375606664,45.77778,44.78342853233897,19.77677800719015,-6.531972647421809,-10.333333,23.937749453298423,0.13476621597924043,-1.4205285209038376
PATH,81.39287438099234,107.3871500692704,0.6162773690722414,0.5621823543177863,0.43885383828348956,18.310278368720546,43.77778,42.347840236735216,18.63390040878304,-5.715476066494083,-10.166667,22.635872747957578,0.1361863561681584,-1.395160923707414
PATH,4.47213595499958,99.30424630061565,1.3233212308980213,2.1081847694693026,2.602349176898274,16.924410020223114,40.333336,38.65517164767364,17.590402615567935,-5.443310403435411,-8.166667,20.662058361790386,0.12434511508495771,-1.451303292945317
PATH,102.41191336949036,112.58330249197704,0.6868172747861253,1.3000474473772488,0.7946586922234002,18.030305720912637,42.444443,41.64073345554866,18.68359120580623,-6.4412508958183485,-8.8888895,22.25790827494835,0.12981633068444018,-1.4514813424328197
PATH,79.15680640349255,109.69655114602891,0.24957898837610137,0.4392053605836898,0.3367876766793063,19.808137590570613,47.333332,45.647674239295036,20.273682399713298,-6.214446108561407,-10.6111105,24.399708215215547,0.13315039748161145,-1.404242437519549
PATH,107.3312629199899,110.85125168440817,0.1950568849033649,1.3878886586342036,0.841350720752101,17.37236708823761,40.555557,41.09075994327739,17.54071002969036,-6.6226939907769795,-10.1111105,21.96393506713123,0.145616355708502,-1.425936261434318
PATH,105.54240853799007,112.00595222278741,0.5825749736957592,0.7730009071593804,0.6353765965107779,18.940219283057413,44.22222,44.154889092716836,19.52832759978296,-7.212386192696053,-9.666667,23.601780990849726,0.13446252664294428,-1.4596640528153884
PATH,52.323990673495075,104.50039872332228,0.37470536420456224,0.9486835194099501,0.7264832747580118,17.722334598837623,43.0,40.22651989317557,18.236377610306274,-4.762896858161166,-9.166667,21.501979328929895,0.12668959211014263,-1.3782132712186475
PATH,83.18172876299218,108.54185060764966,0.38005827601165804,0.6148869609054083,0.4435754377488456,18.884224980274517,45.11111,43.44778231153029,19.37925520871338,-5.9422804455027345,-9.944445,23.2238165178405,0.13182696723272033,-1.4095747297564767
PATH,4.024922359499621,98.72689603142602,0.3031814762176488,0.8784103416940605,0.5805488094897792,17.358368418050766,41.0,40.46221979654848,17.68978286797353,-6.033002605354485,-9.555555,21.627966226718062,0.1377161039371975,-1.4217955855450457
PATH,84.970583144992,108.54185060764966,0.4714044544762819,0.7202964586856415,0.6298885286499548,18.78623466693109,44.666668,43.68348716465067,19.081114004283,-6.169085232759676,-10.555555,23.349806061379976,0.13829461944433621,-1.403299157073446
PATH,109.12011730198974,112.00595222278741,0.3447541016171065,0.7202966484223011,0.7204039242067605,18.80023258118899,44.444443,43.60491911597947,19.27987450909419,-6.486611771620079,-9.944445,23.307809672854976,0.13454558315190052,-1.4296550067072562
PATH,91.67878707749138,112.00595222278741,0.36190687095219426,1.7041163297827118,1.076043421225891,15.608532376908585,37.11111,35.66960771847827,16.248761829068062,-5.125783864575008,-7.4444445,19.066207314739,0.12547008088443787,-1.440778079218033
PATH,39.354796403996296,103.92304845413265,0.28248544505982687,1.2122060147608573,1.021300840572025,19.05220864455216,45.22222,44.07632175115241,19.52832759978296,-6.350528735966598,-10.1111105,23.559784980289198,0.13457471017337544,-1.4203789678196166
PATH,27.72724292099739,102.19099764656377,0.26527405287401284,0.5270464769723151,0.3333333539871929,19.304185463844274,46.333332,44.62629384921013,19.578018396806147,-5.8061978180975435,-10.944445,23.853757432177368,0.13694338592621288,-1.3831041166920803
PATH,0.8944271909999159,98.72689603142602,0.36744611677023914,1.1595018192693314,1.105541158420547,17.30237449323234,41.0,39.83368106403313,17.88854381999832,-5.851558693899274,-8.666667,21.291998142233833,0.12878984579082506,-1.4374975280173963
PATH,75.57909763949289,109.69655114602891,0.5455670491464021,0.9135470096089469,0.7403707458744984,19.8641334052114,46.88889,45.961940777125584,20.472445587806064,-6.940220937885672,-10.166667,24.56769074559977,0.1328486445801838,-1.43884180871911
PATH,14.310835055998654,99.88159656980527,0.5371705612226005,2.8460498941515415,2.386304367168614,16.476451818315198,39.555557,37.39809276842938,17.143189020067975,-4.944340361368087,-7.888889,19.990121436892988,0.11936753385218814,-1.4134056928755894
PATH,91.67878707749138,109.69655114602891,0.30095210133584077,0.509477937466824,0.3973288864922924,18.702241511916615,44.77778,42.897812334792924,19.23018460649819,-5.760836942295813,-9.7222225,22.929845199845747,0.13004454378222377,-1.4054446604689226
PATH,91.23157348199142,112.00595222278741,0.5805488476113311,1.616275118525757,1.207997642967945,15.510542063565158,37.0,35.198205790412096,16.248761829068062,-4.944340361368087,-7.0555555,18.81423238526925,0.12316925190617373,-1.4461753545681517
WINDOW,83.62894235849214,20.78460969082653,0.07565652308023413,0.15811385138564238,0.09860137373170821,2.841732844866178,4.7777777,9.192388155425117,2.1366871437165194,-3.356708075314365,-4.111111,4.913538149119954,0.2900881844948566,-1.4830098903030433
WINDOW,100.62305898749054,20.78460969082653,0.08206099791313311,0.12297747756257847,0.11587030018650701,2.99571833031079,5.0,9.66379291191841,2.2857583273093853,-3.583512862571307,-4.2222225,5.1655145904475965,0.2839451512158063,-1.4900885241574675
WINDOW,99.28141820099066,83.71578903249575,0.0,0.0,0.0,0.0,0.0,0.0,0.0,0.0,0.0,0.0,0.0,0.0
WINDOW,108.22569011098982,85.44783984006463,0.0,0.0,0.0,0.0,0.0,0.0,0.0,0.0,0.0,0.0,0.0,0.0
WINDOW,55.90169943749474,86.02519010925425,0.0,0.0,0.0,0.0,0.0,0.0,0.0,0.0,0.0,0.0,0.0,0.0
WINDOW,89.44271909999159,17.8978583448784,0.368818325050547,1.598706863625255,0.9469740183743822,4.255599894409398,8.333334,11.706545206806851,3.9752320096900258,-3.583512862571307,-3.5555555,6.2574116209502755,0.22402887794141185,-1.5357999370020188
WINDOW,98.8342046054907,17.320508075688775,0.25754607590340906,0.5270462556128789,0.5773503887417771,3.205698874467246,6.111111,9.270955496989535,2.782662406783018,-2.9030989090487718,-3.38888885,4.955534159680481,0.23191888852137937,-1.4566187560408521
WINDOW,107.3312629199899,36.37306695894643,0.16412206215876202,0.12297755029496465,0.13777330750035435,3.387681586896202,6.3333335,9.899494936611664,2.931733456211805,-3.2206254479091743,-3.61111115,5.2915026221291805,0.24493909197358085,-1.5003654019831985
WINDOW,61.268262583494234,81.40638795573724,0.04103050197168,0.017568209363703336,0.04811252473482463,0.013998684171528249,0.0,0.0785674193461644,0.0,-0.04536092070904224,-0.055555555,0.04199605213662028,0.04969039900309133,-1.4809610484045554
WINDOW,84.52336954949205,39.25981830489456,0.17600121717037795,0.33379602091733956,0.18880716258437136,2.603755300504062,5.6666665,7.306770543665512,2.0869969280710023,-1.4969104119757743,-3.33333325,3.90563313973833,0.23887958924989805,-1.258830382741257
WINDOW,99.28141820099066,35.7957166897568,0.07565649292909968,0.21081852121881747,0.19720265907506876,2.4217723234999755,4.111111,8.092444666416478,1.6397831984069655,-2.812377157445311,-4.111111,4.325593623308085,0.304466624830087,-1.4383628852962123
WINDOW,57.243340223994615,83.13843876330613,0.0,0.0,0.0,0.0,0.0,0.0,0.0,0.0,0.0,0.0,0.0,0.0
WINDOW,83.18172876299218,51.96152422706633,0.4388536816804145,0.21081852121881747,0.16666665931592692,3.7936434002791146,7.5555553,10.606601717798211,3.3789470517117635,-3.039181822227766,-3.72222235,5.669467095138408,0.2387800395035397,-1.4616081014889044
WINDOW,82.28730157199226,83.71578903249575,0.18440913237413903,0.07027283618990228,0.09622503532751364,0.20998027958132504,0.33333334,0.8642416057367407,0.04969039900309133,-0.272165540584185,-0.6666667,0.4619565697231783,0.23602940756305768,-1.3583122458368988
WINDOW,92.12600067299134,6.9282032302755105,0.44683706891101005,1.4230249470757708,1.18731735055799,4.325593623308085,8.444445,12.492220743771382,3.6770894636188554,-3.6742346141747677,-4.8333335,6.677372860448978,0.243183438728911,-1.4598095753909566
WINDOW,90.3371462909915,36.37306695894643,0.09881458431868059,0.1405457419499131,0.09622508128945441,2.2957842918183906,4.0,7.463904519687567,1.6397831984069655,-2.5402116168611264,-3.61111115,3.9896247828949134,0.2922699026040953,-1.4457293116105796
WINDOW,87.65386471799175,54.848275573014455,0.3388434239736763,0.42163707406041157,0.4472135728487284,2.883728931019601,6.7777777,7.6210399099231845,2.385139250535375,-1.0433012048853518,-3.4444445,4.073617181980443,0.2292264167089921,-1.2369124766875301
WINDOW,89.44271909999159,7.505553499465136,0.5601827814236747,0.08784101203346242,0.08871511229850647,3.513669618577787,6.111111,11.235141157420342,2.6335912231901517,-3.9010389931834193,-5.111111,6.0054355575871075,0.28296959500644675,-1.4666337922255097
WINDOW,99.72863179649062,86.60254037844388,0.0,0.0,0.0,0.0,0.0,0.0,0.0,0.0,0.0,0.0,0.0,0.0
WINDOW,89.88993269549154,19.62990915244728,0.9220458126263674,0.1405457419499131,0.14272487223308783,5.193511930821281,9.777778,14.77067577045986,4.720587704047558,-4.853618609764627,-4.7777775,7.895258300597716,0.24366786049555653,-1.5293811751957977
WINDOW,103.30634056049028,52.53887449625595,0.08408746169026715,0.17568204304059082,0.060858046683966216,2.267786838055363,4.5555553,6.9139331287366375,1.6397831984069655,-1.7690759933847884,-3.5,3.6956527089712154,0.27756354289996465,-1.3681877698536282
WINDOW,76.4735248304928,51.3841739578767,0.0,0.0,0.0,0.0,0.0,0.0,0.0,0.0,0.0,0.0,0.0,0.0
WINDOW,89.44271909999159,84.870489570875,0.1641220018564931,0.14054569135347053,0.24343227512421253,0.1119894748840839,0.22222222,0.31426968445572545,0.09938079800618266,-0.09072184141808448,-0.11111111,0.16798421232612581,0.04969039900309133,-1.4809610484045554
WINDOW,77.81516561699267,87.75724091682312,0.0,0.0,0.0,0.0,0.0,0.0,0.0,0.0,0.0,0.0,0.0,0.0
WINDOW,93.02042786399124,19.62990915244728,0.5219104388996963,0.14054569135347053,0.17743018217060605,5.459487042335767,10.777778,14.849242404917497,5.167801299547516,-4.4907311951024935,-4.3333335,7.937253933193771,0.2146437428689688,-1.5290353999797974
WINDOW,97.49256381899083,84.870489570875,0.0,0.0,0.0,0.0,0.0,0.0,0.0,0.0,0.0,0.0,0.0,0.0
WINDOW,83.62894235849214,49.65212315030782,0.32045837777329916,0.966251426459909,0.8988163696203162,2.5337619495698482,4.666667,7.699607251487604,2.0373062652118894,-2.4948506185849086,-3.22222235,4.115613192540971,0.26574581183547935,-1.4527330628568758
WINDOW,113.14503966148935,86.60254037844388,0.0,0.0,0.0,0.0,0.0,0.0,0.0,0.0,0.0,0.0,0.0,0.0
WINDOW,76.02631123499285,82.56108849411649,0.0,0.0,0.0,0.0,0.0,0.0,0.0,0.0,0.0,0.0,0.0,0.0
WINDOW,69.76532089799343,88.91194145520238,0.09881452401641168,0.24595491401554734,0.19245007065502728,0.6579381791176605,1.0,2.5141574756458036,0.2981424119070918,-0.9072184550056738,-1.61111115,1.3438736986090065,0.37516252119400467,-1.405871045857978
WINDOW,79.15680640349255,19.052558883257653,0.475670628944116,1.3703203721109254,1.0514539596868238,3.3036895657751453,6.4444447,9.270955496989535,2.98142389546412,-2.812377157445311,-3.11111115,4.955534159680481,0.24467189973881348,-1.4538959706692154
WINDOW,111.35618527948952,33.4863156129983,0.2842676394211512,0.08784101203346242,0.11587026483116795,3.345685198371201,6.0,10.292331644433757,2.6832815729997477,-3.492790702719556,-4.2777775,5.501482674931822,0.2718018889030207,-1.4745592571610828
WINDOW,81.39287438099234,22.516660498395407,1.730008476293502,0.19325026631831585,0.31106161170016017,3.5976616396988432,7.3333335,10.135196961304919,3.0808048186901096,-2.676294244266317,-3.9444445,5.4174906538107654,0.2576044672148408,-1.4398304147098868
WINDOW,69.31810730249347,23.094010767585033,0.6249579409849041,0.01756820430405908,0.04811251412822292,0.47595523991002103,1.2222222,1.0999439132727085,0.4472135954999579,-0.04536092070904224,-0.3888889,0.5879447525905522,0.052174920965707076,-1.1107207863034165
WINDOW,98.38699100999074,35.21836642056718,0.041030498956566554,0.17568210628614403,0.09622502825644584,2.603755300504062,4.5555553,8.48528137423857,1.8385447318094277,-2.8577380332470415,-4.1666665,4.535573676110726,0.29332393138305723,-1.4421152888519349
WINDOW,92.12600067299134,36.950417228136054,0.041030456744978315,0.08784104049396137,0.04811252473482463,2.1557974765606214,3.6666667,7.306770543665512,1.3913312257521886,-2.4948506185849086,-3.88888885,3.90563313973833,0.3121460559443415,-1.425122805793241
WINDOW,71.55417527999327,54.848275573014455,1.0686849505277292,0.07027284567673527,0.1427248015224097,0.8119236267658254,2.1111112,1.807050694459256,0.7950464019380051,-0.04536092070904224,-0.5555556,0.9659092255997794,0.04525375839116658,-1.1518120341503728
WINDOW,92.12600067299134,35.21836642056718,0.12171612875050063,0.15811385138564238,0.16244651523105105,2.673748764827618,4.666667,8.642416057367408,1.937925655035417,-2.9484599073249895,-4.111111,4.619565697231783,0.28885129454883074,-1.4486618955641941
WINDOW,80.49844718999243,81.98373822492687,0.08408750390185539,0.03513641809495114,0.06085806789716965,0.04199605213662028,0.0,0.23570226510956102,0.0,-0.13608276620960963,-0.16666667,0.12598816018950554,0.09938079800618266,-1.4809610484045554
WINDOW,70.65974808899335,88.91194145520238,0.3267017430343365,0.07027282986534697,0.142724790915808,0.23797761995501052,0.44444445,0.8642416057367407,0.09938079800618266,-0.22680462395762574,-0.6111111,0.4619565697231783,0.12422600868806823,-1.3160346849431457
WINDOW,103.30634056049028,17.320508075688775,0.2147741288286244,0.9486832348049605,0.988826502026625,2.659749981251433,4.7777777,8.249579349545314,2.0869969280710023,-2.767016159169094,-3.5555555,4.409585644429142,0.27446321228848136,-1.4476427425604703
WINDOW,108.22569011098982,37.52776749732568,0.08206107027585581,0.31622776601683794,0.14907112730996586,3.3736829167093596,6.111111,10.135196961304919,2.8323528460353327,-3.447430235166116,-3.88888885,5.4174906538107654,0.26093146803720324,-1.5003946054932613
WINDOW,72.00138887549322,51.3841739578767,1.5426594877051918,0.052704676157730446,0.09860139140937775,1.1758895051811045,2.8888888,2.6712922294853185,1.1925696029070076,-0.272165540584185,-0.6666667,1.4278657575265103,0.04366732182676194,-1.3367739854139908
WINDOW,108.22569011098982,85.44783984006463,0.0,0.0,0.0,0.0,0.0,0.0,0.0,0.0,0.0,0.0,0.0,0.0
WINDOW,61.715476178994194,83.13843876330613,0.25949967644901245,0.08784105314307201,0.188807176726507,0.25197632793830055,0.5555556,0.7071067811865475,0.19876160048450128,-0.13608276620960963,-0.33333335,0.3779644730092272,0.1656346603622138,-1.3465218766567162
WINDOW,101.0702725829905,51.96152422706633,0.1871278209717219,0.12297744910207953,0.08871513704724379,2.715744661998804,5.111111,8.563848715802987,1.937925655035417,-2.5402116168611264,-4.2777775,4.5775696866712545,0.2866720540029111,-1.406821538793249
WINDOW,53.218417864494995,88.33459118601276,1.6701982738923,0.017568192919859504,0.048112475237349954,1.2738802720818982,3.0,2.7498596417604153,1.441021620283144,-0.4536092479152515,-0.222222225,1.469861805883486,0.038020682222308685,-1.570990732313364
WINDOW,88.10107831349171,83.13843876330613,0.2147741288286244,0.12297745858891251,0.17347216256951606,0.2659749981251433,0.33333334,1.178511254837127,0.04969039900309133,-0.4536092479152515,-0.8888889,0.6299407631510805,0.3851005911559238,-1.4049776164399488
WINDOW,58.13776741499453,83.71578903249575,0.0,0.0,0.0,0.0,0.0,0.0,0.0,0.0,0.0,0.0,0.0,0.0
WINDOW,83.62894235849214,51.3841739578767,0.48409027293918117,0.3513641493267348,0.3776143605240818,3.1917002042804037,6.3333335,9.192388155425117,2.6832815729997477,-2.5855725743125144,-3.66666675,4.913538149119954,0.2453167817435244,-1.4452445899120758
WINDOW,79.60401999899251,20.207259421636905,0.10379988746424028,0.12297740483019227,0.088715016839091,5.095521239513382,10.333334,13.59216281856646,4.8696592006899415,-3.8556785256299793,-3.88888885,7.265316630331901,0.20539979312862514,-1.5226360128993812
WINDOW,77.36795202149273,53.6935750346352,0.0,0.0,0.0,0.0,0.0,0.0,0.0,0.0,0.0,0.0,0.0,0.0
WINDOW,99.72863179649062,35.7957166897568,0.08989332494498177,0.14054566605524926,0.17743022459701294,2.435771144872607,4.111111,8.092444666416478,1.6894735482165615,-2.8577380332470415,-4.0,4.325593623308085,0.29979875690074503,-1.4486618955641941
WINDOW,75.13188404399293,23.094010767585033,0.0,0.0,0.0,0.0,0.0,0.0,0.0,0.0,0.0,0.0,0.0,0.0
WINDOW,72.00138887549322,83.13843876330613,0.0,0.0,0.0,0.0,0.0,0.0,0.0,0.0,0.0,0.0,0.0,0.0
WINDOW,100.62305898749054,51.96152422706633,0.07565646277796521,0.17568211893525465,0.16101530282165827,2.491765825619978,4.666667,7.93530927618086,1.739163942747517,-2.3587678687052307,-4.0555555,4.241601224222555,0.29120427310446617,-1.4053506859777027
WINDOW,84.52336954949205,81.40638795573724,0.0,0.0,0.0,0.0,0.0,0.0,0.0,0.0,0.0,0.0,0.0,0.0
WINDOW,59.92662179699436,85.44783984006463,0.0518999346867798,0.017568209363703336,0.04811252473482463,0.013998684171528249,0.0,0.0785674193461644,0.0,-0.04536092070904224,-0.055555555,0.04199605213662028,0.04969039900309133,-1.4809610484045554
WINDOW,74.23745685299302,20.78460969082653,0.0,0.0,0.0,0.0,0.0,0.0,0.0,0.0,0.0,0.0,0.0,0.0
WINDOW,107.77847651548986,83.71578903249575,0.0,0.0,0.0,0.0,0.0,0.0,0.0,0.0,0.0,0.0,0.0,0.0
WINDOW,90.78435988649146,35.21836642056718,0.08408753405298984,0.22838668125098932,0.15664308128135263,2.6457513110645903,4.4444447,8.720983398931825,1.8882352157831022,-3.1299034921815685,-4.1666665,4.661561707792311,0.29796037361304356,-1.462440861145108
WINDOW,103.75355415599024,86.02519010925425,0.0,0.0,0.0,0.0,0.0,0.0,0.0,0.0,0.0,0.0,0.0,0.0
WINDOW,81.39287438099234,87.75724091682312,0.29587511160550845,0.26352312780643944,0.385501111363385,0.2939723762952761,0.33333334,1.178511254837127,0.14907120148140993,-0.54433108116837,-0.6666667,0.6299407631510805,0.3155340388125863,-1.4809610484045554
WINDOW,96.59813662799091,87.1798906476335,0.08408750390185539,0.035136424419506464,0.06085806789716965,0.04199605213662028,0.0,0.23570226510956102,0.0,-0.13608276620960963,-0.16666667,0.12598816018950554,0.09938079800618266,-1.4809610484045554
WINDOW,98.38699100999074,86.02519010925425,0.0518999346867798,0.035136424419506464,0.06085806789716965,0.013998684171528249,0.0,0.0785674193461644,0.0,-0.04536092070904224,-0.055555555,0.04199605213662028,0.04969039900309133,-1.4809610484045554
WINDOW,72.89581606649314,87.75724091682312,0.0,0.0,0.0,0.0,0.0,0.0,0.0,0.0,0.0,0.0,0.0,0.0
WINDOW,58.58498101049449,83.13843876330613,0.0,0.0,0.0,0.0,0.0,0.0,0.0,0.0,0.0,0.0,0.0,0.0
WINDOW,80.49844718999243,81.40638795573724,0.04103050197168,0.017568209363703336,0.04811252473482463,0.013998684171528249,0.0,0.0785674193461644,0.0,-0.04536092070904224,-0.055555555,0.04199605213662028,0.04969039900309133,-1.4809610484045554
WINDOW,100.62305898749054,33.4863156129983,0.1271283568844152,0.14054569135347053,0.1217161357943393,3.149703815755402,5.5555553,9.978062278176083,2.385139250535375,-3.4020689511160955,-4.5,5.333498632689709,0.27826624515043774,-1.4626954195863349
WINDOW,76.02631123499285,88.91194145520238,0.0518999346867798,0.017568209363703336,0.04811252473482463,0.027997368721020974,0.0,0.1571348386923288,0.0,-0.09072184141808448,-0.11111111,0.08399210427324055,0.09938079800618266,-1.4809610484045554
WINDOW,106.43683572898999,35.21836642056718,0.14213380463500838,0.22838668125098932,0.17347215196291432,3.317688235961988,5.888889,10.135196961304919,2.7329719228093436,-3.5381519867695768,-4.0,5.4174906538107654,0.2633295167789931,-1.5003654019831985
WINDOW,84.52336954949205,35.7957166897568,0.07565646277796521,0.14054566605524926,0.12171609336793243,2.883728931019601,5.0,9.270955496989535,2.1366871437165194,-3.2206254479091743,-4.2777775,4.955534159680481,0.2844001642164118,-1.461556624115234
WINDOW,101.0702725829905,83.13843876330613,0.0,0.0,0.0,0.0,0.0,0.0,0.0,0.0,0.0,0.0,0.0,0.0
WINDOW,88.99550550449163,83.13843876330613,0.1556997648638646,0.10540925744713107,0.12909943367650553,0.16798421232612581,0.11111111,0.7856742641723222,0.04969039900309133,-0.4082482904638631,-0.5,0.41996055916265007,0.3312693117801557,-1.4809610484045554
WINDOW,76.02631123499285,35.7957166897568,0.0,0.0,0.0,0.0,0.0,0.0,0.0,0.0,0.0,0.0,0.0,0.0
WINDOW,55.00727224649483,87.75724091682312,0.0,0.0,0.0,0.0,0.0,0.0,0.0,0.0,0.0,0.0,0.0,0.0
WINDOW,72.00138887549322,88.91194145520238,0.0,0.0,0.0,0.0,0.0,0.0,0.0,0.0,0.0,0.0,0.0,0.0
WINDOW,72.00138887549322,84.870489570875,0.0,0.0,0.0,0.0,0.0,0.0,0.0,0.0,0.0,0.0,0.0,0.0
WINDOW,109.5673308974897,80.82903768654762,0.0840874978716285,0.19325029794109247,0.2626432880312097,0.1539855232410594,0.22222222,0.5499719566363542,0.09938079800618266,-0.22680462395762574,-0.2777778,0.2939723762952761,0.1076625363908565,-1.4809610484045554
WINDOW,97.49256381899083,36.950417228136054,0.3408249263791069,0.5797509254460539,0.6942223056838349,3.0237157840738176,6.111111,8.878118082060661,2.385139250535375,-2.3134069112538422,-4.0,4.745553728913368,0.2590003102891153,-1.389638914721094
WINDOW,77.81516561699267,83.71578903249575,0.0,0.0,0.0,0.0,0.0,0.0,0.0,0.0,0.0,0.0,0.0,0.0
WINDOW,95.70370943699099,82.56108849411649,0.0518999346867798,0.14054566605524926,0.060858078503771375,0.25197632793830055,0.22222222,1.2570787378229018,0.0,-0.54433108116837,-1.0,0.6719368493045033,0.39752320096900257,-1.4049776164399488
WINDOW,83.18172876299218,6.9282032302755105,0.08206097982245245,0.7378647768316964,0.6952216950530249,2.3657775293632626,3.8888888,8.013876617745277,1.5900928038760103,-2.9030989090487718,-4.0555555,4.283597234783084,0.30737061972887386,-1.4552101993327284
WINDOW,84.07615595399209,50.806823688687075,0.14213380463500838,0.10540922898663216,0.10540926700621778,2.7717395317284117,5.111111,8.642416057367408,2.0869969280710023,-2.7216552017177054,-4.0,4.619565697231783,0.27633768571333966,-1.439505711275966
WINDOW,81.8400879764923,52.53887449625595,0.2696799476989243,0.15811383557425407,0.19364913283708876,5.459487042335767,11.0,14.849242404917497,5.0684205999283245,-4.218565532043821,-4.6666665,7.937253933193771,0.2132237636769452,-1.5050518228861902
WINDOW,69.31810730249347,39.25981830489456,1.141798436474391,0.05270462872356554,0.09860132069869963,0.8679184586989857,2.1111112,2.042752860573868,0.8447367517476009,-0.22680462395762574,-0.6111111,1.0918973328742587,0.051760832481225795,-1.3160346849431457
WINDOW,71.55417527999327,23.67136103677466,0.2441228209939415,0.07027284567673527,0.06085805729056794,0.2659749981251433,0.5555556,0.8642416057367407,0.14907120148140993,-0.18144368691865187,-0.5555556,0.4619565697231783,0.2401702476865109,-1.304697217656313
WINDOW,84.52336954949205,81.98373822492687,0.0,0.0,0.0,0.0,0.0,0.0,0.0,0.0,0.0,0.0,0.0,0.0
WINDOW,59.4794082014944,81.40638795573724,0.0518999346867798,0.035136424419506464,0.060858064361635746,0.027997368721020974,0.0,0.1571348386923288,0.0,-0.09072184141808448,-0.11111111,0.08399210427324055,0.09938079800618266,-1.4809610484045554
WINDOW,77.36795202149273,87.75724091682312,0.0,0.0,0.0,0.0,0.0,0.0,0.0,0.0,0.0,0.0,0.0,0.0
WINDOW,84.52336954949205,83.13843876330613,0.0,0.0,0.0,0.0,0.0,0.0,0.0,0.0,0.0,0.0,0.0,0.0
WINDOW,88.54829190899167,85.44783984006463,0.2542566594967884,0.3513641493267348,0.34694440645631197,0.6719368493045033,1.1111112,2.2784552388205137,0.4472135954999579,-0.8164965809277261,-1.16666665,1.21788555353808,0.2741253692498969,-1.4461396456757019
WINDOW,105.54240853799007,21.93931022920578,0.4494665493470727,0.9311151696411186,0.8110919245288539,5.459487042335767,10.111111,15.556349186104043,5.018730250118729,-5.30722777603022,-4.8333335,8.315218406202998,0.24472979153875093,-1.5507541847639426
WINDOW,77.36795202149273,38.68246803570493,0.3742557203363935,0.07027284567673527,0.1217161357943393,0.27997366831198606,0.7777778,0.7856742641723222,0.14907120148140993,0.04536092070904224,-0.6111111,0.41996055916265007,0.10352166496245159,-1.069629467745782
WINDOW,93.91485505499116,88.33459118601276,0.0,0.0,0.0,0.0,0.0,0.0,0.0,0.0,0.0,0.0,0.0,0.0
CEMENT,21.913466179497938,24.248711305964285,0.28009135754558945,0.4216372321742946,0.31622798133088253,22.25790827494835,50.666668,52.71874205116051,23.006654322522643,-10.070124225943095,-11.166667,28.17935294530782,0.14441899944431827,-1.5031219870589758
CEMENT,84.07615595399209,42.146569650842686,0.2800913454851357,0.7202968381589607,0.7048116186408331,15.188571893338828,35.666668,35.198205790412096,15.702165745094526,-5.534032155038871,-7.611111,18.81423238526925,0.13286532564729597,-1.453078838072876
CEMENT,62.162689774494154,54.848275573014455,0.7612232795647232,2.231162490527261,2.0240450778853716,17.708335550686307,42.88889,39.83368106403313,18.48482980656785,-4.853618609764627,-8.2777775,21.291998142233833,0.11831992706045757,-1.3935671757332977
CEMENT,41.14365078599613,40.41451884327381,0.41030462775205206,0.24595458830094835,0.23174039884758138,23.097828486158914,53.444443,54.44722215136415,23.65263065890177,-9.38971068066885,-12.333333,29.103264421710495,0.1405881812016735,-1.4642993498981003
CEMENT,75.57909763949289,67.54998149518623,0.1871277094125244,0.3513641493267348,0.4574486606636912,11.814889732558417,27.444445,27.577164466275352,12.223838575141247,-4.672175106557705,-5.888889,14.74061444735986,0.13736163349713232,-1.477085396136872
CEMENT,28.17445651649735,10.96965511460289,0.35769505897978743,0.4567735206158617,0.3132858514357215,17.078394258384964,38.0,41.562166821091026,17.341950419306357,-8.800018478749775,-9.6111105,22.215912642352293,0.15886219630817705,-1.5087371220083785
CEMENT,30.857738089497097,39.25981830489456,0.260147515784426,0.24595480966038455,0.20637947320363825,21.277999472046993,49.22222,50.20458146424487,21.764395577282748,-8.663935443096294,-11.444445,26.83547758365513,0.1413312847283641,-1.4633862629115544
CEMENT,67.52925292049365,51.3841739578767,1.3801130032286553,0.2283866591150457,0.13777352670345652,11.982873396836055,27.333334,28.991378028648445,11.975386826093267,-5.35258865183195,-7.388889,15.496543393378316,0.15709384666953088,-1.4471233726296886
CEMENT,76.02631123499285,91.79869280115051,0.4283710367634794,0.5094780323351538,0.41777632863920283,7.755270842800343,20.333334,15.79205191790408,8.4473684119032,-0.22680462395762574,-2.4444445,8.441206815849057,0.06765439222878646,-1.1290226896995117
CEMENT,80.49844718999243,66.9726312259966,0.4858261340521842,0.42163691594652863,0.2886751872998208,12.542820582274238,29.11111,29.46278349224852,12.869814017093184,-4.989701237169817,-6.611111,15.748520212670432,0.13839495181448666,-1.4623767265600542
CEMENT,25.93838853899756,62.931179341669214,0.18802542928987026,0.3337958944262332,0.17347220499592295,15.804514893417801,36.11111,37.94806486648709,15.950618835783294,-6.985581405439112,-9.2222225,20.284093888781157,0.14979942621177825,-1.4627522002608642
CEMENT,85.41779674049197,58.31237718815221,0.23498693679983187,0.3513642441950646,0.4194352365032055,17.022399955602065,39.0,40.38365316209084,17.44133022449836,-7.3938296959029755,-9.055555,21.585970594122003,0.14433058084435196,-1.4808956410272955
CEMENT,10.73312629199899,8.660254037844387,0.20840889268210877,0.351364054458405,0.19244963224882294,26.4855089391617,61.0,61.832556501060175,27.62786311580539,-11.113425185879473,-12.444445,33.050891682186986,0.13517935637089923,-1.5025887578352832
CEMENT,67.97646651599361,56.58032638058333,1.172065471893023,0.3337960841628928,0.27301474138892434,10.876978074111005,24.88889,26.24151753835989,10.882197788641374,-4.762896858161166,-6.6666665,14.02668113393746,0.1549139084704023,-1.4445770103999578
CEMENT,19.677398201998148,28.86751345948129,0.28954837845769543,0.3337965268817652,0.13777339235316807,24.609688268018186,57.333332,56.8042466409374,25.789317936782368,-9.525793716322331,-11.166667,30.36314700631318,0.12976580449242056,-1.4904287132298966
CEMENT,46.95742752749558,39.83716857408418,0.46166156764326827,0.5797507040866178,0.5204165902390314,22.50988471627599,53.444443,51.775928295533234,23.25510696599781,-7.484552264003017,-11.333333,27.67539779486569,0.12953654938695944,-1.4303790840511912
CEMENT,12.074767078498864,32.908965343808674,0.09881371898112165,0.22838683936487236,0.13777236704833537,26.59749981251433,60.0,63.718180476780816,27.280029325497434,-12.701057471933195,-14.055555,34.05880009324887,0.14998946068491406,-1.5052896228967036
CEMENT,23.25510696599781,19.052558883257653,3.9269425464929864,0.08784111638862521,0.08871524311326097,13.536728055362438,31.333334,32.21264327543029,13.664859614046716,-5.488671687485431,-7.888889,17.21838209414681,0.15083176513135846,-1.4357296903537515
CEMENT,20.12461179749811,38.68246803570493,0.0898929842371624,0.33379548333013737,0.2287240333469975,24.469699676327398,57.11111,56.882809032754345,25.34210434128241,-9.34435021311541,-12.1111105,30.405140371122396,0.13333465395509336,-1.4684219945644525
CEMENT,32.19937887599697,18.475208614068027,0.8150522506678636,0.7202966484223011,0.6968847041363585,21.305997190385153,48.555557,51.46166175770269,21.36687277880598,-9.571154592124063,-12.8888895,27.507415264481477,0.15402452137662365,-1.457069183060468
CEMENT,63.50433056099403,68.70468203356548,0.25754621158351415,0.3337958944262332,0.2162388044750785,17.246379056556023,40.666668,39.597979746446654,17.98792362519032,-6.078363481156216,-8.1111105,21.166010488516722,0.12556429537260183,-1.4594954785587535
CEMENT,109.12011730198974,77.36493607140986,0.3403308698898818,0.31622795575349755,0.25819876835806166,16.896412301884954,37.11111,41.16932657773503,17.341950419306357,-9.29898933731368,-8.8888895,22.005930699727287,0.1615712865777731,-1.538204170768731
CEMENT,52.771204268995035,64.08587988004847,0.31569480004031514,0.17568202406692485,0.09622498583003897,23.53178839584446,56.444443,53.26871273500466,24.596747752497684,-7.121664849340885,-10.8888895,28.473324641267045,0.12039777086786947,-1.4242021527641362
CEMENT,34.88266044899672,49.0747728811182,0.6348469100643656,2.0554803209955637,1.6257475965242099,18.47826354485608,42.444443,43.52635177441505,19.081114004283,-7.89280055446688,-9.333333,23.265813662294445,0.14097418914449333,-1.483059741331117
CEMENT,0.8944271909999159,54.848275573014455,0.4041033534747178,0.28109187602225605,0.32203068696059634,21.026023786648295,47.444443,50.6759883420585,21.36687277880598,-10.024763350141365,-11.7777775,27.087455158876192,0.1510489857189647,-1.4904808269996697
CEMENT,50.9823498869952,83.71578903249575,0.3956838300841905,0.31622755730651236,0.2472066166678215,23.097828486158914,52.444443,54.290088882448885,24.19922405959373,-10.61445555206044,-10.5,29.019273156518388,0.14182931073258473,-1.5317002733060554
CEMENT,63.05711696549407,9.81495457622364,1.341515239510474,1.5811388300841898,0.8198917269993642,16.854416291324426,40.333336,38.18376618407356,17.640091176523146,-5.216506024426759,-7.7222225,20.41008154249827,0.119936398489936,-1.4354607069341883
CEMENT,9.838699100999074,72.16878364870323,0.5446402032731701,0.7730012866326996,0.4753166833388504,22.005930699727287,50.22222,52.16876853888924,22.65882276828266,-9.797958971132713,-11.333333,27.885379737490705,0.14485627595372622,-1.4939210429114986
CEMENT,102.41191336949036,58.889727457341834,0.21711298247964855,2.512253778365872,1.918357362835324,16.16848107420466,37.0,38.49803484322445,16.497213130902445,-7.0763039735391535,-8.833333,20.578065206775907,0.1423351898075424,-1.4768485153651743
CEMENT,102.85912696499032,67.54998149518623,0.28009135754558945,0.4567730778969893,0.3042904066609925,14.754613117546702,33.555557,35.198205790412096,15.10588244180657,-6.713416558877022,-7.888889,18.81423238526925,0.14982812838033743,-1.4893329098510917
CEMENT,35.77708763999664,44.45597072760119,0.32045828731989584,0.21081852121881747,0.19720285352943362,22.34189954014046,51.11111,52.32590180780451,23.354486771189812,-9.797958971132713,-10.333333,27.969371002682813,0.1389447338481145,-1.5153641267616587
CEMENT,110.90897168398956,59.467077726531464,0.1731080560181417,0.3513642441950646,0.33054399451210725,13.466734326463751,30.777779,31.97693842230991,13.813931557902695,-5.9422804455027345,-7.111111,17.092392550607336,0.14485903526161045,-1.4867675264489468
CEMENT,101.9646997739904,12.701705922171769,0.2594995980560629,0.43920517084703026,0.3449370116218032,18.77223599674425,42.77778,44.469160580294854,19.37925520871338,-8.437131064087643,-9.5,23.76976616698526,0.142873071487394,-1.5015674128005372
CEMENT,101.9646997739904,24.248711305964285,0.46889790021540356,1.3703205302248083,0.7888109898536657,16.840417621137583,39.555557,38.2623328185312,17.88854381999832,-6.123724356957946,-6.8333335,20.452077175094324,0.12145076658342581,-1.499159007103816
CEMENT,48.746281909495416,64.08587988004847,0.3282443353754652,0.4743418387619165,0.5204168023710658,21.83794816934307,51.333332,50.6759883420585,22.509750377213088,-7.89280055446688,-11.166667,27.087455158876192,0.13366870909452397,-1.4461500401453853
CEMENT,8.497058314499201,35.7957166897568,0.2671690818258185,0.21081852121881747,0.1290987053565209,23.741768826611573,53.77778,56.5685424949238,24.447677150282495,-11.068064310077743,-12.2222225,30.237157840738178,0.1472962599143661,-1.5034553171956275
CEMENT,34.88266044899672,73.90083445627211,0.26780069985089383,0.439204949487594,0.3973290632689877,18.870226310087673,42.666668,45.411967264854304,19.18049470390219,-8.890741046849817,-10.555555,24.273717537782648,0.1521585002887203,-1.4866506416980165
CEMENT,76.02631123499285,69.85938257194472,0.5532276383314928,0.8608422765302184,0.6807540428225748,12.234849838163699,28.666666,28.677109369497554,12.472290771402822,-4.536092070904224,-6.7222225,15.328559729100675,0.14016886031812487,-1.4313739125816425
CEMENT,25.93838853899756,27.712812921102042,0.07565673413817534,0.08784090767829963,0.0887151971513202,15.440548712630944,35.444447,37.08382128085136,15.503405240283335,-6.6226939907769795,-9.2777775,19.822136260757453,0.1516576076453525,-1.4486720071911652
CEMENT,80.05123359449247,76.78758580222024,0.7175060944246873,0.28109147757527086,0.26527407881061427,13.900694236149295,32.0,32.762613252167654,14.310835055998654,-5.851558693899274,-7.1666665,17.51235341214156,0.14015562279569807,-1.4789647445399097
CEMENT,46.06300033649567,37.52776749732568,0.32670132091845405,0.3865003428999721,0.3220304783640959,22.733863061301,53.77778,52.24733163781297,23.60294075630577,-7.802077986366839,-11.055555,27.927373480264393,0.12837060540572362,-1.44384176076888
CEMENT,50.9823498869952,74.47818472546173,0.3447533176876106,0.2459543859151781,0.3132860812454254,23.587782320662885,54.22222,55.154328932550705,24.596747752497684,-10.024763350141365,-11.1111105,29.48122889471972,0.1368382012885513,-1.5040084161198715
CEMENT,4.919349550499537,35.7957166897568,0.15131313661387166,0.22838726311007881,0.13777318022113375,25.239628426426115,57.444443,59.86837649748362,26.037768344189562,-11.430952132988166,-12.833333,32.00099330799615,0.14434279424764507,-1.5022193652527913
CEMENT,18.335757415498275,58.31237718815221,0.28009122488059784,0.6500233125925285,0.5498312777422373,24.329712974458968,56.88889,56.1757022515678,25.3917951383056,-9.1629063016602,-11.3888895,30.02717589811317,0.1294064147028049,-1.4775489753426179
CEMENT,54.11284505549491,58.889727457341834,0.5592803579693535,0.3865005326366317,0.3042901308893478,19.528164942762704,47.11111,44.07632175115241,20.373064440973277,-5.579393439088892,-9.166667,23.559784980289198,0.12047934262768865,-1.4105933877854542
CEMENT,98.38699100999074,64.08587988004847,0.4991573978504211,0.7202964586856415,0.5647846416206844,11.184948440257072,25.444445,27.027190954004077,11.230029790094948,-5.080423397021568,-6.7222225,14.446641239542744,0.15622294291365427,-1.4599796345718317
CEMENT,97.93977741449079,76.21023553303061,0.1976291294408864,0.351364054458405,0.2652745737853611,13.312747820515062,29.555555,32.29121061699471,13.615169711450717,-6.940220937885672,-7.1666665,17.26037810470734,0.15864734595262694,-1.5181361974759442
CEMENT,107.77847651548986,40.41451884327381,0.2147743851132673,1.300047352508919,0.9737287469434595,15.104580250182245,36.444443,34.17682681454075,15.702165745094526,-4.309287283647282,-7.2777775,18.268282358160018,0.12255940461453425,-1.4074338932657564
CEMENT,83.18172876299218,56.58032638058333,0.35628106122712117,1.879798246332196,1.0888747222986581,12.836793412126882,31.0,28.991378028648445,13.366717962402738,-3.628873738373038,-6.111111,15.496543393378316,0.11882366845442871,-1.3861482113850885
CEMENT,93.4676414594912,40.41451884327381,0.5492570957370171,2.7757771275317475,1.2239892517332085,13.886694432069035,33.666668,31.42696703135898,14.360524958594652,-3.7649563657782283,-6.9444445,16.798420476683635,0.12224943639935729,-1.3863407565616055
CEMENT,24.149534156997728,76.78758580222024,0.5141103102643352,0.4040686610460269,0.4308690117336358,8.105238353400358,19.88889,18.22764233482818,8.34798771228401,-1.905158620789979,-4.1666665,9.743084655083324,0.12086869572820284,-1.3461972439334735
CEMENT,40.69643719049617,36.950417228136054,0.2147739901334059,0.3337960841628928,0.36068353717670737,23.433797326572087,53.666668,55.23289910254224,24.24891396218973,-10.206207261596576,-11.666667,29.52322641713814,0.14054130874472914,-1.4977135394217145
CEMENT,9.838699100999074,50.229473419497445,0.37961553675328,0.3689323726044599,0.22047968800184656,24.203726076670804,55.77778,56.8042466409374,25.043961347997644,-10.115485918241406,-12.055555,30.36314700631318,0.13850194766721,-1.488511393192709
CEMENT,38.907582808496336,84.29313930168537,0.18440913237413903,1.6162752133940868,1.666111160782647,16.30846702014414,36.88889,39.519413111989024,16.397832431283252,-7.665996175458228,-9.7222225,21.12401485592067,0.15538603633530756,-1.472084878401677
CEMENT,24.149534156997728,72.74613391789286,0.8131907799287094,1.0716606712579295,0.8042131190507931,8.80517261867144,21.0,20.42753001995224,8.94427190999916,-2.812377157445311,-4.9444445,10.918974084671534,0.13675143290675237,-1.3921096165252378
CEMENT,16.994116628998402,54.27092530382483,0.3140907898382959,0.281091085452841,0.27554639579760654,25.743581687045868,61.11111,58.454162935110524,27.081268373472646,-8.573214099741124,-11.333333,31.24506436197769,0.11952156763088617,-1.4626761862818867
CEMENT,65.74039853849382,19.62990915244728,1.252741043268502,0.2459551891337038,0.27554611295489406,17.98830971035211,41.11111,42.426406871192846,18.63390040878304,-7.938161430268611,-8.8888895,22.677868380553633,0.14200918898496673,-1.5010990959793578
CEMENT,50.08792269599529,21.93931022920578,3.3390358270865206,0.35136446555450085,0.3776141837473865,24.427704043731342,58.22222,55.46859547038125,25.590554748689602,-7.847438862168569,-11.1111105,29.649211425103942,0.12148970099905003,-1.4416661346245252
CEMENT,67.52925292049365,58.31237718815221,1.9709164627270175,0.15811388300841897,0.12360349218167387,11.786891636255783,27.222221,27.891433125426243,12.025077175902863,-4.853618609764627,-6.4444445,14.9085981116375,0.14636748224709584,-1.4555015273265774
CEMENT,75.57909763949289,75.63288526384099,0.5628810968997046,2.9163226607713355,0.7478383238139142,13.49473204480191,30.666666,32.36977866566591,13.714549963856312,-6.169085232759676,-7.5555555,17.30237449323234,0.1514349355240171,-1.4772772342066078
CEMENT,31.304951684997054,21.93931022920578,0.08206119691062054,0.31622795575349755,0.26874170925234964,21.921939434535176,50.0,52.561605953818116,22.211609172782705,-9.797958971132713,-12.5,28.095360168257816,0.15027066859376442,-1.4697239902806511
CEMENT,21.01903898849802,55.425625842204084,0.17310785400554082,0.26352312780643944,0.26614520961629873,23.4057999861984,54.444443,54.44722215136415,24.29860475921292,-9.1629063016602,-11.3888895,29.103264421710495,0.1329212094581896,-1.4772203828214003
CEMENT,48.746281909495416,57.73502691896258,0.14793806686448327,0.1405457419499131,0.14272492880163032,21.599969642273322,51.555557,49.26177477968541,22.460059580189895,-6.849499594530502,-10.3888895,26.331526212857735,0.12475599257582332,-1.4312272586352246
CEMENT,60.82104898799428,25.980762113533164,0.4656558994828312,0.6500236604430711,0.5396331716119305,20.060114409862727,48.11111,45.09770072702376,21.168109590713215,-6.078363481156216,-8.6111105,24.10573500739843,0.11599259173238816,-1.4466732284527852
CEMENT,41.59086438149609,38.68246803570493,0.4188324841686861,0.47434145928859733,0.41998685050320916,22.957841784290487,53.0,53.66154520018606,23.85139116371296,-9.48043202402402,-11.1111105,28.683302426282847,0.13552539683468925,-1.4918567153745026
CEMENT,23.70232056149777,24.248711305964285,0.21477420420646054,0.19325026631831585,0.1888070565183542,10.680996313530734,24.444445,25.612977391630984,10.782816194594991,-4.672175106557705,-6.2222225,13.690712293524289,0.15111050889329763,-1.4573511772448053
CEMENT,85.41779674049197,61.77647880328996,0.46020050396971335,3.26768681009807,1.064581361724213,11.044961360424173,26.88889,25.377277488258073,11.130649984902949,-2.8577380332470415,-6.5,13.564725395736126,0.13933040638073774,-1.32735178755468
CEMENT,17.44133022449836,9.81495457622364,0.3282439735618518,0.28109187602225605,0.2854497091108366,26.905472824411714,63.333332,61.75399410924323,28.12476661390135,-9.616515059677502,-12.444445,33.00889831737777,0.12739948108309548,-1.4673605565752135
CEMENT,8.497058314499201,58.889727457341834,0.4524528383083087,0.3689323726044599,0.22047926727331177,22.061926136403606,50.666668,51.933061564448515,22.807893370497855,-9.43507114822229,-11.055555,27.759389060057806,0.14177297076382367,-1.486371970915551
CEMENT,41.14365078599613,51.3841739578767,0.38138492592780016,0.3865003428999721,0.3388428330413504,22.271906567170717,51.0,52.64016834563506,22.956963972713044,-9.707237627777543,-11.3888895,28.137353533067035,0.14215608970681656,-1.4911162331532442
CEMENT,35.32987404449668,16.165807537309522,1.1342543512728451,0.26352312780643944,0.23273733809177458,23.587782320662885,53.444443,55.940005883728794,24.447677150282495,-10.977343374970863,-11.6111105,29.90119089014737,0.14514575731409335,-1.516395724844732
CEMENT,51.87677707799512,72.16878364870323,0.21788693195004522,0.6500234390836348,0.2029867748675052,23.02783551318917,52.555557,54.05438190800815,24.050154351805727,-10.251567729150016,-10.7222225,28.89328247908549,0.141858701610081,-1.516776077582332
CEMENT,48.746281909495416,43.87862045841156,0.20840899519596592,0.12297740483019227,0.11587030725757481,19.570161331287704,47.666668,43.52635177441505,20.62151529559406,-5.035062112971548,-8.5,23.265813662294445,0.11211889912234278,-1.4070875523643311
CEMENT,14.310835055998654,50.806823688687075,0.10540919823569721,0.35136446555450085,0.2545872381508209,25.421610760890594,57.88889,60.104076400856535,26.33591223190152,-11.476312600541606,-12.555555,32.126980205784314,0.14316274067747123,-1.5075708200834894
CEMENT,50.53513629149525,71.01408311032398,0.18712792047046564,0.614887213887621,0.6074387722307584,22.425891561261516,51.88889,52.16876853888924,23.404177568213004,-9.11754542585847,-10.5,27.885379737490705,0.13379004708725503,-1.4933680146979325
CEMENT,52.771204268995035,12.124355652982143,1.3791374331221393,0.4040688824054632,0.37577114527756283,24.903657696190574,59.333332,56.01856898265252,26.435292037093518,-8.02888277362378,-10.166667,29.943184632921056,0.11496059269514054,-1.4652369734899537
CEMENT,106.43683572898999,42.146569650842686,0.4236285949757502,0.4743416490252569,0.27638548405950153,16.448454477941514,38.77778,37.476659402887016,17.341950419306357,-5.8061978180975435,-7.111111,20.03211706948904,0.12268601972769219,-1.4823889798384835
CEMENT,79.60401999899251,14.433756729740645,0.09881474411969322,0.4919099671713118,0.4388531311767084,16.938408312445482,39.555557,38.89087296526011,17.838853917402318,-6.4412508958183485,-7.388889,20.788046015507497,0.12726880527049036,-1.498225201888581
CEMENT,101.51748617849044,25.403411844343537,0.12171621015856367,0.5094775263707282,0.3528980298863344,18.072301731473164,42.88889,41.012193308819754,19.031423654473404,-6.033002605354485,-7.888889,21.921939434535176,0.12163618581225603,-1.4640402659734737
CEMENT,10.73312629199899,53.6935750346352,0.2328280552703862,0.6500236604430711,0.6119940601811793,23.755767118833944,54.77778,56.01856898265252,24.3979868004729,-9.888680314487884,-12.444445,29.943184632921056,0.14111283877550618,-1.4734091479814828
CEMENT,86.31222393149189,72.16878364870323,0.7691439825867811,0.6148874036242806,0.6642318564840479,14.152669165619047,32.333336,33.62685683780339,14.509597796877822,-6.259806984363137,-7.5,17.974311040165265,0.14392469425721216,-1.4854103764038153
CEMENT,100.17584539199058,71.5914333795136,0.3901134079931163,0.5973190538554493,0.4194352365032055,16.448454477941514,36.77778,39.83368106403313,16.74566398552323,-8.255687152632433,-9.1111105,21.291998142233833,0.1556400357690077,-1.5045821625621265
CEMENT,53.66563145999495,62.35382907247959,1.0548908065132963,0.5270460658762193,0.5527713570277327,21.949936774908863,52.666668,49.18320814522777,23.25510696599781,-6.6226939907769795,-9.1111105,26.289530580261683,0.11290283772243849,-1.4523045561474768
CEMENT,70.65974808899335,43.87862045841156,0.19847914419329313,1.036524414439139,1.083760996767795,13.172761874575581,31.88889,29.698484809834994,13.714549963856312,-3.628873738373038,-6.2777775,15.874507866387543,0.12088626227823407,-1.4011314505250407
CEMENT,24.596747752497684,83.71578903249575,0.8976211926827531,0.31622776601683794,0.14907143843694956,10.121049128092551,24.222221,23.570227925169668,10.186532444093436,-3.1299034921815685,-6.0,12.598816774879502,0.14102353916475674,-1.3680295900666768
CEMENT,33.54101966249684,51.96152422706633,0.9050920106275665,0.8959786598401153,0.979653842150395,18.226285969635015,41.22222,43.44778231153029,18.78297101099823,-8.573214099741124,-9.333333,23.2238165178405,0.1465212879468602,-1.5074536524898468
CEMENT,46.51021393199562,64.66323014923809,0.07565635724899461,0.3337960841628928,0.2518449755228962,22.355898588291776,52.22222,51.85449917263156,23.205417063401814,-8.482492756385954,-10.8888895,27.71739569524859,0.1313379212774973,-1.4696951403239789
CEMENT,64.39875775199394,20.207259421636905,0.6129905336027304,0.6500238818025074,0.6119943076685528,14.208664980259835,32.333336,33.54828737491862,14.758048651498612,-6.4412508958183485,-6.888889,17.932313895711317,0.14298026858623533,-1.5123331135441025
CEMENT,42.03807797699604,60.04442799572109,0.42837133827482393,0.3162281771129338,0.18257454663829786,21.06801941924435,48.88889,49.18320814522777,21.814086374305937,-8.391770188285912,-10.444445,26.289530580261683,0.13553764154293405,-1.4746642625180892
CEMENT,17.88854381999832,9.81495457622364,0.28721381229799114,0.4567737103525213,0.392050440436752,26.653495249190648,62.444443,61.20402342539908,27.975695564472563,-9.888680314487884,-11.944445,32.71492662141854,0.12800971745056303,-1.4838784295623746
CEMENT,46.95742752749558,64.08587988004847,0.11749352568707142,0.3337960841628928,0.1566427772254367,22.747861353523373,53.22222,52.954438418999516,23.4538679180226,-8.527853632187684,-11.6111105,28.30533795327362,0.134013756744132,-1.455225967813949
CEMENT,62.60990336999411,66.9726312259966,0.3688182345971436,0.17568202406692485,0.17743006196245323,17.69433725846394,42.333336,39.99081786848231,18.584210058973444,-5.488671687485431,-7.888889,21.375991297248312,0.1183162867417902,-1.4415245718469318
CEMENT,58.13776741499453,18.475208614068027,0.31569473973804624,0.2635233396790426,0.295803506012225,22.481886242008887,54.22222,50.12601482978724,23.85139116371296,-6.4412508958183485,-9.2222225,26.79348195105908,0.11135647149619064,-1.4442104462445908
CEMENT,45.61578674099571,91.22134253196089,0.6401286048918721,0.5797509254460539,0.3708094123493159,14.866602101076971,35.555557,33.54828737491862,15.652475842498527,-4.6268138225076845,-6.5,17.932313895711317,0.11813229412432961,-1.4489834170176
CEMENT,105.54240853799007,67.54998149518623,0.12171622824924434,0.4040688824054632,0.26264341884596426,17.344370125828398,39.555557,41.326461967970644,17.739473217783125,-7.7567175188133985,-9.333333,22.089923098812818,0.14779375373440812,-1.4845566863868889
CEMENT,10.285912696499032,14.433756729740645,0.22622552969568785,0.19325017144998605,0.2287242454790319,26.625495641030124,60.666668,62.932503525602726,27.5781723187822,-11.97528345910551,-13.166667,33.63883809782122,0.1422991622802889,-1.5064342166434102
CEMENT,37.11872842649651,82.56108849411649,0.3328280314402743,0.3865003428999721,0.19245005297735773,19.038210352329788,43.0,45.80480750821032,19.37925520871338,-9.026822857758427,-10.555555,24.48369948040766,0.15260206909341695,-1.4912848074098788
CEMENT,33.09380606699688,36.950417228136054,0.3637627637314738,0.6324555320336759,0.3944053181501375,21.389989967435152,49.666668,50.20458146424487,21.96315608209394,-8.482492756385954,-11.2222225,26.83547758365513,0.13997933119635197,-1.4617081570984425
CEMENT,21.46625258399798,80.25168741735799,0.507187368583754,0.5797511151827136,0.37080997803474086,18.226285969635015,42.555557,42.740675530343744,18.63390040878304,-6.940220937885672,-9.833333,22.845852044831272,0.139002124768825,-1.4454944814485473
CEMENT,68.42368011149357,66.9726312259966,0.7451299004899438,0.351364054458405,0.2950204347495356,11.128954137474175,25.0,27.105761831102406,11.180339887498949,-5.443310403435411,-6.6666665,14.488639139925638,0.15909884832650775,-1.478405564497347
CEMENT,29.96331089849718,19.62990915244728,0.3688181441437402,0.17568223277725042,0.20637993282304604,20.50807261177064,46.22222,49.733178829071925,20.671205198190066,-9.843319438686153,-12.055555,26.58350227622091,0.1553933661661378,-1.4810492246201692
CEMENT,22.807893370497855,36.950417228136054,0.3637598692225658,0.2108187109554771,0.24720647524646527,15.118578920369089,35.22222,35.43390569378501,15.503405240283335,-5.851558693899274,-8.0,18.940219283057413,0.13868158442425044,-1.4356169775328307
CEMENT,43.379718763495916,26.55811238272279,0.4882454912322107,0.7027278875573738,0.49814477724132067,23.559784980289198,53.22222,55.940005883728794,24.447677150282495,-11.158786878177784,-11.5,29.90119089014737,0.14611302665552828,-1.5219085414428966
CEMENT,33.988233257996804,77.36493607140986,0.4342258745058937,0.456773330879202,0.192450307535799,18.492261837078445,41.88889,44.62629384921013,18.68359120580623,-8.618574567294564,-10.7222225,23.853757432177368,0.15254961093866481,-1.475671253285177
CEMENT,15.20526224699857,66.9726312259966,1.328272951710022,0.15811347823687846,0.0986017838536413,23.05583285356286,52.444443,54.05438190800815,24.19922405959373,-10.478372516406958,-10.333333,28.89328247908549,0.140082785117399,-1.5286186312429662
CEMENT,8.94427190999916,70.43673284113436,0.3576959635138212,0.5621825440544459,0.5252872124585225,22.957841784290487,51.555557,55.31146220146597,23.4538679180226,-11.249508221532954,-12.444445,29.565220159911828,0.15310933453052064,-1.505022477954771
CEMENT,42.03807797699604,46.188021535170066,0.35816617045569027,0.2635233396790426,0.17873015909694456,22.04792708825229,51.22222,50.99025841542296,23.10603636378262,-8.709297135394607,-10.0,27.25543957908278,0.13006473994819656,-1.496486214181609
CEMENT,102.41191336949036,13.856406460551021,0.33434219126160936,0.38650094373272753,0.3701853552595797,18.590252150421872,42.333336,43.29064692129467,19.677398201998148,-8.391770188285912,-7.7777775,23.13982411875497,0.13801901512183748,-1.5462990584890766
CEMENT,37.56594202199646,35.7957166897568,0.14793751208360925,0.2986592265113469,0.27301468128484796,23.069831523749702,53.444443,53.89724863909288,23.90108151352256,-9.29898933731368,-11.3888895,28.809291213893374,0.1355856365060031,-1.4805004390472905
CEMENT,23.25510696599781,51.3841739578767,0.8206098585267934,0.22838683936487236,0.17347208832330402,10.932972376893904,25.222221,26.08438426944462,11.031268390856566,-4.536092070904224,-6.388889,13.942689868745353,0.14808478245381568,-1.4484809469388886
CEMENT,50.08792269599529,51.96152422706633,2.09416383794675,0.4040686610460269,0.3110612758244391,24.63768598635635,57.666668,56.41140922600853,25.988078441593558,-9.208266769213639,-10.6111105,30.153166575546066,0.1244798650134178,-1.4911559725543468
CEMENT,62.162689774494154,66.39528095680697,0.28896610276416024,0.22838645989155312,0.22872404748913316,17.666339162161307,42.444443,39.83368106403313,18.534518367523063,-5.26186690022849,-7.9444445,21.291998142233833,0.11811577405411183,-1.429151405257695
CEMENT,110.4617580884896,66.39528095680697,0.5455669586929988,0.43920548707479623,0.46198061409033303,10.904975036520218,24.88889,26.005817634986983,11.130649984902949,-4.853618609764627,-5.9444445,13.900694236149295,0.14832409986517558,-1.4809587856628554
CEMENT,50.53513629149525,19.62990915244728,0.34230396012879866,0.2635223372370244,0.29580377824833576,27.549409007255164,65.0,63.01107369559426,28.870124097113266,-9.661875935479232,-12.5,33.68083562023964,0.12485127590448053,-1.4694765029072359
CEMENT,104.2007677514902,71.5914333795136,0.45245307951738434,0.6500236604430711,0.17347261511785603,15.468546053004628,35.77778,36.376714499664814,15.900928485973697,-6.305168268413158,-8.055555,19.44417178774823,0.14181006713157038,-1.4686373085793238
CEMENT,35.77708763999664,41.56921938165306,0.3026259415652643,0.456773330879202,0.4127598656460921,22.299903907544405,51.333332,52.64016834563506,22.907273175689856,-9.38971068066885,-11.666667,28.137353533067035,0.1406962458948901,-1.4780095846998824
CEMENT,12.96919426949878,45.03332099679081,0.21081857134797427,0.8257057034836619,0.8213013443676596,26.359522041373534,59.666668,62.53966328224673,27.32971922809343,-12.338170057271062,-12.944445,33.428856155196215,0.14556241727674873,-1.5171265904137663
CEMENT,67.52925292049365,74.47818472546173,2.4547754161626387,0.2283866591150457,0.29265682426740236,12.108861806482112,27.555555,29.06994466310608,12.273528924950844,-5.488671687485431,-6.888889,15.53853902597437,0.15134034537643293,-1.4699311725675388
CEMENT,65.74039853849382,50.229473419497445,1.995701991750091,0.49191022015352454,0.5993822096979532,16.378459993113882,37.88889,38.81230633080248,16.646282838690443,-6.66805568307529,-9.166667,20.74605038291144,0.14297686976290955,-1.4498432588635226
CEMENT,68.42368011149357,45.03332099679081,1.7096478373100479,0.9311150747727888,1.2436880445755378,11.45092392973603,27.11111,26.477219563053147,11.776624979641289,-3.9010389931834193,-5.9444445,14.152669165619047,0.1342571259106671,-1.426785496678523
CEMENT,38.46036921299638,11.547005383792516,0.3075921349218046,0.614887213887621,0.3757711099222238,24.63768598635635,56.444443,57.74705615392398,25.68993589552239,-10.70517689541561,-11.6111105,30.867099888968465,0.13843781723761533,-1.508280967423835
CEMENT,37.11872842649651,46.765371804359695,0.10379981510151759,0.22838645989155312,0.1377733499267612,22.467887571822043,51.88889,52.64016834563506,23.25510696599781,-9.253627645015369,-11.166667,28.137353533067035,0.1374821709775274,-1.4841112798254195
CEMENT,74.68467044849298,30.59956426705017,0.14793777741359249,0.2986592265113469,0.13777339235316807,15.286562584646727,36.88889,34.41253096055435,16.000309632806484,-4.3546485676973035,-7.0,18.39427152373502,0.11831639407305312,-1.4174378278739495
CEMENT,46.51021393199562,59.467077726531464,0.16101528926423275,0.2108187109554771,0.21081860118757975,22.25790827494835,52.22222,51.38309512324505,23.15572716080581,-8.16496580927726,-10.666667,27.465419631885418,0.12852666953414524,-1.4645126133033064
CEMENT,25.93838853899756,70.43673284113436,0.6679280413153453,1.932502884542595,1.0663192180603354,12.920785055283465,29.222221,31.34839968979456,12.96919426949878,-6.078363481156216,-7.7777775,16.756424466123107,0.15636908337239175,-1.46713216108489
CEMENT,45.61578674099571,28.86751345948129,0.3204584682267026,0.4216372321742946,0.30731829446657577,22.999838172815487,53.0,53.58298210126234,24.050154351805727,-9.616515059677502,-10.6111105,28.64130868350916,0.13629917474189518,-1.5057693241370604
CEMENT,12.96919426949878,10.392304845413266,0.243431937898976,0.5446146370044869,0.45592859321617457,25.81357314815772,59.0,60.889753352034624,26.733435924805477,-11.385591665434726,-12.7777775,32.546942201211955,0.1418365108714723,-1.501640951905781
CEMENT,17.44133022449836,79.67433714816836,0.15131300394888003,0.7554331266005279,0.5793513241558398,20.648059313639067,49.11111,47.21902107058341,21.46625258399798,-6.75877702643046,-9.944445,25.239628426426115,0.12562711099422574,-1.4351838039186755
CEMENT,35.32987404449668,25.403411844343537,0.9653946413567327,0.6675924213079983,0.3990727532360546,22.173916253827294,50.11111,53.42584883234706,22.509750377213088,-10.478372516406958,-12.5,28.557317418317044,0.15201542771524795,-1.486799204832744
CEMENT,20.12461179749811,69.85938257194472,0.3782824043432295,2.0906167675510137,0.9469733112676011,20.774047345320653,47.77778,48.55466799849886,21.66501353602277,-8.800018478749775,-9.7777775,25.95356173984851,0.13738102020649723,-1.5039760306292933
CEMENT,48.299068313995456,73.90083445627211,1.3172000983360759,0.5270460658762193,0.3726779420186013,20.13010813876141,46.333332,47.45472450949022,20.720895995213255,-8.482492756385954,-10.3888895,25.365617214036643,0.1399454100451333,-1.479215484604518
CEMENT,37.11872842649651,76.78758580222024,0.6451054114477417,0.3689321828678003,0.37822660893057214,18.39427152373502,41.555557,44.2334585556016,18.733281108402235,-8.709297135394607,-10.166667,23.643778135303673,0.15167032192787255,-1.4932601102031235
CEMENT,15.20526224699857,7.505553499465136,0.05189944020817469,0.4919091766018967,0.1924497171016367,26.59749981251433,60.666668,62.30396691440772,27.876313523212584,-11.884560891005469,-12.055555,33.30287114723041,0.13927872637764174,-1.5238071938610604
CEMENT,66.18761213399377,62.931179341669214,0.3651482385109431,0.3865005326366317,0.23174074179437026,18.67424417154293,42.555557,44.469160580294854,19.13080480130619,-8.391770188285912,-9.944445,23.76976616698526,0.14540618767929678,-1.4887977714390896
CEMENT,17.88854381999832,20.207259421636905,0.07565624267468367,0.3337957046895736,0.22872362322506445,26.2475311680209,61.77778,60.33978054687014,27.379409130689435,-9.38971068066885,-12.333333,32.25296937135931,0.1285687210285301,-1.466681026958493
CEMENT,90.3371462909915,12.124355652982143,0.1100963669637384,1.6514112804762175,0.9239612281806661,15.398552324105944,37.11111,34.8839335957273,16.000309632806484,-4.445370319300764,-7.4444445,18.646246831169243,0.12276853958033386,-1.4077121397841534
CEMENT,5.813776741499453,8.660254037844387,0.2671715240677096,0.3865007539960679,0.36260435739246155,26.065548833556413,59.333332,61.43971979323809,27.13095872328224,-11.793839955898589,-12.444445,32.840911629384344,0.14172417976055462,-1.5169724411354675
CEMENT,25.4911749434976,24.248711305964285,0.2620813793974133,0.3162273707321304,0.2472067333404404,14.152669165619047,32.77778,33.783992228039004,14.211454803593057,-5.715476066494083,-8.5,18.058303439250796,0.1496653068544878,-1.4351099819707196
CEMENT,69.76532089799343,28.290163190291665,0.17310801983678034,0.38650015316331254,0.19245026510939212,14.376648644537475,35.666668,31.191265006665724,15.354334638068146,-2.9030989090487718,-5.5555555,16.672432445002052,0.09891782013144133,-1.378677911084565
CEMENT,18.78297101099823,32.908965343808674,0.29416277139249586,0.3162273707321304,0.12909944428310724,24.833666235078727,59.444443,56.1757022515678,26.037768344189562,-7.665996175458228,-11.2222225,30.02717589811317,0.11930591676300015,-1.4359237204545092
CEMENT,101.51748617849044,76.21023553303061,0.41681826778236886,0.42163704243763495,0.3574599434272951,14.65662318216775,33.22222,34.8053655470561,15.155572344402572,-6.804137902232191,-7.3333335,18.604250442644243,0.1456880485199966,-1.505800012571364
CEMENT,33.09380606699688,73.32348418708249,1.1005050708822812,0.5270462556128789,0.44095896588176003,17.106392354687596,39.444443,40.540787845219675,17.44133022449836,-7.121664849340885,-9.3888895,21.669962615243062,0.14191186636231404,-1.4573725318695971
CEMENT,34.435446853496764,77.9422863405995,0.5943048805918092,0.5621823543177863,0.3388433068028937,17.904316933302105,41.0,42.897812334792924,18.087304772023106,-7.802077986366839,-10.3888895,22.929845199845747,0.14966436770593727,-1.4590864879965149
CEMENT,47.40464112299554,37.52776749732568,0.49915775966403464,0.7202968381589607,0.29265705407710624,22.91584615169443,53.666668,52.71874205116051,24.000463554782538,-8.527853632187684,-10.444445,28.17935294530782,0.1284955389957625,-1.4785863009906184
CEMENT,85.41779674049197,68.70468203356548,0.39011392056240213,0.2986600170807619,0.2730146353229072,15.062584239621717,36.22222,34.09825876586955,15.702165745094526,-4.445370319300764,-7.111111,18.226285969635015,0.12151564833186096,-1.418456061638858
CEMENT,22.807893370497855,64.08587988004847,4.957869834361931,0.14054584314279822,0.1217161357943393,12.892787714909778,30.333334,29.85561807875027,13.317027612593142,-4.6268138225076845,-6.5,15.958499131579654,0.1298505022752723,-1.4182739816427026
CEMENT,81.39287438099234,77.9422863405995,0.34033038747173044,0.3513639279672986,0.3626035795750022,12.360838625774228,28.555555,28.991378028648445,12.7704324230468,-5.080423397021568,-6.2222225,15.496543393378316,0.13811026458386327,-1.480118247832059
CEMENT,3.1304951684997055,88.91194145520238,1.1554293723980038,1.2122062677430703,0.7701015101088946,19.16419913994032,44.555557,45.25483399593904,19.47863724997336,-7.529913139804748,-10.7222225,24.18972627259054,0.14370989756729352,-1.4376025333744025
CEMENT,67.97646651599361,47.92007234273895,0.40033642149123555,0.29865953009000223,0.24056249993043646,10.023057680855706,23.333334,23.491657048071342,10.285912696499032,-3.9010389931834193,-5.2777775,12.556818874496608,0.13748015851634765,-1.458932692271607
CEMENT,83.62894235849214,43.30127018922194,0.27462868354861364,1.791957288057454,1.6980378451260179,15.006589936838818,35.77778,34.09825876586955,15.702165745094526,-4.808257733962896,-6.888889,18.226285969635015,0.12301023616802179,-1.4399769979456267
CEMENT,65.74039853849382,72.16878364870323,1.183073379723347,0.4216368210781988,0.26874187188690934,16.33646360458888,37.22222,38.89087296526011,16.74566398552323,-7.348469228349535,-8.666667,20.788046015507497,0.14518286262611196,-1.4824307698492516
CEMENT,112.6978260659894,43.87862045841156,0.34475367950122404,0.1756818216811546,0.12171632671317022,15.986496849917812,36.0,38.2623328185312,16.447523228306444,-7.7113570512599585,-8.2777775,20.452077175094324,0.14976110000664392,-1.512502677750231
CEMENT,84.52336954949205,27.712812921102042,0.11749346236968905,1.475729522040616,1.5220602512028,15.902505206761228,38.77778,35.27677242486974,16.795355676973614,-4.037122028836901,-6.7777775,18.856228017865305,0.10967489471147934,-1.4165178112409476
CEMENT,70.2125344934934,11.547005383792516,0.22918383840414705,1.5635704803153583,1.5836260940970646,13.410738889787433,32.0,30.248458322106266,14.16176355935627,-4.263926816093842,-5.7222225,16.16848107420466,0.11715111196793865,-1.4461769102030704
CEMENT,40.24922359499622,20.78460969082653,0.09881474411969322,0.3513636433623092,0.4324770786200712,25.08564192047742,56.555557,59.94694313194127,25.83900873380556,-12.020644334907242,-12.8888895,32.0429889405922,0.14883941514699828,-1.5122048443739955
CEMENT,33.54101966249684,37.52776749732568,0.33484535339344074,0.49190977743465214,0.3305442066441416,21.823948365262805,50.444443,51.38309512324505,22.410369677593895,-8.936101922651547,-11.444445,27.465419631885418,0.14077508070750483,-1.4691182826118867
CEMENT,46.51021393199562,84.870489570875,0.6595579356341943,1.475729522040616,0.9189363506168592,18.81423238526925,43.77778,44.154889092716836,19.27987450909419,-7.348469228349535,-10.0,23.601780990849726,0.13823648167692124,-1.4540782627974052
CEMENT,109.5673308974897,63.508529610858844,1.037998693735596,0.562182860282212,0.639734106694501,12.892787714909778,29.11111,31.42696703135898,12.869814017093184,-6.123724356957946,-8.0,16.798420476683635,0.1581116153701697,-1.4627582813791826
CEMENT,21.01903898849802,69.85938257194472,0.3092296731853409,1.5460021305465268,1.1344764628814472,20.284093888781157,46.88889,47.297587705041046,21.118418793690022,-8.301048844930744,-9.666667,25.281624059022167,0.13446470904529031,-1.492160276315666
CEMENT,72.44860247099318,91.79869280115051,0.28954852016802735,0.7027283935217994,0.5146014854919095,9.869071930835963,25.222221,20.89893336223197,10.534364445547011,-1.0886621215119112,-3.83333325,11.17094977007023,0.09071529221880245,-1.2745982982762922
CEMENT,8.049844718999243,24.82606157515391,0.5343425355661334,0.49191022015352454,0.4324782453462601,24.4557017620695,54.88889,58.37559630065289,25.34210434128241,-12.020644334907242,-12.055555,31.203068729381638,0.14986802877732794,-1.527740616752767
FOLIAGE,3.1304951684997055,51.96152422706633,0.25754604575227463,0.7730011917643699,0.7136240429673876,1.7638341443823147,2.5555556,4.085505791858413,2.5342102999641622,-2.5855725743125144,1.5,2.3517789725657616,0.29755085565150824,-2.152556856329236
FOLIAGE,8.497058314499201,76.78758580222024,0.0,0.0,0.0,0.0,0.0,0.0,0.0,0.0,0.0,0.0,0.0,0.0
FOLIAGE,12.96919426949878,49.0747728811182,0.8870562653198827,0.7554329684866448,1.0786223103675563,1.5398553457999364,2.1111112,4.792612573044961,1.49071197009274,-2.404128866981448,-1.11111115,2.561759176554192,0.34120739963061864,-1.6757465513364855
FOLIAGE,16.54690303349844,60.04442799572109,2.9286116500863435,6.992146603224799,7.643322258811936,7.041338285306889,14.888889,16.577726040655048,7.851082872547263,-4.581452946705954,-1.61111115,8.861167299418812,0.2717329285665946,-1.7147833004307045
FOLIAGE,26.385602134497518,69.2820323027551,0.5988206461506848,0.456773330879202,0.661087741536841,7.209322327549002,10.555555,23.413090413613702,6.062228490547432,-10.433011640605228,-8.2777775,12.514823241900551,0.30467159623731255,-1.5777396422757206
FOLIAGE,46.51021393199562,80.25168741735799,0.1556997648638646,0.10540925744713107,0.18257415772956817,0.25197632793830055,0.0,1.2570787378229018,0.09938079800618266,-0.8164965809277261,-0.6666667,0.6719368493045033,0.4472135954999579,-1.5207960503440556
FOLIAGE,36.22430123549659,83.71578903249575,1.367245795540858,2.3717082451262845,2.1612113130008734,5.081522569326539,9.888889,14.220702258188586,4.621207451641962,-4.3546485676973035,-4.6666665,7.601285092780599,0.2382431327493263,-1.45828010342325
FOLIAGE,8.049844718999243,38.105117766515306,2.740640734047573,3.46093676018862,1.8699629747309168,15.076583287773033,32.333336,35.04107040017648,16.8947368238064,-9.253627645015369,-3.16666675,18.73023998618372,0.15660020335854613,-1.7187149555554577
FOLIAGE,14.758048651498612,54.27092530382483,0.06356405180744287,0.8081376383198199,0.5805488448451183,2.225790827494835,3.2222223,5.499719354231508,2.98142389546412,-3.2659863237109046,1.16666665,2.939723649563419,0.27270564496962274,-2.0293596924527693
FOLIAGE,9.391485505499116,36.950417228136054,3.9041109014361797,6.394828403184318,6.232829138768054,11.716898663286043,24.666666,26.870057685088803,13.56547936164112,-7.7567175188133985,-1.0,14.362649974350633,0.1792192026505767,-1.8341112467111964
FOLIAGE,25.93838853899756,72.16878364870323,0.3348452026377684,0.3337960841628928,0.3198668482862839,7.01334056696873,11.111111,21.684607484982934,6.211299987189816,-9.11754542585847,-7.0,11.590910253639985,0.2855259797217234,-1.5853024321432236
FOLIAGE,42.93250516799596,75.05553499465135,0.13731432066851268,0.38650059588218494,0.23174061097961576,0.9099145070559612,0.44444445,3.5355339059327373,0.7950464019380051,-2.404128866981448,-0.9444444,1.889822365046136,0.4164528848721405,-1.673167025798717
FOLIAGE,14.758048651498612,56.58032638058333,0.1844091625252735,0.42163694756930514,0.3248932213809331,0.7699276540017445,0.5555556,2.5141574756458036,0.8944271909999159,-1.8144369508361768,-0.055555555,1.3438736986090065,0.39503866111784297,-1.8023428482207942
FOLIAGE,16.54690303349844,59.467077726531464,0.6409167555465983,0.9311151696411186,1.2097214632344608,1.4558632112895378,1.8888888,4.3997755823801565,1.5404023646236953,-2.404128866981448,-0.6111111,2.3517789725657616,0.35735677897121315,-1.7663025348225314
FOLIAGE,6.260990336999411,78.51963660978912,0.0,0.0,0.0,0.0,0.0,0.0,0.0,0.0,0.0,0.0,0.0,0.0
FOLIAGE,21.01903898849802,73.32348418708249,0.2895485503191618,0.3337960841628928,0.17347202468369374,6.649374764146346,9.0,21.29177007005406,6.111919287570624,-10.52373420870527,-5.888889,11.38092982287287,0.313709756169551,-1.6449248274047357
FOLIAGE,52.771204268995035,72.16878364870323,0.08989329780896076,0.2810913321104985,0.12171615700754275,0.4339592293494928,0.0,2.199887826545417,0.14907120148140993,-1.4061885378978265,-1.2222222,1.1758895051811045,0.4472135954999579,-1.5384146057468122
FOLIAGE,43.826932358995876,72.74613391789286,0.2147741680250992,0.2986595427391129,0.17347210953650746,1.0499012845172833,0.5555556,3.6926688011936086,1.1428792083760522,-2.7216552017177054,-0.33333335,1.9738144995565345,0.40651480149381347,-1.7935864621066486
FOLIAGE,40.24922359499622,70.43673284113436,0.4216370823936796,0.3689324674727897,0.24438135738145503,6.1174245411173755,10.222222,17.913372261463724,5.813776741499453,-7.303108760796095,-4.7777775,9.575100234876738,0.2615054666870274,-1.5890573812833582
FOLIAGE,47.40464112299554,61.77647880328996,0.21711290408669898,0.21081852121881747,0.14907126166025428,8.525198459005638,13.0,25.45584412271571,8.34798771228401,-11.703117387798548,-5.8333335,13.60672102833218,0.28556412704141954,-1.6649659306398372
FOLIAGE,55.45448584199478,65.24058041842773,0.11749347141502939,0.08784105314307201,0.11587030018650701,0.36396580282238444,0.0,1.964185448298771,0.04969039900309133,-1.179383913940201,-1.2777778,1.0499012845172833,0.4472135954999579,-1.5013673015814617
FOLIAGE,25.4911749434976,68.70468203356548,0.6110649917028533,0.5621826705455523,0.6085806436163574,7.783268183174028,12.222222,23.80592924275614,7.105727178189731,-10.251567729150016,-7.0555555,12.724804428596613,0.28425951554062706,-1.6038231143774175
FOLIAGE,52.323990673495075,63.508529610858844,0.8761715851760877,0.720296332194535,0.6725436845648615,6.509387684313446,9.222222,20.506096654409877,6.012538587951432,-9.797958971132713,-5.6666665,10.960969717267588,0.3044571573182703,-1.6413546452665246
FOLIAGE,29.96331089849718,78.51963660978912,1.1181092328513362,0.8432740532524934,1.1303884310920342,5.865448477754207,9.0,17.913372261463724,5.465943845618687,-7.983521897822049,-4.9444445,9.575100234876738,0.29552457109952157,-1.6316566050518733
FOLIAGE,25.93838853899756,73.90083445627211,0.5295956314105045,0.7730011917643699,0.5947298713418145,6.229414658541064,10.111111,18.306209676392598,6.012538587951432,-7.802077986366839,-4.5555555,9.785080665643852,0.27431397711166305,-1.6378715786837563
FOLIAGE,40.69643719049617,69.2820323027551,0.2800913153340012,0.19325041178308824,0.2730147237112548,6.3694013604094915,11.222222,18.22764233482818,6.062228490547432,-6.894860470332232,-4.9444445,9.743084655083324,0.2514047898617845,-1.5774284445813207
FOLIAGE,8.049844718999243,50.229473419497445,0.5917501448180673,0.5973190538554493,0.6176419341745506,1.1058960786539962,1.2222222,4.0069383088726385,0.8447367517476009,-2.0866023281210455,-1.5555556,2.141798617391542,0.38584272422911214,-1.5764899017506517
FOLIAGE,43.826932358995876,76.78758580222024,0.051899916596099126,0.12297745858891251,0.11587030018650701,0.36396580282238444,0.0,1.964185448298771,0.04969039900309133,-1.179383913940201,-1.2777778,1.0499012845172833,0.4472135954999579,-1.5013673015814617
FOLIAGE,30.41052449399714,73.32348418708249,0.2941632206443993,0.4040687875371333,0.2926569656887586,6.187418270016063,10.888889,18.69904638421469,5.267182446380303,-6.713416558877022,-6.888889,9.995060718446494,0.2689737548464385,-1.4395333591511104
FOLIAGE,54.11284505549491,69.2820323027551,0.07565643262683075,0.22838669706237763,0.31106147027880393,1.3298749528292693,1.1111112,4.635477607073412,1.2919503472475589,-2.9484599073249895,-0.9444444,2.477767004247346,0.3756357626207627,-1.7209530899392695
FOLIAGE,51.42956348249516,64.08587988004847,0.12171616493186198,0.6148870873965147,0.3683044512216235,6.817359184352933,9.666667,21.29177007005406,6.410061386428199,-10.251567729150016,-5.5555555,11.38092982287287,0.30388746980750675,-1.6499051218859888
FOLIAGE,40.24922359499622,66.9726312259966,0.2575461754021528,0.4216371056831882,0.4013865126901142,7.083333917902944,11.777778,20.89893336223197,6.658513582689773,-8.527853632187684,-5.7777775,11.17094977007023,0.2665857684105474,-1.5980377081151056
FOLIAGE,44.274145954495836,75.05553499465135,0.13731433875919336,0.1756820746633674,0.19245010601036633,0.517951326063444,0.11111111,2.3570225803849323,0.2981424119070918,-1.5422712877775047,-1.0555556,1.2598815640986083,0.4372755255380388,-1.5832327305946905
FOLIAGE,8.94427190999916,40.41451884327381,2.6436511677464867,2.5122540945936382,2.4454222063864104,7.027339237155574,13.666667,16.891996114019502,8.14922497140484,-6.033002605354485,-0.5555556,9.029151719625398,0.21326910666339297,-1.830777874634005
FOLIAGE,53.218417864494995,66.39528095680697,0.4742528924507769,1.5811388300841898,1.0381609178859417,2.8557314772565734,3.5555556,9.113820813860698,2.782662406783018,-4.898979485566357,-2.0,4.871542138559426,0.34311814655020795,-1.690686939805498
FOLIAGE,4.47213595499958,64.66323014923809,0.1271283568844152,0.15811390198208491,0.06454969208951541,0.16798421232612581,0.0,0.8642416057367407,0.04969039900309133,-0.54433108116837,-0.5,0.4619565697231783,0.2981424119070918,-1.5216326990875555
FOLIAGE,15.652475842498527,61.77647880328996,4.512906929817682,3.109572927089651,6.203829629011422,3.5976616396988432,7.3333335,8.642416057367408,4.024922359499621,-2.676294244266317,-0.7777778,4.619565697231783,0.3018494548429101,-1.7627922446286868
FOLIAGE,14.758048651498612,75.63288526384099,0.24343225750100125,0.31622776601683794,0.3872984000244659,0.27997366831198606,0.22222222,1.2570787378229018,0.09938079800618266,-0.6350529144214888,-0.7777778,0.6719368493045033,0.18219812818728956,-1.4809610484045554
FOLIAGE,10.285912696499032,53.11622476544558,1.397930213113789,2.2135943621178655,2.011080982159097,4.787550117438369,8.777778,13.199327524957928,4.720587704047558,-4.762896858161166,-3.16666675,7.055337333458206,0.25263012380850264,-1.6125999358775396
FOLIAGE,5.813776741499453,47.92007234273895,0.16514453537004037,0.21081848959604088,0.22360677581776253,1.3998683793563775,1.5555556,4.242640687119285,1.5900928038760103,-2.630933531763903,-0.222222225,2.267786838055363,0.33115102378414596,-1.819655297097975
FOLIAGE,38.01315561749642,69.85938257194472,0.3204584682267026,0.2986597166643842,0.2518449755228962,6.509387684313446,8.888889,20.663230630431933,6.062228490547432,-10.206207261596576,-5.5,11.044961360424173,0.3113402664879697,-1.6517103654983583
FOLIAGE,45.16857314549575,79.09698687897874,0.15131296776751868,0.26352312780643944,0.28625938173063425,0.4339592293494928,0.22222222,1.8856181067343525,0.24845201737613645,-1.1340229973136415,-0.8888889,1.0079052739567549,0.42485291572496003,-1.5560510509511325
FOLIAGE,33.54101966249684,65.24058041842773,1.2430276442449881,1.950071171065873,2.200693998986648,10.541009611662306,17.11111,31.269831641123364,9.987770597641457,-13.200027514000519,-8.333333,16.714428077598107,0.27819840732013634,-1.6239764354586936
FOLIAGE,20.12461179749811,72.74613391789286,1.1668832758092271,0.8081376383198199,0.6353767732874732,3.849638081026486,4.888889,12.177950670406926,3.7764706104516423,-6.486611771620079,-2.61111115,6.509388440242391,0.32934191062626994,-1.7322980525579827
FOLIAGE,50.53513629149525,75.05553499465135,0.07565650197444002,0.10540923847346513,0.12909941953436987,0.33596842465225163,0.0,1.807050694459256,0.04969039900309133,-1.0886621215119112,-1.16666665,0.9659092255997794,0.4472135954999579,-1.5013673015814617
FOLIAGE,28.621670111997307,65.81793068761735,1.9056008440806322,2.793345161072813,3.064809386162947,11.268941217307075,18.333334,33.391151984683006,10.68343638940299,-14.061884970729976,-8.8888895,17.84832149662579,0.2814069367889149,-1.623079187664046
FOLIAGE,14.758048651498612,57.73502691896258,0.16101533750604788,0.21081853703020578,0.12909938417903083,0.4619565697231783,0.11111111,1.964185448298771,0.34783280643804715,-1.3608276212712673,-0.6666667,1.0499012845172833,0.4372755255380388,-1.652576217751921
FOLIAGE,52.771204268995035,62.931179341669214,0.8006731444938155,1.2649108427079154,1.0903619799915276,5.025527510614696,7.0,15.79205191790408,4.720587704047558,-7.7113570512599585,-4.111111,8.441206815849057,0.31064663820134925,-1.6575239146105614
FOLIAGE,8.049844718999243,40.41451884327381,1.7782825531398139,3.144709310399548,2.456755324966539,7.951252603380614,16.222223,18.856180360236745,9.043652162404754,-5.8969199779492945,-1.2222222,10.079052361603077,0.18596728909152277,-1.7778105562649862
FOLIAGE,41.59086438149609,73.32348418708249,0.2515941665836079,0.31622776601683794,0.2788866621659146,1.4418644655098005,1.3333334,4.792612573044961,1.49071197009274,-3.039181822227766,-0.7222222,2.561759176554192,0.369956865499666,-1.749779358534511
FOLIAGE,17.44133022449836,71.5914333795136,1.4396970721214237,2.0554806372233294,1.6068428845971532,2.8697302986292055,4.111111,9.113820813860698,2.5839007392164772,-4.263926816093842,-2.72222235,4.871542138559426,0.34531669330704534,-1.6021252802851107
FOLIAGE,20.12461179749811,62.35382907247959,3.8579585599216615,8.625991115071015,5.632452348027022,18.828230677491618,41.77778,43.21208028683703,20.820278036473233,-9.843319438686153,-4.888889,23.097828486158914,0.16053853622168504,-1.669119405161849
FOLIAGE,31.304951684997054,70.43673284113436,1.2160543489056581,1.3000474473772488,1.3368007494056589,7.517293827588489,17.88889,17.756236164121322,7.453560521284094,-2.4494897427831783,-4.8333335,9.995060718446494,0.1800000599489994,-1.089095622457101
FOLIAGE,55.00727224649483,82.56108849411649,0.11749345332434871,0.08784105314307201,0.04811251412822292,0.1539855232410594,0.0,0.8642416057367407,0.0,-0.49897012371698174,-0.6111111,0.4619565697231783,0.34783280643804715,-1.4809610484045554
FOLIAGE,6.260990336999411,51.96152422706633,0.7342051494884544,1.0540925428485344,1.1352924641069364,1.889822365046136,2.5555556,5.185449846552478,2.2857583273093853,-2.9938208647763775,0.16666667,2.7717395317284117,0.32435892258113075,-1.8663300722212146
FOLIAGE,4.024922359499621,43.87862045841156,0.42837094631007594,0.5270462556128789,0.6582805983262086,0.9239131394463566,0.8888889,3.299831881239482,0.7950464019380051,-1.905158620789979,-1.0,1.7638343333645514,0.39006964402542726,-1.6551961190868951
FOLIAGE,7.602631123499285,56.58032638058333,0.2147741680250992,0.21081852121881747,0.25819888503068056,0.5739460824037095,0.33333334,2.042752860573868,0.5962848238141836,-1.451549495349215,-0.2777778,1.0918973328742587,0.40994581078208125,-1.7138854162399537
FOLIAGE,11.180339887498949,79.67433714816836,0.3447538905591653,0.22838669706237763,0.17347220499592295,1.9598157159803495,2.0,6.599663762478964,1.8882352157831022,-3.9010389931834193,-1.4444444,3.527668666729103,0.3533037492372364,-1.701870894210135
FOLIAGE,24.149534156997728,80.82903768654762,0.1335855660514808,0.5621826705455523,0.37018517848288435,3.149703815755402,3.7777777,9.899494936611664,3.229876002282976,-5.579393439088892,-1.66666665,5.2915026221291805,0.328465081290253,-1.7269832965692284
FOLIAGE,39.354796403996296,78.51963660978912,0.3467015633917343,0.6500236604430711,0.746907347025804,3.0237157840738176,4.111111,9.349522838553954,2.98142389546412,-4.762896858161166,-2.0,4.99753017024101,0.3108526695047961,-1.7060160248721286
FOLIAGE,37.11872842649651,72.74613391789286,0.16101522896196382,0.29865953009000223,0.20298695164420053,4.227602554035713,5.2222223,14.14213562373095,3.726780260642047,-7.303108760796095,-4.2777775,7.559289460184544,0.33060929159523705,-1.635915579905638
FOLIAGE,2.6832815729997477,68.12733176437585,0.04103050197168,0.0175682115772977,0.048112528270358536,0.013998684171528249,0.0,0.0785674193461644,0.0,-0.04536092070904224,-0.055555555,0.04199605213662028,0.04969039900309133,-1.4809610484045554
FOLIAGE,38.46036921299638,80.82903768654762,1.4378250786363438,0.9662515213282389,0.9469739476637041,3.7516473897185865,6.0,10.68516905936263,3.875851310070834,-4.808257733962896,-1.88888885,5.711463105698936,0.28082509401262556,-1.709655503474896
FOLIAGE,33.09380606699688,70.43673284113436,0.3742557203363935,0.42163694756930514,0.2472066166678215,6.103426248895006,8.0,20.034692605023366,5.416253495809091,-9.979402882587927,-6.0555555,10.70899365390442,0.3211981197472641,-1.6305804592415853
FOLIAGE,45.16857314549575,69.85938257194472,0.25425667758746906,0.4743416490252569,0.3140239860624665,1.2878789800651884,1.1111112,4.242640687119285,1.3913312257521886,-2.812377157445311,-0.44444445,2.267786838055363,0.37723294125573126,-1.7813185130064526
FOLIAGE,48.746281909495416,84.29313930168537,0.041030498956566554,0.017568209363703336,0.04811252473482463,0.013998684171528249,0.0,0.0785674193461644,0.0,-0.04536092070904224,-0.055555555,0.04199605213662028,0.04969039900309133,-1.4809610484045554
FOLIAGE,6.260990336999411,40.991869112463434,3.1304418365899753,6.921873204149473,5.846492863585409,12.038868455547899,25.555555,28.441404516377172,13.317027612593142,-7.7113570512599585,-3.11111115,15.202570185561198,0.17694929402030543,-1.6983465325913452
FOLIAGE,9.838699100999074,76.78758580222024,0.0,0.0,0.0,0.0,0.0,0.0,0.0,0.0,0.0,0.0,0.0,0.0
FOLIAGE,9.391485505499116,70.43673284113436,0.12171611970516029,0.14054567554208222,0.1427248015224097,0.20998027958132504,0.0,0.8642416057367407,0.19876160048450128,-0.6804137902232191,-0.16666667,0.4619565697231783,0.24845201737613645,-1.7285668622056958
FOLIAGE,46.51021393199562,77.36493607140986,0.05504818649698264,0.26352312780643944,0.0986013100920979,0.6719368493045033,0.11111111,2.7498596417604153,0.5962848238141836,-2.041241452319315,-0.6666667,1.469861805883486,0.4372755255380388,-1.712970137222386
FOLIAGE,30.857738089497097,80.25168741735799,0.5346576450723517,0.6675919785891259,0.5900406927223759,6.831357854539775,16.0,15.949185893926135,7.006346478570539,-2.5402116168611264,-3.61111115,9.029151719625398,0.17289806208498254,-1.2040850443709448
FOLIAGE,42.93250516799596,79.67433714816836,0.19505676429882707,0.29865953009000223,0.25184513108638806,0.4339592293494928,0.11111111,1.964185448298771,0.24845201737613645,-1.2701058288429776,-0.8888889,1.0499012845172833,0.4372755255380388,-1.5692410672939958
FOLIAGE,12.074767078498864,64.66323014923809,0.1037998693735596,0.035136424419506464,0.09622506007625099,0.05599473744204195,0.0,0.31426968445572545,0.0,-0.18144368691865187,-0.222222225,0.16798421232612581,0.09938079800618266,-1.4809610484045554
FOLIAGE,14.758048651498612,81.98373822492687,0.4151994232221964,0.2810913321104985,0.49814474188598157,1.4558632112895378,1.6666666,5.1068823635667036,1.1925696029070076,-2.676294244266317,-1.7777778,2.729743445574989,0.36384417119093443,-1.6126294929409932
FOLIAGE,33.988233257996804,79.67433714816836,1.1697650006361635,1.7392527130926088,0.8587779330598684,6.2434129507634335,9.888889,17.52053555364163,6.658513582689773,-8.11960534172382,-2.4444445,9.365120182074095,0.27245139956844505,-1.725014216315658
FOLIAGE,42.93250516799596,66.39528095680697,0.29128754715014854,1.0540925428485344,0.4999997304604073,5.585475074017351,8.444445,16.184889332832956,5.813776741499453,-7.7567175188133985,-2.66666675,8.65118724661617,0.2765245539142194,-1.7388041420516802
FOLIAGE,7.602631123499285,62.35382907247959,0.19505673414769262,0.3689323726044599,0.32274855237145866,0.6999341896781888,0.5555556,2.3570225803849323,0.7453559626856903,-1.587632204404064,-0.2777778,1.2598815640986083,0.3917259711305366,-1.7422064570400375
FOLIAGE,42.03807797699604,73.32348418708249,0.15131304616046826,0.24595491401554734,0.24343229280188208,1.035902652126888,0.5555556,3.928370825886864,0.9441176302522307,-2.676294244266317,-0.9444444,2.099802531238119,0.40935425452649776,-1.703377385207453
FOLIAGE,38.46036921299638,78.51963660978912,1.26437847663517,0.6675919153435729,0.8454672843001348,4.60556702704494,6.6666665,14.77067577045986,4.024922359499621,-6.75877702643046,-4.7777775,7.895258300597716,0.31115105041571367,-1.6044189225512457
FOLIAGE,52.323990673495075,79.09698687897874,0.11749345332434871,0.12297745858891251,0.08871509108530302,0.2939723762952761,0.0,1.5713484576339662,0.04969039900309133,-0.9525793308074042,-1.0,0.8399210805288527,0.4472135954999579,-1.5013673015814617
FOLIAGE,21.01903898849802,68.70468203356548,0.6858355538481801,0.42163704243763495,0.48876267233650317,1.6518447450911253,2.1111112,4.792612573044961,1.8882352157831022,-2.767016159169094,-0.222222225,2.561759176554192,0.3277746058594808,-1.8294464632757088
FOLIAGE,46.06300033649567,72.16878364870323,0.24957877430304673,0.263523168916049,0.24438126545757347,0.6719368493045033,0.44444445,2.7498596417604153,0.4472135954999579,-1.6329931618554523,-1.16666665,1.469861805883486,0.41314016805201836,-1.5821950513932992
FOLIAGE,7.602631123499285,49.0747728811182,0.21711294026806033,0.3513641493267348,0.254587609381881,0.6719368493045033,0.44444445,2.4355899926600286,0.6459751736237794,-1.6329931618554523,-0.5,1.3018776124555838,0.40828946578842806,-1.6812339120905273
FOLIAGE,4.024922359499621,75.63288526384099,0.0,0.0,0.0,0.0,0.0,0.0,0.0,0.0,0.0,0.0,0.0,0.0
FOLIAGE,26.385602134497518,81.40638795573724,0.4645695842594519,0.6851601702440744,0.4518479506926251,4.787550117438369,7.888889,13.120758769179945,5.167801299547516,-5.851558693899274,-1.66666665,7.01334056696873,0.26196673620583394,-1.7335226200816416
FOLIAGE,30.857738089497097,78.51963660978912,0.8472573708583071,0.8784105314307201,1.1196890216092055,7.349309407381903,16.88889,18.22764233482818,7.006346478570539,-3.1299034921815685,-5.6666665,10.079052361603077,0.19019682508737148,-1.1424867806307628
FOLIAGE,38.01315561749642,71.5914333795136,0.28188879330538225,0.7554331266005279,0.5935610591878522,5.543479063456823,7.5555553,17.049129382934776,5.515634195428283,-8.709297135394607,-3.5,9.113142984817507,0.30907942287727924,-1.6947099531263807
FOLIAGE,50.53513629149525,76.21023553303061,0.10379986334333272,0.12297745858891251,0.18880716258437136,0.4899539100968638,0.0,2.4355899926600286,0.19876160048450128,-1.587632204404064,-1.2777778,1.3018776124555838,0.4472135954999579,-1.5590622651788155
FOLIAGE,6.260990336999411,54.848275573014455,0.2108185411968398,0.35136421257228806,0.2194268837864057,0.8539197129192482,0.6666667,2.7498596417604153,0.9938080247831861,-1.9505195782413676,-0.055555555,1.469861805883486,0.39089782099438974,-1.805048168054936
FOLIAGE,46.06300033649567,75.05553499465135,0.0,0.08784104049396137,0.13777329689375264,0.2939723762952761,0.0,1.649915940619741,0.0,-0.9525793308074042,-1.16666665,0.8819171666822757,0.4472135954999579,-1.4809610484045554
FOLIAGE,1.3416407864998738,61.19912853410034,0.0518999346867798,0.03513641809495114,0.06085806789716965,0.20998027958132504,0.0,1.178511254837127,0.0,-0.6804137902232191,-0.8333333,0.6299407631510805,0.4472135954999579,-1.4809610484045554
FOLIAGE,8.94427190999916,67.54998149518623,0.0,0.0,0.0,0.0,0.0,0.0,0.0,0.0,0.0,0.0,0.0,0.0
FOLIAGE,41.14365078599613,69.85938257194472,0.5492572464926894,0.6500237553114009,0.728074512503055,5.655468424951565,9.555555,16.577726040655048,5.3168727961899,-6.6226939907769795,-4.611111,8.861167299418812,0.26672807177663543,-1.5806349617019673
FOLIAGE,12.074767078498864,77.36493607140986,0.29587510256016814,0.5094781272034836,0.3757707563688331,3.289690895588303,3.6666667,11.235141157420342,2.931733456211805,-6.169085232759676,-3.22222235,6.0054355575871075,0.345620530223828,-1.656753663193815
SKY,43.379718763495916,36.37306695894643,0.1335852343890018,0.10540885267559058,0.07453529848993998,41.17013172948997,96.22222,89.17402459949652,46.708973542379624,-15.558795505180235,-6.7222225,47.665521121581044,0.10594042416584908,-1.6846378534244815
SKY,84.07615595399209,24.248711305964285,0.16412164004287963,0.5270466667089746,0.4472125475438957,41.17013172948997,95.666664,89.25258769842026,46.907735388831604,-16.23921068344764,-6.0555555,47.707514864354735,0.1081961963743666,-1.7044015586693235
SKY,50.08792269599529,44.45597072760119,0.1731082007435871,0.36893199313114067,0.2862604883527468,40.680176383128114,93.888885,88.5454809172337,46.41083412680363,-16.828900844125265,-5.7777775,47.32955039134551,0.11186726097642688,-1.7145075287860416
SKY,37.11872842649651,16.165807537309522,0.04103006779534381,0.2810906711944675,0.16101558566437071,42.69598564596241,99.44444,92.70955496989535,48.44814070506503,-16.556736814059754,-6.9444445,49.555341596804816,0.10800719049250045,-1.68848925192957
SKY,54.11284505549491,47.34272207354932,0.10380021309649241,0.19325017144998605,0.1566431237077595,40.26021627752282,92.888885,89.01688425951343,45.069193340303755,-16.69281944146495,-8.6111105,47.581526076744204,0.11721137399993228,-1.6580747507931057
SKY,63.50433056099403,19.052558883257653,0.18802508255182399,0.15811427829312646,0.1236032199455631,41.80006999807553,96.77778,90.98107486969172,47.553713514065116,-16.919623003977016,-6.388889,48.63143012040214,0.11080900155685151,-1.7027262812833364
SKY,29.516097302997224,62.931179341669214,0.24412335165390794,0.3162281771129338,0.29814294758457727,38.73435858140566,89.44444,86.42416057367406,42.83312536280396,-15.967043795644098,-10.055555,46.19565697231783,0.11990593429981053,-1.6246106395307398
SKY,84.970583144992,25.980762113533164,0.20100749772438442,0.2459551891337038,0.1924497171016367,41.1841277539255,95.888885,89.72399104069999,46.5599060706596,-16.01240426319754,-7.2777775,47.95949054975343,0.10924930836545776,-1.677121025497756
SKY,40.69643719049617,31.176914536239796,0.12309149385458622,0.26352353890253527,0.2327382926859292,41.576092031014994,97.888885,89.88113138068307,46.95742752749558,-14.83302067585597,-7.5,48.04348559459027,0.1027132995557697,-1.6586914893276565
SKY,23.70232056149777,16.165807537309522,0.12171592372278632,0.5621829551505417,0.3042899823969238,42.17803447108476,96.44444,92.39528843206482,48.14999592292588,-18.552616165832468,-5.888889,49.3873590664206,0.11709771019250001,-1.7243397071570843
SKY,34.435446853496764,20.78460969082653,0.0519012191251077,0.3337960841628928,0.2287243656871847,42.30402514851765,98.22222,92.15958852869188,47.951234523687496,-16.783540376571825,-7.0555555,49.26137216863243,0.11016648083992481,-1.6881354156962645
SKY,39.354796403996296,52.53887449625595,0.24957827680932818,0.22838645989155312,0.2730151479753235,39.64427214355044,92.55556,87.28840062377589,44.12507356342626,-15.105186747162934,-9.333333,46.65761271051917,0.11189467516983102,-1.6266892506247157
SKY,105.09519494249011,26.55811238272279,0.18802535089692068,0.42163663134153917,0.21081744153245863,43.3259276941927,100.888885,93.96663526335318,49.24318764365935,-16.828900844125265,-6.7777775,50.22727927763116,0.10765405274894986,-1.6935405399316543
SKY,85.86501033599193,29.444863728670917,0.11749375483569328,0.298659020963299,0.2730148934168823,41.10013648873339,95.22222,89.80256121069152,46.51021393199562,-16.556736814059754,-7.111111,48.00148807217185,0.11186451955708647,-1.6853448894949898
SKY,67.97646651599361,10.392304845413266,0.1373148694191598,0.17568262806195795,0.09622464641878398,42.374018499451864,97.22222,92.23814809208172,48.59720951842584,-18.23509085171694,-5.1666665,49.303364021583754,0.1138911708242215,-1.7359330056773503
SKY,37.11872842649651,31.176914536239796,0.21711272619500568,0.21081852121881747,0.1972021959201271,41.56209222693473,97.55556,90.11682774852207,46.907735388831604,-15.195907682269814,-7.611111,48.169470602556075,0.10487352457960865,-1.6625365238717147
SKY,51.42956348249516,46.765371804359695,0.1950574095331045,0.22838726311007881,0.13777366458927887,40.03623831046229,91.888885,88.3097774783269,45.16857314549575,-17.191788667035688,-7.388889,47.20356160373498,0.11816269570455169,-1.6845131197882801
SKY,15.652475842498527,38.68246803570493,0.3423036586174541,1.2122060147608573,0.6861729556401978,40.09222996749388,92.111115,88.78118789167443,44.96981353511175,-17.10106773192881,-8.2777775,47.45554106877841,0.11915548752588183,-1.666889473216699
SKY,79.60401999899251,9.237604307034013,0.08989349680644818,0.47434123792916105,0.42654869536660317,42.69598564596241,99.55556,92.63098833543772,48.44814070506503,-16.4206525536614,-6.9444445,49.51334596420876,0.10728604068121295,-1.6864501681046624
SKY,41.14365078599613,60.04442799572109,0.43306146784426885,0.5797513049193732,0.4873399381374168,37.992429439467465,87.22222,84.77424357239416,42.236837587380045,-16.284571151001085,-9.1111105,45.31373923868885,0.1218221103924492,-1.644872642924284
SKY,29.516097302997224,23.67136103677466,0.0988145451222058,0.12297840094765523,0.11587116992784788,41.46410304748472,95.111115,91.13820813860698,47.00711966615956,-17.872203845303094,-6.888889,48.715421385594254,0.11719036390521567,-1.7004114965244441
SKY,16.54690303349844,35.21836642056718,0.1479375482649706,0.17568223277725042,0.09622449085529212,41.22612338652156,95.111115,90.74537496631879,46.41083412680363,-17.10106773192881,-7.9444445,48.50544322261398,0.11576979886338198,-1.6740016946432297
SKY,23.70232056149777,45.03332099679081,0.3092296731853409,0.8432736105336209,0.8096642405822991,40.386203175310996,93.22222,88.85975028349138,45.466714349926136,-16.69281944146495,-7.7777775,47.497534433587624,0.11546234846074765,-1.6744871941591921
SKY,99.28141820099066,21.93931022920578,0.12171631870264771,0.6675918204752429,0.24343204531450863,42.89196778450716,100.44444,92.94525487326825,48.547522299111414,-15.967043795644098,-7.388889,49.681328494592975,0.105435184606333,-1.6758444856256798
SKY,71.55417527999327,17.320508075688775,0.08206069037156165,0.19324977300300086,0.2162388044750785,42.03804776921633,97.666664,91.21677477306463,47.851854718495495,-16.602097689861488,-6.3333335,48.75741701819031,0.1086060184411468,-1.7008004052540968
SKY,69.31810730249347,11.547005383792516,0.09881411396098305,0.1932505635724159,0.1158698193538958,42.22003199350318,98.44444,91.60961501642063,47.901546857159474,-16.23921068344764,-6.888889,48.96739896081532,0.10737935627004998,-1.6866003575849866
SKY,102.85912696499032,6.9282032302755105,0.08206048534384733,0.5094783485629198,0.34493596156823314,44.9917720921783,107.22222,95.69512243462462,51.23080387211116,-14.470133261193839,-6.7222225,51.15119453367856,0.09287514158322119,-1.675041212322252
SKY,78.26237921249263,8.082903768654761,0.24343164844808524,0.3865007539960679,0.2755456003024777,43.01795468229532,100.111115,93.4166617510819,48.84566171468741,-16.783540376571825,-6.888889,49.933306069814044,0.1082972755912215,-1.6907724290153436
SKY,35.32987404449668,33.4863156129983,0.16101531941536723,0.33379693797786103,0.24056251407257206,41.22612338652156,96.333336,89.40972096733553,46.708973542379624,-15.604155972733677,-6.9444445,47.791506129546846,0.10650095274217682,-1.6795251178431123
SKY,37.56594202199646,49.65212315030782,0.20840889268210877,0.36893319479665154,0.24438120888903098,39.980242873785976,92.888885,87.75981103712343,44.87043194106537,-15.78560110893376,-8.166667,46.909592175562594,0.11249748331947731,-1.6573088127277242
SKY,98.38699100999074,22.516660498395407,0.220192749003044,0.42163704243763495,0.4714045797165967,42.70998545004267,99.44444,92.70955496989535,48.49782792437946,-16.602097689861488,-6.8333335,49.555341596804816,0.10798355972611423,-1.6925053356039974
SKY,25.93838853899756,14.433756729740645,0.15131291349547665,0.1229775945668519,0.11587026483116795,42.416012242225555,97.77778,92.86669530987844,48.100308703611454,-17.69075870910301,-7.0,49.639336641641655,0.11422283337091617,-1.694860142606705
SKY,8.497058314499201,16.165807537309522,0.3853380411665593,0.35136446555450085,0.4194355900565961,42.15003864256896,96.111115,92.78812867542081,47.951234523687496,-18.87014229644458,-6.4444445,49.5973410090456,0.11964952885696657,-1.715435606436349
SKY,82.73451516749222,20.207259421636905,0.31409124210531275,0.36893199313114067,0.28625954082966004,41.240125080424185,96.44444,88.70261418614898,47.156187137879584,-15.513435037626797,-5.5,47.41354165653762,0.103380506463168,-1.711342094569382
SKY,113.14503966148935,18.475208614068027,0.176954671419769,0.42163584077212407,0.19720228784400864,44.13785207688748,103.888885,94.28090887225153,50.58482843015922,-15.78560110893376,-5.5,50.39526558766011,0.09872160963855167,-1.7120419888614005
SKY,76.4735248304928,8.660254037844387,0.1681746339296435,0.21081891334124733,0.2472064398911262,42.98995885377953,100.111115,93.33809511662426,48.795974048159394,-16.69281944146495,-6.9444445,49.89131043721799,0.10803608049076975,-1.689296060766904
SKY,106.43683572898999,31.754264805429422,0.14793699348409659,0.31622776601683794,0.19720288888477266,42.961960757476895,101.0,93.49523545660735,48.19968850880346,-15.513435037626797,-8.833333,49.97530548205483,0.10549482053929292,-1.640273761840803
SKY,103.30634056049028,7.505553499465136,0.1731082007435871,0.31622776601683794,0.3726776238205498,44.85178312252303,106.55556,96.009396043523,50.83327749592563,-14.83302067585597,-7.5,51.31918084370752,0.09619015708122416,-1.663041963798907
SKY,106.43683572898999,14.433756729740645,0.07565626679559125,0.29866022579108753,0.29265714246545393,43.94186993834273,103.666664,94.5951824811499,49.7897814915649,-15.422714102519917,-7.388889,50.56325189768907,0.10061172659498056,-1.6689101722652957
SKY,50.08792269599529,17.320508075688775,0.08206065419020028,0.3865007539960679,0.254587609381881,42.80797651931505,100.77778,92.00244818870881,48.69658977083144,-15.286629842121565,-6.5555555,49.17737712379559,0.10079468167689959,-1.6866671791758086
SKY,35.77708763999664,23.094010767585033,0.17310740173852399,0.22838683936487236,0.2730148120996025,41.84206752049395,96.22222,91.21677477306463,47.802162579831524,-17.736119584904742,-5.7222225,48.75741701819031,0.11361519531443845,-1.72158750614335
SKY,98.38699100999074,20.78460969082653,0.24134834375227135,0.3337960841628928,0.30199881854005706,43.101949727132165,100.77778,93.65236165445481,48.69658977083144,-16.23921068344764,-7.7222225,50.059292967602204,0.10692221006059396,-1.6703541550231569
SKY,29.96331089849718,23.094010767585033,0.1556994814432007,0.21081852121881747,0.24720594491637937,41.59009183509526,95.333336,91.21677477306463,47.30526131780354,-18.008285247963414,-6.388889,48.75741701819031,0.11670758788460156,-1.71081409793587
SKY,51.87677707799512,31.176914536239796,0.13358578615476235,0.5446146370044869,0.3284361445527292,41.142132121329446,96.77778,89.17402459949652,46.36114154092605,-14.787659391805951,-7.7777775,47.665521121581044,0.10385148051699686,-1.652034573957532
SKY,55.00727224649483,39.25981830489456,0.1731080952146165,0.22838726311007881,0.20298710367215844,40.58218531385574,94.22222,89.33115857551859,45.41702713061171,-16.10312642304929,-8.7222225,47.74951276473763,0.11366364196323898,-1.6498300271458268
SKY,4.919349550499537,28.86751345948129,0.30262527824030616,0.35136446555450085,0.3220306763539946,41.29611862727813,93.888885,92.15958852869188,46.31145432161162,-18.82478182889114,-8.555555,49.26137216863243,0.12508567396628992,-1.677271285688758
SKY,46.06300033649567,36.950417228136054,0.21081836029003304,0.42163622024544334,0.32489292086055105,41.114136292813654,96.333336,89.25258769842026,46.41083412680363,-15.241268966319833,-7.5,47.707514864354735,0.10589874833088443,-1.6655493644449944
SKY,33.988233257996804,10.96965511460289,0.1335852343890018,0.281091085452841,0.20637979140168977,43.18594099232427,101.0,93.57380209106498,48.94504151987942,-16.23921068344764,-7.2222225,50.017301114650884,0.10587036368397805,-1.6800748933654848
SKY,95.25649584149104,8.082903768654761,0.17310780274861223,0.5270470778050705,0.4714040847418499,44.22184334207958,104.22222,94.830875313455,50.38606390042567,-15.649517256783696,-6.5,50.6892350158325,0.09966409887465998,-1.6902563824864334
SKY,59.92662179699436,16.74315780649915,0.12171615588652164,0.14054513795488,0.14272470606299426,42.36001680554924,98.55556,92.31672179760717,47.901546857159474,-16.556736814059754,-7.4444445,49.345363433824545,0.10960904250954197,-1.678110338595314
SKY,34.88266044899672,17.320508075688775,0.2010072263641743,0.29865941624800646,0.2730144231908728,42.69598564596241,99.333336,92.70955496989535,48.49782792437946,-16.69281944146495,-6.7777775,49.555341596804816,0.10837623115150702,-1.693565925065099
SKY,103.75355415599024,17.8978583448784,0.10380003218968567,0.24595480966038455,0.12171634792637366,43.45191459198087,101.888885,93.73093535998028,49.39225511537937,-16.01240426319754,-6.7777775,50.101292379843,0.10344947127173004,-1.6863626989958296
SKY,25.4911749434976,51.3841739578767,0.08206200194591055,0.40406907214212273,0.2730149358432892,40.09222996749388,93.111115,88.70261418614898,44.572287158926216,-15.876322860537222,-9.6111105,47.41354165653762,0.11526758693990743,-1.6307323457781844
SKY,50.08792269599529,10.392304845413266,0.20840943540252901,0.15811388300841897,0.09860177324703959,43.00395865785979,102.333336,92.00244818870881,48.69658977083144,-14.016524094928243,-7.3333335,49.17737712379559,0.0953716309816525,-1.6552232012766148
SKY,72.44860247099318,8.082903768654761,0.16101601289145975,0.1932509778307894,0.2518455907057958,42.611994380770305,99.0,92.39528843206482,48.547522299111414,-16.828900844125265,-6.2777775,49.3873590664206,0.10835735873777692,-1.7033972549080043
SKY,46.51021393199562,23.67136103677466,0.0988145119559579,0.26352312780643944,0.2074991555784437,42.374018499451864,99.0,91.45248174750535,48.299068313995456,-16.05776554724756,-6.1666665,48.8834076956232,0.1048682921805413,-1.7002760148651688
SKY,80.05123359449247,36.37306695894643,0.1556998040603394,1.9676396789485873,2.0064708580777952,39.91024763302939,92.666664,87.13126735486061,45.11888100683177,-15.83096239298378,-7.0555555,46.573621445327056,0.110969748011618,-1.6795783629837353
SKY,27.72724292099739,15.011106998930272,0.08206087127836838,0.1405455427264205,0.14272457171270583,42.416012242225555,98.333336,92.55242170098008,48.0506143288795,-17.01034598032535,-7.1666665,49.47135033161271,0.11122119385568786,-1.6872557748604684
SKY,92.57321426849128,33.4863156129983,0.10380005028036635,0.281091085452841,0.20637916561218844,41.71607873288342,97.666664,90.5882346263357,47.106499918565156,-15.558795505180235,-7.5555555,48.42144817777714,0.10624296863534076,-1.6668420970623594
SKY,77.81516561699267,28.86751345948129,0.22918338613713019,0.29865982734410235,0.3367876059686282,40.61018114237153,94.666664,88.93832116058971,45.56609460233173,-15.649517256783696,-8.333333,47.53953233397052,0.11061237962745399,-1.6527174976868022
SKY,19.677398201998148,45.61067126598044,0.10379976082947556,0.2459551891337038,0.14272469545639255,40.72217201572417,93.888885,89.48829467286097,45.96362053130367,-16.964985104523617,-7.4444445,47.83350554178763,0.1154164822343932,-1.6814753183456244
GRASS,21.01903898849802,124.13030787576956,0.5381099801189015,1.0716608926173659,0.8511972533908019,6.495389014126603,14.444445,11.078006474291504,9.590247351951096,-3.356708075314365,6.388889,8.105238353400358,0.15284241509604649,1.6023707170488606
GRASS,69.76532089799343,104.50039872332228,0.10540926155307956,0.47434161740248026,0.17873015909694456,4.409585644429142,9.0,6.9139331287366375,7.254798674832114,-3.2659863237109046,6.8333335,6.1314239672331645,0.19944768427776563,1.5603316632724018
GRASS,25.4911749434976,132.21321164442432,0.6209040305036527,1.0892290526495376,0.49814428226657376,5.5294803932699805,12.0,9.585224863247209,8.198916215641626,-3.2206254479091743,5.5555555,6.929348923812148,0.15549254472521182,1.6620102242944776
GRASS,12.96919426949878,112.58330249197704,0.12171606543311826,0.19325022520870627,0.2405625352857755,6.061430238334479,14.444445,9.428090180118373,9.093343406641543,-1.9505195782413676,6.4444445,7.685277869830602,0.15308431740198836,1.3739366894060312
GRASS,3.5777087639996634,114.89270356873554,0.23783538381966726,0.4392053605836898,0.2518450356269726,5.669467095138408,13.333333,8.328146691109731,8.894582007403159,-2.041241452319315,7.3333335,7.517293827588489,0.1828587431662902,1.34725238867236
GRASS,60.37383539249432,121.82090679901106,0.4003363611889666,0.685160043752968,0.40654358386666395,6.789361843979246,14.444445,11.549411230784797,10.335602599095033,-4.309287283647282,7.7222225,8.73517851180828,0.1679521077976867,1.6458229944381988
GRASS,46.06300033649567,100.45894683899489,0.35200249464302485,0.5270462556128789,0.44721364355940657,8.763175852181966,20.666668,14.063568989273312,12.96919426949878,-3.08454253473018,8.7222225,10.960969717267588,0.14667275024738413,1.438041505264163
GRASS,15.20526224699857,139.71876514388944,0.4940724693263861,0.7730012866326996,0.39205061721344725,5.599473744204194,11.333333,11.078006474291504,7.801392969951264,-4.263926816093842,3.9444445,6.593380461363449,0.15793858843007075,2.0050818882275108
GRASS,88.10107831349171,90.06664199358163,0.14793759349167232,0.6500238185569541,0.6028481289412781,6.397398700783177,13.444445,10.999438425620305,9.739318848593477,-4.263926816093842,7.2777775,8.231226763046415,0.17201550841494315,1.6713039408516466
GRASS,15.652475842498527,96.41749495466752,0.2800915565430769,0.4743416490252569,0.3996525100859495,7.19532365736216,16.777779,11.078006474291504,11.031268390856566,-2.767016159169094,8.444445,9.323123415584622,0.1634579421009728,1.3941118600868456
GRASS,57.690553819494575,101.61364737737415,0.1976291294408864,0.8608421816618886,0.5447559481095927,8.595191809939854,19.444445,13.985001647708893,12.96919426949878,-4.037122028836901,9.3888895,10.960969717267588,0.14982602200430262,1.5039464028551615
GRASS,12.96919426949878,106.23244953089116,0.32045837777329916,0.8432740532524934,0.6708202885624146,5.151515920260754,11.444445,8.013876617745277,8.099534621595243,-2.676294244266317,6.7222225,6.845356146762144,0.17336825351501928,1.4710967673856468
GRASS,20.571825392998065,137.40936406713095,0.2495788496808829,0.6851602651124041,0.6444205983081711,5.011528840427853,9.666667,8.956686130731862,7.801392969951264,-4.400009443499033,6.2777775,6.593380461363449,0.19923774432749414,1.773583401216375
GRASS,92.57321426849128,99.30424630061565,0.08989339730770447,0.5270464769723151,0.3248931153149159,7.181324987175317,16.444445,11.549411230784797,10.832506544404588,-3.1299034921815685,7.8333335,9.155138995378037,0.15372951245621616,1.4735070822706775
GRASS,81.39287438099234,113.7380030303563,0.20840903137732728,0.7554329684866448,0.559844652225959,4.857543090408109,10.444445,9.03525347229628,6.857274981928156,-2.9484599073249895,3.72222235,5.795455126819992,0.14403363548907594,1.8584234870366991
GRASS,64.8459713474939,98.1495457622364,0.17310780274861223,0.3865005326366317,0.304290236955365,6.201417318167379,12.777778,11.94224864571367,8.74551006354718,-4.445370319300764,4.7222225,7.391305039977957,0.15505728962125553,1.9354033738773537
GRASS,47.40464112299554,111.42860195359779,0.28721349571107935,0.28109138270694106,0.21942693681941433,5.459487042335767,11.666667,8.878118082060661,8.546748217095201,-3.4020689511160955,7.0,7.223320619771372,0.17390497691165857,1.5627448065845568
GRASS,44.721359549995796,89.489291724392,0.13853492301453996,0.26352312780643944,0.12360332601158028,8.819171288858284,20.0,14.613541087331024,13.118265766141164,-4.08248290463863,9.0,11.086958126913647,0.14225406078918273,1.5339952590750745
GRASS,40.69643719049617,142.60551648983758,0.3760507078240682,0.7027282986534696,0.5036900853960808,4.773551447251526,9.555555,8.799551447603024,7.105727178189731,-3.7649563657782283,4.888889,6.0054355575871075,0.1797052701632537,1.8053072519795625
GRASS,32.64659247149693,94.68544414709864,0.1731075826453307,0.597319148723779,0.37018478957415474,8.749177559959596,21.777779,13.513595477002038,12.7704324230468,-1.6783540376571826,8.1111105,10.792985297061001,0.1477347752054336,1.2715918923747211
GRASS,76.02631123499285,106.80979980008078,0.1335856504746573,0.4567735206158617,0.37018514312754536,4.0596185117936,8.111112,6.9139331287366375,6.410061386428199,-3.2206254479091743,5.388889,5.4174906538107654,0.19462073800036828,1.6707592564980986
GRASS,64.39875775199394,97.57219549304676,0.23498697599630666,0.4392050759787004,0.2626432703535402,6.467391673752918,13.444445,12.727922061357855,8.894582007403159,-4.4907311951024935,4.1666665,7.517293827588489,0.14532884656009104,2.0045216475247765
GRASS,4.919349550499537,94.10809387790901,0.2800913756362701,0.7905694782876481,0.4639805949102411,7.489296487214803,17.444445,11.785113962584834,11.32941138414133,-2.9030989090487718,8.2777775,9.575100234876738,0.15396073977363345,1.4154021381615915
GRASS,73.3430296619931,116.62475437630442,0.5495636423210494,0.509478095580707,0.2926568419450719,5.711463105698936,12.0,10.449467034669375,8.298296468047221,-3.810317241579958,5.1666665,7.01334056696873,0.15832261074452655,1.7838523594461566
GRASS,102.85912696499032,93.53074360871939,0.32411492645353157,0.2986594794935597,0.20298691628886142,6.55138445080292,13.777778,11.235141157420342,9.987770597641457,-4.3546485676973035,7.5,8.441206815849057,0.17106896742365962,1.6619607975304727
GRASS,111.35618527948952,119.51150572225255,0.2800911947294634,0.28109138270694106,0.09622498583003897,4.59156873482257,9.555555,7.306770543665512,7.403869277047305,-3.175264449632957,6.611111,6.2574116209502755,0.19337035562016613,1.567841844395384
GRASS,43.379718763495916,101.61364737737415,0.19762898773055443,0.7554331266005279,0.46198061409033303,8.38521137917274,19.0,13.985001647708893,12.422600421593225,-3.9010389931834193,8.3888895,10.499013601101778,0.14133767988277973,1.5413831107249114
GRASS,18.78297101099823,140.87346568226872,0.44343318673753385,0.35136421257228806,0.4451383558673022,4.843544798185739,9.555555,8.249579349545314,7.702012270332072,-3.99176115303517,6.611111,6.509388440242391,0.19947311284280575,1.6912126029866321
GRASS,93.91485505499116,133.9452624519932,0.3637624622201292,0.47434161740248026,0.6089608549326015,3.331686906148831,6.5555553,5.1068823635667036,5.664705692070665,-2.767016159169094,5.7777775,4.787550117438369,0.21975549712466028,1.556566743926652
GRASS,4.47213595499958,113.16065276116666,0.315694860342584,0.31622767114850814,0.29814220512245704,5.795455126819992,14.111111,8.092444666416478,9.143033756451139,-1.4969104119757743,7.6666665,7.727273880391131,0.19703354479080964,1.2651321183751916
GRASS,106.43683572898999,93.53074360871939,0.21477427958429668,0.8432741481208231,0.2581991395891218,7.181324987175317,15.777778,12.256518011971345,10.68343638940299,-3.94640027723344,7.3333335,9.029151719625398,0.15206611043202597,1.6202752264339289
GRASS,51.42956348249516,105.0777489925119,0.31569498094712184,0.22838690261042557,0.4042598057401267,6.649374764146346,15.444445,9.899494936611664,10.434984193141416,-2.630933531763903,8.6111105,8.819171288858284,0.17863802175040877,1.3700861394290798
GRASS,108.22569011098982,105.65509926170152,0.2824853455610831,0.6851601702440744,0.6357409686351233,5.809453797006835,12.666667,8.799551447603024,9.391485505499116,-3.3113471995126345,8.444445,7.937253933193771,0.18793884811582814,1.4678642994461306
GRASS,32.19937887599697,135.67731325956208,0.5270462625386961,1.6689799464728148,1.109095324590164,5.697464435512093,12.0,10.606601717798211,8.14922497140484,-3.7649563657782283,4.7222225,6.887352157322673,0.15539815135160964,1.828590722649117
GRASS,75.57909763949289,114.89270356873554,0.13358562635374974,0.4040688824054632,0.3683043451556063,5.48748400474498,11.111111,10.292331644433757,8.000154816403242,-4.173204656242091,5.0555555,6.761364881570034,0.16925846343150164,1.8626433588854643
GRASS,33.988233257996804,114.31535329954592,0.36329952170166446,0.47434168064803356,0.24438120888903098,5.501482674931822,12.111111,8.328146691109731,8.844891657593562,-2.9938208647763775,7.8333335,7.47529781702796,0.18406090697662553,1.453579893938025
GRASS,53.66563145999495,131.05851110604507,0.3576955715490733,0.5973190538554493,0.28544962425802284,4.773551447251526,9.444445,7.778174593052022,7.801392969951264,-3.9010389931834193,7.2222225,6.593380461363449,0.20498680478958878,1.620580413720689
GRASS,94.80928224599108,137.98671433632057,0.43770139577484163,0.7378647768316964,0.9972183745950688,3.919631431960699,7.6666665,6.835365787172219,6.161609637380219,-3.3113471995126345,5.111111,5.207510601008124,0.1994432658074421,1.7157086910752435
GRASS,1.7888543819998317,120.08885599144217,0.5318160212542441,0.7730011917643699,0.599382633962022,5.585475074017351,12.111111,8.642416057367408,8.94427190999916,-3.2659863237109046,7.8333335,7.559289460184544,0.19203242223437297,1.4938460188820148
GRASS,98.8342046054907,112.58330249197704,0.42481923312435327,0.9311151696411186,0.5396331716119305,5.571476403830508,11.666667,8.799551447603024,8.99396181259516,-3.7649563657782283,8.055555,7.601285092780599,0.19430900776362506,1.5512256835656377
GRASS,112.6978260659894,104.50039872332228,0.19069253834173625,0.6500235655747413,0.7204035706533698,6.15942130760685,13.555555,9.820927595047246,9.590247351951096,-3.356708075314365,7.7222225,8.105238353400358,0.17242563905910427,1.5142182602227459
GRASS,68.87089370699353,143.76021702821683,0.6955848628728333,1.440593075485166,1.250925883521746,6.80336051416609,14.666667,11.078006474291504,10.584054795356607,-4.08248290463863,8.5,8.945158942575395,0.17816843405872596,1.566238691901078
GRASS,10.285912696499032,126.43970895252806,0.3031817475778589,0.5446145105133805,0.3284360738420511,5.053524850988381,10.888889,8.48528137423857,7.702012270332072,-3.039181822227766,5.7777775,6.509388440242391,0.16632480932706126,1.5947609045804092
GRASS,87.65386471799175,139.14141487469982,0.3403305985296716,0.36893240422723644,0.4265494378287234,3.1217064753817167,5.888889,4.949747468305832,5.3168727961899,-2.9030989090487718,5.4444445,4.493577665550198,0.2278373041993299,1.6103304059526433
GRASS,96.15092303249095,135.67731325956208,0.3204583174710303,0.33379602091733956,0.17347220499592295,3.4716736080172588,6.7777777,5.65685424949238,5.714396041880261,-2.9484599073249895,5.388889,4.829546127998897,0.21564297009393818,1.6339523686383517
GRASS,22.807893370497855,136.83201379794133,0.7645336329191114,0.7378647768316964,0.4346135310487482,5.347497680841025,11.111111,9.192388155425117,8.198916215641626,-3.7195954899764976,6.2777775,6.929348923812148,0.17798418652951592,1.6818040522881983
GRASS,109.12011730198974,111.42860195359779,0.6709456573052829,1.2297745542663485,1.2838022122722506,6.1174245411173755,13.333333,10.056629619740502,9.391485505499116,-3.492790702719556,7.2222225,7.937253933193771,0.16943607431095445,1.5712638169522581
GRASS,103.75355415599024,101.03629710818453,0.18802535089692068,0.8959786598401153,0.7664857902939752,5.809453797006835,12.444445,9.585224863247209,8.99396181259516,-3.583512862571307,7.111111,7.601285092780599,0.17325606551245218,1.5854718549279958
GRASS,62.60990336999411,92.95339333952975,0.09881449386527721,0.24595490452871438,0.21942683075339714,5.949440876839736,12.444445,10.135196961304919,9.143033756451139,-4.037122028836901,7.0555555,7.727273880391131,0.17484136615432425,1.658259164241639
GRASS,16.994116628998402,139.14141487469982,0.17310782385440637,0.4919099671713118,0.5036901561067589,5.4174906538107654,10.888889,9.899494936611664,8.099534621595243,-4.218565532043821,5.6666665,6.845356146762144,0.17884120877538823,1.7989800605015052
GRASS,70.65974808899335,87.1798906476335,0.11749341714298737,1.4054568186663754,1.4291927356490555,7.181324987175317,15.222222,12.96362479315789,10.484674542951012,-4.6268138225076845,6.6666665,8.861167299418812,0.15769019705485815,1.7714784150394605
GRASS,16.54690303349844,113.16065276116666,0.3009524631494543,0.42163704243763495,0.2886751872998208,5.053524850988381,11.555555,7.38533788522993,8.099534621595243,-2.2226852413000397,7.111111,6.845356146762144,0.19241056369004794,1.383646821146641
GRASS,81.8400879764923,90.64399226277126,0.12712851970054126,0.6675920418346791,0.2194268837864057,7.4333010505384856,16.444445,13.199327524957928,10.68343638940299,-3.94640027723344,6.3333335,9.029151719625398,0.14050853246031494,1.7007347857448027
GRASS,59.03219460599445,128.74911002928656,0.21711290408669898,0.5621826705455523,0.33054399451210725,6.2434129507634335,13.222222,9.506658228789572,10.236222793903032,-4.037122028836901,9.555555,8.65118724661617,0.19369950482645412,1.4987454910581781
GRASS,99.28141820099066,109.11920087683929,0.30318180788012783,0.31622795575349755,0.42163706095380327,6.537385780616077,14.555555,9.978062278176083,10.38529294890463,-3.356708075314365,8.8888895,8.77717452236881,0.18354551119635565,1.456953005416319
GRASS,21.46625258399798,99.88159656980527,0.3225530373863499,0.4567735206158617,0.5805490569771525,7.265316630331901,16.444445,11.627978572349216,11.080959635093352,-3.4020689511160955,8.333333,9.365120182074095,0.1563708185611423,1.4846112750303966
WINDOW,82.73451516749222,48.49742261192857,0.1479375482649706,0.15811368378492638,0.16244643391377123,8.791173948484598,18.666668,22.156012948583008,8.844891657593562,-5.624754314890622,-5.2222225,11.8428870729321,0.18071877244619144,-1.544930524024768
WINDOW,71.55417527999327,63.508529610858844,0.20840901328664657,0.1405454383712577,0.09622499997217458,11.954876434426842,27.222221,27.812868612288952,12.671052170641206,-5.39794952763368,-4.9444445,14.866603612934865,0.1374931813762486,-1.546613367453314
WINDOW,81.8400879764923,80.25168741735799,0.05504818649698264,0.07027283302762463,0.09622504946964926,0.517951326063444,0.8888889,2.2784552388205137,0.0,-0.5896919569701005,-2.0555555,1.21788555353808,0.4472135954999579,-1.2749640139035219
WINDOW,71.10696168449331,60.621778264910716,0.15131304616046826,1.2649110640673518,0.6454970269611714,10.107049701976761,22.555555,24.041630560342615,10.584054795356607,-5.125783864575008,-4.611111,12.850792082313724,0.15093168159286505,-1.5502651497140738
WINDOW,96.15092303249095,51.3841739578767,0.47849364951226314,0.7378646187178133,0.6101002514444664,6.817359184352933,14.444445,17.756236164121322,6.5094420860473905,-4.400009443499033,-5.2222225,9.491107457826736,0.1929188577184213,-1.4865470505545726
WINDOW,76.92073842599277,80.82903768654762,0.12712810361488575,0.21081848959604088,0.14907118034297445,1.21788555353808,2.6666667,3.5355339059327373,0.8944271909999159,-0.6804137902232191,-1.83333335,1.889822365046136,0.29340997975096744,-1.3103828511517996
WINDOW,90.3371462909915,74.47818472546173,0.16412201090183345,1.0892290526495376,1.3450871569976885,0.8679184586989857,2.4444444,1.807050694459256,0.8447367517476009,0.18144368691865187,-0.6111111,1.0079052739567549,0.04318332044089616,-0.7788028833154638
WINDOW,109.12011730198974,62.35382907247959,1.5383972027337027,0.5446145105133805,0.2926570010440977,8.959157612762239,20.0,21.52747350896088,9.242414903283924,-4.536092070904224,-4.5555555,11.506918610483403,0.1633813209956558,-1.5233843440059107
WINDOW,101.51748617849044,62.931179341669214,0.29644340621799553,0.1229775945668519,0.1377733499267612,8.259223725455628,18.444445,20.34896267838782,8.198916215641626,-4.173204656242091,-5.2777775,10.876978074111005,0.16419046455399386,-1.4727354873510465
WINDOW,76.02631123499285,50.806823688687075,0.11749336287094535,0.26352312780643944,0.16244643391377123,8.441206815849057,18.222221,20.741799386209912,8.69582016095118,-5.035062112971548,-4.3333335,11.086958126913647,0.1693218201815761,-1.5614967631157628
WINDOW,76.02631123499285,65.24058041842773,0.18802502827978196,0.3865005326366317,0.24343227512421253,10.70899365390442,24.333334,24.670170707071527,11.528173230593309,-4.898979485566357,-3.83333325,13.186760922726897,0.1350900880651015,-1.5812679636924856
WINDOW,109.12011730198974,60.621778264910716,1.4844876677992909,0.4743415225341505,0.28625932869762566,8.581193139753012,19.11111,20.89893336223197,8.69582016095118,-4.400009443499033,-4.888889,11.17094977007023,0.163009123008665,-1.502989121694791
WINDOW,63.50433056099403,64.66323014923809,0.14793740353952523,0.17568202406692485,0.12171602972832213,10.904975036520218,24.555555,25.612977391630984,11.528173230593309,-5.26186690022849,-4.611111,13.690712293524289,0.14389080888308114,-1.555745015136235
WINDOW,72.00138887549322,79.67433714816836,0.051899925641439464,0.07027283618990228,0.09622503532751364,0.4619565697231783,0.44444445,2.2784552388205137,0.0,-0.9525793308074042,-1.83333335,1.21788555353808,0.4472135954999579,-1.3782688498116487
WINDOW,71.10696168449331,66.9726312259966,0.10379988746424028,0.6500236604430711,0.39027539028393937,11.268941217307075,25.666666,26.24151753835989,11.92569558185648,-5.080423397021568,-4.7222225,14.02668113393746,0.13876417583106737,-1.5397301072025316
WINDOW,95.70370943699099,62.35382907247959,0.11009626444988123,0.21081852121881747,0.10540932003922636,6.397398700783177,13.555555,16.577726040655048,6.161609637380219,-4.127843780440361,-4.7222225,8.861167299418812,0.18857867213477397,-1.4974032609661299
WINDOW,82.28730157199226,83.71578903249575,0.14793763570326054,0.5621827021683289,0.3305439096592935,1.2878789800651884,2.3333335,4.085505791858413,0.9441176302522307,-1.3154667454695368,-1.9444444,2.1837947035449647,0.2936466049364824,-1.4400269903950569
WINDOW,72.89581606649314,76.78758580222024,0.051899925641439464,0.07027282986534697,0.09622503532751364,0.5879447525905522,1.0,2.5141574756458036,0.04969039900309133,-0.6804137902232191,-2.16666675,1.3438736986090065,0.43479098568687924,-1.2887465857290195
WINDOW,95.70370943699099,48.49742261192857,0.08206091650507008,0.1405457419499131,0.12171605094152557,6.495389014126603,13.0,17.599102895206048,6.111919287570624,-5.125783864575008,-5.2777775,9.407116192634625,0.2134202693308079,-1.5222962480910212
WINDOW,91.67878707749138,61.19912853410034,0.13731438700100848,0.1229775945668519,0.04811232320939199,6.6073791315502906,14.111111,16.97056274847714,6.410061386428199,-4.127843780440361,-4.7222225,9.071147352221452,0.1862201749633701,-1.4974197365541315
WINDOW,63.95154415649398,65.81793068761735,0.24412277576723979,0.12297740483019227,0.13777339235316807,10.275033744218875,23.0,24.35590204792063,10.782816194594991,-5.125783864575008,-4.611111,13.018777258449255,0.14842483472756196,-1.5531055976541
WINDOW,84.52336954949205,61.77647880328996,0.21081864672581038,0.26352312780643944,0.255495216290873,10.499013601101778,23.444445,24.827303975986798,11.080959635093352,-5.30722777603022,-4.5,13.270752187919006,0.14865706380343316,-1.5566923260909908
WINDOW,79.15680640349255,75.05553499465135,0.041030492926339666,0.07027284567673527,0.09622504946964926,0.4479578995363356,0.6666667,2.042752860573868,0.0,-0.6350529144214888,-1.7777778,1.0918973328742587,0.4472135954999579,-1.3160346849431457
WINDOW,97.49256381899083,66.39528095680697,0.16101522896196382,0.12297749337396677,0.13777337113996466,8.679184209025383,19.444445,20.82036672777433,8.94427190999916,-4.309287283647282,-4.4444445,11.128954137474175,0.15167199003458376,-1.5193389154000647
WINDOW,79.60401999899251,79.67433714816836,0.051899916596099126,0.01756820430405908,0.04811251412822292,0.517951326063444,1.0,2.199887826545417,0.0,-0.4536092479152515,-2.0555555,1.1758895051811045,0.4472135954999579,-1.240984421797671
WINDOW,62.162689774494154,65.24058041842773,0.29416306084338667,0.2108186160871473,0.14907096821094007,11.086958126913647,24.88889,26.162950903902257,11.677243385594906,-5.443310403435411,-4.8333335,13.984685501341406,0.14641081277236384,-1.555511387055731
WINDOW,62.162689774494154,62.931179341669214,0.25159421181030955,0.08784111638862521,0.13777330750035435,11.114955467287333,24.777779,26.24151753835989,11.776624979641289,-5.670115190692353,-4.611111,14.02668113393746,0.14845442237904022,-1.5741335391130256
WINDOW,101.51748617849044,60.04442799572109,0.1651446378838975,0.9838195864920808,0.7441128256712158,7.419302758316116,16.222223,18.463342945307872,7.403869277047305,-4.173204656242091,-4.611111,9.869071930835963,0.1700715737744318,-1.5048864306100707
WINDOW,92.12600067299134,76.78758580222024,0.041030498956566554,0.017568209363703336,0.04811252473482463,0.13998683793563776,0.0,0.7856742641723222,0.0,-0.4536092479152515,-0.5555556,0.41996055916265007,0.4472135954999579,-1.4809610484045554
WINDOW,79.60401999899251,77.36493607140986,0.051899916596099126,0.07027283618990228,0.09622503532751364,0.6999341896781888,1.0,2.7498596417604153,0.2981424119070918,-1.0433012048853518,-1.7777778,1.469861805883486,0.37267798134284513,-1.4126550990273596
WINDOW,104.2007677514902,60.621778264910716,0.697518756636955,0.2986595743618895,0.2626431466098535,5.739460446072622,12.666667,13.985001647708893,5.863467091309048,-3.08454253473018,-3.11111115,7.47529781702796,0.1582099218627325,-1.5284617242482208
WINDOW,69.76532089799343,49.65212315030782,0.11749348950571006,0.08784101203346242,0.08871503098122661,7.727273880391131,15.888889,20.19182658104542,7.552941220903285,-5.579393439088892,-5.3333335,10.792985297061001,0.1988749288817369,-1.5402769835871013
WINDOW,63.95154415649398,51.3841739578767,0.6605783706287833,0.10540920052613321,0.0,6.80336051416609,14.0,18.22764233482818,6.360371036618603,-4.898979485566357,-5.6666665,9.743084655083324,0.20531260436604645,-1.494139468196207
WINDOW,95.25649584149104,49.65212315030782,0.05504829504106669,0.12297740483019227,0.11587030018650701,6.481390721904233,13.222222,17.44196679786365,6.062228490547432,-4.808257733962896,-5.388889,9.323123415584622,0.207274606435816,-1.501619738702345
WINDOW,69.76532089799343,45.61067126598044,0.739687801627122,1.5108659685960661,1.2330329353325502,5.361495973063395,10.555555,14.53497233155304,5.118111396951516,-4.445370319300764,-4.111111,7.769269512987185,0.21691822649432202,-1.5385534815186372
WINDOW,70.2125344934934,49.0747728811182,0.374255690185259,0.07027287097495655,0.060858078503771375,7.153327646801632,14.555555,19.013316457579144,6.857274981928156,-5.35258865183195,-5.388889,10.163045138653079,0.20528197917902663,-1.527995882300775
WINDOW,91.23157348199142,75.63288526384099,0.0518999346867798,0.03513641809495114,0.06085806789716965,0.08399210427324055,0.0,0.4714045443612576,0.0,-0.272165540584185,-0.33333335,0.25197632793830055,0.2981424119070918,-1.4809610484045554
WINDOW,71.10696168449331,47.92007234273895,0.07565639343035596,0.08784090767829963,0.08871499562588755,6.887352157322673,13.333333,19.013316457579144,6.45975218345139,-5.987641729552755,-5.6666665,10.163045138653079,0.2253106815488338,-1.5403055507010612
WINDOW,97.93977741449079,46.188021535170066,0.8748257591384303,0.9311150747727888,0.3830919278492043,5.473485712522609,11.333333,14.377838355530987,5.267182446380303,-3.8556785256299793,-4.0555555,7.685277869830602,0.1935810424171421,-1.5124312599653313
WINDOW,90.78435988649146,76.78758580222024,0.041030498956566554,0.017568209363703336,0.04811252473482463,0.1119894748840839,0.0,0.6285393689114509,0.0,-0.36288737383730374,-0.44444445,0.33596842465225163,0.39752320096900257,-1.4809610484045554
WINDOW,72.89581606649314,75.63288526384099,0.05504819554232297,0.08784104049396137,0.08871511229850647,0.5879447525905522,0.8888889,2.5927248879209,0.04969039900309133,-0.8164965809277261,-2.16666675,1.3858697469659822,0.43479098568687924,-1.3230307287255272
WINDOW,90.3371462909915,80.82903768654762,0.14793759349167232,0.14054567554208222,0.12171615700754275,0.39196314319606995,0.7777778,1.3356460793873202,0.19876160048450128,-0.3175264572107444,-0.8888889,0.7139328598650315,0.3643962563745791,-1.3002824671786528
WINDOW,99.28141820099066,75.63288526384099,0.0,0.0,0.0,0.0,0.0,0.0,0.0,0.0,0.0,0.0,0.0,0.0
WINDOW,97.04535022349087,46.188021535170066,0.17600130762378136,0.8784104365623903,0.25458744674732137,5.9914365094357915,11.888889,16.42058994331265,5.565324992451474,-4.853618609764627,-5.111111,8.77717452236881,0.21912641517627834,-1.514812937025724
WINDOW,112.6978260659894,79.09698687897874,0.16412197170535867,0.19325029794109247,0.2518450356269726,0.27997366831198606,0.33333334,1.2570787378229018,0.04969039900309133,-0.49897012371698174,-0.9444444,0.6719368493045033,0.33541019662496846,-1.419592028682834
WINDOW,102.85912696499032,65.24058041842773,0.15131307631160273,0.17568223277725042,0.19245015904337495,8.161232656183255,18.11111,19.72042323876569,8.397678062093604,-4.263926816093842,-4.2222225,10.541009611662306,0.15656147466117581,-1.5299197784310274
WINDOW,91.67878707749138,47.34272207354932,0.3462156778599472,0.7905694150420949,0.7664854367405848,5.753459116259465,11.888889,15.320646454304008,5.416253495809091,-4.08248290463863,-4.6666665,8.189229996556941,0.20489161537578662,-1.486849267992852
WINDOW,94.80928224599108,80.82903768654762,1.2677029407204843,0.2108184801092079,0.2357022721806288,1.0918973328742587,2.6666667,2.3570225803849323,1.1925696029070076,-0.272165540584185,-0.33333335,1.2598815640986083,0.030805539318630344,-1.4809610484045554
WINDOW,109.12011730198974,47.34272207354932,0.3075919540149979,0.8608421816618886,0.89572033793423,5.865448477754207,11.666667,15.8706192594685,5.565324992451474,-4.717535574111145,-4.611111,8.483202826409585,0.2153786489704539,-1.5348688895032305
WINDOW,94.36206865049112,75.05553499465135,0.0,0.0,0.0,0.0,0.0,0.0,0.0,0.0,0.0,0.0,0.0,0.0
WINDOW,90.78435988649146,47.92007234273895,0.04103062860644472,0.07027287097495655,0.14272481212901142,6.453393381530548,12.888889,17.599102895206048,6.012538587951432,-5.125783864575008,-5.4444445,9.407116192634625,0.21549069833680642,-1.5158680817646104
WINDOW,75.57909763949289,60.04442799572109,0.5343425958684023,1.7743890964025055,0.7972750580244686,6.999341896781888,16.0,16.49915869909063,7.254798674832114,-3.08454253473018,-3.4444445,8.819171288858284,0.14074374445086815,-1.4947659648043383
WINDOW,63.50433056099403,64.08587988004847,0.13731425735113031,0.17568202406692485,0.12171602972832213,10.862978647995217,24.555555,25.377277488258073,11.528173230593309,-5.125783864575008,-4.4444445,13.564725395736126,0.141088608742902,-1.5575209138171853
WINDOW,74.23745685299302,77.9422863405995,0.08206098585267933,0.07027283302762463,0.1427248015224097,0.5319499962502866,0.7777778,2.3570225803849323,0.04969039900309133,-0.7711356234763377,-1.9444444,1.2598815640986083,0.43479098568687924,-1.3298728353616445
WINDOW,101.0702725829905,75.63288526384099,0.0,0.0,0.0,0.0,0.0,0.0,0.0,0.0,0.0,0.0,0.0,0.0
WINDOW,102.41191336949036,60.04442799572109,0.165144499188679,0.8959786598401153,0.7216880654767343,7.47529781702796,16.333334,18.463342945307872,7.552941220903285,-4.218565532043821,-4.3333335,9.869071930835963,0.16794316352577673,-1.5207304308347616
WINDOW,101.9646997739904,51.96152422706633,0.6659086992361702,0.7027283935217994,0.8713547464020867,6.3694013604094915,12.888889,17.284832821841594,5.913157441118645,-4.853618609764627,-5.4444445,9.23913177242804,0.2126718081852432,-1.5009969897601543
WINDOW,72.00138887549322,77.9422863405995,0.04103050197168,0.035136424419506464,0.06085806789716965,0.47595523991002103,0.7777778,2.1213203435596424,0.0,-0.5896919569701005,-1.88888885,1.1338934190276815,0.4472135954999579,-1.2885000175944195
WINDOW,111.80339887498948,75.63288526384099,0.0,0.0,0.0,0.0,0.0,0.0,0.0,0.0,0.0,0.0,0.0,0.0
WINDOW,96.15092303249095,48.49742261192857,0.0898933520810028,0.1229775945668519,0.11587026483116795,6.467391673752918,13.0,17.52053555364163,6.062228490547432,-5.035062112971548,-5.3333335,9.365120182074095,0.21242645786248002,-1.515963824022783
WINDOW,110.4617580884896,62.35382907247959,0.1844091625252735,0.6675920418346791,0.6898739878882673,5.48748400474498,11.333333,14.53497233155304,5.217492096570708,-3.9010389931834193,-4.2777775,7.769269512987185,0.20394286067720535,-1.504129614222167
CEMENT,63.50433056099403,57.15767664977296,0.13731482419245813,0.5446144156450506,0.47385321978916767,19.61215696388376,51.88889,39.597979746446654,21.36687277880598,0.0,-6.1666665,21.166010488516722,0.06556630723003759,-1.1083640701123998
CEMENT,84.52336954949205,39.25981830489456,0.48824546108107625,0.3513642441950646,0.4753168247602066,14.586629453269063,38.333336,29.934188955848594,15.702165745094526,-0.3175264572107444,-5.2222225,16.000497031962546,0.0762269044211184,-1.1489398371158712
CEMENT,77.81516561699267,43.30127018922194,0.2178866605898351,0.7554329052410915,0.3830917510725091,15.53853902597437,40.333336,32.29121061699471,16.69597542456802,-0.9525793308074042,-5.6666665,17.26037810470734,0.08127308821943768,-1.2178343114670485
CEMENT,106.88404932448995,79.09698687897874,0.4103050800190689,1.0892290526495376,0.38490045950810614,15.440548712630944,39.88889,32.05550647098111,16.69597542456802,-1.179383913940201,-5.2777775,17.134388939132336,0.07873906418393604,-1.2430865088367824
CEMENT,90.3371462909915,40.991869112463434,0.1731079444589442,0.24595480966038455,0.16101518614903934,14.502636676219062,37.88889,29.777051444292628,15.702165745094526,-0.5896919569701005,-4.888889,15.916503498983596,0.07425844458702983,-1.1850534774873431
CEMENT,88.99550550449163,69.2820323027551,1.4929684884461711,0.29865941624800646,0.15664257216447017,19.304185463844274,48.22222,41.876433358921574,20.472445587806064,-3.492790702719556,-7.9444445,22.383895172736516,0.1004518209017736,-1.340974765379664
CEMENT,62.60990336999411,42.146569650842686,0.24957897028542073,0.24595480966038455,0.35486001785888927,17.49835474195472,45.666668,36.141012474971554,18.832660913594232,-0.7711356234763377,-6.2777775,19.31818375606664,0.07877917924345239,-1.189062914358027
CEMENT,81.8400879764923,38.105117766515306,0.24957898837610137,0.8081377648109264,0.6694387079779932,15.916503498983596,41.555557,32.44834530012355,17.39164032190236,-0.6804137902232191,-4.8333335,17.344370125828398,0.06798051827116884,-1.1906621070543584
CEMENT,72.00138887549322,42.146569650842686,0.15242116065406044,0.1932499595773828,0.13777328628715094,16.574442131658625,43.0,34.49109900922555,17.789164014806317,-1.0433012048853518,-6.111111,18.43626791226002,0.08245557463157104,-1.2165357098633993
CEMENT,98.8342046054907,39.83716857408418,0.2434318775967071,0.22838683936487236,0.30199965999712663,13.970686831154564,36.666668,28.441404516377172,15.20526224699857,-0.36288737383730374,-4.4444445,15.202570185561198,0.06891295861778625,-1.1597495906119044
CEMENT,63.50433056099403,80.82903768654762,0.39011331753971296,0.4743416490252569,0.2554951455801949,9.995060718446494,23.444445,22.86312114398312,10.534364445547011,-3.6742346141747677,-4.3333335,12.220852301870275,0.12750046191295936,-1.485268955047578
CEMENT,83.62894235849214,69.2820323027551,0.6281823033038189,0.40406907214212273,0.22872390606777693,22.691867050740473,56.88889,49.02607204788538,24.09984425440173,-3.8556785256299793,-9.2222225,26.20553780321168,0.09964284281246587,-1.3385369440408452
CEMENT,105.98962213349003,79.09698687897874,2.6095520437428092,0.825705608615332,0.5498317020063059,13.956688160967719,34.88889,29.934188955848594,15.006501294973782,-2.4948506185849086,-5.0555555,16.000497031962546,0.09590772827925809,-1.3724762310601684
CEMENT,80.05123359449247,39.83716857408418,0.14793765680905466,0.29865941624800646,0.2626430405438363,15.370555739661205,40.88889,31.505536494243742,16.348142081473657,0.272165540584185,-6.1666665,16.840417621137583,0.07991263762911108,-1.0739259192589496
CEMENT,88.10107831349171,69.85938257194472,5.235081173634795,0.29865953009000223,0.31986710638025906,15.510542063565158,37.444443,34.962500937291715,16.199069243190486,-4.400009443499033,-7.2222225,18.68824284172977,0.12547818439478833,-1.4110571084125563
CEMENT,88.99550550449163,56.00297611139371,0.3782824043432295,0.15811388300841897,0.06454972037378666,18.072301731473164,46.0,38.2623328185312,19.37925520871338,-2.2226852413000397,-6.7222225,20.452077175094324,0.08915270108330986,-1.2987972600954487
CEMENT,94.80928224599108,39.25981830489456,0.6281820017924742,0.5797509254460539,0.331243125128802,14.348651304163791,37.555557,29.46278349224852,15.503405240283335,-0.49897012371698174,-4.9444445,15.748520212670432,0.0750905659799047,-1.1735436882779353
CEMENT,72.44860247099318,38.105117766515306,0.28721367661788605,2.916322344543569,2.5007411144222824,16.098487345305973,41.0,33.783992228039004,17.44133022449836,-1.9505195782413676,-5.388889,18.058303439250796,0.08273405453748886,-1.2997184788099787
CEMENT,57.243340223994615,80.82903768654762,2.120367676334718,0.21081852121881747,0.10540932003922636,10.457016834612304,24.88889,23.72736190119172,10.98157804104697,-3.4020689511160955,-4.6666665,12.682808418036085,0.11905104526278876,-1.4523196882325944
CEMENT,108.67290370648978,69.2820323027551,1.3145137830115603,0.49190958769799253,0.6483598901861614,18.086300023695536,44.77778,39.83368106403313,18.98173196302302,-3.7649563657782283,-8.1111105,21.291998142233833,0.10971102062572383,-1.3510936048397997
CEMENT,74.23745685299302,38.105117766515306,0.19762889727715108,1.6689795353767192,1.7534360198320609,15.734521164519114,40.555557,32.762613252167654,16.994116628998402,-1.3154667454695368,-5.4444445,17.51235341214156,0.07999522456379206,-1.2364086631059348
CEMENT,69.31810730249347,73.32348418708249,0.5154187790463993,4.866393673723325,1.4651842940347555,13.802703166876924,35.88889,28.991378028648445,14.60897804928342,-0.7711356234763377,-5.7777775,15.496543393378316,0.09147123524781985,-1.1856551546474547
CEMENT,93.02042786399124,37.52776749732568,0.372903170595752,8.36246776590514,9.028861580547744,21.43198597799568,52.666668,45.569100533769586,23.70232056149777,-4.944340361368087,-5.5555555,24.357708802974763,0.08815938602207299,-1.3935742468011094
CEMENT,105.54240853799007,44.45597072760119,4.665259104676103,2.4419813279738443,2.9603081962917304,12.388836344112388,30.222221,26.63435636750233,13.615169711450717,-3.1299034921815685,-3.5,14.236662320633522,0.10073187947168354,-1.5014423963216237
CEMENT,56.796126628494655,68.12733176437585,3.0844459794632932,0.2635232542975458,0.24438154830028594,12.976779736030837,30.777779,29.46278349224852,13.664859614046716,-4.3546485676973035,-5.6666665,15.748520212670432,0.1314579131573059,-1.4691327783009012
CEMENT,65.29318494299386,56.00297611139371,1.3863205187908223,0.19325017144998605,0.20298656273547086,18.128296034256064,46.0,38.41946750166004,19.47863724997336,-2.404128866981448,-6.611111,20.53606919621538,0.08815257495901353,-1.3015963422887755
CEMENT,89.88993269549154,72.16878364870323,0.40410371528833133,2.705503728456422,2.0243880246742467,16.392459041265198,41.666668,34.648232278140824,17.640091176523146,-2.0866023281210455,-5.888889,18.520259177452132,0.08608155563106895,-1.301485750788198
CEMENT,77.81516561699267,55.425625842204084,0.20759954577985867,0.29865941624800646,0.3110618591875336,20.844040696254865,54.11111,43.13351365237939,22.509750377213088,-1.2701058288429776,-7.2222225,23.05583285356286,0.07807388762626132,-1.2165544481931008
CEMENT,93.91485505499116,42.146569650842686,0.29128731800152663,0.31622776601683794,0.28867470293167563,15.972498935659914,40.555557,33.46972003335421,17.39164032190236,-2.0866023281210455,-5.0555555,17.89031788515079,0.07970490244186539,-1.3389029425107872
CEMENT,79.15680640349255,43.87862045841156,0.409072169979956,4.743416490252569,4.059283656116926,11.268941217307075,28.666666,23.64879526673408,12.223838575141247,-1.4061885378978265,-3.72222235,12.640812785440028,0.08973856430982267,-1.3460657220721728
FOLIAGE,18.335757415498275,43.30127018922194,5.769798578255641,8.415172815211633,11.21244727238494,20.788046015507497,47.444443,46.27620731495613,23.30479686859381,-9.253627645015369,-4.3333335,24.735673275983988,0.13318103608503915,-1.6664769471205547
FOLIAGE,109.5673308974897,42.146569650842686,1.8916793416742501,3.390664309796592,2.7156097934427947,17.638342577716568,32.11111,49.576044853049865,16.8947368238064,-17.826842561253077,-13.333333,26.49951063306432,0.2455347536499711,-1.5918766867306273
FOLIAGE,113.59225325698931,42.146569650842686,2.3715489382074937,2.986595743618895,4.359323912616783,13.116767571792682,20.555555,40.540787845219675,11.726933735404502,-17.32787129444088,-12.7222225,21.669962615243062,0.291195440635955,-1.5949227613226227
SKY,36.22430123549659,38.68246803570493,0.13853597528913253,0.28109147757527086,0.20637957926965542,46.447632657716525,112.333336,97.89500234157408,52.72151213033106,-12.927862259190137,-7.5,52.32707980565757,0.08432215473646874,-1.638499701637484
SKY,104.64798134699015,15.588457268119898,0.18802509762739122,0.6500242928986031,0.4796796382447886,46.36364101455994,111.55556,98.05214268155719,52.67182446380304,-13.608275804464382,-7.3333335,52.411074850494416,0.08739274564385124,-1.650749124540013
SKY,63.95154415649398,11.547005383792516,0.22622703725241075,0.4040694832382186,0.3284364415375773,48.12747723774686,116.77778,100.88056980630338,54.80851263611083,-12.927862259190137,-7.1666665,53.92293274253133,0.0811582124631616,-1.6453799213291074
SKY,45.61578674099571,17.320508075688775,0.2652744448387608,0.19325017144998605,0.2730147767442634,47.39954563210209,115.111115,99.7020561473032,53.71532359865893,-12.610336536826315,-7.9444445,53.29299069430103,0.08209293359911607,-1.6235092500083637
SKY,48.299068313995456,43.30127018922194,0.1421332980959495,3.513641809495114,3.5407675567736896,44.10985435854931,105.888885,94.04520189781081,49.74008890568733,-13.24538838980225,-8.2222225,50.26927491022722,0.09077978041927354,-1.6231550602216673
SKY,51.87677707799512,20.207259421636905,0.23570200110463252,0.281091085452841,0.1924509191831647,47.31555436690998,113.77778,99.93776312174391,53.86439107037895,-13.971162810878225,-7.111111,53.41898137173393,0.08714087941900162,-1.6593220871551189
SKY,92.57321426849128,33.4863156129983,0.13853514010270804,0.3162281771129338,0.14907143843694956,46.11166570712572,110.111115,98.13071638708264,52.37368281215905,-14.56085623754217,-7.3333335,52.45307426273521,0.0923507925867694,-1.6611843235740515
SKY,32.64659247149693,17.8978583448784,0.13731435684987403,0.28109147757527086,0.12171617822074618,47.94549263549553,115.55556,101.19483634413392,54.51036651233089,-13.835081408217906,-7.4444445,54.090915272915545,0.08606877426650957,-1.6509749744459241
SKY,16.994116628998402,40.991869112463434,0.14793799751687403,0.281091085452841,0.2545872381508209,46.1816609478823,111.44444,97.81644277818427,52.22461086830308,-13.154666229950498,-8.1111105,52.28508795270625,0.0869005691934597,-1.6271961047654704
SKY,100.17584539199058,19.62990915244728,0.2912874868478796,0.3162281771129338,0.22360652125932126,46.573621445327056,111.44444,98.99494936611664,52.870584074187036,-14.424772385392107,-7.5,52.91502622129181,0.09119594397483793,-1.6570208788464253
SKY,59.92662179699436,31.176914536239796,0.19505717736936914,0.3865003428999721,0.35486054818897517,47.0075813550126,112.666664,99.93776312174391,53.268110003158974,-14.334050633788646,-7.888889,53.41898137173393,0.09065368407388637,-1.6466122670273593
SKY,21.913466179497938,23.094010767585033,0.12712783526978907,0.26352312780643944,0.25549548145591594,47.28755664857182,114.0,100.0948963906592,53.566251654802954,-13.608275804464382,-8.0,53.502972636926046,0.08699956886709553,-1.6360221408975628
SKY,16.54690303349844,14.433756729740645,0.220192749003044,0.31622656435132707,0.26874185774477366,47.63752340324289,114.333336,100.56630326847282,54.36129904061087,-14.334050633788646,-6.7222225,53.7549502121471,0.08769549135946089,-1.6724348167267984
SKY,101.9646997739904,11.547005383792516,0.14793810304584465,0.26352312780643944,0.26614555256308764,47.2455591261534,114.0,99.38778960947265,53.86439107037895,-13.472193585307481,-6.8333335,53.12500816391682,0.08447491842855558,-1.6602909648667004
SKY,7.155417527999327,29.444863728670917,0.1335858223361237,0.26352353890253527,0.2554951102248559,46.47563037605468,110.666664,99.54492994945574,52.52275028387908,-15.059826279609496,-8.2777775,53.20900320875366,0.09562018335375946,-1.6478874633965512
SKY,84.52336954949205,22.516660498395407,0.17310841481664177,0.2459543859151781,0.20637916561218844,46.93758989390076,113.888885,99.23065634055736,52.92027666006461,-12.610336536826315,-8.7777775,53.0410168987247,0.08425090913856965,-1.6037980827973637
SKY,53.66563145999495,29.444863728670917,0.21477370671274196,0.6500230596103157,0.2626431466098535,47.02158115909286,113.22222,99.78062278176083,53.16872572583102,-13.698998780812714,-8.2777775,53.33498632689709,0.08835543999020422,-1.6301001923158034
SKY,61.715476178994194,12.124355652982143,0.22918400423538657,0.31622776601683794,0.18257348597812606,48.11347705570212,116.22222,101.19483634413392,54.80851263611083,-13.562914520414362,-7.111111,54.090915272915545,0.08401035294555023,-1.6541894818731981
SKY,19.677398201998148,19.052558883257653,0.2824851646542764,0.33379529359347776,0.3019991544157781,47.581526076744204,114.666664,100.25203673064229,54.21222486068691,-13.744359656614444,-7.0,53.586967681762886,0.0855138448043975,-1.6602884192822882
SKY,31.304951684997054,25.403411844343537,0.631389720685168,0.7378647768316964,0.7564543492319942,46.33564367418626,112.0,96.79506238809937,53.16872572583102,-12.973223951488448,-5.5555555,51.73913716966807,0.08131264426195965,-1.6862069233719343
SKY,43.379718763495916,12.124355652982143,0.18440880071166,0.42163663134153917,0.30731797626852425,47.93149283141528,115.0,101.03770307521866,54.80851263611083,-14.470133261193839,-6.388889,54.006924007723434,0.08726365743951017,-1.6813681209575968
SKY,0.4472135954999579,25.980762113533164,0.137314552832248,0.35136484502782,0.16101485027331827,46.433634743458626,110.55556,98.99494936611664,52.771204268995035,-15.059826279609496,-7.2777775,52.91502622129181,0.09399278202400703,-1.6683192431282583
SKY,110.4617580884896,28.86751345948129,0.0820612481675491,0.2459551891337038,0.12171569385260106,45.80369647487307,109.22222,98.20927595047246,51.628323092879164,-14.651577989145633,-8.6111105,52.49506611568653,0.09549722644781271,-1.635046687092916
SKY,3.5777087639996634,12.124355652982143,0.13358578615476235,0.6500238818025074,0.43087010774914664,47.46953709321394,113.44444,100.72342946632028,54.06315291683093,-14.878381551657702,-7.0555555,53.838937697694476,0.09104464714334434,-1.6705581553295292
SKY,90.3371462909915,23.67136103677466,0.23282760300336933,0.35136446555450085,0.36260319066627256,46.50362998421521,111.888885,98.8378231682692,52.52275028387908,-13.653636680266112,-8.3888895,52.83103873574443,0.08915061259581888,-1.6262874018409674
SKY,37.11872842649651,30.59956426705017,0.13731390458285717,0.22838683936487236,0.1734715367800147,46.65761271051917,112.333336,97.73787614372664,53.566251654802954,-13.608275804464382,-5.5,52.24309232011019,0.08372582671182124,-1.692297799763719
SKY,71.10696168449331,23.094010767585033,0.1871271365409697,0.17568223277725042,0.060857488069609084,47.301554562829715,114.22222,100.17346302511683,53.46687184961095,-13.381472650200601,-8.3888895,53.5449682695221,0.0866094465591971,-1.6227389985916172
SKY,56.3489130329947,11.547005383792516,0.35957290178495227,0.36893199313114067,0.4065429474705609,47.83350554178763,115.666664,100.64486990293045,54.410986259925295,-13.33611136615058,-7.3333335,53.796945844743156,0.0837601861323635,-1.646168769654199
SKY,77.81516561699267,34.06366588218793,0.10540916205433586,0.42163704243763495,0.28867644948542515,46.12566551120598,110.55556,98.13071638708264,52.22461086830308,-14.061884970729976,-7.888889,52.45307426273521,0.0909302051842559,-1.642731382169495
SKY,88.10107831349171,33.4863156129983,0.18802535089692068,0.456773330879202,0.35486044212295803,46.20965677639809,110.44444,98.13071638708264,52.57244465861103,-14.470133261193839,-7.0555555,52.45307426273521,0.09129716630004339,-1.6668423091943938
SKY,57.243340223994615,8.660254037844387,0.08206164314741052,0.17568223277725042,0.21942647720000652,48.855408087462685,118.333336,101.82337649086284,56.10045904787874,-13.381472650200601,-5.7222225,54.42688411332872,0.07968462130530947,-1.6846391969273657
SKY,55.90169943749474,26.55811238272279,0.18440911428345835,0.6851605813401702,0.27638513050611097,47.07757659576918,112.77778,99.7020561473032,53.61593932133098,-14.424772385392107,-7.0,53.29299069430103,0.08949806625457067,-1.6671371727221487
SKY,63.95154415649398,19.62990915244728,0.2800908932181188,0.439204949487594,0.31106108137007427,47.42754146061788,113.666664,100.40916292848974,54.013465250302914,-14.470133261193839,-7.0555555,53.67095516731026,0.08922628560831343,-1.6668428041691408
SKY,29.96331089849718,18.475208614068027,0.32045895064485386,0.5621829551505417,0.4634807411266203,47.707514864354735,115.111115,100.56630326847282,54.26191744656448,-13.608275804464382,-7.3333335,53.7549502121471,0.0852501095307233,-1.6502076221669804
SKY,17.88854381999832,32.908965343808674,0.2178875832145495,0.4392057716797857,0.2830067258925152,46.69961212275995,112.22222,98.2878425849301,53.417177474879,-13.880441875771345,-6.1666665,52.53706174828258,0.08608338473467456,-1.6801238958654208
SKY,98.8342046054907,28.86751345948129,0.16412230336783767,0.456773330879202,0.2434330352640023,46.139661535641515,109.888885,98.8378231682692,52.12523106311107,-14.923743652204303,-8.2777775,52.83103873574443,0.09561811722694827,-1.6445032503417922
SKY,41.14365078599613,25.403411844343537,0.1731082761214232,0.36893199313114067,0.37080997803474086,46.79759941238759,113.44444,97.65930243820118,53.61593932133098,-12.701057471933195,-5.888889,52.20109290786941,0.07979536033582717,-1.673921438023565
SKY,97.04535022349087,13.279056191361395,0.18440911428345835,0.36893199313114067,0.19364930254271623,47.035577183528396,111.888885,100.17346302511683,53.566251654802954,-15.377352818469896,-7.0,53.5449682695221,0.09398712477202396,-1.6762322629844826
SKY,46.95742752749558,37.52776749732568,0.1844097776084164,0.47434206012135277,0.433012747362159,46.489630180134945,111.666664,98.99494936611664,52.473063064564656,-13.880441875771345,-8.5,52.91502622129181,0.09050040608616472,-1.6291678720248088
SKY,22.360679774997898,28.86751345948129,0.1976293193930335,0.2459556002297996,0.17743085745758208,46.909592175562594,113.111115,99.62348951284555,52.92027666006461,-13.472193585307481,-8.666667,53.250995061704984,0.08817353586023462,-1.6180581638321967
SKY,40.69643719049617,10.96965511460289,0.2291842002177605,0.4567741214486171,0.27554692612769244,47.875498906596846,115.44444,100.72342946632028,54.60975078965885,-13.744359656614444,-6.8333335,53.838937697694476,0.08475890800596997,-1.663704664274235
SKY,64.8459713474939,19.052558883257653,0.08206013559068762,0.281091085452841,0.2194271135961096,47.07757659576918,113.22222,99.62348951284555,53.46687184961095,-13.880441875771345,-7.5,53.250995061704984,0.08778678107071029,-1.650060048981747
SKY,56.796126628494655,32.908965343808674,0.2147744906422379,0.5094783485629198,0.3902756024159738,46.96558572241654,113.0,99.23065634055736,53.417177474879,-13.789720940664465,-7.2222225,53.0410168987247,0.08709683782411679,-1.6554525160057536
SKY,61.715476178994194,28.290163190291665,0.280091827903287,0.5621833662466376,0.3776144312347599,46.88159445722444,113.111115,99.30921590394719,53.01965825411099,-13.381472650200601,-8.2222225,53.083008751676026,0.08703776090815124,-1.6287582450664675
SKY,109.5673308974897,13.279056191361395,0.11009637600907873,0.36893199313114067,0.4330120402553778,46.489630180134945,111.0,98.8378231682692,52.870584074187036,-14.69693845669907,-7.1666665,52.83103873574443,0.0920816505007256,-1.666129121294889
SKY,96.59813662799091,9.81495457622364,0.15570037994700756,0.40406907214212273,0.3606834311106901,47.67951903583894,115.0,100.3305962940321,54.36129904061087,-13.653636680266112,-6.888889,53.628959534714205,0.08473073802158942,-1.660580242250884
SKY,102.85912696499032,23.67136103677466,0.2075994553264553,0.5973192435921088,0.43885390899416765,45.915683568580974,110.22222,98.20927595047246,51.578635873564735,-13.789720940664465,-9.2222225,52.49506611568653,0.0923012189597082,-1.6127714092719772
SKY,25.93838853899756,33.4863156129983,0.12171592372278632,0.28109187602225605,0.3042904278741959,46.489630180134945,112.55556,97.18789556038755,53.218417864494995,-12.791780040033236,-6.0,51.94911533264834,0.08093327296889703,-1.6725796321955855
SKY,106.43683572898999,34.06366588218793,0.13853425968958188,0.3337960841628928,0.2405620509176304,45.99967672359545,109.22222,98.2878425849301,52.274298534831104,-15.286629842121565,-7.2222225,52.53706174828258,0.09579483367921006,-1.6717530950790565
SKY,7.602631123499285,10.392304845413266,0.3901134079931163,0.4040686610460269,0.4435752609721503,47.4835368972942,114.0,100.40916292848974,54.06315291683093,-14.24332969868177,-7.111111,53.67095516731026,0.08814825934781695,-1.6632451155771417
SKY,41.14365078599613,35.7957166897568,0.39525842772812575,0.5973184530226938,0.25458755281333856,46.67161251459943,112.333336,98.52354955937082,53.119038059302994,-13.653636680266112,-7.0555555,52.66305242571547,0.08662140952287674,-1.6570367180383239
SKY,36.67151483099655,29.444863728670917,0.13358504142174127,0.19325017144998605,0.262643164287523,46.55962542089153,111.77778,98.20927595047246,53.16872572583102,-13.971162810878225,-6.4444445,52.49506611568653,0.08729625931062213,-1.6747809970267755
SKY,92.12600067299134,17.320508075688775,0.15131251851561525,0.2635227356840096,0.1936493414335892,46.61561934570995,112.77778,98.75924946274374,52.57244465861103,-12.927862259190137,-8.666667,52.789039323503644,0.08609304007620139,-1.6118568373611906
SKY,47.851854718495495,12.124355652982143,0.1556998040603394,0.3689323726044599,0.14433757066893999,47.91749680697975,115.77778,100.3305962940321,54.85819985542525,-13.472193585307481,-6.1666665,53.628959534714205,0.08229709107759775,-1.6761059737133626
SKY,52.771204268995035,21.93931022920578,0.17600117495878972,0.281091085452841,0.37761453730077715,47.18956368947708,113.333336,100.17346302511683,53.46687184961095,-14.107247071276577,-7.9444445,53.5449682695221,0.08943027314562882,-1.6425546054741982
SKY,83.18172876299218,16.165807537309522,0.11749392971227315,0.45677247706423385,0.45744858995301313,46.30764784567046,111.0,98.05214268155719,52.72151213033106,-14.107247071276577,-6.9444445,52.411074850494416,0.08922501999383815,-1.664515220777509
SKY,32.64659247149693,10.96965511460289,0.11749329050822264,0.298659020963299,0.24056333785197218,48.197470210716595,116.55556,101.19483634413392,54.95758010783085,-13.426833117754043,-6.9444445,54.090915272915545,0.0829753844100285,-1.6575912311761303
GRASS,60.82104898799428,124.70765814495918,0.40033690390938687,0.8608423713985481,1.055189993720562,5.697464435512093,11.444445,9.349522838553954,9.192723659047138,-4.445370319300764,8.2222225,7.769269512987185,0.19752285460205404,1.615435787623488
GRASS,19.677398201998148,93.53074360871939,0.1373144473032774,0.6148874036242806,0.4796796382447886,9.267128734837252,19.555555,17.049129382934776,13.366717962402738,-6.078363481156216,8.055555,11.296938557680761,0.15519754027694027,1.8083469626105273
GRASS,44.274145954495836,92.37604307034013,0.2542567499501917,0.9662513315915793,0.8347210289930521,10.597003914445205,21.11111,20.977500703796387,14.907121042568187,-8.482492756385954,7.9444445,12.598816774879502,0.16435714553317265,1.999065470179785
GRASS,30.41052449399714,99.30424630061565,0.32045819686649246,0.7378649033228026,0.6009248692071288,11.38092982287287,24.555555,21.29177007005406,15.950618835783294,-6.804137902232191,8.333333,13.480733374615069,0.13966240433762903,1.8510651217396374
GRASS,50.08792269599529,116.0474041071148,0.39054484057607264,0.9838196813604108,0.630989882816992,8.049243672652986,16.666668,14.377838355530987,12.025077175902863,-5.670115190692353,8.3888895,10.163045138653079,0.1707961939632204,1.745095483215931
GRASS,94.80928224599108,92.37604307034013,0.39011352859765414,0.45677339412475526,0.6265720917801727,8.791173948484598,17.777779,16.577726040655048,12.7704324230468,-6.713416558877022,7.9444445,10.792985297061001,0.16914317623871772,1.8685980465111924
GRASS,51.42956348249516,90.06664199358163,0.11749344427900837,0.3337958944262332,0.2287243656871847,9.169138421493825,17.222223,18.384776310850235,13.217646018546759,-8.618574567294564,7.9444445,11.17094977007023,0.18663456755309632,2.01060128091874
GRASS,89.44271909999159,124.13030787576956,0.2889666786508284,1.4932977136955645,0.9351669261188246,8.707181549399069,17.11111,15.949185893926135,13.16795611595076,-7.257747884994365,9.6111105,11.128954137474175,0.18817270057705102,1.810934902718992
GRASS,112.6978260659894,112.00595222278741,0.23570233276711156,0.6500238818025074,0.7165373936165544,7.01334056696873,15.0,10.842303742491467,11.32941138414133,-4.3546485676973035,10.166667,9.575100234876738,0.1889435537073424,1.5036736010589795
GRASS,53.218417864494995,104.50039872332228,0.2262264945319905,1.036524098211373,0.5696814975017575,8.091239683213514,16.555555,13.906434306144476,12.521980673998822,-5.9422804455027345,9.8888895,10.583005244258361,0.18315698544099315,1.6820979258664592
GRASS,105.09519494249011,143.76021702821683,0.7314485820206521,0.8432741481208231,0.5322905040854112,8.637188198464855,19.777779,15.006376380939553,12.323218827546842,-3.7649563657782283,7.0555555,10.415020824051775,0.12817571866507665,1.6140627983864584
GRASS,98.8342046054907,116.0474041071148,0.3403304779251338,0.7730012866326996,0.29502036403885745,7.237319667922687,14.666667,12.492220743771382,11.230029790094948,-5.488671687485431,8.944445,9.491107457826736,0.1863815117400827,1.6898063090202082
GRASS,91.67878707749138,117.77945491468367,0.28896663342412676,0.5973190538554493,0.6265720917801727,7.181324987175317,14.333333,12.099381914628944,11.428791636546926,-5.715476066494083,9.833333,9.65909187803332,0.19647975125123016,1.66080177880543
GRASS,55.45448584199478,116.0474041071148,0.5908960536322819,0.6500237553114009,0.46198043731363775,6.761364881570034,14.0,10.528034376233794,11.080959635093352,-4.762896858161166,10.333333,9.365120182074095,0.19664767101206848,1.5393663007636111
GRASS,42.03807797699604,142.02816622064796,0.4882456118367485,0.8608422765302184,0.27301468128484796,8.623189906242485,18.88889,13.906434306144476,13.366717962402738,-4.808257733962896,10.6111105,11.296938557680761,0.1676155482621213,1.5265831536626426
GRASS,64.8459713474939,87.75724091682312,0.3447538905591653,0.8784103416940605,0.392050440436752,9.463110495417522,19.666668,18.22764233482818,13.267336368356355,-6.577333114975249,6.9444445,11.212945780630758,0.15115327592943528,1.9312035131504963
GRASS,31.752165280497014,107.96450033846003,0.49236606587174825,1.1243652145999983,0.6610882365115879,7.055336577529259,14.666667,11.470843889220378,11.230029790094948,-4.898979485566357,9.666667,9.491107457826736,0.19284515244574693,1.594033291702568
GRASS,1.7888543819998317,143.1828667590272,0.5467996576741705,1.0189562544069672,0.44513814373526783,7.391305039977957,15.555555,11.785113962584834,11.826315329450885,-4.898979485566357,10.333333,9.995060718446494,0.18879150555700838,1.5592404560876747
GRASS,12.521980673998822,93.53074360871939,0.18802542928987026,0.45677339412475526,0.46943624192514677,9.491107457826736,19.666668,18.463342945307872,13.217646018546759,-6.66805568307529,6.6666665,11.17094977007023,0.1498732298714436,1.9580055471632352
GRASS,28.17445651649735,91.22134253196089,0.3178209675888742,0.597319148723779,0.45744858995301313,8.38521137917274,16.444445,15.713483162126101,12.472290771402822,-7.030942281240843,8.555555,10.541009611662306,0.1841673572287624,1.855947906195765
GRASS,4.024922359499621,103.92304845413265,0.2178869621011797,0.3689325939638961,0.3476109359148601,8.525198459005638,17.444445,15.556349186104043,12.621360926404419,-6.259806984363137,8.5,10.666996887414946,0.17058024346222536,1.797225587156025
GRASS,104.64798134699015,92.95339333952975,0.15131316676500609,0.5094781272034836,0.4967488423892412,7.19532365736216,15.111111,12.020815280171307,11.180339887498949,-4.808257733962896,8.944445,9.44911182523068,0.17691708122502156,1.6212091730705203
GRASS,23.25510696599781,98.1495457622364,0.13731432669873958,0.29865953009000223,0.13777361155627024,9.617096245437267,20.11111,17.913372261463724,13.813931557902695,-6.531972647421809,8.166667,11.674903030689988,0.15612748964383075,1.841315392019281
GRASS,75.13188404399293,120.6662062606318,0.20100751279995166,0.22838655475988293,0.2518451664417271,8.511199788818796,17.666668,14.77067577045986,12.96919426949878,-5.9422804455027345,9.7222225,10.960969717267588,0.17456440677463114,1.689554720427462
GRASS,68.42368011149357,117.77945491468367,0.5101660896102411,1.0540925428485344,0.48876249555980783,7.33531073719506,15.333333,11.94224864571367,11.627553482998906,-4.989701237169817,9.8888895,9.827076298239907,0.18799343500729487,1.5870377428949334
GRASS,21.01903898849802,101.03629710818453,0.23783538381966726,0.3689321828678003,0.3140239860624665,8.97315628294908,18.666668,16.813428772455083,12.869814017093184,-6.214446108561407,7.5555555,10.876978074111005,0.15718987684489258,1.8598018502852662
GRASS,106.43683572898999,121.82090679901106,0.1479376718846219,0.5094781272034836,0.443575685236219,7.755270842800343,16.11111,13.59216281856646,11.726933735404502,-5.39794952763368,8.555555,9.91106794139649,0.17230354080326085,1.7086204405685947
GRASS,95.70370943699099,142.02816622064796,0.5782244966559812,0.9486830766910775,0.7031671357551667,6.621377423772661,14.222222,10.920871791162668,10.236222793903032,-4.037122028836901,8.055555,8.65118724661617,0.1751054323660591,1.5788627399762796
GRASS,33.54101966249684,138.5640646055102,0.588326362895849,0.6675920418346791,0.481125070571551,7.993248613941142,17.0,12.649355426900216,12.7704324230468,-5.080423397021568,11.1111105,10.792985297061001,0.18658536064118347,1.538326288109842
GRASS,71.55417527999327,96.99484522385714,0.3467015332405998,0.2108183947277111,0.16666648961029942,9.491107457826736,20.88889,16.263455967290593,14.062383306950675,-5.171145148625029,9.5,11.88488308349263,0.14998923707811632,1.6278474915322994
GRASS,94.80928224599108,135.67731325956208,0.4388537419826834,0.6148874984926105,0.8007520081335802,9.785080665643852,21.11111,16.97056274847714,14.559287699473824,-5.851558693899274,10.0,12.304843945026859,0.15736590011608137,1.665960405616898
GRASS,96.15092303249095,109.69655114602891,0.31409109134964047,0.8257059248430981,0.6515652405806189,7.517293827588489,16.0,12.099381914628944,11.876005232046884,-4.762896858161166,10.0,10.037056351042548,0.18046051553906212,1.558751986723231
GRASS,3.5777087639996634,130.48116083685545,0.5985392456127904,0.3513641493267348,0.1610153912100059,6.80336051416609,14.0,11.156573815855921,10.832506544404588,-4.898979485566357,9.333333,9.155138995378037,0.18979923878456414,1.6072752803938486
GRASS,91.23157348199142,90.06664199358163,0.08408737123686377,0.6324554055425695,0.1972026166486619,8.959157612762239,17.333334,17.991939603028143,12.671052170641206,-7.802077986366839,6.9444445,10.70899365390442,0.17398132074454636,2.025811854888844
GRASS,52.323990673495075,129.32646029847618,0.7717660759949015,0.9662515213282389,1.0682712216851398,7.657280529456917,15.444445,12.570788085335797,12.323218827546842,-5.8969199779492945,10.944445,10.415020824051775,0.19745205621775044,1.6292823526126832
GRASS,64.8459713474939,143.1828667590272,0.5180250431089294,0.6675919153435729,0.4868644795377469,10.163045138653079,23.222221,17.756236164121322,14.459907447068229,-4.4907311951024935,8.166667,12.220852301870275,0.1304410701888098,1.6158085036078516
GRASS,53.218417864494995,97.57219549304676,0.2964436233061636,0.31622767114850814,0.32489302692656824,9.813077628053064,20.88889,17.677669529663685,14.310835055998654,-6.214446108561407,9.055555,12.09486313629527,0.15553335296580117,1.7529633189488376
GRASS,49.64070910049533,142.02816622064796,0.6316565582251195,1.8446621792500653,1.4543995014080981,9.785080665643852,21.11111,15.8706192594685,15.254952149594569,-5.851558693899274,12.333333,12.892787714909778,0.1739539870495894,1.5655423331429652
GRASS,107.3312629199899,109.69655114602891,0.22622672669572583,0.42163704243763495,0.3872984000244659,7.601285092780599,15.888889,12.413651987993399,12.025077175902863,-5.171145148625029,10.166667,10.163045138653079,0.18304846011777318,1.592567812898559
GRASS,92.57321426849128,124.13030787576956,0.6151836969720544,0.7905693517965416,0.5713046611179712,9.001154379251712,18.11111,16.027753235490554,13.714549963856312,-6.985581405439112,10.2777775,11.590910253639985,0.1832845352305657,1.7477959240132825
GRASS,21.913466179497938,138.5640646055102,0.4940727708377307,0.6500237553114009,0.6165164676662751,7.727273880391131,15.222222,13.277894866522345,12.223838575141247,-6.395890020016618,10.333333,10.331029180895193,0.19937156852381155,1.7117578026460416
GRASS,51.42956348249516,105.65509926170152,0.23282763315450378,1.4932977136955645,0.36068389073009793,7.503294779437173,14.555555,13.435028842544401,11.627553482998906,-6.486611771620079,9.2222225,9.827076298239907,0.20122010803226678,1.772579945983193
GRASS,99.28141820099066,112.00595222278741,0.3447538905591653,0.7202965535539714,0.5023097776038656,7.629282433154285,16.555555,12.649355426900216,11.677243385594906,-4.445370319300764,8.8888895,9.869071930835963,0.16642141640796115,1.5728755961492946
GRASS,10.73312629199899,124.13030787576956,0.24412295667404654,0.8081376383198199,0.4451386740653537,6.831357854539775,14.222222,10.920871791162668,10.98157804104697,-4.717535574111145,9.7222225,9.281127405024094,0.19016089147497306,1.5726148858790714
GRASS,50.9823498869952,139.71876514388944,0.7396880126850632,1.475729838268382,0.6790514711148338,9.099144692595138,19.222221,15.8706192594685,13.664859614046716,-5.9422804455027345,9.7222225,11.548914243079457,0.1662270126579973,1.6940708700175442
GRASS,92.12600067299134,134.5226127211828,0.46456964456172084,0.5446146370044869,0.2926569480110891,10.135047798279393,21.88889,17.756236164121322,14.95681139237778,-6.033002605354485,9.944445,12.640812785440028,0.15462640826626323,1.6895253754960426
GRASS,40.24922359499622,136.83201379794133,0.40033651194463893,0.8608420551707823,0.9469736648209917,8.399210049359581,17.555555,13.906434306144476,13.16795611595076,-5.715476066494083,10.833333,11.128954137474175,0.18503272895246267,1.6124079563864473
GRASS,105.54240853799007,138.5640646055102,0.5031884839228881,1.0716606712579295,0.8673607244592326,8.497201496596427,19.555555,13.985001647708893,12.571670576594823,-3.583512862571307,8.444445,10.625000876854417,0.14730410851296716,1.5144893649626527
GRASS,51.87677707799512,117.20210464549405,0.587467236470609,0.9311148534133525,0.6210057471986722,7.377306369791115,15.444445,12.492220743771382,11.379101733950927,-4.989701237169817,8.8888895,9.617096245437267,0.1761430975995617,1.6407578471432034
GRASS,108.22569011098982,94.68544414709864,0.16101519881082937,1.0189563808980737,0.3701852845489016,7.489296487214803,15.111111,13.277894866522345,11.428791636546926,-5.760836942295813,8.6111105,9.65909187803332,0.1831470841319888,1.7393457858460692
PATH,64.39875775199394,107.96450033846003,0.617641979266666,1.9676393627208215,1.2420111408439538,21.222005169264094,49.88889,49.26177477968541,21.86377627690194,-7.665996175458228,-10.8888895,26.331526212857735,0.1341423306528382,-1.4452410543781702
PATH,68.87089370699353,109.11920087683929,0.31569470958691176,0.456773330879202,0.30429025109750063,22.649871040179946,53.444443,52.954438418999516,23.006654322522643,-7.938161430268611,-12.7222225,28.30533795327362,0.13992942215909418,-1.4184253732045546
PATH,62.60990336999411,108.54185060764966,0.6356416336664037,0.9662512051004728,0.8832284127610931,23.307809672854976,54.444443,54.1329556135336,24.149534156997728,-8.845379354551506,-11.5,28.935281891326273,0.1322071479823908,-1.466559263170773
PATH,31.752165280497014,113.7380030303563,0.5592805388761602,1.4405932968446022,0.7588976860037062,20.956029679785136,49.11111,49.18320814522777,21.317181981782788,-7.7567175188133985,-11.666667,26.289530580261683,0.1407554480306624,-1.4314113185303672
PATH,34.88266044899672,116.0474041071148,0.8008836898657343,1.5811386719703069,1.4395219747319334,21.333994152794364,51.444443,48.55466799849886,22.01284598468994,-6.123724356957946,-10.833333,25.95356173984851,0.1254120101990622,-1.3926155514271767
PATH,16.994116628998402,116.62475437630442,0.32255270572387085,2.6352315942921605,0.8881933983805335,21.669962615243062,50.22222,50.597421707600866,22.460059580189895,-8.709297135394607,-10.666667,27.045459526280137,0.13528816791082035,-1.4805017825501745
PATH,77.36795202149273,107.3871500692704,0.6377570975622302,1.7392527130926088,1.2399592583863066,20.200100733766682,48.22222,46.5904809238545,20.671205198190066,-6.395890020016618,-10.833333,24.903659586012942,0.133404754686188,-1.4059045627194062
PATH,28.17445651649735,116.0474041071148,0.5228774159328916,0.7905696364015311,0.5857096283322691,23.29381062470366,54.88889,54.05438190800815,23.95077320497294,-8.255687152632433,-12.1111105,28.89328247908549,0.13381214391100868,-1.4383391265083645
PATH,61.715476178994194,106.80979980008078,0.8976215846475011,0.614887213887621,0.7616380429788556,21.57197230189964,50.11111,50.28315163423641,22.360679774997898,-8.527853632187684,-10.6111105,26.87747510607355,0.1332806886905244,-1.477043252572713
PATH,26.832815729997474,113.16065276116666,0.31569528245846645,1.4054565973069393,0.7057956637928714,19.332182804217958,45.333332,44.78342853233897,20.025231992306107,-7.121664849340885,-9.555555,23.937749453298423,0.1331304338667083,-1.456118124439772
PATH,46.95742752749558,109.11920087683929,0.4557894834519441,1.4054568186663754,1.221716751959831,23.209817847653657,55.0,53.34727512682161,24.050154351805727,-7.847438862168569,-11.444445,28.51531800607626,0.1276862478569379,-1.4395942410449705
PATH,64.8459713474939,106.80979980008078,0.6806609558502676,0.70272810891681,0.6898737050455549,21.264001557789094,49.88889,49.418908048600684,21.913466179497938,-7.802077986366839,-10.8888895,26.41551747804985,0.13518490181948345,-1.450315394061321
PATH,27.280029325497434,113.7380030303563,0.4568962109933512,0.8257057034836619,0.6807541135332529,18.744238656370563,44.22222,43.52635177441505,19.23018460649819,-6.577333114975249,-9.8888895,23.265813662294445,0.13547198611497868,-1.4299638709492783
PATH,38.46036921299638,113.7380030303563,0.43770121486803487,0.40406907214212273,0.3902751074412269,23.895753064773423,56.22222,54.99719566363543,24.89489074578245,-8.573214099741124,-11.333333,29.397237629527613,0.1276046269036232,-1.462310965629404
PATH,111.80339887498948,101.61364737737415,0.32045828731989584,1.0892288312901013,0.5993823157639704,20.284093888781157,47.11111,47.84756121731231,20.671205198190066,-8.02888277362378,-11.166667,25.57559726683928,0.14227528107428922,-1.451165760676376
PATH,74.68467044849298,109.11920087683929,0.6746986896157802,1.1946381077108985,0.546029624199205,22.075924428625974,51.333332,51.22595478326197,23.006654322522643,-8.663935443096294,-10.444445,27.381424587048578,0.1321619391600217,-1.4858617226622468
PATH,60.82104898799428,111.42860195359779,0.43770157668164833,0.8081377648109264,0.49814506008403314,22.94384387003259,54.444443,52.954438418999516,23.60294075630577,-7.665996175458228,-11.8888895,28.30533795327362,0.1320641782680454,-1.4270909668079959
PATH,10.73312629199899,118.35680518387329,0.47849401132587666,0.7554331266005279,0.8800783581169243,21.19400782889041,49.77778,49.340341414143055,21.764395577282748,-7.7113570512599585,-11.1111105,26.373521845453794,0.13591342618296073,-1.4412694477202797
PATH,9.838699100999074,115.47005383792516,0.7265991640078668,1.5284339388915784,0.9272121516071713,20.676057031977226,47.88889,48.790367901871775,21.118418793690022,-8.346409720732474,-11.2222225,26.079548637636677,0.14192869053777674,-1.4606440321034346
PATH,37.11872842649651,114.31535329954592,0.4513350151494211,1.5284344132332273,1.0639289142972124,22.593877115361522,53.11111,52.32590180780451,23.354486771189812,-8.16496580927726,-11.333333,27.969371002682813,0.13251560461561498,-1.4499751342782141
PATH,25.4911749434976,114.89270356873554,0.798357115251576,2.0203441906678794,1.2256898788973012,20.774047345320653,47.88889,48.94750117078704,21.36687277880598,-8.663935443096294,-10.7777775,26.163539902828784,0.14176933491729227,-1.4741435490844235
PATH,22.360679774997898,114.89270356873554,0.8981840540608109,1.7743890964025055,1.6320005064349035,21.04002283479961,49.11111,49.340341414143055,21.51594248659398,-8.02888277362378,-11.333333,26.373521845453794,0.13971599841491375,-1.4463382012598591
PATH,65.74039853849382,111.42860195359779,1.0869597641805284,2.231162711886697,1.9125560466704352,19.556161527207443,46.555557,44.54772721475249,20.422754790782875,-6.350528735966598,-9.1111105,23.811761799581312,0.1231029077692813,-1.4709052828693014
PATH,76.92073842599277,105.65509926170152,0.5071874891882918,1.282479192476747,1.0863215364884888,21.291998142233833,50.444443,49.49747468305832,21.71470522747315,-7.212386192696053,-11.666667,26.457513110645905,0.1366110257263092,-1.4124999597995673
PATH,75.57909763949289,106.23244953089116,0.1641221013552368,0.7905691936826585,0.6821125717259294,21.264001557789094,51.22222,48.790367901871775,21.71470522747315,-6.169085232759676,-11.555555,26.079548637636677,0.1321963835511471,-1.3845249770581964
PATH,74.23745685299302,106.80979980008078,0.07565643262683075,0.6324555320336759,0.07453545758896575,20.49407280769038,48.555557,47.53328760841395,20.969349085902024,-6.940220937885672,-11.0,25.40761095681033,0.1352997104937202,-1.4198757199234464
PATH,12.521980673998822,117.77945491468367,0.5318159006497062,1.0189560646703075,0.736608902443247,21.12401485592067,49.77778,48.94750117078704,21.764395577282748,-7.484552264003017,-10.833333,26.163539902828784,0.13275543185047375,-1.4406382842073924
PATH,53.218417864494995,113.16065276116666,0.6482300036627354,0.4392053605836898,0.4796800271535182,20.158104723206154,47.333332,46.43334765493922,21.01903898849802,-7.348469228349535,-9.5,24.819668320820828,0.131295516484372,-1.4702056714199956
PATH,11.180339887498949,114.31535329954592,0.4057661885400642,1.300047352508919,1.1824326922688924,18.408270193921865,42.77778,43.13351365237939,18.93204340206781,-7.257747884994365,-9.555555,23.05583285356286,0.13847734644732157,-1.464218032618264
PATH,84.52336954949205,106.23244953089116,0.2542566594967884,0.8784103416940605,0.7097208842459161,19.122203129379788,45.88889,44.07632175115241,19.47863724997336,-5.760836942295813,-10.555555,23.559784980289198,0.1345868073011337,-1.3890969173733145
PATH,59.92662179699436,110.27390141521853,0.3939784819192587,0.4567735206158617,0.3849002827314108,23.307809672854976,54.77778,54.21152224799124,23.95077320497294,-8.437131064087643,-12.166667,28.97727752392233,0.13550288410229178,-1.4434005968480976
PATH,88.10107831349171,105.0777489925119,0.3796155669044145,1.0892288312901013,0.9990739288549196,21.11001580776935,50.11111,48.86893807186332,21.61532318621317,-7.030942281240843,-11.2777775,26.121546160055097,0.13445184718228376,-1.415314951895471
PATH,32.64659247149693,112.00595222278741,0.7040049289837808,1.4581616466134337,1.1865376239103755,22.971841588370747,53.444443,53.81868554016915,23.60294075630577,-8.981462390204987,-12.0,28.767297471119686,0.13830212368846873,-1.457028029445803
PATH,23.25510696599781,113.16065276116666,0.4003365722469078,2.143321279270306,1.4807405017995032,17.414363098798137,40.444443,40.38365316209084,18.186686813283085,-6.894860470332232,-8.1111105,21.585970594122003,0.13150100218723232,-1.488938768531258
PATH,84.07615595399209,105.0777489925119,0.22398318982606302,1.317615480918314,0.7518496345175684,21.921939434535176,51.88889,51.22595478326197,22.211609172782705,-7.484552264003017,-12.5,27.381424587048578,0.140550664453147,-1.408266794343316
PATH,53.218417864494995,110.85125168440817,0.6284501659823416,1.9500714872936389,0.822429073617635,22.50988471627599,52.555557,52.87587532007579,22.956963972713044,-8.573214099741124,-12.333333,28.26334421049993,0.13988646282111045,-1.4412084244050631
PATH,33.988233257996804,115.47005383792516,0.23498697599630666,1.3703200558831594,1.0192589990306709,21.305997190385153,50.444443,49.26177477968541,21.913466179497938,-7.257747884994365,-11.055555,26.331526212857735,0.1327489964468345,-1.4291841443016642
PATH,50.9823498869952,111.42860195359779,0.7433205309111327,1.4230249470757708,0.8842757793253866,21.851946461565436,51.11111,51.30452848878742,22.261299969805897,-8.2103262768307,-12.055555,27.423423999289366,0.14046634680185144,-1.4381166000043248
PATH,77.81516561699267,104.50039872332228,0.9501022271688242,1.3176159552599631,0.9853091054096298,22.327901247918092,52.333332,52.48303507671978,22.65882276828266,-8.255687152632433,-12.6111105,28.05336226787492,0.1419211415722847,-1.428967133230518
PATH,61.268262583494234,109.69655114602891,0.22398303907039074,0.7202966484223011,0.4967489130999193,22.845852044831272,53.444443,53.42584883234706,23.404177568213004,-8.573214099741124,-12.166667,28.557317418317044,0.1380990842439758,-1.4450552974267523
PATH,74.23745685299302,105.0777489925119,1.2703562405527684,1.2649108427079154,0.8366598804317267,22.075924428625974,52.555557,51.30452848878742,22.410369677593895,-7.167025316894323,-12.444445,27.423423999289366,0.13917309452638466,-1.3990069482009657
PATH,90.3371462909915,105.0777489925119,0.5601829623304815,0.9486832980505138,0.7264832040473337,20.81604335588118,49.555557,48.16183129067677,21.267491631973193,-6.75877702643046,-11.2777775,25.743581687045868,0.1348799781736637,-1.4065918705107194
PATH,79.15680640349255,104.50039872332228,0.5219109514689821,0.8081377648109264,0.5252861164430117,22.91584615169443,53.666668,53.504415466804694,23.503559609472983,-8.527853632187684,-12.1111105,28.5993130509131,0.13729130915923993,-1.4457245739951454
PATH,79.60401999899251,105.65509926170152,0.7231152607235397,1.475729522040616,1.308094724318558,21.06801941924435,49.666668,49.26177477968541,21.41656268140198,-7.439190571704706,-11.7777775,26.331526212857735,0.1396942593620365,-1.4178874063654276
PATH,104.64798134699015,101.03629710818453,0.3990731794108581,1.0892292740089737,0.7981455771827874,21.83794816934307,50.666668,51.38309512324505,22.360679774997898,-8.709297135394607,-11.666667,27.465419631885418,0.139547224476108,-1.4593102165820824
PATH,69.76532089799343,108.54185060764966,0.6975189375437617,1.5811388300841898,1.3249739995815841,23.15382392283523,55.11111,53.504415466804694,23.70232056149777,-7.529913139804748,-12.3888895,28.5993130509131,0.13427221489737928,-1.4126196729776224
PATH,53.218417864494995,110.27390141521853,0.8891414574767137,1.6514120078000791,1.2125883569681035,22.523883386462835,52.333332,53.190141857906326,22.907273175689856,-8.890741046849817,-12.555555,28.43132674088415,0.14266581929083147,-1.4474850577482656
PATH,4.47213595499958,119.51150572225255,0.3939784819192587,0.9838199659654001,1.0637110900532678,19.696148229075867,46.0,45.88337414266795,20.323372749522896,-7.484552264003017,-10.0,24.525695113003714,0.13384425384716558,-1.4590112518349967
PATH,55.00727224649483,112.00595222278741,0.5381096484564225,2.8811856450059063,2.7270932782799426,22.98583988059312,54.333332,52.954438418999516,23.801700366689772,-7.938161430268611,-11.3888895,28.30533795327362,0.13075742014199454,-1.437975885754869
PATH,58.13776741499453,109.11920087683929,0.29644372280490733,0.6675920418346791,0.9934976494231433,22.159917205675978,51.77778,51.85449917263156,22.708513565305854,-8.391770188285912,-11.7777775,27.71739569524859,0.13773513734782195,-1.4481954172206455
PATH,28.621670111997307,113.16065276116666,0.7163319790977669,1.0892290526495376,0.8050761075218921,18.856228017865305,44.333332,43.44778231153029,19.62770829940215,-6.804137902232191,-9.0,23.2238165178405,0.12969064577556086,-1.4593720884254364
PATH,63.95154415649398,107.3871500692704,0.6992058935166743,0.8784103416940605,0.8933914817503921,20.774047345320653,49.11111,48.00469448622759,21.41656268140198,-7.167025316894323,-10.6111105,25.659588532031396,0.13248765376589625,-1.4344492613943791
PATH,78.70959280799259,107.96450033846003,0.48269710962042517,0.7378649981911325,0.7149203111186588,20.704054750315386,49.0,48.08326112068523,21.168109590713215,-7.0763039735391535,-11.166667,25.701584164627448,0.13600934455492358,-1.4210121819421693
PATH,31.304951684997054,113.7380030303563,0.6077503267362376,1.6689799464728148,1.15810351673598,20.732051334760126,48.88889,48.08326112068523,21.317181981782788,-7.303108760796095,-10.7777775,25.701584164627448,0.1335845032466273,-1.4379053164981064
PATH,21.46625258399798,116.62475437630442,0.4899668496495396,1.5284339388915784,1.4467394136475045,21.921939434535176,52.0,50.20458146424487,22.807893370497855,-7.348469228349535,-10.5,26.83547758365513,0.12723919973046827,-1.4467003813531827
PATH,2.23606797749979,121.24355652982143,0.5035234027244451,1.4054565973069393,0.9239608746272755,19.388177107000857,45.444443,45.49053814195264,19.72708810459415,-7.167025316894323,-10.7777775,24.315715438165544,0.14202001155397784,-1.4289889121193784
PATH,23.70232056149777,114.31535329954592,0.5592807499341015,1.6162752133940868,0.5660127800335882,19.528164942762704,45.555557,45.411967264854304,20.22399160269011,-7.484552264003017,-9.666667,24.273717537782648,0.13403310767640925,-1.4655607576850593
PATH,99.72863179649062,101.03629710818453,0.9420945682749902,2.26629941142436,1.657893165771697,21.865944753787808,50.77778,51.46166175770269,22.360679774997898,-8.663935443096294,-11.7777775,27.507415264481477,0.13990360004609004,-1.4561803498365165
PATH,66.18761213399377,110.85125168440817,0.6575127841839233,1.5635707965431243,1.367107169270619,21.96393506713123,51.77778,50.91168824543142,22.609132418473067,-7.7567175188133985,-11.333333,27.21344205666436,0.13385447267782277,-1.438288851216222
PATH,111.35618527948952,102.7683479157534,0.533396362815714,1.6514114069673238,1.7443023215394744,18.128296034256064,42.666668,41.64073345554866,18.93204340206781,-6.486611771620079,-8.444445,22.25790827494835,0.1296307638751234,-1.486717463288839
PATH,89.88993269549154,105.65509926170152,0.5779334176039257,0.7378649981911325,0.6324559980171041,19.892130367620613,47.444443,46.04051094711713,20.273682399713298,-6.350528735966598,-10.944445,24.609688268018186,0.13582757906116857,-1.4014225663868554
PATH,59.92662179699436,112.00595222278741,0.3674464484327182,1.6514115967039835,1.568202327432433,22.285905237357564,52.88889,50.597421707600866,23.4538679180226,-7.439190571704706,-9.7777775,27.045459526280137,0.1222876865781804,-1.4721194559232769
PATH,112.6978260659894,101.61364737737415,0.3462160396735607,1.598706958493585,1.0094461953854326,20.004119729115356,46.333332,47.37615433949868,20.323372749522896,-8.07424446592209,-11.2222225,25.323619691618223,0.14329637704407852,-1.450725374573053
PATH,41.59086438149609,109.69655114602891,0.549563883530125,0.8257059248430981,1.1436218284359234,20.25609654840747,47.333332,47.297587705041046,20.820278036473233,-7.665996175458228,-10.555555,25.281624059022167,0.13577471841418048,-1.4513691952973233
PATH,88.54829190899167,106.80979980008078,0.3706393631183933,0.7905694150420949,0.5857096283322691,18.982214915653472,45.444443,43.36921496996587,19.62770829940215,-5.851558693899274,-9.5,23.18182050727997,0.12770382782337703,-1.4192871949494645
PATH,27.72724292099739,115.47005383792516,0.6432765039338019,1.1946387085436538,0.6309897413956357,23.069831523749702,54.11111,54.05438190800815,23.503559609472983,-8.482492756385954,-12.7222225,28.89328247908549,0.1397724412428018,-1.4330129153897548
PATH,42.93250516799596,113.16065276116666,0.38005854737186817,2.3365719566847174,1.3004627440525165,24.00774393812606,56.0,55.940005883728794,24.795508704522472,-9.208266769213639,-12.1111105,29.90119089014737,0.13487342649448963,-1.4640227297253003
PATH,50.08792269599529,113.7380030303563,0.9026710252862793,1.5635707016747944,1.1040746189563662,19.024211304178472,44.666668,43.99775370248122,19.72708810459415,-6.940220937885672,-9.333333,23.517788591764198,0.13252212946197334,-1.464574343725304
PATH,41.59086438149609,109.69655114602891,0.549563883530125,0.8257059248430981,1.1436218284359234,20.25609654840747,47.333332,47.297587705041046,20.820278036473233,-7.665996175458228,-10.555555,25.281624059022167,0.13577471841418048,-1.4513691952973233
PATH,86.75943752699183,105.65509926170152,0.1760013980771847,0.9311149482816823,0.5745373411895218,20.690054946235126,49.22222,47.926127851769955,21.118418793690022,-6.75877702643046,-11.2777775,25.61759289943534,0.13555993961280569,-1.4083451417746715
PATH,54.11284505549491,109.11920087683929,0.6618515324323975,1.5635707965431243,1.41699355268333,23.461794666945774,54.77778,54.84006239472015,24.09984425440173,-8.936101922651547,-12.2777775,29.3132463643355,0.13658102216618712,-1.4524567255267882
PATH,54.11284505549491,110.85125168440817,0.6209044224684007,1.8797984676916324,0.880078181340229,22.98583988059312,53.444443,54.05438190800815,23.503559609472983,-9.026822857758427,-12.3888895,28.89328247908549,0.13980326320380365,-1.4534275831373573
PATH,111.35618527948952,99.88159656980527,0.4964516048930459,1.1419334695005,0.7469068874063963,20.858038988477237,48.555557,49.18320814522777,21.21779994052281,-8.11960534172382,-11.6111105,26.289530580261683,0.14359346103556916,-1.4437141987055537
PATH,27.72724292099739,116.62475437630442,0.5150920010511458,0.47434145928859733,0.3996524747306104,22.859850715018112,53.666668,52.954438418999516,23.65263065890177,-8.346409720732474,-11.3888895,28.30533795327362,0.13321576222072973,-1.4570738499652238
PATH,44.274145954495836,114.31535329954592,1.9399225437588772,1.791957288057454,2.0480338875691593,22.04792708825229,51.88889,51.14739239144502,22.708513565305854,-7.89280055446688,-11.333333,27.339431222239362,0.13400945454934327,-1.4395803817520592
PATH,30.41052449399714,114.31535329954592,0.8684520505231321,0.966251426459909,1.014934546088968,21.949936774908863,51.444443,50.83311807543988,22.758203467901854,-8.11960534172382,-10.7777775,27.17144453424594,0.1302737318056456,-1.4600964486120838
PATH,51.87677707799512,110.85125168440817,0.8514198254236065,1.3703203721109254,1.0826922048680316,21.57197230189964,50.333332,50.99025841542296,21.814086374305937,-8.255687152632433,-12.444445,27.25543957908278,0.1449048835994211,-1.4317130409938998
PATH,27.280029325497434,116.62475437630442,0.5664585591542541,0.5973190538554493,0.35486037141227994,23.29381062470366,55.0,53.740115370177605,24.09984425440173,-8.11960534172382,-11.6111105,28.725299948701267,0.13126928293485998,-1.4449995067017167
PATH,3.1304951684997055,117.20210464549405,0.8614449871774137,1.7216845846832134,0.9708722123241611,20.41008154249827,47.666668,47.84756121731231,20.86996838628283,-7.7567175188133985,-11.0,25.57559726683928,0.14082592889331316,-1.4425068845873559
PATH,34.435446853496764,114.89270356873554,0.5613832488421111,1.475729363926733,1.0697871525579865,21.54397496152595,50.555557,50.20458146424487,22.112227131522726,-7.89280055446688,-11.333333,26.83547758365513,0.13572799353772264,-1.443110470935777
PATH,18.78297101099823,116.0474041071148,0.6085806286769359,1.3703198977692765,1.669996535768572,22.425891561261516,52.555557,52.32590180780451,23.006654322522643,-8.301048844930744,-11.833333,27.969371002682813,0.1371195344172084,-1.44427550006846
PATH,8.049844718999243,120.6662062606318,0.2147744604911034,1.4405932968446022,0.9447715221723424,18.43626791226002,43.0,42.97638038346412,19.031423654473404,-7.0763039735391535,-9.333333,22.971841588370747,0.13549777692303117,-1.4615758574196822
PATH,47.40464112299554,110.27390141521853,0.9139764042091638,0.8959780273845833,1.0240171912719531,23.811761799581312,55.11111,56.25427595709325,24.29860475921292,-9.661875935479232,-13.0,30.069175310353955,0.1420005756511174,-1.4582562032140458
PATH,32.64659247149693,116.0474041071148,0.19505673414769262,1.4054565973069393,0.8681611693355358,22.187914924014134,52.88889,51.06882151434669,22.807893370497855,-7.121664849340885,-11.555555,27.297433321856467,0.1315646183211922,-1.4126128140418448
PATH,39.802009999496256,112.58330249197704,0.5628810667485701,1.0013879362609124,0.6444206690188492,23.335806257299716,55.11111,54.1329556135336,23.95077320497294,-8.11960534172382,-12.2777775,28.935281891326273,0.13426897707094784,-1.429018964157579
PATH,110.4617580884896,100.45894683899489,0.808207189367587,1.0013879362609124,0.5464535347145263,21.236003461486465,49.444443,50.12601482978724,21.565632389189982,-8.255687152632433,-11.944445,26.79348195105908,0.14445924866791326,-1.4406244956251595
PATH,81.8400879764923,105.0777489925119,0.6316563471671781,1.1243653094683281,0.9057433290701759,22.285905237357564,52.88889,51.85449917263156,22.65882276828266,-7.439190571704706,-12.444445,27.71739569524859,0.13811090409930485,-1.4085934776762241
PATH,75.13188404399293,107.96450033846003,0.6536609767569425,0.8959786598401153,0.5664215231084532,21.921939434535176,52.555557,50.518848002075416,22.360679774997898,-6.66805568307529,-12.0,27.003460114039353,0.13400740183893992,-1.3906464711736066
PATH,46.95742752749558,111.42860195359779,0.5744272627823688,0.9135470096089469,0.769800812950195,22.719864013149685,53.11111,53.1115787589826,23.30479686859381,-8.573214099741124,-12.0,28.389332998110458,0.1379499027327889,-1.4479892248832518
PATH,57.690553819494575,108.54185060764966,0.6063639474227347,1.458161235517338,0.8511981019189392,23.083830193936546,53.77778,53.740115370177605,23.90108151352256,-8.936101922651547,-11.444445,28.725299948701267,0.13422227455516977,-1.4701424560737573
PATH,41.59086438149609,112.58330249197704,0.3637624622201292,1.282479192476747,0.7506168999105869,23.27981233248129,54.666668,54.21152224799124,23.90108151352256,-8.482492756385954,-12.2222225,28.97727752392233,0.13666528167971528,-1.4404582548209024
PATH,72.00138887549322,109.69655114602891,0.6313902935567227,1.440593075485166,1.3179671724207895,21.96393506713123,51.666668,50.28315163423641,23.056346013973023,-7.89280055446688,-9.833333,26.87747510607355,0.1278655492037817,-1.4869734359436284
PATH,112.25061247048944,99.88159656980527,0.5532273368201481,0.7554327471272085,0.4372679391946444,21.45998369633384,49.88889,50.597421707600866,21.86377627690194,-8.437131064087643,-11.833333,27.045459526280137,0.14237782715173736,-1.4482954021195051
PATH,106.88404932448995,100.45894683899489,0.4357739845046283,0.43920517084703026,0.30199945140062623,21.865944753787808,50.444443,51.775928295533234,22.310989872401898,-9.072183733560157,-11.944445,27.67539779486569,0.1432250062263727,-1.46303575008012
PATH,25.043961347997644,113.16065276116666,0.4283709764612104,1.4054569135347053,1.5521790756387115,18.926220990835045,44.333332,43.99775370248122,19.52832759978296,-7.030942281240843,-9.6111105,23.517788591764198,0.13325301511323487,-1.4529299920954362
PATH,38.907582808496336,113.16065276116666,0.2620820427223714,0.7027282986534696,0.5900406220116977,23.27981233248129,55.0,53.504415466804694,24.19922405959373,-8.07424446592209,-11.2222225,28.5993130509131,0.1285856346467119,-1.4486753305930367
PATH,14.310835055998654,118.93415545306293,0.5346570420496625,1.7743890964025055,0.9927978611971421,21.78195273266675,50.444443,50.99025841542296,22.509750377213088,-8.800018478749775,-10.944445,27.25543957908278,0.13670431001019456,-1.474978217928936
PATH,18.78297101099823,117.20210464549405,0.1950566135431548,1.9149349458698592,0.870557554216977,20.606063681043015,48.666668,47.45472450949022,21.36687277880598,-7.167025316894323,-10.1111105,25.365617214036643,0.12959938736926313,-1.4471189885676452
PATH,62.162689774494154,106.80979980008078,0.19069228205709335,0.3865005326366317,0.6735753533586126,22.355898588291776,52.22222,51.933061564448515,23.15572716080581,-8.482492756385954,-11.055555,27.759389060057806,0.1325718014760255,-1.4664471867459545
PATH,46.51021393199562,110.27390141521853,0.5951548410721739,1.194638297447558,1.0265013281049395,23.839759139955,55.333332,56.01856898265252,24.447677150282495,-9.48043202402402,-12.6111105,29.943184632921056,0.13934590680395775,-1.4608456989574292
PATH,7.602631123499285,117.77945491468367,0.3866455752634552,0.6851601702440744,0.26614555256308764,21.641966030798322,50.88889,50.36171473316014,22.211609172782705,-7.802077986366839,-11.3888895,26.919468848847238,0.13535863088492733,-1.4406398398423113
PATH,72.44860247099318,109.69655114602891,0.32045886019145053,1.932502884542595,1.8449128684792462,21.669962615243062,51.0,49.49747468305832,22.807893370497855,-7.7567175188133985,-9.5,26.457513110645905,0.12502364544059405,-1.493470686602561
PATH,42.93250516799596,111.42860195359779,0.3363500759096905,0.5797507040866178,0.6529845806671557,23.699772816051045,54.77778,55.70430244482198,24.3979868004729,-9.707237627777543,-12.2222225,29.77520210253684,0.13876501212049094,-1.4742719596758869
PATH,97.93977741449079,101.61364737737415,0.5601830527838849,1.6162752133940868,1.0046195198523922,22.7898573640839,53.333332,53.504415466804694,23.205417063401814,-8.527853632187684,-12.6111105,28.5993130509131,0.1406318694978179,-1.4358851124242564
PATH,16.099689437998485,119.51150572225255,0.9585692385961225,2.037912129340615,0.990697153016254,21.47398198855621,50.444443,49.576044853049865,22.310989872401898,-7.802077986366839,-10.3888895,26.49951063306432,0.12999077081950086,-1.4585664109589525
PATH,85.41779674049197,103.92304845413265,0.35769587306041783,0.7027282986534696,0.3920508647008207,22.705865720927317,53.22222,53.34727512682161,23.056346013973023,-8.391770188285912,-12.7777775,28.51531800607626,0.1422184089213495,-1.4298748462055269
PATH,84.970583144992,107.3871500692704,0.6769409390320017,1.914934724510423,0.9955919229323226,18.926220990835045,45.666668,42.58354014010812,19.82646880421334,-5.39794952763368,-8.6111105,22.76185964574574,0.11904622430022928,-1.4345863693992513
PATH,38.01315561749642,115.47005383792516,1.3038404020180454,1.914934724510423,1.5300995249748053,22.145918913453606,52.22222,51.38309512324505,22.758203467901854,-7.802077986366839,-11.555555,27.465419631885418,0.134245010894365,-1.4346135930103268
PATH,59.92662179699436,107.96450033846003,0.456896331597889,0.6675920418346791,0.6309896706849575,22.43989060941283,52.666668,52.40447197779606,22.956963972713044,-8.2103262768307,-12.055555,28.011368525101233,0.1374992947860991,-1.4378874974072204
PATH,62.162689774494154,107.96450033846003,0.33884336367140744,0.5797509254460539,0.3782269978393018,22.845852044831272,53.666668,52.87587532007579,23.65263065890177,-8.301048844930744,-11.333333,28.26334421049993,0.1308959490253366,-1.4553746723700325
PATH,49.19349550499537,113.16065276116666,0.5613833091443801,2.1784576625802026,1.718633850407656,19.836134930944297,46.88889,45.961940777125584,20.373064440973277,-6.849499594530502,-10.3888895,24.56769074559977,0.13310403932030193,-1.4301932563890953
PATH,97.49256381899083,102.7683479157534,0.165144499188679,0.3513636433623092,0.1924499645890101,22.537881678685203,52.444443,53.190141857906326,22.907273175689856,-8.800018478749775,-12.6111105,28.43132674088415,0.1426595135791349,-1.4428899243307247
PATH,42.485291572496,110.27390141521853,0.8402741269088104,1.8973670388199002,1.833333959581977,22.775859449826005,52.444443,53.89724863909288,23.30479686859381,-9.571154592124063,-12.2222225,28.809291213893374,0.14349514559873444,-1.469120969617655
PATH,44.721359549995796,112.00595222278741,0.7821666796749771,1.0189564757664034,0.5305479808445333,23.265813662294445,54.77778,53.89724863909288,24.000463554782538,-8.301048844930744,-11.833333,28.809291213893374,0.132333937508851,-1.4444195377197875
PATH,37.56594202199646,115.47005383792516,0.8150516777963089,0.7905694150420949,0.5413459963679986,21.41798730780884,50.666668,49.654607951973595,21.96315608209394,-7.348469228349535,-11.333333,26.541504375838013,0.1345296042101333,-1.4250844098950226
PATH,16.994116628998402,115.47005383792516,0.6409169364534052,1.0892292740089737,0.4260066980188237,21.152011818329882,49.0,49.654607951973595,21.764395577282748,-8.527853632187684,-10.944445,26.541504375838013,0.13855857832480817,-1.4709277688649431
PATH,96.15092303249095,105.0777489925119,0.4434331264352649,0.8608423713985481,0.700859351353408,20.480074515468008,48.555557,47.53328760841395,20.91965918330602,-6.894860470332232,-11.1111105,25.40761095681033,0.13597530712817008,-1.417099760121864
PATH,11.180339887498949,120.08885599144217,1.4597864714992956,2.0027761887495905,1.2560966372145117,21.026023786648295,48.22222,49.733178829071925,21.61532318621317,-9.072183733560157,-10.944445,26.58350227622091,0.14337455892484383,-1.4810950451395901
PATH,88.54829190899167,105.65509926170152,0.356280789866911,1.0716605131440464,0.5647840759352595,20.424080212685112,48.88889,47.06188780166813,20.86996838628283,-6.305168268413158,-11.055555,25.155637161234,0.13354768415130977,-1.3965068307547246
PATH,51.42956348249516,112.58330249197704,0.8915993779577116,1.2473429356579566,0.6028479875199219,21.585970594122003,51.333332,49.576044853049865,22.310989872401898,-7.0763039735391535,-10.833333,26.49951063306432,0.12895840506710496,-1.425240892625699
PATH,4.919349550499537,115.47005383792516,0.9139768263250462,1.2473429356579566,0.8769159998147628,20.24209787822063,46.444443,47.61185848551228,20.969349085902024,-8.709297135394607,-10.0,25.449608857193226,0.13999215281013497,-1.496755975418632
PATH,55.45448584199478,110.27390141521853,0.8257230688149497,1.036524414439139,0.9899964455514373,22.579877311281262,52.88889,52.87587532007579,23.056346013973023,-8.391770188285912,-12.2777775,28.26334421049993,0.1402510760655216,-1.4393017109695938
PATH,28.17445651649735,117.20210464549405,1.1431243024610371,1.0892290526495376,1.4272475556046893,22.10392176899966,52.444443,50.6759883420585,22.956963972713044,-7.3938296959029755,-10.7222225,27.087455158876192,0.1283982566223334,-1.4387088019335688
PATH,100.62305898749054,104.50039872332228,0.2601476182982832,0.5797507040866178,0.46992909535163385,20.914033669224608,49.0,48.63323463295651,21.565632389189982,-7.7567175188133985,-10.666667,25.99555737244457,0.1341669497612705,-1.4518235821149137
PATH,47.851854718495495,110.27390141521853,0.9043476997223419,0.9135464087761914,0.9850737449175118,23.447795996758927,54.444443,55.23289910254224,23.95077320497294,-9.29898933731368,-12.7222225,29.52322641713814,0.1407303817086346,-1.4538896067081846
PATH,61.715476178994194,108.54185060764966,0.409072169979956,0.3513642441950646,0.26527426619391126,22.803856034270744,53.555557,52.954438418999516,23.503559609472983,-8.301048844930744,-11.666667,28.30533795327362,0.1339455030051868,-1.447596780619693
PATH,55.00727224649483,107.96450033846003,0.5577731630600782,1.0892288312901013,0.5853141081542125,22.173916253827294,52.555557,51.30452848878742,22.758203467901854,-7.484552264003017,-11.666667,27.423423999289366,0.13351711710205735,-1.4237768280352523
PATH,8.049844718999243,117.77945491468367,0.36329937094599224,0.8784103416940605,0.4059740093544182,21.879943801939124,51.444443,50.91168824543142,22.460059580189895,-7.89280055446688,-11.5,27.21344205666436,0.13529339136561577,-1.4414679325937585
PATH,29.96331089849718,112.00595222278741,0.4513351659050934,2.037912350700051,1.401718101666052,22.229910934574665,51.77778,51.30452848878742,23.30479686859381,-8.618574567294564,-10.055555,27.423423999289366,0.12825675376858126,-1.4940749093470849
PATH,38.46036921299638,111.42860195359779,0.4981447719996568,0.7027282986534696,0.6397335410090761,23.209817847653657,53.666668,54.1329556135336,24.149534156997728,-9.48043202402402,-11.1111105,28.935281891326273,0.1339757838377381,-1.4915532251440173
PATH,83.62894235849214,103.92304845413265,0.8998689296054458,1.0540925428485344,1.1303879714726266,23.461794666945774,54.88889,54.84006239472015,24.050154351805727,-8.800018478749775,-12.444445,29.3132463643355,0.13725234343866402,-1.445452620727101
PATH,1.7888543819998317,116.0474041071148,0.5061910544967312,1.6514114069673238,1.1047038025702658,20.298092558967998,47.11111,47.53328760841395,20.91965918330602,-8.07424446592209,-10.3888895,25.40761095681033,0.1381261138336878,-1.4674067306480247
PATH,78.26237921249263,108.54185060764966,0.7758997965290627,0.7378646187178133,0.45946826369677723,21.08201922332461,49.666668,48.86893807186332,21.71470522747315,-7.484552264003017,-10.833333,26.121546160055097,0.13250663798302523,-1.4422621549303876
PATH,101.0702725829905,101.61364737737415,0.987634148283923,0.7554331266005279,1.014934404667612,21.515977621152263,50.444443,50.518848002075416,21.86377627690194,-7.938161430268611,-12.055555,27.003460114039353,0.1412576018163695,-1.4296173886264971
PATH,1.7888543819998317,121.24355652982143,1.2117550986433236,1.8095254797124025,0.772502137631023,18.80023258118899,44.22222,43.99775370248122,19.13080480130619,-6.75877702643046,-10.444445,23.517788591764198,0.14054930492381668,-1.4244201537847758
PATH,55.00727224649483,107.3871500692704,0.9132399325988982,2.986595427391129,2.804427354907294,19.570161331287704,46.555557,45.01913267835256,20.174301700094105,-6.395890020016618,-10.0,24.06373861887343,0.12975790670032405,-1.4241848286479972
PATH,68.42368011149357,110.85125168440817,0.5371703803157938,2.354139895357453,1.4618603971884316,20.200100733766682,47.333332,45.961940777125584,21.46625258399798,-7.484552264003017,-8.166667,24.56769074559977,0.12196446742416875,-1.5303173138634107
PATH,90.78435988649146,105.0777489925119,0.776983880568492,1.141933690859936,0.6028481289412781,20.76004867513381,49.444443,48.16183129067677,21.118418793690022,-6.713416558877022,-11.555555,25.743581687045868,0.1371700695534999,-1.4003173584878608
PATH,20.12461179749811,118.35680518387329,0.6618511103165149,1.0540927642079705,0.8944274285401693,18.996214719733732,44.88889,43.68348716465067,19.72708810459415,-6.577333114975249,-9.2222225,23.349806061379976,0.1286063451083195,-1.4457876479200273
WINDOW,14.758048651498612,51.96152422706633,0.1230914335523173,0.5797509570688305,0.19364925304524153,6.299407631510804,11.888889,18.22764233482818,5.515634195428283,-5.851558693899274,-6.5,9.743084655083324,0.24109980350543733,-1.5032917633971388
WINDOW,54.11284505549491,64.66323014923809,0.533396362815714,0.15811397787674877,0.09860133837636915,8.959157612762239,19.444445,22.86312114398312,8.646129811141584,-5.216506024426759,-6.5555555,12.220852301870275,0.18315378786378533,-1.474493142677042
WINDOW,15.20526224699857,53.6935750346352,0.0820609255504104,0.12297740483019227,0.1377732756805492,5.599473744204194,10.444445,16.577726040655048,4.720587704047558,-5.35258865183195,-6.388889,8.861167299418812,0.25007234825894403,-1.4868383785484218
WINDOW,87.20665112249179,68.70468203356548,0.4236285949757502,0.38650062750496156,0.32203062332098603,3.2616935552146176,5.888889,9.66379291191841,2.8323528460353327,-3.356708075314365,-3.4444445,5.1655145904475965,0.2636613671553979,-1.5151232154813086
WINDOW,9.838699100999074,65.81793068761735,0.3505647076452713,0.36893230935890664,0.14433751056486357,11.520917280670245,24.444445,28.83424475973317,11.726933735404502,-7.3938296959029755,-6.388889,15.412552128186205,0.17912523412989026,-1.5606963182394595
WINDOW,27.280029325497434,53.11622476544558,0.3204585285289715,0.17568202406692485,0.21942672468737998,6.523387110429235,12.888889,18.22764233482818,5.863467091309048,-5.35258865183195,-6.2222225,9.743084655083324,0.2234702768556807,-1.4932963847809984
WINDOW,20.12461179749811,64.08587988004847,0.10540921632637787,0.31622770277128476,0.2788865914552365,6.089427200743691,12.222222,16.813428772455083,5.515634195428283,-4.762896858161166,-5.6666665,8.987155709064869,0.2190884199092047,-1.4853984262992133
WINDOW,17.88854381999832,81.98373822492687,0.04103050800190689,0.07027284567673527,0.06085806789716965,0.4619565697231783,0.11111111,2.5141574756458036,0.0,-1.3608276212712673,-1.83333335,1.3438736986090065,0.4472135954999579,-1.4539212850919818
WINDOW,55.45448584199478,56.58032638058333,0.30484319569102025,0.3865004377683019,0.4574486960190303,8.13323531580957,16.88889,21.52747350896088,7.702012270332072,-5.670115190692353,-6.4444445,11.506918610483403,0.20065387301046048,-1.4978188983321112
WINDOW,25.4911749434976,51.3841739578767,0.3939783311635864,1.950071171065873,1.6629123511259152,6.425396041156862,13.0,17.36339945629923,6.012538587951432,-4.898979485566357,-5.3333335,9.281127405024094,0.2135393578391536,-1.5059581216476372
WINDOW,83.62894235849214,51.3841739578767,0.5267267208157126,0.2986595427391129,0.28300635112592115,1.9038210352329787,2.8888888,6.756797738501019,1.1925696029070076,-2.630933531763903,-3.5555555,3.611660309885686,0.3313421449863188,-1.4604174750907424
WINDOW,26.385602134497518,66.9726312259966,0.8480517024955972,0.24595490452871438,0.16101541595874325,8.301219736016154,17.88889,20.89893336223197,8.248606565451222,-4.989701237169817,-5.2777775,11.17094977007023,0.1769459756954268,-1.5165870679397209
WINDOW,25.93838853899756,65.24058041842773,0.36881826474827806,0.22838674449654253,0.1377733287135578,7.881259252446401,16.88889,20.113259946587785,7.702012270332072,-4.853618609764627,-5.4444445,10.750989664464948,0.18550741935127013,-1.503091652178063
WINDOW,93.4676414594912,54.27092530382483,0.22918383840414705,0.19325029794109247,0.17347215196291432,3.4436762676435726,5.888889,10.76373640092705,2.782662406783018,-3.94640027723344,-4.3333335,5.753459116259465,0.27714403418670586,-1.5056708948731192
WINDOW,14.758048651498612,57.15767664977296,0.3796151749396665,0.7730011917643699,0.39907303607876715,5.851450185531837,11.222222,16.813428772455083,5.118111396951516,-5.216506024426759,-6.0555555,8.987155709064869,0.24215711483219027,-1.493765196576925
WINDOW,16.994116628998402,77.36493607140986,0.05504819554232297,0.10540925744713107,0.07453563083012714,0.39196314319606995,0.0,2.199887826545417,0.0,-1.2701058288429776,-1.5555556,1.1758895051811045,0.4472135954999579,-1.4809610484045554
WINDOW,19.23018460649819,81.40638795573724,0.05189995277746047,0.05270462872356554,0.06454972037378666,0.2939723762952761,0.0,1.649915940619741,0.0,-0.9525793308074042,-1.16666665,0.8819171666822757,0.4472135954999579,-1.4809610484045554
WINDOW,26.832815729997474,66.9726312259966,0.11749343523366804,0.24595480966038455,0.12171634792637366,8.84716862923197,19.333334,22.234580290147427,8.69582016095118,-4.989701237169817,-5.9444445,11.88488308349263,0.17537451184219952,-1.4884444301805306
WINDOW,24.149534156997728,81.98373822492687,0.24957877430304673,0.6324555320336759,0.7453558840372027,0.685935519491346,0.8888889,2.5927248879209,0.39752320096900257,-1.1340229973136415,-1.38888885,1.3858697469659822,0.34410602796625955,-1.4809610484045554
WINDOW,3.5777087639996634,53.6935750346352,0.138534808440229,0.3337960841628928,0.32843642739544165,7.517293827588489,15.111111,20.42753001995224,7.006346478570539,-5.851558693899274,-6.3333335,10.918974084671534,0.21477239727612224,-1.510531900440386
WINDOW,26.385602134497518,77.9422863405995,0.05504819554232297,0.017568209363703336,0.04811252473482463,0.18198290141119222,0.0,1.021376430286934,0.0,-0.5896919569701005,-0.7222222,0.5459486664371294,0.4472135954999579,-1.4809610484045554
WINDOW,33.988233257996804,51.3841739578767,0.2872133751065415,1.0365245409302455,0.8673606537485545,6.355403068187122,12.888889,17.284832821841594,5.863467091309048,-4.808257733962896,-5.5555555,9.23913177242804,0.21155229839162815,-1.4932963847809984
WINDOW,42.485291572496,56.00297611139371,0.16101519881082937,0.24595480966038455,0.16101520736224278,7.405303710164801,15.333333,19.64185589720127,7.006346478570539,-5.216506024426759,-5.888889,10.499013601101778,0.20012549014737727,-1.5000181418429577
WINDOW,25.4911749434976,53.6935750346352,0.11749341714298737,0.07027277294434908,0.06085800425755935,6.775363173792404,13.222222,19.170449726494418,6.012538587951432,-5.760836942295813,-6.7222225,10.24703640384519,0.22893078616168688,-1.4923185975239737
WINDOW,21.01903898849802,51.3841739578767,0.051899916596099126,1.1419335643688298,1.3569096288257372,5.375494643250238,10.222222,15.634915820561682,4.621207451641962,-4.898979485566357,-5.8333335,8.357214038799054,0.24544191210754532,-1.4900940395903606
WINDOW,37.11872842649651,55.425625842204084,0.13853482653090968,0.2108183947277111,0.18257436986160253,7.405303710164801,15.222222,20.113259946587785,6.757894282308964,-5.35258865183195,-6.7222225,10.750989664464948,0.21142671186973985,-1.475083718260689
WINDOW,61.268262583494234,53.11622476544558,2.2251239939653202,0.2459549677742676,0.12171605094152557,3.7656460599054293,7.111111,10.999438425620305,3.229876002282976,-3.492790702719556,-4.111111,5.8794471479410495,0.2721011195197697,-1.4825941115157057
WINDOW,18.78297101099823,76.78758580222024,0.574719909693416,0.8608422765302184,1.1165836561136075,1.0219039063471504,1.2222222,3.5355339059327373,0.8447367517476009,-1.8144369508361768,-1.2222222,1.889822365046136,0.38487474829019636,-1.561588050601214
WINDOW,37.11872842649651,67.54998149518623,0.41560471477157784,0.22838674449654253,0.17347202468369374,6.467391673752918,14.555555,16.263455967290593,6.161609637380219,-3.1299034921815685,-5.0,8.693182879212225,0.1798706586951415,-1.4178473841216124
WINDOW,59.92662179699436,53.6935750346352,0.07565653815580137,0.2810912751895006,0.1924499645890101,7.9092565928200855,16.666668,20.89893336223197,7.403869277047305,-5.216506024426759,-6.5555555,11.17094977007023,0.19828545664150843,-1.475083718260689
WINDOW,50.08792269599529,69.2820323027551,0.311399318669788,0.7027282986534696,0.6039989805829983,8.147233985996412,17.555555,20.270393922609838,8.248606565451222,-4.898979485566357,-4.6666665,10.834981307621531,0.1729599698630076,-1.539666679724259
WINDOW,25.043961347997644,81.40638795573724,0.05504818649698264,0.10540926693396407,-5.619580176182303e-09,0.06999341896781888,0.0,0.3928371320861611,0.0,-0.22680462395762574,-0.2777778,0.20998027958132504,0.24845201737613645,-1.4809610484045554
WINDOW,24.149534156997728,77.36493607140986,0.008933671691221055,0.017568209363703336,0.006547285534769351,0.19598157159803498,0.0,1.0999439132727085,0.0,-0.6350529144214888,-0.7777778,0.5879447525905522,0.4472135954999579,-1.4809610484045554
WINDOW,25.4911749434976,68.12733176437585,1.6583123951777,0.38650062750496156,0.30903156823545,7.33531073719506,15.555555,18.777613018672326,7.205107430595327,-4.717535574111145,-4.9444445,10.037056351042548,0.18725383316305702,-1.518285538428131
WINDOW,50.53513629149525,65.81793068761735,0.15298923817837945,0.10540935231546089,0.03142708511819144,9.757083325270166,21.0,24.51303602394269,9.739318848593477,-5.8969199779492945,-6.0555555,13.10276890160584,0.17616956817227936,-1.522216910710172
WINDOW,22.807893370497855,81.40638795573724,0.03573465721677245,0.07027284567673527,0.026189140371310454,0.2659749981251433,0.33333334,1.2570787378229018,0.0,-0.4536092479152515,-1.0555556,0.6719368493045033,0.39752320096900257,-1.3585056395415533
WINDOW,43.379718763495916,51.96152422706633,0.7727624805353277,1.141933690859936,3.0078232971137324,7.615284140931915,15.666667,20.506096654409877,7.056036828380135,-5.488671687485431,-6.5555555,10.960969717267588,0.20807864728702943,-1.4859955072652473
WINDOW,25.93838853899756,80.82903768654762,0.005583543864790207,0.07027284567673527,0.010475655087864008,0.09799078579901749,0.0,0.5499719566363542,0.0,-0.3175264572107444,-0.3888889,0.2939723762952761,0.34783280643804715,-1.4809610484045554
WINDOW,42.03807797699604,77.9422863405995,0.3807974612240249,0.1756820746633674,0.136183505182077,0.8259223725455627,0.7777778,3.4569665643683187,0.39752320096900257,-1.7237150359334001,-1.9444444,1.8478263544856077,0.39712882118767495,-1.4926842424405253
WINDOW,60.82104898799428,53.11622476544558,13.499893666055044,0.31622776601683794,0.06285383082512791,5.823452845158151,11.666667,16.027753235490554,5.3168727961899,-4.581452946705954,-5.2777775,8.567194469566168,0.23861066629851602,-1.4943099516411513
WINDOW,7.602631123499285,54.27092530382483,0.957019018017976,0.33379602091733956,0.3365310676284137,7.573288130371387,15.777778,20.270393922609838,7.006346478570539,-5.216506024426759,-6.5555555,10.834981307621531,0.20472179048503145,-1.473790632089933
WINDOW,42.93250516799596,81.40638795573724,0.22334172444047384,0.14054567554208222,0.0419026104519611,1.8758236948592932,3.1111112,6.2068263475500896,1.3416407864998738,-2.2680459538024538,-2.9444445,3.317688235961988,0.2975042381063134,-1.4672964927008378
WINDOW,6.260990336999411,77.9422863405995,0.018984047934241327,0.08784104049396137,0.022260757383186953,1.0918973328742587,1.6666666,4.242640687119285,0.4472135954999579,-1.4969104119757743,-2.83333325,2.267786838055363,0.3722047622767668,-1.3849011578657877
WINDOW,34.435446853496764,77.9422863405995,0.008933667771573575,0.07027283302762463,0.010475654027203837,0.2939723762952761,0.0,1.649915940619741,0.0,-0.9525793308074042,-1.16666665,0.8819171666822757,0.4472135954999579,-1.4809610484045554
WINDOW,108.67290370648978,54.27092530382483,0.09380353210429397,0.07027283302762463,0.010475656502077572,0.4479578995363356,0.22222222,2.2784552388205137,0.04969039900309133,-1.179383913940201,-1.61111115,1.21788555353808,0.4372755255380388,-1.4645889808356745
WINDOW,17.44133022449836,79.09698687897874,0.008933668676107608,0.08784104049396137,0.03797425044480799,0.517951326063444,0.0,2.9069944663106084,0.0,-1.6783540376571826,-2.0555555,1.5538539025974372,0.4472135954999579,-1.4809610484045554
WINDOW,92.57321426849128,66.39528095680697,0.09938703375749594,0.05270463504812087,0.011785116437458568,0.4619565697231783,0.44444445,2.042752860573868,0.14907120148140993,-0.9525793308074042,-1.33333335,1.0918973328742587,0.41739935878138473,-1.460554724516971
WINDOW,33.988233257996804,66.9726312259966,0.13065503256808414,0.05270462872356554,0.02749856601201256,6.3694013604094915,13.555555,16.42058994331265,6.161609637380219,-4.037122028836901,-4.611111,8.77717452236881,0.18820484629029555,-1.4998974387154091
WINDOW,55.00727224649483,54.27092530382483,0.023450937298115513,0.26352312780643944,0.011785113609031441,8.105238353400358,16.88889,21.52747350896088,7.602631123499285,-5.579393439088892,-6.6666665,11.506918610483403,0.20222202748308107,-1.4856070935103416
WINDOW,42.93250516799596,54.27092530382483,0.08598662436260701,0.1405457419499131,0.1518971997691307,7.643281103341128,16.0,20.34896267838782,7.105727178189731,-5.171145148625029,-6.5,10.876978074111005,0.20193739839022515,-1.4742419783483647
WINDOW,8.94427190999916,77.36493607140986,0.026801040400616108,0.1932503169147584,0.08511469780986594,1.1198947110443915,1.1111112,4.556910548351706,0.5962848238141836,-2.2680459538024538,-2.4444445,2.435771144872607,0.37084418199449753,-1.5083259394151185
WINDOW,18.335757415498275,80.25168741735799,0.005583545070835586,0.035136424419506464,0.010475658623397915,0.4899539100968638,0.0,2.7498596417604153,0.0,-1.587632204404064,-1.9444444,1.469861805883486,0.4472135954999579,-1.4809610484045554
WINDOW,15.652475842498527,64.66323014923809,0.08933681641095427,0.17568211893525465,0.05761609997804823,6.1174245411173755,12.111111,16.891996114019502,5.615014895047474,-4.989701237169817,-5.4444445,9.029151719625398,0.2202643233372123,-1.5084797351400268
WINDOW,93.02042786399124,51.96152422706633,0.772763294615958,0.22838669706237763,0.022260775060856483,1.945817045793507,2.7777777,7.071067811865475,1.1925696029070076,-2.9030989090487718,-3.72222235,3.779644730092272,0.3565240717285282,-1.4661357062088418
WINDOW,2.6832815729997477,54.848275573014455,0.18314028218275244,0.1229775945668519,0.0222607856674582,7.629282433154285,15.555555,20.34896267838782,7.254798674832114,-5.670115190692353,-5.9444445,10.876978074111005,0.2054808192878578,-1.5175822500235627
WINDOW,84.07615595399209,63.508529610858844,0.1563391799723107,0.24595495196287928,0.34045893973188784,1.5958500265473072,2.7777777,5.264017329538253,1.0931887691237374,-1.7690759933847884,-2.66666675,2.8137356178818345,0.30198748284702515,-1.4292240251241228
WINDOW,14.758048651498612,65.81793068761735,0.022334184504501167,0.15811383557425407,0.0746390027704688,6.089427200743691,11.777778,17.049129382934776,5.565324992451474,-5.30722777603022,-5.5,9.113142984817507,0.22849217695576435,-1.5196243744076294
WINDOW,99.28141820099066,53.6935750346352,0.018983938184111898,0.05270463504812087,0.011785116437458568,0.9239131394463566,1.0,3.849803767165158,0.39752320096900257,-1.7690759933847884,-2.33333325,2.0578066718633803,0.3928302309405451,-1.4672964927008378
WINDOW,40.24922359499622,77.36493607140986,0.10273720771516251,0.33379595767178644,0.13225518760133076,1.0079052739567549,1.0,4.321208028683704,0.39752320096900257,-2.041241452319315,-2.66666675,2.3097828486158916,0.39180484619237493,-1.4645889808356745
WINDOW,108.22569011098982,51.3841739578767,0.14405544799319994,0.2986595743618895,0.19510911035034023,0.685935519491346,0.7777778,2.9069944663106084,0.24845201737613645,-1.2701058288429776,-1.88888885,1.5538539025974372,0.40083589095630895,-1.4440953292606136
WINDOW,25.93838853899756,64.08587988004847,1.0407723568966358,0.6500237553114009,0.33653011303425917,7.307313396821375,15.555555,18.54191028687229,7.254798674832114,-4.6268138225076845,-4.6666665,9.91106794139649,0.1830115381633287,-1.5229089561169193
WINDOW,88.99550550449163,66.9726312259966,0.08933669580641643,0.14054566605524926,0.01047566109827165,0.7419302758316116,0.6666667,3.4569665643683187,0.14907120148140993,-1.587632204404064,-2.4444445,1.8478263544856077,0.420712057712963,-1.4275955582070503
CEMENT,35.32987404449668,60.04442799572109,0.11278749440931345,0.4743416490252569,0.35748260619963207,24.679679729130036,59.77778,55.154328932550705,25.988078441593558,-6.75877702643046,-10.7777775,29.48122889471972,0.11390410424140335,-1.4197518348153824
CEMENT,96.59813662799091,45.03332099679081,0.10720377566794337,1.3703203721109254,2.2470255444782996,13.648716660928233,31.333334,32.526911934581186,13.863621460498695,-5.851558693899274,-7.6666665,17.38636575842445,0.15192287686165926,-1.4522799488314917
CEMENT,59.4794082014944,72.16878364870323,0.8531651539928294,0.6675920418346791,0.4661676054737729,25.043646287881366,61.11111,55.940005883728794,26.18684118247273,-6.305168268413158,-11.555555,29.90119089014737,0.11620478563918098,-1.3881922449574644
CEMENT,84.970583144992,60.621778264910716,0.6923599879846328,0.6851599488846383,0.5931847016035656,17.28837468915208,41.22222,39.83368106403313,17.739473217783125,-5.534032155038871,-9.1111105,21.291998142233833,0.13237157500504826,-1.4114429765830498
CEMENT,27.280029325497434,60.04442799572109,0.21999089318807608,0.456773330879202,0.2618913153247569,21.669962615243062,52.77778,48.240394389600496,22.807893370497855,-5.579393439088892,-9.5,25.785575429819556,0.11278840470762194,-1.4037635140966513
CEMENT,46.51021393199562,74.47818472546173,8.71591537398548,0.351364054458405,0.387599415381217,14.32065434175458,33.11111,33.54828737491862,14.80773855409461,-5.851558693899274,-7.1666665,17.932313895711317,0.14338226888723027,-1.4833678984663583
CEMENT,54.11284505549491,61.77647880328996,0.26354346820953983,4.163665691297622,1.9759744032653914,20.41008154249827,49.444443,45.569100533769586,21.51594248659398,-5.579393439088892,-8.833333,24.357708802974763,0.11299713270904965,-1.4167638136901222
CEMENT,53.66563145999495,71.5914333795136,33.943477817379666,3.5312104754917115,65.23844944973017,20.326090277306157,49.0,45.569100533769586,21.41656268140198,-5.851558693899274,-8.833333,24.357708802974763,0.11683274955357414,-1.4265022297019796
CEMENT,100.17584539199058,71.5914333795136,2.8777575406644793,2.3365718618163878,24.81813987210262,16.30846702014414,39.22222,37.24095808530054,16.795355676973614,-4.808257733962896,-8.3888895,19.90612941577193,0.13013101700304966,-1.400762199363905
CEMENT,82.73451516749222,49.0747728811182,24.568704978915715,0.8959785017262323,3.2487660437157517,18.576253858199504,45.0,42.112138212041955,19.18049470390219,-5.080423397021568,-9.3888895,22.50988471627599,0.12464994034378644,-1.3818424260624091
CEMENT,69.31810730249347,79.67433714816836,0.2010057188074514,0.33379529359347776,0.14796924988391066,26.261530972101163,63.88889,58.37559630065289,27.72724292099739,-6.849499594530502,-11.2222225,31.203068729381638,0.11135517010462774,-1.41353834610774
CEMENT,81.8400879764923,60.621778264910716,0.34394602106250366,0.2459543859151781,0.23046436102131995,24.777672688224776,60.0,55.70430244482198,25.88869863640156,-6.804137902232191,-11.5,29.77520210253684,0.11850517187598555,-1.4067713342117847
CEMENT,54.56005865099487,74.47818472546173,0.2601930862090455,6.271850903485797,4.223018120387968,19.276188123470586,46.88889,42.897812334792924,20.323372749522896,-5.035062112971548,-8.333333,22.929845199845747,0.11095006166914409,-1.4122630083171916
CEMENT,23.25510696599781,47.34272207354932,0.1395888619497384,0.42163704243763495,0.17284838832249233,16.96640565281917,41.555557,37.55522603734465,17.88854381999832,-4.08248290463863,-7.3333335,20.074112702085095,0.1102851310789469,-1.3942596454041136
CEMENT,73.3430296619931,47.92007234273895,1.8325160017117053,0.4919099671713118,0.2776044548329873,25.043646287881366,60.22222,56.332842591550886,26.33591223190152,-7.3938296959029755,-11.055555,30.111170942950007,0.11642279332271528,-1.4338504833720702
CEMENT,36.22430123549659,45.61067126598044,0.022334151338253262,0.2810912751895006,0.23046494438441442,17.31637278545471,42.88889,38.105199549615925,18.186686813283085,-3.583512862571307,-7.7222225,20.368085909902216,0.10965945689816269,-1.3568589292695261
CEMENT,43.379718763495916,71.01408311032398,0.3305449875391314,4.181233408610921,38.44565732262163,19.9621240965193,48.0,45.33340416593058,20.720895995213255,-5.8969199779492945,-9.7222225,24.23172379500896,0.12548522800891745,-1.4100453800300345
CEMENT,111.35618527948952,50.229473419497445,98.67349811521233,4.233938457917415,21.9268527222759,11.982873396836055,28.222221,27.891433125426243,12.273528924950844,-4.263926816093842,-6.388889,14.9085981116375,0.13974627924746505,-1.4236763481616457
CEMENT,88.54829190899167,73.32348418708249,1.3221836285949295,2.705504044684188,21.050834040966464,15.398552324105944,38.0,34.09825876586955,16.099689437998485,-3.356708075314365,-7.111111,18.226285969635015,0.11135591247919627,-1.3494056702424293
CEMENT,108.22569011098982,46.765371804359695,0.34506363316345,0.3865007539960679,0.26189166887814747,14.460641043623005,34.555557,33.391151984683006,14.758048651498612,-4.536092070904224,-7.888889,17.84832149662579,0.13452026191812333,-1.4032998641802275
CEMENT,75.13188404399293,44.45597072760119,0.3841481266451831,0.49190977743465214,0.5604474254015814,22.50988471627599,54.22222,50.44028561025847,23.752010464093768,-6.531972647421809,-9.666667,26.961466749230137,0.11418648384987393,-1.4360454842422297
CEMENT,18.335757415498275,59.467077726531464,0.9335690334957093,0.5621827654138821,0.529019852379711,23.15382392283523,56.0,51.933061564448515,24.29860475921292,-6.4412508958183485,-10.3888895,27.759389060057806,0.1160996680835587,-1.416278455595516
CEMENT,32.64659247149693,60.621778264910716,0.3305449875391314,0.3689323726044599,0.1846334153109431,22.159917205675978,53.333332,49.733178829071925,23.354486771189812,-6.486611771620079,-9.6111105,26.58350227622091,0.1158497293493057,-1.4370128063188927
CEMENT,93.4676414594912,70.43673284113436,0.023451021721291997,3.619050959424805,32.11311481399777,14.824605712551971,35.77778,33.62685683780339,15.354334638068146,-4.218565532043821,-7.3333335,17.974311040165265,0.12629786877757232,-1.4036257696956764
CEMENT,88.54829190899167,70.43673284113436,0.26466005517191465,3.6190515918803365,36.685744558227285,13.676714001301919,32.666668,31.112698372208087,14.261145153402653,-4.309287283647282,-6.4444445,16.630436812405996,0.13051912684976835,-1.4392288789711314
CEMENT,73.79024325749306,55.425625842204084,0.4746023139480081,0.5446144156450506,0.4308129028105486,25.337619495698487,61.0,56.725675763839064,26.783125827401477,-7.3938296959029755,-10.7222225,30.321149105930285,0.1138584034840792,-1.4399071357956457
CEMENT,44.274145954495836,59.467077726531464,0.12060484537267692,0.26352394999863105,0.1532066059643963,24.357708802974763,58.333332,55.23289910254224,25.441485040901604,-7.484552264003017,-11.333333,29.52322641713814,0.12144890170273256,-1.4301807405990685
CEMENT,69.31810730249347,77.9422863405995,0.9838189443341739,0.2635227356840096,0.04321277113016225,26.429517282130107,63.666668,59.318399449678445,27.82662272618939,-7.665996175458228,-11.555555,31.707018210356665,0.11551677882745595,-1.4318521996084372
CEMENT,82.73451516749222,68.12733176437585,54.96440553966482,0.3689323726044599,0.3731949431416659,20.81604335588118,50.11111,46.90475170432573,21.814086374305937,-6.078363481156216,-9.444445,25.071644384184,0.11876093780338794,-1.4192458999134432
CEMENT,75.13188404399293,40.41451884327381,0.18425711035420292,0.1229775945668519,0.03797442368596938,20.802044685694337,51.555557,45.88337414266795,21.764395577282748,-4.263926816093842,-9.555555,24.525695113003714,0.11172698796006236,-1.3491282015414916
CEMENT,71.55417527999327,42.146569650842686,0.09938719054339512,0.24595480966038455,0.2304643786989895,22.229910934574665,54.0,49.576044853049865,23.404177568213004,-5.8969199779492945,-9.7222225,26.49951063306432,0.11330790590869853,-1.4120267639415973
CEMENT,25.043961347997644,61.77647880328996,0.06253560264131501,1.4932980299233305,7.140469988885544,18.828230677491618,46.22222,41.24789462640623,20.074921894902108,-4.400009443499033,-7.388889,22.04792708825229,0.10306243920977651,-1.4081640517280096
CEMENT,92.12600067299134,60.621778264910716,0.0189840829095573,0.1932503738357563,0.05368780361050542,18.9682166234311,45.666668,43.05494701792176,19.677398201998148,-5.534032155038871,-9.2777775,23.013837220966806,0.12392545879121246,-1.4085313937008361
CEMENT,64.39875775199394,80.25168741735799,1.1892951567721126,0.4392053605836898,0.2108219069117818,24.441701580024763,57.88889,55.70430244482198,25.640245545712794,-8.301048844930744,-11.0,29.77520210253684,0.12329225800561598,-1.4605085504441595
CEMENT,37.11872842649651,47.92007234273895,0.23674197403435013,0.5270460658762193,1.099944160760082,18.84222896971399,46.0,42.112138212041955,19.677398201998148,-4.717535574111145,-8.7777775,22.50988471627599,0.11654625110788902,-1.3848856015166016
CEMENT,16.994116628998402,59.467077726531464,0.31714531081680986,0.6148874036242806,0.4936652204271648,21.99193240750492,53.333332,49.18320814522777,23.10603636378262,-5.9422804455027345,-9.7777775,26.289530580261683,0.11494019975518575,-1.4125088693450103
CEMENT,60.37383539249432,60.04442799572109,0.03238488728430761,0.6324553422970163,0.2514158465595297,24.049739570722114,58.22222,54.1329556135336,25.09365125059364,-6.6226939907769795,-11.2777775,28.935281891326273,0.1195038669167763,-1.404714996981416
CEMENT,59.4794082014944,62.35382907247959,0.2233415314732133,7.097556069382256,37.094333837367266,17.23238076433365,41.22222,39.205141624411006,17.938233722594315,-5.35258865183195,-8.2222225,20.956029679785136,0.12342453931502893,-1.4252120426690267
CEMENT,35.77708763999664,47.92007234273895,0.5360208984657255,0.47434206012135277,0.20034675634460616,18.68824284172977,45.666668,41.483598772419825,19.677398201998148,-4.6268138225076845,-8.166667,22.173916253827294,0.1116598611993778,-1.3955569035048785
CEMENT,97.93977741449079,46.188021535170066,0.09938703375749594,0.21081852121881747,0.3299826224385233,15.006589936838818,36.333336,34.09825876586955,15.453714890473739,-4.127843780440361,-7.7222225,18.226285969635015,0.12654532994850629,-1.387800578511365
CEMENT,1.7888543819998317,72.74613391789286,0.2244587817605462,0.2986596249583321,0.21082270947797843,21.851946461565436,52.333332,49.81174122088887,22.65882276828266,-6.713416558877022,-10.7222225,26.625495641030124,0.12554999348181775,-1.4184764970248342
CEMENT,72.89581606649314,39.25981830489456,0.666674749109339,0.4919099671713118,0.3404587877039299,21.45998369633384,52.0,48.240394389600496,22.410369677593895,-5.851558693899274,-10.0,25.785575429819556,0.11853520226892338,-1.4031175013413595
CEMENT,109.5673308974897,45.03332099679081,0.3037448501649923,1.282479192476747,2.002159415900867,11.408927163246556,25.11111,28.519975393475498,11.230029790094948,-6.214446108561407,-7.611111,15.244568085944092,0.17532287656046308,-1.4613744026977222
CEMENT,14.758048651498612,62.35382907247959,1.3858357790021445,2.1608893128113715,5.951480896475473,15.118578920369089,36.0,34.09825876586955,16.000309632806484,-4.898979485566357,-6.3333335,18.226285969635015,0.1192976433114834,-1.4711172734823013
CEMENT,112.6978260659894,47.34272207354932,0.12618848270598396,0.24595498991021122,0.16761030392202209,14.698618814763806,34.555557,34.25539415610517,15.056191644783379,-5.30722777603022,-7.8333335,18.310278368720546,0.13589756798886432,-1.4340429578379092
CEMENT,75.57909763949289,38.105117766515306,0.6298240325750447,0.2986596249583321,0.14796875490916384,19.500167602389016,47.77778,43.29064692129467,20.472445587806064,-4.672175106557705,-8.7222225,23.13982411875497,0.11274400981399667,-1.3868162858719535
CEMENT,105.54240853799007,58.889727457341834,0.018984013561948045,0.5621831448872013,0.434739148568426,19.542163612949544,46.22222,45.49053814195264,19.92585084547332,-6.713416558877022,-10.7222225,24.315715438165544,0.13729763275948031,-1.4211816047269417
CEMENT,16.54690303349844,45.03332099679081,0.053601887833971684,0.8081379229248092,1.0161381832519039,16.560443839436257,41.11111,36.69098598724283,17.19287758102319,-3.3113471995126345,-8.055555,19.61215696388376,0.11579095206644914,-1.3336545131381083
CEMENT,16.54690303349844,71.5914333795136,0.3048608642558125,0.7730012866326996,0.6390136709504891,20.53606919621538,49.444443,46.11907404604086,21.61532318621317,-5.987641729552755,-9.0,24.651682010791877,0.11562385517862653,-1.4354823444016926
CEMENT,65.29318494299386,72.16878364870323,0.13400583366934743,0.6851601702440744,0.6874661478769708,26.20553780321168,63.22222,58.76843300847498,27.5781723187822,-7.484552264003017,-11.5,31.413048782184276,0.11520195387263185,-1.4280338229900296
CEMENT,84.52336954949205,71.5914333795136,0.2869943874169747,0.40406926187878234,0.4779516106929249,14.586629453269063,35.88889,32.68404520349646,15.056191644783379,-3.3113471995126345,-7.388889,17.47035702361656,0.12140676076562862,-1.3488075286162235
CEMENT,83.62894235849214,61.19912853410034,3.7175254300257436,2.2135943621178655,18.824750170919785,14.250660990820364,34.11111,32.36977866566591,14.857428456690613,-4.400009443499033,-6.7222225,17.30237449323234,0.12115327562756327,-1.421410212349299
CEMENT,30.41052449399714,73.90083445627211,1.795661064018587,0.4216372637970712,0.29855614543216363,13.452736034241381,32.11111,30.955565103292813,13.813931557902695,-4.263926816093842,-7.0555555,16.546445547213885,0.14139867087293403,-1.4013768165781124
CEMENT,82.73451516749222,58.889727457341834,22.22360521887727,0.14054593801112802,0.07332951525792333,21.45998369633384,51.11111,48.86893807186332,22.410369677593895,-6.940220937885672,-10.0,26.121546160055097,0.12269440498260782,-1.4382933766996215
CEMENT,53.66563145999495,58.889727457341834,0.04913545556129588,0.21081852121881747,0.06285436822628161,23.993744134045794,56.77778,54.525792321355695,25.292413991472813,-8.2103262768307,-10.3888895,29.145261944128915,0.12047022841461237,-1.4729340429352038
CEMENT,88.10107831349171,71.01408311032398,0.2869946587771848,0.9486830766910775,0.5499721687683886,16.938408312445482,41.11111,38.02663291515829,17.68978286797353,-4.536092070904224,-7.888889,20.326090277306157,0.11773995810913344,-1.3988887906578296
CEMENT,82.73451516749222,63.508529610858844,113.09577468357698,0.4040686610460269,0.21082281554399565,19.150200469753475,46.11111,42.740675530343744,20.323372749522896,-5.579393439088892,-7.8333335,22.845852044831272,0.11146925429283978,-1.4372070485516848
BRICKFACE,63.50433056099403,57.73502691896258,0.08040286642476216,0.43920526571536006,0.3208166800767145,8.399210049359581,21.777779,20.113259946587785,7.354179374451307,-0.54433108116837,-8.666667,10.750989664464948,0.18872164184911935,-1.1478468621641913
BRICKFACE,12.074767078498864,28.86751345948129,0.139588662952251,0.31622789250794436,0.17284838832249233,8.707181549399069,21.666666,21.213203435596423,7.801392969951264,-1.6783540376571826,-8.3888895,11.338934190276817,0.1872691010352074,-1.2312524404575225
BRICKFACE,8.497058314499201,31.754264805429422,0.8531654555041739,0.4040688824054632,0.30510384815993385,7.951252603380614,20.555555,18.856180360236745,7.105727178189731,-0.5896919569701005,-7.7222225,10.079052361603077,0.18102797145398414,-1.1557066368797921
BRICKFACE,15.20526224699857,47.92007234273895,0.10273727103254487,0.7730013815010294,0.15189733765495303,7.349309407381903,19.555555,17.284832821841594,6.410061386428199,0.13608276620960963,-7.6666665,9.23913177242804,0.18339033255085313,-1.0656145861528827
BRICKFACE,36.67151483099655,62.931179341669214,0.07258609436318027,0.4216371056831882,0.2828429953173314,6.719368871009506,19.222221,14.849242404917497,5.863467091309048,1.7690759933847884,-7.0,7.937253933193771,0.1681628750931099,-0.9026654346730271
BRICKFACE,44.274145954495836,61.77647880328996,0.6119562290862908,1.0540925428485344,0.8013869900230857,7.041338285306889,19.444445,16.263455967290593,6.012538587951432,0.9979402474339635,-7.7777775,8.73517851180828,0.1850504430829804,-0.968997283338506
BRICKFACE,15.652475842498527,35.7957166897568,0.15633942118138633,0.3865007539960679,0.3718861945557067,8.021245576350355,20.777779,19.249017068058837,7.006346478570539,-0.54433108116837,-8.333333,10.289032414405717,0.1892254637415377,-1.1457946968638317
BRICKFACE,3.5777087639996634,45.61067126598044,0.689009081354399,0.6675919153435729,0.18332399850907574,6.355403068187122,17.333334,14.849242404917497,5.416253495809091,0.6350529144214888,-7.0555555,7.937253933193771,0.18887479461703427,-1.0275070460798212
BRICKFACE,10.285912696499032,49.0747728811182,0.31714546157248213,0.5621827654138821,0.3404587877039299,6.789361843979246,18.88889,15.477782551646406,5.863467091309048,1.1340229973136415,-7.2777775,8.273222773606943,0.17877429667722952,-0.9806630603038435
BRICKFACE,16.54690303349844,65.81793068761735,0.6086056239674015,1.2297744910207953,1.3304079384183074,6.509387684313446,19.0,14.220702258188586,5.615014895047474,2.1773242838486517,-7.0,7.769269512987185,0.1760638513504391,-0.8320254672324909
BRICKFACE,0.4472135954999579,66.39528095680697,0.7202772248904327,0.7027284883901292,1.7546714060894721,6.2574116209502755,15.666667,15.399215210081987,5.465943845618687,-1.0886621215119112,-6.5,8.273222773606943,0.19030631191982178,-1.0946082976339093
BRICKFACE,6.260990336999411,34.64101615137755,0.23674201624593838,0.3337958944262332,0.022260775060856483,7.307313396821375,18.88889,17.52053555364163,6.410061386428199,-0.54433108116837,-7.5,9.365120182074095,0.18749343679111805,-1.1479112795919573
BRICKFACE,30.857738089497097,49.0747728811182,2.4746269230896383,1.2473427142985203,3.3378052831561527,8.105238353400358,20.444445,19.877556507680968,7.056036828380135,-1.2247448713915892,-8.5,10.625000876854417,0.1956130065817917,-1.1737119089811796
BRICKFACE,18.78297101099823,36.37306695894643,0.3316623282798677,0.614887213887621,0.8707885660023907,8.455205108071427,20.333334,20.977500703796387,7.652321026095285,-2.4948506185849086,-7.888889,11.212945780630758,0.18901541646000328,-1.2826108787673074
BRICKFACE,34.88266044899672,39.83716857408418,0.3450627889316852,0.509477937466824,0.5093786887400484,9.19713576186751,22.0,23.020255120005174,8.248606565451222,-2.8577380332470415,-8.833333,12.304843945026859,0.19299377493993947,-1.2807142062481307
BRICKFACE,61.268262583494234,38.105117766515306,0.9168179074227336,0.9311150747727888,1.3736202591214501,10.736990994278106,25.333334,27.027190954004077,9.68962760435669,-3.7649563657782283,-10.1111105,14.446641239542744,0.1925513018085518,-1.3046069908310336
BRICKFACE,39.354796403996296,51.3841739578767,0.11613755077755562,1.1595018192693314,1.429926076091824,8.441206815849057,21.666666,20.113259946587785,7.552941220903285,-0.8164965809277261,-8.166667,10.750989664464948,0.18053411348047352,-1.1494635203980181
BRICKFACE,39.354796403996296,40.991869112463434,0.23674218509229134,1.4230249470757708,2.007398016489287,8.441206815849057,21.777779,20.19182658104542,7.453560521284094,-0.6804137902232191,-8.5,10.792985297061001,0.18617476489488305,-1.1574372100160681
BRICKFACE,39.354796403996296,66.39528095680697,0.549420364130106,1.3176157971460802,1.4888531025447174,8.329217076389842,21.333334,19.798989873223327,7.503250871093688,-0.8618575383791145,-7.888889,10.583005244258361,0.17770586762049248,-1.1451937975211792
BRICKFACE,5.813776741499453,42.146569650842686,0.219991649981551,0.8257057983519918,1.1064904139189506,7.209322327549002,19.222221,17.049129382934776,6.211299987189816,0.18144368691865187,-7.7777775,9.113142984817507,0.188502247803439,-1.0778094204119042
BRICKFACE,56.796126628494655,68.12733176437585,0.4612004361928711,1.0892288312901013,3.3574476488773426,8.595191809939854,21.555555,20.506096654409877,7.900774116784051,-1.451549495349215,-7.611111,10.960969717267588,0.17459147214143075,-1.2073084613436618
BRICKFACE,12.96919426949878,38.105117766515306,0.6521577014951466,0.6851601702440744,1.8188363260240048,8.553196177343798,21.222221,21.134636801138786,7.503250871093688,-1.7237150359334001,-8.7777775,11.296938557680761,0.195989627511242,-1.2258009300172865
BRICKFACE,33.54101966249684,38.68246803570493,0.3037446692581856,0.5797509254460539,0.5460440491775411,8.413209475475371,22.555555,19.72042323876569,7.30448902464171,0.36288737383730374,-8.8888895,10.541009611662306,0.18552016493874188,-1.0781761259886276
BRICKFACE,6.260990336999411,63.508529610858844,1.6136436402341767,0.8432740532524934,0.361410372237089,6.775363173792404,18.88889,15.163512478281953,6.012538587951432,1.179383913940201,-6.7222225,8.105238353400358,0.16495398338131906,-0.9511262201041878
BRICKFACE,54.56005865099487,52.53887449625595,0.6119561687840218,0.685160043752968,0.4517626029041359,8.497201496596427,22.0,20.34896267838782,7.453560521284094,-0.5896919569701005,-8.7222225,10.876978074111005,0.1881499150443603,-1.1528729771648651
BRICKFACE,42.485291572496,57.73502691896258,0.03238457974273615,0.3865004377683019,0.4033128483387617,7.965251273567456,21.666666,18.384776310850235,6.956655681547348,0.7257747476746075,-8.2777775,9.827076298239907,0.1793513900451346,-1.0444098679986606
BRICKFACE,64.8459713474939,58.889727457341834,0.18314049324069362,0.8257057983519918,0.5250924398956447,8.72118021958591,22.11111,21.056069459574367,7.751702620141668,-1.179383913940201,-8.6111105,11.254942547120232,0.18682910546713882,-1.191786336125767
BRICKFACE,11.627553482998906,53.6935750346352,0.06365234035936214,0.6675920418346791,3.231739089201475,7.699276162052972,18.88889,18.934749116014725,6.9069657789513474,-1.8144369508361768,-7.388889,10.121049128092551,0.18748678672495295,-1.2235113182598045
BRICKFACE,62.60990336999411,59.467077726531464,1.0284894178923614,0.5797509254460539,0.76603271162393,8.259223725455628,21.222221,19.798989873223327,7.30448902464171,-0.7711356234763377,-8.2777775,10.583005244258361,0.1861475608918688,-1.1556922119014559
BRICKFACE,37.11872842649651,65.81793068761735,0.3405959586640345,0.6148872771331743,0.21082270947797843,7.503294779437173,20.0,17.44196679786365,6.658513582689773,0.18144368691865187,-7.4444445,9.323123415584622,0.17663320792314202,-1.0667821608699781
BRICKFACE,3.1304951684997055,19.62990915244728,1.1122417316324495,0.4743416490252569,0.718891705644515,7.685277869830602,18.222221,19.72042323876569,6.658513582689773,-2.5855725743125144,-8.166667,10.541009611662306,0.20855569002934923,-1.2891601017746572
BRICKFACE,42.485291572496,62.931179341669214,0.14740551943700936,0.6148872771331743,0.9650695880117273,6.523387110429235,19.222221,14.14213562373095,5.615014895047474,2.404128866981448,-7.0555555,7.727273880391131,0.17217608492854336,-0.7998818071733128
BRICKFACE,44.721359549995796,64.08587988004847,0.2735936252538126,0.509477937466824,0.2893898283037608,7.531292119810859,19.777779,17.599102895206048,6.757894282308964,-0.18144368691865187,-7.2222225,9.407116192634625,0.17517411095792004,-1.1182470187503317
BRICKFACE,16.994116628998402,61.19912853410034,0.7593615977676279,0.6675920418346791,1.1104194173932747,7.559289460184544,20.0,17.756236164121322,6.658513582689773,0.0,-7.6666665,9.491107457826736,0.1825323577400224,-1.1014034523797558
BRICKFACE,10.285912696499032,49.65212315030782,0.19654101419478004,0.5446144788906039,0.4622387787761443,7.027339237155574,18.555555,16.656292675112685,6.111919287570624,-0.04536092070904224,-7.388889,8.903162932014865,0.18689755598006602,-1.0900061638592347
BRICKFACE,42.93250516799596,48.49742261192857,0.3852643517939444,0.509477937466824,0.8079360362537401,9.015152671474082,23.555555,21.213203435596423,8.049844718999243,-0.36288737383730374,-8.7777775,11.338934190276817,0.17834478826797542,-1.1305696979153916
BRICKFACE,65.29318494299386,41.56921938165306,0.15298896681816931,0.5270461923673256,0.20427476986943652,9.91106794139649,23.777779,25.063008829107176,8.69582016095118,-2.9938208647763775,-10.166667,13.396741731458482,0.20166022882014212,-1.278354449497955
BRICKFACE,17.88854381999832,42.146569650842686,0.3271956789190238,0.5094782220718135,0.8865024939346821,7.7972672313253435,19.777779,18.934749116014725,6.857274981928156,-1.0433012048853518,-7.9444445,10.121049128092551,0.19094820206557883,-1.1847325924300405
BRICKFACE,17.44133022449836,34.64101615137755,0.34394641302725154,0.7730013815010294,0.68615520725999,8.553196177343798,21.333334,21.213203435596423,7.403869277047305,-1.587632204404064,-9.1111105,11.338934190276817,0.19974149913787315,-1.208720341453657
BRICKFACE,4.024922359499621,53.11622476544558,0.7292101316473725,0.7905693517965416,0.310341260808962,7.209322327549002,18.777779,17.049129382934776,6.410061386428199,-0.36288737383730374,-7.111111,9.113142984817507,0.17934364430566052,-1.110573354539539
BRICKFACE,43.379718763495916,44.45597072760119,0.5583543261767518,1.4054568186663754,2.3203566542620147,9.51910479820042,24.11111,22.86312114398312,8.546748217095201,-1.3154667454695368,-9.1111105,12.220852301870275,0.1822945921598389,-1.186036143781158
BRICKFACE,61.268262583494234,54.27092530382483,0.241209015359942,1.159501914137661,1.0213770313276977,8.021245576350355,20.666668,19.32758582383682,7.006346478570539,-0.6804137902232191,-8.333333,10.331029180895193,0.19132305202919092,-1.1505652634737848
BRICKFACE,2.23606797749979,53.11622476544558,0.14740544707428668,0.6851601702440744,0.4517627796808312,7.069335247716102,18.777779,16.813428772455083,6.062228490547432,0.09072184141808448,-7.7222225,8.987155709064869,0.19179206728747153,-1.0948103180412943
BRICKFACE,30.857738089497097,53.11622476544558,1.3623841361674829,0.6324555004108993,0.3614100186836984,7.321311689043744,20.222221,16.49915869909063,6.5094420860473905,1.0433012048853518,-7.2222225,8.819171288858284,0.1684090706495686,-0.9957773970410279
BRICKFACE,38.01315561749642,32.331615074619044,0.12060461019382815,0.4040686610460269,0.6508000096220189,9.995060718446494,23.333334,25.45584412271571,8.94427190999916,-3.810317241579958,-9.666667,13.60672102833218,0.1980209029669545,-1.3174689803381043
BRICKFACE,18.335757415498275,35.21836642056718,0.47460125865830205,0.49190977743465214,0.6861555608133807,8.217227336930625,20.333334,20.34896267838782,7.205107430595327,-1.7237150359334001,-8.444445,10.876978074111005,0.1954513120342027,-1.2284517319185988
BRICKFACE,42.485291572496,32.908965343808674,1.0284885435094622,0.6675918204752429,0.6075876889188763,9.939066037699122,24.666666,24.35590204792063,8.844891657593562,-1.995880576517585,-9.7777775,13.018777258449255,0.19037478032129282,-1.2296709961413987
BRICKFACE,54.11284505549491,65.24058041842773,0.46120088845988794,0.9311149482816823,0.540805696076494,7.657280529456917,20.0,17.991939603028143,6.857274981928156,-0.3175264572107444,-7.388889,9.617096245437267,0.17735997026505304,-1.1211949469210984
BRICKFACE,38.01315561749642,58.31237718815221,0.38861438404127907,0.4040687875371333,0.4308112057542738,8.049243672652986,21.222221,18.934749116014725,7.105727178189731,-0.09072184141808448,-8.1111105,10.121049128092551,0.18102857519233806,-1.102096063471928
BRICKFACE,58.58498101049449,49.65212315030782,0.3673972719324175,0.5270464769723151,0.9113823642287823,9.183137091680667,23.555555,22.156012948583008,8.049844718999243,-0.9072184550056738,-9.444445,11.8428870729321,0.1898855733691754,-1.167323128502481
BRICKFACE,54.56005865099487,61.19912853410034,0.17978999365077492,0.5094781272034836,0.9650700122757958,8.707181549399069,22.0,21.134636801138786,7.702012270332072,-1.2701058288429776,-8.7222225,11.296938557680761,0.18932627910237126,-1.1991143665419157
BRICKFACE,29.96331089849718,35.21836642056718,0.1529890783773668,0.26352312780643944,0.13749303865656326,8.97315628294908,22.666666,21.684607484982934,8.000154816403242,-1.3154667454695368,-8.7777775,11.590910253639985,0.18592942351639177,-1.2027271872190322
BRICKFACE,29.068883707497264,31.176914536239796,0.5047520916047339,0.8608421816618886,1.53075483618427,9.295126075210936,22.777779,23.020255120005174,8.248606565451222,-2.2226852413000397,-9.2222225,12.304843945026859,0.19327073431963257,-1.2450398913198102
BRICKFACE,38.46036921299638,42.723919920032316,0.4690176906726043,0.2108187109554771,0.047140454436125766,8.469204156222741,21.666666,20.42753001995224,7.453560521284094,-0.9072184550056738,-8.6111105,10.918974084671534,0.18881633485583052,-1.1643720890618772
BRICKFACE,63.05711696549407,51.3841739578767,0.4478002469012637,0.5270462556128789,1.3042190366955357,9.029151719625398,23.11111,21.52747350896088,8.099534621595243,-0.9525793308074042,-8.666667,11.506918610483403,0.18113126437813676,-1.176631623591377
BRICKFACE,30.857738089497097,42.723919920032316,2.9972455819866135,0.6851602651124041,0.8760267069714034,8.917161602201709,22.555555,21.606040143418515,7.900774116784051,-1.2701058288429776,-8.8888895,11.548914243079457,0.18794222905061012,-1.1784497365471638
BRICKFACE,7.602631123499285,36.950417228136054,0.4109484750772634,0.5270461923673256,0.502831445631686,7.139329354579261,17.555555,17.756236164121322,6.260990336999411,-1.6329931618554523,-7.3333335,9.491107457826736,0.19726235715481127,-1.2413297020389245
BRICKFACE,2.23606797749979,58.31237718815221,0.6968263358341321,0.5621826705455523,0.21475075128708004,6.397398700783177,18.333334,14.063568989273312,5.615014895047474,1.7237150359334001,-6.5555555,7.643281103341128,0.1685333826127097,-0.8563839523414832
BRICKFACE,34.88266044899672,62.35382907247959,0.13065489990309254,0.509477937466824,0.4150977727967291,6.467391673752918,19.0,14.063568989273312,5.565324992451474,2.3134069112538422,-7.0,7.559289460184544,0.16942210335823105,-0.8269733307022694
BRICKFACE,56.796126628494655,69.85938257194472,0.24120931687128655,0.6324555952792291,0.8642410046959768,8.73517851180828,21.666666,21.29177007005406,7.851082872547263,-1.7690759933847884,-8.333333,11.38092982287287,0.18582811622060316,-1.2308865126982584
BRICKFACE,31.752165280497014,51.96152422706633,0.6253563580756292,1.6162752133940868,1.1575600698192994,8.553196177343798,22.0,20.584663288867514,7.503250871093688,-0.7711356234763377,-8.7777775,11.002965349863643,0.1880472348028335,-1.1471611100077965
BRICKFACE,10.73312629199899,33.4863156129983,0.04913528369982947,0.43920517084703026,0.8079352584362808,7.9092565928200855,20.0,19.32758582383682,6.9069657789513474,-1.1340229973136415,-8.2222225,10.331029180895193,0.19442311431251685,-1.191527181490462
BRICKFACE,1.7888543819998317,50.229473419497445,0.933567827450331,0.8608421816618886,1.5464688701825784,6.55138445080292,18.222221,14.849242404917497,5.714396041880261,1.0886621215119112,-6.8333335,7.979249565789827,0.17518746475588165,-0.9322305591439303
BRICKFACE,66.63482572949373,67.54998149518623,0.07705291257037714,0.31622767114850814,0.15713487404766788,8.021245576350355,21.11111,18.62047904265027,7.254798674832114,-0.13608276620960963,-7.5,9.953064707885964,0.1711169892195444,-1.1133232221008955
BRICKFACE,35.32987404449668,32.908965343808674,0.4880013273453716,0.6148874036242806,0.6979403084946528,10.135047798279393,24.0,25.612977391630984,9.043652162404754,-3.447430235166116,-9.8888895,13.690712293524289,0.1970017702648494,-1.299432100563598
BRICKFACE,9.838699100999074,34.64101615137755,0.09045347875116524,0.4040687875371333,0.25796294824653593,7.531292119810859,19.333334,18.22764233482818,6.559132883070582,-0.7257747476746075,-7.888889,9.743084655083324,0.19251844055355444,-1.1667601300833002
BRICKFACE,45.16857314549575,41.56921938165306,1.4305036897139032,0.5621826705455523,2.226076091872086,10.009059388633336,23.555555,25.298710853800433,8.99396181259516,-3.583512862571307,-9.555555,13.522729763140068,0.19538551797003276,-1.3054307702311159
BRICKFACE,28.621670111997307,42.723919920032316,0.17420635028724102,0.4392053605836898,0.3208168568534098,7.993248613941142,21.0,19.013316457579144,6.956655681547348,-0.18144368691865187,-8.3888895,10.163045138653079,0.18747354025825427,-1.0990093302400143
BRICKFACE,62.60990336999411,66.9726312259966,0.08598662436260701,0.28109147757527086,0.026189129764708736,8.357214038799054,21.333334,19.877556507680968,7.552941220903285,-0.9525793308074042,-7.8333335,10.625000876854417,0.17819153264093351,-1.1810905682428612
BRICKFACE,9.391485505499116,30.59956426705017,0.1563390895189073,0.3689323726044599,0.15320629130187868,8.147233985996412,20.88889,19.40615316540124,7.30448902464171,-0.8164965809277261,-7.8333335,10.37302519145572,0.18073580681204401,-1.17533669894299
BRICKFACE,11.627553482998906,38.68246803570493,0.26801050953513167,0.7730012866326996,1.1261328503508194,7.559289460184544,19.555555,18.306209676392598,6.5094420860473905,-0.54433108116837,-8.166667,9.785080665643852,0.19540515064687522,-1.1477772828569224
BRICKFACE,35.32987404449668,54.848275573014455,1.1256424937956118,0.7905691936826585,2.541655373441908,7.979249565789827,21.11111,18.54191028687229,7.155417527999327,0.0,-7.6666665,9.91106794139649,0.1736812672547816,-1.0999392463679527
BRICKFACE,33.54101966249684,34.06366588218793,0.23339185133361215,0.9311152645094484,0.9022153258514627,9.477109165604364,22.333334,24.277334706356214,8.298296468047221,-3.356708075314365,-9.7777775,12.976781247888729,0.20546218836946928,-1.2984801934147647
BRICKFACE,43.379718763495916,49.65212315030782,0.251259383462156,1.1243655308277642,0.7647232205758506,9.001154379251712,23.333334,21.37033741161848,8.000154816403242,-0.5896919569701005,-8.8888895,11.4229258334334,0.18136325195866643,-1.1374451799915808
BRICKFACE,3.1304951684997055,65.81793068761735,0.23785896200681325,0.6675920418346791,0.4504531118560565,5.48748400474498,16.11111,12.099381914628944,4.621207451641962,1.9505195782413676,-6.2777775,6.593380461363449,0.1827513492934668,-0.8339246146254018
BRICKFACE,1.7888543819998317,23.094010767585033,0.8174310244209099,0.35136430744061786,0.7490093633542374,6.495389014126603,15.666667,16.49915869909063,5.615014895047474,-1.8597976633385909,-6.9444445,8.819171288858284,0.207086682810851,-1.2611973519806008
BRICKFACE,30.41052449399714,67.54998149518623,0.06253569610983184,0.5094780323351538,0.7607942878122047,7.517293827588489,20.666668,17.049129382934776,6.658513582689773,0.9525793308074042,-7.5,9.113142984817507,0.17051219096939813,-1.0041535011282512
BRICKFACE,65.74039853849382,39.83716857408418,0.8766163445604743,0.5973193700832152,0.9061446121684992,9.701087888593849,23.444445,24.35590204792063,8.546748217095201,-2.7216552017177054,-9.833333,13.018777258449255,0.1989474177334315,-1.266703875328413
BRICKFACE,59.92662179699436,60.04442799572109,0.5550042637782827,0.843273926761387,1.2570789853102753,8.231226763046415,20.88889,20.034692605023366,7.205107430595327,-1.0886621215119112,-8.5,10.70899365390442,0.19248031112240213,-1.1806933156531905
BRICKFACE,37.56594202199646,29.444863728670917,0.4913521736733366,0.8432742113663764,0.3142695571765048,9.729085228967534,22.666666,24.827303975986798,8.69582016095118,-3.7649563657782283,-9.444445,13.270752187919006,0.19950982013472437,-1.324433416447367
BRICKFACE,4.47213595499958,35.21836642056718,0.9603685075448903,0.9838195864920808,2.5403465187899315,7.167326316988474,18.666668,17.127696724499195,6.260990336999411,-0.36288737383730374,-7.4444445,9.155138995378037,0.18761614772958726,-1.1251526942860777
BRICKFACE,53.66563145999495,62.35382907247959,0.19319062013383193,0.29865941624800646,0.05368775411303075,8.287221065829312,21.0,19.956123849245387,7.403869277047305,-1.1340229973136415,-8.055555,10.666996887414946,0.1843118027479729,-1.190434701513529
BRICKFACE,60.82104898799428,44.45597072760119,0.4511499776372538,0.9662515213282389,1.9864453819025578,9.98106204825965,24.555555,24.35590204792063,9.043652162404754,-2.2680459538024538,-9.2777775,13.018777258449255,0.18479643917714433,-1.250781669093723
BRICKFACE,64.8459713474939,58.31237718815221,0.035734695207201864,0.5094780323351538,0.2108222604651724,8.483202826409585,21.555555,20.663230630431933,7.403869277047305,-1.0886621215119112,-8.833333,11.044961360424173,0.19356266641050301,-1.1839214702413416
BRICKFACE,3.5777087639996634,58.889727457341834,0.5583541754210796,0.6148872771331743,1.1536310663449754,6.775363173792404,18.555555,15.477782551646406,5.96284779092824,0.7711356234763377,-6.888889,8.273222773606943,0.17456051601635025,-1.023209746038516
BRICKFACE,30.857738089497097,46.765371804359695,0.6666746285048011,0.5797509254460539,0.3574815101841212,7.503294779437173,20.333334,17.44196679786365,6.5094420860473905,0.5896919569701005,-7.9444445,9.323123415584622,0.183496183536772,-1.0411284682698863
BRICKFACE,29.96331089849718,36.950417228136054,0.6387573915990014,0.7554330317321979,1.216486707363463,8.497201496596427,22.0,20.42753001995224,7.403869277047305,-0.5896919569701005,-8.8888895,10.918974084671534,0.19092562672327798,-1.1495212203113627
BRICKFACE,40.24922359499622,58.31237718815221,0.11613758695891696,0.5446145105133805,0.6665141143310057,7.587286800558229,20.333334,17.677669529663685,6.658513582689773,0.3175264572107444,-7.7777775,9.44911182523068,0.18069113017385358,-1.0748906250405224
BRICKFACE,55.90169943749474,32.331615074619044,1.0988411503760942,0.8608420551707823,0.5565185633486137,10.820983015399161,26.11111,26.63435636750233,9.888389003595075,-3.08454253473018,-9.7777775,14.236662320633522,0.18511955994416496,-1.2868740962617593
BRICKFACE,18.78297101099823,32.331615074619044,0.28699395022552504,0.42163691594652863,0.5656853542385598,8.595191809939854,21.11111,21.37033741161848,7.552941220903285,-1.995880576517585,-8.7777775,11.4229258334334,0.19709045272083703,-1.2440935703145481
BRICKFACE,4.919349550499537,62.35382907247959,0.24120915104004703,0.4392052024698068,0.3365303852703699,6.677372104520032,19.0,14.927809039375134,5.764086391689857,1.6329931618554523,-7.1666665,7.979249565789827,0.1738571697782996,-0.9207472864388169
BRICKFACE,30.857738089497097,43.30127018922194,0.4243493578449633,0.4743417755163633,0.7817454374746935,8.595191809939854,22.0,20.741799386209912,7.552941220903285,-0.9072184550056738,-8.7777775,11.086958126913647,0.18939549435054678,-1.1609856839760966
BRICKFACE,0.8944271909999159,25.403411844343537,0.7202767123211468,0.7554332214688576,0.5408053425231034,7.083333917902944,17.333334,17.834803505685745,6.111919287570624,-1.7237150359334001,-7.611111,9.533103468387264,0.20468135343172636,-1.2400711933897686
BRICKFACE,62.162689774494154,49.65212315030782,0.384147855284973,0.3865005326366317,0.46616665087961834,10.009059388633336,24.222221,24.74873734152916,9.043652162404754,-2.767016159169094,-9.3888895,13.228756555322953,0.18849824971389523,-1.2762069662034914
BRICKFACE,5.813776741499453,59.467077726531464,0.17979012933087996,0.7202966484223011,0.7607947120762736,6.103426248895006,17.666668,13.513595477002038,5.217492096570708,1.8597976633385909,-6.7222225,7.349309407381903,0.17839480910863206,-0.8621121536651974
BRICKFACE,39.802009999496256,51.3841739578767,0.8766162842582054,0.9311151696411186,1.7193152892126853,8.273222773606943,21.333334,19.64185589720127,7.403869277047305,-0.6804137902232191,-8.0,10.499013601101778,0.17908426936454244,-1.1394072598880174
BRICKFACE,42.93250516799596,46.188021535170066,1.2551805715574806,0.7905694782876481,0.67175144212722,9.827076298239907,24.0,24.35590204792063,8.74551006354718,-2.4494897427831783,-9.666667,13.018777258449255,0.19340686613810276,-1.2541206273144858
BRICKFACE,10.285912696499032,50.806823688687075,0.9648363026488437,0.9311151696411186,0.36795750927943427,7.783268183174028,18.777779,19.32758582383682,7.006346478570539,-2.2226852413000397,-7.388889,10.331029180895193,0.19002294844144108,-1.2622894076934654
BRICKFACE,10.73312629199899,47.92007234273895,1.4829889755099328,1.1419334695005,0.8393613111785717,7.083333917902944,19.11111,16.42058994331265,6.211299987189816,0.4536092479152515,-7.2777775,8.819171288858284,0.17885276030256,-1.0301268059934392
BRICKFACE,43.379718763495916,43.30127018922194,0.5762210140735309,1.1946382025792281,2.933182519505243,9.393117144483309,24.0,22.391714266169483,8.4473684119032,-1.0433012048853518,-8.944445,11.968874726649211,0.1798333700255487,-1.1686833898174496
BRICKFACE,40.24922359499622,64.08587988004847,0.4422163171019524,0.42163691594652863,0.3614101954603937,7.041338285306889,19.777779,15.713483162126101,6.211299987189816,1.4061885378978265,-7.111111,8.399210049359581,0.16739729013897353,-0.9431335093137238
BRICKFACE,10.73312629199899,37.52776749732568,0.5315536762333269,0.7378649981911325,0.832815058019703,7.867260960224031,20.11111,18.934749116014725,6.956655681547348,-0.8618575383791145,-7.888889,10.121049128092551,0.18756923502341935,-1.1779358820492756
BRICKFACE,32.64659247149693,59.467077726531464,0.09938711818067242,0.351364054458405,0.5447337449566634,6.929348923812148,19.222221,15.949185893926135,5.913157441118645,1.0886621215119112,-7.6666665,8.525198459005638,0.1834945422628765,-0.9881207741036618
BRICKFACE,39.354796403996296,50.806823688687075,0.14405536658513693,0.9135469147406169,0.8432893954140801,8.37121308695037,21.333334,20.113259946587785,7.453560521284094,-0.9979402474339635,-8.2222225,10.750989664464948,0.18483701933879998,-1.1694042851808693
BRICKFACE,54.11284505549491,34.64101615137755,0.702409572157351,0.9135469147406169,1.0161386782266506,10.107049701976761,24.666666,24.905870610444435,9.093343406641543,-2.5402116168611264,-9.6111105,13.312747820515062,0.18885839082235134,-1.2559015464535823
BRICKFACE,40.69643719049617,66.39528095680697,0.43439999730738743,1.2297746807574548,1.0004254927564795,7.531292119810859,20.555555,17.049129382934776,6.757894282308964,0.7711356234763377,-7.2222225,9.113142984817507,0.16784886853916553,-1.0189144258961984
BRICKFACE,12.074767078498864,39.25981830489456,0.44780027705239817,0.5621826705455523,1.8018131898863463,8.161232656183255,20.444445,20.113259946587785,7.105727178189731,-1.4061885378978265,-8.555555,10.750989664464948,0.1969322956327885,-1.2023103477715227
BRICKFACE,12.96919426949878,57.73502691896258,0.4109492288556249,0.8432742113663764,1.2885057805146864,7.7972672313253435,20.88889,18.070506237485777,6.9069657789513474,0.3175264572107444,-7.7777775,9.65909187803332,0.17635004121874334,-1.0745915895827587
BRICKFACE,10.285912696499032,65.24058041842773,0.30039448625517867,0.8784105314307201,0.9847104688086773,5.557477733643666,17.11111,11.94224864571367,4.521826304809175,2.9484599073249895,-6.888889,6.929348923812148,0.20185401541534417,-0.6899243975306981
BRICKFACE,17.88854381999832,49.0747728811182,0.1563393005768485,0.7905696364015311,0.23177376368105168,7.979249565789827,20.777779,19.170449726494418,6.9069657789513474,-0.4082482904638631,-8.5,10.24703640384519,0.19173626397502502,-1.1341692249850217
BRICKFACE,13.416407864998737,58.889727457341834,0.03573465721677245,0.42163691594652863,0.28284264176394086,7.657280529456917,20.333334,17.677669529663685,6.9069657789513474,0.09072184141808448,-7.2222225,9.44911182523068,0.1704149622616005,-1.0996197755242128
BRICKFACE,34.435446853496764,45.03332099679081,0.7057597853114923,0.6324555320336759,2.074180963925824,9.295126075210936,24.0,22.07744419280503,8.298296468047221,-0.7257747476746075,-9.055555,11.800890306442627,0.17976419502659677,-1.1387587015483132
BRICKFACE,42.93250516799596,53.11622476544558,0.8978339089363527,0.5621827654138821,0.2304642726329723,8.65118724661617,21.777779,21.056069459574367,7.652321026095285,-1.3608276212712673,-8.666667,11.254942547120232,0.18882386593277875,-1.1898137203382908
BRICKFACE,65.74039853849382,53.11622476544558,0.12953852098354546,0.43920526571536006,0.7922219315447534,8.861167299418812,22.777779,21.213203435596423,7.851082872547263,-0.8164965809277261,-8.833333,11.338934190276817,0.18530572601969966,-1.1695022194700635
BRICKFACE,18.78297101099823,34.06366588218793,1.0552897663244416,0.6500236604430711,0.3051034380380008,8.245225433233259,20.777779,20.34896267838782,7.105727178189731,-1.2701058288429776,-8.8888895,10.876978074111005,0.1990736214100816,-1.1885135630997232
BRICKFACE,0.8944271909999159,36.37306695894643,0.1697396406241282,0.47434161740248026,0.24748755019198693,6.831357854539775,17.222223,16.734860016677104,5.96284779092824,-1.0433012048853518,-7.111111,8.945158942575395,0.19454718925245237,-1.1906598443126588
BRICKFACE,13.863621460498695,61.19912853410034,0.21999181279767704,0.22838674449654253,0.4150977374413901,7.223320619771372,19.555555,16.734860016677104,6.310680686809007,0.54433108116837,-7.5,8.945158942575395,0.1803271966941076,-1.0497563023712122
BRICKFACE,14.758048651498612,60.04442799572109,0.2903441392587588,0.9662517426876751,1.7821717787593103,7.629282433154285,20.222221,17.599102895206048,6.9069657789513474,0.04536092070904224,-7.111111,9.407116192634625,0.17010509690555048,-1.0998168461841293
BRICKFACE,36.22430123549659,56.58032638058333,0.1295383189709446,0.597319148723779,1.1418472379025186,7.895258300597716,21.0,18.306209676392598,7.056036828380135,0.13608276620960963,-7.6666665,9.785080665643852,0.1740316635789918,-1.0810918808008503
BRICKFACE,2.6832815729997477,51.96152422706633,0.17979006902861108,0.4216371056831882,0.6442533675544204,6.845356146762144,18.777779,15.634915820561682,6.012538587951432,0.8164965809277261,-7.0,8.357214038799054,0.17372469169490468,-1.0082527405601458
BRICKFACE,33.988233257996804,46.765371804359695,0.5047519106979271,0.42163704243763495,0.848527571738432,8.581193139753012,22.333334,20.34896267838782,7.602631123499285,-0.4536092479152515,-8.555555,10.876978074111005,0.18300032651848952,-1.1361748626591792
BRICKFACE,64.8459713474939,51.96152422706633,0.17420674225198896,0.6324555320336759,0.14142100268391888,9.393117144483309,23.666666,22.784550266884793,8.34798771228401,-1.451549495349215,-9.2777775,12.178854401487381,0.18809736744688904,-1.2062828736682287
BRICKFACE,59.4794082014944,38.68246803570493,0.4209992954464942,0.6675920418346791,0.43474024458393684,10.261035451996506,25.11111,25.377277488258073,9.143033756451139,-2.4948506185849086,-10.055555,13.564725395736126,0.19199244133893525,-1.250416236309206
BRICKFACE,35.77708763999664,54.848275573014455,0.30374491046726126,0.29865941624800646,0.19510893357364495,8.091239683213514,21.333334,18.856180360236745,7.254798674832114,-0.09072184141808448,-7.7777775,10.079052361603077,0.1746082560676699,-1.1082677621688022
BRICKFACE,33.54101966249684,61.77647880328996,0.1038539363878693,0.5621826705455523,0.5447340985100539,6.313406301697648,18.777779,13.749298915908858,5.3168727961899,2.5402116168611264,-7.2222225,7.47529781702796,0.1785774958623938,-0.8004261379734703
BRICKFACE,55.00727224649483,60.04442799572109,0.6354071181425911,1.2649110640673518,0.7071075236486678,8.287221065829312,20.555555,20.270393922609838,7.403869277047305,-1.6783540376571826,-8.055555,10.834981307621531,0.18845375196114297,-1.222438990826135
BRICKFACE,13.416407864998737,32.331615074619044,0.1295381682152723,0.4743415225341505,0.45176249683811864,8.959157612762239,22.11111,22.156012948583008,7.900774116784051,-1.9505195782413676,-9.055555,11.8428870729321,0.19496715859571448,-1.2366128755443413
BRICKFACE,42.03807797699604,38.68246803570493,1.0139719180111522,0.49190990392575856,0.41902624594096727,8.97315628294908,22.88889,21.763176240760913,7.851082872547263,-1.0433012048853518,-9.2777775,11.632907020129458,0.19225568020551845,-1.1809890984197609
BRICKFACE,39.802009999496256,61.77647880328996,0.5851554283871936,0.5973192752148854,0.9689982732879996,7.139329354579261,19.88889,16.184889332832956,6.211299987189816,1.2247448713915892,-7.5,8.693182879212225,0.17649550191281566,-0.9601597213658802
BRICKFACE,38.46036921299638,50.806823688687075,0.5684046038255625,0.5446144156450506,1.2007714005729482,7.993248613941142,21.444445,18.62047904265027,7.006346478570539,0.36288737383730374,-8.2222225,9.953064707885964,0.18117429974243174,-1.0695379681282964
BRICKFACE,29.068883707497264,43.30127018922194,0.09938718451316822,0.2283866591150457,0.06940111282436336,8.063242342839828,21.11111,19.170449726494418,7.056036828380135,-0.272165540584185,-8.333333,10.24703640384519,0.18650863220460354,-1.124415818309403
BRICKFACE,66.63482572949373,44.45597072760119,1.1881784190540654,0.7730012866326996,2.131796696208346,9.253130442614882,23.444445,22.313146924605064,8.248606565451222,-1.2701058288429776,-9.055555,11.926878716088684,0.18592308202760757,-1.1946855446393099
BRICKFACE,63.05711696549407,35.7957166897568,0.6387572106921946,1.0716606712579295,2.253575651369126,10.345027473117563,23.777779,26.63435636750233,9.242414903283924,-4.400009443499033,-10.055555,14.236662320633522,0.20138265228568722,-1.3353059610255695
BRICKFACE,43.826932358995876,60.04442799572109,1.094374802526595,0.47434161740248026,0.4674762126383758,7.069335247716102,19.222221,16.42058994331265,6.111919287570624,0.6350529144214888,-7.5555555,8.77717452236881,0.1833617332414209,-1.0229299438852006
BRICKFACE,10.285912696499032,31.754264805429422,1.1077745998534543,0.5621825440544459,0.27760488970365776,8.861167299418812,21.666666,21.99887685124061,7.851082872547263,-2.1773242838486517,-8.833333,11.758894295882099,0.1945693173811577,-1.2524015093080652
BRICKFACE,33.54101966249684,43.30127018922194,1.3903027600254676,0.7027283935217994,1.314694646882119,9.813077628053064,23.333334,24.591604072613887,8.844891657593562,-3.2206254479091743,-9.2777775,13.144765290130842,0.19215126924737708,-1.297964995413992
BRICKFACE,39.802009999496256,39.25981830489456,0.9168172440977755,0.7554329052410915,0.43081085220088317,6.691370774706875,17.666668,16.263455967290593,5.565324992451474,-0.04536092070904224,-7.888889,8.693182879212225,0.20661359343671537,-1.1058954896285995
BRICKFACE,16.994116628998402,23.67136103677466,0.5047521820581372,0.5270462556128789,0.628539474977468,8.497201496596427,20.777779,21.056069459574367,7.552941220903285,-2.0866023281210455,-8.3888895,11.254942547120232,0.19321733701632987,-1.2527525171142462
BRICKFACE,33.988233257996804,36.950417228136054,1.6571960192732664,0.9135467250039573,1.53468323861783,8.931160650353025,21.777779,22.07744419280503,8.000154816403242,-2.2680459538024538,-8.6111105,11.800890306442627,0.18998498895145505,-1.2421830385024604
BRICKFACE,11.180339887498949,66.9726312259966,0.04578507054568811,1.51086574723663,1.0947064086997988,6.1174245411173755,17.0,14.14213562373095,5.167801299547516,0.9979402474339635,-6.9444445,8.021245576350355,0.19998826712773404,-0.8222547364407334
BRICKFACE,2.6832815729997477,29.444863728670917,0.6030223574930482,0.5094780323351538,0.7450809962760164,7.405303710164801,18.777779,18.149073579050196,6.410061386428199,-0.9979402474339635,-7.888889,9.701087888593849,0.19805329464767651,-1.1888518429838428
BRICKFACE,14.310835055998654,25.980762113533164,0.9570189275645725,1.0365243195708094,0.5093785119633532,8.287221065829312,20.555555,20.34896267838782,7.354179374451307,-1.6783540376571826,-8.2222225,10.876978074111005,0.1914822287642372,-1.2270917534463426
BRICKFACE,66.63482572949373,36.950417228136054,0.34506303014076084,0.43920517084703026,0.1636822691839883,9.099144692595138,22.666666,22.54885036351188,7.900774116784051,-1.7237150359334001,-9.6111105,12.052867503699215,0.19961580081258595,-1.219684527070701
BRICKFACE,12.96919426949878,46.765371804359695,1.131226091932444,0.8608420551707823,1.3264801723808506,7.741272550577973,20.11111,18.463342945307872,6.8075846321185605,-0.4536092479152515,-7.888889,9.869071930835963,0.18454820432669017,-1.1075663829525433
BRICKFACE,0.8944271909999159,56.58032638058333,0.20100757310222056,0.3337957995579034,0.19510942854839178,6.6073791315502906,18.333334,14.69210842889544,5.96284779092824,1.0433012048853518,-6.2222225,7.853262290037187,0.15953170189345622,-0.9619740159450487
BRICKFACE,0.8944271909999159,51.3841739578767,0.5315531335129067,0.8081376383198199,1.2361271992516834,7.167326316988474,18.777779,16.891996114019502,6.360371036618603,-0.22680462395762574,-7.111111,9.029151719625398,0.18000639249351166,-1.0919241910032031
BRICKFACE,38.01315561749642,40.41451884327381,0.2199917826465426,0.5797509254460539,0.40462142014802555,8.945158942575395,23.0,21.29177007005406,8.000154816403242,-0.8164965809277261,-8.666667,11.38092982287287,0.18157525803574912,-1.1664457504083847
BRICKFACE,31.304951684997054,40.991869112463434,0.5449534434090518,0.8959786598401153,0.7346058103535017,8.609191236055642,21.88889,20.977500703796387,7.503250871093688,-1.0886621215119112,-9.0,11.212945780630758,0.19389818393839092,-1.179425473194523
BRICKFACE,30.857738089497097,34.06366588218793,0.2869939049988233,0.6500235655747413,0.5250922984742884,9.015152671474082,22.666666,21.841743582325336,8.049844718999243,-1.451549495349215,-8.7777775,11.674903030689988,0.18572836970026285,-1.2016046552038986
BRICKFACE,6.260990336999411,38.105117766515306,0.3037446692581856,0.4743416490252569,0.3574815101841212,7.055336577529259,18.555555,16.97056274847714,6.012538587951432,-0.13608276620960963,-7.8333335,9.071147352221452,0.19581463283132283,-1.1096297205400456
BRICKFACE,56.796126628494655,69.2820323027551,0.2546096870697007,1.0189560646703075,1.4246883947422189,8.945158942575395,22.11111,21.52747350896088,8.248606565451222,-1.905158620789979,-7.8333335,11.506918610483403,0.1765880393499965,-1.2479657577590038
BRICKFACE,15.652475842498527,24.248711305964285,0.04578491979001582,0.43920526571536006,0.179395323839405,8.539197129192482,20.0,21.99887685124061,7.453560521284094,-3.175264449632957,-8.8888895,11.758894295882099,0.2069490572989718,-1.3028399309848484
BRICKFACE,31.304951684997054,34.64101615137755,0.4209993557487632,0.6851599488846383,0.483189963793972,8.987155709064869,22.444445,21.920310216782973,8.000154816403242,-1.6329931618554523,-8.833333,11.716898663286043,0.1881977668990788,-1.2113683856385222
BRICKFACE,5.366563145999495,32.331615074619044,0.06253560264131501,0.4216371056831882,0.3614100186836984,7.503294779437173,19.444445,17.991939603028143,6.559132883070582,-0.49897012371698174,-7.7777775,9.617096245437267,0.1890322495797379,-1.1470767521688008
BRICKFACE,66.63482572949373,53.11622476544558,0.1697399119843383,0.7378647768316964,1.3513595477002038,8.945158942575395,23.11111,21.448906167396462,7.851082872547263,-0.6804137902232191,-9.166667,11.464922599922874,0.18826462533160604,-1.1580835056140726
BRICKFACE,35.77708763999664,66.9726312259966,0.4924683686709635,0.49190990392575856,0.3090318404715608,8.203228666743783,21.222221,19.484719799858873,7.30448902464171,-0.5896919569701005,-8.055555,10.415020824051775,0.18217881750423587,-1.1541698110015615
BRICKFACE,43.826932358995876,68.70468203356548,0.15633923122923926,0.8081376383198199,1.9746603867339123,8.161232656183255,21.333334,19.32758582383682,7.205107430595327,-0.3175264572107444,-8.2222225,10.331029180895193,0.18255734803573895,-1.116493393932989
BRICKFACE,15.652475842498527,55.425625842204084,0.3037446692581856,0.8959785649717855,1.363144189315459,8.217227336930625,20.777779,19.64185589720127,7.453560521284094,-1.179383913940201,-7.611111,10.499013601101778,0.17866150493630847,-1.1857622813248043
BRICKFACE,60.82104898799428,40.41451884327381,0.09380359542167634,0.5446145105133805,0.7765078975464447,9.841074968426751,24.444445,24.041630560342615,8.795201307783968,-1.9505195782413676,-9.555555,12.850792082313724,0.1884027964440717,-1.2340282588377485
BRICKFACE,8.497058314499201,36.37306695894643,0.474600926995823,0.6675920418346791,1.0947055955270004,7.9092565928200855,19.666668,19.64185589720127,6.857274981928156,-1.5422712877775047,-8.3888895,10.499013601101778,0.20001620456104496,-1.221053344377722
BRICKFACE,33.54101966249684,59.467077726531464,0.46120088845988794,0.5973190538554493,0.38759906182782644,7.167326316988474,20.222221,16.106321991268533,6.211299987189816,1.5422712877775047,-7.611111,8.609191236055642,0.17369121328514556,-0.9433705315067775
BRICKFACE,29.96331089849718,68.12733176437585,0.11613795480275736,0.7202965535539714,1.5150414739374034,7.979249565789827,20.222221,19.32758582383682,7.056036828380135,-1.0886621215119112,-8.0,10.331029180895193,0.18643620596281232,-1.1460426085013156
BRICKFACE,59.4794082014944,55.425625842204084,0.3082114392235673,0.8784105314307201,1.1889861932722683,8.273222773606943,22.11111,19.32758582383682,7.254798674832114,0.272165540584185,-8.5,10.331029180895193,0.18177022080270733,-1.0823583797566334
BRICKFACE,13.863621460498695,35.7957166897568,0.2512596095956644,0.5797509254460539,0.34176864291200154,8.007246906163513,20.555555,19.249017068058837,7.056036828380135,-0.7711356234763377,-8.1111105,10.289032414405717,0.18759228441213138,-1.1668134459346018
BRICKFACE,34.88266044899672,61.77647880328996,0.19765761321760864,0.5094779690896006,0.6822272290904988,6.495389014126603,18.333334,14.613541087331024,5.615014895047474,1.4061885378978265,-6.9444445,7.853262290037187,0.17676273886894261,-0.9280772967539529
BRICKFACE,45.16857314549575,46.188021535170066,0.5583541754210796,0.9486832980505138,1.3670730867237657,9.37911885226094,24.333334,22.313146924605064,8.298296468047221,-0.5896919569701005,-9.3888895,11.926878716088684,0.18429421830939788,-1.145831890680522
BRICKFACE,63.05711696549407,39.25981830489456,0.3037449707695301,0.6851601702440744,0.3103417769969123,10.275033744218875,24.222221,26.08438426944462,9.143033756451139,-3.628873738373038,-10.1111105,13.942689868745353,0.1993017674258259,-1.3071035020326909
BRICKFACE,29.516097302997224,58.31237718815221,0.09938698250056736,0.7027283935217994,0.2304646261863629,7.19532365736216,19.666668,16.656292675112685,6.211299987189816,0.7711356234763377,-7.7222225,8.903162932014865,0.18347677893886327,-1.0306728338498714
BRICKFACE,11.627553482998906,52.53887449625595,0.6566244714605283,0.8081376383198199,0.7647226902457648,7.461298390912171,19.777779,17.36339945629923,6.658513582689773,0.04536092070904224,-7.2777775,9.281127405024094,0.17627221710885443,-1.0976067132288527
FOLIAGE,103.75355415599024,72.74613391789286,3.5835187129281567,0.38650062750496156,2.226077011110901,0.5739460824037095,0.44444445,2.5141574756458036,0.24845201737613645,-1.3154667454695368,-1.4444444,1.3438736986090065,0.4319242436805975,-1.4900885241574675
FOLIAGE,101.9646997739904,71.01408311032398,0.023450878804914668,0.14054565973069394,0.07332959303966927,0.2659749981251433,0.0,1.414213562373095,0.04969039900309133,-0.8618575383791145,-0.8888889,0.7559289460184544,0.4472135954999579,-1.5013673015814617
FOLIAGE,98.38699100999074,69.2820323027551,0.018984047934241327,0.12297745858891251,0.02226078001060395,0.3779644730092272,0.0,2.1213203435596424,0.0,-1.2247448713915892,-1.5,1.1338934190276815,0.4472135954999579,-1.4809610484045554
FOLIAGE,98.8342046054907,61.77647880328996,0.06365242176742518,0.26352311199505113,0.12177948549086581,0.8399210805288527,0.33333334,3.7712362841793836,0.4472135954999579,-2.3134069112538422,-1.83333335,2.015810585709957,0.4235515107456473,-1.5742704349858634
FOLIAGE,103.30634056049028,71.5914333795136,4.511503696020017,0.5797509254460539,2.2745275081383958,1.1338934190276815,1.4444444,4.164073345554866,0.7453559626856903,-1.905158620789979,-2.0,2.225790827494835,0.4004211897892018,-1.4983147216070791
FOLIAGE,100.17584539199058,54.848275573014455,0.1429387012298125,0.33379602091733956,0.25796298360187503,1.3298749528292693,0.8888889,5.1068823635667036,1.0931887691237374,-3.2206254479091743,-1.61111115,2.729743445574989,0.3978189746246584,-1.660984848751079
FOLIAGE,107.3312629199899,43.30127018922194,226.0620321539771,3.232550110560407,35.035832860248235,14.376648644537475,29.777779,35.82674452292745,15.056191644783379,-10.115485918241406,-6.5555555,19.150200469753475,0.20791490002903712,-1.6151643293301907
FOLIAGE,89.88993269549154,69.2820323027551,4.454551519654068,1.1770699476787265,3.4006610655959966,1.413867125136115,1.4444444,5.421151871245733,0.9441176302522307,-2.812377157445311,-2.4444445,2.897727563409996,0.3993858455942599,-1.5416985510599988
FOLIAGE,104.2007677514902,56.00297611139371,0.05918554928818628,0.1756820746633674,0.07332958596860145,0.7979250321718772,0.11111111,3.928370825886864,0.2981424119070918,-2.4494897427831783,-2.16666675,2.099802531238119,0.4401149740985871,-1.549541213791495
FOLIAGE,105.09519494249011,46.765371804359695,0.12618794601579061,0.24595491401554734,0.10475659684058088,1.315876358235321,1.0,5.264017329538253,0.8944271909999159,-3.039181822227766,-2.22222235,2.8137356178818345,0.39409219615287067,-1.5896705842840033
FOLIAGE,101.0702725829905,48.49742261192857,1.1982281539824557,0.5621827021683289,0.953284840330455,1.721838058228892,1.5555556,6.363961030678928,1.3913312257521886,-3.6742346141747677,-2.16666675,3.401680257083045,0.37911605484725464,-1.630396752899833
FOLIAGE,91.23157348199142,66.9726312259966,0.3807976722819661,0.33379598929456294,0.5093787594507266,0.8259223725455627,0.33333334,3.614101247497156,0.4969040347522729,-2.2680459538024538,-1.61111115,1.9318183756066643,0.4299599876543066,-1.5903393658776497
FOLIAGE,101.0702725829905,63.508529610858844,0.026801002711698035,0.15811387352158598,0.07463904519687567,0.6299407631510805,0.11111111,3.1426969859786107,0.19876160048450128,-1.905158620789979,-1.83333335,1.679842198854153,0.4372755255380388,-1.5245106943976632
FOLIAGE,101.51748617849044,39.83716857408418,13.848302386679778,1.3703202139970423,12.869345185362118,4.185606543475185,6.888889,11.31370849898476,4.621207451641962,-5.125783864575008,-1.11111115,6.047431568147635,0.27024263398095055,-1.7549500768719375
FOLIAGE,107.77847651548986,79.09698687897874,5.6337949515229155,1.2122064258569532,13.258253561461327,1.889822365046136,2.5555556,6.363961030678928,1.5404023646236953,-2.9938208647763775,-2.33333325,3.401680257083045,0.37453154753211376,-1.5513688726888277
FOLIAGE,105.09519494249011,50.806823688687075,0.07258605818181892,0.2986595743618895,0.1165416733265063,1.0499012845172833,0.44444445,4.556910548351706,0.6459751736237794,-2.8577380332470415,-2.0,2.435771144872607,0.41970640850076224,-1.6048103768653106
FOLIAGE,87.65386471799175,53.6935750346352,0.7727624202330587,0.4743416490252569,0.3260547644771848,1.889822365046136,2.0,6.599663762478964,1.6397831984069655,-3.6742346141747677,-2.0,3.527668666729103,0.3616257681504569,-1.6471509409732672
FOLIAGE,105.98962213349003,61.19912853410034,0.04578511275727634,0.26352312780643944,0.16891994346252548,0.9099145070559612,0.44444445,4.321208028683704,0.2981424119070918,-2.404128866981448,-2.61111115,2.3097828486158916,0.42059374288413753,-1.5083259394151185
FOLIAGE,92.57321426849128,56.00297611139371,0.19654075791013714,0.24595490452871438,0.16761057615813282,0.9939065659734648,0.5555556,4.164073345554866,0.6459751736237794,-2.5402116168611264,-1.7777778,2.225790827494835,0.40935425452649776,-1.604441337836209
FOLIAGE,92.12600067299134,46.188021535170066,4.471301379379397,1.2122064258569532,12.771133356756163,3.7936434002791146,6.5555553,10.68516905936263,3.7764706104516423,-4.263926816093842,-2.38888885,5.711463105698936,0.26732883616015035,-1.644911958061318
FOLIAGE,97.04535022349087,42.146569650842686,0.2367422333341065,0.5446145105133805,0.30510316580189,1.833827684298765,1.7777778,6.835365787172219,1.3913312257521886,-3.7649563657782283,-2.61111115,3.6536566984106873,0.3678363754037873,-1.6038426305245785
FOLIAGE,86.75943752699183,71.5914333795136,0.1306550687494455,0.43920526571536006,0.32081677553612997,1.0638999925005732,1.0,3.928370825886864,0.8447367517476009,-2.2226852413000397,-1.38888885,2.099802531238119,0.37421603834048855,-1.6154620919957485
FOLIAGE,88.10107831349171,60.621778264910716,4.7225604311790725,1.159501692778225,5.091169178096532,1.5678525727842798,1.6666666,5.892556981292417,1.0931887691237374,-3.039181822227766,-2.5555555,3.1497041937198755,0.3962529086395288,-1.5594797410224281
FOLIAGE,105.98962213349003,79.09698687897874,0.03238454959160169,0.10540925744713107,0.015713485990553226,0.25197632793830055,0.0,1.414213562373095,0.0,-0.8164965809277261,-1.0,0.7559289460184544,0.4472135954999579,-1.4809610484045554
FOLIAGE,100.62305898749054,52.53887449625595,0.10720407717928794,0.21081852121881747,0.10999439132727086,1.3858697469659822,1.1111112,5.65685424949238,0.8447367517476009,-3.1299034921815685,-2.66666675,3.0237157840738176,0.38809779431228475,-1.5681758109281383
FOLIAGE,90.78435988649146,53.6935750346352,1.943072885042698,1.0892289577812078,4.127409151843563,2.561759176554192,3.2222223,8.406714032674152,2.3354488112830603,-4.3546485676973035,-2.33333325,4.493577665550198,0.33996779509806807,-1.6495146575214175
FOLIAGE,101.0702725829905,39.83716857408418,299.0143482265084,6.465101169804113,367.53317450004425,9.001154379251712,19.222221,20.741799386209912,10.236222793903032,-5.624754314890622,-1.38888885,11.086958126913647,0.22762894738518652,-1.7599739291309118
FOLIAGE,106.88404932448995,71.01408311032398,0.02345086975957433,0.15811388300841897,0.058925566277390255,0.5739460824037095,0.0,2.985562020007061,0.14907120148140993,-1.8597976633385909,-1.7777778,1.5958500265473072,0.4472135954999579,-1.5302458253678328
FOLIAGE,98.8342046054907,64.08587988004847,0.07258604913647858,0.12297745858891251,0.08511470134539986,0.5039526558766011,0.0,2.82842712474619,0.0,-1.6329931618554523,-2.0,1.5118578920369088,0.4472135954999579,-1.4809610484045554
FOLIAGE,107.77847651548986,51.96152422706633,7.048666785577185,2.1433217852347317,22.54361070226329,3.401680257083045,4.7777777,11.078006474291504,2.931733456211805,-5.171145148625029,-3.66666675,5.92144353646605,0.34118770434387286,-1.6025793135493105
FOLIAGE,96.15092303249095,71.01408311032398,0.04020151462044411,0.21081852121881747,0.015713468312883696,0.517951326063444,0.0,2.6712922294853185,0.14907120148140993,-1.6783540376571826,-1.5555556,1.4278657575265103,0.4472135954999579,-1.534326326470026
FOLIAGE,98.38699100999074,71.5914333795136,0.008933669882152988,0.14054566605524926,0.026189135068009593,0.33596842465225163,0.0,1.7284832114734814,0.09938079800618266,-1.0886621215119112,-1.0,0.9239131394463566,0.4472135954999579,-1.5285953674298653
FOLIAGE,97.04535022349087,66.39528095680697,0.1038539363878693,0.1756820746633674,0.1361835476084839,0.7139328598650315,0.22222222,3.299831881239482,0.34783280643804715,-2.041241452319315,-1.66666665,1.7638343333645514,0.430650145563426,-1.5673755781838696
FOLIAGE,108.22569011098982,46.765371804359695,57.11853525031998,4.796121223331298,39.20122213152288,15.846510526013855,33.11111,39.283711087295764,16.596592936094442,-10.795899463515653,-7.2222225,20.998026824239084,0.18790827212230382,-1.6082865138016234
FOLIAGE,105.09519494249011,69.2820323027551,0.10273718660936838,0.15811387352158598,0.10606603132011776,0.5459486664371294,0.0,2.82842712474619,0.14907120148140993,-1.7690759933847884,-1.66666665,1.5118578920369088,0.4472135954999579,-1.5247807384773981
FOLIAGE,95.70370943699099,45.61067126598044,0.2601931223904068,0.42163704243763495,0.18856181774450306,1.833827684298765,2.0,6.521095713807765,1.49071197009274,-3.492790702719556,-2.27777765,3.485672278204101,0.3540441113445865,-1.618554269949877
FOLIAGE,87.65386471799175,57.73502691896258,25.131526858987343,1.8270938294812338,24.35065743692457,3.0797108427856617,4.666667,9.428090180118373,2.8820432852876476,-4.263926816093842,-2.5555555,5.039526180801539,0.33005892818393506,-1.619185292041408
FOLIAGE,87.20665112249179,57.15767664977296,1.3456342764421545,0.8784104365623903,1.644677693584711,2.547760619756691,3.4444444,8.171011300874115,2.3354488112830603,-4.037122028836901,-2.27777765,4.36758925590414,0.31837039712718973,-1.639699308291767
FOLIAGE,95.70370943699099,69.85938257194472,0.01898405275842284,0.03513641809495114,0.026189142139077404,0.4339592293494928,0.0,2.3570225803849323,0.04969039900309133,-1.4061885378978265,-1.5555556,1.2598815640986083,0.4472135954999579,-1.5080006702957727
FOLIAGE,102.85912696499032,56.58032638058333,0.04578505547012088,0.12297745858891251,0.022260760918720857,0.5319499962502866,0.0,2.9069944663106084,0.04969039900309133,-1.7237150359334001,-1.9444444,1.5538539025974372,0.4472135954999579,-1.4946253919762387
FOLIAGE,104.64798134699015,70.43673284113436,2.3640719694312513,0.4392052024698068,2.677839189750969,0.8539197129192482,0.5555556,3.6926688011936086,0.4472135954999579,-2.0866023281210455,-1.88888885,1.9738144995565345,0.42946701069157917,-1.5366870731696955
FOLIAGE,102.85912696499032,71.5914333795136,0.03238455863694203,0.08784105314307201,0.0536877293642934,0.25197632793830055,0.0,1.414213562373095,0.0,-0.8164965809277261,-1.0,0.7559289460184544,0.4472135954999579,-1.4809610484045554
FOLIAGE,91.67878707749138,47.92007234273895,207.4621470601346,2.6352312780643943,42.86637931704883,8.80517261867144,19.777779,20.19182658104542,9.639937254547094,-4.309287283647282,-2.61111115,10.792985297061001,0.22546760879949476,-1.6414371646278894
FOLIAGE,107.3312629199899,45.61067126598044,12.32064510849334,4.47989345731446,54.91469044440658,12.388836344112388,24.333334,32.36977866566591,12.621360926404419,-10.342290297250058,-6.8333335,17.30237449323234,0.218715018917642,-1.6166549811356101
FOLIAGE,101.0702725829905,41.56921938165306,0.24679260143632042,0.4392052024698068,0.5093786887400484,1.7078394258384963,1.5555556,6.678231104043382,1.1428792083760522,-3.628873738373038,-2.9444445,3.5696646772896305,0.37641510833723263,-1.567458168255912
FOLIAGE,101.9646997739904,52.53887449625595,0.059185561348640066,0.35136421257228806,0.136183505182077,0.9939065659734648,0.44444445,4.3997755823801565,0.5465943845618687,-2.676294244266317,-2.11111115,2.3517789725657616,0.42029795581207385,-1.5738324530455965
FOLIAGE,100.17584539199058,42.146569650842686,0.38526444224734785,0.7378647768316964,0.37712323950920873,2.1977934871211495,2.3333335,7.542472568358767,1.987616094287732,-4.263926816093842,-2.0555555,4.031621171419914,0.3532674802146413,-1.6656900079837724
FOLIAGE,104.64798134699015,63.508529610858844,0.06365238257095038,0.15811388300841897,0.20034691897916584,0.685935519491346,0.11111111,3.4569665643683187,0.19876160048450128,-2.0866023281210455,-2.0555555,1.8478263544856077,0.4401149740985871,-1.5220521548301553
FOLIAGE,89.88993269549154,49.65212315030782,67.14658548280829,2.7757774437595137,37.31428647272315,5.0675238991396965,8.777778,14.063568989273312,5.167801299547516,-5.670115190692353,-2.77777765,7.517293827588489,0.28216736089815914,-1.6713013245565562
SKY,81.8400879764923,45.03332099679081,0.09938764884063887,0.2459551891337038,0.45045551601911255,51.23518579887068,128.66667,103.94469683442247,58.58498101049449,-8.437131064087643,-6.8333335,55.5607775323564,0.05574377266444786,-1.5736920216388528
SKY,80.94566078549238,15.588457268119898,0.1395888619497384,0.15811388300841897,0.09035227662898768,52.18709688343388,132.55556,103.63043029659194,60.42352529509032,-6.75877702643046,-4.4444445,55.39279500197218,0.043050193897787734,-1.6012658627032568
SKY,105.54240853799007,24.248711305964285,0.13958870817895266,0.4392057716797857,0.5093809161264092,51.137194729598306,128.11111,103.55185659106647,58.73405519041844,-8.800018478749775,-5.9444445,55.35079558973138,0.05596312869697262,-1.6137714703926092
SKY,113.59225325698931,32.908965343808674,0.23339091664844394,0.4392057716797857,0.36795874671630135,51.319173284418056,129.44444,103.70899693104957,58.684365287822445,-7.7567175188133985,-6.8333335,55.43479063456824,0.053099110221487514,-1.5467406466739275
SKY,8.049844718999243,7.505553499465136,0.06253563882267636,0.3513652561239159,0.057615258520978624,53.013017290564186,134.33334,105.43747703125321,61.41733676341819,-7.257747884994365,-4.388889,56.35870211097091,0.044301048088333135,-1.6209602714835425
SKY,84.52336954949205,61.77647880328996,0.38861568054006074,0.3337957046895736,0.1479698721378781,50.52125248544828,125.77778,102.68762361203247,58.13776741499453,-9.661875935479232,-5.5,54.88884363117478,0.05985066703993465,-1.63863779959185
SKY,43.826932358995876,23.67136103677466,0.23339172168373395,0.3513652561239159,0.3090298605725734,51.83712823894044,130.66667,104.10183717440556,59.727862186610366,-7.938161430268611,-5.388889,55.64477257719324,0.050276308739818074,-1.6040923806396936
SKY,99.28141820099066,31.176914536239796,0.05025185257152363,0.31622776601683794,0.29855573531023055,50.773226281024606,127.55556,102.92332351540539,58.088077512398534,-8.301048844930744,-6.6666665,55.01483052896295,0.055594235618452566,-1.577947673090746
SKY,80.94566078549238,50.229473419497445,0.14293721176377028,0.2459551891337038,0.07332904149637995,51.17919036219436,127.888885,103.55185659106647,58.98250470339845,-9.208266769213639,-5.2777775,55.35079558973138,0.056604173609034164,-1.6354488894300547
SKY,69.31810730249347,15.588457268119898,0.07258498480143222,0.4567737103525213,0.08904246738285677,51.97711494080887,132.55556,103.63043029659194,59.6781678118784,-6.078363481156216,-6.111111,55.39279500197218,0.044038146868014556,-1.5179574408816605
SKY,3.1304951684997055,10.392304845413266,0.21999066705456763,0.29865982734410235,0.13225694829721593,52.397071266769416,133.33334,104.33753707777848,60.37383539249432,-6.486611771620079,-5.4444445,55.77075947498141,0.04309002900159329,-1.5659668093437118
SKY,77.36795202149273,65.24058041842773,0.09045340337332909,0.42163704243763495,0.37712362841793834,50.31127054282327,124.666664,103.00189014986303,57.690553819494575,-10.342290297250058,-6.1666665,55.05682616155901,0.06445871567874262,-1.6330993150175281
SKY,62.162689774494154,9.237604307034013,0.10720507819695195,0.29866061791351733,0.022260909411144905,53.0690127272405,134.66667,105.98745054352449,61.11919287570624,-7.030942281240843,-5.611111,56.65267531878803,0.04540401053170109,-1.5788949840455015
SKY,92.12600067299134,15.011106998930272,0.45114810826691737,0.597318041926598,0.49759535527233867,51.79512882669965,131.44444,103.7875564944394,59.42971829889841,-6.849499594530502,-6.2222225,55.47678248751956,0.04701446336061126,-1.5433082089366918
SKY,28.621670111997307,10.96965511460289,0.04578553185804531,0.5270478999972621,0.10999387513932059,52.075102230436514,131.55556,103.55185659106647,60.52290957241827,-7.620634483159916,-3.66666675,55.35079558973138,0.04539882106513891,-1.6677831854774408
SKY,108.67290370648978,27.712812921102042,0.06253540967405449,0.4040698627115378,0.44652746713894315,50.96920841956936,127.55556,103.31615668769356,58.53529110789849,-8.936101922651547,-5.9444445,55.224808691943224,0.05678159218664091,-1.6110917478239466
SKY,69.76532089799343,18.475208614068027,0.049135549029812695,0.8257053240103427,0.3679564132639235,51.515159202607535,129.77779,103.47329702767665,59.38003286843836,-7.983521897822049,-5.2777775,55.308803736780064,0.05055989224728774,-1.6127373267251242
SKY,82.28730157199226,8.660254037844387,0.07593571655508624,0.24595359534576305,0.041902801370792025,53.20899564946419,134.33334,106.14458381243975,61.665786276398194,-7.89280055446688,-4.3333335,56.73666658398013,0.04699063939795179,-1.6464784117136806
SKY,109.5673308974897,10.392304845413266,0.3082114392235673,0.36893319479665154,0.07463889670445162,52.1171016426773,131.44444,104.5732369811514,60.07569597691832,-7.89280055446688,-5.3333335,55.89674637276957,0.04973804961169185,-1.608745708945326
SKY,85.41779674049197,27.135462651912416,0.11613847641738347,0.3513636433623092,0.13618517041854672,51.30517725998252,129.0,103.47329702767665,58.98250470339845,-8.255687152632433,-5.7777775,55.308803736780064,0.05294960671651188,-1.5998677004648165
SKY,80.49844718999243,56.00297611139371,0.09938761265927752,0.31622776601683794,0.2357022721806288,50.787229864749605,126.55556,102.84474980987991,58.63467091309049,-9.571154592124063,-4.888889,54.97283111672216,0.05807058698867853,-1.6590381837824724
SKY,54.56005865099487,6.350852961085884,0.09380493413204626,0.913547389082266,1.7860994033754112,54.216902170703705,136.88889,106.69455732471103,63.752784546109986,-8.02888277362378,-1.33333335,57.030639791797256,0.041489351367453554,-1.7830741884334607
SKY,64.8459713474939,19.62990915244728,0.10273734339526756,0.5973196546882047,0.4033141211309678,51.79512882669965,131.44444,103.70899693104957,59.4794082014944,-6.849499594530502,-6.0555555,55.43479063456824,0.04675112789589145,-1.555635272163795
SKY,86.31222393149189,20.207259421636905,0.08598598515855652,0.22838645989155312,0.10082753679771439,51.58515066371938,131.22223,103.394730393219,59.03219460599445,-6.4412508958183485,-6.7222225,55.26680810418401,0.04621330703708882,-1.5180486576564334
SKY,80.94566078549238,8.660254037844387,0.06365230719311424,0.4567728881603296,0.4347403860052931,53.02701709464444,133.88889,105.75175064015158,61.46702219387823,-7.847438862168569,-4.2777775,56.52668842099986,0.04679607733437515,-1.6479569012824637
SKY,105.09519494249011,12.701705922171769,0.1172523950043588,0.31622776601683794,0.17284668065961578,52.019106793760194,132.11111,104.5732369811514,59.42971829889841,-6.75877702643046,-7.111111,55.89674637276957,0.04903900109629396,-1.5175952607883365
SKY,107.3312629199899,15.011106998930272,0.3037426491321769,0.281091085452841,0.0733307491592565,51.73913716966807,131.0,103.63043029659194,59.5290981040904,-7.212386192696053,-5.6666665,55.39279500197218,0.04745007355216238,-1.5773606330410048
SKY,76.92073842599277,17.8978583448784,0.1261875027941141,0.21081769902662584,0.25141528087410475,51.55715483520359,130.77779,102.84474980987991,59.4794082014944,-6.894860470332232,-5.111111,54.97283111672216,0.04503865983207099,-1.5920535341366022
SKY,93.4676414594912,6.350852961085884,0.07705394675428903,0.6851601702440744,1.3631435529193558,53.502972636926046,135.11111,106.14458381243975,62.36144938487815,-7.89280055446688,-3.16666675,56.73666658398013,0.04464794049402256,-1.6981783118881006
SKY,80.05123359449247,58.31237718815221,0.1161382804350095,0.19324977300300086,0.1165428011618223,50.99720424808515,126.44444,104.10183717440556,58.63467091309049,-10.38765117305179,-5.7222225,55.64477257719324,0.06310484360040582,-1.6466640272437423
SKY,77.81516561699267,44.45597072760119,0.09380251601106275,0.40406828157270774,0.4779488883318173,51.37516872109437,128.55556,104.18040380886319,58.98250470339845,-9.026822857758427,-6.0555555,55.68676820978929,0.05696838436120932,-1.6101853076411436
SKY,80.94566078549238,66.39528095680697,0.00893380586376939,0.4567737103525213,0.4347420123508898,50.18527986539038,123.22222,102.7661902464901,58.03839208193849,-11.703117387798548,-4.5,54.930839263770835,0.0680364915247816,-1.7009288158455602
SKY,86.75943752699183,32.908965343808674,0.1261869841946014,0.3689323726044599,0.13749349474043712,51.389172304819375,129.88889,103.394730393219,58.9328192729384,-7.439190571704706,-6.2777775,55.26680810418401,0.04995171037907791,-1.5662740472401373
SKY,32.19937887599697,17.8978583448784,0.4511500982417916,0.42163704243763495,0.25141460912266267,51.37516872109437,129.88889,102.92332351540539,59.1812687859184,-7.3938296959029755,-5.388889,55.01483052896295,0.048127441152450434,-1.5945342768570385
SKY,28.17445651649735,7.505553499465136,0.30486294468409003,0.29865982734410235,0.2422500951165519,53.600963706198414,137.11111,105.28034376233794,62.36144938487815,-5.760836942295813,-3.5555555,56.2747108457788,0.035690220871206726,-1.6099172434603957
SKY,112.6978260659894,15.588457268119898,0.17978902278424538,0.3162269564737569,0.2042740627626553,51.515159202607535,130.33334,102.92332351540539,59.4794082014944,-7.303108760796095,-4.9444445,55.01483052896295,0.04672044904324015,-1.6009807572490822
SKY,45.16857314549575,24.248711305964285,0.18314036359081545,0.36893319479665154,0.26320006391071604,51.80913241042465,130.44444,104.25896337225302,59.62848238141836,-8.11960534172382,-5.611111,55.72876006274061,0.05156484380627952,-1.6006139809616806
SKY,109.5673308974897,27.135462651912416,0.0368515155393574,0.3162269564737569,0.1728480701244408,50.941208811408835,127.44444,103.08044971325285,58.63467091309049,-8.981462390204987,-5.5,55.09881801451033,0.0562187649324323,-1.6280710786965105
SKY,110.90897168398956,30.59956426705017,0.0859875379419811,0.26352312780643944,0.24749025487542498,50.941208811408835,128.22223,103.08044971325285,58.286841594918485,-8.02888277362378,-6.6666665,55.09881801451033,0.05416595166996053,-1.5680006605784385
SKY,112.6978260659894,20.78460969082653,0.05918671312197635,0.31622776601683794,0.07856505053844744,51.137194729598306,128.55556,103.31615668769356,58.684365287822445,-8.255687152632433,-6.111111,55.224808691943224,0.05367915072698692,-1.5889792459840373
SKY,83.18172876299218,26.55811238272279,0.12060330766481958,0.33379731745118024,0.30509822666102343,51.22118599479042,129.44444,102.92332351540539,58.83343499561045,-7.439190571704706,-5.9444445,55.01483052896295,0.04948548573363325,-1.5786975598321944
SKY,108.67290370648978,23.67136103677466,0.10720507819695195,0.0878413156121178,0.053687768255166364,51.10919890108251,128.44444,103.15902341877829,58.73405519041844,-8.301048844930744,-5.8333335,55.14081742675112,0.05345651885487513,-1.605291704451264
SKY,42.03807797699604,7.505553499465136,0.15298877083579535,0.5270454650434638,0.43997622887726695,53.516968661361574,134.88889,105.98745054352449,62.60990336999411,-8.2103262768307,-2.38888885,56.65267531878803,0.044762257233304265,-1.7318918904228693
SKY,100.62305898749054,12.701705922171769,0.07705394675428903,0.22838645989155312,0.03797478077489388,52.145101250837826,133.0,103.94469683442247,59.87693189439836,-6.078363481156216,-6.111111,55.5607775323564,0.04256757440193204,-1.5261511821300155
GRASS,89.44271909999159,141.45081595145834,0.2780606665794044,0.3337958628034565,0.1793957481034737,6.089427200743691,11.888889,10.606601717798211,9.590247351951096,-5.171145148625029,8.0,8.105238353400358,0.19918015216066562,1.7202373564553526
GRASS,112.25061247048944,124.13030787576956,0.613072906502069,0.8784105314307201,0.8904302246168,4.68955942613047,9.222222,8.171011300874115,7.354179374451307,-3.9010389931834193,6.0555555,6.215415988354222,0.1972430643603014,1.723798346205408
GRASS,68.42368011149357,120.08885599144217,0.7325604051037827,0.6148872455103976,1.0907779002002218,6.3694013604094915,13.0,11.31370849898476,9.639937254547094,-4.717535574111145,7.0555555,8.147233985996412,0.1775031904190119,1.7559521886022351
GRASS,109.5673308974897,143.76021702821683,0.3886148061571615,0.47434161740248026,0.21606052871340578,5.571476403830508,10.777778,10.842303742491467,8.099534621595243,-4.853618609764627,5.0555555,6.845356146762144,0.18166359613726824,1.9399865571902928
GRASS,45.16857314549575,113.7380030303563,2.2736186565113257,1.5635707016747944,2.269288801483958,8.035245002466144,17.444445,13.277894866522345,12.323218827546842,-4.672175106557705,9.444445,10.415020824051775,0.176598423649684,1.5861071196602137
GRASS,100.17584539199058,139.71876514388944,0.25014255529070545,0.7027282986534696,1.1575600698192994,4.437582984802827,8.666667,7.6210399099231845,7.056036828380135,-3.7649563657782283,6.0555555,5.963439547026579,0.2032796742200306,1.6875789226594706
GRASS,85.86501033599193,137.98671433632057,0.7336772634263677,0.7202966484223011,0.46223821309071933,5.725462153850252,12.222222,10.292331644433757,8.34798771228401,-3.583512862571307,5.2777775,7.055337333458206,0.15397749239492087,1.7553536934226386
GRASS,97.04535022349087,120.08885599144217,0.653274258306387,0.8432740532524934,0.8642421007114874,6.075428908521321,12.666667,10.21376500997612,9.441175408095116,-4.173204656242091,7.5555555,7.979249565789827,0.17983780638441607,1.634075970903703
GRASS,88.10107831349171,132.21321164442432,0.4746007762401508,0.3689322461133535,0.20034682705528428,6.705369444893717,14.111111,12.649355426900216,9.490865757904713,-4.445370319300764,5.2222225,8.021245576350355,0.15013711719774026,1.8749678765281552
GRASS,9.391485505499116,124.70765814495918,0.2110573261212916,0.26352312780643944,0.16891994346252548,6.2574116209502755,13.111111,9.899494936611664,10.087150850047053,-4.218565532043821,9.0,8.525198459005638,0.19086047664668554,1.5622170927937575
GRASS,63.50433056099403,120.08885599144217,0.7962126158132666,0.7905692569282118,0.4674760358616805,7.01334056696873,15.444445,10.528034376233794,11.32941138414133,-3.810317241579958,10.166667,9.575100234876738,0.19717410402387528,1.4864886435344469
GRASS,42.03807797699604,124.13030787576956,1.5365908784194717,0.5094781272034836,0.3993842691285064,6.495389014126603,14.333333,10.135196961304919,10.236222793903032,-3.492790702719556,8.555555,8.65118724661617,0.1808495108686999,1.4885988623015418
GRASS,104.2007677514902,121.82090679901106,1.8358692902815614,0.5270462556128789,0.6128258652432281,5.837451515344994,12.444445,10.76373640092705,8.34798771228401,-3.6742346141747677,4.8333335,7.055337333458206,0.15000504160658126,1.8066327236408968
GRASS,32.19937887599697,110.27390141521853,0.1529891175738416,0.9838198078515171,1.6289642252718273,5.739460446072622,12.111111,10.528034376233794,8.298296468047221,-3.7649563657782283,5.0555555,7.01334056696873,0.15669013801260118,1.7998193962507738
GRASS,71.55417527999327,121.24355652982143,0.3405959586640345,0.3865005326366317,0.3561723373340934,6.6073791315502906,13.777778,11.31370849898476,10.136841199856649,-4.536092070904224,7.7777775,8.567194469566168,0.18064659217187773,1.687476038622808
GRASS,17.44133022449836,142.02816622064796,0.9838204518908967,0.5797509254460539,0.8603134507905541,5.809453797006835,12.555555,9.270955496989535,9.143033756451139,-3.447430235166116,7.611111,7.727273880391131,0.17613002107402928,1.5348056741569922
GRASS,15.20526224699857,113.16065276116666,0.608605925478746,0.7554329052410915,0.4308117360843597,5.935442206652893,12.444445,10.68516905936263,8.74551006354718,-3.99176115303517,5.7777775,7.391305039977957,0.16333661752464962,1.7760867713538098
GRASS,95.70370943699099,136.2546635287517,0.07705296684241916,1.1946381077108985,0.4818805081012317,6.271410291137119,12.888889,10.370899693104956,9.938079353404671,-4.536092070904224,8.444445,8.399210049359581,0.1876495098638116,1.6310680093672134
GRASS,71.10696168449331,103.92304845413265,0.2635432390609179,1.036524414439139,1.200772390522442,8.035245002466144,18.11111,12.806488695815492,12.323218827546842,-3.8556785256299793,9.444445,10.415020824051775,0.1604877864228677,1.4947659648043383
GRASS,26.832815729997474,104.50039872332228,0.36181376424898865,0.8432740532524934,0.738533258192907,7.419302758316116,17.11111,12.649355426900216,10.68343638940299,-3.08454253473018,6.388889,9.029151719625398,0.12776484117421105,1.5479524155648468
GRASS,8.94427190999916,143.1828667590272,0.251259383462156,0.5270463504812086,0.5656851421065255,5.081522569326539,10.555555,8.563848715802987,7.900774116784051,-3.5381519867695768,6.3333335,6.677372860448978,0.18042268126888283,1.6558153324951803
GRASS,88.10107831349171,136.2546635287517,2.0592103212459425,1.0540925428485344,2.687005061402099,6.075428908521321,13.111111,11.785113962584834,8.248606565451222,-3.628873738373038,3.5555555,7.01334056696873,0.1309123170429319,1.9726866395755864
GRASS,77.81516561699267,102.7683479157534,0.8096134985809667,1.5811388300841898,3.676955262170047,7.391305039977957,17.0,12.806488695815492,10.534364445547011,-3.1299034921815685,6.0,8.903162932014865,0.13369975019018762,1.6080509765328104
GRASS,51.87677707799512,141.45081595145834,0.16638945762112126,0.7027282986534696,1.393261634893147,5.375494643250238,11.111111,9.270955496989535,8.248606565451222,-3.810317241579958,6.3333335,6.971344934372676,0.1742768037113651,1.693825716096507
GRASS,51.42956348249516,116.62475437630442,0.07258597978886931,0.7554330317321979,0.9179289002303637,5.725462153850252,11.666667,9.899494936611664,8.844891657593562,-4.263926816093842,6.9444445,7.47529781702796,0.18332713232553707,1.697860255257923
GRASS,9.391485505499116,133.9452624519932,0.8096138000923111,0.7202966484223011,0.8393618061533185,5.123518201922595,11.333333,8.720983398931825,7.602631123499285,-2.7216552017177054,5.1666665,6.425396041156862,0.14664931625497993,1.6144289382777566
GRASS,109.12011730198974,121.82090679901106,0.4020151462044411,0.6324555952792291,0.817101483640802,5.151515920260754,10.777778,9.113820813860698,7.702012270332072,-3.492790702719556,5.388889,6.509388440242391,0.16761856248175497,1.7260596736916425
GRASS,72.89581606649314,102.19099764656377,0.21105794120443452,0.7905694150420949,0.27891459288377146,9.267128734837252,21.222221,15.163512478281953,13.813931557902695,-4.037122028836901,9.555555,11.674903030689988,0.14361768212390144,1.5028959250210305
GRASS,84.07615595399209,107.3871500692704,0.04913501233961935,0.24595498991021122,0.07332962485947442,6.999341896781888,15.333333,12.885056037379911,9.838699100999074,-3.9010389931834193,5.2222225,8.315218406202998,0.13500603874196324,1.8295655400576605
GRASS,38.46036921299638,112.00595222278741,0.384147855284973,0.5973190854782258,0.1361835476084839,6.341404398000279,13.222222,11.785113962584834,9.143033756451139,-4.3546485676973035,5.5,7.727273880391131,0.15747809259078444,1.83360333191027
GRASS,51.87677707799512,121.82090679901106,0.3405960491174379,0.5094781272034836,0.6036594986173507,5.193511930821281,11.111111,8.720983398931825,7.950464466593646,-3.2206254479091743,6.0555555,6.719368871009506,0.16785984763293507,1.620717451014883
GRASS,65.29318494299386,137.40936406713095,0.179790210738943,0.8432739900069401,0.6599659519838277,6.719368871009506,15.0,11.706545206806851,9.739318848593477,-3.4020689511160955,6.0,8.231226763046415,0.14098659037749656,1.6528425848763937
GRASS,57.243340223994615,101.03629710818453,1.2696973176603286,0.860841991925229,1.5307544826308792,8.987155709064869,20.88889,15.399215210081987,12.820122772856397,-3.5381519867695768,7.3333335,10.834981307621531,0.12743516872801636,1.6005631399841134
GRASS,73.3430296619931,102.7683479157534,0.260193698277075,0.7905694782876481,0.5146168650644003,9.001154379251712,20.222221,14.927809039375134,13.466097767594738,-4.400009443499033,9.444445,11.38092982287287,0.1472282074215389,1.5487796597881571
GRASS,90.3371462909915,120.08885599144217,0.42099920499309085,0.5797509254460539,1.080301547551518,7.27931605644769,15.555555,12.492220743771382,10.98157804104697,-4.536092070904224,7.9444445,9.281127405024094,0.1649619571997268,1.694772814919228
GRASS,49.64070910049533,135.67731325956208,0.3941980726315147,0.8608420551707823,0.902216103668922,5.907444866279208,11.777778,11.235141157420342,8.596438566904798,-4.717535574111145,5.388889,7.265316630331901,0.17356167339507303,1.888520567939089
GRASS,20.12461179749811,106.80979980008078,1.1222919791301258,0.6148872455103976,0.9493565086075731,7.055336577529259,14.666667,12.099381914628944,10.832506544404588,-4.898979485566357,8.333333,9.155138995378037,0.17927531006826813,1.6700636755574454
GRASS,35.77708763999664,106.23244953089116,3.573468435279346,1.3176157971460802,2.070249662354461,6.663373812297662,13.555555,12.099381914628944,9.938079353404671,-4.989701237169817,6.888889,8.399210049359581,0.17814886846392283,1.7849305558661097
GRASS,87.65386471799175,105.0777489925119,0.13065464663356308,0.19325017144998605,0.1322551451749239,7.517293827588489,16.88889,12.806488695815492,11.031268390856566,-3.6742346141747677,7.1666665,9.323123415584622,0.14082603175244013,1.6063293836526553
GRASS,2.6832815729997477,125.2850084141488,1.5365911497796818,1.2473427142985203,4.422037213040218,5.501482674931822,11.444445,9.428090180118373,8.4473684119032,-3.810317241579958,6.5,7.139329354579261,0.1768013691793219,1.6715089311075126
GRASS,11.627553482998906,121.82090679901106,0.44221664876443145,0.5270463504812086,0.6442528018689955,6.187418270016063,13.777778,10.370899693104956,9.242414903283924,-3.175264449632957,6.4444445,7.81126627947666,0.14930473642098002,1.5832361247072402
GRASS,52.323990673495075,142.02816622064796,1.6940467358075606,0.8432739900069401,2.074179655778279,5.837451515344994,12.0,10.135196961304919,8.94427190999916,-4.218565532043821,6.8333335,7.559289460184544,0.17707632504210719,1.6940100588343623
GRASS,72.44860247099318,131.05851110604507,0.30039459781437616,1.0013879362609124,3.044488197931817,5.277503951942338,10.111111,10.21376500997612,7.751702620141668,-4.717535574111145,5.0555555,6.593380461363449,0.19028994837436242,1.9141743312498587
GRASS,100.62305898749054,128.17175976009693,0.1440555173408092,0.5621827021683289,0.6075880778276059,5.2915026221291805,10.777778,9.66379291191841,7.851082872547263,-3.94640027723344,5.3333335,6.635376093959503,0.1725024748269471,1.8082903233573542
WINDOW,42.03807797699604,78.51963660978912,0.008933671691221055,0.07027284567673527,0.010475658623397915,0.9659092255997794,1.0,4.085505791858413,0.39752320096900257,-1.905158620789979,-2.5,2.1837947035449647,0.37883014225137956,-1.4645889808356745
WINDOW,94.36206865049112,80.25168741735799,0.026801011757038376,0.08784105946762732,0.022260789202992105,1.9738144995565345,3.2222223,6.756797738501019,1.2919503472475589,-2.4494897427831783,-3.5,3.611660309885686,0.3115312132768403,-1.4457293116105796
WINDOW,87.20665112249179,78.51963660978912,0.157455905629904,0.36893240422723644,0.16891984800311002,0.9239131394463566,0.6666667,4.085505791858413,0.39752320096900257,-2.1773242838486517,-2.33333325,2.1837947035449647,0.4074809930504833,-1.5063774359688809
WINDOW,16.54690303349844,75.05553499465135,0.29034428096909076,0.4040687875371333,0.3365305019429888,0.6159420929642376,1.1111112,2.1213203435596424,0.34783280643804715,-0.6350529144214888,-1.2777778,1.1338934190276815,0.3826160647211721,-1.3858044867787536
WINDOW,57.690553819494575,78.51963660978912,0.46901817309075566,0.26352312780643944,0.04321207321576922,2.337780188989577,3.6666667,7.542472568358767,1.8882352157831022,-3.08454253473018,-2.9444445,4.031621171419914,0.2941521038798839,-1.5381662698452596
WINDOW,42.03807797699604,80.82903768654762,0.010050376544531617,0.10540923847346513,0.015713480333698973,1.1478921270109717,1.7777778,4.321208028683704,0.5465943845618687,-1.5422712877775047,-2.72222235,2.3097828486158916,0.35682438013004236,-1.4041510086127416
WINDOW,40.24922359499622,77.36493607140986,0.0055835462768809635,0.29865953009000223,0.05368789553438698,0.7979250321718772,1.0,3.299831881239482,0.2981424119070918,-1.3608276212712673,-2.16666675,1.7638343333645514,0.3942104975652883,-1.4235074203516203
WINDOW,71.10696168449331,79.67433714816836,0.050251891767998415,0.10540927642079705,0.047140454436125766,1.0079052739567549,1.1111112,4.164073345554866,0.4472135954999579,-1.905158620789979,-2.5,2.225790827494835,0.36977938431215596,-1.4692376422365512
WINDOW,75.57909763949289,78.51963660978912,0.018984055773536283,0.26352312780643944,0.07463905580347739,0.7839262863921399,0.6666667,3.4569665643683187,0.2981424119070918,-1.7237150359334001,-2.11111115,1.8478263544856077,0.39243584668708154,-1.4809610484045554
WINDOW,54.11284505549491,77.36493607140986,0.008933673801800466,0.26352312780643944,0.027498626116088963,0.6299407631510805,0.6666667,2.82842712474619,0.14907120148140993,-1.2247448713915892,-2.0,1.5118578920369088,0.41905570824717386,-1.4235074203516203
WINDOW,18.78297101099823,77.9422863405995,0.04578505848523432,0.14054567554208222,0.05761609997804823,0.9099145070559612,1.3333334,3.614101247497156,0.34783280643804715,-1.3154667454695368,-2.4444445,1.9318183756066643,0.3800132413461388,-1.3945463772038849
WINDOW,15.20526224699857,75.63288526384099,0.05360200843850952,0.22838669706237763,0.19510907499500119,0.3079710464821188,0.33333334,1.3356460793873202,0.09938079800618266,-0.5896919569701005,-0.8888889,0.7139328598650315,0.4140866509055345,-1.4539212850919818
WINDOW,52.323990673495075,79.09698687897874,0.022334169428933938,0.21081852121881747,0.06285392274900946,1.1758895051811045,1.5555556,4.478343065365931,0.6459751736237794,-1.905158620789979,-2.5,2.3937750587191844,0.34546657694357713,-1.4672964927008378
WINDOW,99.72863179649062,81.40638795573724,0.5449538956760688,0.24595490452871438,0.0576162025085315,3.723649671380428,6.0,11.706545206806851,3.1304951684997055,-4.717535574111145,-4.2777775,6.2574116209502755,0.2863167428012864,-1.549739062268871
WINDOW,20.571825392998065,75.63288526384099,0.01898405275842284,0.5621826705455523,0.6547286241876132,0.5319499962502866,0.7777778,1.964185448298771,0.2981424119070918,-0.7711356234763377,-1.11111115,1.0499012845172833,0.344520098562197,-1.4505195357890495
WINDOW,25.043961347997644,80.82903768654762,0.1395885121965787,0.08784104049396137,0.022260760918720857,2.099802531238119,3.6666667,6.678231104043382,1.5900928038760103,-2.3134069112538422,-3.0,3.5696646772896305,0.28588294561365146,-1.4653148966572405
WINDOW,19.23018460649819,79.09698687897874,0.023450887548743662,0.4392052024698068,0.6193731083515907,0.6299407631510805,0.6666667,2.6712922294853185,0.24845201737613645,-1.2247448713915892,-1.66666665,1.4278657575265103,0.41053735362125693,-1.4645889808356745
WINDOW,76.02631123499285,80.25168741735799,0.15298914772497604,0.22838669706237763,0.1008281378384784,1.5818512429711225,1.8888888,6.049690957314472,0.9441176302522307,-2.812377157445311,-3.11111115,3.233695836876459,0.3515882602455783,-1.5044304881575619
WINDOW,53.218417864494995,79.67433714816836,0.15633921012344512,0.22838674449654253,0.1008281944070209,1.3438736986090065,1.7777778,5.1068823635667036,0.7453559626856903,-2.1773242838486517,-2.83333325,2.729743445574989,0.34860179021550936,-1.4645889808356745
WINDOW,46.51021393199562,79.09698687897874,0.04578504039455365,0.08784105314307201,0.05368771875769169,1.3998683793563775,2.1111112,5.028314809870251,0.8447367517476009,-1.9505195782413676,-2.72222235,2.687747321625119,0.3273256481309584,-1.4555444487081954
WINDOW,23.70232056149777,77.36493607140986,0.09045340337332909,0.08784101203346242,0.006547277049487977,2.631752640877748,4.666667,7.93530927618086,2.23606797749979,-2.812377157445311,-2.9444445,4.241601224222555,0.26261907326118183,-1.512118648057369
WINDOW,24.149534156997728,76.78758580222024,0.30374475971158893,0.15811390198208491,0.12177945013552675,2.0298092181003526,3.6666667,6.363961030678928,1.5404023646236953,-2.0866023281210455,-2.88888885,3.401680257083045,0.28195538165389217,-1.4481549000020835
WINDOW,4.024922359499621,75.05553499465135,0.005583548387460376,0.8257057983519918,2.20643655457802,0.6579381791176605,1.0,2.2784552388205137,0.4472135954999579,-0.9072184550056738,-1.11111115,1.21788555353808,0.24638155259305025,-1.4809610484045554
WINDOW,30.41052449399714,77.9422863405995,0.14405546608388065,0.10540927642079705,0.09428091594331935,2.3517789725657616,4.0,7.38533788522993,1.8882352157831022,-2.7216552017177054,-3.0,3.947629150298858,0.27619580720016734,-1.502967059963218
WINDOW,48.299068313995456,79.67433714816836,0.01898403888890099,0.15811388300841897,0.04321208382237094,1.20388684555479,1.4444444,4.714045090059186,0.6459751736237794,-2.1319633263972633,-2.61111115,2.5197630904007693,0.35759340415672813,-1.4763187509647093
WINDOW,42.93250516799596,77.9422863405995,0.01898403768285561,0.052704619236732565,0.011785109719944144,0.7279316056447689,1.0,3.1426969859786107,0.14907120148140993,-1.1340229973136415,-2.38888885,1.679842198854153,0.41491483234663296,-1.3656580246332553
WINDOW,37.56594202199646,77.36493607140986,0.035734661437931275,0.22838669706237763,0.05368775411303075,0.7979250321718772,1.0,3.299831881239482,0.2981424119070918,-1.3608276212712673,-2.16666675,1.7638343333645514,0.39089782099438974,-1.4235074203516203
WINDOW,4.47213595499958,79.09698687897874,0.022334184504501167,0.08784105314307201,0.006547282352788837,0.3499670948390944,0.11111111,1.8856181067343525,0.0,-0.9979402474339635,-1.38888885,1.0079052739567549,0.4472135954999579,-1.4539212850919818
CEMENT,42.93250516799596,71.01408311032398,0.04578519115022593,0.5797509254460539,0.734605315378755,8.175231704334571,14.777778,24.19876382925789,7.105727178189731,-8.391770188285912,-8.6111105,12.934783347505835,0.25023666795033855,-1.520109166816811
CEMENT,48.746281909495416,75.05553499465135,0.22334166413820492,3.0920048935485855,7.694369711559355,4.9275368193067965,9.888889,13.356462208086764,4.621207451641962,-3.8556785256299793,-4.0555555,7.139329354579261,0.2451285495411785,-1.5113492451687598
CEMENT,81.8400879764923,88.33459118601276,3.6985380546123037,0.9486833612960671,2.4355910179648617,10.583005244258361,21.333334,27.420031197360075,10.68343638940299,-8.16496580927726,-6.1666665,14.65662318216775,0.20023779442547923,-1.585857581677133
CEMENT,29.516097302997224,92.37604307034013,1.2194466530435024,0.8784105314307201,0.1518969664238929,8.637188198464855,18.222221,22.313146924605064,8.397678062093604,-5.670115190692353,-6.111111,11.926878716088684,0.19051920795195953,-1.5123075162786237
CEMENT,44.274145954495836,90.06664199358163,0.7962128871734768,0.7905694150420949,1.8345494761388368,7.937253933193771,16.777779,20.663230630431933,7.602631123499285,-5.171145148625029,-6.0,11.044961360424173,0.19289243633919914,-1.4915460833655274
CEMENT,25.93838853899756,84.29313930168537,2.1273299652457665,0.7905696364015311,1.6459873260541467,8.595191809939854,18.11111,22.313146924605064,8.298296468047221,-5.670115190692353,-6.2777775,11.926878716088684,0.19222368207276044,-1.5025106932466403
CEMENT,97.04535022349087,85.44783984006463,0.7694129307061445,0.3337958944262332,0.1793957481034737,10.988967057641274,21.444445,29.3842161506841,10.832506544404588,-9.34435021311541,-7.2777775,15.706524202109902,0.21634887886589105,-1.5824848237522293
CEMENT,19.677398201998148,72.16878364870323,0.06365238257095038,0.1405456375947503,0.05761605755164136,6.887352157322673,14.888889,17.52053555364163,6.7082039324993685,-4.08248290463863,-4.8333335,9.365120182074095,0.1782993424224007,-1.4878112160579782
CEMENT,61.268262583494234,84.870489570875,0.3841482472497209,0.6500237553114009,0.9964963832161384,10.289032414405717,20.555555,27.341463148688877,10.037460947451054,-8.16496580927726,-7.1666665,14.61462679364275,0.20936961877315916,-1.5588697907129767
CEMENT,20.12461179749811,86.02519010925425,1.0016879237171716,0.2108183947277111,0.09428077452196312,6.355403068187122,13.444445,16.813428772455083,5.913157441118645,-4.127843780440361,-5.388889,8.987155709064869,0.20274035698453743,-1.4631816262090789
CEMENT,97.04535022349087,75.05553499465135,0.763828729546623,0.4567735206158617,0.16761057615813282,8.0772406350622,15.777778,22.54885036351188,7.354179374451307,-6.849499594530502,-7.388889,12.052867503699215,0.22604025239212458,-1.5096190255858741
CEMENT,36.22430123549659,91.22134253196089,0.3450630904430298,0.4567735206158617,0.6233014754298115,7.951252603380614,16.777779,20.506096654409877,7.751702620141668,-5.216506024426759,-5.5555555,10.960969717267588,0.18745385391578034,-1.5151184071551966
CEMENT,52.771204268995035,72.74613391789286,0.12060445943815586,0.5797509886916071,0.7503189251129948,7.769269512987185,16.11111,20.270393922609838,7.552941220903285,-5.443310403435411,-5.5,10.834981307621531,0.19546722389393062,-1.5265054426273903
CEMENT,44.274145954495836,86.02519010925425,1.3802510954244718,0.6675919153435729,0.5604474254015814,8.0772406350622,16.666668,21.213203435596423,7.801392969951264,-5.760836942295813,-5.888889,11.338934190276817,0.1990870154572668,-1.5144723236892261
CEMENT,57.690553819494575,90.64399226277126,1.067573428955943,0.7027282986534696,0.6075878656955715,8.749177559959596,18.222221,22.62741699796952,8.596438566904798,-6.033002605354485,-5.888889,12.09486313629527,0.19240871222576258,-1.533974823689098
CEMENT,47.851854718495495,84.29313930168537,0.3037448501649923,0.6675919153435729,0.4661661912602106,8.0772406350622,16.777779,20.977500703796387,7.900774116784051,-5.624754314890622,-5.5555555,11.212945780630758,0.19354781891913245,-1.5308653923295086
CEMENT,5.366563145999495,88.91194145520238,0.9201669145314966,0.7378647768316964,1.1313715570052572,7.447299720725329,14.888889,20.19182658104542,7.006346478570539,-5.8969199779492945,-6.0555555,10.792985297061001,0.21453521307361287,-1.5149969262101883
CEMENT,18.335757415498275,86.60254037844388,0.5851551268758489,0.6851601702440744,0.5303299091132153,7.839262863921398,16.222223,20.663230630431933,7.503250871093688,-5.534032155038871,-5.9444445,11.044961360424173,0.1974773014252164,-1.5095849430390211
CEMENT,6.260990336999411,84.29313930168537,0.1429386288670898,0.35136421257228806,0.261891386035435,4.003623453081756,8.0,11.078006474291504,3.627399561022855,-3.175264449632957,-3.72222235,5.92144353646605,0.2181795298305263,-1.4912251275975466
CEMENT,72.89581606649314,87.1798906476335,3.333377966705519,0.49190990392575856,0.7961506875317039,11.520917280670245,23.11111,30.248458322106266,11.428791636546926,-9.026822857758427,-7.388889,16.16848107420466,0.2045768083095063,-1.569512242744581
CEMENT,94.80928224599108,87.75724091682312,2.304885865362191,0.7554329052410915,1.1536321623604862,10.037056351042548,20.333334,26.63435636750233,9.68962760435669,-7.620634483159916,-7.3333335,14.236662320633522,0.20725238886439157,-1.531403359168635
CEMENT,27.72724292099739,80.82903768654762,0.3037446692581856,0.43920526571536006,0.2422495683219999,8.693182879212225,17.88889,22.784550266884793,8.4473684119032,-6.259806984363137,-6.1666665,12.178854401487381,0.19872074752255237,-1.5324858689399536
CEMENT,26.832815729997474,72.74613391789286,0.18425700181011886,0.17568211893525465,0.0576160787648448,7.601285092780599,16.444445,19.32758582383682,7.403869277047305,-4.4907311951024935,-5.3333335,10.331029180895193,0.18154003102083158,-1.4878250753508893
CEMENT,9.391485505499116,71.01408311032398,0.11613797289343802,0.31622776601683794,0.12570774650306957,7.293314726634532,15.666667,18.62047904265027,7.105727178189731,-4.445370319300764,-5.111111,9.953064707885964,0.18287158714075294,-1.4960495757442263
CEMENT,26.385602134497518,80.25168741735799,2.099408929297025,0.5270462556128789,0.28284280086296665,6.187418270016063,12.444445,16.734860016677104,5.813776741499453,-4.808257733962896,-5.0555555,8.945158942575395,0.21588120524839696,-1.4978099887866685
CEMENT,102.41191336949036,84.870489570875,4.240143787411374,0.7905694150420949,0.4517627796808312,10.31703051070835,20.88889,27.341463148688877,9.987770597641457,-7.847438862168569,-7.4444445,14.61462679364275,0.2045577480660661,-1.5375807854304369
CEMENT,30.41052449399714,90.64399226277126,4.325013200683123,0.43920526571536006,0.5879459595937888,8.105238353400358,16.88889,21.213203435596423,7.801392969951264,-5.579393439088892,-6.0,11.338934190276817,0.19627389883322152,-1.5091780030864483
CEMENT,60.82104898799428,74.47818472546173,0.9302190917017781,0.6324554055425695,1.1156581947583906,9.337122085771465,19.11111,24.670170707071527,8.99396181259516,-6.849499594530502,-6.888889,13.186760922726897,0.20113311604367015,-1.528090634609454
CEMENT,86.31222393149189,88.91194145520238,0.7694121769277831,0.6324555320336759,0.6599659519838277,10.638999925005733,21.555555,27.970002588311004,10.434984193141416,-8.07424446592209,-7.2222225,14.950595256091448,0.20282619963419365,-1.5493223642427176
CEMENT,104.2007677514902,88.91194145520238,3.5031152856922936,0.21081830934621426,0.2042753709102005,12.472827609304497,25.11111,32.91975005661684,12.223838575141247,-9.661875935479232,-8.5,17.59634656715604,0.20517491624426393,-1.5575086101591926
FOLIAGE,26.385602134497518,50.229473419497445,25.591610557462168,4.181233408610921,24.759216664026347,6.467391673752918,12.222222,16.577726040655048,7.006346478570539,-5.987641729552755,-2.16666675,8.861167299418812,0.2916025660047543,-1.7098368056535922
FOLIAGE,59.03219460599445,52.53887449625595,56.83711662174487,10.576062760478537,314.4372687628666,16.182479366427028,35.88889,37.24095808530054,17.838853917402318,-8.482492756385954,-4.388889,19.90612941577193,0.1783594792345876,-1.6589126016181337
FOLIAGE,62.162689774494154,73.90083445627211,2.3774732441636988,1.001388031129242,4.395847745632021,2.001811726540878,2.4444444,6.756797738501019,1.739163942747517,-3.492790702719556,-2.11111115,3.611660309885686,0.3598836475891868,-1.6266056706031797
FOLIAGE,52.771204268995035,76.78758580222024,0.008933669882152988,0.07027283302762463,0.010475656502077572,0.27997366831198606,0.0,1.5713484576339662,0.0,-0.9072184550056738,-1.11111115,0.8399210805288527,0.4472135954999579,-1.4809610484045554
FOLIAGE,24.596747752497684,46.188021535170066,1.2964987816843836,0.5797509254460539,0.3889085528759058,2.673748764827618,2.8888888,8.799551447603024,2.6335912231901517,-5.125783864575008,-1.7777778,4.7035580963173125,0.34671663732999053,-1.7094428057551148
FOLIAGE,1.3416407864998738,52.53887449625595,1.5231906891278644,0.31622776601683794,0.6913933482290028,2.1277999850011464,1.8888888,7.542472568358767,1.937925655035417,-4.581452946705954,-1.9444444,4.031621171419914,0.37107478768501706,-1.6857067160349228
FOLIAGE,25.93838853899756,54.848275573014455,0.49246824806642564,0.6148873403787274,0.24224973802762742,1.679842198854153,1.2222222,6.363961030678928,1.3913312257521886,-3.94640027723344,-2.0,3.401680257083045,0.3912749562194749,-1.6502489172030017
FOLIAGE,43.826932358995876,83.13843876330613,0.008933675007845846,0.10540925744713107,0.03142696137450473,0.3779644730092272,0.0,2.1213203435596424,0.0,-1.2247448713915892,-1.5,1.1338934190276815,0.4472135954999579,-1.4809610484045554
FOLIAGE,50.9823498869952,58.889727457341834,0.37074733433088664,0.36893234098168326,0.3103413880881826,1.5258565622237514,1.0,5.971124322856835,1.1925696029070076,-3.7195954899764976,-2.0555555,3.1917002042804037,0.39856467199020285,-1.6377382183448244
FOLIAGE,11.180339887498949,52.53887449625595,1.318833083778309,0.43920526571536006,0.35224388893859265,1.469861805883486,0.8888889,5.73542229816358,1.1925696029070076,-3.6742346141747677,-1.83333335,3.065712172598819,0.40761184774852655,-1.6649360907336714
FOLIAGE,34.88266044899672,57.15767664977296,2.4176741437010003,0.966251426459909,5.223424485906016,1.5678525727842798,1.1111112,6.363961030678928,1.0434984640355012,-3.7195954899764976,-2.72222235,3.401680257083045,0.4073668373080959,-1.5950018158607593
FOLIAGE,6.260990336999411,69.2820323027551,0.04020150557510378,0.14054566605524926,0.10475654027203837,0.601943422777395,0.0,2.7498596417604153,0.39752320096900257,-1.9505195782413676,-1.0555556,1.469861805883486,0.4472135954999579,-1.6374618810147366
FOLIAGE,8.049844718999243,71.01408311032398,0.2601930862090455,0.19325029794109247,0.14796862762994323,0.4059618133829127,0.11111111,1.8856181067343525,0.19876160048450128,-1.179383913940201,-0.9444444,1.0079052739567549,0.43893187053169197,-1.5338628886856362
FOLIAGE,15.652475842498527,43.87862045841156,57.952723672249824,2.477117553169858,71.31958898113793,5.109519531735752,8.444445,13.749298915908858,5.664705692070665,-6.214446108561407,-1.2777778,7.349309407381903,0.28506329253581913,-1.7842600065055105
FOLIAGE,55.00727224649483,78.51963660978912,0.33054580161976177,0.21081848959604088,0.4714044382952405,0.41996055916265007,0.11111111,2.1213203435596424,0.09938079800618266,-1.2247448713915892,-1.33333335,1.1338934190276815,0.44100229059341856,-1.4926842424405253
FOLIAGE,16.099689437998485,83.71578903249575,0.05918555833352662,0.40406881915990994,0.7293674926077937,0.32196975446540893,0.33333334,1.021376430286934,0.34783280643804715,-0.6350529144214888,-0.11111111,0.5459486664371294,0.11263157584395203,-1.7896521199761268
FOLIAGE,59.4794082014944,58.889727457341834,112.94506423798978,9.45169596473971,172.54457282288772,16.64443548259284,37.444443,37.24095808530054,18.78297101099823,-8.07424446592209,-3.0555555,19.90612941577193,0.17794253305523106,-1.7089478310082844
FOLIAGE,31.304951684997054,56.58032638058333,0.5181528236167615,0.5621826705455523,0.4661666155242793,1.7638341443823147,1.2222222,6.521095713807765,1.5900928038760103,-4.218565532043821,-1.66666665,3.485672278204101,0.39839578177586227,-1.6938189278714075
FOLIAGE,36.22430123549659,70.43673284113436,19.58372264142666,1.5284342551193444,14.939598630737859,2.5057644580103737,3.3333333,8.013876617745277,2.3354488112830603,-4.037122028836901,-2.11111115,4.283597234783084,0.36194400534501464,-1.6610061326651928
FOLIAGE,21.913466179497938,54.848275573014455,1.782267025558409,0.9486832980505138,1.1627976804582263,1.9598157159803495,2.2222223,6.678231104043382,1.739163942747517,-3.628873738373038,-1.9444444,3.5696646772896305,0.35513577761974574,-1.6450523894680618
FOLIAGE,8.94427190999916,79.09698687897874,0.008933669882152988,0.08784105946762732,0.006547285181215961,0.08399210427324055,0.0,0.4714045443612576,0.0,-0.272165540584185,-0.33333335,0.25197632793830055,0.2981424119070918,-1.4809610484045554
FOLIAGE,42.485291572496,81.40638795573724,0.07258607627249958,0.22838669706237763,0.05368775411303075,0.5879447525905522,0.11111111,2.5927248879209,0.39752320096900257,-1.7690759933847884,-1.0,1.3858697469659822,0.4372755255380388,-1.616439879252773
FOLIAGE,24.596747752497684,62.35382907247959,6.786240658108381,1.0716607977490358,3.573509429169752,3.27569222540146,5.111111,9.978062278176083,3.031114334716435,-4.3546485676973035,-2.83333325,5.333498632689709,0.31550109705914176,-1.6090589572493916
FOLIAGE,8.049844718999243,81.98373822492687,0.19654072172877582,0.08784105314307201,0.05368773997089512,0.20998027958132504,0.11111111,0.9428090887225152,0.09938079800618266,-0.54433108116837,-0.5,0.5039526558766011,0.1863389951435585,-1.5270418538315982
FOLIAGE,42.93250516799596,55.425625842204084,0.4556170792651145,0.26352312780643944,0.10606596768050744,2.379776199550105,2.6666667,8.406714032674152,1.937925655035417,-4.445370319300764,-2.9444445,4.493577665550198,0.348317899025086,-1.6092276729273827
FOLIAGE,8.497058314499201,83.71578903249575,0.5047523026626751,0.6675919153435729,1.5503972726161386,0.7839262863921399,0.6666667,2.5141574756458036,0.8944271909999159,-1.7237150359334001,-0.11111111,1.3438736986090065,0.20467712726324888,-1.8171005202975479
FOLIAGE,1.3416407864998738,45.03332099679081,107.38830664105186,13.703202772425955,234.1780221965014,30.11116867516317,70.77778,64.66098362580637,34.33606704830476,-10.886620806870821,-4.3333335,34.56274957422389,0.12062833630916545,-1.7052908161573437
FOLIAGE,22.360679774997898,62.931179341669214,0.3707477262956345,0.6324554055425695,2.0898936897765874,2.141798617391542,2.5555556,6.835365787172219,2.1366871437165194,-3.810317241579958,-1.33333335,3.6536566984106873,0.34021072152314363,-1.7069503957727887
FOLIAGE,18.335757415498275,44.45597072760119,0.19654059207889762,0.5094780323351538,0.556519376521412,1.889822365046136,1.2222222,7.228202494994312,1.5900928038760103,-4.6268138225076845,-2.16666675,3.8636367512133285,0.39873939834196465,-1.6651526775407486
FOLIAGE,26.832815729997474,76.21023553303061,0.008933671691221055,0.07027283618990228,0.010475658623397915,0.13998683793563776,0.0,0.7856742641723222,0.0,-0.4536092479152515,-0.5555556,0.41996055916265007,0.39752320096900257,-1.4809610484045554
FOLIAGE,44.721359549995796,64.08587988004847,6.317219560357583,1.3000474473772488,6.89298155481008,1.8478263544856077,2.2222223,6.442528372243345,1.49071197009274,-3.2659863237109046,-2.33333325,3.4436762676435726,0.38668967522481384,-1.5672833007489249
FOLIAGE,16.54690303349844,43.87862045841156,0.27694377810568505,0.5797509254460539,0.6403246115674699,3.1217064753817167,3.7777777,9.428090180118373,3.428637490964078,-5.488671687485431,-0.8888889,5.039526180801539,0.32334025945330097,-1.7820609751266987
FOLIAGE,0.8944271909999159,50.806823688687075,2.1764653695501335,0.7905693517965416,2.0702516776087876,2.939723649563419,3.5555556,9.428090180118373,2.8820432852876476,-5.171145148625029,-2.0,5.039526180801539,0.3375135763286834,-1.693161954961007
FOLIAGE,62.162689774494154,69.85938257194472,0.12618817817952593,0.3689323726044599,0.2946280081636466,1.3998683793563775,0.7777778,5.499719354231508,1.1428792083760522,-3.583512862571307,-1.7222222,2.939723649563419,0.4058049259372685,-1.662771495455103
FOLIAGE,13.863621460498695,55.425625842204084,1.0854408404799492,0.8784104365623903,2.1789361111975034,1.4278657575265103,1.0,5.65685424949238,1.0434984640355012,-3.4020689511160955,-2.16666675,3.0237157840738176,0.4066224949997458,-1.6038659650483578
FOLIAGE,11.627553482998906,79.09698687897874,0.005583545070835586,0.035136424419506464,0.010475658623397915,0.09799078579901749,0.0,0.5499719566363542,0.0,-0.3175264572107444,-0.3888889,0.2939723762952761,0.34783280643804715,-1.4809610484045554
FOLIAGE,30.41052449399714,61.77647880328996,0.9469688609737031,0.3513641493267348,0.9061443293257867,0.6719368493045033,0.22222222,3.2212640447003165,0.24845201737613645,-1.905158620789979,-1.83333335,1.721838058228892,0.43893187053169197,-1.517826626127141
FOLIAGE,58.13776741499453,58.889727457341834,22.25042163786402,2.986595427391129,32.1445686913919,5.431489323997608,10.111111,14.299269599753005,5.714396041880261,-5.216506024426759,-2.38888885,7.643281103341128,0.2572043004895874,-1.6821675758844061
FOLIAGE,56.796126628494655,46.765371804359695,133.32164111111814,6.992146603224799,93.01860305968074,16.08448867511913,34.88889,36.612419352785196,18.335757415498275,-9.38971068066885,-2.33333325,19.570161331287704,0.1641033741784062,-1.7511365085796424
FOLIAGE,33.09380606699688,74.47818472546173,0.008933671691221055,0.03513641809495114,0.010475657916291134,0.19598157159803498,0.0,1.0999439132727085,0.0,-0.6350529144214888,-0.7777778,0.5879447525905522,0.4472135954999579,-1.4809610484045554
FOLIAGE,33.54101966249684,56.58032638058333,13.821503153839672,1.475729522040616,13.890715322398698,2.0858038988477237,2.3333335,7.38533788522993,1.6894735482165615,-3.9010389931834193,-2.61111115,3.947629150298858,0.3900354590181872,-1.6072348338859646
FOLIAGE,17.44133022449836,44.45597072760119,0.5460705127895781,0.7554330317321979,0.27367659333611494,2.9117264225790755,3.2222223,9.270955496989535,3.031114334716435,-5.488671687485431,-1.38888885,4.955534159680481,0.3407986285157879,-1.7447808914089813
FOLIAGE,21.913466179497938,66.9726312259966,0.09380363160303769,0.6675919153435729,0.46616689836699177,1.1338934190276815,0.8888889,4.242640687119285,0.9441176302522307,-2.5855725743125144,-1.33333335,2.267786838055363,0.3915485167758422,-1.6355473894046741
FOLIAGE,13.863621460498695,39.25981830489456,61.31289876121604,5.779940588463942,119.72758535554917,17.834323204403418,38.555557,42.50497350565048,19.18049470390219,-10.569095084507,-6.4444445,22.719864013149685,0.1847138969638229,-1.6324664544483662
FOLIAGE,42.03807797699604,83.13843876330613,0.03573467048327161,0.15811387352158598,0.05892557688399198,0.4339592293494928,0.0,2.4355899926600286,0.0,-1.4061885378978265,-1.7222222,1.3018776124555838,0.4472135954999579,-1.4809610484045554
FOLIAGE,33.54101966249684,75.63288526384099,0.008933671691221055,0.10540925744713107,0.015713475383951507,0.19598157159803498,0.0,1.0999439132727085,0.0,-0.6350529144214888,-0.7777778,0.5879447525905522,0.4472135954999579,-1.4809610484045554
FOLIAGE,54.56005865099487,71.01408311032398,0.11278755471158236,0.15811387352158598,0.07463902398367224,0.4479578995363356,0.0,2.3570225803849323,0.09938079800618266,-1.451549495349215,-1.4444444,1.2598815640986083,0.4472135954999579,-1.5150993152721044
FOLIAGE,33.988233257996804,61.19912853410034,1.0686896842558389,0.7027283935217994,1.3146942933287284,1.3858697469659822,1.0,5.578286907927961,0.9441176302522307,-3.2659863237109046,-2.33333325,2.9817197735132894,0.4040894145849307,-1.5949080535015738
FOLIAGE,36.67151483099655,79.67433714816836,0.15633919504787788,0.2810913321104985,0.13618356882168733,0.5319499962502866,0.0,2.6712922294853185,0.19876160048450128,-1.7237150359334001,-1.4444444,1.4278657575265103,0.4472135954999579,-1.5372223530030535
FOLIAGE,47.40464112299554,78.51963660978912,0.05360201748384985,0.12297745858891251,0.03797425044480799,0.2659749981251433,0.11111111,1.3356460793873202,0.04969039900309133,-0.7257747476746075,-0.8888889,0.7139328598650315,0.430650145563426,-1.4809610484045554
FOLIAGE,42.485291572496,54.848275573014455,0.24679264364790868,0.3513641493267348,0.08904310024342593,2.4497697772630027,2.3333335,8.878118082060661,2.0373062652118894,-5.080423397021568,-2.88888885,4.745553728913368,0.36533281108627513,-1.6421105424156133
FOLIAGE,53.66563145999495,51.3841739578767,2.881107934725428,1.8446620211361824,4.191569899848086,3.9616278204857007,5.7777777,12.099381914628944,3.8261605130476424,-5.760836942295813,-2.88888885,6.467391673752918,0.3070950019899673,-1.6665043121529868
FOLIAGE,44.274145954495836,76.21023553303061,0.11613773771458925,0.1756820746633674,0.2776049604143359,0.27997366831198606,0.11111111,1.414213562373095,0.04969039900309133,-0.7711356234763377,-0.9444444,0.7559289460184544,0.43893187053169197,-1.4809610484045554
FOLIAGE,23.25510696599781,58.889727457341834,0.15298904219600545,0.26352312780643944,0.20034696847664055,1.0918973328742587,0.6666667,4.478343065365931,0.7453559626856903,-2.7216552017177054,-1.83333335,2.3937750587191844,0.4023739255932726,-1.5992771955918474
FOLIAGE,56.796126628494655,82.56108849411649,0.03685136176857167,0.2810913321104985,0.21475096341911437,1.5818512429711225,0.8888889,6.678231104043382,0.9938080247831861,-4.037122028836901,-2.9444445,3.5696646772896305,0.4093685921943695,-1.596231615974599
FOLIAGE,34.88266044899672,57.73502691896258,2.5014276634864663,0.8081376383198199,3.121745977737478,1.7358368796015238,1.4444444,6.678231104043382,1.2919503472475589,-3.8556785256299793,-2.5555555,3.5696646772896305,0.39190760246021294,-1.6125851573458128
FOLIAGE,32.19937887599697,64.08587988004847,0.09045340337332909,0.2986595427391129,0.4936651850718257,0.4899539100968638,0.0,2.5141574756458036,0.14907120148140993,-1.587632204404064,-1.4444444,1.3438736986090065,0.4472135954999579,-1.5128508571292876
FOLIAGE,57.690553819494575,52.53887449625595,226.80909284266434,7.99353558303734,133.61825613022066,16.742425795936267,38.444443,37.24095808530054,18.68359120580623,-7.167025316894323,-3.77777765,19.90612941577193,0.15602599451833202,-1.640680206818629
FOLIAGE,14.758048651498612,81.98373822492687,0.008933671691221055,0.035136424419506464,0.010475658623397915,0.013998684171528249,0.0,0.0785674193461644,0.0,-0.04536092070904224,-0.055555555,0.04199605213662028,0.04969039900309133,-1.4809610484045554
FOLIAGE,38.907582808496336,77.9422863405995,0.07258606119693237,0.10540925744713107,0.06285393335561118,0.36396580282238444,0.0,1.964185448298771,0.04969039900309133,-1.179383913940201,-1.2777778,1.0499012845172833,0.4472135954999579,-1.4973329038414016
FOLIAGE,61.715476178994194,79.09698687897874,0.536020204989633,0.31622779763961456,0.06285378486318713,2.883728931019601,3.1111112,9.820927595047246,2.6335912231901517,-5.534032155038871,-2.61111115,5.249506611568653,0.34876688358642416,-1.6693250318138182
FOLIAGE,17.88854381999832,54.848275573014455,0.47460119835603315,0.509478095580707,0.430811311820291,1.7498355119919193,1.0,6.521095713807765,1.6397831984069655,-4.445370319300764,-1.4444444,3.485672278204101,0.4056669024052894,-1.7178795796041642
FOLIAGE,56.796126628494655,69.2820323027551,0.1440553846758176,0.22838669706237763,0.21082257866322393,0.5739460824037095,0.11111111,2.9069944663106084,0.14907120148140993,-1.7237150359334001,-1.7777778,1.5538539025974372,0.4401149740985871,-1.5083259394151185
FOLIAGE,42.93250516799596,76.78758580222024,0.005583543864790207,0.07027283618990228,0.010475658623397915,0.18198290141119222,0.0,1.021376430286934,0.0,-0.5896919569701005,-0.7222222,0.5459486664371294,0.4472135954999579,-1.4809610484045554
FOLIAGE,1.7888543819998317,55.425625842204084,0.8933671992732398,0.4919098406802054,0.7961497682928884,1.3438736986090065,0.8888889,5.499719354231508,0.8944271909999159,-3.2659863237109046,-2.33333325,2.939723649563419,0.40699354364779616,-1.5870883010297883
FOLIAGE,48.299068313995456,83.13843876330613,0.045785049439893984,0.07027283618990228,0.026189135068009593,0.36396580282238444,0.0,2.042752860573868,0.0,-1.179383913940201,-1.4444444,1.0918973328742587,0.4472135954999579,-1.4809610484045554
FOLIAGE,18.78297101099823,79.67433714816836,0.35734690383020357,0.14054567554208222,0.41902628129630637,0.1119894748840839,0.11111111,0.4714045443612576,0.04969039900309133,-0.22680462395762574,-0.2777778,0.25197632793830055,0.04140866509055345,-1.4809610484045554
FOLIAGE,27.280029325497434,68.70468203356548,0.2512594136132904,0.33379595767178644,0.3365303852703699,0.4619565697231783,0.11111111,2.2784552388205137,0.14907120148140993,-1.3608276212712673,-1.33333335,1.21788555353808,0.4401149740985871,-1.5083259394151185
FOLIAGE,58.58498101049449,72.16878364870323,0.11278758486271681,0.15811387352158598,0.10606603132011776,0.517951326063444,0.0,2.7498596417604153,0.09938079800618266,-1.6783540376571826,-1.7222222,1.469861805883486,0.4472135954999579,-1.5063774359688809
FOLIAGE,25.93838853899756,71.5914333795136,0.34394635272498264,0.17568210628614403,0.16761048423425126,0.4339592293494928,0.11111111,1.964185448298771,0.24845201737613645,-1.2701058288429776,-0.8888889,1.0499012845172833,0.4401149740985871,-1.5424052335771166
FOLIAGE,2.6832815729997477,69.2820323027551,0.026801005726811482,0.15811388300841897,0.027498592882070245,0.4339592293494928,0.22222222,2.1213203435596424,0.09938079800618266,-1.1340229973136415,-1.38888885,1.1338934190276815,0.4472135954999579,-1.454721729968285
FOLIAGE,43.379718763495916,71.01408311032398,0.00558355592524399,0.05270462556128788,0.027498592882070245,0.4339592293494928,0.0,2.4355899926600286,0.0,-1.4061885378978265,-1.7222222,1.3018776124555838,0.4472135954999579,-1.4809610484045554
FOLIAGE,35.77708763999664,50.229473419497445,172.7649150022181,14.14240930305238,490.1413891384607,25.49160222200244,58.77778,55.86143571373725,28.870124097113266,-10.61445555206044,-4.3333335,29.85919336772895,0.1369731479909934,-1.7127025680163848
FOLIAGE,13.416407864998737,52.53887449625595,1.948656272121589,1.036524414439139,3.196383926918843,2.3657775293632626,2.4444444,8.563848715802987,1.8882352157831022,-4.672175106557705,-3.0555555,4.5775696866712545,0.36806601958507645,-1.6141440449556166
FOLIAGE,16.54690303349844,69.2820323027551,0.10385389417628105,0.33379598929456294,0.1636820818006913,0.7279316056447689,0.22222222,3.1426969859786107,0.4969040347522729,-2.0866023281210455,-1.2222222,1.679842198854153,0.430650145563426,-1.6249914872430868
FOLIAGE,51.42956348249516,79.67433714816836,0.026801011757038376,0.10540925744713107,0.0628539439622129,0.2939723762952761,0.0,1.649915940619741,0.0,-0.9525793308074042,-1.16666665,0.8819171666822757,0.4472135954999579,-1.4809610484045554
FOLIAGE,24.149534156997728,79.67433714816836,0.08933667771573575,0.12297747756257847,0.14796863470101104,0.09799078579901749,0.0,0.4714045443612576,0.04969039900309133,-0.3175264572107444,-0.222222225,0.25197632793830055,0.14907120148140993,-1.5425100975127666
FOLIAGE,0.4472135954999579,46.765371804359695,80.64087948017183,2.9163226607713355,72.60677081027085,8.063242342839828,14.0,21.606040143418515,8.69582016095118,-8.981462390204987,-2.83333325,11.548914243079457,0.26621829299912503,-1.724215539206308
FOLIAGE,57.243340223994615,66.9726312259966,0.20994123363752187,0.26352312780643944,0.32605485640106635,0.7419302758316116,0.22222222,3.5355339059327373,0.2981424119070918,-2.1319633263972633,-1.9444444,1.889822365046136,0.4339036691920477,-1.5297790641815714
FOLIAGE,22.807893370497855,66.39528095680697,0.1474055556183707,0.43920526571536006,0.24224937386763506,1.0219039063471504,0.5555556,4.0069383088726385,0.8447367517476009,-2.630933531763903,-1.2222222,2.141798617391542,0.41053735362125693,-1.6676310868088076
FOLIAGE,7.155417527999327,47.34272207354932,12.449070247580101,1.9676396789485873,23.56498755681429,3.205698874467246,4.3333335,10.292331644433757,2.931733456211805,-5.080423397021568,-2.88888885,5.501482674931822,0.33219880051704276,-1.6409320782540877
FOLIAGE,7.602631123499285,71.5914333795136,0.1842569595985306,0.45677345737030844,0.27760488970365776,0.4339592293494928,0.22222222,1.8856181067343525,0.24845201737613645,-1.1340229973136415,-0.8888889,1.0079052739567549,0.4265092607186132,-1.5338628886856362
FOLIAGE,0.8944271909999159,55.425625842204084,4.003401753074755,0.7378647768316964,2.6555785136850614,1.9738144995565345,2.1111112,6.9139331287366375,1.6894735482165615,-3.810317241579958,-2.16666675,3.6956527089712154,0.36885455554093394,-1.6480484716106274
FOLIAGE,25.93838853899756,62.931179341669214,0.07593612962562832,0.8959786598401153,0.593183747009411,1.6238472535316508,1.4444444,5.971124322856835,1.3416407864998738,-3.492790702719556,-1.9444444,3.1917002042804037,0.3866082823504328,-1.6148814866177161
FOLIAGE,21.46625258399798,45.61067126598044,0.5583543563278863,0.36893240422723644,0.4674759297956633,2.043807850490748,1.7777778,7.463904519687567,1.739163942747517,-4.445370319300764,-2.27777765,3.9896247828949134,0.3767561221202092,-1.6544871738280778
FOLIAGE,59.03219460599445,77.36493607140986,0.9514359927526984,0.4743416490252569,0.5460435188474553,2.337780188989577,2.2222223,8.092444666416478,2.186377627690194,-4.853618609764627,-1.9444444,4.325593623308085,0.3729468908778192,-1.6875891757077977
FOLIAGE,13.863621460498695,50.806823688687075,0.18314023695605072,0.6851601069985211,0.7031786615957,1.9878130563540353,1.5555556,7.149635153429893,1.8385447318094277,-4.536092070904224,-1.7222222,3.8216407406528,0.380748335277334,-1.6946920633248168
FOLIAGE,4.47213595499958,54.27092530382483,0.035734675307453126,0.22838673500970957,0.06940122242591444,0.8539197129192482,0.11111111,4.242640687119285,0.2981424119070918,-2.630933531763903,-2.38888885,2.267786838055363,0.44100229059341856,-1.5483573756184326
FOLIAGE,62.60990336999411,72.16878364870323,0.06700253542282282,0.8432740532524934,1.3356462561640154,1.4838605516632233,1.5555556,5.499719354231508,1.0931887691237374,-2.9030989090487718,-2.22222235,2.939723649563419,0.38156203594221016,-1.5798468204836567
FOLIAGE,4.024922359499621,46.188021535170066,4.146339688465753,5.270462556128789,25.282991870054655,8.931160650353025,17.333334,22.391714266169483,9.789009198403074,-7.7113570512599585,-2.61111115,11.968874726649211,0.22998124617615673,-1.719339684396636
FOLIAGE,55.45448584199478,58.31237718815221,8.43449945901248,2.037912350700051,21.035112935900344,3.849638081026486,5.7777777,10.999438425620305,4.124303059118813,-5.39794952763368,-1.4444444,5.8794471479410495,0.3130885899018094,-1.7310255431945596
FOLIAGE,67.08203932499369,83.13843876330613,0.022334173951604107,0.19325029794109247,0.053687778861768086,0.9519104798200421,0.11111111,4.635477607073412,0.39752320096900257,-2.9484599073249895,-2.4444445,2.477767004247346,0.44100229059341856,-1.5642351048365857
FOLIAGE,49.19349550499537,53.11622476544558,1.2149790689974902,0.7202966484223011,1.2479123004863462,2.8137356178818345,3.2222223,8.956686130731862,2.8820432852876476,-5.171145148625029,-1.5,4.787550117438369,0.3394407091544118,-1.7339502782629033
FOLIAGE,12.074767078498864,61.19912853410034,0.12618806963544188,0.40406881915990994,0.21082257866322393,0.8259223725455627,0.33333334,3.4569665643683187,0.5962848238141836,-2.2680459538024538,-1.2777778,1.8478263544856077,0.42562194422378175,-1.6080106714462827
FOLIAGE,56.3489130329947,46.188021535170066,159.9673865861527,10.944993994663038,144.7434711745445,25.99555737244457,60.333332,56.25427595709325,29.714856913381226,-10.342290297250058,-3.5,30.069175310353955,0.12952368752395285,-1.7212346598595378
FOLIAGE,8.497058314499201,51.96152422706633,0.5684047244301003,0.35136421257228806,0.7490093633542374,1.2878789800651884,0.8888889,5.578286907927961,0.6459751736237794,-3.08454253473018,-2.9444445,2.9817197735132894,0.4044246458961175,-1.531649998013913
FOLIAGE,26.385602134497518,57.15767664977296,0.2501427663486467,0.31622774704317197,0.1257078879244258,0.7699276540017445,0.11111111,3.928370825886864,0.19876160048450128,-2.3587678687052307,-2.38888885,2.099802531238119,0.44100229059341856,-1.520097853108312
FOLIAGE,50.53513629149525,55.425625842204084,0.15298904219600545,0.35136421257228806,0.12046994848084568,1.4418644655098005,1.1111112,6.049690957314472,0.7950464019380051,-3.3113471995126345,-3.0555555,3.233695836876459,0.39006964402542726,-1.545901240213981
FOLIAGE,44.721359549995796,66.39528095680697,0.04913520832199332,0.22838674449654253,0.1165416733265063,1.035902652126888,0.33333334,4.3997755823801565,0.7453559626856903,-2.9484599073249895,-1.61111115,2.3517789725657616,0.4268050477906769,-1.6418066986317372
FOLIAGE,52.771204268995035,49.0747728811182,1.3322342077550848,0.7202966484223011,2.410710369853302,3.0937091350080315,3.5555556,10.528034376233794,2.7329719228093436,-5.670115190692353,-3.11111115,5.62747108457788,0.34619756992610157,-1.646917242182085
FOLIAGE,50.53513629149525,73.90083445627211,0.02233417545916083,0.12297745858891251,0.05368773997089512,0.27997366831198606,0.0,1.5713484576339662,0.0,-0.9072184550056738,-1.11111115,0.8399210805288527,0.4472135954999579,-1.4809610484045554
FOLIAGE,11.627553482998906,69.2820323027551,0.38414779498270407,0.26352312780643944,0.37319526133971737,0.5039526558766011,0.11111111,2.3570225803849323,0.24845201737613645,-1.4969104119757743,-1.16666665,1.2598815640986083,0.4401149740985871,-1.5406220516963205
FOLIAGE,21.913466179497938,64.66323014923809,0.4154155767051242,0.4919098406802054,0.6075880071169278,1.4418644655098005,1.1111112,5.1068823635667036,1.3913312257521886,-3.3113471995126345,-1.0555556,2.729743445574989,0.3880314725360721,-1.7223124320154224
FOLIAGE,24.149534156997728,72.74613391789286,0.09380357733099566,0.15811387352158598,0.0589255874905937,0.5319499962502866,0.0,2.5927248879209,0.24845201737613645,-1.7237150359334001,-1.2777778,1.3858697469659822,0.4472135954999579,-1.5768049885323483
FOLIAGE,11.627553482998906,47.34272207354932,0.14293877962276208,0.6675919153435729,1.5503972726161386,2.113801352610751,1.7777778,7.228202494994312,2.1366871437165194,-4.672175106557705,-1.2222222,3.8636367512133285,0.377272519658933,-1.7338135945220998
FOLIAGE,14.310835055998654,54.848275573014455,0.3137951579649374,0.7027283935217994,1.0947055955270004,1.1898880997750525,0.7777778,5.264017329538253,0.5465943845618687,-2.9030989090487718,-2.88888885,2.8137356178818345,0.4112563255023343,-1.5216642360499966
FOLIAGE,20.571825392998065,50.806823688687075,0.4120656650623274,0.49190990392575856,0.4504531118560565,1.2458829317082127,0.6666667,5.421151871245733,0.6956656128760943,-3.2206254479091743,-2.61111115,2.897727563409996,0.415717925105024,-1.5673335760410672
FOLIAGE,30.41052449399714,62.931179341669214,0.9748866707510576,0.3513641493267348,0.6704419157238016,0.7419302758316116,0.33333334,3.378399010671866,0.34783280643804715,-1.995880576517585,-1.7777778,1.8058302305357374,0.43341070564572814,-1.517826626127141
FOLIAGE,4.919349550499537,68.12733176437585,0.04578505547012088,0.12297747756257847,0.022260757383186953,0.2659749981251433,0.0,1.414213562373095,0.04969039900309133,-0.8618575383791145,-0.8888889,0.7559289460184544,0.4472135954999579,-1.5080006702957727
FOLIAGE,12.521980673998822,65.81793068761735,0.1306549179937732,0.3689323726044599,0.09035250643869155,0.6999341896781888,0.11111111,3.299831881239482,0.34783280643804715,-2.1319633263972633,-1.61111115,1.7638343333645514,0.4401149740985871,-1.5716586653788727
FOLIAGE,16.994116628998402,66.9726312259966,0.07258605818181892,0.38650059588218494,0.3875993446705389,1.0638999925005732,0.5555556,4.0069383088726385,0.9938080247831861,-2.767016159169094,-0.8888889,2.141798617391542,0.4081711330710588,-1.7113805611782784
FOLIAGE,21.46625258399798,49.0747728811182,4.0558862850924235,0.6500237553114009,2.426424191719576,1.6238472535316508,1.3333334,6.2853936891145095,1.1925696029070076,-3.628873738373038,-2.4444445,3.3596842465225167,0.3961527596269525,-1.6062243075849711
FOLIAGE,8.049844718999243,51.96152422706633,0.11278760295339749,0.21081852121881747,0.07856743702383394,1.0638999925005732,0.5555556,4.871180126741414,0.4472135954999579,-2.767016159169094,-2.72222235,2.603755300504062,0.41418526150334223,-1.5304071871352996
FOLIAGE,10.285912696499032,65.24058041842773,0.08598661531726667,0.21081848959604088,0.17284831407628032,0.5319499962502866,0.11111111,2.4355899926600286,0.2981424119070918,-1.587632204404064,-1.11111115,1.3018776124555838,0.43893187053169197,-1.5821950513932992
FOLIAGE,42.485291572496,73.32348418708249,0.022334169428933938,0.07027283618990228,0.010475652612990275,0.23797761995501052,0.0,1.3356460793873202,0.0,-0.7711356234763377,-0.9444444,0.7139328598650315,0.4472135954999579,-1.4809610484045554
FOLIAGE,61.268262583494234,60.621778264910716,4.9771747012212115,9.873333829369535,229.96157981562507,16.1964776586494,35.77778,37.24095808530054,17.938233722594315,-8.663935443096294,-4.111111,19.90612941577193,0.16805394727765396,-1.6830824306379053
FOLIAGE,7.602631123499285,63.508529610858844,0.3807976421308316,0.8608422765302184,1.0593503271783513,1.4978591840536186,1.4444444,4.556910548351706,1.7888543819998317,-3.08454253473018,0.055555555,2.435771144872607,0.36074835743676575,-1.8516656675288992
FOLIAGE,59.03219460599445,71.5914333795136,0.022334173951604107,0.07027283302762463,0.026189129764708736,0.4059618133829127,0.0,2.2784552388205137,0.0,-1.3154667454695368,-1.61111115,1.21788555353808,0.4472135954999579,-1.4809610484045554
FOLIAGE,33.54101966249684,70.43673284113436,0.07258603406091135,0.26352312780643944,0.13749303865656326,0.601943422777395,0.0,3.1426969859786107,0.14907120148140993,-1.9505195782413676,-1.88888885,1.679842198854153,0.4472135954999579,-1.522824668988602
FOLIAGE,21.46625258399798,47.92007234273895,1.2116286146342732,0.7378647768316964,0.5971122555089882,2.3657775293632626,2.2222223,8.406714032674152,2.0869969280710023,-4.944340361368087,-2.38888885,4.493577665550198,0.370002284512425,-1.6581686545736474
FOLIAGE,34.88266044899672,57.15767664977296,2.4176741437010003,0.966251426459909,5.223424485906016,1.5678525727842798,1.1111112,6.363961030678928,1.0434984640355012,-3.7195954899764976,-2.72222235,3.401680257083045,0.4073668373080959,-1.5950018158607593
FOLIAGE,20.12461179749811,51.3841739578767,0.1027372469116373,0.24595491401554734,0.16761046302104785,0.8679184586989857,0.11111111,4.556910548351706,0.14907120148140993,-2.676294244266317,-2.9444445,2.435771144872607,0.44100229059341856,-1.50182741596398
FOLIAGE,2.23606797749979,68.12733176437585,0.02233417545916083,0.10540925744713107,0.03142697198110645,0.3499670948390944,0.0,1.807050694459256,0.09938079800618266,-1.1340229973136415,-1.0555556,0.9659092255997794,0.4472135954999579,-1.535326882565405
FOLIAGE,15.652475842498527,77.9422863405995,0.03573468616186153,0.07027284567673527,0.04190263378648488,0.08399210427324055,0.0,0.4714045443612576,0.0,-0.272165540584185,-0.33333335,0.25197632793830055,0.14907120148140993,-1.4809610484045554
FOLIAGE,25.043961347997644,61.77647880328996,4.042485613382665,2.1433217852347317,8.197197939855187,3.0097171138869747,4.5555553,9.192388155425117,2.8323528460353327,-4.173204656242091,-2.4444445,4.913538149119954,0.32673076460622436,-1.620520733908357
FOLIAGE,32.64659247149693,67.54998149518623,0.2903444618758975,0.19325029794109247,0.2736765579807759,0.5039526558766011,0.22222222,2.5141574756458036,0.09938079800618266,-1.3608276212712673,-1.66666665,1.3438736986090065,0.4330163392808084,-1.4809610484045554
FOLIAGE,31.752165280497014,54.848275573014455,1.0943745010152504,0.8432739900069401,1.2570789853102753,3.5976616396988432,4.7777777,10.920871791162668,3.726780260642047,-5.8061978180975435,-1.7777778,5.837451515344994,0.3125582974366734,-1.7288844945718045
FOLIAGE,36.22430123549659,72.74613391789286,0.3405962601753791,0.33379595767178644,0.10082816965828355,1.1198947110443915,0.5555556,4.635477607073412,0.7950464019380051,-2.9484599073249895,-1.7777778,2.477767004247346,0.4184605608664185,-1.6186362236258165
FOLIAGE,24.149534156997728,52.53887449625595,0.4645508905560881,0.26352312780643944,0.09035259129150529,1.2318841859284753,0.5555556,5.65685424949238,0.5465943845618687,-3.3113471995126345,-3.0555555,3.0237157840738176,0.4225322125745119,-1.5462466618765907
FOLIAGE,36.67151483099655,69.2820323027551,14.150930529277856,1.8797984676916324,21.23546669260208,2.631752640877748,3.3333333,9.03525347229628,2.1366871437165194,-4.445370319300764,-3.27777765,4.829546127998897,0.36800871363494914,-1.5840132350597642
FOLIAGE,30.41052449399714,59.467077726531464,0.17420654325450152,0.3513641493267348,0.3404589538740234,0.8119236267658254,0.11111111,4.0069383088726385,0.2981424119070918,-2.4948506185849086,-2.22222235,2.141798617391542,0.4416924306139941,-1.5453576872312826
FOLIAGE,56.3489130329947,81.40638795573724,0.4075989252480801,0.2810913321104985,0.2933183226612024,1.2318841859284753,0.44444445,5.421151871245733,0.7453559626856903,-3.447430235166116,-2.38888885,2.897727563409996,0.4262332136546549,-1.596026625718733
FOLIAGE,19.677398201998148,71.01408311032398,0.30039468826777954,0.31622779763961456,0.2985561807875027,0.5599473366239721,0.22222222,2.5927248879209,0.24845201737613645,-1.5422712877775047,-1.38888885,1.3858697469659822,0.4301768862481241,-1.5285953674298653
FOLIAGE,14.758048651498612,67.54998149518623,0.005583541151188106,0.03513641809495114,0.010475657916291134,0.4059618133829127,0.0,2.199887826545417,0.04969039900309133,-1.3154667454695368,-1.4444444,1.1758895051811045,0.4472135954999579,-1.5080006702957727
FOLIAGE,2.6832815729997477,46.765371804359695,2.6354337775613645,1.8095257959401683,10.078891462532598,4.717556766504155,7.6666665,13.356462208086764,4.8696592006899415,-5.8969199779492945,-2.38888885,7.139329354579261,0.2809198138521525,-1.6889676803777212
FOLIAGE,42.93250516799596,68.70468203356548,0.026801005726811482,0.1756820746633674,0.07332960364627099,0.5459486664371294,0.0,2.985562020007061,0.04969039900309133,-1.7690759933847884,-2.0,1.5958500265473072,0.4472135954999579,-1.4946253919762387
FOLIAGE,23.70232056149777,77.9422863405995,0.0625357142005125,0.10540925744713107,0.031426982587708166,0.27997366831198606,0.0,1.4927810453588695,0.04969039900309133,-0.9072184550056738,-0.9444444,0.7979250321718772,0.39752320096900257,-1.5114023488880266
FOLIAGE,62.60990336999411,71.5914333795136,0.13400507084564564,0.35136421257228806,0.3718856995809599,0.9519104798200421,0.22222222,4.321208028683704,0.5465943845618687,-2.812377157445311,-1.9444444,2.3097828486158916,0.4354811391238626,-1.6033377562828113
FOLIAGE,28.17445651649735,70.43673284113436,0.0,0.0,0.0,0.12598816018950554,0.0,0.7071067811865475,0.0,-0.4082482904638631,-0.5,0.3779644730092272,0.4472135954999579,-1.4809610484045554
FOLIAGE,43.826932358995876,61.77647880328996,1.1256423430399394,1.2473429356579566,6.056238766108259,3.289690895588303,4.888889,10.292331644433757,2.98142389546412,-4.672175106557705,-3.0555555,5.501482674931822,0.3118088881982863,-1.6123067694060595
FOLIAGE,24.596747752497684,53.6935750346352,0.09045334307106016,0.43920526571536006,0.6350866120198133,1.1338934190276815,0.5555556,5.1068823635667036,0.5465943845618687,-2.9938208647763775,-2.66666675,2.729743445574989,0.41844443434416473,-1.5440450849133665
FOLIAGE,21.913466179497938,80.25168741735799,0.023450886041186936,0.10540926693396407,0.03142697198110645,0.16798421232612581,0.0,0.9428090887225152,0.0,-0.54433108116837,-0.6666667,0.5039526558766011,0.34783280643804715,-1.4809610484045554
FOLIAGE,50.08792269599529,58.889727457341834,0.0625356810342646,0.4919098406802054,0.16761057615813282,1.2738802720818982,0.5555556,5.421151871245733,0.8447367517476009,-3.447430235166116,-2.22222235,2.897727563409996,0.420712057712963,-1.6087800743348917
FOLIAGE,10.285912696499032,74.47818472546173,0.023450887548743662,0.12297745858891251,0.05368773997089512,0.19598157159803498,0.0,1.0999439132727085,0.0,-0.6350529144214888,-0.7777778,0.5879447525905522,0.34783280643804715,-1.4809610484045554
FOLIAGE,8.049844718999243,47.92007234273895,3.0117642577620662,4.075824574908997,10.177101169818206,5.431489323997608,9.0,16.027753235490554,5.118111396951516,-6.577333114975249,-4.388889,8.567194469566168,0.2973006664776418,-1.6081060601510646
SKY,48.299068313995456,34.06366588218793,0.05025204553878415,0.3337960841628928,0.10082830047303806,47.67951903583894,116.55556,99.30921590394719,54.31160466587891,-11.748479080096859,-7.0555555,53.083008751676026,0.07606700767218334,-1.6324528779981675
SKY,30.857738089497097,9.81495457622364,0.03238395862936632,0.21081852121881747,0.10999318217467502,49.24737236455217,120.77778,101.7448098564052,56.448292838186696,-11.657756511996817,-6.111111,54.38488848073266,0.07182411340623705,-1.6542715769704939
SKY,12.96919426949878,30.022213997860543,0.005583426275365822,0.42163704243763495,0.06285423741152708,47.53953233397052,115.55556,99.15208970609973,54.36129904061087,-12.519613968726274,-6.3333335,52.99902126612864,0.07864222007983052,-1.660635750133207
SKY,70.2125344934934,32.908965343808674,0.14293842986960237,0.38649993180387626,0.2933171205796744,47.13357014262313,114.22222,98.75924946274374,53.76501126518695,-12.837140915834967,-6.7222225,52.789039323503644,0.08142560147191102,-1.654764006132912
SKY,88.99550550449163,38.105117766515306,0.4746000224617893,0.4567728881603296,1.0161383600285991,46.32164764975072,111.0,98.8378231682692,52.274298534831104,-14.152607947078307,-8.5,52.83103873574443,0.0920378146240947,-1.6313617415241184
SKY,63.05711696549407,17.8978583448784,0.11613695378509335,0.3865007539960679,0.41902599845359384,47.93149283141528,117.111115,99.85919648728627,54.60975078965885,-11.884560891005469,-7.0555555,53.37698573913787,0.07634735693093035,-1.6339583083353135
SKY,28.17445651649735,7.505553499465136,0.05918487390277443,0.3689323726044599,0.35748207586954617,49.989301506490364,122.77778,102.84474980987991,57.49179420911058,-11.61239604444338,-5.5555555,54.97283111672216,0.06968688857761465,-1.6690743624598874
SKY,55.45448584199478,16.74315780649915,0.2144070086154665,0.33379529359347776,0.32082022975275604,48.547435075565296,119.22222,101.03770307521866,55.10665205168682,-11.294869097334685,-7.8333335,54.006924007723434,0.0740657894422244,-1.6059300097426412
SKY,74.23745685299302,31.754264805429422,0.24679439241370724,0.36893278370055566,0.24748791788751315,46.909592175562594,113.888885,98.52354955937082,53.268110003158974,-12.519613968726274,-7.5,52.66305242571547,0.08167150633953263,-1.632129093803062
SKY,37.56594202199646,23.094010767585033,0.05025185257152363,0.3865003428999721,0.7490073127445718,48.15547457812054,117.44444,100.56630326847282,54.80851263611083,-12.202088246362452,-7.2777775,53.7549502121471,0.0779084722615578,-1.632544377615653
SKY,103.30634056049028,28.290163190291665,0.11613795480275736,0.21081931178823252,0.09428128717437946,45.62171225058622,108.111115,98.52354955937082,51.28049109142559,-15.422714102519917,-9.055555,52.66305242571547,0.10012171465839126,-1.637289276249449
SKY,72.89581606649314,24.82606157515391,0.13065476422298747,0.26352353890253527,0.21606043678952422,47.80550593362711,117.333336,99.38778960947265,54.36129904061087,-11.204147753979516,-7.388889,53.12500816391682,0.0738761529891886,-1.6123496200769993
SKY,76.92073842599277,34.64101615137755,0.11725362215553121,0.3337960841628928,0.11654091318671651,46.74160548756917,114.0,97.81644277818427,53.06934547342542,-11.839200423452029,-7.5,52.28508795270625,0.07863971568369572,-1.6216691460316819
SKY,4.024922359499621,41.56921938165306,0.1697391280548424,0.47434123792916105,0.2632016195456346,47.41354165653762,114.111115,99.78062278176083,54.16253719415889,-13.880441875771345,-6.5,53.33498632689709,0.08554731874202066,-1.6731536614805524
SKY,33.54101966249684,28.290163190291665,0.11725423422356072,0.36893278370055566,0.24748791788751315,48.15547457812054,117.0,101.19483634413392,54.60975078965885,-12.746418347734926,-7.9444445,54.090915272915545,0.0815709369461766,-1.6248178218176275
SKY,85.86501033599193,23.094010767585033,0.0625358317899369,0.42163663134153917,0.17284910603587525,47.10557242428497,114.44444,99.38778960947265,53.16872572583102,-12.474253092924544,-8.6111105,53.12500816391682,0.08306936187498686,-1.6052874618105768
SKY,89.88993269549154,23.094010767585033,0.17978972530567824,0.47434123792916105,0.5460429885173693,46.78360338795206,113.333336,98.75924946274374,52.92027666006461,-12.791780040033236,-8.166667,52.789039323503644,0.08430128775010273,-1.620830588099873
SKY,106.88404932448995,18.475208614068027,0.0625358317899369,0.47434206012135277,0.4203353127249779,45.90168376450071,110.22222,97.65930243820118,51.87677707799512,-13.744359656614444,-8.166667,52.20109290786941,0.09029139634017186,-1.6329856829577916
SKY,58.58498101049449,8.660254037844387,0.3171435922021457,0.5973188324960129,0.764726437911705,49.19137692787585,119.666664,102.7661902464901,56.10045904787874,-12.837140915834967,-7.0555555,54.930839263770835,0.07893047160281003,-1.6440019116339308
SKY,42.93250516799596,7.505553499465136,0.14405598769850675,0.17568262806195795,0.0733290202831765,49.80731539238115,122.111115,102.3733429320663,57.44209983437861,-11.839200423452029,-5.0,54.72085354150111,0.07001947238431606,-1.68733426371318
SKY,79.60401999899251,24.82606157515391,0.33166262979121225,0.351364054458405,0.26189004253255077,47.34355019542577,115.666664,99.15208970609973,53.61593932133098,-11.748479080096859,-8.055555,52.99902126612864,0.07823891391513675,-1.6055944875749681
SKY,41.14365078599613,32.331615074619044,0.008933602042100457,0.26352312780643944,0.20034728667469207,47.623523599162624,115.888885,99.46635624393029,54.31160466587891,-12.383531749569373,-6.8333335,53.16700379651287,0.0787366626469282,-1.645283825517544
SKY,51.42956348249516,43.30127018922194,0.23339299707672154,0.33379693797786103,0.21082245491953722,47.65151942767842,115.888885,99.85919648728627,54.16253719415889,-12.474253092924544,-7.4444445,53.37698573913787,0.0802091849642871,-1.6332780716118123
SKY,46.95742752749558,35.7957166897568,0.050251737997212685,0.36893278370055566,0.2946280081636466,47.80550593362711,117.55556,99.23065634055736,54.36129904061087,-10.931982499169132,-7.388889,53.0410168987247,0.07254935074978741,-1.6089685890027559
SKY,51.42956348249516,22.516660498395407,0.018983917078317782,0.3864991412344612,0.16761066101094657,48.02948390068765,116.333336,100.72342946632028,54.75881826137887,-13.154666229950498,-6.9444445,53.838937697694476,0.08194830472233137,-1.6518187649679141
SKY,41.59086438149609,26.55811238272279,0.4913521133710677,0.5621829551505417,0.6390151912300687,47.63752340324289,116.0,99.7020561473032,54.16253719415889,-12.292809181469332,-7.388889,53.29299069430103,0.07924399069393527,-1.6294824638317589
SKY,63.95154415649398,13.856406460551021,0.2735930825333924,0.281091085452841,0.4033156414105473,48.23946584331266,117.666664,100.17346302511683,55.25572623161078,-12.202088246362452,-6.111111,53.5449682695221,0.07575660565981873,-1.661172019916059
SKY,62.60990336999411,14.433756729740645,0.4422175532984652,0.351364054458405,0.0419022834150748,48.37945254518108,117.77778,100.64486990293045,55.4047937033308,-12.519613968726274,-6.1666665,53.796945844743156,0.07714597308123036,-1.6649195444349913
SKY,29.96331089849718,40.991869112463434,0.2680107507442074,0.47434123792916105,0.10606547270576061,47.60952379508236,115.55556,99.62348951284555,54.31160466587891,-12.746418347734926,-6.7777775,53.250995061704984,0.08035184162911563,-1.6544587481354738
SKY,91.67878707749138,27.135462651912416,0.18314076460090373,0.4919104098901842,0.29331786304179464,46.811599216467854,114.111115,98.8378231682692,52.62213187792546,-11.9299217668072,-9.2777775,52.83103873574443,0.08208170853786902,-1.58384162024397
SKY,112.25061247048944,13.856406460551021,0.29146034330172604,0.5094775263707282,0.14796883976197758,45.97167900525729,110.77778,97.42360960589609,52.025849469064696,-13.29075049034885,-7.9444445,52.07510978972598,0.08764336861490538,-1.631941851927404
SKY,94.80928224599108,27.712812921102042,0.07593633465334264,0.1756818216811546,0.026189050215195853,46.25165240899414,112.22222,97.65930243820118,52.22461086830308,-12.428892625371105,-8.3888895,52.20109290786941,0.08379103939831706,-1.6112165521708262
SKY,100.17584539199058,36.37306695894643,0.0893358968013533,0.21081891334124733,0.06285380961192447,45.43972802629937,108.44444,97.26646926591302,51.28049109142559,-14.424772385392107,-8.333333,51.99111474488914,0.09457853791925692,-1.6375778465268513
SKY,41.14365078599613,39.25981830489456,0.04578511275727634,0.2459551891337038,0.23046444940966762,47.53953233397052,115.666664,99.7020561473032,53.963772664425335,-12.383531749569373,-7.6666665,53.29299069430103,0.08033240125411925,-1.6267827301411888
SKY,65.74039853849382,29.444863728670917,0.33166100162995155,0.4743408584558419,0.6874617991702666,47.74951276473763,117.0,99.15208970609973,54.46067884580287,-11.430952132988166,-6.8333335,52.99902126612864,0.07403598712822028,-1.6310740197748537
SKY,54.11284505549491,35.7957166897568,0.06253573229119318,0.35136446555450085,0.19903730065186587,47.39954563210209,116.333336,98.13071638708264,54.16253719415889,-11.113425185879473,-6.4444445,52.45307426273521,0.07229565094919624,-1.6376324351703588
SKY,1.3416407864998738,12.124355652982143,0.18314019172934903,0.3865003428999721,0.0419023735711894,49.19137692787585,120.77778,101.27341004965938,56.547672643378704,-11.476312600541606,-5.5555555,54.13291468515633,0.07006938589370981,-1.6667765482637438
SKY,16.099689437998485,12.124355652982143,0.24120723644300898,0.42163704243763495,0.17284820801026315,49.079386054523226,120.666664,100.80200317184575,56.497985424064275,-11.249508221532954,-5.2777775,53.880937109935275,0.06864591843564131,-1.6722255131195671
SKY,35.32987404449668,27.135462651912416,0.10720443296267455,0.3162281771129338,0.40855144892718226,47.763510301031054,116.0,100.17346302511683,54.31160466587891,-12.701057471933195,-7.388889,53.5449682695221,0.08095119728980467,-1.6375124391495914
SKY,37.56594202199646,37.52776749732568,0.11278682203901504,0.6324555320336759,0.25141496267605323,47.497534433587624,115.333336,100.17346302511683,53.66563145999495,-12.655697004379755,-8.5,53.5449682695221,0.08302871910342782,-1.6077795182395127
SKY,13.863621460498695,24.248711305964285,0.20659073103248973,0.29865941624800646,0.2736759569400119,48.01548787625212,117.0,100.25203673064229,54.70913104206444,-12.292809181469332,-7.0555555,53.586967681762886,0.07809849779042168,-1.6365417229603787
SKY,25.93838853899756,10.96965511460289,0.12618702942130308,0.4743408584558419,0.45176108262455633,49.10738188303901,121.0,100.88056980630338,56.39860517165867,-10.931982499169132,-5.7222225,53.92293274253133,0.06789233669440815,-1.6551704511107383
SKY,91.23157348199142,6.9282032302755105,0.1563393216826426,0.5621829551505417,0.27760409420852894,48.169470602556075,115.55556,101.19483634413392,55.30541345092521,-14.56085623754217,-5.6666665,54.090915272915545,0.08609739146448561,-1.699118976039113
SKY,22.807893370497855,8.660254037844387,0.08598641631977927,0.3865003428999721,0.27760464221628434,49.97530548205483,123.0,102.7661902464901,57.392414403918565,-11.294869097334685,-5.8333335,54.930839263770835,0.06869910107641816,-1.65536582471438
SKY,12.074767078498864,35.7957166897568,0.16974015319341396,0.5270470778050705,0.4714054282447342,47.3715482917284,115.77778,98.60210912276064,54.013465250302914,-11.703117387798548,-6.8333335,52.7050442786668,0.07586326610234548,-1.6364088575961935
SKY,84.07615595399209,20.207259421636905,0.31714473794525516,0.35136484502782,0.19903741732448477,47.07757659576918,114.44444,99.07351600057427,53.268110003158974,-12.383531749569373,-8.166667,52.95702185388786,0.0818888342584018,-1.614270122094702
SKY,75.13188404399293,7.505553499465136,0.13400529396404065,0.42163704243763495,0.1414220739506924,49.289367997148226,119.666664,102.84474980987991,56.39860517165867,-13.154666229950498,-6.4444445,54.97283111672216,0.07924218395100946,-1.6654087916168945
SKY,73.3430296619931,28.290163190291665,0.1306553401096556,0.47434123792916105,0.10606620102574522,47.69351883991921,116.333336,100.25203673064229,53.86439107037895,-12.06600480246068,-8.6111105,53.586967681762886,0.08023597753079349,-1.6007042784976382
SKY,34.88266044899672,41.56921938165306,0.3037453928854126,0.33379693797786103,0.25796361999797807,47.45554106877841,115.333336,99.38778960947265,54.013465250302914,-12.519613968726274,-7.1666665,53.12500816391682,0.08019893035654228,-1.6410814192062742
SKY,22.807893370497855,32.331615074619044,0.04913518420108576,0.22838645989155312,0.03797442368596938,47.791506129546846,116.22222,100.17346302511683,54.31160466587891,-12.519613968726274,-7.5,53.5449682695221,0.08026709465276839,-1.631759559799214
SKY,46.06300033649567,22.516660498395407,0.09045248074861467,0.351364054458405,0.1518962522460439,48.197470210716595,116.55556,101.03770307521866,55.0569643851588,-13.426833117754043,-6.611111,54.006924007723434,0.0824051021051829,-1.66379467896748
SKY,45.61578674099571,42.146569650842686,0.018984441708057347,0.509477937466824,0.43081117039893474,47.441541264698145,115.44444,99.38778960947265,53.914085445110906,-12.338170057271062,-7.4444445,53.12500816391682,0.07988825554388441,-1.631575499904071
SKY,50.08792269599529,20.207259421636905,0.37074799765584465,0.456773330879202,0.29331886359789,48.21147001479686,117.44444,100.80200317184575,54.85819985542525,-12.383531749569373,-7.3333335,53.880937109935275,0.07874678309059437,-1.6341584195543895
SKY,53.66563145999495,9.81495457622364,0.16638930686544898,0.5973192435921088,0.40331069166307904,48.96739896081532,118.77778,101.5091099530323,56.497985424064275,-13.200027514000519,-4.8333335,54.2589015829445,0.07720144098348022,-1.706226035586141
SKY,92.12600067299134,32.908965343808674,0.059185796527488836,0.28109147757527086,0.12047095964354278,46.23765487270072,111.333336,98.2878425849301,52.1749182824255,-13.472193585307481,-8.5,52.53706174828258,0.08896143230065048,-1.6243469594120354
SKY,9.838699100999074,32.908965343808674,0.22334207117852012,0.21081811012272167,0.17284843428443314,47.665521121581044,115.77778,99.30921590394719,54.60975078965885,-12.655697004379755,-6.0,53.083008751676026,0.0785329836869937,-1.6705495286267986
SKY,41.59086438149609,16.74315780649915,0.3707492941546263,0.4392057716797857,0.5565219928165024,48.56143487964557,119.0,100.9591293696932,55.30541345092521,-11.61239604444338,-7.2222225,53.96492459548265,0.07445406028583747,-1.6247620310925919
SKY,97.04535022349087,25.980762113533164,0.06253575641210075,0.4919104098901842,0.29331786304179464,45.92968337266123,111.111115,97.10933599699771,51.92646921665909,-12.746418347734926,-8.1111105,51.90712347969702,0.08537863424593403,-1.6211610898093993
GRASS,31.752165280497014,103.92304845413265,0.16973958032185926,0.9486832980505138,0.6599655984304371,8.441206815849057,18.333334,15.163512478281953,12.17414733090446,-4.898979485566357,7.3333335,10.289032414405717,0.14640994965012455,1.7351203278537326
GRASS,85.86501033599193,90.64399226277126,0.15298914772497604,0.24595498991021122,0.05761606815824308,6.929348923812148,13.888889,12.177950670406926,10.68343638940299,-5.443310403435411,8.333333,9.029151719625398,0.1870176015255061,1.7243614153352667
GRASS,41.59086438149609,136.2546635287517,0.812963983095318,0.6324555004108993,0.32998316691074475,4.731555058726525,9.555555,7.6210399099231845,7.702012270332072,-3.628873738373038,7.0555555,6.509388440242391,0.20001475111685957,1.6031506558285094
GRASS,36.22430123549659,132.21321164442432,0.23674224539456026,0.6500236604430711,1.1379179515854823,4.129611862727814,7.4444447,7.542472568358767,6.559132883070582,-4.263926816093842,5.611111,5.543479063456823,0.22188143428213225,1.808395682267751
GRASS,8.94427190999916,98.1495457622364,0.23674197403435013,0.3513639279672986,0.1990372051924504,7.391305039977957,15.111111,13.356462208086764,11.031268390856566,-5.443310403435411,7.6666665,9.323123415584622,0.17328045654195073,1.7708718588425587
GRASS,101.0702725829905,134.5226127211828,0.39754876820380736,0.5621827654138821,0.3875992386045218,4.423584314615985,8.333334,7.778174593052022,7.056036828380135,-4.127843780440361,6.111111,5.963439547026579,0.2119542584433995,1.7512312608883212
GRASS,103.30634056049028,134.5226127211828,0.22334179981830996,0.36893230935890664,0.12177948549086581,4.75955239910021,8.888889,8.406714032674152,7.602631123499285,-4.536092070904224,6.611111,6.425396041156862,0.21386721459815056,1.7618132552901342
GRASS,47.851854718495495,121.24355652982143,0.1797900991797455,0.5797509570688305,0.231773675292704,5.711463105698936,11.222222,10.056629619740502,8.894582007403159,-4.762896858161166,7.1666665,7.517293827588489,0.19488188390732453,1.7406135575940584
GRASS,62.60990336999411,104.50039872332228,0.14405541181183862,0.4040687875371333,0.6036592864853163,7.293314726634532,15.444445,13.04219213472231,10.73312629199899,-4.717535574111145,7.0555555,9.071147352221452,0.1599540369966385,1.7384017275825068
GRASS,51.42956348249516,105.65509926170152,0.11613763821584555,0.6324554055425695,0.5185447725232135,6.845356146762144,14.0,12.256518011971345,10.285912696499032,-5.035062112971548,7.3333335,8.693182879212225,0.17547061804387246,1.7558862862502285
GRASS,110.90897168398956,86.02519010925425,0.2378591248229393,0.3337958944262332,0.22653601162076856,7.181324987175317,14.444445,13.985001647708893,10.186532444093436,-5.579393439088892,5.6666665,8.609191236055642,0.1626590889274672,1.938637043898398
GRASS,46.06300033649567,124.70765814495918,0.196540682532301,0.685160043752968,0.4046221272548067,5.501482674931822,10.888889,9.66379291191841,8.546748217095201,-4.4907311951024935,6.8333335,7.223320619771372,0.1930602129916869,1.7306768688407566
GRASS,16.099689437998485,140.2961154130791,0.5583541754210796,0.6324555320336759,0.25141549300613913,5.039526180801539,9.888889,8.563848715802987,8.049844718999243,-4.218565532043821,7.0,6.80336051416609,0.20224277819391226,1.6746484145053029
GRASS,66.18761213399377,97.57219549304676,0.23339191163588108,0.5797507989549476,0.9231666876459859,7.405303710164801,15.111111,13.199327524957928,11.180339887498949,-5.488671687485431,8.1111105,9.44911182523068,0.1771508308271175,1.7449641734866648
GRASS,93.4676414594912,143.76021702821683,1.094374802526595,0.8784105314307201,1.4875431872325695,3.9756261127080705,7.5555553,5.73542229816358,7.105727178189731,-3.628873738373038,8.055555,6.0054355575871075,0.23850209625393654,1.525073268552775
GRASS,76.92073842599277,125.86235868333843,0.7325610081264718,0.5094779690896006,0.8550752391108632,5.641469754764723,11.888889,9.742360253482827,8.546748217095201,-3.7195954899764976,6.2777775,7.223320619771372,0.17282822520990926,1.6702894547526783
GRASS,39.802009999496256,127.59440949090731,0.447800065994457,0.45677345737030844,0.5604479557316674,5.319499962502866,10.666667,8.799551447603024,8.546748217095201,-4.173204656242091,7.5555555,7.223320619771372,0.1994624244378733,1.6385162479361641
GRASS,80.49844718999243,129.32646029847618,1.1178251187113406,1.1419334695005,1.9864475032229014,5.739460446072622,11.666667,9.428090180118373,9.192723659047138,-4.309287283647282,8.055555,7.769269512987185,0.19828314901935565,1.6251118368172448
GRASS,67.97646651599361,127.01705922171769,0.2065911712390528,0.4567735522386383,0.7647231145098334,5.5294803932699805,11.555555,9.270955496989535,8.596438566904798,-3.7649563657782283,6.888889,7.265316630331901,0.18635617261776166,1.6312136733641378
GRASS,55.45448584199478,105.65509926170152,0.1295381682152723,0.7202964586856415,1.4836146787329922,6.87335348713583,14.222222,12.099381914628944,10.38529294890463,-4.853618609764627,7.5555555,8.77717452236881,0.17436065178838536,1.7168708917808015
GRASS,89.44271909999159,95.26279441628826,1.1982289379119517,0.5621826389227758,0.3247453653529869,6.55138445080292,12.888889,11.627978572349216,10.136841199856649,-5.443310403435411,8.0,8.567194469566168,0.19266835549503794,1.7474002270585305
GRASS,25.93838853899756,133.9452624519932,0.43886610394781106,0.8081376383198199,0.29331814588450705,5.557477733643666,11.222222,9.585224863247209,8.646129811141584,-4.263926816093842,6.9444445,7.307313396821375,0.18938742661728397,1.6990722362808768
GRASS,103.30634056049028,114.31535329954592,0.04020151462044411,0.3513641493267348,0.4347397849645291,5.977438217213421,12.444445,10.056629619740502,9.29210525309352,-4.127843780440361,7.4444445,7.853262290037187,0.1792893838801185,1.6439455552234705
GRASS,83.18172876299218,125.86235868333843,0.22445838678068483,0.36893234098168326,0.2317737177191109,5.1795132606344385,10.666667,8.956686130731862,7.950464466593646,-3.7195954899764976,6.111111,6.719368871009506,0.17948775888681037,1.6848116602712973
GRASS,111.80339887498948,99.30424630061565,0.15298899696930376,0.42163704243763495,0.251415422295461,6.075428908521321,12.333333,10.606601717798211,9.341795602903115,-4.581452946705954,7.2222225,7.895258300597716,0.1832839896299792,1.7095732669562438
GRASS,50.9823498869952,104.50039872332228,0.11613783721333297,0.2810912751895006,0.38759927395986077,7.531292119810859,15.888889,13.277894866522345,11.230029790094948,-4.944340361368087,7.7777775,9.491107457826736,0.16393979238944426,1.7117803593523613
GRASS,21.913466179497938,85.44783984006463,0.07593593967348124,2.108185054074292,11.81654132347467,6.033432897960792,12.0,11.94224864571367,8.497058314499201,-4.853618609764627,4.5555555,7.349309407381903,0.18054375093345656,2.0594346409129085
GRASS,11.180339887498949,114.89270356873554,0.183140056049244,0.3337960525401162,0.16368199694787755,6.621377423772661,13.111111,12.649355426900216,9.639937254547094,-5.39794952763368,6.0555555,8.147233985996412,0.1757559045407138,1.902196154508593
GRASS,58.58498101049449,120.08885599144217,0.1261880967714629,0.19325026631831585,0.08511465891899297,6.1174245411173755,12.777778,10.606601717798211,9.29210525309352,-4.173204656242091,6.888889,7.853262290037187,0.17135771535373012,1.6913963800390623
GRASS,96.59813662799091,97.57219549304676,0.117254384979233,0.6148872771331743,0.14796848267305307,6.271410291137119,12.777778,11.078006474291504,9.5405570021415,-4.672175106557705,7.111111,8.063242342839828,0.1792237329242991,1.7294276232904342
GRASS,83.18172876299218,99.88159656980527,0.2501430226332895,0.6675920418346791,0.7018689937709253,6.481390721904233,13.555555,10.999438425620305,9.987770597641457,-4.400009443499033,7.7777775,8.441206815849057,0.17729034358036966,1.6494955656383257
GRASS,2.6832815729997477,100.45894683899489,0.30374436774684105,0.9135467882495105,1.4246892432703564,7.209322327549002,15.111111,12.570788085335797,10.882197788641374,-4.853618609764627,7.888889,9.19713576186751,0.17077631084676445,1.6935336809958768
GRASS,107.77847651548986,125.86235868333843,1.0541730286063944,0.5270461923673256,0.3614101247497156,3.1917002042804037,5.4444447,5.185449846552478,5.615014895047474,-3.6742346141747677,6.1666665,4.745553728913368,0.2545834499345195,1.6697916515787228
GRASS,71.10696168449331,121.24355652982143,0.4120651826441761,0.4919098406802054,0.7647229730884773,4.899539478933111,9.444445,8.48528137423857,7.801392969951264,-4.309287283647282,6.7222225,6.593380461363449,0.2059134626644164,1.7173853119641147
GRASS,4.024922359499621,136.2546635287517,1.0418893358237586,0.966251426459909,1.9550200009117091,4.185606543475185,9.444445,6.678231104043382,6.410061386428199,-1.995880576517585,4.888889,5.4174906538107654,0.16839986252163724,1.4730657062178605
GRASS,70.2125344934934,106.23244953089116,0.23339222520767944,0.42163704243763495,0.2985563222088589,7.349309407381903,15.222222,12.885056037379911,11.130649984902949,-5.171145148625029,8.166667,9.407116192634625,0.17361292407311732,1.7108061783399207
GRASS,42.93250516799596,136.2546635287517,1.1580269830849443,0.5446145105133805,0.3993844105498626,5.277503951942338,10.777778,8.799551447603024,8.34798771228401,-3.9010389931834193,7.0555555,7.055337333458206,0.18972372229682802,1.6409330682035812
GRASS,41.59086438149609,133.36791218280356,0.7325610081264718,0.8432740532524934,1.1156575937176265,4.647563037605468,8.777778,7.85674193461644,7.602631123499285,-4.309287283647282,7.0555555,6.425396041156862,0.21699517406556376,1.6909093248881812
GRASS,19.677398201998148,90.64399226277126,0.09045347875116524,0.9311150747727888,2.693553683368685,9.183137091680667,19.222221,17.127696724499195,13.16795611595076,-6.214446108561407,7.7222225,11.128954137474175,0.15654406910803897,1.8415205944071815
GRASS,46.06300033649567,130.48116083685545,0.5148027009160234,0.5094779690896006,0.6193727901535391,5.095521239513382,10.222222,8.406714032674152,8.198916215641626,-3.99176115303517,7.2777775,6.929348923812148,0.1978723564990732,1.6290702912890054
GRASS,42.03807797699604,129.32646029847618,0.5550042034760139,0.2986594794935597,0.19510911035034023,5.081522569326539,10.0,8.406714032674152,8.248606565451222,-4.218565532043821,7.5,6.971344934372676,0.20466414465257152,1.6462211662666848
GRASS,91.67878707749138,90.06664199358163,0.3852645930030201,0.6324555320336759,0.8328148812430076,6.901351583438462,13.444445,12.256518011971345,10.73312629199899,-5.8969199779492945,8.6111105,9.071147352221452,0.1970319705989535,1.750669110997278
GRASS,93.02042786399124,138.5640646055102,0.26019321284381025,0.7730011917643699,1.770385722930493,5.347497680841025,10.888889,9.192388155425117,8.298296468047221,-3.99176115303517,6.611111,7.01334056696873,0.18855462993187988,1.6917439937326937
GRASS,80.05123359449247,86.60254037844388,0.059185561348640066,0.5446145105133805,0.5722319255954802,7.153327646801632,13.444445,14.14213562373095,10.434984193141416,-6.713416558877022,6.611111,8.819171288858284,0.1898071812980202,1.974011899104886
GRASS,102.85912696499032,103.92304845413265,0.15633914982117622,0.6148872771331743,0.44652460335647937,5.235507563417337,9.666667,9.270955496989535,8.397678062093604,-5.125783864575008,7.388889,7.0973333440187325,0.21774067465712624,1.7592232645720043
GRASS,94.36206865049112,118.93415545306293,0.34059632047764804,0.6851602651124041,0.3889089064292964,6.075428908521321,13.555555,10.292331644433757,8.99396181259516,-3.08454253473018,6.0555555,7.601285092780599,0.14639997678694489,1.5926646865275815
GRASS,72.89581606649314,95.8401446854779,0.33054601267770295,0.7730013815010294,0.3718858056469771,6.411397370970019,12.333333,11.549411230784797,9.938079353404671,-5.670115190692353,7.888889,8.399210049359581,0.19955283313833957,1.7789572713320363
GRASS,23.25510696599781,106.80979980008078,0.4288160373569417,0.29865953009000223,0.3365306999328875,7.27931605644769,14.888889,12.885056037379911,11.031268390856566,-5.35258865183195,8.1111105,9.323123415584622,0.1773013808119066,1.7337097912466215
GRASS,25.4911749434976,102.19099764656377,0.16638952696873052,0.45677339412475526,0.6075885728023528,7.405303710164801,15.777778,13.04219213472231,10.98157804104697,-4.672175106557705,7.4444445,9.281127405024094,0.1605453875339681,1.70643392497981
GRASS,57.243340223994615,113.16065276116666,0.3752138329360582,0.5973190538554493,1.3618356882168732,7.419302758316116,15.666667,13.120758769179945,11.031268390856566,-4.853618609764627,7.5555555,9.323123415584622,0.16336559249350205,1.7234591470824727
GRASS,20.571825392998065,135.67731325956208,0.5550042637782827,0.5446145105133805,1.2636256273778737,4.115613192540971,7.5555553,6.599663762478964,7.056036828380135,-4.08248290463863,7.3333335,5.963439547026579,0.2327296867700208,1.6378307786224817
GRASS,67.97646651599361,114.89270356873554,0.1563393005768485,0.2635232542975458,0.09035237208840312,6.789361843979246,15.222222,10.920871791162668,10.38529294890463,-3.356708075314365,7.888889,8.77717452236881,0.1556583133886558,1.5057930829249084
GRASS,32.19937887599697,128.17175976009693,0.7962131886848213,0.5094780323351538,0.8079346927508558,5.655468424951565,11.666667,9.270955496989535,8.99396181259516,-4.037122028836901,7.7222225,7.601285092780599,0.19026295456173806,1.6128556964002947
GRASS,70.65974808899335,126.43970895252806,1.0642238188244908,0.6675919785891259,1.4404030297812915,5.62747108457788,11.444445,9.585224863247209,8.795201307783968,-4.218565532043821,7.1666665,7.4333018064674325,0.19051842980030334,1.6678495828041942
GRASS,104.64798134699015,102.19099764656377,0.1429384781114175,0.2810913321104985,0.19903761884991739,6.145422637420008,12.555555,10.920871791162668,9.29210525309352,-4.536092070904224,6.7777775,7.853262290037187,0.17727493259986873,1.7409806167241724
GRASS,62.60990336999411,142.60551648983758,0.9614860593435678,0.8432740532524934,1.2570785256908674,3.0657117946343457,6.0,4.164073345554866,5.565324992451474,-2.5855725743125144,6.5,4.7035580963173125,0.2519900582942152,1.497571410958696
PATH,103.30634056049028,92.37604307034013,2.484676296204415,4.163665691297622,49.44639682471931,15.454547760782262,34.11111,36.612419352785196,16.447523228306444,-8.301048844930744,-6.1666665,19.570161331287704,0.1518818002929126,-1.6516861824464415
PATH,110.4617580884896,91.79869280115051,1.5231900861051753,4.97180250742525,59.73351355664182,13.522729763140068,30.444445,31.819805153394636,14.261145153402653,-6.531972647421809,-5.8333335,17.176384949692864,0.1293421858862192,-1.8026623190645341
PATH,95.70370943699099,92.95339333952975,0.21999279873977381,3.6366193091936365,6.6900199882993245,15.286562584646727,35.333336,35.1196377417409,16.248761829068062,-6.259806984363137,-6.1666665,18.77223599674425,0.13329475355810286,-1.5548846783155656
PATH,64.8459713474939,94.10809387790901,4.069287861336216,5.902918088162464,9.632373682756556,14.9085981116375,34.0,33.783992228039004,16.348142081473657,-6.66805568307529,-4.3333335,18.18429033703896,0.12590678496044358,-1.7149631883958383
PATH,91.23157348199142,92.95339333952975,0.1529891175738416,2.9163226607713355,25.843444704823114,16.658434152779684,38.0,38.57660430610922,17.739473217783125,-7.439190571704706,-6.611111,20.620062351229855,0.13778843179199768,-1.5827118050289903
PATH,63.05711696549407,94.10809387790901,0.1295384848021841,5.938054471472361,0.6547183004286079,15.384554409848047,35.22222,34.56966564368319,16.994116628998402,-6.713416558877022,-4.0555555,18.47826354485608,0.12077261188720965,-1.6888918078200996
PATH,88.10107831349171,92.95339333952975,1.6750618026360116,3.6366193091936365,35.22570163759854,16.01449456825597,36.88889,36.533851304113995,17.24256927247357,-6.713416558877022,-5.7222225,19.570161331287704,0.12300157364067697,-1.6939209633799328
PATH,67.52925292049365,94.10809387790901,0.6890095939236847,5.744804205154045,14.845329983097193,15.118578920369089,34.555557,33.94112549695428,16.74566398552323,-6.66805568307529,-3.83333325,18.18429033703896,0.11799574192507964,-1.7801343212799994
PATH,85.86501033599193,93.53074360871939,0.6622083711087051,4.725848140483738,77.63117107700045,15.286562584646727,34.444447,34.962500937291715,16.74566398552323,-7.348469228349535,-4.5,19.024211304178472,0.13765867276726337,-1.819834690088362
PATH,99.72863179649062,92.95339333952975,0.9168163998660106,2.8460495779237758,10.968016014477938,15.888506536574384,36.0,36.926685890615744,16.9444267264024,-7.3938296959029755,-6.2222225,19.738143861671926,0.13792803398796896,-1.6138262711681512
PATH,87.65386471799175,92.95339333952975,1.6705944597990752,3.724459793126729,33.22879319665476,15.8605091962007,36.555557,36.2195791094292,17.0438065315944,-6.6226939907769795,-5.7777775,19.402175777187697,0.1261701087976099,-1.6887760544400194
PATH,63.50433056099403,94.10809387790901,0.2646601305497508,5.586690322145626,1.1471035161604688,15.286562584646727,35.0,34.333963618989934,16.8947368238064,-6.66805568307529,-4.0,18.352275513174494,0.12029070793310678,-1.6919231745910464
PATH,89.88993269549154,92.95339333952975,0.15633939103025188,3.6366196254214023,34.17289035108988,15.804514893417801,35.77778,36.376714499664814,17.093496434190403,-7.3938296959029755,-5.388889,19.44417178774823,0.13549809891681994,-1.6539043764190235
PATH,16.54690303349844,95.26279441628826,2.444473075029761,5.200190105736761,8.448614352100142,13.536728055362438,30.777779,30.327024956563907,15.10588244180657,-6.169085232759676,-3.0555555,16.210476706800716,0.1223784798823388,-1.7466619368682936
PATH,83.18172876299218,93.53074360871939,0.17978999365077492,3.917710375672811,23.62391960372533,16.658434152779684,37.444443,38.65517164767364,17.938233722594315,-8.11960534172382,-5.9444445,20.662058361790386,0.13483829786656312,-1.6876311071399221
PATH,110.90897168398956,92.37604307034013,2.680102984771905,0.6851605813401702,1.331718702258593,16.60243947203231,37.11111,40.38365316209084,16.795355676973614,-8.346409720732474,-9.555555,21.585970594122003,0.1583300613230276,-1.4946764450858403
PATH,87.20665112249179,92.95339333952975,0.5449531418977073,3.3203912269490328,32.287280517504875,15.678525727842796,36.0,36.141012474971554,16.69597542456802,-6.713416558877022,-6.2222225,19.360179388662697,0.13179664615094544,-1.6380171719700023
PATH,80.94566078549238,93.53074360871939,2.1574798032047613,4.2339381416896495,3.416364846545978,15.944500839357282,36.444443,36.29814715810039,17.341950419306357,-7.030942281240843,-5.111111,19.402175777187697,0.1276896869294873,-1.6457784467109842
PATH,84.970583144992,93.53074360871939,1.2015776736605046,4.4096203744669,54.84661020351394,15.622531047095427,35.0,36.141012474971554,16.9444267264024,-7.7567175188133985,-5.1666665,19.402175777187697,0.1334802443411084,-1.7639538089381421
PATH,66.63482572949373,94.10809387790901,3.663919426561919,4.427188724235731,17.2848363573755,15.748520212670432,35.444447,36.29814715810039,17.093496434190403,-7.620634483159916,-5.1666665,19.402175777187697,0.13306721575284844,-1.6860544004392324
PATH,83.62894235849214,93.53074360871939,0.345062909536223,3.6893240422723648,25.848677295003892,16.33646360458888,36.77778,37.94806486648709,17.54071002969036,-7.89280055446688,-6.0,20.284093888781157,0.13424558332776723,-1.6911741363777355
PATH,106.88404932448995,92.37604307034013,0.2780600635567153,1.87979793010443,1.6250364945897093,17.064395966162593,37.88889,41.24789462640623,17.54071002969036,-8.890741046849817,-8.8888895,22.04792708825229,0.15747548086338672,-1.5294715434424333
PATH,113.59225325698931,91.79869280115051,2.2736186565113257,4.69071175717384,53.987602743592895,13.844698799472978,31.333334,32.68404520349646,14.459907447068229,-6.486611771620079,-6.4444445,17.47035702361656,0.13185885803421543,-1.6382759023412385
PATH,80.05123359449247,93.53074360871939,0.3941982233871869,4.4447570740045625,2.096437963036469,15.230567903899358,34.666668,34.8053655470561,16.54690303349844,-6.894860470332232,-4.9444445,18.604250442644243,0.12953618714394707,-1.6554771233217387
PATH,80.49844718999243,93.53074360871939,1.7375987228819025,4.093393240905594,3.3220781676823914,15.678525727842796,35.666668,35.748177181363026,17.093496434190403,-7.121664849340885,-4.888889,19.108204459192947,0.13018675323345683,-1.6513568828184428
PATH,113.59225325698931,91.79869280115051,2.2736186565113257,4.69071175717384,53.987602743592895,13.844698799472978,31.333334,32.68404520349646,14.459907447068229,-6.486611771620079,-6.4444445,17.47035702361656,0.13185885803421543,-1.6382759023412385
PATH,85.41779674049197,93.53074360871939,0.5684042721630834,4.47989345731446,74.57226956799433,15.482544723191474,34.88889,35.43390569378501,16.9444267264024,-7.439190571704706,-4.611111,19.150200469753475,0.13332510594482946,-1.8071407798631793
PATH,61.268262583494234,94.10809387790901,0.23674241122579978,5.973190538554492,1.9589528227626516,14.85260343089013,33.77778,33.62685683780339,16.348142081473657,-6.75877702643046,-4.111111,17.974311040165265,0.12737234863425648,-1.693671425396852
PATH,111.80339887498948,92.37604307034013,0.35734711488814475,0.49190977743465214,0.9689982732879996,16.182479366427028,36.444443,39.12657428284658,16.397832431283252,-7.802077986366839,-9.2222225,20.914033669224608,0.15524673377244527,-1.4865635261425743
PATH,87.20665112249179,92.95339333952975,0.5449531418977073,3.3203912269490328,32.287280517504875,15.678525727842796,36.0,36.141012474971554,16.69597542456802,-6.713416558877022,-6.2222225,19.360179388662697,0.13179664615094544,-1.6380171719700023
WINDOW,77.81516561699267,64.66323014923809,0.30039429027280473,0.2108183947277111,0.2828424437740421,11.954876434426842,24.222221,30.876997054621615,12.074767078498864,-9.072183733560157,-6.9444445,16.504449158688885,0.19902771493450352,-1.5872936448390447
WINDOW,83.62894235849214,77.9422863405995,0.7426118284957026,0.2635232542975458,0.16891998588893237,9.995060718446494,20.222221,26.162950903902257,9.888389003595075,-7.620634483159916,-6.5,13.984685501341406,0.20313858280278635,-1.564110017646994
WINDOW,72.44860247099318,54.27092530382483,11.83822394205547,0.17568215688258657,0.0890431426698328,5.809453797006835,10.666667,16.813428772455083,5.217492096570708,-5.760836942295813,-5.5555555,8.987155709064869,0.2681464275833074,-1.5151572980281616
WINDOW,76.92073842599277,79.67433714816836,3.0374485016499237,2.477117553169858,17.54803670412893,4.60556702704494,8.222222,13.59216281856646,4.074612709309217,-4.853618609764627,-4.611111,7.265316630331901,0.2751482093527087,-1.5359059323085185
WINDOW,105.09519494249011,50.806823688687075,0.013400520351063726,0.14054569135347053,0.026189129764708736,4.633564367418626,7.5555553,14.927809039375134,3.627399561022855,-5.760836942295813,-6.2222225,7.979249565789827,0.28701046053062595,-1.5108587959053288
WINDOW,106.88404932448995,53.6935750346352,4.069287861336216,0.33379595767178644,0.3051032718679072,5.445488372148924,9.888889,16.184889332832956,4.670897801451558,-5.534032155038871,-5.9444445,8.65118724661617,0.25804329555542516,-1.5114360778814893
WINDOW,105.98962213349003,52.53887449625595,0.005583550799551132,0.19325022520870627,0.06940120121271101,4.59156873482257,7.5555553,14.613541087331024,3.6770894636188554,-5.624754314890622,-5.888889,7.81126627947666,0.28374077907479883,-1.5185618757582187
WINDOW,90.78435988649146,76.78758580222024,0.008933671088198366,0.03513641809495114,0.010475657916291134,0.2239789497681678,0.0,1.2570787378229018,0.0,-0.7257747476746075,-0.8888889,0.6719368493045033,0.4472135954999579,-1.4809610484045554
WINDOW,83.62894235849214,77.36493607140986,0.6164236020743616,0.3513643390633945,0.13618332840538172,10.09305103178992,20.333334,26.477219563053147,9.987770597641457,-7.802077986366839,-6.5555555,14.152669165619047,0.20471272546545066,-1.5672738962287351
WINDOW,82.28730157199226,52.53887449625595,0.11613783721333297,0.1229775945668519,0.03797431054888439,9.099144692595138,17.777779,24.670170707071527,8.74551006354718,-7.7113570512599585,-6.7777775,13.186760922726897,0.21913018965902437,-1.5573495111334257
WINDOW,106.88404932448995,63.508529610858844,0.018984070849103515,0.07027287097495655,0.010475664987358947,3.5696646772896305,6.111111,11.235141157420342,2.8323528460353327,-4.08248290463863,-4.6666665,6.0054355575871075,0.27755985338780176,-1.4992541129658856
WINDOW,105.09519494249011,49.65212315030782,0.005583543563278863,0.08784105946762732,0.022260782131924294,4.661561707792311,7.7777777,14.927809039375134,3.627399561022855,-5.579393439088892,-6.3333335,7.979249565789827,0.2821597314342199,-1.4991748462957146
WINDOW,89.88993269549154,76.78758580222024,0.07258604913647858,0.07027283618990228,0.026189135068009593,0.27997366831198606,0.33333334,1.2570787378229018,0.04969039900309133,-0.49897012371698174,-0.9444444,0.6719368493045033,0.430650145563426,-1.4135510033191232
WINDOW,74.68467044849298,77.9422863405995,0.03238454235532942,0.1932503738357563,0.053687715222157775,11.786891636255783,24.0,30.484158225479177,11.826315329450885,-8.800018478749775,-7.111111,16.294467971992823,0.19817630074711878,-1.5752934063662059
WINDOW,74.23745685299302,63.508529610858844,0.07258592250171385,0.6675920418346791,0.8118638730018752,11.072959456726803,23.0,28.598539906612793,10.93188813845097,-7.7113570512599585,-7.2777775,15.286562584646727,0.1931179661554098,-1.5429197244711077
WINDOW,106.43683572898999,49.65212315030782,0.008933654505074414,0.10540915625424596,0.015713452756534508,4.535573676110726,7.5555553,14.456405697095406,3.5777087639996634,-5.443310403435411,-6.0,7.727273880391131,0.28152234472936954,-1.5049789908877282
WINDOW,77.81516561699267,66.39528095680697,1.027371866093684,1.159501692778225,4.336922416235403,11.142952807661016,23.11111,28.362837881919532,11.279720139904544,-7.802077986366839,-6.388889,15.160574552965143,0.18849755653282219,-1.5688262077454738
WINDOW,73.79024325749306,68.70468203356548,0.4746015300185122,0.456773330879202,0.29331814588450705,11.142952807661016,23.222221,28.519975393475498,11.130649984902949,-7.665996175458228,-6.888889,15.244568085944092,0.19038485604359942,-1.5469949929831204
WINDOW,94.36206865049112,61.77647880328996,0.6789592258214708,0.6500238185569541,0.9964969489015634,6.32740497188449,11.777778,18.22764233482818,5.664705692070665,-6.078363481156216,-6.111111,9.743084655083324,0.24470338357593668,-1.526971355285514
WINDOW,97.93977741449079,76.78758580222024,0.09045356015922827,0.1405457419499131,0.010475666401572508,3.723649671380428,6.2222223,11.785113962584834,2.98142389546412,-4.445370319300764,-4.7777775,6.299408387439751,0.2805234260817811,-1.5123198199366163
WINDOW,77.81516561699267,65.24058041842773,0.30486113561602257,0.31622767114850814,0.32998297599191384,12.010871493138687,24.444445,30.955565103292813,12.124456981094864,-8.981462390204987,-7.0,16.546445547213885,0.1974477093016022,-1.5830725709087516
WINDOW,111.80339887498948,50.229473419497445,0.07258605818181892,0.19325022520870627,0.13225512396172046,4.213604261813344,6.6666665,13.827865550366493,3.229876002282976,-5.488671687485431,-5.888889,7.391305039977957,0.2948608479860322,-1.5122303002181183
WINDOW,109.5673308974897,74.47818472546173,0.0,0.0,0.0,0.0,0.0,0.0,0.0,0.0,0.0,0.0,0.0,0.0
WINDOW,105.98962213349003,47.92007234273895,0.12618806059010154,1.8446620211361824,7.3971204055248405,3.737648719531744,6.0,12.020815280171307,2.98142389546412,-4.762896858161166,-4.8333335,6.425396041156862,0.3025762663783166,-1.520461235283164
WINDOW,94.80928224599108,54.27092530382483,0.7158102438671096,0.38650059588218494,0.34045848011248003,5.907444866279208,10.555555,17.599102895206048,5.118111396951516,-6.214446108561407,-6.2777775,9.407116192634625,0.2578899952070237,-1.5269732644738232
WINDOW,77.36795202149273,51.96152422706633,0.08040294481771175,0.26352293806977983,0.12177948549086581,8.889164261828023,17.333334,24.35590204792063,8.397678062093604,-7.575273607358186,-7.111111,13.018777258449255,0.22213940050042452,-1.543219537746331
WINDOW,93.91485505499116,65.81793068761735,0.3941981329337836,0.19325022520870627,0.0222607856674582,6.1174245411173755,11.444445,17.677669529663685,5.416253495809091,-5.8061978180975435,-6.111111,9.44911182523068,0.24427128579996463,-1.5143819554425906
WINDOW,107.77847651548986,77.9422863405995,0.008933668676107608,0.05270462872356554,0.027498597831817715,0.05599473744204195,0.0,0.31426968445572545,0.0,-0.18144368691865187,-0.222222225,0.16798421232612581,0.14907120148140993,-1.4809610484045554
WINDOW,110.4617580884896,53.11622476544558,0.1563391799723107,0.1405456375947503,0.041902654999688316,4.563571016484412,7.5555553,14.53497233155304,3.627399561022855,-5.534032155038871,-5.9444445,7.769269512987185,0.2826956990398828,-1.511689080687798
WINDOW,83.18172876299218,51.3841739578767,0.05918558546954763,0.33379602091733956,0.10082821208469042,8.567194469566168,16.444445,23.72736190119172,8.049844718999243,-7.620634483159916,-7.0,12.682808418036085,0.22783842223331865,-1.5472549961465627
WINDOW,105.54240853799007,66.39528095680697,1.1044251706288088,0.1405455901605854,0.026189067892865382,5.571476403830508,10.666667,15.713483162126101,5.0684205999283245,-4.989701237169817,-5.111111,8.399210049359581,0.23842115059315103,-1.5214287694918613
CEMENT,84.52336954949205,45.61067126598044,0.7024096927618887,0.4216372321742946,0.2671292971947439,15.650528387469112,38.0,35.1196377417409,16.348142081473657,-4.173204656242091,-7.2777775,18.77223599674425,0.11875068319564314,-1.4033120264168637
CEMENT,84.970583144992,46.765371804359695,0.19654074283456993,0.5797509254460539,0.12177890212777134,16.224474999023084,39.444443,36.45528396254957,16.8947368238064,-4.263926816093842,-7.7222225,19.486168932202176,0.11951843266358173,-1.3932985458671248
CEMENT,80.49844718999243,71.01408311032398,0.6354069372357843,0.3513642441950646,0.1833239030496603,21.725957295990433,52.555557,48.47610136404123,22.956963972713044,-6.033002605354485,-9.2222225,25.911566107252455,0.11233728246529734,-1.429417772382168
CEMENT,83.62894235849214,46.188021535170066,0.21440815435857588,0.42163704243763495,0.25141485661003604,15.314561058913833,37.77778,33.7054241793678,16.149379340594486,-3.356708075314365,-6.611111,18.016307050725793,0.10944644011835415,-1.3736949295975434
CEMENT,78.70959280799259,57.73502691896258,0.23339233375176346,0.4567735206158617,0.2304642726329723,20.928032717375924,50.333332,47.297587705041046,21.86377627690194,-6.169085232759676,-9.7222225,25.281624059022167,0.12013074857426835,-1.4185905533486398
CEMENT,106.43683572898999,56.58032638058333,0.3886142031344723,0.4040686610460269,0.21082289686127545,19.976122388741672,47.555557,45.72624087375267,20.720895995213255,-6.486611771620079,-9.7777775,24.4417038478116,0.1275049072160986,-1.432437825444616
CEMENT,97.93977741449079,72.74613391789286,0.018984061803763178,4.444756441549031,15.68862164125297,13.676714001301919,33.555557,30.40559159102154,14.310835055998654,-3.2206254479091743,-6.2777775,16.25247233939677,0.11556389725187784,-1.3733277290460733
CEMENT,97.04535022349087,44.45597072760119,0.82636420253806,0.5270462556128789,0.18856181774450306,15.202570185561198,37.22222,34.09825876586955,15.751855647690528,-3.6742346141747677,-7.5,18.226285969635015,0.12038624617351344,-1.3661767581679338
CEMENT,90.78435988649146,69.2820323027551,1.1792438539847303,1.3527521804559768,3.2749523291434333,18.67424417154293,44.88889,41.955001407592775,19.677398201998148,-5.534032155038871,-8.1111105,22.425891561261516,0.11782584548014921,-1.4391341266624524
CEMENT,89.88993269549154,72.16878364870323,0.13400491707485992,3.144709310399548,36.68181976203831,16.182479366427028,39.11111,36.612419352785196,16.795355676973614,-4.536092070904224,-7.888889,19.570161331287704,0.12103300200318952,-1.3951390741078753
CEMENT,75.57909763949289,58.889727457341834,0.10720382089464506,0.28109147757527086,0.10475627864252933,22.005930699727287,53.444443,49.26177477968541,23.056346013973023,-5.851558693899274,-10.0,26.331526212857735,0.11616818567852526,-1.404020123147544
CEMENT,88.99550550449163,69.2820323027551,1.2294957246469347,2.6352312780643943,19.076178250426626,14.866602101076971,35.444447,33.783992228039004,15.553096037306526,-4.762896858161166,-6.8333335,18.058303439250796,0.12197822371436631,-1.447272572160519
BRICKFACE,9.838699100999074,66.9726312259966,0.032384552606715133,0.10540922898663216,0.047140454436125766,2.1277999850011464,6.7777777,4.949747468305832,1.3913312257521886,1.4061885378978265,-3.77777765,2.7717395317284117,0.257325289655714,-0.7775513750234417
BRICKFACE,65.74039853849382,64.08587988004847,0.04578504039455365,0.14054569135347053,0.04190263378648488,2.141798617391542,7.0,4.949747468305832,1.3416407864998738,1.6329931618554523,-4.0,2.7717395317284117,0.2644239155292208,-0.7364049021368747
BRICKFACE,12.521980673998822,75.63288526384099,0.02233416490626377,0.24595491401554734,0.07332955768433021,1.9598157159803495,6.6666665,4.242640687119285,1.2919503472475589,1.8144369508361768,-3.4444445,2.5197630904007693,0.2531844092830372,-0.6184645397773763
BRICKFACE,44.721359549995796,71.5914333795136,0.018984040697969055,0.31622774704317197,0.1571348245501932,2.673748764827618,8.222222,6.2068263475500896,1.8882352157831022,1.4061885378978265,-4.2777775,3.401680257083045,0.23754769771978004,-0.8181802457461802
BRICKFACE,79.60401999899251,70.43673284113436,0.03573465721677245,0.24595487290593776,0.041902621058562815,2.2117921573079924,7.3333335,4.871180126741414,1.49071197009274,1.8144369508361768,-3.77777765,2.8137356178818345,0.24579000528173864,-0.6664896979338513
BRICKFACE,96.59813662799091,72.74613391789286,0.06253569610983184,0.17568210628614403,0.026189096177136627,1.8618249112831085,6.4444447,4.085505791858413,1.1428792083760522,1.8597976633385909,-3.5555555,2.477767004247346,0.27329719228093435,-0.620632571594901
BRICKFACE,89.88993269549154,77.9422863405995,0.08933667771573575,0.28109138270694106,0.0261891085515053,2.0858038988477237,7.111111,4.556910548351706,1.3416407864998738,1.9505195782413676,-3.77777765,2.8137356178818345,0.2680718144670342,-0.6308657007240799
BRICKFACE,48.299068313995456,71.01408311032398,0.07258605818181892,0.21081853703020578,0.09428090887225153,2.547760619756691,8.222222,5.65685424949238,1.7888543819998317,1.8144369508361768,-4.111111,3.1917002042804037,0.23455051692409887,-0.6970158724442687
BRICKFACE,33.988233257996804,77.9422863405995,0.035734675307453126,0.26352312780643944,0.04321207321576922,1.889822365046136,6.888889,3.849803767165158,1.1925696029070076,2.3134069112538422,-3.5,2.603755300504062,0.27448029584782946,-0.4893377622816422
BRICKFACE,29.068883707497264,82.56108849411649,0.04020151462044411,0.14054569135347053,0.026189140371310454,1.9038210352329787,6.5555553,4.164073345554866,1.1925696029070076,1.8597976633385909,-3.5555555,2.5197630904007693,0.2661985708795635,-0.6416401200942572
BRICKFACE,53.66563145999495,78.51963660978912,0.12618813596793768,0.31622779763961456,0.1571348245501932,2.3657775293632626,7.7777777,5.1068823635667036,1.6894735482165615,1.8597976633385909,-3.72222235,3.0237157840738176,0.2368181268764893,-0.6537955685055663
BRICKFACE,106.43683572898999,68.12733176437585,0.05360200542339607,0.24595491401554734,0.026189152745679123,1.889822365046136,6.2222223,4.3997755823801565,1.1428792083760522,1.4969104119757743,-3.66666675,2.5197630904007693,0.2759591685982445,-0.7404805242022777
BRICKFACE,65.29318494299386,80.82903768654762,0.13958862677088965,0.31622779763961456,0.20427527898631898,2.3937750587191844,7.888889,5.185449846552478,1.6894735482165615,1.905158620789979,-3.83333325,3.1077078051948743,0.2401613034146009,-0.6429491444518609
BRICKFACE,16.54690303349844,72.74613391789286,0.01898405275842284,0.14054569135347053,0.08904307903022249,2.1837947035449647,7.4444447,4.792612573044961,1.3913312257521886,2.041241452319315,-4.0,2.8137356178818345,0.25998726597302413,-0.6334315225324291
BRICKFACE,107.3312629199899,83.71578903249575,0.045785076575915,0.15811390198208491,0.04321208382237094,1.5398553457999364,5.3333335,3.5355339059327373,0.8447367517476009,1.5422712877775047,-3.27777765,2.0578066718633803,0.29317335456545246,-0.6784587035001651
BRICKFACE,12.96919426949878,64.08587988004847,0.072586025015571,0.19325029794109247,0.05368774704196293,2.043807850490748,6.888889,4.478343065365931,1.3416407864998738,1.8144369508361768,-3.61111115,2.603755300504062,0.2522970838439338,-0.6348820036016092
BRICKFACE,16.994116628998402,84.29313930168537,0.03685137081391201,0.21081852121881747,0.09428090887225153,1.9318183756066643,5.6666665,4.792612573044961,1.2919503472475589,0.6804137902232191,-3.33333325,2.603755300504062,0.2555506387775072,-0.8897933335389853
BRICKFACE,14.758048651498612,67.54998149518623,0.03685136176857167,0.31622776601683794,0.10999437011406742,2.435771144872607,7.3333335,5.813988932621217,1.6894735482165615,1.0886621215119112,-4.0,3.1077078051948743,0.24086040559563027,-0.8720437512496749
BRICKFACE,26.832815729997474,75.63288526384099,0.026800997887516526,0.10540922898663216,0.03142696137450473,1.9738144995565345,7.2222223,3.849803767165158,1.3416407864998738,2.4494897427831783,-3.33333325,2.729743445574989,0.25998726597302413,-0.43927059994925316
BRICKFACE,10.285912696499032,84.870489570875,0.04020151462044411,0.22838669706237763,0.14796854631266337,1.7358368796015238,4.111111,5.264017329538253,0.9938080247831861,-0.5896919569701005,-3.5555555,2.897727563409996,0.312354010266249,-1.1043265611025028
BRICKFACE,12.96919426949878,64.08587988004847,0.072586025015571,0.19325029794109247,0.05368774704196293,2.043807850490748,6.888889,4.478343065365931,1.3416407864998738,1.8144369508361768,-3.61111115,2.603755300504062,0.2522970838439338,-0.6348820036016092
BRICKFACE,47.851854718495495,74.47818472546173,0.1697398064553677,0.28109135108416444,0.3090319323954423,2.5197630904007693,8.444445,5.342584388259959,1.7888543819998317,2.1773242838486517,-4.0,3.1917002042804037,0.2372716551279577,-0.5967304532024865
BRICKFACE,13.416407864998737,71.5914333795136,0.03238453451603446,0.19325026631831585,0.037974275193545334,2.267786838055363,7.4444447,5.1068823635667036,1.49071197009274,1.7690759933847884,-4.0,2.939723649563419,0.2556492046539554,-0.6985314568347926
BRICKFACE,14.310835055998654,65.24058041842773,0.02345084985982559,0.08784105946762732,0.05368774704196293,2.323781518802734,7.2222223,5.499719354231508,1.5404023646236953,1.3154667454695368,-4.0555555,2.9817197735132894,0.252001310188278,-0.831171494372852
BRICKFACE,97.04535022349087,83.71578903249575,0.04913516611040508,0.22838669706237763,0.022260775060856483,2.001811726540878,6.3333335,4.635477607073412,1.3416407864998738,1.2701058288429776,-3.4444445,2.6457513110645903,0.2522970838439338,-0.7558744509607432
BRICKFACE,12.521980673998822,64.66323014923809,0.1261880244087402,0.1756820746633674,0.05761611058464995,2.2397893842923358,7.111111,5.1068823635667036,1.5404023646236953,1.451549495349215,-3.72222235,2.8557314772565734,0.24332520543868444,-0.7483149137844339
BRICKFACE,81.8400879764923,64.08587988004847,0.0938035140136133,0.33379595767178644,0.17939559607551578,2.1557974765606214,6.888889,4.949747468305832,1.441021620283144,1.451549495349215,-3.72222235,2.7717395317284117,0.2531844092830372,-0.7531151081685189
BRICKFACE,68.87089370699353,73.90083445627211,0.09045342447912322,0.10540922898663216,0.015713480333698973,2.2537881678685205,7.3333335,5.1068823635667036,1.49071197009274,1.6783540376571826,-3.9444445,2.897727563409996,0.25209991184181385,-0.7106802160159519
BRICKFACE,52.323990673495075,84.870489570875,0.03238453451603446,0.24595495196287928,0.1990374420732221,2.561759176554192,5.4444447,7.778174593052022,1.739163942747517,-1.6329931618554523,-4.3333335,4.157609203101499,0.2878615303635422,-1.2610456775760364
BRICKFACE,42.93250516799596,66.39528095680697,0.045785049439893984,0.10540925744713107,0.06285393335561118,2.561759176554192,7.7777777,6.049690957314472,1.7888543819998317,1.2247448713915892,-4.1666665,3.27569222540146,0.24086040559563027,-0.8558519959099966
BRICKFACE,15.652475842498527,76.21023553303061,0.023450916192321397,0.07027281721623632,0.05761609997804823,2.0298092181003526,7.111111,4.321208028683704,1.2919503472475589,2.1319633263972633,-3.72222235,2.687747321625119,0.2653112409683242,-0.571613242517281
BRICKFACE,101.51748617849044,68.12733176437585,0.0055835327088704576,0.33379602091733956,0.0379741974117994,2.1277999850011464,7.0,4.714045090059186,1.441021620283144,1.6783540376571826,-3.61111115,2.687747321625119,0.24401534545926,-0.6794075347345002
BRICKFACE,6.260990336999411,77.36493607140986,0.01898405697958166,0.12297747756257847,0.02226079061720567,2.001811726540878,6.7777777,4.3997755823801565,1.2919503472475589,1.8144369508361768,-3.61111115,2.6457513110645903,0.2626492601788781,-0.6453274698261107
BRICKFACE,48.746281909495416,72.74613391789286,0.06365238257095038,0.2108184801092079,0.12570784196248502,2.7577406725593323,8.777778,5.813988932621217,2.186377627690194,1.8144369508361768,-3.61111115,3.3596842465225167,0.20138415045123212,-0.6460658377980935
BRICKFACE,78.70959280799259,76.21023553303061,0.03685138890459268,0.2986595427391129,0.11654162736456553,2.169796146747464,7.4444447,4.3997755823801565,1.5900928038760103,2.0866023281210455,-3.27777765,2.8557314772565734,0.23701533465569688,-0.5133725126930039
BRICKFACE,46.51021393199562,70.43673284113436,0.008933654505074414,0.15811385138564238,0.05892554152865292,2.4217723234999755,8.111112,5.1068823635667036,1.739163942747517,2.0866023281210455,-3.77777765,3.065712172598819,0.23257867615522834,-0.5883973412075593
BRICKFACE,103.30634056049028,71.01408311032398,0.026801020802378714,0.12297747756257847,0.053687750577496834,2.1977934871211495,7.111111,4.871180126741414,1.5404023646236953,1.587632204404064,-3.5555555,2.7717395317284117,0.2378040539691285,-0.698913605623617
BRICKFACE,61.715476178994194,76.78758580222024,0.13400500752826328,0.3689323726044599,0.07463898509279927,2.435771144872607,7.7777777,5.578286907927961,1.6397831984069655,1.6329931618554523,-4.1666665,3.1077078051948743,0.24963512094303156,-0.7620203402601041
BRICKFACE,26.385602134497518,64.08587988004847,0.04578505547012088,0.15811385138564238,0.043212062609167504,2.0578066718633803,6.4444447,4.949747468305832,1.2919503472475589,1.2247448713915892,-3.83333325,2.729743445574989,0.2688605427247377,-0.8353673953017349
BRICKFACE,24.596747752497684,73.90083445627211,0.013400515828393559,0.12297747756257847,0.05368771875769169,1.9038210352329787,6.888889,3.849803767165158,1.2422599527166036,2.2680459538024538,-3.38888885,2.603755300504062,0.26560701462398,-0.48691422449980337
BRICKFACE,67.52925292049365,65.81793068761735,0.05918555230329972,0.31622779763961456,0.1885617116784859,2.3517789725657616,7.5555553,5.264017329538253,1.6397831984069655,1.6329931618554523,-3.83333325,2.9817197735132894,0.2405646319399745,-0.7147438172660746
BRICKFACE,79.15680640349255,75.63288526384099,0.12953819836640676,0.24595495196287928,0.07332958596860145,2.2537881678685205,7.5555553,4.714045090059186,1.6397831984069655,1.9505195782413676,-3.4444445,2.8557314772565734,0.23070541915134982,-0.5691119229895117
BRICKFACE,31.752165280497014,65.24058041842773,0.07258605818181892,0.22838668125098932,0.05368775411303075,2.071805304253776,7.111111,4.478343065365931,1.3416407864998738,1.995880576517585,-3.72222235,2.687747321625119,0.2593957141895766,-0.6018907770702296
BRICKFACE,97.04535022349087,70.43673284113436,0.04020152065067101,0.15811388300841897,0.10606601717798211,2.267786838055363,7.2222223,5.185449846552478,1.5404023646236953,1.4969104119757743,-3.83333325,2.897727563409996,0.24677593237437787,-0.7434804247214616
BRICKFACE,79.60401999899251,73.90083445627211,0.1027371805791415,0.2810912751895006,0.07332962485947442,2.2397893842923358,7.888889,4.556910548351706,1.5404023646236953,2.404128866981448,-3.72222235,2.9817197735132894,0.25209991184181385,-0.5100362626912129
BRICKFACE,10.285912696499032,81.98373822492687,0.03238454959160169,0.2986595427391129,0.13225510274851704,1.9038210352329787,6.5555553,4.085505791858413,1.2422599527166036,1.8597976633385909,-3.38888885,2.477767004247346,0.25702951152792225,-0.5866947694998184
BRICKFACE,69.76532089799343,71.01408311032398,0.04578505547012088,0.12297747756257847,0.02226079061720567,2.3097828486158916,8.0,4.792612573044961,1.5900928038760103,2.3134069112538422,-3.83333325,3.0237157840738176,0.24855058325258464,-0.5385666070985278
BRICKFACE,64.39875775199394,68.12733176437585,0.11613771962390858,0.2108184801092079,0.1414213562373095,2.435771144872607,7.5555553,5.73542229816358,1.6397831984069655,1.3608276212712673,-4.1666665,3.1917002042804037,0.25237595890577214,-0.8022429074263728
BRICKFACE,101.9646997739904,82.56108849411649,0.10385386402514658,0.2108185528415941,0.10999432768766054,2.001811726540878,6.6666665,4.3997755823801565,1.3416407864998738,1.6783540376571826,-3.4444445,2.561759176554192,0.24884637032464826,-0.6468701222642185
BRICKFACE,5.813776741499453,81.98373822492687,0.01898405275842284,0.4040687875371333,0.05368761976274231,1.7358368796015238,6.2222223,3.6926688011936086,1.0434984640355012,1.995880576517585,-3.38888885,2.3937750587191844,0.2818155379625793,-0.5489507530229646
BRICKFACE,27.72724292099739,83.13843876330613,0.018984040697969055,0.22838669706237763,0.1165416733265063,1.8198290141119224,6.0,4.085505791858413,1.1925696029070076,1.451549495349215,-3.22222235,2.3517789725657616,0.2569703630577814,-0.6852704752553694
BRICKFACE,101.9646997739904,65.81793068761735,0.018984040697969055,0.26352311199505113,0.04321205200256579,2.225790827494835,7.0,5.264017329538253,1.441021620283144,1.3608276212712673,-4.0,2.8137356178818345,0.2537759610664848,-0.8144718242322474
BRICKFACE,84.52336954949205,66.39528095680697,0.010050387700451364,0.10540922898663216,0.04714043322292233,2.5197630904007693,8.222222,5.578286907927961,1.739163942747517,1.905158620789979,-4.1666665,3.1917002042804037,0.24086040559563027,-0.6824601924906285
BRICKFACE,14.758048651498612,86.02519010925425,0.07593612962562832,0.22838673500970957,0.05368768693788653,2.0578066718633803,4.111111,6.128259005985672,1.5900928038760103,-1.6329931618554523,-2.83333325,3.27569222540146,0.2586410188864906,-1.4041039153011148
BRICKFACE,67.52925292049365,84.870489570875,0.1295382586686757,0.22838669706237763,0.03797426458694361,2.281785508242206,5.6666665,6.521095713807765,1.441021620283144,-0.4536092479152515,-4.2222225,3.611660309885686,0.2916940390735779,-1.066578796959709
BRICKFACE,7.155417527999327,67.54998149518623,0.04578505547012088,0.15811390198208491,0.07463904519687567,2.225790827494835,6.888889,5.264017329538253,1.49071197009274,1.2247448713915892,-3.83333325,2.8137356178818345,0.24756465615994544,-0.8341680007794862
BRICKFACE,8.049844718999243,83.71578903249575,0.005583536628517937,0.19325029794109247,0.13225516638812734,1.4838605516632233,5.5555553,2.82842712474619,0.9938080247831861,1.995880576517585,-2.5555555,2.099802531238119,0.2685647780133538,-0.40371554565064743
BRICKFACE,46.95742752749558,63.508529610858844,0.03685138890459268,0.6148873403787274,0.839361487955267,1.5958500265473072,4.3333335,4.478343065365931,0.8944271909999159,0.13608276620960963,-3.33333325,2.3937750587191844,0.3167762819053504,-1.0887760809026825
BRICKFACE,83.18172876299218,75.05553499465135,0.03685138890459268,0.12297747756257847,0.053687750577496834,2.015810585709957,6.888889,4.3997755823801565,1.2919503472475589,1.905158620789979,-3.66666675,2.6457513110645903,0.26294504725094175,-0.6286346869055548
BRICKFACE,25.4911749434976,67.54998149518623,0.0625356810342646,0.12297747756257847,0.02226075031211914,2.3937750587191844,7.6666665,5.264017329538253,1.739163942747517,1.6329931618554523,-3.66666675,3.0237157840738176,0.22824062378043158,-0.6957552849011761
BRICKFACE,42.485291572496,75.63288526384099,0.049135193246426095,0.42163704243763495,0.2514157758488516,2.015810585709957,6.888889,4.321208028683704,1.3416407864998738,1.905158620789979,-3.5,2.729743445574989,0.2651140779104761,-0.6015943579075563
BRICKFACE,100.62305898749054,82.56108849411649,0.0625356810342646,0.14054566605524926,0.05761608583591261,2.0578066718633803,6.7777777,4.792612573044961,1.2422599527166036,1.6329931618554523,-4.0,2.6457513110645903,0.2691563521574811,-0.7412048843889252
BRICKFACE,86.31222393149189,81.98373822492687,0.01898403768285561,0.5446145105133805,0.053687846036912304,1.8198290141119224,6.7777777,3.6926688011936086,1.0931887691237374,2.404128866981448,-3.5555555,2.561759176554192,0.2889733257226348,-0.4773840514350055
BRICKFACE,15.20526224699857,66.39528095680697,0.117254384979233,0.2459549677742676,0.21475096341911437,2.379776199550105,7.3333335,5.578286907927961,1.6397831984069655,1.2701058288429776,-3.9444445,3.0237157840738176,0.24233927834604524,-0.831171494372852
BRICKFACE,50.08792269599529,65.81793068761735,0.018984031652628717,0.2108185528415941,0.015713468312883696,1.9878130563540353,6.5555553,4.321208028683704,1.3913312257521886,1.587632204404064,-3.22222235,2.5197630904007693,0.23898714411961577,-0.64389857672696
BRICKFACE,46.51021393199562,71.5914333795136,0.04578502230387298,0.21081845797326432,0.10999437011406742,2.337780188989577,7.6666665,5.185449846552478,1.5900928038760103,1.8144369508361768,-3.9444445,2.9817197735132894,0.2459871996445384,-0.6772952300024008
BRICKFACE,66.18761213399377,66.9726312259966,0.14405539673627138,0.3689324674727897,0.21606033072350705,2.3097828486158916,7.111111,5.421151871245733,1.5900928038760103,1.2247448713915892,-3.83333325,2.939723649563419,0.2436120258781584,-0.8225386398133798
BRICKFACE,65.29318494299386,80.82903768654762,0.13958862677088965,0.31622779763961456,0.20427527898631898,2.3937750587191844,7.888889,5.185449846552478,1.6894735482165615,1.905158620789979,-3.83333325,3.1077078051948743,0.2401613034146009,-0.6429491444518609
BRICKFACE,68.87089370699353,69.2820323027551,0.008933659329255926,0.14054569135347053,0.041902599845359385,2.2537881678685205,7.7777777,4.792612573044961,1.49071197009274,2.2226852413000397,-3.9444445,2.939723649563419,0.25466327756131624,-0.5801125246057871
BRICKFACE,101.51748617849044,66.9726312259966,0.04578505547012088,0.07027284567673527,0.026189159816746937,2.043807850490748,6.5555553,4.792612573044961,1.2919503472475589,1.4061885378978265,-3.77777765,2.603755300504062,0.2593957141895766,-0.772972363640512
BRICKFACE,101.0702725829905,81.40638795573724,0.1306549059333194,0.24595487290593776,0.1361835476084839,2.043807850490748,7.0,4.3997755823801565,1.3416407864998738,1.9505195782413676,-3.61111115,2.6457513110645903,0.25673374234440244,-0.5966083641456469
BRICKFACE,87.65386471799175,74.47818472546173,0.1306549179937732,0.21081852121881747,0.06285392274900946,2.3937750587191844,7.888889,5.185449846552478,1.6894735482165615,1.905158620789979,-3.83333325,3.1077078051948743,0.2415505545604777,-0.6595769018328188
BRICKFACE,106.88404932448995,70.43673284113436,0.01898403768285561,0.10540925744713107,0.06285392274900946,2.099802531238119,7.0,4.714045090059186,1.3416407864998738,1.7690759933847884,-3.83333325,2.729743445574989,0.25998726597302413,-0.6741801912860362
BRICKFACE,15.20526224699857,73.90083445627211,0.03573467048327161,0.2108184801092079,0.17284833528948376,2.141798617391542,7.4444447,4.635477607073412,1.3416407864998738,2.1773242838486517,-4.0,2.8137356178818345,0.26718449797220273,-0.5922715368352736
BRICKFACE,46.95742752749558,80.25168741735799,0.03238456044601009,0.26352311199505113,0.1846334153109431,2.3097828486158916,7.5555553,5.1068823635667036,1.5900928038760103,1.7690759933847884,-3.83333325,2.8557314772565734,0.23819843822259207,-0.6830268537229357
BRICKFACE,32.19937887599697,68.12733176437585,0.01898403768285561,0.17568210628614403,0.041902599845359385,2.071805304253776,6.5555553,4.714045090059186,1.441021620283144,1.3154667454695368,-3.38888885,2.687747321625119,0.24411395605706773,-0.7448288066425063
BRICKFACE,7.155417527999327,73.90083445627211,0.023450878804914668,0.21081853703020578,0.10999441254047429,2.099802531238119,6.888889,4.714045090059186,1.3913312257521886,1.6329931618554523,-3.66666675,2.687747321625119,0.2511139847491747,-0.697073473362664
BRICKFACE,61.715476178994194,66.9726312259966,0.04578506451546121,0.14054569135347053,0.07332958596860145,2.4497697772630027,7.5555553,5.813988932621217,1.6397831984069655,1.3154667454695368,-4.2222225,3.1497041937198755,0.25006891813066656,-0.8422137445785391
BRICKFACE,72.00138887549322,78.51963660978912,0.05918555230329972,0.14054566605524926,0.02618911385480616,2.1277999850011464,7.111111,4.556910548351706,1.49071197009274,1.8144369508361768,-3.4444445,2.729743445574989,0.23957870484733526,-0.6339442810148065
BRICKFACE,46.51021393199562,78.51963660978912,0.03685138890459268,0.2108184801092079,0.03142696137450473,2.575757960130377,8.333334,5.65685424949238,1.8385447318094277,1.8597976633385909,-4.0555555,3.27569222540146,0.2353392541260743,-0.6816018284978784
BRICKFACE,34.435446853496764,71.5914333795136,0.03685137081391201,0.19325029794109247,0.022260760918720857,1.9318183756066643,6.888889,4.0069383088726385,1.2422599527166036,2.1773242838486517,-3.5,2.603755300504062,0.26649434006308337,-0.5322174953102538
BRICKFACE,88.99550550449163,80.82903768654762,0.07593619294301068,0.15811390198208491,0.13749302451442763,2.267786838055363,7.4444447,4.871180126741414,1.6397831984069655,1.7690759933847884,-3.5,2.8557314772565734,0.2298181026565183,-0.6502695381147727
BRICKFACE,27.72724292099739,71.01408311032398,0.06253568404937805,0.15811388300841897,0.04321208382237094,2.1977934871211495,7.5555553,4.714045090059186,1.441021620283144,2.1319633263972633,-3.88888885,2.8557314772565734,0.2564379552723387,-0.5922709923630519
BRICKFACE,43.379718763495916,66.9726312259966,0.059185561348640066,0.1756820746633674,0.07332958596860145,2.5057644580103737,7.5555553,5.971124322856835,1.739163942747517,1.1340229973136415,-4.111111,3.233695836876459,0.2444097431291314,-0.8725312306646248
BRICKFACE,43.826932358995876,77.9422863405995,0.045785037379440195,0.33379598929456294,0.13225510274851704,2.1557974765606214,7.4444447,4.556910548351706,1.441021620283144,2.1319633263972633,-3.72222235,2.8137356178818345,0.2528886445716533,-0.5567587675221827
BRICKFACE,102.41191336949036,71.5914333795136,0.022334146815583093,0.28109135108416444,0.1204700297981255,2.225790827494835,7.111111,5.028314809870251,1.5404023646236953,1.4969104119757743,-3.66666675,2.8557314772565734,0.24411395605706773,-0.7337382610436639
BRICKFACE,67.08203932499369,65.24058041842773,0.07705289447969646,0.24595491401554734,0.07332960364627099,2.113801352610751,7.111111,4.714045090059186,1.3416407864998738,1.8597976633385909,-3.88888885,2.687747321625119,0.25909994947819265,-0.6664891534616298
BRICKFACE,6.260990336999411,79.67433714816836,0.03685137081391201,0.15811390198208491,0.027498592882070245,1.8758236948592932,6.7777777,3.849803767165158,1.1925696029070076,2.2226852413000397,-3.4444445,2.561759176554192,0.2700436686523126,-0.5111630090627625
BRICKFACE,62.60990336999411,72.16878364870323,0.018984061803763178,0.21081853703020578,0.10999441254047429,2.337780188989577,7.3333335,5.421151871245733,1.5900928038760103,1.4061885378978265,-3.9444445,2.939723649563419,0.24401534545926,-0.7932452564784866
BRICKFACE,85.86501033599193,81.98373822492687,0.03685137081391201,0.47434168064803356,0.18463330924492594,1.7638341443823147,6.7777777,3.4569665643683187,1.0434984640355012,2.5855725743125144,-3.5,2.561759176554192,0.29607194712400564,-0.4277034785220267
BRICKFACE,54.11284505549491,71.01408311032398,0.7459614989294239,0.2810913194613879,0.387599415381217,2.631752640877748,7.888889,5.971124322856835,2.0373062652118894,1.1340229973136415,-3.61111115,3.1917002042804037,0.21242645786248002,-0.8348669758326891
BRICKFACE,67.52925292049365,79.67433714816836,0.022334169428933938,0.1405456375947503,0.026189140371310454,2.0578066718633803,7.0,4.478343065365931,1.3416407864998738,1.905158620789979,-3.66666675,2.6457513110645903,0.2537759610664848,-0.6226221579451257
BRICKFACE,43.379718763495916,75.05553499465135,0.1529890783773668,0.33379598929456294,0.24224947993365228,2.2117921573079924,7.3333335,4.871180126741414,1.49071197009274,1.8144369508361768,-3.77777765,2.897727563409996,0.2549590646333799,-0.6809780118244477
BRICKFACE,105.98962213349003,77.9422863405995,0.06253563882267636,0.21081853703020578,0.12570784196248502,1.5678525727842798,5.6666665,3.378399010671866,0.8944271909999159,1.8597976633385909,-3.22222235,2.141798617391542,0.2894465671493929,-0.5712345868359556
BRICKFACE,67.52925292049365,82.56108849411649,0.018984040697969055,0.15811385138564238,0.011785101234662773,2.141798617391542,7.5555553,4.556910548351706,1.3416407864998738,2.3134069112538422,-4.0,2.8557314772565734,0.2688605427247377,-0.5635060228546717
BRICKFACE,48.299068313995456,65.24058041842773,0.06253568404937805,0.14054566605524926,0.04190264934283407,2.0858038988477237,6.888889,4.714045090059186,1.3416407864998738,1.6783540376571826,-3.77777765,2.603755300504062,0.2531844092830372,-0.699546466192779
BRICKFACE,87.65386471799175,77.36493607140986,0.07593619294301068,0.24595490452871438,0.10475656148524182,2.2957842918183906,7.4444447,5.028314809870251,1.6397831984069655,1.6783540376571826,-3.61111115,2.939723649563419,0.23701533465569688,-0.683289678242435
BRICKFACE,81.39287438099234,77.36493607140986,0.07258605818181892,0.22838669706237763,0.022260775060856483,2.225790827494835,7.6666665,4.714045090059186,1.49071197009274,2.1773242838486517,-3.83333325,2.9817197735132894,0.25831121227621723,-0.5699581176745577
BRICKFACE,8.049844718999243,79.67433714816836,0.1697397009263971,0.26352311199505113,0.10606596768050744,2.169796146747464,7.3333335,4.635477607073412,1.49071197009274,1.9505195782413676,-3.61111115,2.7717395317284117,0.24322659484087672,-0.6096022007831378
BRICKFACE,79.15680640349255,74.47818472546173,0.07593621103369136,0.3513641493267348,0.10475647663242808,2.4217723234999755,8.0,5.264017329538253,1.6894735482165615,1.9505195782413676,-3.9444445,3.1077078051948743,0.24233927834604524,-0.6454227453938077
BRICKFACE,5.813776741499453,86.02519010925425,0.23674221524342579,0.31622774704317197,0.4399775370248121,2.0858038988477237,4.111111,6.2068263475500896,1.6397831984069655,-1.7237150359334001,-2.77777765,3.317688235961988,0.26303466885547994,-1.4206536080934296
BRICKFACE,8.497058314499201,84.870489570875,0.022334181489387723,0.15811385138564238,0.027498592882070245,1.5678525727842798,3.8888888,4.714045090059186,0.8447367517476009,-0.3175264572107444,-3.38888885,2.6457513110645903,0.31896503468444626,-1.043437030489104
BRICKFACE,48.299068313995456,75.05553499465135,0.17979017455758167,0.31622779763961456,0.23570222621868805,2.5057644580103737,8.444445,5.1068823635667036,1.8882352157831022,2.2226852413000397,-3.61111115,3.1917002042804037,0.22406031705717547,-0.5402836957084864
BRICKFACE,25.93838853899756,70.43673284113436,0.032384555621828584,0.17568211893525465,0.041902621058562815,2.1277999850011464,7.0,4.714045090059186,1.441021620283144,1.6783540376571826,-3.61111115,2.729743445574989,0.24667733966511393,-0.6822142183257249
BRICKFACE,51.42956348249516,75.05553499465135,0.10273718660936838,0.26352311199505113,0.20034682705528428,2.7577406725593323,8.555555,6.128259005985672,2.0869969280710023,1.5422712877775047,-3.9444445,3.401680257083045,0.21537526356353595,-0.7471704614590836
BRICKFACE,6.7082039324993685,71.01408311032398,0.03573466626211279,0.14054565973069394,0.041902654999688316,1.721838058228892,6.0,3.7712362841793836,1.0434984640355012,1.7690759933847884,-3.33333325,2.267786838055363,0.27353381299431334,-0.6035491051066718
BRICKFACE,15.20526224699857,79.09698687897874,0.0502519098586791,0.3513641493267348,0.16761053373172596,2.2117921573079924,7.7777777,4.556910548351706,1.49071197009274,2.3587678687052307,-3.77777765,2.939723649563419,0.2565365345651948,-0.5262795236888328
BRICKFACE,12.96919426949878,72.16878364870323,0.018984061803763178,0.21081852121881747,0.06285387325153478,2.2117921573079924,7.2222223,4.871180126741414,1.5404023646236953,1.6783540376571826,-3.61111115,2.7717395317284117,0.23691672405788916,-0.6677014880379741
BRICKFACE,97.04535022349087,83.71578903249575,0.04913516611040508,0.22838669706237763,0.022260775060856483,2.001811726540878,6.3333335,4.635477607073412,1.3416407864998738,1.2701058288429776,-3.4444445,2.6457513110645903,0.2522970838439338,-0.7558744509607432
BRICKFACE,106.88404932448995,82.56108849411649,0.013400505878519188,0.21081852121881747,0.0471404756493292,1.7078394258384963,6.111111,3.849803767165158,0.8944271909999159,1.9505195782413676,-3.77777765,2.3097828486158916,0.3014550795337184,-0.6210451684017233
BRICKFACE,50.9823498869952,69.85938257194472,0.03573467048327161,0.19325032956386903,0.03797422216053674,2.4217723234999755,8.0,5.264017329538253,1.6894735482165615,1.9505195782413676,-3.9444445,3.0237157840738176,0.23622658403731364,-0.6465250258707281
BRICKFACE,87.65386471799175,71.5914333795136,0.008933658123210548,0.2635230961836628,0.13749297855248685,2.3517789725657616,7.5555553,5.264017329538253,1.6397831984069655,1.6329931618554523,-3.83333325,3.0237157840738176,0.242437888943853,-0.7152275490150843
BRICKFACE,71.10696168449331,64.08587988004847,0.02233416490626377,0.1932503169147584,0.05368775411303075,2.2397893842923358,7.6666665,4.871180126741414,1.441021620283144,2.1319633263972633,-4.0555555,2.897727563409996,0.25998726597302413,-0.6170680887373465
BRICKFACE,35.77708763999664,71.5914333795136,0.049135157065064744,0.14054566605524926,0.010475666401572508,1.9318183756066643,6.6666665,4.242640687119285,1.1925696029070076,1.905158620789979,-3.66666675,2.561759176554192,0.27211408871403925,-0.620632571594901
BRICKFACE,6.260990336999411,67.54998149518623,0.04020151462044411,0.17568210628614403,0.02618916335228084,2.1837947035449647,6.3333335,5.342584388259959,1.5404023646236953,0.6804137902232191,-3.5,2.8557314772565734,0.24312802896442853,-0.9573490426213419
BRICKFACE,69.31810730249347,80.82903768654762,0.03573469942836069,0.21081853703020578,0.03142696137450473,1.889822365046136,6.5555553,3.928370825886864,1.2919503472475589,1.905158620789979,-3.16666675,2.5197630904007693,0.2522970838439338,-0.5541221784671725
BRICKFACE,97.93977741449079,77.36493607140986,0.03238457069739581,0.21081852121881747,0.1571348245501932,1.7918316737382367,6.4444447,3.6926688011936086,1.1428792083760522,2.0866023281210455,-3.27777765,2.435771144872607,0.2699845022936279,-0.5165166134980752
BRICKFACE,78.70959280799259,68.12733176437585,0.04578506753057465,0.22838668125098932,0.06940120121271101,2.2957842918183906,7.6666665,4.949747468305832,1.5900928038760103,1.9505195782413676,-3.77777765,2.897727563409996,0.2404660347585746,-0.6210451684017233
BRICKFACE,99.28141820099066,65.81793068761735,0.01898403768285561,0.1405456375947503,0.026189140371310454,2.0578066718633803,6.111111,5.185449846552478,1.2919503472475589,0.8164965809277261,-3.83333325,2.7717395317284117,0.2697478815802489,-0.9295150569721397
BRICKFACE,84.07615595399209,76.78758580222024,0.0804030473315689,0.15811388300841897,0.027498582275468527,2.5197630904007693,8.333334,5.499719354231508,1.739163942747517,2.041241452319315,-4.1666665,3.1917002042804037,0.24086040559563027,-0.6539445559043624
BRICKFACE,16.994116628998402,64.66323014923809,0.1161377075634548,0.31622779763961456,0.03142693662576739,2.3517789725657616,7.0,5.73542229816358,1.5900928038760103,0.9525793308074042,-4.0,3.065712172598819,0.25006891813066656,-0.9008484530880901
BRICKFACE,43.379718763495916,72.74613391789286,0.11278760295339749,0.31622779763961456,0.2985562161428418,2.4497697772630027,7.6666665,5.65685424949238,1.6894735482165615,1.451549495349215,-4.0555555,3.1497041937198755,0.24667733966511393,-0.7906378002228611
BRICKFACE,60.82104898799428,80.25168741735799,0.05360200542339607,0.24595487290593776,0.07332953647112676,2.015810585709957,6.5555553,4.556910548351706,1.3416407864998738,1.4969104119757743,-3.5,2.603755300504062,0.2534801739944211,-0.7105970602584843
BRICKFACE,33.54101966249684,86.02519010925425,0.03685138890459268,0.33379602091733956,0.1793955536491089,2.841732844866178,5.5555553,8.406714032674152,2.2857583273093853,-2.404128866981448,-3.61111115,4.493577665550198,0.2588062419493481,-1.4273874566813471
BRICKFACE,86.75943752699183,68.12733176437585,0.03573466626211279,0.14054569135347053,0.05761611058464995,2.3657775293632626,7.5555553,5.421151871245733,1.5900928038760103,1.587632204404064,-4.0555555,2.939723649563419,0.24322659484087672,-0.7609866915673656
BRICKFACE,79.15680640349255,72.74613391789286,0.03573469942836069,0.19325029794109247,0.14796869126955353,2.043807850490748,7.6666665,4.0069383088726385,1.2919503472475589,2.767016159169094,-3.77777765,2.897727563409996,0.27862118069264225,-0.43337591740497644
BRICKFACE,48.299068313995456,64.08587988004847,0.04913516611040508,0.8081375434514901,0.1361842653218668,1.4418644655098005,4.111111,3.928370825886864,0.7950464019380051,0.36288737383730374,-3.0555555,2.099802531238119,0.32002985025533165,-1.0162820794818754
BRICKFACE,65.29318494299386,71.5914333795136,0.050251882722658084,0.12297742064158058,0.03797424195952662,2.281785508242206,7.4444447,5.185449846552478,1.49071197009274,1.7237150359334001,-4.0555555,2.897727563409996,0.252001310188278,-0.7245936025959688
BRICKFACE,17.44133022449836,64.08587988004847,0.11278760295339749,0.28109135108416444,0.1518969664238929,2.281785508242206,7.0,5.421151871245733,1.5404023646236953,1.179383913940201,-3.88888885,2.9817197735132894,0.25174495841106553,-0.83139670788266
BRICKFACE,45.16857314549575,75.05553499465135,0.07258608230272648,0.2108184801092079,0.20427527898631898,2.1837947035449647,7.4444447,4.714045090059186,1.441021620283144,2.041241452319315,-3.83333325,2.8557314772565734,0.257325289655714,-0.6162402010468655
SKY,30.41052449399714,46.188021535170066,0.05025154502995216,0.5446150164778061,0.6036597461047241,41.982052332540015,102.888885,90.03826535670512,46.06300033649567,-10.024763350141365,-12.1111105,48.12747723774686,0.0885715738487734,-1.484003163198576
SKY,107.3312629199899,33.4863156129983,0.2333914141421625,0.3162281771129338,0.2514145030566454,35.03870700632786,76.888885,83.8314404233686,36.96965871870851,-19.369112746760194,-15.055555,44.809789757713816,0.15712007574690698,-1.5834245686644264
SKY,110.90897168398956,7.505553499465136,0.06253581068414277,0.35136446555450085,0.10475562456875674,39.35030271537805,88.22222,90.82393452970861,42.78343277692639,-19.459835723108526,-12.666667,48.547435075565296,0.14004897129744323,-1.6172099892481633
SKY,42.485291572496,27.135462651912416,0.09938703375749594,0.47434123792916105,0.16891962880000788,40.48419613440573,93.22222,91.05964857521717,44.42321834556541,-17.01034598032535,-11.666667,48.673429532642935,0.12341176689474144,-1.6058901996308603
SKY,82.28730157199226,25.403411844343537,0.036851340662777544,0.31622776601683794,0.26712970378114304,37.41848282791349,85.0,85.8741870614028,40.49767758011217,-17.146428199482248,-12.666667,45.90168376450071,0.13417242812781535,-1.5942015124058124
SKY,11.180339887498949,10.392304845413266,0.026801099195328304,0.1756814232341694,0.13618321526829671,43.14394535972822,102.44444,93.57380209106498,48.14999592292588,-14.334050633788646,-9.7222225,50.017301114650884,0.10094738723121902,-1.6111086476760172
SKY,35.32987404449668,35.7957166897568,0.11613731559870685,0.2810906711944675,0.21475012196204477,41.64608727177157,100.666664,89.88113138068307,45.96362053130367,-11.657756511996817,-11.1111105,48.04348559459027,0.09302607617170242,-1.5401839283346972
SKY,111.80339887498948,21.361959960016158,0.0725854250079953,0.33379529359347776,0.33653023677794586,36.256593580370016,80.111115,85.63849069356378,38.70882319811234,-19.369112746760194,-14.055555,45.77569875653491,0.1513758541359156,-1.59696036022329
SKY,74.68467044849298,25.980762113533164,0.2199912700772568,0.19324977300300086,0.10082798227498653,38.258403039124055,87.111115,87.68124086713189,41.39210477111209,-17.28251041863915,-13.0,46.867594653144174,0.133007731872511,-1.589445653616908
SKY,74.23745685299302,37.52776749732568,0.23674296902178724,0.22838645989155312,0.11654159200922647,36.78854304747004,82.77778,85.63849069356378,39.404488542660275,-17.826842561253077,-13.833333,45.77569875653491,0.14153147542225367,-1.5833137650318143
SKY,67.52925292049365,32.908965343808674,0.23339106740411625,0.5094775263707282,0.14796794527189938,37.964429831306944,86.22222,86.42416057367406,41.54117224283211,-17.418594270789214,-11.333333,46.19565697231783,0.13171100027527122,-1.6179532998965467
SKY,76.02631123499285,20.78460969082653,0.10273795244818361,0.5797513049193732,0.5146170418410957,38.944340524030665,89.55556,88.5454809172337,42.18715036806562,-16.511374713513153,-13.055555,47.32955039134551,0.12730091520664727,-1.578507206686699
SKY,23.70232056149777,30.59956426705017,0.13400491707485992,0.3513636433623092,0.15189670479438386,42.76598088671899,104.333336,92.08102189423425,46.907735388831604,-10.795899463515653,-12.3888895,49.21937653603637,0.08965920178516525,-1.4969500055193894
SKY,107.3312629199899,9.237604307034013,0.04913501233961935,0.5270462556128789,0.40854992864760264,38.748358385485915,87.55556,88.38834764831843,42.485291572496,-18.3258126033204,-11.2777775,47.2455591261534,0.13398578353373344,-1.628090948397062
SKY,21.46625258399798,46.765371804359695,0.07258666723473496,0.28109187602225605,0.151896662367977,42.681989621526874,105.666664,91.13820813860698,46.60959373718762,-8.890741046849817,-13.055555,48.715421385594254,0.08634790263214087,-1.4378926592867232
SKY,62.60990336999411,9.237604307034013,0.10385348713596586,0.28109187602225605,0.13618296778092331,42.26202573627687,99.111115,92.70955496989535,47.05680733268758,-15.558795505180235,-9.8888895,49.555341596804816,0.10912941934477614,-1.6220558627303128
SKY,104.64798134699015,33.4863156129983,0.11725408346788843,0.3162281771129338,0.18856218544002928,35.20669142653445,77.333336,83.98857369228388,37.26780081756608,-19.369112746760194,-14.7222225,44.89378102290593,0.1560161200421434,-1.5883854177091967
SKY,104.2007677514902,36.950417228136054,0.2412099952718119,0.24595480966038455,0.07332915816899883,35.080700749101545,77.22222,83.91000281518555,36.91996881611251,-19.096948716694683,-15.3888895,44.85178312252303,0.15617159384861895,-1.5760980938831963
SKY,81.8400879764923,16.74315780649915,0.18314097565884493,0.2459551891337038,0.15189693106855384,39.028331789222776,88.77778,89.33115857551859,42.33621918142643,-17.736119584904742,-12.8888895,47.74951276473763,0.13291425081464364,-1.5960935887309113
SKY,109.5673308974897,53.6935750346352,1.174781184573635,0.614887213887621,1.7350309849119299,32.61693366232381,70.66667,79.27452966288486,34.03792539666078,-19.142309184248127,-15.2777775,42.374018499451864,0.16530701826574265,-1.577949511568377
SKY,98.8342046054907,20.207259421636905,0.04020151462044411,0.29866022579108753,0.03797424195952662,37.32049175864112,83.333336,86.65986754811479,40.39829598606579,-18.87014229644458,-12.6111105,46.32164764975072,0.14311495590479206,-1.6127995521218685
SKY,62.60990336999411,10.96965511460289,0.16638942746998683,0.5973188324960129,0.7018662714098177,41.68808101454526,97.666664,92.08102189423425,46.06300033649567,-15.468074570073359,-10.944445,49.21937653603637,0.11175635200474289,-1.6011238049509162
SKY,101.0702725829905,47.92007234273895,0.1563392402745796,0.333794882497382,0.17939523545105737,34.25478034197125,74.55556,82.65292322883451,35.97584725038064,-19.686638877372307,-15.2777775,44.17984581966116,0.1619189459547788,-1.5832494183147265
SKY,3.5777087639996634,22.516660498395407,0.3405959586640345,0.5797509254460539,0.24748701986190103,42.849972151911096,102.55556,93.33809511662426,47.20588151261154,-13.24538838980225,-11.7222225,49.89131043721799,0.09970787661352347,-1.5543322864981026
SKY,67.08203932499369,54.27092530382483,0.18313913643964305,0.40406828157270774,0.17939634914423772,36.01861391940685,80.888885,84.30284023011441,38.36098940780438,-17.64539742505299,-14.2777775,45.06176355329014,0.14378149646393307,-1.5748074118754964
SKY,33.09380606699688,50.806823688687075,0.09938791718573554,0.15811427829312646,0.07463910176541816,41.80006999807553,101.55556,90.19540145404753,45.91392794542609,-11.068064310077743,-11.8888895,48.21147001479686,0.09153357682303254,-1.5126704034787286
SKY,93.4676414594912,38.105117766515306,0.1395891694913099,0.35136484502782,0.21475007953563793,35.31867852024235,79.111115,82.96719754483965,37.51624988333249,-17.55467648994611,-14.333333,44.34783250765459,0.14566245895806207,-1.5732026330355937
SKY,6.260990336999411,16.165807537309522,0.022334308124152446,0.3865003428999721,0.15189579969770395,41.75807436547947,97.888885,92.70955496989535,45.81454635137971,-15.422714102519917,-12.055555,49.555341596804816,0.11327855528042588,-1.5831166236612197
SKY,4.024922359499621,54.27092530382483,0.16638948777225573,0.3162281771129338,0.23570149436316953,42.779980690799256,106.888885,90.19540145404753,47.00711966615956,-7.7113570512599585,-12.1111105,48.21147001479686,0.0790626589973679,-1.4250372458727174
SKY,69.31810730249347,46.188021535170066,0.05360250291711463,0.4567737103525213,0.24617713990509202,36.410578574460814,82.44444,84.38141110721276,39.00696261368834,-17.01034598032535,-13.666667,45.103761453673044,0.13821552971997206,-1.5759375806438671
SKY,65.29318494299386,35.7957166897568,0.06253515941963848,0.3162281771129338,0.12570756972637426,37.670458135347715,85.666664,85.8741870614028,41.09395864733215,-17.146428199482248,-11.666667,45.90168376450071,0.13174166571151466,-1.6101827620567313
SKY,2.6832815729997477,31.176914536239796,0.03238479080067735,0.29865941624800646,0.1951102770765292,44.13785207688748,109.111115,93.65236165445481,48.646902104303415,-9.38971068066885,-12.0,50.059292967602204,0.0810124029424848,-1.4701824783175725
SKY,3.1304951684997055,27.712812921102042,0.03238452547069412,0.42163622024544334,0.12570829804635889,43.75988760387825,107.44444,93.65236165445481,48.0506143288795,-10.206207261596576,-12.5,50.059292967602204,0.08815210538473825,-1.4782467483142927
SKY,108.22569011098982,32.908965343808674,0.2367415308126736,0.3162281771129338,0.10999428526125368,35.12270016134234,76.44444,84.38141110721276,37.11872842649651,-20.18560932768792,-14.8888895,45.103761453673044,0.1607030437427897,-1.5939659751369992
SKY,38.46036921299638,19.052558883257653,0.1842569595985306,0.19324977300300086,0.06940091483446462,41.534094508596574,96.77778,92.31672179760717,45.76485913206528,-16.05776554724756,-11.333333,49.345363433824545,0.1156510189324172,-1.6024632773265177
SKY,89.88993269549154,53.11622476544558,0.06365242176742518,0.2459556002297996,0.10475670290659805,34.14279173640545,74.888885,81.6315463742835,36.07523152770859,-18.9155035804946,-14.5,43.633896926445345,0.15707041714926265,-1.5859005737694292
SKY,86.31222393149189,38.105117766515306,0.4343998767028496,0.281091085452841,0.21475205943462522,35.948622458295006,80.66667,83.98857369228388,38.410677074332405,-17.69075870910301,-13.833333,44.89378102290593,0.1434052288332232,-1.580879196384189
SKY,53.66563145999495,42.723919920032316,0.02680110824066864,0.15811427829312646,0.02749866147142802,38.49638081026486,89.111115,87.13126735486061,41.69024418668808,-15.604155972733677,-12.944445,46.573621445327056,0.12378174670229855,-1.5701682257054876
SKY,84.970583144992,55.425625842204084,0.05918565180204343,0.29865982734410235,0.14796883976197758,34.324771803083095,76.0,81.7886824716259,36.124921430304596,-18.144367875368605,-15.055555,43.71788970349535,0.1533666030956039,-1.5697624171237647
SKY,91.23157348199142,14.433756729740645,0.09938654229400427,0.26352312780643944,0.16891913028972713,38.73435858140566,88.0,88.85975028349138,41.93869817180405,-17.736119584904742,-13.055555,47.497534433587624,0.133977478777265,-1.5934000775800155
SKY,113.14503966148935,43.30127018922194,0.08040271566908987,0.281091085452841,0.13618418046905303,33.470855567437,72.0,81.94581644764796,34.78328064380472,-20.276332304036252,-16.166666,43.80188134665193,0.1693515867184926,-1.5782620527656614
SKY,75.57909763949289,56.58032638058333,0.04578447958345273,0.5270462556128789,0.26712855826815757,34.89872068242391,77.333336,82.65292322883451,37.01934862130451,-18.371173070873837,-14.333333,44.17984581966116,0.15128717167992797,-1.5828740860352726
SKY,109.12011730198974,45.61067126598044,0.03573451249132705,0.33379529359347776,0.16368294447096432,33.80682062820544,73.55556,81.55298398246656,35.52863365488068,-19.459835723108526,-15.0,43.59190356163613,0.1619680321190209,-1.5850735416781534
SKY,28.17445651649735,19.052558883257653,0.09938656038468495,0.22838645989155312,0.022260706117945315,42.08004566959922,97.77778,93.33809511662426,46.60959373718762,-16.602097689861488,-10.666667,49.89131043721799,0.11588648583471983,-1.6195723622934295
SKY,54.11284505549491,31.754264805429422,0.8676807845037021,0.4567741214486171,0.4190258923875766,38.9583365484662,90.0,87.75981103712343,42.53498371115998,-16.01240426319754,-11.944445,46.909592175562594,0.12289221650016936,-1.5917057083109365
SKY,62.60990336999411,19.62990915244728,0.036851331617437214,0.2810906711944675,0.07332985466917831,39.86825200043334,91.22222,90.03826535670512,43.7772402203319,-17.46395555483923,-11.3888895,48.12747723774686,0.12679594844742445,-1.6168958217052822
SKY,9.391485505499116,51.96152422706633,0.01340041452058178,0.2459551891337038,0.19903741732448477,42.89196778450716,105.888885,90.90250823523408,47.40464112299554,-9.29898933731368,-11.2222225,48.589434487806095,0.08036304432968291,-1.4833790707535008
SKY,11.180339887498949,23.67136103677466,0.17420550605547616,0.47434123792916105,0.23177314849815206,42.86397195599136,103.888885,92.78812867542081,47.00711966615956,-11.657756511996817,-12.444445,49.5973410090456,0.09315167610999858,-1.5130827881535165
SKY,52.323990673495075,25.403411844343537,0.07258651647906267,0.42163704243763495,0.10999397059873604,40.06423413897808,93.0,89.64542794177626,43.92631216418788,-15.92168332809066,-11.666667,47.91749680697975,0.11913346672843941,-1.5949340043204436
SKY,25.043961347997644,18.475208614068027,0.12618821436088729,0.2635227356840096,0.23177489505190157,42.34602078111371,99.22222,93.73093535998028,46.6592863230652,-15.694878132585428,-11.555555,50.101292379843,0.11243861212176572,-1.5950024522568622
SKY,34.88266044899672,35.7957166897568,0.12060423631976087,0.5094775263707282,0.3051034380380008,41.59009183509526,100.77778,89.33115857551859,46.06300033649567,-11.340230789632995,-10.555555,47.74951276473763,0.09046186521850452,-1.5453248067659577
SKY,105.09519494249011,20.207259421636905,0.08933703651423579,0.3865003428999721,0.21475257208704157,37.01252252638847,83.0,86.26702730475878,39.702630194304255,-18.280452135766957,-13.7222225,46.11166570712572,0.14288419816165004,-1.5897423556222936
SKY,46.51021393199562,39.25981830489456,0.1742073452746781,0.28109147757527086,0.2933182165951852,39.980242873785976,95.111115,88.3097774783269,43.528791154565496,-13.063945294843618,-12.666667,47.20356160373498,0.10694820658690037,-1.5344212909107393
SKY,42.485291572496,40.991869112463434,0.32719483468725896,0.70272810891681,1.3304086101697497,39.93824497340308,96.666664,86.58129384258935,43.7772402203319,-11.022703842524303,-11.666667,46.27964823750994,0.09492718116617274,-1.5154425449036923
SKY,28.621670111997307,28.290163190291665,0.07258632351180214,0.228387661557064,0.147969200386436,41.156130035587346,97.111115,91.13820813860698,45.019500754426176,-14.424772385392107,-12.333333,48.715421385594254,0.11023412636838012,-1.5638790765722583
SKY,107.77847651548986,43.87862045841156,0.0636533986641816,0.42163704243763495,0.2514153303715795,34.04479839934624,74.55556,82.4172268609955,35.379566183160655,-19.006226556842932,-16.444445,44.05386081169536,0.16108374326023095,-1.561305066467383
SKY,38.46036921299638,38.68246803570493,0.18760688631689462,0.3337960841628928,0.2422495683219999,41.142132121329446,99.44444,88.78118789167443,45.41702713061171,-11.521673476343336,-10.944445,47.45554106877841,0.09288713585185249,-1.5366132512217394
SKY,93.91485505499116,27.135462651912416,0.06365289815534961,0.21081852121881747,0.17284843428443314,36.704551404313456,82.55556,85.8741870614028,39.05665519956592,-17.826842561253077,-14.666667,45.90168376450071,0.1431517436951579,-1.5720521703026031
SKY,88.99550550449163,14.433756729740645,0.2546082699663812,0.40406828157270774,0.27367691153416646,39.168318491091206,89.111115,89.72399104069999,42.435599433832024,-17.781481685451343,-13.1111105,47.95949054975343,0.1330584861434643,-1.5924756768849706
SKY,18.335757415498275,53.6935750346352,0.04578484441217967,0.3337957046895736,0.49366355872622897,42.44400996056372,103.888885,90.50966799187808,46.95742752749558,-10.296928604951747,-10.944445,48.37945254518108,0.08421622325210266,-1.5142120376830717
SKY,41.14365078599613,26.55811238272279,0.07258642904077274,0.35136446555450085,0.3561730444408746,40.63818075053205,93.888885,91.13820813860698,44.621979744803795,-16.69281944146495,-11.6111105,48.715421385594254,0.12141904572309699,-1.605734424006965
SKY,23.25510696599781,38.105117766515306,0.07705318393058726,0.5797513049193732,0.750320905011982,43.171941188244006,106.888885,91.05964857521717,47.851854718495495,-8.981462390204987,-10.833333,48.673429532642935,0.07787252076061556,-1.4842102040641074
SKY,53.218417864494995,49.0747728811182,0.09045293904585845,0.2810906711944675,0.214751617492887,38.18841157801221,88.77778,86.65986754811479,41.04427098080413,-15.014465812056054,-13.8888895,46.32164764975072,0.12319245334750827,-1.5459772541929584
SKY,26.385602134497518,55.425625842204084,0.12618888974629913,0.1932505635724159,0.08511475084287454,42.17803447108476,103.44444,90.5882346263357,46.16238014168766,-9.979402882587927,-12.555555,48.42144817777714,0.08842913184647071,-1.4749925014859158
SKY,112.6978260659894,40.991869112463434,0.09938671415547069,0.42163704243763495,0.2514153303715795,33.69483353449754,72.77778,81.71012007980896,35.379566183160655,-20.04952670028273,-15.055555,43.67589633868614,0.16551261577200185,-1.5906193801629993
SKY,39.802009999496256,24.82606157515391,0.09938711818067242,0.28109147757527086,0.12046979291735382,40.49819404866363,94.111115,90.66680833186116,44.323838093159814,-15.967043795644098,-12.055555,48.46344759001792,0.11896909337141341,-1.589542102981862
SKY,34.88266044899672,34.64101615137755,0.06253583480505034,0.24595480966038455,0.13618330719217828,41.49210076582288,99.55556,90.66680833186116,45.41702713061171,-12.519613968726274,-12.333333,48.46344759001792,0.09989134151894137,-1.5322434727353629
SKY,74.68467044849298,32.908965343808674,0.11278729842693946,0.2459556002297996,0.24617802378856848,37.264496321964806,84.0,85.95276076692824,40.34860340018821,-17.872203845303094,-12.555555,45.943683176741494,0.1381052826244094,-1.6011740095323805
SKY,26.832815729997474,30.022213997860543,0.1797915464341995,0.24595480966038455,0.2618924113402677,42.19203427516502,101.0,91.3739151130477,46.80835513642601,-13.018584827290178,-10.444445,48.84141206302715,0.09766221429644374,-1.5766252419885707
SKY,73.3430296619931,25.980762113533164,0.17979098260798512,0.31622776601683794,0.07856644707434028,38.52438041842538,88.111115,88.07408111048788,41.64055652016006,-16.919623003977016,-13.2222225,47.07757659576918,0.13081129149170845,-1.5827340788925977
SKY,29.068883707497264,40.41451884327381,0.05360162250398846,0.35136326388899003,0.1990373360072049,42.52800311557819,104.0,90.3525347229628,47.30526131780354,-10.433011640605228,-10.1111105,48.29546127998897,0.08322591793836352,-1.5355955124315777
SKY,19.677398201998148,11.547005383792516,0.01898413718159932,0.4567728881603296,0.19903741732448477,43.03195448637558,102.666664,93.57380209106498,47.65309510811149,-13.698998780812714,-10.944445,50.017301114650884,0.10023809752448418,-1.5781395111604817
SKY,96.59813662799091,8.660254037844387,0.10273776551114998,0.38650154456548297,0.18332399850907574,40.26021627752282,90.888885,92.70955496989535,43.628172748611874,-19.142309184248127,-13.444445,49.555341596804816,0.13717694769859867,-1.6026234370124566
SKY,73.79024325749306,57.15767664977296,0.14293866504845115,0.2459551891337038,0.16761030392202209,35.304682495806816,79.0,83.4386001800126,37.218108231688504,-17.64539742505299,-15.2777775,44.59980781508881,0.14776722949605903,-1.5611195923586778
SKY,11.627553482998906,51.96152422706633,0.11278821803654043,0.4040694832382186,0.10082825451109728,42.75198297246109,105.666664,90.74537496631879,47.106499918565156,-9.11754542585847,-11.666667,48.50544322261398,0.08129869566991602,-1.469663674072216
SKY,35.32987404449668,27.712812921102042,0.30039563199828806,0.3162273707321304,0.12570802227471423,40.77816556257812,94.77778,91.29534140752226,44.621979744803795,-16.05776554724756,-12.166667,48.799412650786365,0.11891375516110622,-1.5888941810382606
SKY,104.2007677514902,46.765371804359695,0.09938757647791618,0.3337965268817652,0.19510947804586642,34.17078907677914,75.66667,82.33865315547006,35.379566183160655,-18.053645715516854,-16.944445,44.011861399454574,0.15654205664685922,-1.5431404124975163
SKY,86.75943752699183,41.56921938165306,0.1206039287781894,0.3689323726044599,0.40462106659463487,35.31867852024235,79.22222,82.8100635688176,37.56594202199646,-17.418594270789214,-14.166667,44.263840864498,0.14463822354883235,-1.5738639900080376
SKY,94.80928224599108,46.765371804359695,0.03238504105509335,0.2635227356840096,0.027499007953750803,34.84272675760548,77.22222,83.75286671784315,36.17460909683262,-18.3258126033204,-16.944445,44.76779034547303,0.15558670554774431,-1.5467247367713508
SKY,79.15680640349255,49.0747728811182,0.050252196294456444,0.281091085452841,0.1518967896471976,35.360677932483135,79.22222,83.4386001800126,37.31748803688051,-17.55467648994611,-15.166667,44.59980781508881,0.1469559437845985,-1.5615842322245956
GRASS,93.4676414594912,143.76021702821683,0.7191605474746544,0.9135467882495105,1.3461215481525475,3.233695836876459,8.0,5.342584388259959,4.521826304809175,-0.6804137902232191,2.33333325,3.8216407406528,0.13819876368227677,1.3558211086467786
GRASS,46.06300033649567,112.58330249197704,0.4746009571469575,0.6500237553114009,1.3421931810743264,3.2196971666896164,6.3333335,4.871180126741414,5.515634195428283,-2.676294244266317,5.7222225,4.661561707792311,0.22435968183800312,1.5464583696468779
GRASS,106.43683572898999,103.92304845413265,0.10273723485118351,0.5446144788906039,0.5879461363704842,5.137516872109438,11.111111,8.406714032674152,7.950464466593646,-3.039181822227766,6.2777775,6.719368871009506,0.168265322783567,1.564755394006183
GRASS,92.57321426849128,125.2850084141488,0.14293868313913183,0.6500237553114009,0.3208172104068004,2.379776199550105,5.0,2.985562020007061,4.323064905570792,-1.587632204404064,5.0555555,3.6536566984106873,0.2605519446915181,1.3973407217817777
GRASS,28.17445651649735,127.01705922171769,4.601955441080951,1.1595018192693314,2.152747563028122,3.0937091350080315,6.5555553,4.556910548351706,5.167801299547516,-1.995880576517585,5.0555555,4.36758925590414,0.21766658478075976,1.4800803469085875
GRASS,51.87677707799512,137.40936406713095,0.26465986220465415,0.33379598929456294,0.8079345866848386,3.2196971666896164,7.4444447,4.0069383088726385,5.565324992451474,-1.3154667454695368,5.888889,4.7035580963173125,0.24173685480009108,1.3044180518991004
GRASS,28.17445651649735,116.0474041071148,0.27694377810568505,0.29865949214267035,0.19510907499500119,2.939723649563419,6.2222223,3.928370825886864,5.167801299547516,-1.905158620789979,5.6666665,4.36758925590414,0.24292699303684342,1.402183413283412
GRASS,58.58498101049449,135.09996299037246,0.09045336116174085,0.2810913321104985,0.2147509209927075,2.169796146747464,4.0,3.1426969859786107,3.9255416598804294,-2.1319633263972633,4.5555555,3.317688235961988,0.24892523197007874,1.5510866663724563
GRASS,27.72724292099739,128.74911002928656,1.7253151507038043,0.5270462556128789,0.8642415350260625,2.5197630904007693,4.888889,3.299831881239482,4.670897801451558,-2.1773242838486517,5.6666665,3.947629150298858,0.2652646547280809,1.4471560409629793
GRASS,94.80928224599108,135.09996299037246,0.03573466626211279,0.33379595767178644,0.10082821208469042,2.687747321625119,6.0,2.985562020007061,4.969039900309133,-1.3608276212712673,6.0,4.199605213662027,0.27786470100731026,1.2998458994519484
GRASS,104.2007677514902,106.23244953089116,0.023450878804914668,0.24595490452871438,0.2776048189929796,4.479578617398882,9.777778,6.9925004703010565,7.105727178189731,-2.5402116168611264,6.0555555,6.0054355575871075,0.18136995569046296,1.505179809213585
GRASS,48.299068313995456,122.39825706820068,0.4288158866012694,0.4919098406802054,0.7018688877049081,3.0377144542606604,6.0,4.792612573044961,5.0684205999283245,-2.4948506185849086,4.9444445,4.283597234783084,0.22959706733694246,1.5857925278532639
GRASS,105.98962213349003,110.27390141521853,0.0938035140136133,0.4743416490252569,0.35748168696081656,2.7717395317284117,5.3333335,3.849803767165158,5.018730250118729,-2.4494897427831783,5.8333335,4.241601224222555,0.23962585457670882,1.500779342292905
GRASS,104.64798134699015,94.68544414709864,0.06365242176742518,0.9486832980505138,2.8441425729580607,5.1655145904475965,11.666667,10.606601717798211,6.410061386428199,-2.4494897427831783,1.0,6.383400408560807,0.13378391578886073,2.033016848725066
GRASS,85.41779674049197,95.26279441628826,0.05360203255941708,0.7730011285188166,0.4033128483387617,5.403491983623923,12.0,9.978062278176083,7.503250871093688,-2.812377157445311,3.72222235,6.635376093959503,0.1422714573980477,1.8339117011775454
GRASS,18.78297101099823,115.47005383792516,0.12953819836640676,0.1405456375947503,0.08904303660381561,2.9117264225790755,5.7777777,4.164073345554866,5.118111396951516,-2.3587678687052307,5.611111,4.325593623308085,0.23045806531167878,1.4900578357231642
GRASS,70.65974808899335,107.3871500692704,0.1027372469116373,0.47434161740248026,0.640324045882045,4.563571016484412,9.333334,7.6210399099231845,7.205107430595327,-3.356708075314365,6.0555555,6.089427200743691,0.1917940350272917,1.6401479675444302
GRASS,0.8944271909999159,141.45081595145834,0.6521578824019534,1.0013879362609124,1.1588695608673787,2.4217723234999755,6.2222223,4.242640687119285,3.1304951684997055,-0.22680462395762574,0.8888889,2.729743445574989,0.08543988014783775,1.2421356623481208
GRASS,98.38699100999074,127.01705922171769,0.3405962601753791,0.7202965535539714,1.4679020589482459,2.435771144872607,5.6666665,3.7712362841793836,3.726780260642047,-0.9525793308074042,2.83333325,3.1497041937198755,0.19111844286497778,1.4031585135346683
GRASS,54.11284505549491,136.83201379794133,0.3484129417835577,0.49190977743465214,0.2776048189929796,2.82773425027223,6.111111,3.614101247497156,5.018730250118729,-1.6783540376571826,5.611111,4.241601224222555,0.24920296055715616,1.3707036557810899
GRASS,58.58498101049449,123.55295760657992,0.1965406222300321,0.4040687875371333,0.08511464831239127,2.575757960130377,5.0,3.378399010671866,4.77027850107075,-2.2226852413000397,5.7777775,4.031621171419914,0.25408994973188526,1.4554583231022469
GRASS,28.17445651649735,103.34569818494303,0.0670025535135035,0.49190990392575856,0.19903751278390025,4.4655803251765125,9.777778,6.678231104043382,7.254798674832114,-2.4948506185849086,6.611111,6.1314239672331645,0.18772334482842862,1.4457293116105796
GRASS,33.988233257996804,143.76021702821683,0.6220071700600593,0.7378648400772496,1.948472899224703,5.053524850988381,12.222222,9.270955496989535,6.6088232328801775,-1.4061885378978265,2.11111115,5.669467095138408,0.09089566687827544,1.812623827265856
GRASS,25.043961347997644,140.2961154130791,1.5901928416312794,0.8081376383198199,0.29331814588450705,2.4497697772630027,5.111111,3.4569665643683187,4.2236842059516,-1.6783540376571826,4.4444445,3.5696646772896305,0.23498254314589564,1.437992644185583
GRASS,99.28141820099066,140.87346568226872,0.19319068043610085,0.7202965535539714,0.7607945706549172,3.919631431960699,9.666667,6.9139331287366375,5.217492096570708,-0.8618575383791145,1.9444444,4.493577665550198,0.10128569089980687,1.6428848243410124
GRASS,58.13776741499453,109.11920087683929,0.10273727103254487,0.3689324674727897,0.3260547644771848,4.535573676110726,9.444445,7.149635153429893,7.354179374451307,-3.1299034921815685,6.6666665,6.215415988354222,0.19652471857825768,1.5514933941929947
GRASS,110.4617580884896,113.7380030303563,0.013400501054337674,0.19325026631831585,0.0222607856674582,2.267786838055363,4.111111,2.82842712474619,4.422445605189984,-2.3134069112538422,5.8333335,3.737648719531744,0.27595738421599847,1.4672159532384605
GRASS,49.19349550499537,100.45894683899489,0.018984031652628717,0.5446144788906039,0.053687665724683094,5.095521239513382,10.888889,8.878118082060661,7.602631123499285,-3.175264449632957,5.2777775,6.425396041156862,0.16068186817904279,1.6813969002035911
GRASS,47.851854718495495,130.48116083685545,0.9335685209264234,1.1243654043366578,0.90614383435104,2.9677211033264466,5.7777777,4.635477607073412,5.018730250118729,-2.5402116168611264,5.0555555,4.241601224222555,0.235628480574692,1.5976354350672886
GRASS,52.771204268995035,96.41749495466752,0.15633911967004177,0.6500236604430711,0.35224388893859265,5.515481345118665,12.888889,9.742360253482827,7.652321026095285,-2.0866023281210455,3.77777765,6.467391673752918,0.111109775060505,1.630396752899833
GRASS,33.09380606699688,124.13030787576956,0.022334173951604107,0.15811390198208491,0.043212062609167504,2.6177538573015626,5.111111,3.1426969859786107,5.018730250118729,-2.2226852413000397,6.4444445,4.241601224222555,0.2699845022936279,1.4079608292390966
GRASS,88.99550550449163,127.01705922171769,0.25125930506920635,0.2810913321104985,0.16761042059464099,2.5057644580103737,5.3333335,3.5355339059327373,4.273374108547601,-1.587632204404064,4.388889,3.611660309885686,0.22535097549378832,1.436039756677302
GRASS,72.00138887549322,101.61364737737415,0.04578506451546121,0.3689323726044599,0.1374929538037495,4.913538149119954,10.111111,8.328146691109731,7.652321026095285,-3.5381519867695768,6.1666665,6.467391673752918,0.18234428653457085,1.6550669306779724
GRASS,46.06300033649567,124.70765814495918,0.17085642658399042,0.2635230961836628,0.4203356662783685,2.673748764827618,5.111111,3.5355339059327373,4.969039900309133,-2.404128866981448,6.0555555,4.199605213662027,0.26525291984333504,1.4702837360086383
GRASS,10.285912696499032,136.83201379794133,0.7370278986963914,0.5621826705455523,0.7332962485947443,2.2117921573079924,4.2222223,3.2212640447003165,3.9255416598804294,-1.995880576517585,4.388889,3.317688235961988,0.24206144689984094,1.5418649332856118
GRASS,77.36795202149273,126.43970895252806,1.0541732396643357,0.8959786598401153,2.3373812753239136,2.113801352610751,4.111111,3.064129502992836,3.726780260642047,-1.8144369508361768,4.111111,3.1497041937198755,0.2510002180826154,1.5191223285929871
GRASS,67.52925292049365,107.96450033846003,0.22334176665206207,0.6500237553114009,0.3679571203707046,4.395586974242299,9.333334,6.835365787172219,7.105727178189731,-2.812377157445311,6.388889,6.0054355575871075,0.1915695561630305,1.524974273603409
GRASS,87.65386471799175,140.87346568226872,0.1663895782256591,1.141933690859936,2.457850279817206,2.9257250927659184,6.6666665,4.949747468305832,4.273374108547601,-1.3154667454695368,2.72222235,3.611660309885686,0.17144912581265032,1.6550449396570777
GRASS,101.51748617849044,128.17175976009693,0.7861626698269351,0.8257059248430981,2.567844133743323,3.5276682887646293,8.555555,5.421151871245733,5.267182446380303,-0.9525793308074042,3.66666675,4.45158165498967,0.16712057225462196,1.34707009654417
GRASS,21.46625258399798,110.85125168440817,0.3037446692581856,0.9135467882495105,1.7075322032323488,3.7656460599054293,8.666667,5.264017329538253,6.161609637380219,-1.587632204404064,5.7222225,5.207510601008124,0.21297911547952694,1.349482886302935
GRASS,46.06300033649567,136.83201379794133,0.13400502863405742,0.1756820746633674,0.16761046302104785,3.0237157840738176,6.5555553,4.0069383088726385,5.267182446380303,-1.7690759933847884,5.6666665,4.45158165498967,0.2338923526756016,1.3763844809504644
GRASS,108.67290370648978,95.8401446854779,0.09938700360636149,0.2283866591150457,0.11654172635951489,5.053524850988381,11.222222,8.563848715802987,7.503250871093688,-2.630933531763903,5.111111,6.341404398000279,0.14780970584335962,1.6010854090526978
GRASS,56.3489130329947,136.83201379794133,0.07258609436318027,0.31622779763961456,0.17284825043667001,2.1837947035449647,4.2222223,2.985562020007061,3.9752320096900258,-1.905158620789979,4.6666665,3.3596842465225167,0.24767221102966316,1.4829665446573566
PATH,34.88266044899672,107.3871500692704,0.6398733453875526,1.1243654043366578,1.4875425154811273,13.340745538853222,31.222221,31.034131737750453,13.764241208093098,-4.989701237169817,-6.7777775,16.588441179809944,0.13518622109959016,-1.4567260948502363
PATH,10.285912696499032,108.54185060764966,0.14740521792566477,2.3365721780441535,13.158731463989836,11.5629129132663,27.444445,26.71292441617353,11.876005232046884,-3.8556785256299793,-6.0555555,14.278658709158522,0.1270749202882973,-1.424472762529296
PATH,91.23157348199142,102.19099764656377,3.225055191984444,2.635230961836628,9.663801043646393,12.430831976708443,29.0,28.755676711061973,12.96919426949878,-4.762896858161166,-5.8333335,15.370555739661205,0.12570706384082925,-1.4855181394772683
PATH,0.4472135954999579,109.11920087683929,0.13958847601521734,3.9177106919005777,29.909305161111856,8.917161602201709,21.11111,20.741799386209912,9.093343406641543,-3.039181822227766,-4.888889,11.086958126913647,0.10424400883403909,-1.4281786384588167
PATH,16.099689437998485,109.11920087683929,0.7426105922991899,1.8446620211361824,7.632823137324878,11.85688536515447,28.444445,26.870057685088803,12.372909177356439,-3.583512862571307,-5.5555555,14.362649974350633,0.1190939643515489,-1.4285999326790477
PATH,15.652475842498527,109.11920087683929,0.8665647704128819,1.4230249470757708,5.432935805754208,12.066865795921585,29.0,27.26289580712446,12.621360926404419,-3.583512862571307,-5.5555555,14.572630783082221,0.11760874564021376,-1.429930283377172
PATH,86.75943752699183,102.7683479157534,0.31714609474630573,2.5298221281347035,4.446914997369314,12.724804428596613,29.666666,29.619918175377357,13.16795611595076,-4.898979485566357,-6.3333335,15.832512233791489,0.13280586859977422,-1.4875815477754488
PATH,18.78297101099823,108.54185060764966,0.5460699700691578,0.43920526571536006,0.6193727901535391,11.632907020129458,27.555555,26.94862431954644,11.92569558185648,-3.94640027723344,-6.1666665,14.404645606946687,0.1349454502440449,-1.4258405191761454
PATH,10.73312629199899,108.54185060764966,0.3673971814790141,2.0906171786471095,13.630139756017034,11.576911961417615,27.333334,26.870057685088803,11.876005232046884,-4.037122028836901,-6.111111,14.362649974350633,0.1300478218578788,-1.4412394663927572
PATH,74.23745685299302,103.92304845413265,0.4779514115101745,2.3190033539336734,16.247745115272796,11.88488308349263,28.666666,26.71292441617353,12.472290771402822,-3.4020689511160955,-5.3333335,14.278658709158522,0.11312392223550984,-1.4290853614843324
PATH,102.41191336949036,101.03629710818453,0.1574560503553494,1.791957129943571,9.239529903866652,12.472827609304497,29.0,28.991378028648445,12.96919426949878,-4.898979485566357,-6.0,15.496543393378316,0.1282759973695956,-1.4787080647783388
PATH,51.87677707799512,106.23244953089116,0.6387575122035393,3.355527926486695,15.940018961614836,11.982873396836055,28.777779,26.870057685088803,12.671052170641206,-3.583512862571307,-5.0555555,14.488639139925638,0.11212604112346293,-1.566569547163995
PATH,46.06300033649567,106.80979980008078,1.403703552339764,3.1271409606307166,33.558771647163276,11.674903030689988,27.777779,26.162950903902257,12.472290771402822,-3.810317241579958,-4.5,14.194666310072993,0.11200194829498361,-1.732822018682842
PATH,59.4794082014944,105.0777489925119,1.6449106983293695,2.7406404279940846,25.188723929520776,11.254942547120232,27.222221,25.063008829107176,11.92569558185648,-3.1299034921815685,-4.6666665,13.564725395736126,0.11452148708212699,-1.5681758109281383
PATH,12.074767078498864,109.11920087683929,0.09380344165089059,0.8257059248430981,0.8865024939346821,12.388836344112388,29.0,28.755676711061973,12.820122772856397,-4.6268138225076845,-6.1666665,15.370555739661205,0.1331985623858468,-1.4596617193630101
PATH,28.621670111997307,107.3871500692704,0.5862718645938961,2.160889945266903,18.94652668656217,11.632907020129458,27.555555,26.79149105063117,12.025077175902863,-3.94640027723344,-5.8333335,14.32065434175458,0.1237558440908472,-1.446957414668144
PATH,1.7888543819998317,109.11920087683929,1.1714274135856275,3.706891759585664,40.5159245565796,9.995060718446494,23.444445,23.334523779156065,10.236222793903032,-3.6742346141747677,-5.3333335,12.472827609304497,0.12140622410931402,-1.4856325493544642
PATH,61.268262583494234,105.0777489925119,1.1624936625969227,1.1419334695005,3.259239709358687,13.200759214949265,31.444445,30.327024956563907,13.615169711450717,-4.263926816093842,-6.7222225,16.210476706800716,0.1277940442219972,-1.4150087746592173
PATH,12.521980673998822,108.54185060764966,0.4511500680906571,1.6162752133940868,6.7201349590032775,11.324935520089973,26.88889,25.7701127818666,11.876005232046884,-3.7649563657782283,-5.111111,13.774704692609818,0.12336963937404535,-1.4733036476497299
PATH,20.12461179749811,108.54185060764966,0.8263645040494044,0.9838198710970704,2.666054901689104,12.598815263021608,29.666666,29.227082174662048,12.96919426949878,-4.4907311951024935,-6.5,15.62253255895332,0.13410381661799378,-1.4430073040564018
PATH,16.54690303349844,109.11920087683929,0.44779994538991913,1.8095257959401683,8.444684959717089,11.338934190276817,27.11111,25.69154826872931,11.876005232046884,-3.5381519867695768,-5.1666665,13.732710193907185,0.11862265935965935,-1.449768305544717
PATH,51.87677707799512,106.23244953089116,0.6387575122035393,3.355527926486695,15.940018961614836,11.982873396836055,28.777779,26.870057685088803,12.671052170641206,-3.583512862571307,-5.0555555,14.488639139925638,0.11212604112346293,-1.566569547163995
PATH,6.7082039324993685,109.11920087683929,0.2780601238589842,0.6324555320336759,1.0213760060228652,12.136858768891324,28.333334,28.519975393475498,12.372909177356439,-4.6268138225076845,-6.6666665,15.244568085944092,0.14103445564862288,-1.4410710335574786
PATH,16.994116628998402,109.11920087683929,0.06700249321123458,1.9676396789485873,11.77986864448199,10.988967057641274,26.333334,24.905870610444435,11.478481986356522,-3.356708075314365,-5.111111,13.312747820515062,0.12128777064427394,-1.448966163612139
PATH,91.67878707749138,102.19099764656377,2.9045576780386186,2.6879356949153568,6.140052839989083,12.26284680057291,28.444445,28.519975393475498,12.7704324230468,-4.898979485566357,-5.8333335,15.244568085944092,0.13253845723034502,-1.4999410672038083
PATH,80.49844718999243,103.34569818494303,0.756012801716806,1.4405932968446022,2.571773526126377,13.410738889787433,31.333334,31.191265006665724,13.863621460498695,-5.080423397021568,-6.7222225,16.672432445002052,0.13468544920389314,-1.4673879923183235
PATH,55.00727224649483,105.65509926170152,0.1965408935902422,2.002776062258484,13.057902986740102,12.192854205567642,29.444445,27.655731100732986,12.621360926404419,-3.447430235166116,-6.0555555,14.782610079955914,0.11915384625198634,-1.3935462453725744
PATH,34.435446853496764,107.3871500692704,0.8040299305952688,0.7378646819633665,1.2570788085335798,13.21475788513611,31.11111,30.719860250172434,13.56547936164112,-4.717535574111145,-6.9444445,16.42045600367441,0.13567414007655254,-1.4401230862066199
PATH,7.155417527999327,109.69655114602891,2.072611445222718,2.705504044684188,26.04771547953924,11.198947488408388,26.11111,26.08438426944462,11.577863580402905,-4.309287283647282,-5.611111,13.942689868745353,0.1343383488438818,-1.5278162064676757
PATH,63.50433056099403,105.0777489925119,0.33166202676852313,0.720296332194535,1.2793393078227917,13.04677422085847,31.555555,29.85561807875027,13.317027612593142,-3.628873738373038,-7.111111,15.958499131579654,0.13112644738459323,-1.3739356994565373
PATH,4.47213595499958,109.69655114602891,2.103878322411105,0.7905696364015311,0.9388802266695476,12.458828939117655,29.333334,29.06994466310608,12.720742520450802,-4.445370319300764,-6.7777775,15.53853902597437,0.1367155440157135,-1.4283853964816358
PATH,72.89581606649314,103.92304845413265,0.3573469641324724,2.8987546272302698,22.607771803821205,11.478920892145243,27.444445,25.69154826872931,12.223838575141247,-3.583512862571307,-4.5555555,13.732710193907185,0.10665616269263103,-1.5677226969027542
PATH,0.8944271909999159,109.69655114602891,0.4377501200081254,0.7905694150420949,1.048875424098549,11.968874726649211,28.0,28.362837881919532,12.025077175902863,-4.4907311951024935,-7.1666665,15.160574552965143,0.14713652416232545,-1.4201398950168973
PATH,61.268262583494234,105.0777489925119,1.1624936625969227,1.1419334695005,3.259239709358687,13.200759214949265,31.444445,30.327024956563907,13.615169711450717,-4.263926816093842,-6.7222225,16.210476706800716,0.1277940442219972,-1.4150087746592173
PATH,8.94427190999916,109.11920087683929,0.5282034329280512,0.8432741481208231,1.3513613154671569,12.892787714909778,30.11111,30.248458322106266,13.16795611595076,-4.898979485566357,-7.0,16.16848107420466,0.1385841947195584,-1.445522412166404
PATH,12.521980673998822,108.54185060764966,0.4511500680906571,1.6162752133940868,6.7201349590032775,11.324935520089973,26.88889,25.7701127818666,11.876005232046884,-3.7649563657782283,-5.111111,13.774704692609818,0.12336963937404535,-1.4733036476497299
PATH,50.9823498869952,106.23244953089116,0.0993871362713531,2.9690270776222976,10.236026499214825,11.786891636255783,28.444445,26.24151753835989,12.521980673998822,-3.356708075314365,-4.7777775,14.02668113393746,0.10390689475361527,-1.5275837097580216
PATH,34.435446853496764,106.80979980008078,2.310468950929737,1.9676391729841616,11.355612707498047,12.304843945026859,29.222221,28.048569929875427,12.869814017093184,-4.08248290463863,-5.6666665,14.992591266651976,0.12090883762053492,-1.4745096889757217
PATH,44.274145954495836,106.23244953089116,0.988287643972161,2.512253462138106,22.398261367856488,11.912880045901842,27.777779,27.420031197360075,12.521980673998822,-4.581452946705954,-5.2777775,14.65662318216775,0.12542092763815646,-1.543702350256525
PATH,21.01903898849802,109.11920087683929,1.3724355294082682,1.8622303076594604,5.164499156509397,11.198947488408388,26.777779,25.848682244751362,11.428791636546926,-3.492790702719556,-6.111111,13.816701837063766,0.1330070655242537,-1.382092671152271
PATH,63.50433056099403,105.0777489925119,0.33166202676852313,0.720296332194535,1.2793393078227917,13.04677422085847,31.555555,29.85561807875027,13.317027612593142,-3.628873738373038,-7.111111,15.958499131579654,0.13112644738459323,-1.3739356994565373
WINDOW,111.35618527948952,88.91194145520238,5.476339697157516,0.5446145105133805,1.1222042711405642,1.6238472535316508,2.5555556,5.421151871245733,1.1925696029070076,-2.1319633263972633,-2.4444445,2.897727563409996,0.36463287708795816,-1.481963301556209
WINDOW,67.97646651599361,87.75724091682312,0.010050381067201786,0.6675919785891259,1.5346836982372378,0.5319499962502866,1.0,1.7284832114734814,0.34783280643804715,-0.49897012371698174,-0.9444444,0.9239131394463566,0.19639538440643908,-1.4144058954175776
WINDOW,67.08203932499369,87.75724091682312,0.008933665962505508,0.6500237553114009,1.2636262284186377,0.517951326063444,1.0,1.649915940619741,0.34783280643804715,-0.4536092479152515,-0.8888889,0.8819171666822757,0.2401702476865109,-1.4194117871643097
WINDOW,54.11284505549491,88.91194145520238,0.03573467952861195,0.8257057983519918,2.033586953567398,0.6999341896781888,1.5555556,2.1213203435596424,0.4472135954999579,-0.36288737383730374,-1.2777778,1.1338934190276815,0.23898714411961577,-1.3476935525931424
WINDOW,67.08203932499369,87.75724091682312,0.008933665962505508,0.6500237553114009,1.2636262284186377,0.517951326063444,1.0,1.649915940619741,0.34783280643804715,-0.4536092479152515,-0.8888889,0.8819171666822757,0.2401702476865109,-1.4194117871643097
WINDOW,94.36206865049112,88.91194145520238,0.008933669882152988,0.12297747756257847,0.02226076940400223,0.09799078579901749,0.0,0.5499719566363542,0.0,-0.3175264572107444,-0.3888889,0.2939723762952761,0.24845201737613645,-1.4809610484045554
WINDOW,77.36795202149273,87.75724091682312,0.008933665359482819,0.26352312780643944,0.058925629917000566,1.357872330999402,2.6666667,4.085505791858413,1.0434984640355012,-1.1340229973136415,-1.88888885,2.1837947035449647,0.2682098424711493,-1.4126550990273596
WINDOW,96.15092303249095,88.33459118601276,2.4254977600701038,0.3513642441950646,1.3775487676210272,3.149703815755402,5.3333335,9.506658228789572,2.782662406783018,-3.6742346141747677,-3.16666675,5.081522569326539,0.34416516301999245,-1.5159589449859927
WINDOW,98.8342046054907,88.91194145520238,0.8263632980040262,0.40406881915990994,0.2108225079525458,2.4497697772630027,4.3333335,7.6210399099231845,1.937925655035417,-2.630933531763903,-3.22222235,4.073617181980443,0.27941914391109285,-1.4764280696730807
WINDOW,64.8459713474939,89.489291724392,10.739388761604,3.144709626627314,42.920068520730766,4.269598564596241,7.7777777,12.413651987993399,3.8261605130476424,-4.309287283647282,-4.111111,6.635376093959503,0.3342002021045759,-1.513584197572056
WINDOW,29.516097302997224,89.489291724392,6.571830815286275,2.4419813279738443,25.305253712846753,3.1217064753817167,5.888889,8.956686130731862,2.782662406783018,-2.9030989090487718,-3.0555555,4.787550117438369,0.1344430057695007,-1.5185980089147373
WINDOW,20.571825392998065,88.91194145520238,2.4757428165759205,0.509478095580707,0.430811311820291,2.40777369110958,9.666667,3.299831881239482,2.1366871437165194,4.037122028836901,-2.38888885,3.6536566984106873,0.251301376189961,-0.0034838716945497544
WINDOW,38.46036921299638,89.489291724392,3.181503385816909,1.7041164246510416,21.29831717174107,3.3036895657751453,6.6666665,9.113820813860698,2.98142389546412,-2.5402116168611264,-3.11111115,4.871542138559426,0.1754800855556892,-1.4702843016940632
WINDOW,110.90897168398956,88.33459118601276,0.018984047934241327,0.035136424419506464,0.010475658623397915,0.13998683793563776,0.0,0.7856742641723222,0.0,-0.4536092479152515,-0.5555556,0.41996055916265007,0.39752320096900257,-1.4809610484045554
WINDOW,93.02042786399124,88.91194145520238,37.950237954566,0.29865949214267035,0.2422492112330754,3.289690895588303,5.888889,9.820927595047246,2.8323528460353327,-3.447430235166116,-3.5555555,5.249506611568653,0.3450327752838062,-1.4615301783216177
WINDOW,19.23018460649819,87.75724091682312,0.5148029421250991,0.38650059588218494,0.2933184640825586,0.5739460824037095,1.0,2.042752860573868,0.2981424119070918,-0.6350529144214888,-1.2777778,1.0918973328742587,0.2900972763472532,-1.3670063358436217
WINDOW,2.6832815729997477,88.91194145520238,0.008933669882152988,0.03513641809495114,0.010475657916291134,0.027997368721020974,0.0,0.1571348386923288,0.0,-0.09072184141808448,-0.11111111,0.08399210427324055,0.09938079800618266,-1.4809610484045554
WINDOW,67.97646651599361,89.489291724392,0.1842569113567155,3.4082326595654235,46.60094963974996,2.7577406725593323,5.3333335,7.778174593052022,2.4845198607118473,-2.404128866981448,-2.61111115,4.157609203101499,0.22360679774997896,-1.4959317717544807
WINDOW,35.32987404449668,88.91194145520238,0.4779512306033678,0.05270463504812087,0.027498594296283808,0.27997366831198606,0.44444445,1.0999439132727085,0.09938079800618266,-0.36288737383730374,-0.7777778,0.5879447525905522,0.1291950436690278,-1.3573899664621971
WINDOW,74.23745685299302,88.91194145520238,0.008933671691221055,0.14054567554208222,0.026189140371310454,0.2659749981251433,0.22222222,1.3356460793873202,0.0,-0.5896919569701005,-1.0555556,0.7139328598650315,0.4472135954999579,-1.4265951435330275
CEMENT,77.36795202149273,91.22134253196089,1.1077751124227402,0.3689323726044599,0.16892003185087312,3.163702485942245,7.111111,8.328146691109731,2.782662406783018,-1.5422712877775047,-3.22222235,4.45158165498967,0.21152092188576788,-1.3467918500257732
CEMENT,104.2007677514902,91.79869280115051,0.1574559779926267,0.40406881915990994,0.5565192351000559,2.5057644580103737,5.111111,7.149635153429893,2.0869969280710023,-1.8597976633385909,-2.9444445,3.8216407406528,0.24224071246959702,-1.4138198453173303
CEMENT,14.310835055998654,91.22134253196089,0.2601930138463228,0.26352312780643944,0.21606029536816798,3.0097171138869747,6.3333335,8.406714032674152,2.5342102999641622,-1.995880576517585,-3.4444445,4.493577665550198,0.2328096485608962,-1.4020754380779248
CEMENT,3.5777087639996634,93.53074360871939,0.6220065971885046,0.10540927642079705,0.047140454436125766,3.163702485942245,6.6666665,8.48528137423857,2.8820432852876476,-2.0866023281210455,-2.88888885,4.535573676110726,0.21681153027470765,-1.4459954666030181
CEMENT,57.243340223994615,92.95339333952975,0.07593621103369136,0.24595495196287928,0.057616043409505734,2.7017459918119613,5.5555553,7.699607251487604,2.23606797749979,-1.9505195782413676,-3.22222235,4.115613192540971,0.24190574948656757,-1.4116024291622074
CEMENT,67.08203932499369,91.22134253196089,0.49246867018230805,0.43920526571536006,0.14796848267305307,3.1917002042804037,7.0,8.642416057367408,2.7329719228093436,-1.7690759933847884,-3.5,4.619565697231783,0.22498710015180978,-1.3742257546581802
CEMENT,55.45448584199478,93.53074360871939,0.34059610941970686,0.6324555320336759,0.31426975516640354,3.7936434002791146,8.0,10.292331644433757,3.3789470517117635,-2.4948506185849086,-3.72222235,5.501482674931822,0.21463180226596895,-1.434940347053913
