dataset,seed,fold,rule,n_rows,removed_pct,skipped,votes_hist,per_class_removed
breast-cancer,0,0,consensus,286,11.284046692607005,False,93 43 34 19 12 27 29,"{""no-recurrence-events"": 0.03333333333333333, ""recurrence-events"": 0.2987012987012987}"
breast-cancer,0,1,consensus,286,8.560311284046692,False,105 41 22 33 11 23 22,"{""no-recurrence-events"": 0.03867403314917127, ""recurrence-events"": 0.19736842105263158}"
breast-cancer,0,2,consensus,286,10.894941634241246,False,98 45 24 28 16 18 28,"{""no-recurrence-events"": 0.027624309392265192, ""recurrence-events"": 0.3026315789473684}"
breast-cancer,0,3,consensus,286,12.062256809338521,False,90 53 34 18 18 13 31,"{""no-recurrence-events"": 0.03867403314917127, ""recurrence-events"": 0.3157894736842105}"
breast-cancer,0,4,consensus,286,12.840466926070038,False,102 41 26 24 14 17 33,"{""no-recurrence-events"": 0.049723756906077346, ""recurrence-events"": 0.3157894736842105}"
breast-cancer,0,5,consensus,286,8.171206225680933,False,101 39 29 28 14 25 21,"{""no-recurrence-events"": 0.03314917127071823, ""recurrence-events"": 0.19736842105263158}"
breast-cancer,0,6,consensus,286,10.077519379844961,False,90 47 28 26 17 24 26,"{""no-recurrence-events"": 0.03867403314917127, ""recurrence-events"": 0.24675324675324675}"
breast-cancer,0,7,consensus,286,10.852713178294573,False,113 34 17 23 25 18 28,"{""no-recurrence-events"": 0.03867403314917127, ""recurrence-events"": 0.2727272727272727}"
breast-cancer,0,8,consensus,286,11.627906976744185,False,104 41 24 17 20 22 30,"{""no-recurrence-events"": 0.03314917127071823, ""recurrence-events"": 0.3116883116883117}"
breast-cancer,0,9,consensus,286,10.852713178294573,False,92 48 33 12 20 25 28,"{""no-recurrence-events"": 0.049723756906077346, ""recurrence-events"": 0.24675324675324675}"
breast-cancer,1,0,consensus,286,12.45136186770428,False,102 41 27 21 14 20 32,"{""no-recurrence-events"": 0.03888888888888889, ""recurrence-events"": 0.3246753246753247}"
breast-cancer,1,1,consensus,286,8.560311284046692,False,105 42 18 28 20 22 22,"{""no-recurrence-events"": 0.022099447513812154, ""recurrence-events"": 0.23684210526315788}"
breast-cancer,1,2,consensus,286,9.72762645914397,False,105 36 28 25 17 21 25,"{""no-recurrence-events"": 0.022099447513812154, ""recurrence-events"": 0.27631578947368424}"
breast-cancer,1,3,consensus,286,10.116731517509727,False,112 39 16 28 19 17 26,"{""no-recurrence-events"": 0.03314917127071823, ""recurrence-events"": 0.2631578947368421}"
breast-cancer,1,4,consensus,286,10.505836575875486,False,104 39 23 28 19 17 27,"{""no-recurrence-events"": 0.027624309392265192, ""recurrence-events"": 0.2894736842105263}"
breast-cancer,1,5,consensus,286,8.560311284046692,False,90 53 25 28 19 20 22,"{""no-recurrence-events"": 0.022099447513812154, ""recurrence-events"": 0.23684210526315788}"
breast-cancer,1,6,consensus,286,10.077519379844961,False,94 43 36 20 23 16 26,"{""no-recurrence-events"": 0.03314917127071823, ""recurrence-events"": 0.2597402597402597}"
breast-cancer,1,7,consensus,286,8.527131782945736,False,100 47 23 25 20 21 22,"{""no-recurrence-events"": 0.022099447513812154, ""recurrence-events"": 0.23376623376623376}"
breast-cancer,1,8,consensus,286,7.3643410852713185,False,100 39 28 29 17 26 19,"{""no-recurrence-events"": 0.016574585635359115, ""recurrence-events"": 0.2077922077922078}"
breast-cancer,1,9,consensus,286,9.689922480620156,False,101 40 29 24 21 18 25,"{""no-recurrence-events"": 0.027624309392265192, ""recurrence-events"": 0.2597402597402597}"
breast-cancer,2,0,consensus,286,10.116731517509727,False,98 48 19 32 20 14 26,"{""no-recurrence-events"": 0.027777777777777776, ""recurrence-events"": 0.2727272727272727}"
breast-cancer,2,1,consensus,286,8.949416342412452,False,110 44 18 28 12 22 23,"{""no-recurrence-events"": 0.011049723756906077, ""recurrence-events"": 0.27631578947368424}"
breast-cancer,2,2,consensus,286,8.171206225680933,False,93 45 31 21 26 20 21,"{""no-recurrence-events"": 0.022099447513812154, ""recurrence-events"": 0.2236842105263158}"
breast-cancer,2,3,consensus,286,11.673151750972762,False,108 45 23 16 13 22 30,"{""no-recurrence-events"": 0.027624309392265192, ""recurrence-events"": 0.32894736842105265}"
breast-cancer,2,4,consensus,286,8.949416342412452,False,96 44 34 21 18 21 23,"{""no-recurrence-events"": 0.016574585635359115, ""recurrence-events"": 0.2631578947368421}"
breast-cancer,2,5,consensus,286,9.33852140077821,False,97 42 37 21 18 18 24,"{""no-recurrence-events"": 0.03314917127071823, ""recurrence-events"": 0.23684210526315788}"
breast-cancer,2,6,consensus,286,8.914728682170542,False,103 48 23 20 19 22 23,"{""no-recurrence-events"": 0.03867403314917127, ""recurrence-events"": 0.2077922077922078}"
breast-cancer,2,7,consensus,286,10.852713178294573,False,95 47 26 23 19 20 28,"{""no-recurrence-events"": 0.027624309392265192, ""recurrence-events"": 0.2987012987012987}"
breast-cancer,2,8,consensus,286,8.914728682170542,False,109 37 18 29 24 18 23,"{""no-recurrence-events"": 0.03314917127071823, ""recurrence-events"": 0.22077922077922077}"
breast-cancer,2,9,consensus,286,9.30232558139535,False,99 38 33 33 12 19 24,"{""no-recurrence-events"": 0.03314917127071823, ""recurrence-events"": 0.23376623376623376}"
breast-cancer,3,0,consensus,286,8.560311284046692,False,106 40 26 17 25 21 22,"{""no-recurrence-events"": 0.03888888888888889, ""recurrence-events"": 0.19480519480519481}"
breast-cancer,3,1,consensus,286,10.505836575875486,False,109 41 23 23 16 18 27,"{""no-recurrence-events"": 0.027624309392265192, ""recurrence-events"": 0.2894736842105263}"
breast-cancer,3,2,consensus,286,10.116731517509727,False,90 52 31 20 19 19 26,"{""no-recurrence-events"": 0.027624309392265192, ""recurrence-events"": 0.27631578947368424}"
breast-cancer,3,3,consensus,286,8.560311284046692,False,104 38 27 26 18 22 22,"{""no-recurrence-events"": 0.027624309392265192, ""recurrence-events"": 0.2236842105263158}"
breast-cancer,3,4,consensus,286,8.560311284046692,False,99 39 29 26 18 24 22,"{""no-recurrence-events"": 0.027624309392265192, ""recurrence-events"": 0.2236842105263158}"
breast-cancer,3,5,consensus,286,10.505836575875486,False,94 43 35 22 16 20 27,"{""no-recurrence-events"": 0.022099447513812154, ""recurrence-events"": 0.3026315789473684}"
breast-cancer,3,6,consensus,286,11.24031007751938,False,90 48 30 31 15 15 29,"{""no-recurrence-events"": 0.03314917127071823, ""recurrence-events"": 0.2987012987012987}"
breast-cancer,3,7,consensus,286,11.627906976744185,False,103 57 18 25 8 17 30,"{""no-recurrence-events"": 0.055248618784530384, ""recurrence-events"": 0.2597402597402597}"
breast-cancer,3,8,consensus,286,10.465116279069768,False,104 40 27 21 30 9 27,"{""no-recurrence-events"": 0.03314917127071823, ""recurrence-events"": 0.2727272727272727}"
breast-cancer,3,9,consensus,286,8.914728682170542,False,96 46 27 25 21 20 23,"{""no-recurrence-events"": 0.022099447513812154, ""recurrence-events"": 0.24675324675324675}"
breast-cancer,4,0,consensus,286,10.894941634241246,False,98 43 20 29 18 21 28,"{""no-recurrence-events"": 0.03888888888888889, ""recurrence-events"": 0.2727272727272727}"
breast-cancer,4,1,consensus,286,9.72762645914397,False,123 37 18 19 16 19 25,"{""no-recurrence-events"": 0.027624309392265192, ""recurrence-events"": 0.2631578947368421}"
breast-cancer,4,2,consensus,286,9.72762645914397,False,100 44 30 21 16 21 25,"{""no-recurrence-events"": 0.03314917127071823, ""recurrence-events"": 0.25}"
breast-cancer,4,3,consensus,286,8.560311284046692,False,103 38 27 28 16 23 22,"{""no-recurrence-events"": 0.022099447513812154, ""recurrence-events"": 0.23684210526315788}"
breast-cancer,4,4,consensus,286,9.72762645914397,False,96 44 35 17 21 19 25,"{""no-recurrence-events"": 0.03314917127071823, ""recurrence-events"": 0.25}"
breast-cancer,4,5,consensus,286,9.33852140077821,False,105 41 25 20 22 20 24,"{""no-recurrence-events"": 0.027624309392265192, ""recurrence-events"": 0.25}"
breast-cancer,4,6,consensus,286,9.30232558139535,False,90 44 32 20 25 23 24,"{""no-recurrence-events"": 0.022099447513812154, ""recurrence-events"": 0.2597402597402597}"
breast-cancer,4,7,consensus,286,8.527131782945736,False,93 52 19 26 19 27 22,"{""no-recurrence-events"": 0.022099447513812154, ""recurrence-events"": 0.23376623376623376}"
breast-cancer,4,8,consensus,286,12.790697674418606,False,98 41 28 27 12 19 33,"{""no-recurrence-events"": 0.022099447513812154, ""recurrence-events"": 0.37662337662337664}"
breast-cancer,4,9,consensus,286,10.465116279069768,False,86 48 35 22 17 23 27,"{""no-recurrence-events"": 0.03314917127071823, ""recurrence-events"": 0.2727272727272727}"
contact-lenses,0,0,consensus,24,9.523809523809524,False,10 3 1 2 1 2 2,"{""1"": 0.3333333333333333, ""2"": 0.0, ""3"": 0.07692307692307693}"
contact-lenses,0,1,consensus,24,4.761904761904762,False,9 5 2 1 0 3 1,"{""1"": 0.0, ""2"": 0.0, ""3"": 0.07692307692307693}"
contact-lenses,0,2,consensus,24,4.761904761904762,False,15 2 1 0 0 2 1,"{""1"": 0.0, ""2"": 0.0, ""3"": 0.07692307692307693}"
contact-lenses,0,3,consensus,24,4.761904761904762,False,9 4 3 1 1 2 1,"{""1"": 0.0, ""2"": 0.0, ""3"": 0.07692307692307693}"
contact-lenses,0,4,consensus,24,13.636363636363635,False,13 2 1 2 1 0 3,"{""1"": 0.25, ""2"": 0.0, ""3"": 0.15384615384615385}"
contact-lenses,0,5,consensus,24,9.090909090909092,False,15 1 2 1 1 0 2,"{""1"": 0.0, ""2"": 0.0, ""3"": 0.14285714285714285}"
contact-lenses,0,6,consensus,24,0.0,False,18 1 0 0 3 0 0,"{""1"": 0.0, ""2"": 0.0, ""3"": 0.0}"
contact-lenses,0,7,consensus,24,9.090909090909092,False,15 1 2 1 1 0 2,"{""1"": 0.0, ""2"": 0.0, ""3"": 0.14285714285714285}"
contact-lenses,0,8,consensus,24,4.545454545454546,False,15 0 1 3 1 1 1,"{""1"": 0.0, ""2"": 0.0, ""3"": 0.07142857142857142}"
contact-lenses,0,9,consensus,24,4.545454545454546,False,15 1 1 2 2 0 1,"{""1"": 0.0, ""2"": 0.0, ""3"": 0.07142857142857142}"
contact-lenses,1,0,consensus,24,9.523809523809524,False,12 3 2 1 1 0 2,"{""1"": 0.0, ""2"": 0.0, ""3"": 0.15384615384615385}"
contact-lenses,1,1,consensus,24,9.523809523809524,False,12 2 1 0 3 1 2,"{""1"": 0.3333333333333333, ""2"": 0.0, ""3"": 0.07692307692307693}"
contact-lenses,1,2,consensus,24,9.523809523809524,False,16 0 2 1 0 0 2,"{""1"": 0.0, ""2"": 0.0, ""3"": 0.15384615384615385}"
contact-lenses,1,3,consensus,24,4.761904761904762,False,13 2 1 1 3 0 1,"{""1"": 0.0, ""2"": 0.0, ""3"": 0.07692307692307693}"
contact-lenses,1,4,consensus,24,4.545454545454546,False,11 2 5 1 0 2 1,"{""1"": 0.0, ""2"": 0.0, ""3"": 0.07692307692307693}"
contact-lenses,1,5,consensus,24,9.090909090909092,False,14 3 1 2 0 0 2,"{""1"": 0.25, ""2"": 0.0, ""3"": 0.07142857142857142}"
contact-lenses,1,6,consensus,24,0.0,False,16 0 0 1 2 3 0,"{""1"": 0.0, ""2"": 0.0, ""3"": 0.0}"
contact-lenses,1,7,consensus,24,4.545454545454546,False,14 1 0 2 2 2 1,"{""1"": 0.0, ""2"": 0.0, ""3"": 0.07142857142857142}"
contact-lenses,1,8,consensus,24,4.545454545454546,False,16 0 0 4 0 1 1,"{""1"": 0.0, ""2"": 0.0, ""3"": 0.07142857142857142}"
contact-lenses,1,9,consensus,24,4.545454545454546,False,16 2 0 1 1 1 1,"{""1"": 0.0, ""2"": 0.0, ""3"": 0.07142857142857142}"
contact-lenses,2,0,consensus,24,4.761904761904762,False,12 4 2 2 0 0 1,"{""1"": 0.0, ""2"": 0.0, ""3"": 0.07692307692307693}"
contact-lenses,2,1,consensus,24,9.523809523809524,False,15 3 0 0 0 1 2,"{""1"": 0.0, ""2"": 0.0, ""3"": 0.15384615384615385}"
contact-lenses,2,2,consensus,24,4.761904761904762,False,11 2 1 5 1 0 1,"{""1"": 0.0, ""2"": 0.0, ""3"": 0.07692307692307693}"
contact-lenses,2,3,consensus,24,9.523809523809524,False,12 2 0 2 2 1 2,"{""1"": 0.0, ""2"": 0.0, ""3"": 0.15384615384615385}"
contact-lenses,2,4,consensus,24,9.090909090909092,False,15 0 2 1 2 0 2,"{""1"": 0.0, ""2"": 0.0, ""3"": 0.15384615384615385}"
contact-lenses,2,5,consensus,24,4.545454545454546,False,15 1 2 1 1 1 1,"{""1"": 0.0, ""2"": 0.0, ""3"": 0.07142857142857142}"
contact-lenses,2,6,consensus,24,4.545454545454546,False,15 1 0 3 2 0 1,"{""1"": 0.0, ""2"": 0.0, ""3"": 0.07142857142857142}"
contact-lenses,2,7,consensus,24,13.636363636363635,False,14 1 4 0 0 0 3,"{""1"": 0.0, ""2"": 0.0, ""3"": 0.21428571428571427}"
contact-lenses,2,8,consensus,24,9.090909090909092,False,16 0 3 0 0 1 2,"{""1"": 0.0, ""2"": 0.0, ""3"": 0.14285714285714285}"
contact-lenses,2,9,consensus,24,13.636363636363635,False,14 2 2 1 0 0 3,"{""1"": 0.0, ""2"": 0.0, ""3"": 0.21428571428571427}"
contact-lenses,3,0,consensus,24,9.523809523809524,False,14 0 3 2 0 0 2,"{""1"": 0.0, ""2"": 0.0, ""3"": 0.15384615384615385}"
contact-lenses,3,1,consensus,24,4.761904761904762,False,15 0 1 0 2 2 1,"{""1"": 0.0, ""2"": 0.0, ""3"": 0.07692307692307693}"
contact-lenses,3,2,consensus,24,9.523809523809524,False,11 2 2 1 3 0 2,"{""1"": 0.3333333333333333, ""2"": 0.0, ""3"": 0.07692307692307693}"
contact-lenses,3,3,consensus,24,4.761904761904762,False,12 3 1 2 1 1 1,"{""1"": 0.0, ""2"": 0.0, ""3"": 0.07692307692307693}"
contact-lenses,3,4,consensus,24,4.545454545454546,False,12 3 3 1 2 0 1,"{""1"": 0.0, ""2"": 0.0, ""3"": 0.07692307692307693}"
contact-lenses,3,5,consensus,24,9.090909090909092,False,15 2 2 1 0 0 2,"{""1"": 0.0, ""2"": 0.0, ""3"": 0.14285714285714285}"
contact-lenses,3,6,consensus,24,4.545454545454546,False,14 2 0 3 1 1 1,"{""1"": 0.0, ""2"": 0.0, ""3"": 0.07142857142857142}"
contact-lenses,3,7,consensus,24,9.090909090909092,False,14 0 0 5 0 1 2,"{""1"": 0.25, ""2"": 0.0, ""3"": 0.07142857142857142}"
contact-lenses,3,8,consensus,24,0.0,False,17 1 1 0 1 2 0,"{""1"": 0.0, ""2"": 0.0, ""3"": 0.0}"
contact-lenses,3,9,consensus,24,4.545454545454546,False,15 2 0 1 1 2 1,"{""1"": 0.0, ""2"": 0.0, ""3"": 0.07142857142857142}"
contact-lenses,4,0,consensus,24,9.523809523809524,False,13 1 2 0 1 2 2,"{""1"": 0.0, ""2"": 0.0, ""3"": 0.15384615384615385}"
contact-lenses,4,1,consensus,24,4.761904761904762,False,12 1 3 1 2 1 1,"{""1"": 0.0, ""2"": 0.0, ""3"": 0.07692307692307693}"
contact-lenses,4,2,consensus,24,14.285714285714285,False,13 1 1 0 2 1 3,"{""1"": 0.0, ""2"": 0.0, ""3"": 0.23076923076923078}"
contact-lenses,4,3,consensus,24,9.523809523809524,False,13 3 1 0 1 1 2,"{""1"": 0.0, ""2"": 0.0, ""3"": 0.15384615384615385}"
contact-lenses,4,4,consensus,24,0.0,False,15 4 1 0 0 2 0,"{""1"": 0.0, ""2"": 0.0, ""3"": 0.0}"
contact-lenses,4,5,consensus,24,9.090909090909092,False,16 1 3 0 0 0 2,"{""1"": 0.0, ""2"": 0.0, ""3"": 0.14285714285714285}"
contact-lenses,4,6,consensus,24,9.090909090909092,False,15 1 3 0 1 0 2,"{""1"": 0.0, ""2"": 0.0, ""3"": 0.14285714285714285}"
contact-lenses,4,7,consensus,24,4.545454545454546,False,13 1 2 3 1 1 1,"{""1"": 0.0, ""2"": 0.0, ""3"": 0.07142857142857142}"
contact-lenses,4,8,consensus,24,4.545454545454546,False,15 2 0 1 1 2 1,"{""1"": 0.0, ""2"": 0.0, ""3"": 0.07142857142857142}"
contact-lenses,4,9,consensus,24,9.090909090909092,False,16 1 0 1 2 0 2,"{""1"": 0.0, ""2"": 0.0, ""3"": 0.14285714285714285}"
diabetes,0,0,consensus,768,7.959479015918958,False,318 114 65 43 46 50 55,"{""0"": 0.042222222222222223, ""1"": 0.14937759336099585}"
diabetes,0,1,consensus,768,7.091172214182344,False,314 121 65 56 35 51 49,"{""0"": 0.03111111111111111, ""1"": 0.14522821576763487}"
diabetes,0,2,consensus,768,8.24891461649783,False,300 128 61 62 38 45 57,"{""0"": 0.04, ""1"": 0.16182572614107885}"
diabetes,0,3,consensus,768,7.380607814761215,False,319 122 72 45 37 45 51,"{""0"": 0.044444444444444446, ""1"": 0.12863070539419086}"
diabetes,0,4,consensus,768,8.24891461649783,False,305 145 50 43 38 53 57,"{""0"": 0.03777777777777778, ""1"": 0.16597510373443983}"
diabetes,0,5,consensus,768,7.380607814761215,False,291 153 61 51 28 56 51,"{""0"": 0.035555555555555556, ""1"": 0.14522821576763487}"
diabetes,0,6,consensus,768,7.23589001447178,False,307 110 73 51 38 62 50,"{""0"": 0.03333333333333333, ""1"": 0.14522821576763487}"
diabetes,0,7,consensus,768,7.380607814761215,False,301 132 70 51 44 42 51,"{""0"": 0.03777777777777778, ""1"": 0.14107883817427386}"
diabetes,0,8,consensus,768,7.369942196531793,False,303 133 69 38 37 61 51,"{""0"": 0.044444444444444446, ""1"": 0.128099173553719}"
diabetes,0,9,consensus,768,6.069364161849711,False,313 127 61 57 35 57 42,"{""0"": 0.035555555555555556, ""1"": 0.10743801652892562}"
diabetes,1,0,consensus,768,7.380607814761215,False,313 131 55 42 49 50 51,"{""0"": 0.042222222222222223, ""1"": 0.13278008298755187}"
diabetes,1,1,consensus,768,7.091172214182344,False,303 115 72 55 40 57 49,"{""0"": 0.03777777777777778, ""1"": 0.13278008298755187}"
diabetes,1,2,consensus,768,7.814761215629522,False,322 110 74 34 47 50 54,"{""0"": 0.03777777777777778, ""1"": 0.15352697095435686}"
diabetes,1,3,consensus,768,8.24891461649783,False,305 132 67 37 45 48 57,"{""0"": 0.04666666666666667, ""1"": 0.14937759336099585}"
diabetes,1,4,consensus,768,6.801736613603474,False,301 121 72 53 41 56 47,"{""0"": 0.04666666666666667, ""1"": 0.1078838174273859}"
diabetes,1,5,consensus,768,7.670043415340087,False,290 134 77 38 50 49 53,"{""0"": 0.03777777777777778, ""1"": 0.14937759336099585}"
diabetes,1,6,consensus,768,7.959479015918958,False,285 146 59 58 49 39 55,"{""0"": 0.035555555555555556, ""1"": 0.16182572614107885}"
diabetes,1,7,consensus,768,6.946454413892909,False,318 124 70 42 34 55 48,"{""0"": 0.04888888888888889, ""1"": 0.1078838174273859}"
diabetes,1,8,consensus,768,7.225433526011561,False,296 140 66 37 42 61 50,"{""0"": 0.035555555555555556, ""1"": 0.14049586776859505}"
diabetes,1,9,consensus,768,7.369942196531793,False,315 126 74 47 43 36 51,"{""0"": 0.04, ""1"": 0.13636363636363635}"
diabetes,2,0,consensus,768,8.24891461649783,False,307 129 64 38 43 53 57,"{""0"": 0.04888888888888889, ""1"": 0.14522821576763487}"
diabetes,2,1,consensus,768,8.104196816208393,False,313 117 73 39 40 53 56,"{""0"": 0.03777777777777778, ""1"": 0.16182572614107885}"
diabetes,2,2,consensus,768,8.24891461649783,False,312 121 68 48 41 44 57,"{""0"": 0.03777777777777778, ""1"": 0.16597510373443983}"
diabetes,2,3,consensus,768,5.788712011577424,False,296 139 75 38 44 59 40,"{""0"": 0.03111111111111111, ""1"": 0.1078838174273859}"
diabetes,2,4,consensus,768,7.670043415340087,False,298 134 68 53 38 47 53,"{""0"": 0.044444444444444446, ""1"": 0.13692946058091288}"
diabetes,2,5,consensus,768,7.380607814761215,False,319 108 76 45 51 41 51,"{""0"": 0.04, ""1"": 0.13692946058091288}"
diabetes,2,6,consensus,768,7.091172214182344,False,292 132 78 41 49 50 49,"{""0"": 0.03777777777777778, ""1"": 0.13278008298755187}"
diabetes,2,7,consensus,768,7.525325615050652,False,294 154 53 46 38 54 52,"{""0"": 0.042222222222222223, ""1"": 0.13692946058091288}"
diabetes,2,8,consensus,768,6.502890173410404,False,301 155 64 36 35 56 45,"{""0"": 0.03111111111111111, ""1"": 0.128099173553719}"
diabetes,2,9,consensus,768,6.502890173410404,False,326 119 57 46 47 52 45,"{""0"": 0.04666666666666667, ""1"": 0.09917355371900827}"
diabetes,3,0,consensus,768,7.23589001447178,False,289 135 76 48 40 53 50,"{""0"": 0.03333333333333333, ""1"": 0.14522821576763487}"
diabetes,3,1,consensus,768,6.367583212735166,False,307 133 63 43 43 58 44,"{""0"": 0.028888888888888888, ""1"": 0.12863070539419086}"
diabetes,3,2,consensus,768,7.670043415340087,False,305 137 62 44 38 52 53,"{""0"": 0.04888888888888889, ""1"": 0.12863070539419086}"
diabetes,3,3,consensus,768,8.104196816208393,False,293 120 88 37 47 50 56,"{""0"": 0.035555555555555556, ""1"": 0.16597510373443983}"
diabetes,3,4,consensus,768,6.946454413892909,False,291 123 76 53 48 52 48,"{""0"": 0.04, ""1"": 0.12448132780082988}"
diabetes,3,5,consensus,768,7.23589001447178,False,311 119 77 46 42 46 50,"{""0"": 0.04666666666666667, ""1"": 0.12033195020746888}"
diabetes,3,6,consensus,768,7.814761215629522,False,309 136 67 38 34 53 54,"{""0"": 0.04666666666666667, ""1"": 0.13692946058091288}"
diabetes,3,7,consensus,768,6.512301013024602,False,307 137 71 46 34 51 45,"{""0"": 0.04, ""1"": 0.11203319502074689}"
diabetes,3,8,consensus,768,7.369942196531793,False,304 128 74 45 38 52 51,"{""0"": 0.04666666666666667, ""1"": 0.12396694214876033}"
diabetes,3,9,consensus,768,7.369942196531793,False,296 135 73 49 46 42 51,"{""0"": 0.03777777777777778, ""1"": 0.14049586776859505}"
diabetes,4,0,consensus,768,7.091172214182344,False,316 124 69 44 46 43 49,"{""0"": 0.042222222222222223, ""1"": 0.12448132780082988}"
diabetes,4,1,consensus,768,8.972503617945007,False,319 125 59 36 35 55 62,"{""0"": 0.04666666666666667, ""1"": 0.17012448132780084}"
diabetes,4,2,consensus,768,7.091172214182344,False,290 149 60 50 44 49 49,"{""0"": 0.03777777777777778, ""1"": 0.13278008298755187}"
diabetes,4,3,consensus,768,7.959479015918958,False,296 138 70 48 41 43 55,"{""0"": 0.03333333333333333, ""1"": 0.16597510373443983}"
diabetes,4,4,consensus,768,8.24891461649783,False,309 127 63 45 45 45 57,"{""0"": 0.04, ""1"": 0.16182572614107885}"
diabetes,4,5,consensus,768,8.104196816208393,False,315 107 72 48 43 50 56,"{""0"": 0.044444444444444446, ""1"": 0.14937759336099585}"
diabetes,4,6,consensus,768,6.801736613603474,False,296 128 70 62 38 50 47,"{""0"": 0.04, ""1"": 0.12033195020746888}"
diabetes,4,7,consensus,768,7.091172214182344,False,292 134 74 46 42 54 49,"{""0"": 0.04888888888888889, ""1"": 0.11203319502074689}"
diabetes,4,8,consensus,768,7.225433526011561,False,301 122 75 53 44 47 50,"{""0"": 0.03777777777777778, ""1"": 0.13636363636363635}"
diabetes,4,9,consensus,768,8.38150289017341,False,303 136 66 47 37 45 58,"{""0"": 0.042222222222222223, ""1"": 0.16115702479338842}"
glass,0,0,consensus,214,9.375,False,26 22 42 42 27 15 18,"{""1"": 0.015873015873015872, ""2"": 0.14705882352941177, ""3"": 0.2, ""5"": 0.08333333333333333, ""6"": 0.0, ""7"": 0.11538461538461539}"
glass,0,1,consensus,214,7.291666666666667,False,21 14 18 71 34 20 14,"{""1"": 0.07936507936507936, ""2"": 0.07352941176470588, ""3"": 0.06666666666666667, ""5"": 0.08333333333333333, ""6"": 0.0, ""7"": 0.07692307692307693}"
glass,0,2,consensus,214,7.8125,False,27 27 29 44 35 15 15,"{""1"": 0.015873015873015872, ""2"": 0.08823529411764706, ""3"": 0.26666666666666666, ""5"": 0.08333333333333333, ""6"": 0.0, ""7"": 0.11538461538461539}"
glass,0,3,consensus,214,4.6875,False,29 24 28 53 28 21 9,"{""1"": 0.0, ""2"": 0.08823529411764706, ""3"": 0.0, ""5"": 0.09090909090909091, ""6"": 0.0, ""7"": 0.07692307692307693}"
glass,0,4,consensus,214,6.7357512953367875,False,27 32 26 47 29 19 13,"{""1"": 0.047619047619047616, ""2"": 0.029411764705882353, ""3"": 0.25, ""5"": 0.09090909090909091, ""6"": 0.0, ""7"": 0.1111111111111111}"
glass,0,5,consensus,214,6.7357512953367875,False,29 18 34 47 34 18 13,"{""1"": 0.031746031746031744, ""2"": 0.07352941176470588, ""3"": 0.1875, ""5"": 0.0, ""6"": 0.0, ""7"": 0.11538461538461539}"
glass,0,6,consensus,214,5.699481865284974,False,24 31 33 43 27 24 11,"{""1"": 0.015873015873015872, ""2"": 0.057971014492753624, ""3"": 0.26666666666666666, ""5"": 0.08333333333333333, ""6"": 0.0, ""7"": 0.038461538461538464}"
glass,0,7,consensus,214,7.772020725388601,False,29 25 28 47 27 22 15,"{""1"": 0.06349206349206349, ""2"": 0.08695652173913043, ""3"": 0.13333333333333333, ""5"": 0.08333333333333333, ""6"": 0.0, ""7"": 0.07692307692307693}"
glass,0,8,consensus,214,7.772020725388601,False,30 21 39 43 26 19 15,"{""1"": 0.015873015873015872, ""2"": 0.11594202898550725, ""3"": 0.13333333333333333, ""5"": 0.16666666666666666, ""6"": 0.0, ""7"": 0.07692307692307693}"
glass,0,9,consensus,214,6.7357512953367875,False,34 21 25 48 31 21 13,"{""1"": 0.015873015873015872, ""2"": 0.043478260869565216, ""3"": 0.26666666666666666, ""5"": 0.16666666666666666, ""6"": 0.0, ""7"": 0.11538461538461539}"
glass,1,0,consensus,214,6.770833333333333,False,27 28 37 39 30 18 13,"{""1"": 0.047619047619047616, ""2"": 0.07352941176470588, ""3"": 0.2, ""5"": 0.08333333333333333, ""6"": 0.0, ""7"": 0.038461538461538464}"
glass,1,1,consensus,214,8.854166666666668,False,20 12 24 66 35 18 17,"{""1"": 0.047619047619047616, ""2"": 0.10294117647058823, ""3"": 0.2, ""5"": 0.16666666666666666, ""6"": 0.0, ""7"": 0.07692307692307693}"
glass,1,2,consensus,214,8.333333333333332,False,21 23 33 46 30 23 16,"{""1"": 0.015873015873015872, ""2"": 0.08823529411764706, ""3"": 0.3333333333333333, ""5"": 0.08333333333333333, ""6"": 0.0, ""7"": 0.11538461538461539}"
glass,1,3,consensus,214,5.729166666666666,False,21 23 32 54 33 18 11,"{""1"": 0.015873015873015872, ""2"": 0.04411764705882353, ""3"": 0.125, ""5"": 0.18181818181818182, ""6"": 0.0, ""7"": 0.11538461538461539}"
glass,1,4,consensus,214,8.290155440414509,False,28 21 32 46 34 16 16,"{""1"": 0.031746031746031744, ""2"": 0.11764705882352941, ""3"": 0.125, ""5"": 0.09090909090909091, ""6"": 0.0, ""7"": 0.1111111111111111}"
glass,1,5,consensus,214,6.217616580310881,False,34 25 21 52 31 18 12,"{""1"": 0.015873015873015872, ""2"": 0.07352941176470588, ""3"": 0.25, ""5"": 0.0, ""6"": 0.0, ""7"": 0.07692307692307693}"
glass,1,6,consensus,214,8.290155440414509,False,29 28 32 49 23 16 16,"{""1"": 0.015873015873015872, ""2"": 0.08695652173913043, ""3"": 0.26666666666666666, ""5"": 0.25, ""6"": 0.0, ""7"": 0.07692307692307693}"
glass,1,7,consensus,214,6.217616580310881,False,31 24 28 41 33 24 12,"{""1"": 0.015873015873015872, ""2"": 0.08695652173913043, ""3"": 0.06666666666666667, ""5"": 0.16666666666666666, ""6"": 0.0, ""7"": 0.07692307692307693}"
glass,1,8,consensus,214,8.290155440414509,False,33 25 25 48 29 17 16,"{""1"": 0.0, ""2"": 0.11594202898550725, ""3"": 0.26666666666666666, ""5"": 0.08333333333333333, ""6"": 0.0, ""7"": 0.11538461538461539}"
glass,1,9,consensus,214,9.32642487046632,False,27 21 39 39 30 19 18,"{""1"": 0.047619047619047616, ""2"": 0.08695652173913043, ""3"": 0.26666666666666666, ""5"": 0.16666666666666666, ""6"": 0.0, ""7"": 0.11538461538461539}"
glass,2,0,consensus,214,8.333333333333332,False,27 26 32 36 39 16 16,"{""1"": 0.015873015873015872, ""2"": 0.08823529411764706, ""3"": 0.26666666666666666, ""5"": 0.16666666666666666, ""6"": 0.0, ""7"": 0.11538461538461539}"
glass,2,1,consensus,214,5.729166666666666,False,38 24 19 47 28 25 11,"{""1"": 0.015873015873015872, ""2"": 0.058823529411764705, ""3"": 0.13333333333333333, ""5"": 0.08333333333333333, ""6"": 0.0, ""7"": 0.11538461538461539}"
glass,2,2,consensus,214,9.375,False,29 27 34 39 21 24 18,"{""1"": 0.06349206349206349, ""2"": 0.08823529411764706, ""3"": 0.2, ""5"": 0.16666666666666666, ""6"": 0.0, ""7"": 0.11538461538461539}"
glass,2,3,consensus,214,7.8125,False,23 12 11 79 32 20 15,"{""1"": 0.047619047619047616, ""2"": 0.08823529411764706, ""3"": 0.0625, ""5"": 0.18181818181818182, ""6"": 0.0, ""7"": 0.11538461538461539}"
glass,2,4,consensus,214,6.217616580310881,False,27 23 33 57 24 17 12,"{""1"": 0.0, ""2"": 0.08823529411764706, ""3"": 0.1875, ""5"": 0.09090909090909091, ""6"": 0.0, ""7"": 0.07407407407407407}"
glass,2,5,consensus,214,7.772020725388601,False,34 21 21 49 33 20 15,"{""1"": 0.0, ""2"": 0.08823529411764706, ""3"": 0.3125, ""5"": 0.09090909090909091, ""6"": 0.0, ""7"": 0.11538461538461539}"
glass,2,6,consensus,214,5.699481865284974,False,28 23 20 58 28 25 11,"{""1"": 0.015873015873015872, ""2"": 0.07246376811594203, ""3"": 0.06666666666666667, ""5"": 0.08333333333333333, ""6"": 0.0, ""7"": 0.11538461538461539}"
glass,2,7,consensus,214,6.7357512953367875,False,33 22 34 43 30 18 13,"{""1"": 0.047619047619047616, ""2"": 0.057971014492753624, ""3"": 0.13333333333333333, ""5"": 0.16666666666666666, ""6"": 0.0, ""7"": 0.07692307692307693}"
glass,2,8,consensus,214,5.699481865284974,False,37 17 24 57 26 21 11,"{""1"": 0.015873015873015872, ""2"": 0.028985507246376812, ""3"": 0.26666666666666666, ""5"": 0.16666666666666666, ""6"": 0.0, ""7"": 0.07692307692307693}"
glass,2,9,consensus,214,8.290155440414509,False,38 22 16 44 33 24 16,"{""1"": 0.0, ""2"": 0.08695652173913043, ""3"": 0.4, ""5"": 0.08333333333333333, ""6"": 0.0, ""7"": 0.11538461538461539}"
glass,3,0,consensus,214,6.770833333333333,False,32 31 28 40 30 18 13,"{""1"": 0.031746031746031744, ""2"": 0.029411764705882353, ""3"": 0.26666666666666666, ""5"": 0.16666666666666666, ""6"": 0.0, ""7"": 0.11538461538461539}"
glass,3,1,consensus,214,7.8125,False,28 24 33 51 30 11 15,"{""1"": 0.031746031746031744, ""2"": 0.058823529411764705, ""3"": 0.26666666666666666, ""5"": 0.16666666666666666, ""6"": 0.0, ""7"": 0.11538461538461539}"
glass,3,2,consensus,214,10.416666666666668,False,32 21 20 43 33 23 20,"{""1"": 0.06349206349206349, ""2"": 0.10294117647058823, ""3"": 0.4, ""5"": 0.08333333333333333, ""6"": 0.0, ""7"": 0.07692307692307693}"
glass,3,3,consensus,214,8.854166666666668,False,33 22 22 49 32 17 17,"{""1"": 0.047619047619047616, ""2"": 0.10294117647058823, ""3"": 0.125, ""5"": 0.18181818181818182, ""6"": 0.0, ""7"": 0.11538461538461539}"
glass,3,4,consensus,214,7.253886010362693,False,27 12 18 65 41 16 14,"{""1"": 0.047619047619047616, ""2"": 0.07352941176470588, ""3"": 0.125, ""5"": 0.09090909090909091, ""6"": 0.0, ""7"": 0.1111111111111111}"
glass,3,5,consensus,214,8.290155440414509,False,29 22 31 58 25 12 16,"{""1"": 0.047619047619047616, ""2"": 0.058823529411764705, ""3"": 0.1875, ""5"": 0.2727272727272727, ""6"": 0.0, ""7"": 0.11538461538461539}"
glass,3,6,consensus,214,9.844559585492227,False,32 23 27 51 18 23 19,"{""1"": 0.06349206349206349, ""2"": 0.11594202898550725, ""3"": 0.2, ""5"": 0.16666666666666666, ""6"": 0.0, ""7"": 0.07692307692307693}"
glass,3,7,consensus,214,4.145077720207254,False,33 23 35 53 20 21 8,"{""1"": 0.015873015873015872, ""2"": 0.028985507246376812, ""3"": 0.2, ""5"": 0.0, ""6"": 0.0, ""7"": 0.07692307692307693}"
glass,3,8,consensus,214,6.217616580310881,False,30 28 25 51 23 24 12,"{""1"": 0.031746031746031744, ""2"": 0.07246376811594203, ""3"": 0.13333333333333333, ""5"": 0.08333333333333333, ""6"": 0.0, ""7"": 0.07692307692307693}"
glass,3,9,consensus,214,8.808290155440414,False,33 24 27 45 30 17 17,"{""1"": 0.047619047619047616, ""2"": 0.10144927536231885, ""3"": 0.2, ""5"": 0.16666666666666666, ""6"": 0.0, ""7"": 0.07692307692307693}"
glass,4,0,consensus,214,7.291666666666667,False,33 19 38 47 23 18 14,"{""1"": 0.031746031746031744, ""2"": 0.058823529411764705, ""3"": 0.26666666666666666, ""5"": 0.0, ""6"": 0.0, ""7"": 0.15384615384615385}"
glass,4,1,consensus,214,8.333333333333332,False,28 24 36 39 33 16 16,"{""1"": 0.031746031746031744, ""2"": 0.10294117647058823, ""3"": 0.2, ""5"": 0.08333333333333333, ""6"": 0.0, ""7"": 0.11538461538461539}"
glass,4,2,consensus,214,6.770833333333333,False,26 34 26 41 31 21 13,"{""1"": 0.0, ""2"": 0.11764705882352941, ""3"": 0.2, ""5"": 0.08333333333333333, ""6"": 0.0, ""7"": 0.038461538461538464}"
glass,4,3,consensus,214,9.895833333333332,False,29 19 27 49 26 23 19,"{""1"": 0.0, ""2"": 0.1323529411764706, ""3"": 0.25, ""5"": 0.2727272727272727, ""6"": 0.0, ""7"": 0.11538461538461539}"
glass,4,4,consensus,214,7.253886010362693,False,31 7 16 66 39 20 14,"{""1"": 0.047619047619047616, ""2"": 0.07352941176470588, ""3"": 0.125, ""5"": 0.18181818181818182, ""6"": 0.0, ""7"": 0.07407407407407407}"
glass,4,5,consensus,214,6.217616580310881,False,25 36 36 44 22 18 12,"{""1"": 0.047619047619047616, ""2"": 0.07352941176470588, ""3"": 0.0625, ""5"": 0.09090909090909091, ""6"": 0.0, ""7"": 0.07692307692307693}"
glass,4,6,consensus,214,7.772020725388601,False,36 28 14 46 28 26 15,"{""1"": 0.015873015873015872, ""2"": 0.08695652173913043, ""3"": 0.3333333333333333, ""5"": 0.08333333333333333, ""6"": 0.0, ""7"": 0.07692307692307693}"
glass,4,7,consensus,214,6.7357512953367875,False,35 21 28 45 27 24 13,"{""1"": 0.031746031746031744, ""2"": 0.043478260869565216, ""3"": 0.26666666666666666, ""5"": 0.08333333333333333, ""6"": 0.0, ""7"": 0.11538461538461539}"
glass,4,8,consensus,214,8.290155440414509,False,23 27 29 52 25 21 16,"{""1"": 0.031746031746031744, ""2"": 0.08695652173913043, ""3"": 0.26666666666666666, ""5"": 0.08333333333333333, ""6"": 0.0, ""7"": 0.11538461538461539}"
glass,4,9,consensus,214,8.290155440414509,False,33 16 20 55 29 24 16,"{""1"": 0.06349206349206349, ""2"": 0.057971014492753624, ""3"": 0.26666666666666666, ""5"": 0.16666666666666666, ""6"": 0.0, ""7"": 0.07692307692307693}"
iris,0,0,consensus,150,2.9629629629629632,False,124 3 0 0 1 3 4,"{""0"": 0.0, ""1"": 0.044444444444444446, ""2"": 0.044444444444444446}"
iris,0,1,consensus,150,1.4814814814814816,False,122 4 2 2 0 3 2,"{""0"": 0.0, ""1"": 0.044444444444444446, ""2"": 0.0}"
iris,0,2,consensus,150,0.7407407407407408,False,117 7 5 1 1 3 1,"{""0"": 0.0, ""1"": 0.0, ""2"": 0.022222222222222223}"
iris,0,3,consensus,150,3.7037037037037033,False,120 5 3 0 2 0 5,"{""0"": 0.0, ""1"": 0.044444444444444446, ""2"": 0.06666666666666667}"
iris,0,4,consensus,150,2.2222222222222223,False,120 3 6 0 2 1 3,"{""0"": 0.0, ""1"": 0.044444444444444446, ""2"": 0.022222222222222223}"
iris,0,5,consensus,150,2.2222222222222223,False,122 4 2 2 0 2 3,"{""0"": 0.0, ""1"": 0.022222222222222223, ""2"": 0.044444444444444446}"
iris,0,6,consensus,150,2.9629629629629632,False,123 5 0 2 1 0 4,"{""0"": 0.0, ""1"": 0.044444444444444446, ""2"": 0.044444444444444446}"
iris,0,7,consensus,150,2.2222222222222223,False,122 4 0 2 3 1 3,"{""0"": 0.0, ""1"": 0.044444444444444446, ""2"": 0.022222222222222223}"
iris,0,8,consensus,150,2.2222222222222223,False,123 3 2 2 2 0 3,"{""0"": 0.0, ""1"": 0.044444444444444446, ""2"": 0.022222222222222223}"
iris,0,9,consensus,150,2.2222222222222223,False,125 3 1 1 1 1 3,"{""0"": 0.0, ""1"": 0.044444444444444446, ""2"": 0.022222222222222223}"
iris,1,0,consensus,150,2.2222222222222223,False,119 7 2 2 0 2 3,"{""0"": 0.0, ""1"": 0.044444444444444446, ""2"": 0.022222222222222223}"
iris,1,1,consensus,150,1.4814814814814816,False,124 2 2 1 1 3 2,"{""0"": 0.0, ""1"": 0.022222222222222223, ""2"": 0.022222222222222223}"
iris,1,2,consensus,150,2.9629629629629632,False,122 2 3 1 2 1 4,"{""0"": 0.0, ""1"": 0.044444444444444446, ""2"": 0.044444444444444446}"
iris,1,3,consensus,150,1.4814814814814816,False,120 6 1 2 2 2 2,"{""0"": 0.0, ""1"": 0.044444444444444446, ""2"": 0.0}"
iris,1,4,consensus,150,2.2222222222222223,False,122 6 0 3 0 1 3,"{""0"": 0.0, ""1"": 0.044444444444444446, ""2"": 0.022222222222222223}"
iris,1,5,consensus,150,2.9629629629629632,False,124 2 3 0 1 1 4,"{""0"": 0.0, ""1"": 0.06666666666666667, ""2"": 0.022222222222222223}"
iris,1,6,consensus,150,2.9629629629629632,False,122 5 0 3 0 1 4,"{""0"": 0.0, ""1"": 0.044444444444444446, ""2"": 0.044444444444444446}"
iris,1,7,consensus,150,2.9629629629629632,False,122 2 2 4 0 1 4,"{""0"": 0.0, ""1"": 0.044444444444444446, ""2"": 0.044444444444444446}"
iris,1,8,consensus,150,2.2222222222222223,False,126 3 1 1 0 1 3,"{""0"": 0.0, ""1"": 0.044444444444444446, ""2"": 0.022222222222222223}"
iris,1,9,consensus,150,2.9629629629629632,False,123 3 3 1 1 0 4,"{""0"": 0.0, ""1"": 0.022222222222222223, ""2"": 0.06666666666666667}"
iris,2,0,consensus,150,2.2222222222222223,False,122 3 1 4 0 2 3,"{""0"": 0.0, ""1"": 0.044444444444444446, ""2"": 0.022222222222222223}"
iris,2,1,consensus,150,2.9629629629629632,False,121 7 1 2 0 0 4,"{""0"": 0.0, ""1"": 0.044444444444444446, ""2"": 0.044444444444444446}"
iris,2,2,consensus,150,2.2222222222222223,False,119 5 4 1 2 1 3,"{""0"": 0.0, ""1"": 0.044444444444444446, ""2"": 0.022222222222222223}"
iris,2,3,consensus,150,1.4814814814814816,False,122 2 3 2 3 1 2,"{""0"": 0.0, ""1"": 0.022222222222222223, ""2"": 0.022222222222222223}"
iris,2,4,consensus,150,2.2222222222222223,False,120 6 0 2 3 1 3,"{""0"": 0.0, ""1"": 0.044444444444444446, ""2"": 0.022222222222222223}"
iris,2,5,consensus,150,2.2222222222222223,False,122 3 1 2 0 4 3,"{""0"": 0.0, ""1"": 0.044444444444444446, ""2"": 0.022222222222222223}"
iris,2,6,consensus,150,2.2222222222222223,False,122 3 0 2 3 2 3,"{""0"": 0.0, ""1"": 0.044444444444444446, ""2"": 0.022222222222222223}"
iris,2,7,consensus,150,2.2222222222222223,False,123 4 1 2 1 1 3,"{""0"": 0.0, ""1"": 0.022222222222222223, ""2"": 0.044444444444444446}"
iris,2,8,consensus,150,2.2222222222222223,False,126 4 0 0 1 1 3,"{""0"": 0.0, ""1"": 0.044444444444444446, ""2"": 0.022222222222222223}"
iris,2,9,consensus,150,1.4814814814814816,False,124 3 2 1 1 2 2,"{""0"": 0.0, ""1"": 0.044444444444444446, ""2"": 0.0}"
iris,3,0,consensus,150,2.2222222222222223,False,124 0 3 1 3 1 3,"{""0"": 0.0, ""1"": 0.022222222222222223, ""2"": 0.044444444444444446}"
iris,3,1,consensus,150,1.4814814814814816,False,120 2 6 2 1 2 2,"{""0"": 0.0, ""1"": 0.022222222222222223, ""2"": 0.022222222222222223}"
iris,3,2,consensus,150,2.9629629629629632,False,126 2 1 0 1 1 4,"{""0"": 0.0, ""1"": 0.044444444444444446, ""2"": 0.044444444444444446}"
iris,3,3,consensus,150,2.9629629629629632,False,118 7 2 2 0 2 4,"{""0"": 0.0, ""1"": 0.044444444444444446, ""2"": 0.044444444444444446}"
iris,3,4,consensus,150,1.4814814814814816,False,124 5 0 2 1 1 2,"{""0"": 0.0, ""1"": 0.022222222222222223, ""2"": 0.022222222222222223}"
iris,3,5,consensus,150,1.4814814814814816,False,127 2 2 1 1 0 2,"{""0"": 0.0, ""1"": 0.022222222222222223, ""2"": 0.022222222222222223}"
iris,3,6,consensus,150,1.4814814814814816,False,119 4 3 3 2 2 2,"{""0"": 0.0, ""1"": 0.044444444444444446, ""2"": 0.0}"
iris,3,7,consensus,150,1.4814814814814816,False,122 4 1 2 2 2 2,"{""0"": 0.0, ""1"": 0.022222222222222223, ""2"": 0.022222222222222223}"
iris,3,8,consensus,150,2.9629629629629632,False,123 3 1 1 3 0 4,"{""0"": 0.0, ""1"": 0.044444444444444446, ""2"": 0.044444444444444446}"
iris,3,9,consensus,150,2.2222222222222223,False,122 5 0 4 0 1 3,"{""0"": 0.0, ""1"": 0.044444444444444446, ""2"": 0.022222222222222223}"
iris,4,0,consensus,150,2.2222222222222223,False,122 5 1 1 0 3 3,"{""0"": 0.0, ""1"": 0.022222222222222223, ""2"": 0.044444444444444446}"
iris,4,1,consensus,150,2.9629629629629632,False,115 11 1 0 2 2 4,"{""0"": 0.0, ""1"": 0.022222222222222223, ""2"": 0.06666666666666667}"
iris,4,2,consensus,150,2.9629629629629632,False,122 1 3 2 1 2 4,"{""0"": 0.0, ""1"": 0.044444444444444446, ""2"": 0.044444444444444446}"
iris,4,3,consensus,150,2.2222222222222223,False,118 5 4 3 0 2 3,"{""0"": 0.0, ""1"": 0.044444444444444446, ""2"": 0.022222222222222223}"
iris,4,4,consensus,150,1.4814814814814816,False,121 1 3 4 1 3 2,"{""0"": 0.0, ""1"": 0.022222222222222223, ""2"": 0.022222222222222223}"
iris,4,5,consensus,150,1.4814814814814816,False,121 5 3 1 1 2 2,"{""0"": 0.0, ""1"": 0.022222222222222223, ""2"": 0.022222222222222223}"
iris,4,6,consensus,150,2.2222222222222223,False,122 7 2 0 1 0 3,"{""0"": 0.0, ""1"": 0.022222222222222223, ""2"": 0.044444444444444446}"
iris,4,7,consensus,150,1.4814814814814816,False,121 6 2 1 0 3 2,"{""0"": 0.0, ""1"": 0.044444444444444446, ""2"": 0.0}"
iris,4,8,consensus,150,3.7037037037037033,False,121 3 1 2 1 2 5,"{""0"": 0.0, ""1"": 0.044444444444444446, ""2"": 0.06666666666666667}"
iris,4,9,consensus,150,2.9629629629629632,False,121 4 2 4 0 0 4,"{""0"": 0.0, ""1"": 0.044444444444444446, ""2"": 0.044444444444444446}"
soybean,0,0,consensus,683,2.1172638436482085,False,498 23 17 34 15 14 13,"{""2-4-d-injury"": 0.0, ""alternarialeaf-spot"": 0.0, ""anthracnose"": 0.0, ""bacterial-blight"": 0.0, ""bacterial-pustule"": 0.0, ""brown-spot"": 0.060240963855421686, ""brown-stem-rot"": 0.0, ""charcoal-rot"": 0.0, ""cyst-nematode"": 0.0, ""diaporthe-pod-&-stem-blight"": 0.0, ""diaporthe-stem-canker"": 0.0, ""downy-mildew"": 0.0, ""frog-eye-leaf-spot"": 0.08536585365853659, ""herbicide-injury"": 0.0, ""phyllosticta-leaf-spot"": 0.05555555555555555, ""phytophthora-rot"": 0.0, ""powdery-mildew"": 0.0, ""purple-seed-stain"": 0.0, ""rhizoctonia-root-rot"": 0.0}"
soybean,0,1,consensus,683,1.9543973941368076,False,485 31 22 34 14 16 12,"{""2-4-d-injury"": 0.0, ""alternarialeaf-spot"": 0.0, ""anthracnose"": 0.0, ""bacterial-blight"": 0.0, ""bacterial-pustule"": 0.0, ""brown-spot"": 0.03614457831325301, ""brown-stem-rot"": 0.0, ""charcoal-rot"": 0.0, ""cyst-nematode"": 0.0, ""diaporthe-pod-&-stem-blight"": 0.0, ""diaporthe-stem-canker"": 0.0, ""downy-mildew"": 0.0, ""frog-eye-leaf-spot"": 0.0975609756097561, ""herbicide-injury"": 0.0, ""phyllosticta-leaf-spot"": 0.05555555555555555, ""phytophthora-rot"": 0.0, ""powdery-mildew"": 0.0, ""purple-seed-stain"": 0.0, ""rhizoctonia-root-rot"": 0.0}"
soybean,0,2,consensus,683,2.6058631921824107,False,494 33 14 34 14 9 16,"{""2-4-d-injury"": 0.0, ""alternarialeaf-spot"": 0.0, ""anthracnose"": 0.0, ""bacterial-blight"": 0.0, ""bacterial-pustule"": 0.0, ""brown-spot"": 0.06097560975609756, ""brown-stem-rot"": 0.0, ""charcoal-rot"": 0.0, ""cyst-nematode"": 0.0, ""diaporthe-pod-&-stem-blight"": 0.0, ""diaporthe-stem-canker"": 0.0, ""downy-mildew"": 0.0, ""frog-eye-leaf-spot"": 0.12195121951219512, ""herbicide-injury"": 0.0, ""phyllosticta-leaf-spot"": 0.05555555555555555, ""phytophthora-rot"": 0.0, ""powdery-mildew"": 0.0, ""purple-seed-stain"": 0.0, ""rhizoctonia-root-rot"": 0.0}"
soybean,0,3,consensus,683,3.089430894308943,False,504 29 16 26 9 12 19,"{""2-4-d-injury"": 0.0, ""alternarialeaf-spot"": 0.0, ""anthracnose"": 0.0, ""bacterial-blight"": 0.0, ""bacterial-pustule"": 0.05555555555555555, ""brown-spot"": 0.04878048780487805, ""brown-stem-rot"": 0.0, ""charcoal-rot"": 0.0, ""cyst-nematode"": 0.0, ""diaporthe-pod-&-stem-blight"": 0.0, ""diaporthe-stem-canker"": 0.0, ""downy-mildew"": 0.0, ""frog-eye-leaf-spot"": 0.15853658536585366, ""herbicide-injury"": 0.0, ""phyllosticta-leaf-spot"": 0.05555555555555555, ""phytophthora-rot"": 0.0, ""powdery-mildew"": 0.0, ""purple-seed-stain"": 0.0, ""rhizoctonia-root-rot"": 0.0}"
soybean,0,4,consensus,683,1.788617886178862,False,486 33 23 36 16 10 11,"{""2-4-d-injury"": 0.0, ""alternarialeaf-spot"": 0.0, ""anthracnose"": 0.0, ""bacterial-blight"": 0.0, ""bacterial-pustule"": 0.05555555555555555, ""brown-spot"": 0.012048192771084338, ""brown-stem-rot"": 0.0, ""charcoal-rot"": 0.0, ""cyst-nematode"": 0.0, ""diaporthe-pod-&-stem-blight"": 0.0, ""diaporthe-stem-canker"": 0.0, ""downy-mildew"": 0.0, ""frog-eye-leaf-spot"": 0.0975609756097561, ""herbicide-injury"": 0.0, ""phyllosticta-leaf-spot"": 0.05555555555555555, ""phytophthora-rot"": 0.0, ""powdery-mildew"": 0.0, ""purple-seed-stain"": 0.0, ""rhizoctonia-root-rot"": 0.0}"
soybean,0,5,consensus,683,1.3008130081300813,False,486 30 25 33 17 16 8,"{""2-4-d-injury"": 0.0, ""alternarialeaf-spot"": 0.0, ""anthracnose"": 0.0, ""bacterial-blight"": 0.0, ""bacterial-pustule"": 0.0, ""brown-spot"": 0.012048192771084338, ""brown-stem-rot"": 0.0, ""charcoal-rot"": 0.0, ""cyst-nematode"": 0.0, ""diaporthe-pod-&-stem-blight"": 0.0, ""diaporthe-stem-canker"": 0.0, ""downy-mildew"": 0.0, ""frog-eye-leaf-spot"": 0.08536585365853659, ""herbicide-injury"": 0.0, ""phyllosticta-leaf-spot"": 0.0, ""phytophthora-rot"": 0.0, ""powdery-mildew"": 0.0, ""purple-seed-stain"": 0.0, ""rhizoctonia-root-rot"": 0.0}"
soybean,0,6,consensus,683,2.113821138211382,False,488 36 18 33 11 16 13,"{""2-4-d-injury"": 0.0, ""alternarialeaf-spot"": 0.0, ""anthracnose"": 0.0, ""bacterial-blight"": 0.0, ""bacterial-pustule"": 0.05555555555555555, ""brown-spot"": 0.03614457831325301, ""brown-stem-rot"": 0.0, ""charcoal-rot"": 0.0, ""cyst-nematode"": 0.0, ""diaporthe-pod-&-stem-blight"": 0.0, ""diaporthe-stem-canker"": 0.0, ""downy-mildew"": 0.0, ""frog-eye-leaf-spot"": 0.0975609756097561, ""herbicide-injury"": 0.0, ""phyllosticta-leaf-spot"": 0.05555555555555555, ""phytophthora-rot"": 0.0, ""powdery-mildew"": 0.0, ""purple-seed-stain"": 0.0, ""rhizoctonia-root-rot"": 0.0}"
soybean,0,7,consensus,683,2.113821138211382,False,491 32 17 34 10 18 13,"{""2-4-d-injury"": 0.0, ""alternarialeaf-spot"": 0.0, ""anthracnose"": 0.0, ""bacterial-blight"": 0.0, ""bacterial-pustule"": 0.05555555555555555, ""brown-spot"": 0.024096385542168676, ""brown-stem-rot"": 0.0, ""charcoal-rot"": 0.0, ""cyst-nematode"": 0.0, ""diaporthe-pod-&-stem-blight"": 0.0, ""diaporthe-stem-canker"": 0.0, ""downy-mildew"": 0.0, ""frog-eye-leaf-spot"": 0.08536585365853659, ""herbicide-injury"": 0.0, ""phyllosticta-leaf-spot"": 0.16666666666666666, ""phytophthora-rot"": 0.0, ""powdery-mildew"": 0.0, ""purple-seed-stain"": 0.0, ""rhizoctonia-root-rot"": 0.0}"
soybean,0,8,consensus,683,2.7642276422764227,False,471 45 21 37 12 12 17,"{""2-4-d-injury"": 0.0, ""alternarialeaf-spot"": 0.0, ""anthracnose"": 0.0, ""bacterial-blight"": 0.0, ""bacterial-pustule"": 0.05555555555555555, ""brown-spot"": 0.04819277108433735, ""brown-stem-rot"": 0.0, ""charcoal-rot"": 0.0, ""cyst-nematode"": 0.0, ""diaporthe-pod-&-stem-blight"": 0.0, ""diaporthe-stem-canker"": 0.0, ""downy-mildew"": 0.0, ""frog-eye-leaf-spot"": 0.12195121951219512, ""herbicide-injury"": 0.0, ""phyllosticta-leaf-spot"": 0.1111111111111111, ""phytophthora-rot"": 0.0, ""powdery-mildew"": 0.0, ""purple-seed-stain"": 0.0, ""rhizoctonia-root-rot"": 0.0}"
soybean,0,9,consensus,683,2.113821138211382,False,492 25 27 26 14 18 13,"{""2-4-d-injury"": 0.0, ""alternarialeaf-spot"": 0.0, ""anthracnose"": 0.0, ""bacterial-blight"": 0.0, ""bacterial-pustule"": 0.0, ""brown-spot"": 0.024096385542168676, ""brown-stem-rot"": 0.0, ""charcoal-rot"": 0.0, ""cyst-nematode"": 0.0, ""diaporthe-pod-&-stem-blight"": 0.0, ""diaporthe-stem-canker"": 0.0, ""downy-mildew"": 0.0, ""frog-eye-leaf-spot"": 0.12345679012345678, ""herbicide-injury"": 0.0, ""phyllosticta-leaf-spot"": 0.05555555555555555, ""phytophthora-rot"": 0.0, ""powdery-mildew"": 0.0, ""purple-seed-stain"": 0.0, ""rhizoctonia-root-rot"": 0.0}"
soybean,1,0,consensus,683,2.768729641693811,False,484 31 24 33 15 10 17,"{""2-4-d-injury"": 0.0, ""alternarialeaf-spot"": 0.0, ""anthracnose"": 0.0, ""bacterial-blight"": 0.0, ""bacterial-pustule"": 0.05555555555555555, ""brown-spot"": 0.024096385542168676, ""brown-stem-rot"": 0.0, ""charcoal-rot"": 0.0, ""cyst-nematode"": 0.0, ""diaporthe-pod-&-stem-blight"": 0.0, ""diaporthe-stem-canker"": 0.0, ""downy-mildew"": 0.0, ""frog-eye-leaf-spot"": 0.15853658536585366, ""herbicide-injury"": 0.0, ""phyllosticta-leaf-spot"": 0.05555555555555555, ""phytophthora-rot"": 0.0, ""powdery-mildew"": 0.0, ""purple-seed-stain"": 0.0, ""rhizoctonia-root-rot"": 0.0}"
soybean,1,1,consensus,683,1.7915309446254073,False,489 33 19 30 11 21 11,"{""2-4-d-injury"": 0.0, ""alternarialeaf-spot"": 0.0, ""anthracnose"": 0.0, ""bacterial-blight"": 0.0, ""bacterial-pustule"": 0.0, ""brown-spot"": 0.024096385542168676, ""brown-stem-rot"": 0.0, ""charcoal-rot"": 0.0, ""cyst-nematode"": 0.0, ""diaporthe-pod-&-stem-blight"": 0.0, ""diaporthe-stem-canker"": 0.0, ""downy-mildew"": 0.0, ""frog-eye-leaf-spot"": 0.08536585365853659, ""herbicide-injury"": 0.0, ""phyllosticta-leaf-spot"": 0.1111111111111111, ""phytophthora-rot"": 0.0, ""powdery-mildew"": 0.0, ""purple-seed-stain"": 0.0, ""rhizoctonia-root-rot"": 0.0}"
soybean,1,2,consensus,683,2.1172638436482085,False,490 31 16 33 15 16 13,"{""2-4-d-injury"": 0.0, ""alternarialeaf-spot"": 0.012195121951219513, ""anthracnose"": 0.0, ""bacterial-blight"": 0.0, ""bacterial-pustule"": 0.05555555555555555, ""brown-spot"": 0.036585365853658534, ""brown-stem-rot"": 0.0, ""charcoal-rot"": 0.0, ""cyst-nematode"": 0.0, ""diaporthe-pod-&-stem-blight"": 0.0, ""diaporthe-stem-canker"": 0.0, ""downy-mildew"": 0.0, ""frog-eye-leaf-spot"": 0.08536585365853659, ""herbicide-injury"": 0.0, ""phyllosticta-leaf-spot"": 0.05555555555555555, ""phytophthora-rot"": 0.0, ""powdery-mildew"": 0.0, ""purple-seed-stain"": 0.0, ""rhizoctonia-root-rot"": 0.0}"
soybean,1,3,consensus,683,2.113821138211382,False,491 28 21 32 16 14 13,"{""2-4-d-injury"": 0.0, ""alternarialeaf-spot"": 0.0, ""anthracnose"": 0.0, ""bacterial-blight"": 0.0, ""bacterial-pustule"": 0.05555555555555555, ""brown-spot"": 0.012195121951219513, ""brown-stem-rot"": 0.0, ""charcoal-rot"": 0.0, ""cyst-nematode"": 0.0, ""diaporthe-pod-&-stem-blight"": 0.0, ""diaporthe-stem-canker"": 0.0, ""downy-mildew"": 0.0, ""frog-eye-leaf-spot"": 0.12195121951219512, ""herbicide-injury"": 0.0, ""phyllosticta-leaf-spot"": 0.05555555555555555, ""phytophthora-rot"": 0.0, ""powdery-mildew"": 0.0, ""purple-seed-stain"": 0.0, ""rhizoctonia-root-rot"": 0.0}"
soybean,1,4,consensus,683,2.6016260162601625,False,499 27 13 33 9 18 16,"{""2-4-d-injury"": 0.0, ""alternarialeaf-spot"": 0.0, ""anthracnose"": 0.0, ""bacterial-blight"": 0.0, ""bacterial-pustule"": 0.05555555555555555, ""brown-spot"": 0.012048192771084338, ""brown-stem-rot"": 0.0, ""charcoal-rot"": 0.0, ""cyst-nematode"": 0.0, ""diaporthe-pod-&-stem-blight"": 0.0, ""diaporthe-stem-canker"": 0.0, ""downy-mildew"": 0.0, ""frog-eye-leaf-spot"": 0.14634146341463414, ""herbicide-injury"": 0.0, ""phyllosticta-leaf-spot"": 0.1111111111111111, ""phytophthora-rot"": 0.0, ""powdery-mildew"": 0.0, ""purple-seed-stain"": 0.0, ""rhizoctonia-root-rot"": 0.0}"
soybean,1,5,consensus,683,1.1382113821138211,False,483 34 17 39 13 22 7,"{""2-4-d-injury"": 0.0, ""alternarialeaf-spot"": 0.0, ""anthracnose"": 0.0, ""bacterial-blight"": 0.0, ""bacterial-pustule"": 0.0, ""brown-spot"": 0.012048192771084338, ""brown-stem-rot"": 0.0, ""charcoal-rot"": 0.0, ""cyst-nematode"": 0.0, ""diaporthe-pod-&-stem-blight"": 0.0, ""diaporthe-stem-canker"": 0.0, ""downy-mildew"": 0.0, ""frog-eye-leaf-spot"": 0.06097560975609756, ""herbicide-injury"": 0.0, ""phyllosticta-leaf-spot"": 0.05555555555555555, ""phytophthora-rot"": 0.0, ""powdery-mildew"": 0.0, ""purple-seed-stain"": 0.0, ""rhizoctonia-root-rot"": 0.0}"
soybean,1,6,consensus,683,2.6016260162601625,False,487 34 19 33 10 16 16,"{""2-4-d-injury"": 0.0, ""alternarialeaf-spot"": 0.0, ""anthracnose"": 0.0, ""bacterial-blight"": 0.0, ""bacterial-pustule"": 0.05555555555555555, ""brown-spot"": 0.024096385542168676, ""brown-stem-rot"": 0.0, ""charcoal-rot"": 0.0, ""cyst-nematode"": 0.0, ""diaporthe-pod-&-stem-blight"": 0.0, ""diaporthe-stem-canker"": 0.0, ""downy-mildew"": 0.0, ""frog-eye-leaf-spot"": 0.12195121951219512, ""herbicide-injury"": 0.0, ""phyllosticta-leaf-spot"": 0.16666666666666666, ""phytophthora-rot"": 0.0, ""powdery-mildew"": 0.0, ""purple-seed-stain"": 0.0, ""rhizoctonia-root-rot"": 0.0}"
soybean,1,7,consensus,683,2.113821138211382,False,487 32 19 40 11 13 13,"{""2-4-d-injury"": 0.0, ""alternarialeaf-spot"": 0.0, ""anthracnose"": 0.0, ""bacterial-blight"": 0.0, ""bacterial-pustule"": 0.05555555555555555, ""brown-spot"": 0.024096385542168676, ""brown-stem-rot"": 0.0, ""charcoal-rot"": 0.0, ""cyst-nematode"": 0.0, ""diaporthe-pod-&-stem-blight"": 0.0, ""diaporthe-stem-canker"": 0.0, ""downy-mildew"": 0.0, ""frog-eye-leaf-spot"": 0.12195121951219512, ""herbicide-injury"": 0.0, ""phyllosticta-leaf-spot"": 0.0, ""phytophthora-rot"": 0.0, ""powdery-mildew"": 0.0, ""purple-seed-stain"": 0.0, ""rhizoctonia-root-rot"": 0.0}"
soybean,1,8,consensus,683,2.4390243902439024,False,501 34 13 29 11 12 15,"{""2-4-d-injury"": 0.0, ""alternarialeaf-spot"": 0.0, ""anthracnose"": 0.0, ""bacterial-blight"": 0.0, ""bacterial-pustule"": 0.05555555555555555, ""brown-spot"": 0.024096385542168676, ""brown-stem-rot"": 0.0, ""charcoal-rot"": 0.0, ""cyst-nematode"": 0.0, ""diaporthe-pod-&-stem-blight"": 0.0, ""diaporthe-stem-canker"": 0.0, ""downy-mildew"": 0.0, ""frog-eye-leaf-spot"": 0.10975609756097561, ""herbicide-injury"": 0.0, ""phyllosticta-leaf-spot"": 0.16666666666666666, ""phytophthora-rot"": 0.0, ""powdery-mildew"": 0.0, ""purple-seed-stain"": 0.0, ""rhizoctonia-root-rot"": 0.0}"
soybean,1,9,consensus,683,2.6016260162601625,False,489 24 24 41 14 7 16,"{""2-4-d-injury"": 0.0, ""alternarialeaf-spot"": 0.0, ""anthracnose"": 0.0, ""bacterial-blight"": 0.0, ""bacterial-pustule"": 0.0, ""brown-spot"": 0.024096385542168676, ""brown-stem-rot"": 0.0, ""charcoal-rot"": 0.0, ""cyst-nematode"": 0.0, ""diaporthe-pod-&-stem-blight"": 0.0, ""diaporthe-stem-canker"": 0.0, ""downy-mildew"": 0.0, ""frog-eye-leaf-spot"": 0.13580246913580246, ""herbicide-injury"": 0.0, ""phyllosticta-leaf-spot"": 0.16666666666666666, ""phytophthora-rot"": 0.0, ""powdery-mildew"": 0.0, ""purple-seed-stain"": 0.0, ""rhizoctonia-root-rot"": 0.0}"
soybean,2,0,consensus,683,2.2801302931596092,False,485 36 21 36 10 12 14,"{""2-4-d-injury"": 0.0, ""alternarialeaf-spot"": 0.0, ""anthracnose"": 0.0, ""bacterial-blight"": 0.0, ""bacterial-pustule"": 0.0, ""brown-spot"": 0.012048192771084338, ""brown-stem-rot"": 0.0, ""charcoal-rot"": 0.0, ""cyst-nematode"": 0.0, ""diaporthe-pod-&-stem-blight"": 0.0, ""diaporthe-stem-canker"": 0.0, ""downy-mildew"": 0.0, ""frog-eye-leaf-spot"": 0.14634146341463414, ""herbicide-injury"": 0.0, ""phyllosticta-leaf-spot"": 0.05555555555555555, ""phytophthora-rot"": 0.0, ""powdery-mildew"": 0.0, ""purple-seed-stain"": 0.0, ""rhizoctonia-root-rot"": 0.0}"
soybean,2,1,consensus,683,2.2801302931596092,False,488 29 18 39 10 16 14,"{""2-4-d-injury"": 0.0, ""alternarialeaf-spot"": 0.0, ""anthracnose"": 0.0, ""bacterial-blight"": 0.0, ""bacterial-pustule"": 0.05555555555555555, ""brown-spot"": 0.03614457831325301, ""brown-stem-rot"": 0.0, ""charcoal-rot"": 0.0, ""cyst-nematode"": 0.0, ""diaporthe-pod-&-stem-blight"": 0.0, ""diaporthe-stem-canker"": 0.0, ""downy-mildew"": 0.0, ""frog-eye-leaf-spot"": 0.10975609756097561, ""herbicide-injury"": 0.0, ""phyllosticta-leaf-spot"": 0.05555555555555555, ""phytophthora-rot"": 0.0, ""powdery-mildew"": 0.0, ""purple-seed-stain"": 0.0, ""rhizoctonia-root-rot"": 0.0}"
soybean,2,2,consensus,683,2.2801302931596092,False,496 32 13 30 13 16 14,"{""2-4-d-injury"": 0.0, ""alternarialeaf-spot"": 0.0, ""anthracnose"": 0.0, ""bacterial-blight"": 0.0, ""bacterial-pustule"": 0.05555555555555555, ""brown-spot"": 0.04878048780487805, ""brown-stem-rot"": 0.0, ""charcoal-rot"": 0.0, ""cyst-nematode"": 0.0, ""diaporthe-pod-&-stem-blight"": 0.0, ""diaporthe-stem-canker"": 0.0, ""downy-mildew"": 0.0, ""frog-eye-leaf-spot"": 0.0975609756097561, ""herbicide-injury"": 0.0, ""phyllosticta-leaf-spot"": 0.05555555555555555, ""phytophthora-rot"": 0.0, ""powdery-mildew"": 0.0, ""purple-seed-stain"": 0.0, ""rhizoctonia-root-rot"": 0.0}"
soybean,2,3,consensus,683,2.7642276422764227,False,499 26 18 35 5 15 17,"{""2-4-d-injury"": 0.0, ""alternarialeaf-spot"": 0.0, ""anthracnose"": 0.0, ""bacterial-blight"": 0.0, ""bacterial-pustule"": 0.05555555555555555, ""brown-spot"": 0.07317073170731707, ""brown-stem-rot"": 0.0, ""charcoal-rot"": 0.0, ""cyst-nematode"": 0.0, ""diaporthe-pod-&-stem-blight"": 0.0, ""diaporthe-stem-canker"": 0.0, ""downy-mildew"": 0.0, ""frog-eye-leaf-spot"": 0.0975609756097561, ""herbicide-injury"": 0.0, ""phyllosticta-leaf-spot"": 0.1111111111111111, ""phytophthora-rot"": 0.0, ""powdery-mildew"": 0.0, ""purple-seed-stain"": 0.0, ""rhizoctonia-root-rot"": 0.0}"
soybean,2,4,consensus,683,1.788617886178862,False,499 22 21 29 20 13 11,"{""2-4-d-injury"": 0.0, ""alternarialeaf-spot"": 0.0, ""anthracnose"": 0.0, ""bacterial-blight"": 0.0, ""bacterial-pustule"": 0.0, ""brown-spot"": 0.03614457831325301, ""brown-stem-rot"": 0.0, ""charcoal-rot"": 0.0, ""cyst-nematode"": 0.0, ""diaporthe-pod-&-stem-blight"": 0.0, ""diaporthe-stem-canker"": 0.0, ""downy-mildew"": 0.0, ""frog-eye-leaf-spot"": 0.0975609756097561, ""herbicide-injury"": 0.0, ""phyllosticta-leaf-spot"": 0.0, ""phytophthora-rot"": 0.0, ""powdery-mildew"": 0.0, ""purple-seed-stain"": 0.0, ""rhizoctonia-root-rot"": 0.0}"
soybean,2,5,consensus,683,1.788617886178862,False,492 27 18 36 16 15 11,"{""2-4-d-injury"": 0.0, ""alternarialeaf-spot"": 0.0, ""anthracnose"": 0.0, ""bacterial-blight"": 0.0, ""bacterial-pustule"": 0.05555555555555555, ""brown-spot"": 0.03614457831325301, ""brown-stem-rot"": 0.0, ""charcoal-rot"": 0.0, ""cyst-nematode"": 0.0, ""diaporthe-pod-&-stem-blight"": 0.0, ""diaporthe-stem-canker"": 0.0, ""downy-mildew"": 0.0, ""frog-eye-leaf-spot"": 0.04878048780487805, ""herbicide-injury"": 0.0, ""phyllosticta-leaf-spot"": 0.16666666666666666, ""phytophthora-rot"": 0.0, ""powdery-mildew"": 0.0, ""purple-seed-stain"": 0.0, ""rhizoctonia-root-rot"": 0.0}"
soybean,2,6,consensus,683,0.975609756097561,False,495 24 23 37 10 20 6,"{""2-4-d-injury"": 0.0, ""alternarialeaf-spot"": 0.0, ""anthracnose"": 0.0, ""bacterial-blight"": 0.0, ""bacterial-pustule"": 0.0, ""brown-spot"": 0.012048192771084338, ""brown-stem-rot"": 0.0, ""charcoal-rot"": 0.0, ""cyst-nematode"": 0.0, ""diaporthe-pod-&-stem-blight"": 0.0, ""diaporthe-stem-canker"": 0.0, ""downy-mildew"": 0.0, ""frog-eye-leaf-spot"": 0.04878048780487805, ""herbicide-injury"": 0.0, ""phyllosticta-leaf-spot"": 0.05555555555555555, ""phytophthora-rot"": 0.0, ""powdery-mildew"": 0.0, ""purple-seed-stain"": 0.0, ""rhizoctonia-root-rot"": 0.0}"
soybean,2,7,consensus,683,1.6260162601626018,False,491 34 10 37 20 13 10,"{""2-4-d-injury"": 0.0, ""alternarialeaf-spot"": 0.0, ""anthracnose"": 0.0, ""bacterial-blight"": 0.0, ""bacterial-pustule"": 0.0, ""brown-spot"": 0.024096385542168676, ""brown-stem-rot"": 0.0, ""charcoal-rot"": 0.0, ""cyst-nematode"": 0.0, ""diaporthe-pod-&-stem-blight"": 0.0, ""diaporthe-stem-canker"": 0.0, ""downy-mildew"": 0.0, ""frog-eye-leaf-spot"": 0.08536585365853659, ""herbicide-injury"": 0.0, ""phyllosticta-leaf-spot"": 0.05555555555555555, ""phytophthora-rot"": 0.0, ""powdery-mildew"": 0.0, ""purple-seed-stain"": 0.0, ""rhizoctonia-root-rot"": 0.0}"
soybean,2,8,consensus,683,2.113821138211382,False,505 22 17 30 14 14 13,"{""2-4-d-injury"": 0.0, ""alternarialeaf-spot"": 0.0, ""anthracnose"": 0.0, ""bacterial-blight"": 0.0, ""bacterial-pustule"": 0.0, ""brown-spot"": 0.04819277108433735, ""brown-stem-rot"": 0.0, ""charcoal-rot"": 0.0, ""cyst-nematode"": 0.0, ""diaporthe-pod-&-stem-blight"": 0.0, ""diaporthe-stem-canker"": 0.0, ""downy-mildew"": 0.0, ""frog-eye-leaf-spot"": 0.0975609756097561, ""herbicide-injury"": 0.0, ""phyllosticta-leaf-spot"": 0.05555555555555555, ""phytophthora-rot"": 0.0, ""powdery-mildew"": 0.0, ""purple-seed-stain"": 0.0, ""rhizoctonia-root-rot"": 0.0}"
soybean,2,9,consensus,683,2.113821138211382,False,485 29 30 30 10 18 13,"{""2-4-d-injury"": 0.0, ""alternarialeaf-spot"": 0.012195121951219513, ""anthracnose"": 0.0, ""bacterial-blight"": 0.0, ""bacterial-pustule"": 0.05555555555555555, ""brown-spot"": 0.04819277108433735, ""brown-stem-rot"": 0.0, ""charcoal-rot"": 0.0, ""cyst-nematode"": 0.0, ""diaporthe-pod-&-stem-blight"": 0.0, ""diaporthe-stem-canker"": 0.0, ""downy-mildew"": 0.0, ""frog-eye-leaf-spot"": 0.07407407407407407, ""herbicide-injury"": 0.0, ""phyllosticta-leaf-spot"": 0.05555555555555555, ""phytophthora-rot"": 0.0, ""powdery-mildew"": 0.0, ""purple-seed-stain"": 0.0, ""rhizoctonia-root-rot"": 0.0}"
soybean,3,0,consensus,683,1.6286644951140066,False,483 37 16 31 16 21 10,"{""2-4-d-injury"": 0.0, ""alternarialeaf-spot"": 0.0, ""anthracnose"": 0.0, ""bacterial-blight"": 0.0, ""bacterial-pustule"": 0.05555555555555555, ""brown-spot"": 0.04819277108433735, ""brown-stem-rot"": 0.0, ""charcoal-rot"": 0.0, ""cyst-nematode"": 0.0, ""diaporthe-pod-&-stem-blight"": 0.0, ""diaporthe-stem-canker"": 0.0, ""downy-mildew"": 0.0, ""frog-eye-leaf-spot"": 0.06097560975609756, ""herbicide-injury"": 0.0, ""phyllosticta-leaf-spot"": 0.0, ""phytophthora-rot"": 0.0, ""powdery-mildew"": 0.0, ""purple-seed-stain"": 0.0, ""rhizoctonia-root-rot"": 0.0}"
soybean,3,1,consensus,683,2.1172638436482085,False,480 35 20 39 11 16 13,"{""2-4-d-injury"": 0.0, ""alternarialeaf-spot"": 0.0, ""anthracnose"": 0.0, ""bacterial-blight"": 0.0, ""bacterial-pustule"": 0.05555555555555555, ""brown-spot"": 0.03614457831325301, ""brown-stem-rot"": 0.0, ""charcoal-rot"": 0.0, ""cyst-nematode"": 0.0, ""diaporthe-pod-&-stem-blight"": 0.0, ""diaporthe-stem-canker"": 0.0, ""downy-mildew"": 0.0, ""frog-eye-leaf-spot"": 0.0975609756097561, ""herbicide-injury"": 0.0, ""phyllosticta-leaf-spot"": 0.05555555555555555, ""phytophthora-rot"": 0.0, ""powdery-mildew"": 0.0, ""purple-seed-stain"": 0.0, ""rhizoctonia-root-rot"": 0.0}"
soybean,3,2,consensus,683,2.9315960912052117,False,476 43 21 33 13 10 18,"{""2-4-d-injury"": 0.0, ""alternarialeaf-spot"": 0.012195121951219513, ""anthracnose"": 0.0, ""bacterial-blight"": 0.0, ""bacterial-pustule"": 0.0, ""brown-spot"": 0.04878048780487805, ""brown-stem-rot"": 0.0, ""charcoal-rot"": 0.0, ""cyst-nematode"": 0.0, ""diaporthe-pod-&-stem-blight"": 0.0, ""diaporthe-stem-canker"": 0.0, ""downy-mildew"": 0.0, ""frog-eye-leaf-spot"": 0.14634146341463414, ""herbicide-injury"": 0.0, ""phyllosticta-leaf-spot"": 0.05555555555555555, ""phytophthora-rot"": 0.0, ""powdery-mildew"": 0.0, ""purple-seed-stain"": 0.0, ""rhizoctonia-root-rot"": 0.0}"
soybean,3,3,consensus,683,2.4390243902439024,False,497 26 19 34 12 12 15,"{""2-4-d-injury"": 0.0, ""alternarialeaf-spot"": 0.0, ""anthracnose"": 0.0, ""bacterial-blight"": 0.0, ""bacterial-pustule"": 0.0, ""brown-spot"": 0.036585365853658534, ""brown-stem-rot"": 0.0, ""charcoal-rot"": 0.0, ""cyst-nematode"": 0.0, ""diaporthe-pod-&-stem-blight"": 0.0, ""diaporthe-stem-canker"": 0.0, ""downy-mildew"": 0.0, ""frog-eye-leaf-spot"": 0.12195121951219512, ""herbicide-injury"": 0.0, ""phyllosticta-leaf-spot"": 0.1111111111111111, ""phytophthora-rot"": 0.0, ""powdery-mildew"": 0.0, ""purple-seed-stain"": 0.0, ""rhizoctonia-root-rot"": 0.0}"
soybean,3,4,consensus,683,2.4390243902439024,False,494 31 21 28 5 21 15,"{""2-4-d-injury"": 0.0, ""alternarialeaf-spot"": 0.0, ""anthracnose"": 0.0, ""bacterial-blight"": 0.0, ""bacterial-pustule"": 0.05555555555555555, ""brown-spot"": 0.04819277108433735, ""brown-stem-rot"": 0.0, ""charcoal-rot"": 0.0, ""cyst-nematode"": 0.0, ""diaporthe-pod-&-stem-blight"": 0.0, ""diaporthe-stem-canker"": 0.0, ""downy-mildew"": 0.0, ""frog-eye-leaf-spot"": 0.10975609756097561, ""herbicide-injury"": 0.0, ""phyllosticta-leaf-spot"": 0.05555555555555555, ""phytophthora-rot"": 0.0, ""powdery-mildew"": 0.0, ""purple-seed-stain"": 0.0, ""rhizoctonia-root-rot"": 0.0}"
soybean,3,5,consensus,683,2.2764227642276422,False,485 27 24 38 11 16 14,"{""2-4-d-injury"": 0.0, ""alternarialeaf-spot"": 0.0, ""anthracnose"": 0.0, ""bacterial-blight"": 0.0, ""bacterial-pustule"": 0.05555555555555555, ""brown-spot"": 0.04819277108433735, ""brown-stem-rot"": 0.0, ""charcoal-rot"": 0.0, ""cyst-nematode"": 0.0, ""diaporthe-pod-&-stem-blight"": 0.0, ""diaporthe-stem-canker"": 0.0, ""downy-mildew"": 0.0, ""frog-eye-leaf-spot"": 0.10975609756097561, ""herbicide-injury"": 0.0, ""phyllosticta-leaf-spot"": 0.0, ""phytophthora-rot"": 0.0, ""powdery-mildew"": 0.0, ""purple-seed-stain"": 0.0, ""rhizoctonia-root-rot"": 0.0}"
soybean,3,6,consensus,683,1.3008130081300813,False,491 28 22 33 14 19 8,"{""2-4-d-injury"": 0.0, ""alternarialeaf-spot"": 0.0, ""anthracnose"": 0.0, ""bacterial-blight"": 0.0, ""bacterial-pustule"": 0.0, ""brown-spot"": 0.012048192771084338, ""brown-stem-rot"": 0.0, ""charcoal-rot"": 0.0, ""cyst-nematode"": 0.0, ""diaporthe-pod-&-stem-blight"": 0.0, ""diaporthe-stem-canker"": 0.0, ""downy-mildew"": 0.0, ""frog-eye-leaf-spot"": 0.08536585365853659, ""herbicide-injury"": 0.0, ""phyllosticta-leaf-spot"": 0.0, ""phytophthora-rot"": 0.0, ""powdery-mildew"": 0.0, ""purple-seed-stain"": 0.0, ""rhizoctonia-root-rot"": 0.0}"
soybean,3,7,consensus,683,1.788617886178862,False,489 31 23 31 11 19 11,"{""2-4-d-injury"": 0.0, ""alternarialeaf-spot"": 0.0, ""anthracnose"": 0.0, ""bacterial-blight"": 0.0, ""bacterial-pustule"": 0.0, ""brown-spot"": 0.012048192771084338, ""brown-stem-rot"": 0.0, ""charcoal-rot"": 0.0, ""cyst-nematode"": 0.0, ""diaporthe-pod-&-stem-blight"": 0.0, ""diaporthe-stem-canker"": 0.0, ""downy-mildew"": 0.0, ""frog-eye-leaf-spot"": 0.10975609756097561, ""herbicide-injury"": 0.0, ""phyllosticta-leaf-spot"": 0.05555555555555555, ""phytophthora-rot"": 0.0, ""powdery-mildew"": 0.0, ""purple-seed-stain"": 0.0, ""rhizoctonia-root-rot"": 0.0}"
soybean,3,8,consensus,683,1.788617886178862,False,498 21 25 27 17 16 11,"{""2-4-d-injury"": 0.0, ""alternarialeaf-spot"": 0.0, ""anthracnose"": 0.0, ""bacterial-blight"": 0.0, ""bacterial-pustule"": 0.05555555555555555, ""brown-spot"": 0.0, ""brown-stem-rot"": 0.0, ""charcoal-rot"": 0.0, ""cyst-nematode"": 0.0, ""diaporthe-pod-&-stem-blight"": 0.0, ""diaporthe-stem-canker"": 0.0, ""downy-mildew"": 0.0, ""frog-eye-leaf-spot"": 0.10975609756097561, ""herbicide-injury"": 0.0, ""phyllosticta-leaf-spot"": 0.05555555555555555, ""phytophthora-rot"": 0.0, ""powdery-mildew"": 0.0, ""purple-seed-stain"": 0.0, ""rhizoctonia-root-rot"": 0.0}"
soybean,3,9,consensus,683,2.4390243902439024,False,496 31 15 34 10 14 15,"{""2-4-d-injury"": 0.0, ""alternarialeaf-spot"": 0.0, ""anthracnose"": 0.0, ""bacterial-blight"": 0.0, ""bacterial-pustule"": 0.0, ""brown-spot"": 0.04819277108433735, ""brown-stem-rot"": 0.0, ""charcoal-rot"": 0.0, ""cyst-nematode"": 0.0, ""diaporthe-pod-&-stem-blight"": 0.0, ""diaporthe-stem-canker"": 0.0, ""downy-mildew"": 0.0, ""frog-eye-leaf-spot"": 0.12345679012345678, ""herbicide-injury"": 0.0, ""phyllosticta-leaf-spot"": 0.05555555555555555, ""phytophthora-rot"": 0.0, ""powdery-mildew"": 0.0, ""purple-seed-stain"": 0.0, ""rhizoctonia-root-rot"": 0.0}"
soybean,4,0,consensus,683,2.6058631921824107,False,495 26 16 37 6 18 16,"{""2-4-d-injury"": 0.0, ""alternarialeaf-spot"": 0.012195121951219513, ""anthracnose"": 0.0, ""bacterial-blight"": 0.0, ""bacterial-pustule"": 0.0, ""brown-spot"": 0.04819277108433735, ""brown-stem-rot"": 0.0, ""charcoal-rot"": 0.0, ""cyst-nematode"": 0.0, ""diaporthe-pod-&-stem-blight"": 0.0, ""diaporthe-stem-canker"": 0.0, ""downy-mildew"": 0.0, ""frog-eye-leaf-spot"": 0.13414634146341464, ""herbicide-injury"": 0.0, ""phyllosticta-leaf-spot"": 0.0, ""phytophthora-rot"": 0.0, ""powdery-mildew"": 0.0, ""purple-seed-stain"": 0.0, ""rhizoctonia-root-rot"": 0.0}"
soybean,4,1,consensus,683,2.1172638436482085,False,481 44 15 38 15 8 13,"{""2-4-d-injury"": 0.0, ""alternarialeaf-spot"": 0.012195121951219513, ""anthracnose"": 0.0, ""bacterial-blight"": 0.0, ""bacterial-pustule"": 0.05555555555555555, ""brown-spot"": 0.012048192771084338, ""brown-stem-rot"": 0.0, ""charcoal-rot"": 0.0, ""cyst-nematode"": 0.0, ""diaporthe-pod-&-stem-blight"": 0.0, ""diaporthe-stem-canker"": 0.0, ""downy-mildew"": 0.0, ""frog-eye-leaf-spot"": 0.10975609756097561, ""herbicide-injury"": 0.0, ""phyllosticta-leaf-spot"": 0.05555555555555555, ""phytophthora-rot"": 0.0, ""powdery-mildew"": 0.0, ""purple-seed-stain"": 0.0, ""rhizoctonia-root-rot"": 0.0}"
soybean,4,2,consensus,683,1.4657980456026058,False,489 28 25 25 19 19 9,"{""2-4-d-injury"": 0.0, ""alternarialeaf-spot"": 0.012195121951219513, ""anthracnose"": 0.0, ""bacterial-blight"": 0.0, ""bacterial-pustule"": 0.0, ""brown-spot"": 0.012195121951219513, ""brown-stem-rot"": 0.0, ""charcoal-rot"": 0.0, ""cyst-nematode"": 0.0, ""diaporthe-pod-&-stem-blight"": 0.0, ""diaporthe-stem-canker"": 0.0, ""downy-mildew"": 0.0, ""frog-eye-leaf-spot"": 0.08536585365853659, ""herbicide-injury"": 0.0, ""phyllosticta-leaf-spot"": 0.0, ""phytophthora-rot"": 0.0, ""powdery-mildew"": 0.0, ""purple-seed-stain"": 0.0, ""rhizoctonia-root-rot"": 0.0}"
soybean,4,3,consensus,683,1.788617886178862,False,490 36 18 33 14 13 11,"{""2-4-d-injury"": 0.0, ""alternarialeaf-spot"": 0.0, ""anthracnose"": 0.0, ""bacterial-blight"": 0.0, ""bacterial-pustule"": 0.05555555555555555, ""brown-spot"": 0.024390243902439025, ""brown-stem-rot"": 0.0, ""charcoal-rot"": 0.0, ""cyst-nematode"": 0.0, ""diaporthe-pod-&-stem-blight"": 0.0, ""diaporthe-stem-canker"": 0.0, ""downy-mildew"": 0.0, ""frog-eye-leaf-spot"": 0.0975609756097561, ""herbicide-injury"": 0.0, ""phyllosticta-leaf-spot"": 0.0, ""phytophthora-rot"": 0.0, ""powdery-mildew"": 0.0, ""purple-seed-stain"": 0.0, ""rhizoctonia-root-rot"": 0.0}"
soybean,4,4,consensus,683,3.2520325203252036,False,487 29 24 29 12 14 20,"{""2-4-d-injury"": 0.0, ""alternarialeaf-spot"": 0.0, ""anthracnose"": 0.0, ""bacterial-blight"": 0.0, ""bacterial-pustule"": 0.0, ""brown-spot"": 0.07228915662650602, ""brown-stem-rot"": 0.0, ""charcoal-rot"": 0.0, ""cyst-nematode"": 0.0, ""diaporthe-pod-&-stem-blight"": 0.0, ""diaporthe-stem-canker"": 0.0, ""downy-mildew"": 0.0, ""frog-eye-leaf-spot"": 0.15853658536585366, ""herbicide-injury"": 0.0, ""phyllosticta-leaf-spot"": 0.05555555555555555, ""phytophthora-rot"": 0.0, ""powdery-mildew"": 0.0, ""purple-seed-stain"": 0.0, ""rhizoctonia-root-rot"": 0.0}"
soybean,4,5,consensus,683,2.113821138211382,False,484 32 20 40 15 11 13,"{""2-4-d-injury"": 0.0, ""alternarialeaf-spot"": 0.0, ""anthracnose"": 0.0, ""bacterial-blight"": 0.0, ""bacterial-pustule"": 0.0, ""brown-spot"": 0.012048192771084338, ""brown-stem-rot"": 0.0, ""charcoal-rot"": 0.0, ""cyst-nematode"": 0.0, ""diaporthe-pod-&-stem-blight"": 0.0, ""diaporthe-stem-canker"": 0.0, ""downy-mildew"": 0.0, ""frog-eye-leaf-spot"": 0.13414634146341464, ""herbicide-injury"": 0.0, ""phyllosticta-leaf-spot"": 0.05555555555555555, ""phytophthora-rot"": 0.0, ""powdery-mildew"": 0.0, ""purple-seed-stain"": 0.0, ""rhizoctonia-root-rot"": 0.0}"
soybean,4,6,consensus,683,2.2764227642276422,False,483 44 13 32 17 12 14,"{""2-4-d-injury"": 0.0, ""alternarialeaf-spot"": 0.0, ""anthracnose"": 0.0, ""bacterial-blight"": 0.0, ""bacterial-pustule"": 0.0, ""brown-spot"": 0.024096385542168676, ""brown-stem-rot"": 0.0, ""charcoal-rot"": 0.0, ""cyst-nematode"": 0.0, ""diaporthe-pod-&-stem-blight"": 0.0, ""diaporthe-stem-canker"": 0.0, ""downy-mildew"": 0.0, ""frog-eye-leaf-spot"": 0.13414634146341464, ""herbicide-injury"": 0.0, ""phyllosticta-leaf-spot"": 0.05555555555555555, ""phytophthora-rot"": 0.0, ""powdery-mildew"": 0.0, ""purple-seed-stain"": 0.0, ""rhizoctonia-root-rot"": 0.0}"
soybean,4,7,consensus,683,1.6260162601626018,False,489 34 18 39 17 8 10,"{""2-4-d-injury"": 0.0, ""alternarialeaf-spot"": 0.0, ""anthracnose"": 0.0, ""bacterial-blight"": 0.0, ""bacterial-pustule"": 0.0, ""brown-spot"": 0.012048192771084338, ""brown-stem-rot"": 0.0, ""charcoal-rot"": 0.0, ""cyst-nematode"": 0.0, ""diaporthe-pod-&-stem-blight"": 0.0, ""diaporthe-stem-canker"": 0.0, ""downy-mildew"": 0.0, ""frog-eye-leaf-spot"": 0.08536585365853659, ""herbicide-injury"": 0.0, ""phyllosticta-leaf-spot"": 0.1111111111111111, ""phytophthora-rot"": 0.0, ""powdery-mildew"": 0.0, ""purple-seed-stain"": 0.0, ""rhizoctonia-root-rot"": 0.0}"
soybean,4,8,consensus,683,2.113821138211382,False,490 37 18 31 14 12 13,"{""2-4-d-injury"": 0.0, ""alternarialeaf-spot"": 0.0, ""anthracnose"": 0.0, ""bacterial-blight"": 0.0, ""bacterial-pustule"": 0.0, ""brown-spot"": 0.03614457831325301, ""brown-stem-rot"": 0.0, ""charcoal-rot"": 0.0, ""cyst-nematode"": 0.0, ""diaporthe-pod-&-stem-blight"": 0.0, ""diaporthe-stem-canker"": 0.0, ""downy-mildew"": 0.0, ""frog-eye-leaf-spot"": 0.12195121951219512, ""herbicide-injury"": 0.0, ""phyllosticta-leaf-spot"": 0.0, ""phytophthora-rot"": 0.0, ""powdery-mildew"": 0.0, ""purple-seed-stain"": 0.0, ""rhizoctonia-root-rot"": 0.0}"
soybean,4,9,consensus,683,1.4634146341463417,False,489 31 20 37 13 16 9,"{""2-4-d-injury"": 0.0, ""alternarialeaf-spot"": 0.0, ""anthracnose"": 0.0, ""bacterial-blight"": 0.0, ""bacterial-pustule"": 0.0, ""brown-spot"": 0.012048192771084338, ""brown-stem-rot"": 0.0, ""charcoal-rot"": 0.0, ""cyst-nematode"": 0.0, ""diaporthe-pod-&-stem-blight"": 0.0, ""diaporthe-stem-canker"": 0.0, ""downy-mildew"": 0.0, ""frog-eye-leaf-spot"": 0.09876543209876543, ""herbicide-injury"": 0.0, ""phyllosticta-leaf-spot"": 0.0, ""phytophthora-rot"": 0.0, ""powdery-mildew"": 0.0, ""purple-seed-stain"": 0.0, ""rhizoctonia-root-rot"": 0.0}"
vote,0,0,consensus,435,1.278772378516624,False,333 14 6 23 5 5 5,"{""democrat"": 0.0125, ""republican"": 0.013245033112582781}"
vote,0,1,consensus,435,1.5345268542199488,False,332 12 10 15 10 6 6,"{""democrat"": 0.016666666666666666, ""republican"": 0.013245033112582781}"
vote,0,2,consensus,435,2.557544757033248,False,334 7 6 24 5 5 10,"{""democrat"": 0.029166666666666667, ""republican"": 0.019867549668874173}"
vote,0,3,consensus,435,2.0460358056265986,False,329 18 6 17 8 5 8,"{""democrat"": 0.020833333333333332, ""republican"": 0.019867549668874173}"
vote,0,4,consensus,435,1.7902813299232736,False,331 14 6 24 4 5 7,"{""democrat"": 0.025, ""republican"": 0.006622516556291391}"
vote,0,5,consensus,435,2.0408163265306123,False,326 17 5 24 7 5 8,"{""democrat"": 0.029045643153526972, ""republican"": 0.006622516556291391}"
vote,0,6,consensus,435,1.2755102040816326,False,323 20 7 25 8 4 5,"{""democrat"": 0.016597510373443983, ""republican"": 0.006622516556291391}"
vote,0,7,consensus,435,1.530612244897959,False,327 15 6 22 12 4 6,"{""democrat"": 0.02074688796680498, ""republican"": 0.006622516556291391}"
vote,0,8,consensus,435,1.530612244897959,False,328 18 6 23 7 4 6,"{""democrat"": 0.016666666666666666, ""republican"": 0.013157894736842105}"
vote,0,9,consensus,435,1.7857142857142856,False,330 18 5 23 7 2 7,"{""democrat"": 0.020833333333333332, ""republican"": 0.013157894736842105}"
vote,1,0,consensus,435,2.0460358056265986,False,330 13 10 18 4 8 8,"{""democrat"": 0.025, ""republican"": 0.013245033112582781}"
vote,1,1,consensus,435,2.3017902813299234,False,328 15 8 22 5 4 9,"{""democrat"": 0.016666666666666666, ""republican"": 0.033112582781456956}"
vote,1,2,consensus,435,2.0460358056265986,False,328 16 9 17 9 4 8,"{""democrat"": 0.016666666666666666, ""republican"": 0.026490066225165563}"
vote,1,3,consensus,435,2.557544757033248,False,334 13 6 15 9 4 10,"{""democrat"": 0.029166666666666667, ""republican"": 0.019867549668874173}"
vote,1,4,consensus,435,2.0460358056265986,False,327 12 5 27 7 5 8,"{""democrat"": 0.025, ""republican"": 0.013245033112582781}"
vote,1,5,consensus,435,1.530612244897959,False,340 14 2 22 1 7 6,"{""democrat"": 0.016597510373443983, ""republican"": 0.013245033112582781}"
vote,1,6,consensus,435,2.0408163265306123,False,327 14 7 21 10 5 8,"{""democrat"": 0.02074688796680498, ""republican"": 0.019867549668874173}"
vote,1,7,consensus,435,1.2755102040816326,False,333 12 6 24 8 4 5,"{""democrat"": 0.012448132780082987, ""republican"": 0.013245033112582781}"
vote,1,8,consensus,435,2.0408163265306123,False,325 19 7 20 7 6 8,"{""democrat"": 0.016666666666666666, ""republican"": 0.02631578947368421}"
vote,1,9,consensus,435,2.295918367346939,False,330 15 6 22 7 3 9,"{""democrat"": 0.025, ""republican"": 0.019736842105263157}"
vote,2,0,consensus,435,2.813299232736573,False,331 14 7 21 4 3 11,"{""democrat"": 0.025, ""republican"": 0.033112582781456956}"
vote,2,1,consensus,435,2.0460358056265986,False,327 16 7 20 8 5 8,"{""democrat"": 0.020833333333333332, ""republican"": 0.019867549668874173}"
vote,2,2,consensus,435,1.7902813299232736,False,320 19 9 21 12 3 7,"{""democrat"": 0.020833333333333332, ""republican"": 0.013245033112582781}"
vote,2,3,consensus,435,1.7902813299232736,False,335 5 3 29 5 7 7,"{""democrat"": 0.016666666666666666, ""republican"": 0.019867549668874173}"
vote,2,4,consensus,435,2.3017902813299234,False,328 13 5 25 6 5 9,"{""democrat"": 0.020833333333333332, ""republican"": 0.026490066225165563}"
vote,2,5,consensus,435,2.5510204081632653,False,334 12 6 22 4 4 10,"{""democrat"": 0.024896265560165973, ""republican"": 0.026490066225165563}"
vote,2,6,consensus,435,2.5510204081632653,False,334 12 5 24 7 0 10,"{""democrat"": 0.03319502074688797, ""republican"": 0.013245033112582781}"
vote,2,7,consensus,435,1.530612244897959,False,337 11 5 19 8 6 6,"{""democrat"": 0.012448132780082987, ""republican"": 0.019867549668874173}"
vote,2,8,consensus,435,2.295918367346939,False,334 14 9 19 3 4 9,"{""democrat"": 0.025, ""republican"": 0.019736842105263157}"
vote,2,9,consensus,435,2.0408163265306123,False,334 14 7 22 6 1 8,"{""democrat"": 0.016666666666666666, ""republican"": 0.02631578947368421}"
vote,3,0,consensus,435,2.0460358056265986,False,334 14 7 22 4 2 8,"{""democrat"": 0.025, ""republican"": 0.013245033112582781}"
vote,3,1,consensus,435,1.7902813299232736,False,325 19 7 16 11 6 7,"{""democrat"": 0.016666666666666666, ""republican"": 0.019867549668874173}"
vote,3,2,consensus,435,3.0690537084398977,False,332 10 6 22 5 4 12,"{""democrat"": 0.025, ""republican"": 0.039735099337748346}"
vote,3,3,consensus,435,2.3017902813299234,False,334 18 4 19 4 3 9,"{""democrat"": 0.029166666666666667, ""republican"": 0.013245033112582781}"
vote,3,4,consensus,435,1.5345268542199488,False,332 18 5 19 8 3 6,"{""democrat"": 0.016666666666666666, ""republican"": 0.013245033112582781}"
vote,3,5,consensus,435,1.530612244897959,False,327 20 8 19 3 9 6,"{""democrat"": 0.016597510373443983, ""republican"": 0.013245033112582781}"
vote,3,6,consensus,435,2.0408163265306123,False,324 17 7 26 8 2 8,"{""democrat"": 0.02074688796680498, ""republican"": 0.019867549668874173}"
vote,3,7,consensus,435,2.0408163265306123,False,328 14 7 22 8 5 8,"{""democrat"": 0.024896265560165973, ""republican"": 0.013245033112582781}"
vote,3,8,consensus,435,1.7857142857142856,False,327 19 7 22 8 2 7,"{""democrat"": 0.020833333333333332, ""republican"": 0.013157894736842105}"
vote,3,9,consensus,435,2.295918367346939,False,328 15 6 21 9 4 9,"{""democrat"": 0.029166666666666667, ""republican"": 0.013157894736842105}"
vote,4,0,consensus,435,1.7902813299232736,False,329 14 9 20 6 6 7,"{""democrat"": 0.020833333333333332, ""republican"": 0.013245033112582781}"
vote,4,1,consensus,435,2.3017902813299234,False,335 9 6 23 8 1 9,"{""democrat"": 0.029166666666666667, ""republican"": 0.013245033112582781}"
vote,4,2,consensus,435,1.5345268542199488,False,335 9 12 16 8 5 6,"{""democrat"": 0.016666666666666666, ""republican"": 0.013245033112582781}"
vote,4,3,consensus,435,1.5345268542199488,False,339 9 3 15 10 9 6,"{""democrat"": 0.016666666666666666, ""republican"": 0.013245033112582781}"
vote,4,4,consensus,435,2.0460358056265986,False,331 17 6 19 5 5 8,"{""democrat"": 0.020833333333333332, ""republican"": 0.019867549668874173}"
vote,4,5,consensus,435,2.295918367346939,False,331 15 4 17 10 6 9,"{""democrat"": 0.02074688796680498, ""republican"": 0.026490066225165563}"
vote,4,6,consensus,435,1.530612244897959,False,319 27 7 16 10 7 6,"{""democrat"": 0.016597510373443983, ""republican"": 0.013245033112582781}"
vote,4,7,consensus,435,2.0408163265306123,False,326 21 3 21 10 3 8,"{""democrat"": 0.016597510373443983, ""republican"": 0.026490066225165563}"
vote,4,8,consensus,435,2.295918367346939,False,337 9 9 14 10 4 9,"{""democrat"": 0.025, ""republican"": 0.019736842105263157}"
vote,4,9,consensus,435,2.295918367346939,False,339 7 6 21 5 5 9,"{""democrat"": 0.020833333333333332, ""republican"": 0.02631578947368421}"
image-segmentation,0,0,consensus,2310,1.1063011063011063,False,1579 67 32 310 50 18 23,"{""BRICKFACE"": 0.003367003367003367, ""CEMENT"": 0.020202020202020204, ""FOLIAGE"": 0.026936026936026935, ""GRASS"": 0.006734006734006734, ""PATH"": 0.003367003367003367, ""SKY"": 0.0, ""WINDOW"": 0.016835016835016835}"
image-segmentation,0,1,consensus,2310,0.9139009139009139,False,1535 94 56 295 60 20 19,"{""BRICKFACE"": 0.003367003367003367, ""CEMENT"": 0.016835016835016835, ""FOLIAGE"": 0.016835016835016835, ""GRASS"": 0.006734006734006734, ""PATH"": 0.003367003367003367, ""SKY"": 0.0, ""WINDOW"": 0.016835016835016835}"
image-segmentation,0,2,consensus,2310,0.9139009139009139,False,1553 62 59 304 56 26 19,"{""BRICKFACE"": 0.010101010101010102, ""CEMENT"": 0.013468013468013467, ""FOLIAGE"": 0.020202020202020204, ""GRASS"": 0.006734006734006734, ""PATH"": 0.003367003367003367, ""SKY"": 0.0, ""WINDOW"": 0.010101010101010102}"
image-segmentation,0,3,consensus,2310,0.8658008658008658,False,1574 64 53 311 34 25 18,"{""BRICKFACE"": 0.003367003367003367, ""CEMENT"": 0.016835016835016835, ""FOLIAGE"": 0.020202020202020204, ""GRASS"": 0.003367003367003367, ""PATH"": 0.003367003367003367, ""SKY"": 0.0, ""WINDOW"": 0.013468013468013467}"
image-segmentation,0,4,consensus,2310,0.9139009139009139,False,1539 90 53 308 53 17 19,"{""BRICKFACE"": 0.003367003367003367, ""CEMENT"": 0.013468013468013467, ""FOLIAGE"": 0.030303030303030304, ""GRASS"": 0.003367003367003367, ""PATH"": 0.0, ""SKY"": 0.0, ""WINDOW"": 0.013468013468013467}"
image-segmentation,0,5,consensus,2310,0.9620009620009621,False,1561 68 46 320 49 15 20,"{""BRICKFACE"": 0.003367003367003367, ""CEMENT"": 0.016835016835016835, ""FOLIAGE"": 0.026936026936026935, ""GRASS"": 0.006734006734006734, ""PATH"": 0.0, ""SKY"": 0.0, ""WINDOW"": 0.013468013468013467}"
image-segmentation,0,6,consensus,2310,0.9139009139009139,False,1542 84 55 307 51 21 19,"{""BRICKFACE"": 0.006734006734006734, ""CEMENT"": 0.010101010101010102, ""FOLIAGE"": 0.030303030303030304, ""GRASS"": 0.006734006734006734, ""PATH"": 0.003367003367003367, ""SKY"": 0.0, ""WINDOW"": 0.006734006734006734}"
image-segmentation,0,7,consensus,2310,0.6734006734006733,False,1562 79 47 325 34 18 14,"{""BRICKFACE"": 0.003367003367003367, ""CEMENT"": 0.010101010101010102, ""FOLIAGE"": 0.020202020202020204, ""GRASS"": 0.003367003367003367, ""PATH"": 0.0, ""SKY"": 0.0, ""WINDOW"": 0.010101010101010102}"
image-segmentation,0,8,consensus,2310,0.9620009620009621,False,1549 85 49 313 44 19 20,"{""BRICKFACE"": 0.003367003367003367, ""CEMENT"": 0.013468013468013467, ""FOLIAGE"": 0.030303030303030304, ""GRASS"": 0.006734006734006734, ""PATH"": 0.0, ""SKY"": 0.0, ""WINDOW"": 0.013468013468013467}"
image-segmentation,0,9,consensus,2310,1.0582010582010581,False,1572 69 51 295 50 20 22,"{""BRICKFACE"": 0.003367003367003367, ""CEMENT"": 0.016835016835016835, ""FOLIAGE"": 0.026936026936026935, ""GRASS"": 0.010101010101010102, ""PATH"": 0.0, ""SKY"": 0.0, ""WINDOW"": 0.016835016835016835}"
image-segmentation,1,0,consensus,2310,0.9620009620009621,False,1544 78 47 325 48 17 20,"{""BRICKFACE"": 0.003367003367003367, ""CEMENT"": 0.013468013468013467, ""FOLIAGE"": 0.026936026936026935, ""GRASS"": 0.010101010101010102, ""PATH"": 0.003367003367003367, ""SKY"": 0.0, ""WINDOW"": 0.010101010101010102}"
image-segmentation,1,1,consensus,2310,0.7696007696007696,False,1554 66 48 326 51 18 16,"{""BRICKFACE"": 0.0, ""CEMENT"": 0.013468013468013467, ""FOLIAGE"": 0.013468013468013467, ""GRASS"": 0.010101010101010102, ""PATH"": 0.003367003367003367, ""SKY"": 0.0, ""WINDOW"": 0.013468013468013467}"
image-segmentation,1,2,consensus,2310,0.9139009139009139,False,1574 62 61 293 51 19 19,"{""BRICKFACE"": 0.003367003367003367, ""CEMENT"": 0.010101010101010102, ""FOLIAGE"": 0.026936026936026935, ""GRASS"": 0.006734006734006734, ""PATH"": 0.003367003367003367, ""SKY"": 0.0, ""WINDOW"": 0.013468013468013467}"
image-segmentation,1,3,consensus,2310,0.8177008177008177,False,1569 59 50 304 53 27 17,"{""BRICKFACE"": 0.006734006734006734, ""CEMENT"": 0.010101010101010102, ""FOLIAGE"": 0.020202020202020204, ""GRASS"": 0.006734006734006734, ""PATH"": 0.003367003367003367, ""SKY"": 0.0, ""WINDOW"": 0.010101010101010102}"
image-segmentation,1,4,consensus,2310,0.8658008658008658,False,1542 79 51 316 45 28 18,"{""BRICKFACE"": 0.003367003367003367, ""CEMENT"": 0.016835016835016835, ""FOLIAGE"": 0.020202020202020204, ""GRASS"": 0.003367003367003367, ""PATH"": 0.003367003367003367, ""SKY"": 0.0, ""WINDOW"": 0.013468013468013467}"
image-segmentation,1,5,consensus,2310,0.9139009139009139,False,1563 77 52 307 44 17 19,"{""BRICKFACE"": 0.003367003367003367, ""CEMENT"": 0.016835016835016835, ""FOLIAGE"": 0.030303030303030304, ""GRASS"": 0.003367003367003367, ""PATH"": 0.0, ""SKY"": 0.0, ""WINDOW"": 0.010101010101010102}"
image-segmentation,1,6,consensus,2310,0.8177008177008177,False,1546 84 33 325 49 25 17,"{""BRICKFACE"": 0.006734006734006734, ""CEMENT"": 0.013468013468013467, ""FOLIAGE"": 0.016835016835016835, ""GRASS"": 0.003367003367003367, ""PATH"": 0.003367003367003367, ""SKY"": 0.0, ""WINDOW"": 0.013468013468013467}"
image-segmentation,1,7,consensus,2310,0.9139009139009139,False,1559 80 40 317 45 19 19,"{""BRICKFACE"": 0.006734006734006734, ""CEMENT"": 0.016835016835016835, ""FOLIAGE"": 0.026936026936026935, ""GRASS"": 0.003367003367003367, ""PATH"": 0.0, ""SKY"": 0.0, ""WINDOW"": 0.010101010101010102}"
image-segmentation,1,8,consensus,2310,0.9620009620009621,False,1579 56 33 315 56 20 20,"{""BRICKFACE"": 0.003367003367003367, ""CEMENT"": 0.013468013468013467, ""FOLIAGE"": 0.026936026936026935, ""GRASS"": 0.010101010101010102, ""PATH"": 0.003367003367003367, ""SKY"": 0.0, ""WINDOW"": 0.010101010101010102}"
image-segmentation,1,9,consensus,2310,0.48100048100048104,False,1550 71 59 315 53 21 10,"{""BRICKFACE"": 0.0, ""CEMENT"": 0.013468013468013467, ""FOLIAGE"": 0.006734006734006734, ""GRASS"": 0.003367003367003367, ""PATH"": 0.0, ""SKY"": 0.0, ""WINDOW"": 0.010101010101010102}"
image-segmentation,2,0,consensus,2310,0.7215007215007215,False,1547 86 44 312 45 30 15,"{""BRICKFACE"": 0.003367003367003367, ""CEMENT"": 0.010101010101010102, ""FOLIAGE"": 0.016835016835016835, ""GRASS"": 0.003367003367003367, ""PATH"": 0.0, ""SKY"": 0.0, ""WINDOW"": 0.016835016835016835}"
image-segmentation,2,1,consensus,2310,0.9139009139009139,False,1556 76 53 327 33 15 19,"{""BRICKFACE"": 0.006734006734006734, ""CEMENT"": 0.010101010101010102, ""FOLIAGE"": 0.026936026936026935, ""GRASS"": 0.003367003367003367, ""PATH"": 0.0, ""SKY"": 0.0, ""WINDOW"": 0.016835016835016835}"
image-segmentation,2,2,consensus,2310,0.8177008177008177,False,1552 61 52 328 46 23 17,"{""BRICKFACE"": 0.003367003367003367, ""CEMENT"": 0.013468013468013467, ""FOLIAGE"": 0.026936026936026935, ""GRASS"": 0.003367003367003367, ""PATH"": 0.003367003367003367, ""SKY"": 0.0, ""WINDOW"": 0.006734006734006734}"
image-segmentation,2,3,consensus,2310,0.9139009139009139,False,1558 76 57 297 50 22 19,"{""BRICKFACE"": 0.003367003367003367, ""CEMENT"": 0.02356902356902357, ""FOLIAGE"": 0.02356902356902357, ""GRASS"": 0.003367003367003367, ""PATH"": 0.003367003367003367, ""SKY"": 0.0, ""WINDOW"": 0.006734006734006734}"
image-segmentation,2,4,consensus,2310,0.6253006253006254,False,1550 79 50 322 43 22 13,"{""BRICKFACE"": 0.003367003367003367, ""CEMENT"": 0.013468013468013467, ""FOLIAGE"": 0.020202020202020204, ""GRASS"": 0.003367003367003367, ""PATH"": 0.0, ""SKY"": 0.0, ""WINDOW"": 0.003367003367003367}"
image-segmentation,2,5,consensus,2310,0.8658008658008658,False,1558 76 55 303 45 24 18,"{""BRICKFACE"": 0.0, ""CEMENT"": 0.010101010101010102, ""FOLIAGE"": 0.026936026936026935, ""GRASS"": 0.010101010101010102, ""PATH"": 0.003367003367003367, ""SKY"": 0.0, ""WINDOW"": 0.010101010101010102}"
image-segmentation,2,6,consensus,2310,0.7215007215007215,False,1567 69 50 311 42 25 15,"{""BRICKFACE"": 0.003367003367003367, ""CEMENT"": 0.010101010101010102, ""FOLIAGE"": 0.02356902356902357, ""GRASS"": 0.0, ""PATH"": 0.0, ""SKY"": 0.0, ""WINDOW"": 0.013468013468013467}"
image-segmentation,2,7,consensus,2310,0.7215007215007215,False,1562 74 55 303 50 20 15,"{""BRICKFACE"": 0.003367003367003367, ""CEMENT"": 0.013468013468013467, ""FOLIAGE"": 0.013468013468013467, ""GRASS"": 0.010101010101010102, ""PATH"": 0.0, ""SKY"": 0.0, ""WINDOW"": 0.010101010101010102}"
image-segmentation,2,8,consensus,2310,0.7696007696007696,False,1564 60 59 315 46 19 16,"{""BRICKFACE"": 0.003367003367003367, ""CEMENT"": 0.006734006734006734, ""FOLIAGE"": 0.02356902356902357, ""GRASS"": 0.003367003367003367, ""PATH"": 0.006734006734006734, ""SKY"": 0.0, ""WINDOW"": 0.010101010101010102}"
image-segmentation,2,9,consensus,2310,0.8177008177008177,False,1559 73 51 323 37 19 17,"{""BRICKFACE"": 0.003367003367003367, ""CEMENT"": 0.013468013468013467, ""FOLIAGE"": 0.020202020202020204, ""GRASS"": 0.006734006734006734, ""PATH"": 0.0, ""SKY"": 0.0, ""WINDOW"": 0.013468013468013467}"
image-segmentation,3,0,consensus,2310,0.8177008177008177,False,1565 73 53 315 42 14 17,"{""BRICKFACE"": 0.003367003367003367, ""CEMENT"": 0.013468013468013467, ""FOLIAGE"": 0.016835016835016835, ""GRASS"": 0.006734006734006734, ""PATH"": 0.003367003367003367, ""SKY"": 0.0, ""WINDOW"": 0.013468013468013467}"
image-segmentation,3,1,consensus,2310,0.9139009139009139,False,1577 57 46 324 31 25 19,"{""BRICKFACE"": 0.006734006734006734, ""CEMENT"": 0.010101010101010102, ""FOLIAGE"": 0.026936026936026935, ""GRASS"": 0.010101010101010102, ""PATH"": 0.003367003367003367, ""SKY"": 0.0, ""WINDOW"": 0.006734006734006734}"
image-segmentation,3,2,consensus,2310,0.7215007215007215,False,1571 63 54 304 49 23 15,"{""BRICKFACE"": 0.003367003367003367, ""CEMENT"": 0.013468013468013467, ""FOLIAGE"": 0.016835016835016835, ""GRASS"": 0.006734006734006734, ""PATH"": 0.003367003367003367, ""SKY"": 0.0, ""WINDOW"": 0.006734006734006734}"
image-segmentation,3,3,consensus,2310,0.9620009620009621,False,1575 59 41 314 54 16 20,"{""BRICKFACE"": 0.003367003367003367, ""CEMENT"": 0.010101010101010102, ""FOLIAGE"": 0.026936026936026935, ""GRASS"": 0.006734006734006734, ""PATH"": 0.003367003367003367, ""SKY"": 0.0, ""WINDOW"": 0.016835016835016835}"
image-segmentation,3,4,consensus,2310,0.8658008658008658,False,1549 88 43 313 50 18 18,"{""BRICKFACE"": 0.006734006734006734, ""CEMENT"": 0.010101010101010102, ""FOLIAGE"": 0.03367003367003367, ""GRASS"": 0.003367003367003367, ""PATH"": 0.0, ""SKY"": 0.0, ""WINDOW"": 0.006734006734006734}"
image-segmentation,3,5,consensus,2310,0.6253006253006254,False,1557 70 48 314 50 27 13,"{""BRICKFACE"": 0.003367003367003367, ""CEMENT"": 0.010101010101010102, ""FOLIAGE"": 0.010101010101010102, ""GRASS"": 0.003367003367003367, ""PATH"": 0.0, ""SKY"": 0.0, ""WINDOW"": 0.016835016835016835}"
image-segmentation,3,6,consensus,2310,0.7215007215007215,False,1564 81 41 320 37 21 15,"{""BRICKFACE"": 0.003367003367003367, ""CEMENT"": 0.010101010101010102, ""FOLIAGE"": 0.02356902356902357, ""GRASS"": 0.003367003367003367, ""PATH"": 0.003367003367003367, ""SKY"": 0.0, ""WINDOW"": 0.006734006734006734}"
image-segmentation,3,7,consensus,2310,0.7215007215007215,False,1564 47 50 339 48 16 15,"{""BRICKFACE"": 0.0, ""CEMENT"": 0.006734006734006734, ""FOLIAGE"": 0.02356902356902357, ""GRASS"": 0.006734006734006734, ""PATH"": 0.003367003367003367, ""SKY"": 0.0, ""WINDOW"": 0.010101010101010102}"
image-segmentation,3,8,consensus,2310,0.9139009139009139,False,1562 64 59 311 42 22 19,"{""BRICKFACE"": 0.006734006734006734, ""CEMENT"": 0.013468013468013467, ""FOLIAGE"": 0.026936026936026935, ""GRASS"": 0.010101010101010102, ""PATH"": 0.0, ""SKY"": 0.0, ""WINDOW"": 0.006734006734006734}"
image-segmentation,3,9,consensus,2310,1.2987012987012987,False,1545 66 52 328 41 20 27,"{""BRICKFACE"": 0.010101010101010102, ""CEMENT"": 0.02356902356902357, ""FOLIAGE"": 0.030303030303030304, ""GRASS"": 0.010101010101010102, ""PATH"": 0.0, ""SKY"": 0.0, ""WINDOW"": 0.016835016835016835}"
image-segmentation,4,0,consensus,2310,0.6734006734006733,False,1554 73 55 301 56 26 14,"{""BRICKFACE"": 0.003367003367003367, ""CEMENT"": 0.016835016835016835, ""FOLIAGE"": 0.016835016835016835, ""GRASS"": 0.003367003367003367, ""PATH"": 0.0, ""SKY"": 0.0, ""WINDOW"": 0.006734006734006734}"
image-segmentation,4,1,consensus,2310,0.8177008177008177,False,1555 57 63 311 56 20 17,"{""BRICKFACE"": 0.003367003367003367, ""CEMENT"": 0.016835016835016835, ""FOLIAGE"": 0.010101010101010102, ""GRASS"": 0.003367003367003367, ""PATH"": 0.003367003367003367, ""SKY"": 0.0, ""WINDOW"": 0.020202020202020204}"
image-segmentation,4,2,consensus,2310,0.8658008658008658,False,1566 65 49 318 35 28 18,"{""BRICKFACE"": 0.003367003367003367, ""CEMENT"": 0.016835016835016835, ""FOLIAGE"": 0.016835016835016835, ""GRASS"": 0.003367003367003367, ""PATH"": 0.0, ""SKY"": 0.0, ""WINDOW"": 0.020202020202020204}"
image-segmentation,4,3,consensus,2310,0.8177008177008177,False,1569 72 44 311 47 19 17,"{""BRICKFACE"": 0.003367003367003367, ""CEMENT"": 0.013468013468013467, ""FOLIAGE"": 0.02356902356902357, ""GRASS"": 0.010101010101010102, ""PATH"": 0.0, ""SKY"": 0.0, ""WINDOW"": 0.006734006734006734}"
image-segmentation,4,4,consensus,2310,0.9620009620009621,False,1561 68 64 303 44 19 20,"{""BRICKFACE"": 0.003367003367003367, ""CEMENT"": 0.013468013468013467, ""FOLIAGE"": 0.030303030303030304, ""GRASS"": 0.006734006734006734, ""PATH"": 0.003367003367003367, ""SKY"": 0.0, ""WINDOW"": 0.010101010101010102}"
image-segmentation,4,5,consensus,2310,0.7215007215007215,False,1563 66 49 320 44 22 15,"{""BRICKFACE"": 0.006734006734006734, ""CEMENT"": 0.013468013468013467, ""FOLIAGE"": 0.020202020202020204, ""GRASS"": 0.003367003367003367, ""PATH"": 0.0, ""SKY"": 0.0, ""WINDOW"": 0.006734006734006734}"
image-segmentation,4,6,consensus,2310,0.7696007696007696,False,1565 79 63 292 43 21 16,"{""BRICKFACE"": 0.003367003367003367, ""CEMENT"": 0.010101010101010102, ""FOLIAGE"": 0.020202020202020204, ""GRASS"": 0.006734006734006734, ""PATH"": 0.003367003367003367, ""SKY"": 0.0, ""WINDOW"": 0.010101010101010102}"
image-segmentation,4,7,consensus,2310,0.9139009139009139,False,1561 64 51 329 33 22 19,"{""BRICKFACE"": 0.003367003367003367, ""CEMENT"": 0.013468013468013467, ""FOLIAGE"": 0.030303030303030304, ""GRASS"": 0.006734006734006734, ""PATH"": 0.0, ""SKY"": 0.0, ""WINDOW"": 0.010101010101010102}"
image-segmentation,4,8,consensus,2310,0.8658008658008658,False,1553 63 53 324 53 15 18,"{""BRICKFACE"": 0.003367003367003367, ""CEMENT"": 0.016835016835016835, ""FOLIAGE"": 0.026936026936026935, ""GRASS"": 0.006734006734006734, ""PATH"": 0.003367003367003367, ""SKY"": 0.0, ""WINDOW"": 0.003367003367003367}"
image-segmentation,4,9,consensus,2310,1.0582010582010581,False,1555 87 35 316 52 12 22,"{""BRICKFACE"": 0.013468013468013467, ""CEMENT"": 0.010101010101010102, ""FOLIAGE"": 0.02356902356902357, ""GRASS"": 0.006734006734006734, ""PATH"": 0.003367003367003367, ""SKY"": 0.0, ""WINDOW"": 0.016835016835016835}"
tic-tac-toe,0,0,consensus,958,0.6960556844547563,False,503 66 44 190 44 9 6,"{""negative"": 0.013377926421404682, ""positive"": 0.003552397868561279}"
tic-tac-toe,0,1,consensus,958,1.0440835266821344,False,504 76 46 166 48 13 9,"{""negative"": 0.026755852842809364, ""positive"": 0.0017761989342806395}"
tic-tac-toe,0,2,consensus,958,0.580046403712297,False,490 70 60 170 57 10 5,"{""negative"": 0.016722408026755852, ""positive"": 0.0}"
tic-tac-toe,0,3,consensus,958,0.34802784222737815,False,515 69 42 174 40 19 3,"{""negative"": 0.006688963210702341, ""positive"": 0.0017761989342806395}"
tic-tac-toe,0,4,consensus,958,0.46403712296983757,False,494 70 58 185 37 14 4,"{""negative"": 0.013377926421404682, ""positive"": 0.0}"
tic-tac-toe,0,5,consensus,958,0.34802784222737815,False,501 85 42 167 49 15 3,"{""negative"": 0.010033444816053512, ""positive"": 0.0}"
tic-tac-toe,0,6,consensus,958,0.8120649651972157,False,493 73 46 180 51 12 7,"{""negative"": 0.02348993288590604, ""positive"": 0.0}"
tic-tac-toe,0,7,consensus,958,0.6960556844547563,False,508 72 42 181 41 12 6,"{""negative"": 0.013422818791946308, ""positive"": 0.0035460992907801418}"
tic-tac-toe,0,8,consensus,958,0.8111239860950173,False,499 79 44 174 48 12 7,"{""negative"": 0.023411371237458192, ""positive"": 0.0}"
tic-tac-toe,0,9,consensus,958,0.4634994206257242,False,493 72 51 170 52 21 4,"{""negative"": 0.013377926421404682, ""positive"": 0.0}"
tic-tac-toe,1,0,consensus,958,0.6960556844547563,False,477 71 66 185 41 16 6,"{""negative"": 0.020066889632107024, ""positive"": 0.0}"
tic-tac-toe,1,1,consensus,958,0.34802784222737815,False,494 84 47 169 50 15 3,"{""negative"": 0.010033444816053512, ""positive"": 0.0}"
tic-tac-toe,1,2,consensus,958,0.580046403712297,False,500 71 47 170 52 17 5,"{""negative"": 0.016722408026755852, ""positive"": 0.0}"
tic-tac-toe,1,3,consensus,958,0.46403712296983757,False,491 75 41 188 47 16 4,"{""negative"": 0.013377926421404682, ""positive"": 0.0}"
tic-tac-toe,1,4,consensus,958,0.46403712296983757,False,501 69 45 181 47 15 4,"{""negative"": 0.010033444816053512, ""positive"": 0.0017761989342806395}"
tic-tac-toe,1,5,consensus,958,0.580046403712297,False,494 69 57 168 48 21 5,"{""negative"": 0.006688963210702341, ""positive"": 0.0053285968028419185}"
tic-tac-toe,1,6,consensus,958,0.8120649651972157,False,492 75 56 165 49 18 7,"{""negative"": 0.02348993288590604, ""positive"": 0.0}"
tic-tac-toe,1,7,consensus,958,0.46403712296983757,False,481 99 60 153 50 15 4,"{""negative"": 0.013422818791946308, ""positive"": 0.0}"
tic-tac-toe,1,8,consensus,958,0.2317497103128621,False,487 76 51 180 49 18 2,"{""negative"": 0.006688963210702341, ""positive"": 0.0}"
tic-tac-toe,1,9,consensus,958,0.8111239860950173,False,482 90 54 177 39 14 7,"{""negative"": 0.023411371237458192, ""positive"": 0.0}"
tic-tac-toe,2,0,consensus,958,0.580046403712297,False,486 78 51 171 48 23 5,"{""negative"": 0.013377926421404682, ""positive"": 0.0017761989342806395}"
tic-tac-toe,2,1,consensus,958,0.9280742459396751,False,506 71 54 156 56 11 8,"{""negative"": 0.023411371237458192, ""positive"": 0.0017761989342806395}"
tic-tac-toe,2,2,consensus,958,0.23201856148491878,False,480 88 52 166 50 24 2,"{""negative"": 0.006688963210702341, ""positive"": 0.0}"
tic-tac-toe,2,3,consensus,958,0.46403712296983757,False,488 83 56 169 46 16 4,"{""negative"": 0.010033444816053512, ""positive"": 0.0017761989342806395}"
tic-tac-toe,2,4,consensus,958,0.580046403712297,False,491 74 50 178 52 12 5,"{""negative"": 0.016722408026755852, ""positive"": 0.0}"
tic-tac-toe,2,5,consensus,958,0.23201856148491878,False,479 79 53 191 40 18 2,"{""negative"": 0.006688963210702341, ""positive"": 0.0}"
tic-tac-toe,2,6,consensus,958,0.8120649651972157,False,486 70 52 190 41 16 7,"{""negative"": 0.020134228187919462, ""positive"": 0.0017730496453900709}"
tic-tac-toe,2,7,consensus,958,1.0440835266821344,False,484 83 41 172 57 16 9,"{""negative"": 0.016778523489932886, ""positive"": 0.0070921985815602835}"
tic-tac-toe,2,8,consensus,958,0.9269988412514484,False,504 61 58 176 42 14 8,"{""negative"": 0.023411371237458192, ""positive"": 0.0017730496453900709}"
tic-tac-toe,2,9,consensus,958,0.34762456546929316,False,500 72 47 184 47 10 3,"{""negative"": 0.010033444816053512, ""positive"": 0.0}"
tic-tac-toe,3,0,consensus,958,0.34802784222737815,False,486 82 51 168 53 19 3,"{""negative"": 0.010033444816053512, ""positive"": 0.0}"
tic-tac-toe,3,1,consensus,958,0.9280742459396751,False,486 81 51 172 48 16 8,"{""negative"": 0.023411371237458192, ""positive"": 0.0017761989342806395}"
tic-tac-toe,3,2,consensus,958,0.8120649651972157,False,494 76 39 177 55 14 7,"{""negative"": 0.020066889632107024, ""positive"": 0.0017761989342806395}"
tic-tac-toe,3,3,consensus,958,0.46403712296983757,False,475 83 60 174 55 11 4,"{""negative"": 0.006688963210702341, ""positive"": 0.003552397868561279}"
tic-tac-toe,3,4,consensus,958,0.580046403712297,False,485 79 63 168 47 15 5,"{""negative"": 0.013377926421404682, ""positive"": 0.0017761989342806395}"
tic-tac-toe,3,5,consensus,958,0.46403712296983757,False,509 56 64 173 39 17 4,"{""negative"": 0.013377926421404682, ""positive"": 0.0}"
tic-tac-toe,3,6,consensus,958,0.8120649651972157,False,486 72 57 167 55 18 7,"{""negative"": 0.016778523489932886, ""positive"": 0.0035460992907801418}"
tic-tac-toe,3,7,consensus,958,0.9280742459396751,False,482 72 58 154 74 14 8,"{""negative"": 0.020134228187919462, ""positive"": 0.0035460992907801418}"
tic-tac-toe,3,8,consensus,958,1.1587485515643106,False,492 87 42 169 51 12 10,"{""negative"": 0.030100334448160536, ""positive"": 0.0017730496453900709}"
tic-tac-toe,3,9,consensus,958,0.4634994206257242,False,492 81 52 177 48 9 4,"{""negative"": 0.010033444816053512, ""positive"": 0.0017730496453900709}"
tic-tac-toe,4,0,consensus,958,0.8120649651972157,False,509 76 46 164 40 20 7,"{""negative"": 0.020066889632107024, ""positive"": 0.0017761989342806395}"
tic-tac-toe,4,1,consensus,958,0.46403712296983757,False,494 70 50 178 47 19 4,"{""negative"": 0.006688963210702341, ""positive"": 0.003552397868561279}"
tic-tac-toe,4,2,consensus,958,0.6960556844547563,False,501 69 51 182 41 12 6,"{""negative"": 0.016722408026755852, ""positive"": 0.0017761989342806395}"
tic-tac-toe,4,3,consensus,958,0.46403712296983757,False,498 57 61 189 35 18 4,"{""negative"": 0.006688963210702341, ""positive"": 0.003552397868561279}"
tic-tac-toe,4,4,consensus,958,0.34802784222737815,False,510 63 51 181 40 14 3,"{""negative"": 0.010033444816053512, ""positive"": 0.0}"
tic-tac-toe,4,5,consensus,958,0.580046403712297,False,486 81 62 163 46 19 5,"{""negative"": 0.016722408026755852, ""positive"": 0.0}"
tic-tac-toe,4,6,consensus,958,0.6960556844547563,False,490 84 42 178 54 8 6,"{""negative"": 0.016778523489932886, ""positive"": 0.0017730496453900709}"
tic-tac-toe,4,7,consensus,958,0.46403712296983757,False,500 72 54 169 51 12 4,"{""negative"": 0.013422818791946308, ""positive"": 0.0}"
tic-tac-toe,4,8,consensus,958,0.5793742757821553,False,508 62 53 176 43 16 5,"{""negative"": 0.010033444816053512, ""positive"": 0.0035460992907801418}"
tic-tac-toe,4,9,consensus,958,0.5793742757821553,False,489 79 51 174 45 20 5,"{""negative"": 0.016722408026755852, ""positive"": 0.0}"
nsl-kdd,0,0,consensus,25192,0.18966125617501767,False,16506 1089 1507 3454 44 29 43,"{""back"": 0.0, ""buffer_overflow"": 0.2, ""ftp_write"": 1.0, ""guess_passwd"": 0.0, ""imap"": 0.2, ""ipsweep"": 0.003129890453834116, ""land"": 1.0, ""multihop"": 1.0, ""neptune"": 0.0, ""nmap"": 0.0, ""normal"": 0.0009914077990746861, ""phf"": 0.5, ""pod"": 0.058823529411764705, ""portsweep"": 0.00945179584120983, ""rootkit"": 1.0, ""satan"": 0.00964630225080386, ""smurf"": 0.0, ""spy"": 1.0, ""teardrop"": 0.0, ""warezclient"": 0.012269938650306749, ""warezmaster"": 0.3333333333333333}"
nsl-kdd,0,1,consensus,25192,0.14555398729710656,False,17099 819 1212 3401 87 21 33,"{""back"": 0.0, ""buffer_overflow"": 0.2, ""ftp_write"": 1.0, ""guess_passwd"": 0.0, ""imap"": 0.0, ""ipsweep"": 0.0, ""land"": 1.0, ""loadmodule"": 1.0, ""multihop"": 1.0, ""neptune"": 0.0, ""nmap"": 0.007380073800738007, ""normal"": 0.0006609385327164573, ""phf"": 0.5, ""pod"": 0.0, ""portsweep"": 0.00945179584120983, ""rootkit"": 0.75, ""satan"": 0.00482315112540193, ""smurf"": 0.0, ""teardrop"": 0.0, ""warezclient"": 0.018518518518518517, ""warezmaster"": 0.3333333333333333}"
nsl-kdd,0,2,consensus,25192,0.14995809994266307,False,16656 991 1473 3404 86 29 34,"{""back"": 0.0, ""buffer_overflow"": 0.2, ""guess_passwd"": 0.0, ""imap"": 0.2, ""ipsweep"": 0.001564945226917058, ""land"": 1.0, ""loadmodule"": 1.0, ""multihop"": 1.0, ""neptune"": 0.0, ""nmap"": 0.0, ""normal"": 0.0005783212161269003, ""phf"": 0.5, ""pod"": 0.029411764705882353, ""portsweep"": 0.011363636363636364, ""rootkit"": 0.75, ""satan"": 0.006430868167202572, ""smurf"": 0.0, ""spy"": 1.0, ""teardrop"": 0.0, ""warezclient"": 0.012269938650306749, ""warezmaster"": 0.3333333333333333}"
nsl-kdd,0,3,consensus,25192,0.1631896969964275,False,16605 913 1428 3589 73 28 37,"{""back"": 0.005649717514124294, ""buffer_overflow"": 0.2, ""ftp_write"": 1.0, ""guess_passwd"": 0.0, ""imap"": 0.0, ""ipsweep"": 0.001564945226917058, ""land"": 1.0, ""loadmodule"": 1.0, ""multihop"": 1.0, ""neptune"": 0.0, ""nmap"": 0.0, ""normal"": 0.0010740251156642433, ""phf"": 1.0, ""pod"": 0.029411764705882353, ""portsweep"": 0.013257575757575758, ""rootkit"": 0.75, ""satan"": 0.001607717041800643, ""smurf"": 0.0, ""spy"": 1.0, ""teardrop"": 0.0, ""warezclient"": 0.006134969325153374, ""warezmaster"": 0.16666666666666666}"
nsl-kdd,0,4,consensus,25192,0.14995809994266307,False,16566 918 1381 3650 87 37 34,"{""back"": 0.0, ""buffer_overflow"": 0.6, ""ftp_write"": 1.0, ""guess_passwd"": 0.0, ""imap"": 0.4, ""ipsweep"": 0.001564945226917058, ""land"": 1.0, ""loadmodule"": 1.0, ""multihop"": 1.0, ""neptune"": 0.0, ""nmap"": 0.0, ""normal"": 0.0006609385327164573, ""phf"": 0.0, ""pod"": 0.0, ""portsweep"": 0.007575757575757576, ""rootkit"": 0.75, ""satan"": 0.008038585209003215, ""smurf"": 0.0, ""spy"": 1.0, ""teardrop"": 0.0, ""warezclient"": 0.006134969325153374, ""warezmaster"": 0.3333333333333333}"
nsl-kdd,0,5,consensus,25192,0.15436863229391787,False,17892 450 595 3591 77 33 35,"{""back"": 0.0, ""buffer_overflow"": 0.16666666666666666, ""ftp_write"": 1.0, ""guess_passwd"": 0.0, ""imap"": 0.25, ""ipsweep"": 0.001564945226917058, ""land"": 1.0, ""loadmodule"": 1.0, ""multihop"": 1.0, ""neptune"": 0.00026831231553528306, ""nmap"": 0.0, ""normal"": 0.0005783212161269003, ""phf"": 0.5, ""pod"": 0.0, ""portsweep"": 0.011363636363636364, ""rootkit"": 0.6666666666666666, ""satan"": 0.006430868167202572, ""smurf"": 0.0, ""spy"": 1.0, ""teardrop"": 0.0, ""warezclient"": 0.018404907975460124, ""warezmaster"": 0.16666666666666666}"
nsl-kdd,0,6,consensus,25192,0.15436863229391787,False,16508 960 1396 3673 57 44 35,"{""back"": 0.0, ""buffer_overflow"": 0.0, ""ftp_write"": 1.0, ""guess_passwd"": 0.0, ""imap"": 0.5, ""ipsweep"": 0.001564945226917058, ""land"": 1.0, ""loadmodule"": 1.0, ""multihop"": 1.0, ""neptune"": 0.0, ""nmap"": 0.0, ""normal"": 0.0009087904824851289, ""phf"": 1.0, ""pod"": 0.0, ""portsweep"": 0.011363636363636364, ""rootkit"": 1.0, ""satan"": 0.001607717041800643, ""smurf"": 0.0, ""spy"": 1.0, ""teardrop"": 0.0, ""warezclient"": 0.006134969325153374, ""warezmaster"": 0.3333333333333333}"
nsl-kdd,0,7,consensus,25192,0.13672650288889868,False,16407 1118 1456 3544 78 39 31,"{""back"": 0.0, ""buffer_overflow"": 0.3333333333333333, ""ftp_write"": 1.0, ""guess_passwd"": 0.0, ""imap"": 0.25, ""ipsweep"": 0.004694835680751174, ""land"": 1.0, ""loadmodule"": 1.0, ""multihop"": 1.0, ""neptune"": 0.0, ""nmap"": 0.0, ""normal"": 0.0004957038995373431, ""phf"": 1.0, ""pod"": 0.0, ""portsweep"": 0.007575757575757576, ""rootkit"": 1.0, ""satan"": 0.00482315112540193, ""smurf"": 0.0, ""spy"": 1.0, ""teardrop"": 0.0, ""warezclient"": 0.0, ""warezmaster"": 0.2857142857142857}"
nsl-kdd,0,8,consensus,25192,0.15436863229391787,False,16504 1037 1474 3533 60 30 35,"{""back"": 0.0, ""buffer_overflow"": 0.3333333333333333, ""ftp_write"": 1.0, ""guess_passwd"": 0.0, ""imap"": 0.25, ""ipsweep"": 0.001564945226917058, ""land"": 1.0, ""loadmodule"": 1.0, ""multihop"": 1.0, ""neptune"": 0.00013415615776764153, ""nmap"": 0.0, ""normal"": 0.0008261731658955717, ""phf"": 1.0, ""pod"": 0.0, ""portsweep"": 0.00946969696969697, ""rootkit"": 0.6666666666666666, ""satan"": 0.00644122383252818, ""smurf"": 0.0, ""spy"": 1.0, ""teardrop"": 0.0, ""warezclient"": 0.0, ""warezmaster"": 0.2857142857142857}"
nsl-kdd,0,9,consensus,25192,0.1631896969964275,False,16534 1034 1485 3479 74 30 37,"{""back"": 0.0, ""buffer_overflow"": 0.2, ""ftp_write"": 1.0, ""guess_passwd"": 0.0, ""imap"": 0.0, ""ipsweep"": 0.001564945226917058, ""loadmodule"": 1.0, ""multihop"": 1.0, ""neptune"": 0.0, ""nmap"": 0.0, ""normal"": 0.0009913258983890955, ""phf"": 1.0, ""pod"": 0.0, ""portsweep"": 0.00945179584120983, ""rootkit"": 0.75, ""satan"": 0.008038585209003215, ""smurf"": 0.0, ""spy"": 1.0, ""teardrop"": 0.0, ""warezclient"": 0.006134969325153374, ""warezmaster"": 0.2857142857142857}"
nsl-kdd,1,0,consensus,25192,0.14996471418489768,False,18021 470 608 3432 71 36 34,"{""back"": 0.005681818181818182, ""buffer_overflow"": 0.2, ""ftp_write"": 1.0, ""guess_passwd"": 0.0, ""imap"": 0.2, ""ipsweep"": 0.001564945226917058, ""land"": 1.0, ""multihop"": 1.0, ""neptune"": 0.0001341741580571582, ""nmap"": 0.0, ""normal"": 0.0005783212161269003, ""phf"": 0.5, ""pod"": 0.0, ""portsweep"": 0.011342155009451797, ""rootkit"": 0.75, ""satan"": 0.006430868167202572, ""smurf"": 0.0, ""spy"": 1.0, ""teardrop"": 0.0, ""warezclient"": 0.012269938650306749, ""warezmaster"": 0.16666666666666666}"
nsl-kdd,1,1,consensus,25192,0.163196894848271,False,16410 1083 1384 3654 61 43 37,"{""back"": 0.005681818181818182, ""buffer_overflow"": 0.4, ""ftp_write"": 1.0, ""guess_passwd"": 0.0, ""imap"": 0.0, ""ipsweep"": 0.003129890453834116, ""land"": 1.0, ""loadmodule"": 1.0, ""multihop"": 1.0, ""neptune"": 0.0, ""nmap"": 0.0, ""normal"": 0.0006609385327164573, ""phf"": 0.5, ""pod"": 0.0, ""portsweep"": 0.013232514177693762, ""rootkit"": 0.75, ""satan"": 0.006430868167202572, ""smurf"": 0.0, ""teardrop"": 0.0, ""warezclient"": 0.012345679012345678, ""warezmaster"": 0.3333333333333333}"
nsl-kdd,1,2,consensus,25192,0.15877916464517267,False,16442 1072 1462 3547 84 30 36,"{""back"": 0.0, ""buffer_overflow"": 0.2, ""guess_passwd"": 0.0, ""imap"": 0.2, ""ipsweep"": 0.001564945226917058, ""land"": 1.0, ""loadmodule"": 1.0, ""multihop"": 1.0, ""neptune"": 0.0, ""nmap"": 0.0, ""normal"": 0.0009914077990746861, ""phf"": 0.5, ""pod"": 0.0, ""portsweep"": 0.00946969696969697, ""rootkit"": 1.0, ""satan"": 0.00482315112540193, ""smurf"": 0.0, ""spy"": 1.0, ""teardrop"": 0.0, ""warezclient"": 0.006134969325153374, ""warezmaster"": 0.3333333333333333}"
nsl-kdd,1,3,consensus,25192,0.18083182640144665,False,16494 1027 1349 3678 52 32 41,"{""back"": 0.005649717514124294, ""buffer_overflow"": 0.6, ""ftp_write"": 1.0, ""guess_passwd"": 0.0, ""imap"": 0.0, ""ipsweep"": 0.001564945226917058, ""land"": 1.0, ""loadmodule"": 1.0, ""multihop"": 1.0, ""neptune"": 0.0, ""nmap"": 0.0, ""normal"": 0.0011566424322538005, ""phf"": 1.0, ""pod"": 0.029411764705882353, ""portsweep"": 0.00946969696969697, ""rootkit"": 0.75, ""satan"": 0.003215434083601286, ""smurf"": 0.0, ""spy"": 1.0, ""teardrop"": 0.0, ""warezclient"": 0.018404907975460124, ""warezmaster"": 0.16666666666666666}"
nsl-kdd,1,4,consensus,25192,0.15436863229391787,False,16519 1087 1544 3368 88 32 35,"{""back"": 0.0, ""buffer_overflow"": 0.4, ""ftp_write"": 1.0, ""guess_passwd"": 0.0, ""imap"": 0.4, ""ipsweep"": 0.001564945226917058, ""land"": 1.0, ""loadmodule"": 1.0, ""multihop"": 1.0, ""neptune"": 0.0, ""nmap"": 0.0, ""normal"": 0.0006609385327164573, ""phf"": 0.5, ""pod"": 0.0, ""portsweep"": 0.013257575757575758, ""rootkit"": 0.75, ""satan"": 0.003215434083601286, ""smurf"": 0.0, ""spy"": 1.0, ""teardrop"": 0.0, ""warezclient"": 0.012269938650306749, ""warezmaster"": 0.3333333333333333}"
nsl-kdd,1,5,consensus,25192,0.14995809994266307,False,16668 941 1531 3397 73 29 34,"{""back"": 0.0, ""buffer_overflow"": 0.0, ""ftp_write"": 1.0, ""guess_passwd"": 0.0, ""imap"": 0.25, ""ipsweep"": 0.001564945226917058, ""land"": 1.0, ""loadmodule"": 1.0, ""multihop"": 1.0, ""neptune"": 0.0, ""nmap"": 0.0, ""normal"": 0.0005783212161269003, ""phf"": 0.5, ""pod"": 0.029411764705882353, ""portsweep"": 0.00946969696969697, ""rootkit"": 0.6666666666666666, ""satan"": 0.008038585209003215, ""smurf"": 0.0, ""spy"": 1.0, ""teardrop"": 0.0, ""warezclient"": 0.018404907975460124, ""warezmaster"": 0.3333333333333333}"
nsl-kdd,1,6,consensus,25192,0.15436863229391787,False,16552 1017 1473 3477 89 30 35,"{""back"": 0.0, ""buffer_overflow"": 0.3333333333333333, ""ftp_write"": 1.0, ""guess_passwd"": 0.0, ""imap"": 0.5, ""ipsweep"": 0.003129890453834116, ""land"": 1.0, ""loadmodule"": 1.0, ""multihop"": 1.0, ""neptune"": 0.0, ""nmap"": 0.0, ""normal"": 0.0007435558493060145, ""phf"": 0.5, ""pod"": 0.0, ""portsweep"": 0.007575757575757576, ""rootkit"": 0.6666666666666666, ""satan"": 0.006430868167202572, ""smurf"": 0.0, ""spy"": 1.0, ""teardrop"": 0.0, ""warezclient"": 0.006134969325153374, ""warezmaster"": 0.3333333333333333}"
nsl-kdd,1,7,consensus,25192,0.13672650288889868,False,16506 1010 1362 3641 93 30 31,"{""back"": 0.0, ""buffer_overflow"": 0.3333333333333333, ""ftp_write"": 1.0, ""guess_passwd"": 0.0, ""imap"": 0.25, ""ipsweep"": 0.003129890453834116, ""land"": 1.0, ""loadmodule"": 1.0, ""multihop"": 1.0, ""neptune"": 0.0, ""nmap"": 0.0, ""normal"": 0.0005783212161269003, ""phf"": 1.0, ""pod"": 0.0, ""portsweep"": 0.007575757575757576, ""rootkit"": 1.0, ""satan"": 0.00482315112540193, ""smurf"": 0.0, ""spy"": 1.0, ""teardrop"": 0.0, ""warezclient"": 0.0, ""warezmaster"": 0.2857142857142857}"
nsl-kdd,1,8,consensus,25192,0.16760022934768226,False,17073 838 1159 3476 65 24 38,"{""back"": 0.0, ""buffer_overflow"": 0.3333333333333333, ""ftp_write"": 1.0, ""guess_passwd"": 0.0, ""imap"": 0.0, ""ipsweep"": 0.0, ""land"": 1.0, ""loadmodule"": 1.0, ""multihop"": 1.0, ""neptune"": 0.0, ""nmap"": 0.0036900369003690036, ""normal"": 0.0009914077990746861, ""phf"": 1.0, ""pod"": 0.0, ""portsweep"": 0.013257575757575758, ""rootkit"": 1.0, ""satan"": 0.004830917874396135, ""smurf"": 0.0, ""spy"": 1.0, ""teardrop"": 0.0, ""warezclient"": 0.006134969325153374, ""warezmaster"": 0.2857142857142857}"
nsl-kdd,1,9,consensus,25192,0.17201076169893706,False,16473 1029 1367 3651 80 34 39,"{""back"": 0.0, ""buffer_overflow"": 0.2, ""ftp_write"": 1.0, ""guess_passwd"": 0.0, ""imap"": 0.5, ""ipsweep"": 0.003129890453834116, ""loadmodule"": 1.0, ""multihop"": 1.0, ""neptune"": 0.0, ""nmap"": 0.0, ""normal"": 0.0004956629491945477, ""phf"": 1.0, ""pod"": 0.0, ""portsweep"": 0.007561436672967864, ""rootkit"": 1.0, ""satan"": 0.014469453376205787, ""smurf"": 0.0, ""spy"": 1.0, ""teardrop"": 0.0, ""warezclient"": 0.012269938650306749, ""warezmaster"": 0.2857142857142857}"
nsl-kdd,2,0,consensus,25192,0.14114326040931546,False,16531 1105 1459 3435 74 36 32,"{""back"": 0.005681818181818182, ""buffer_overflow"": 0.2, ""ftp_write"": 1.0, ""guess_passwd"": 0.0, ""imap"": 0.2, ""ipsweep"": 0.003129890453834116, ""land"": 1.0, ""multihop"": 1.0, ""neptune"": 0.0, ""nmap"": 0.0, ""normal"": 0.0006609385327164573, ""phf"": 1.0, ""pod"": 0.0, ""portsweep"": 0.007561436672967864, ""rootkit"": 0.75, ""satan"": 0.003215434083601286, ""smurf"": 0.0, ""spy"": 1.0, ""teardrop"": 0.0, ""warezclient"": 0.012269938650306749, ""warezmaster"": 0.16666666666666666}"
nsl-kdd,2,1,consensus,25192,0.14996471418489768,False,16509 1064 1585 3359 95 26 34,"{""back"": 0.005681818181818182, ""buffer_overflow"": 0.2, ""ftp_write"": 1.0, ""guess_passwd"": 0.0, ""imap"": 0.0, ""ipsweep"": 0.001564945226917058, ""land"": 1.0, ""loadmodule"": 1.0, ""multihop"": 1.0, ""neptune"": 0.0, ""nmap"": 0.0, ""normal"": 0.0006609385327164573, ""phf"": 0.5, ""pod"": 0.0, ""portsweep"": 0.00945179584120983, ""rootkit"": 0.75, ""satan"": 0.006430868167202572, ""smurf"": 0.0, ""teardrop"": 0.0, ""warezclient"": 0.018518518518518517, ""warezmaster"": 0.3333333333333333}"
nsl-kdd,2,2,consensus,25192,0.14995809994266307,False,16427 1084 1400 3615 79 34 34,"{""back"": 0.005649717514124294, ""buffer_overflow"": 0.4, ""guess_passwd"": 0.0, ""imap"": 0.2, ""ipsweep"": 0.001564945226917058, ""land"": 1.0, ""loadmodule"": 1.0, ""multihop"": 1.0, ""neptune"": 0.0, ""nmap"": 0.0, ""normal"": 0.0008261731658955717, ""phf"": 1.0, ""pod"": 0.0, ""portsweep"": 0.007575757575757576, ""rootkit"": 0.75, ""satan"": 0.003215434083601286, ""smurf"": 0.0, ""spy"": 1.0, ""teardrop"": 0.0, ""warezclient"": 0.006134969325153374, ""warezmaster"": 0.3333333333333333}"
nsl-kdd,2,3,consensus,25192,0.15877916464517267,False,16588 1054 1391 3497 70 37 36,"{""back"": 0.005649717514124294, ""buffer_overflow"": 0.4, ""ftp_write"": 1.0, ""guess_passwd"": 0.0, ""imap"": 0.0, ""ipsweep"": 0.001564945226917058, ""land"": 1.0, ""loadmodule"": 1.0, ""multihop"": 1.0, ""neptune"": 0.0, ""nmap"": 0.0, ""normal"": 0.0007435558493060145, ""phf"": 1.0, ""pod"": 0.0, ""portsweep"": 0.011363636363636364, ""rootkit"": 0.75, ""satan"": 0.003215434083601286, ""smurf"": 0.0, ""spy"": 1.0, ""teardrop"": 0.0, ""warezclient"": 0.024539877300613498, ""warezmaster"": 0.16666666666666666}"
nsl-kdd,2,4,consensus,25192,0.16760022934768226,False,17126 768 1112 3524 73 32 38,"{""back"": 0.0, ""buffer_overflow"": 0.4, ""ftp_write"": 1.0, ""guess_passwd"": 0.0, ""imap"": 0.2, ""ipsweep"": 0.0, ""land"": 1.0, ""loadmodule"": 1.0, ""multihop"": 1.0, ""neptune"": 0.0, ""nmap"": 0.01107011070110701, ""normal"": 0.0008261731658955717, ""phf"": 1.0, ""pod"": 0.0, ""portsweep"": 0.007575757575757576, ""rootkit"": 0.75, ""satan"": 0.00482315112540193, ""smurf"": 0.0, ""spy"": 1.0, ""teardrop"": 0.0, ""warezclient"": 0.018404907975460124, ""warezmaster"": 0.3333333333333333}"
nsl-kdd,2,5,consensus,25192,0.1631896969964275,False,17866 545 661 3450 79 35 37,"{""back"": 0.005649717514124294, ""buffer_overflow"": 0.3333333333333333, ""ftp_write"": 1.0, ""guess_passwd"": 0.0, ""imap"": 0.0, ""ipsweep"": 0.003129890453834116, ""land"": 1.0, ""loadmodule"": 1.0, ""multihop"": 1.0, ""neptune"": 0.00013415615776764153, ""nmap"": 0.0, ""normal"": 0.0007435558493060145, ""phf"": 1.0, ""pod"": 0.0, ""portsweep"": 0.005681818181818182, ""rootkit"": 0.6666666666666666, ""satan"": 0.00964630225080386, ""smurf"": 0.0, ""spy"": 1.0, ""teardrop"": 0.0, ""warezclient"": 0.006134969325153374, ""warezmaster"": 0.3333333333333333}"
nsl-kdd,2,6,consensus,25192,0.15877916464517267,False,16550 1039 1449 3503 64 32 36,"{""back"": 0.0, ""buffer_overflow"": 0.16666666666666666, ""ftp_write"": 1.0, ""guess_passwd"": 0.0, ""imap"": 0.5, ""ipsweep"": 0.001564945226917058, ""land"": 1.0, ""loadmodule"": 1.0, ""multihop"": 1.0, ""neptune"": 0.0, ""nmap"": 0.0, ""normal"": 0.0008261731658955717, ""phf"": 0.5, ""pod"": 0.0, ""portsweep"": 0.011363636363636364, ""rootkit"": 1.0, ""satan"": 0.003215434083601286, ""smurf"": 0.0, ""spy"": 1.0, ""teardrop"": 0.0, ""warezclient"": 0.012269938650306749, ""warezmaster"": 0.3333333333333333}"
nsl-kdd,2,7,consensus,25192,0.15877916464517267,False,16448 1095 1436 3560 75 23 36,"{""back"": 0.0, ""buffer_overflow"": 0.16666666666666666, ""ftp_write"": 1.0, ""guess_passwd"": 0.0, ""imap"": 0.5, ""ipsweep"": 0.003129890453834116, ""land"": 1.0, ""loadmodule"": 1.0, ""multihop"": 1.0, ""neptune"": 0.0, ""nmap"": 0.0, ""normal"": 0.0009087904824851289, ""phf"": 1.0, ""pod"": 0.0, ""portsweep"": 0.011363636363636364, ""rootkit"": 0.6666666666666666, ""satan"": 0.003215434083601286, ""smurf"": 0.0, ""spy"": 1.0, ""teardrop"": 0.0, ""warezclient"": 0.006134969325153374, ""warezmaster"": 0.2857142857142857}"
nsl-kdd,2,8,consensus,25192,0.14995809994266307,False,16516 1017 1449 3550 80 27 34,"{""back"": 0.005681818181818182, ""buffer_overflow"": 0.3333333333333333, ""ftp_write"": 1.0, ""guess_passwd"": 0.0, ""imap"": 0.25, ""ipsweep"": 0.001564945226917058, ""land"": 1.0, ""loadmodule"": 1.0, ""multihop"": 1.0, ""neptune"": 0.0, ""nmap"": 0.0, ""normal"": 0.0006609385327164573, ""phf"": 1.0, ""pod"": 0.0, ""portsweep"": 0.013257575757575758, ""rootkit"": 0.6666666666666666, ""satan"": 0.004830917874396135, ""smurf"": 0.0, ""spy"": 1.0, ""teardrop"": 0.0, ""warezclient"": 0.0, ""warezmaster"": 0.2857142857142857}"
nsl-kdd,2,9,consensus,25192,0.12790543818638908,False,16513 982 1472 3574 74 29 29,"{""back"": 0.0, ""buffer_overflow"": 0.2, ""ftp_write"": 1.0, ""guess_passwd"": 0.0, ""imap"": 0.25, ""ipsweep"": 0.001564945226917058, ""loadmodule"": 1.0, ""multihop"": 1.0, ""neptune"": 0.0, ""nmap"": 0.0, ""normal"": 0.0004956629491945477, ""phf"": 1.0, ""pod"": 0.0, ""portsweep"": 0.003780718336483932, ""rootkit"": 1.0, ""satan"": 0.006430868167202572, ""smurf"": 0.0, ""spy"": 1.0, ""teardrop"": 0.0, ""warezclient"": 0.006134969325153374, ""warezmaster"": 0.2857142857142857}"
nsl-kdd,3,0,consensus,25192,0.163196894848271,False,16488 1017 1473 3560 65 32 37,"{""back"": 0.0, ""buffer_overflow"": 0.4, ""ftp_write"": 1.0, ""guess_passwd"": 0.0, ""imap"": 0.2, ""ipsweep"": 0.001564945226917058, ""land"": 1.0, ""multihop"": 1.0, ""neptune"": 0.0, ""nmap"": 0.0, ""normal"": 0.0010740251156642433, ""phf"": 1.0, ""pod"": 0.0, ""portsweep"": 0.00945179584120983, ""rootkit"": 0.75, ""satan"": 0.00482315112540193, ""smurf"": 0.0, ""spy"": 1.0, ""teardrop"": 0.0, ""warezclient"": 0.0, ""warezmaster"": 0.3333333333333333}"
nsl-kdd,3,1,consensus,25192,0.14555398729710656,False,16528 981 1431 3593 69 37 33,"{""back"": 0.005681818181818182, ""buffer_overflow"": 0.2, ""ftp_write"": 1.0, ""guess_passwd"": 0.0, ""imap"": 0.0, ""ipsweep"": 0.003129890453834116, ""land"": 1.0, ""loadmodule"": 1.0, ""multihop"": 1.0, ""neptune"": 0.0, ""nmap"": 0.0, ""normal"": 0.0005783212161269003, ""phf"": 0.5, ""pod"": 0.029411764705882353, ""portsweep"": 0.013232514177693762, ""rootkit"": 0.75, ""satan"": 0.003215434083601286, ""smurf"": 0.0, ""teardrop"": 0.0, ""warezclient"": 0.006172839506172839, ""warezmaster"": 0.3333333333333333}"
nsl-kdd,3,2,consensus,25192,0.16760022934768226,False,16557 996 1478 3513 66 25 38,"{""back"": 0.005649717514124294, ""buffer_overflow"": 0.2, ""guess_passwd"": 0.0, ""imap"": 0.0, ""ipsweep"": 0.003129890453834116, ""land"": 1.0, ""loadmodule"": 1.0, ""multihop"": 1.0, ""neptune"": 0.0, ""nmap"": 0.0, ""normal"": 0.0009087904824851289, ""phf"": 1.0, ""pod"": 0.0, ""portsweep"": 0.00946969696969697, ""rootkit"": 0.75, ""satan"": 0.008038585209003215, ""smurf"": 0.0, ""spy"": 1.0, ""teardrop"": 0.0, ""warezclient"": 0.006134969325153374, ""warezmaster"": 0.3333333333333333}"
nsl-kdd,3,3,consensus,25192,0.15877916464517267,False,16538 1011 1526 3447 88 27 36,"{""back"": 0.0, ""buffer_overflow"": 0.6, ""ftp_write"": 1.0, ""guess_passwd"": 0.0, ""imap"": 0.0, ""ipsweep"": 0.003129890453834116, ""land"": 1.0, ""loadmodule"": 1.0, ""multihop"": 1.0, ""neptune"": 0.0, ""nmap"": 0.0, ""normal"": 0.0007435558493060145, ""phf"": 1.0, ""pod"": 0.0, ""portsweep"": 0.00946969696969697, ""rootkit"": 1.0, ""satan"": 0.00482315112540193, ""smurf"": 0.0, ""spy"": 1.0, ""teardrop"": 0.0, ""warezclient"": 0.006134969325153374, ""warezmaster"": 0.3333333333333333}"
nsl-kdd,3,4,consensus,25192,0.15877916464517267,False,18133 452 578 3360 83 31 36,"{""back"": 0.005649717514124294, ""buffer_overflow"": 0.2, ""ftp_write"": 1.0, ""guess_passwd"": 0.0, ""imap"": 0.2, ""ipsweep"": 0.003129890453834116, ""land"": 1.0, ""loadmodule"": 1.0, ""multihop"": 1.0, ""neptune"": 0.0, ""nmap"": 0.0, ""normal"": 0.0005783212161269003, ""phf"": 0.5, ""pod"": 0.029411764705882353, ""portsweep"": 0.00946969696969697, ""rootkit"": 0.75, ""satan"": 0.00964630225080386, ""smurf"": 0.0, ""spy"": 1.0, ""teardrop"": 0.0, ""warezclient"": 0.012269938650306749, ""warezmaster"": 0.16666666666666666}"
nsl-kdd,3,5,consensus,25192,0.18965289110395625,False,16523 1045 1388 3566 68 40 43,"{""back"": 0.0, ""buffer_overflow"": 0.3333333333333333, ""ftp_write"": 1.0, ""guess_passwd"": 0.0, ""imap"": 0.25, ""ipsweep"": 0.003129890453834116, ""land"": 1.0, ""loadmodule"": 1.0, ""multihop"": 1.0, ""neptune"": 0.0, ""nmap"": 0.0, ""normal"": 0.0010740251156642433, ""phf"": 1.0, ""pod"": 0.058823529411764705, ""portsweep"": 0.00946969696969697, ""rootkit"": 0.6666666666666666, ""satan"": 0.006430868167202572, ""smurf"": 0.0, ""spy"": 1.0, ""teardrop"": 0.0, ""warezclient"": 0.012269938650306749, ""warezmaster"": 0.3333333333333333}"
nsl-kdd,3,6,consensus,25192,0.15436863229391787,False,16450 1104 1558 3425 74 27 35,"{""back"": 0.0, ""buffer_overflow"": 0.16666666666666666, ""ftp_write"": 1.0, ""guess_passwd"": 0.0, ""imap"": 0.25, ""ipsweep"": 0.001564945226917058, ""land"": 1.0, ""loadmodule"": 1.0, ""multihop"": 1.0, ""neptune"": 0.0, ""nmap"": 0.0, ""normal"": 0.0009087904824851289, ""phf"": 0.5, ""pod"": 0.0, ""portsweep"": 0.013257575757575758, ""rootkit"": 1.0, ""satan"": 0.003215434083601286, ""smurf"": 0.0, ""spy"": 1.0, ""teardrop"": 0.0, ""warezclient"": 0.006134969325153374, ""warezmaster"": 0.16666666666666666}"
nsl-kdd,3,7,consensus,25192,0.18083182640144665,False,16528 999 1313 3694 66 32 41,"{""back"": 0.0, ""buffer_overflow"": 0.3333333333333333, ""ftp_write"": 1.0, ""guess_passwd"": 0.0, ""imap"": 0.5, ""ipsweep"": 0.003129890453834116, ""land"": 1.0, ""loadmodule"": 1.0, ""multihop"": 1.0, ""neptune"": 0.0, ""nmap"": 0.0, ""normal"": 0.0009914077990746861, ""phf"": 1.0, ""pod"": 0.0, ""portsweep"": 0.00946969696969697, ""rootkit"": 1.0, ""satan"": 0.008038585209003215, ""smurf"": 0.0, ""spy"": 1.0, ""teardrop"": 0.0, ""warezclient"": 0.006134969325153374, ""warezmaster"": 0.2857142857142857}"
nsl-kdd,3,8,consensus,25192,0.1631896969964275,False,16557 961 1455 3560 76 27 37,"{""back"": 0.0, ""buffer_overflow"": 0.16666666666666666, ""ftp_write"": 1.0, ""guess_passwd"": 0.0, ""imap"": 0.25, ""ipsweep"": 0.003129890453834116, ""land"": 1.0, ""loadmodule"": 1.0, ""multihop"": 1.0, ""neptune"": 0.0, ""nmap"": 0.0, ""normal"": 0.0008261731658955717, ""phf"": 1.0, ""pod"": 0.058823529411764705, ""portsweep"": 0.00946969696969697, ""rootkit"": 0.6666666666666666, ""satan"": 0.00644122383252818, ""smurf"": 0.0, ""spy"": 1.0, ""teardrop"": 0.0, ""warezclient"": 0.006134969325153374, ""warezmaster"": 0.2857142857142857}"
nsl-kdd,3,9,consensus,25192,0.1631896969964275,False,17068 837 1168 3457 75 31 37,"{""back"": 0.0, ""buffer_overflow"": 0.2, ""ftp_write"": 1.0, ""guess_passwd"": 0.0, ""imap"": 0.5, ""ipsweep"": 0.0, ""loadmodule"": 1.0, ""multihop"": 1.0, ""neptune"": 0.0, ""nmap"": 0.007380073800738007, ""normal"": 0.0008261049153242462, ""phf"": 1.0, ""pod"": 0.0, ""portsweep"": 0.011342155009451797, ""rootkit"": 0.75, ""satan"": 0.00482315112540193, ""smurf"": 0.0, ""spy"": 1.0, ""teardrop"": 0.0, ""warezclient"": 0.006134969325153374, ""warezmaster"": 0.2857142857142857}"
nsl-kdd,4,0,consensus,25192,0.14114326040931546,False,16511 1015 1450 3561 72 31 32,"{""back"": 0.0, ""buffer_overflow"": 0.4, ""ftp_write"": 1.0, ""guess_passwd"": 0.0, ""imap"": 0.0, ""ipsweep"": 0.003129890453834116, ""land"": 1.0, ""multihop"": 1.0, ""neptune"": 0.0, ""nmap"": 0.0, ""normal"": 0.0006609385327164573, ""phf"": 0.5, ""pod"": 0.029411764705882353, ""portsweep"": 0.007561436672967864, ""rootkit"": 0.75, ""satan"": 0.00482315112540193, ""smurf"": 0.0, ""spy"": 1.0, ""teardrop"": 0.0, ""warezclient"": 0.006134969325153374, ""warezmaster"": 0.3333333333333333}"
nsl-kdd,4,1,consensus,25192,0.14555398729710656,False,17897 539 619 3468 81 35 33,"{""back"": 0.005681818181818182, ""buffer_overflow"": 0.2, ""ftp_write"": 1.0, ""guess_passwd"": 0.0, ""imap"": 0.2, ""ipsweep"": 0.003129890453834116, ""land"": 1.0, ""loadmodule"": 1.0, ""multihop"": 1.0, ""neptune"": 0.00026831231553528306, ""nmap"": 0.0, ""normal"": 0.0005783212161269003, ""phf"": 1.0, ""pod"": 0.0, ""portsweep"": 0.007561436672967864, ""rootkit"": 0.75, ""satan"": 0.00482315112540193, ""smurf"": 0.0, ""teardrop"": 0.0, ""warezclient"": 0.006172839506172839, ""warezmaster"": 0.16666666666666666}"
nsl-kdd,4,2,consensus,25192,0.1411370352401535,False,16611 998 1414 3505 81 32 32,"{""back"": 0.005649717514124294, ""buffer_overflow"": 0.2, ""guess_passwd"": 0.0, ""imap"": 0.2, ""ipsweep"": 0.003129890453834116, ""land"": 1.0, ""loadmodule"": 1.0, ""multihop"": 1.0, ""neptune"": 0.0, ""nmap"": 0.0, ""normal"": 0.00033046926635822867, ""phf"": 1.0, ""pod"": 0.0, ""portsweep"": 0.00946969696969697, ""rootkit"": 0.75, ""satan"": 0.006430868167202572, ""smurf"": 0.0, ""spy"": 1.0, ""teardrop"": 0.0, ""warezclient"": 0.012269938650306749, ""warezmaster"": 0.3333333333333333}"
nsl-kdd,4,3,consensus,25192,0.1455475675914083,False,16582 940 1447 3558 74 39 33,"{""back"": 0.0, ""buffer_overflow"": 0.4, ""ftp_write"": 1.0, ""guess_passwd"": 0.0, ""imap"": 0.0, ""ipsweep"": 0.003129890453834116, ""land"": 1.0, ""loadmodule"": 1.0, ""multihop"": 1.0, ""neptune"": 0.0, ""nmap"": 0.0, ""normal"": 0.0004957038995373431, ""phf"": 1.0, ""pod"": 0.0, ""portsweep"": 0.013257575757575758, ""rootkit"": 1.0, ""satan"": 0.003215434083601286, ""smurf"": 0.0, ""spy"": 1.0, ""teardrop"": 0.0, ""warezclient"": 0.006134969325153374, ""warezmaster"": 0.3333333333333333}"
nsl-kdd,4,4,consensus,25192,0.16760022934768226,False,16494 1033 1461 3544 73 30 38,"{""back"": 0.0, ""buffer_overflow"": 0.2, ""ftp_write"": 1.0, ""guess_passwd"": 0.0, ""imap"": 0.2, ""ipsweep"": 0.001564945226917058, ""land"": 1.0, ""loadmodule"": 1.0, ""multihop"": 1.0, ""neptune"": 0.0, ""nmap"": 0.0, ""normal"": 0.0009914077990746861, ""phf"": 1.0, ""pod"": 0.0, ""portsweep"": 0.011363636363636364, ""rootkit"": 0.75, ""satan"": 0.00482315112540193, ""smurf"": 0.0, ""spy"": 1.0, ""teardrop"": 0.0, ""warezclient"": 0.012269938650306749, ""warezmaster"": 0.3333333333333333}"
nsl-kdd,4,5,consensus,25192,0.18083182640144665,False,16549 925 1461 3594 74 29 41,"{""back"": 0.005649717514124294, ""buffer_overflow"": 0.5, ""ftp_write"": 1.0, ""guess_passwd"": 0.0, ""imap"": 0.5, ""ipsweep"": 0.001564945226917058, ""land"": 1.0, ""loadmodule"": 1.0, ""multihop"": 1.0, ""neptune"": 0.0, ""nmap"": 0.0, ""normal"": 0.0009087904824851289, ""phf"": 1.0, ""pod"": 0.029411764705882353, ""portsweep"": 0.00946969696969697, ""rootkit"": 1.0, ""satan"": 0.008038585209003215, ""smurf"": 0.0, ""spy"": 1.0, ""teardrop"": 0.0, ""warezclient"": 0.0, ""warezmaster"": 0.16666666666666666}"
nsl-kdd,4,6,consensus,25192,0.19406342345521105,False,17020 855 1283 3369 74 28 44,"{""back"": 0.005681818181818182, ""buffer_overflow"": 0.3333333333333333, ""ftp_write"": 1.0, ""guess_passwd"": 0.0, ""imap"": 0.5, ""ipsweep"": 0.0, ""land"": 1.0, ""loadmodule"": 1.0, ""multihop"": 1.0, ""neptune"": 0.0, ""nmap"": 0.0036900369003690036, ""normal"": 0.0012392597488433575, ""phf"": 1.0, ""pod"": 0.0, ""portsweep"": 0.00946969696969697, ""rootkit"": 0.6666666666666666, ""satan"": 0.008038585209003215, ""smurf"": 0.0, ""spy"": 1.0, ""teardrop"": 0.0, ""warezclient"": 0.006134969325153374, ""warezmaster"": 0.3333333333333333}"
nsl-kdd,4,7,consensus,25192,0.17642129405019186,False,16504 1036 1522 3461 74 36 40,"{""back"": 0.0, ""buffer_overflow"": 0.5, ""ftp_write"": 1.0, ""guess_passwd"": 0.0, ""imap"": 0.25, ""ipsweep"": 0.003129890453834116, ""land"": 1.0, ""loadmodule"": 1.0, ""multihop"": 1.0, ""neptune"": 0.0, ""nmap"": 0.0, ""normal"": 0.0009087904824851289, ""phf"": 1.0, ""pod"": 0.0, ""portsweep"": 0.011363636363636364, ""rootkit"": 0.6666666666666666, ""satan"": 0.006430868167202572, ""smurf"": 0.0, ""spy"": 1.0, ""teardrop"": 0.0, ""warezclient"": 0.012269938650306749, ""warezmaster"": 0.2857142857142857}"
nsl-kdd,4,8,consensus,25192,0.1411370352401535,False,16584 974 1436 3547 74 26 32,"{""back"": 0.0, ""buffer_overflow"": 0.3333333333333333, ""ftp_write"": 1.0, ""guess_passwd"": 0.0, ""imap"": 0.0, ""ipsweep"": 0.001564945226917058, ""land"": 1.0, ""loadmodule"": 1.0, ""multihop"": 1.0, ""neptune"": 0.0, ""nmap"": 0.0, ""normal"": 0.0004957038995373431, ""phf"": 1.0, ""pod"": 0.0, ""portsweep"": 0.00946969696969697, ""rootkit"": 1.0, ""satan"": 0.00644122383252818, ""smurf"": 0.0, ""spy"": 1.0, ""teardrop"": 0.0, ""warezclient"": 0.012269938650306749, ""warezmaster"": 0.2857142857142857}"
nsl-kdd,4,9,consensus,25192,0.17201076169893706,False,16559 1035 1479 3461 68 32 39,"{""back"": 0.005681818181818182, ""buffer_overflow"": 0.6, ""ftp_write"": 1.0, ""guess_passwd"": 0.0, ""imap"": 0.25, ""ipsweep"": 0.001564945226917058, ""loadmodule"": 1.0, ""multihop"": 1.0, ""neptune"": 0.0, ""nmap"": 0.0, ""normal"": 0.0008261049153242462, ""phf"": 1.0, ""pod"": 0.0, ""portsweep"": 0.011342155009451797, ""rootkit"": 0.75, ""satan"": 0.006430868167202572, ""smurf"": 0.0, ""spy"": 1.0, ""teardrop"": 0.0, ""warezclient"": 0.006134969325153374, ""warezmaster"": 0.2857142857142857}"
