classifier,variant,accuracy,macro_f1,rows_kept_pct,cols_kept_pct,dataset,seed,fold
LR,old,68.96551724137932,59.53488372093023,100.0,100.0,breast-cancer,0,0
LR,clean,79.3103448275862,74.10714285714286,88.715953307393,100.0,breast-cancer,0,0
LR,weighted,72.41379310344827,65.47619047619048,100.0,82.92682926829268,breast-cancer,0,0
LR,new,79.3103448275862,74.10714285714286,88.715953307393,82.92682926829268,breast-cancer,0,0
MLP,old,72.41379310344827,65.47619047619048,100.0,100.0,breast-cancer,0,0
MLP,clean,68.96551724137932,55.38461538461539,88.715953307393,100.0,breast-cancer,0,0
MLP,weighted,75.86206896551724,68.52713178294574,100.0,82.92682926829268,breast-cancer,0,0
MLP,new,75.86206896551724,68.52713178294574,88.715953307393,82.92682926829268,breast-cancer,0,0
LR,old,58.620689655172406,43.506493506493506,100.0,100.0,breast-cancer,0,1
LR,clean,65.51724137931035,56.845238095238095,91.43968871595331,100.0,breast-cancer,0,1
LR,weighted,62.06896551724138,45.47008547008547,100.0,82.92682926829268,breast-cancer,0,1
LR,new,72.41379310344827,62.33766233766234,91.43968871595331,82.92682926829268,breast-cancer,0,1
MLP,old,65.51724137931035,52.922077922077925,100.0,100.0,breast-cancer,0,1
MLP,clean,68.96551724137932,55.38461538461539,91.43968871595331,100.0,breast-cancer,0,1
MLP,weighted,68.96551724137932,59.53488372093023,100.0,82.92682926829268,breast-cancer,0,1
MLP,new,72.41379310344827,62.33766233766234,91.43968871595331,82.92682926829268,breast-cancer,0,1
LR,old,72.41379310344827,51.66666666666667,100.0,100.0,breast-cancer,0,2
LR,clean,72.41379310344827,57.971014492753625,89.10505836575877,100.0,breast-cancer,0,2
LR,weighted,72.41379310344827,51.66666666666667,100.0,85.36585365853658,breast-cancer,0,2
LR,new,72.41379310344827,57.971014492753625,89.10505836575877,85.36585365853658,breast-cancer,0,2
MLP,old,68.96551724137932,40.816326530612244,100.0,100.0,breast-cancer,0,2
MLP,clean,68.96551724137932,49.516441005802704,89.10505836575877,100.0,breast-cancer,0,2
MLP,weighted,75.86206896551724,60.73500967117988,100.0,85.36585365853658,breast-cancer,0,2
MLP,new,68.96551724137932,49.516441005802704,89.10505836575877,85.36585365853658,breast-cancer,0,2
LR,old,72.41379310344827,62.33766233766234,100.0,100.0,breast-cancer,0,3
LR,clean,79.3103448275862,71.75324675324674,87.93774319066148,100.0,breast-cancer,0,3
LR,weighted,75.86206896551724,68.52713178294574,100.0,78.04878048780488,breast-cancer,0,3
LR,new,75.86206896551724,68.52713178294574,87.93774319066148,78.04878048780488,breast-cancer,0,3
MLP,old,72.41379310344827,62.33766233766234,100.0,100.0,breast-cancer,0,3
MLP,clean,75.86206896551724,68.52713178294574,87.93774319066148,100.0,breast-cancer,0,3
MLP,weighted,75.86206896551724,65.2991452991453,100.0,78.04878048780488,breast-cancer,0,3
MLP,new,75.86206896551724,65.2991452991453,87.93774319066148,78.04878048780488,breast-cancer,0,3
LR,old,55.172413793103445,41.55038759689923,100.0,100.0,breast-cancer,0,4
LR,clean,65.51724137931035,52.922077922077925,87.15953307392996,100.0,breast-cancer,0,4
LR,weighted,72.41379310344827,57.971014492753625,100.0,78.04878048780488,breast-cancer,0,4
LR,new,72.41379310344827,57.971014492753625,87.15953307392996,78.04878048780488,breast-cancer,0,4
MLP,old,72.41379310344827,62.33766233766234,100.0,100.0,breast-cancer,0,4
MLP,clean,68.96551724137932,55.38461538461539,87.15953307392996,100.0,breast-cancer,0,4
MLP,weighted,62.06896551724138,38.297872340425535,100.0,78.04878048780488,breast-cancer,0,4
MLP,new,72.41379310344827,62.33766233766234,87.15953307392996,78.04878048780488,breast-cancer,0,4
LR,old,62.06896551724138,50.542635658914726,100.0,100.0,breast-cancer,0,5
LR,clean,62.06896551724138,50.542635658914726,91.82879377431907,100.0,breast-cancer,0,5
LR,weighted,62.06896551724138,50.542635658914726,100.0,80.48780487804878,breast-cancer,0,5
LR,new,62.06896551724138,50.542635658914726,91.82879377431907,80.48780487804878,breast-cancer,0,5
MLP,old,65.51724137931035,56.845238095238095,100.0,100.0,breast-cancer,0,5
MLP,clean,62.06896551724138,50.542635658914726,91.82879377431907,100.0,breast-cancer,0,5
MLP,weighted,68.96551724137932,59.53488372093023,100.0,80.48780487804878,breast-cancer,0,5
MLP,new,58.620689655172406,48.214285714285715,91.82879377431907,80.48780487804878,breast-cancer,0,5
LR,old,67.85714285714286,49.09090909090909,100.0,100.0,breast-cancer,0,6
LR,clean,82.14285714285714,77.23577235772358,89.92248062015504,100.0,breast-cancer,0,6
LR,weighted,71.42857142857143,51.30434782608696,100.0,82.92682926829268,breast-cancer,0,6
LR,new,82.14285714285714,77.23577235772358,89.92248062015504,82.92682926829268,breast-cancer,0,6
MLP,old,78.57142857142857,68.18181818181819,100.0,100.0,breast-cancer,0,6
MLP,clean,82.14285714285714,71.71717171717171,89.92248062015504,100.0,breast-cancer,0,6
MLP,weighted,82.14285714285714,71.71717171717171,100.0,82.92682926829268,breast-cancer,0,6
MLP,new,85.71428571428571,78.78787878787878,89.92248062015504,82.92682926829268,breast-cancer,0,6
LR,old,75.0,68.130081300813,100.0,100.0,breast-cancer,0,7
LR,clean,64.28571428571429,52.38095238095237,89.14728682170544,100.0,breast-cancer,0,7
LR,weighted,78.57142857142857,71.42857142857142,100.0,80.48780487804878,breast-cancer,0,7
LR,new,67.85714285714286,59.024390243902445,89.14728682170544,80.48780487804878,breast-cancer,0,7
MLP,old,67.85714285714286,54.91949910554561,100.0,100.0,breast-cancer,0,7
MLP,clean,60.71428571428571,56.1877667140825,89.14728682170544,100.0,breast-cancer,0,7
MLP,weighted,75.0,68.130081300813,100.0,80.48780487804878,breast-cancer,0,7
MLP,new,71.42857142857143,61.904761904761905,89.14728682170544,80.48780487804878,breast-cancer,0,7
LR,old,75.0,70.43740573152337,100.0,100.0,breast-cancer,0,8
LR,clean,71.42857142857143,61.904761904761905,88.37209302325581,100.0,breast-cancer,0,8
LR,weighted,71.42857142857143,65.0,100.0,75.60975609756098,breast-cancer,0,8
LR,new,71.42857142857143,65.0,88.37209302325581,75.60975609756098,breast-cancer,0,8
MLP,old,75.0,64.93738819320215,100.0,100.0,breast-cancer,0,8
MLP,clean,67.85714285714286,54.91949910554561,88.37209302325581,100.0,breast-cancer,0,8
MLP,weighted,67.85714285714286,59.024390243902445,100.0,75.60975609756098,breast-cancer,0,8
MLP,new,67.85714285714286,54.91949910554561,88.37209302325581,75.60975609756098,breast-cancer,0,8
LR,old,71.42857142857143,57.57575757575758,100.0,100.0,breast-cancer,0,9
LR,clean,78.57142857142857,71.42857142857142,89.14728682170544,100.0,breast-cancer,0,9
LR,weighted,75.0,64.93738819320215,100.0,82.92682926829268,breast-cancer,0,9
LR,new,78.57142857142857,71.42857142857142,89.14728682170544,82.92682926829268,breast-cancer,0,9
MLP,old,71.42857142857143,51.30434782608696,100.0,100.0,breast-cancer,0,9
MLP,clean,75.0,64.93738819320215,89.14728682170544,100.0,breast-cancer,0,9
MLP,weighted,71.42857142857143,57.57575757575758,100.0,82.92682926829268,breast-cancer,0,9
MLP,new,75.0,64.93738819320215,89.14728682170544,82.92682926829268,breast-cancer,0,9
LR,old,72.41379310344827,62.33766233766234,100.0,100.0,breast-cancer,1,0
LR,clean,68.96551724137932,59.53488372093023,87.54863813229572,100.0,breast-cancer,1,0
LR,weighted,75.86206896551724,65.2991452991453,100.0,78.04878048780488,breast-cancer,1,0
LR,new,68.96551724137932,59.53488372093023,87.54863813229572,78.04878048780488,breast-cancer,1,0
MLP,old,72.41379310344827,62.33766233766234,100.0,100.0,breast-cancer,1,0
MLP,clean,72.41379310344827,57.971014492753625,87.54863813229572,100.0,breast-cancer,1,0
MLP,weighted,72.41379310344827,62.33766233766234,100.0,78.04878048780488,breast-cancer,1,0
MLP,new,68.96551724137932,55.38461538461539,87.54863813229572,78.04878048780488,breast-cancer,1,0
LR,old,58.620689655172406,36.95652173913043,100.0,100.0,breast-cancer,1,1
LR,clean,62.06896551724138,45.47008547008547,91.43968871595331,100.0,breast-cancer,1,1
LR,weighted,58.620689655172406,36.95652173913043,100.0,82.92682926829268,breast-cancer,1,1
LR,new,62.06896551724138,45.47008547008547,91.43968871595331,82.92682926829268,breast-cancer,1,1
MLP,old,72.41379310344827,51.66666666666667,100.0,100.0,breast-cancer,1,1
MLP,clean,75.86206896551724,65.2991452991453,91.43968871595331,100.0,breast-cancer,1,1
MLP,weighted,72.41379310344827,51.66666666666667,100.0,82.92682926829268,breast-cancer,1,1
MLP,new,68.96551724137932,55.38461538461539,91.43968871595331,82.92682926829268,breast-cancer,1,1
LR,old,65.51724137931035,59.72222222222222,100.0,100.0,breast-cancer,1,2
LR,clean,72.41379310344827,67.77777777777779,90.27237354085604,100.0,breast-cancer,1,2
LR,weighted,62.06896551724138,54.23242467718795,100.0,85.36585365853658,breast-cancer,1,2
LR,new,65.51724137931035,59.72222222222222,90.27237354085604,85.36585365853658,breast-cancer,1,2
MLP,old,62.06896551724138,54.23242467718795,100.0,100.0,breast-cancer,1,2
MLP,clean,72.41379310344827,67.77777777777779,90.27237354085604,100.0,breast-cancer,1,2
MLP,weighted,79.3103448275862,74.10714285714286,100.0,85.36585365853658,breast-cancer,1,2
MLP,new,75.86206896551724,70.8751793400287,90.27237354085604,85.36585365853658,breast-cancer,1,2
LR,old,72.41379310344827,57.971014492753625,100.0,100.0,breast-cancer,1,3
LR,clean,72.41379310344827,65.47619047619048,89.88326848249028,100.0,breast-cancer,1,3
LR,weighted,68.96551724137932,55.38461538461539,100.0,78.04878048780488,breast-cancer,1,3
LR,new,72.41379310344827,62.33766233766234,89.88326848249028,78.04878048780488,breast-cancer,1,3
MLP,old,68.96551724137932,49.516441005802704,100.0,100.0,breast-cancer,1,3
MLP,clean,68.96551724137932,55.38461538461539,89.88326848249028,100.0,breast-cancer,1,3
MLP,weighted,68.96551724137932,55.38461538461539,100.0,78.04878048780488,breast-cancer,1,3
MLP,new,65.51724137931035,52.922077922077925,89.88326848249028,78.04878048780488,breast-cancer,1,3
LR,old,72.41379310344827,62.33766233766234,100.0,100.0,breast-cancer,1,4
LR,clean,72.41379310344827,62.33766233766234,89.49416342412452,100.0,breast-cancer,1,4
LR,weighted,72.41379310344827,62.33766233766234,100.0,80.48780487804878,breast-cancer,1,4
LR,new,75.86206896551724,68.52713178294574,89.49416342412452,80.48780487804878,breast-cancer,1,4
MLP,old,75.86206896551724,65.2991452991453,100.0,100.0,breast-cancer,1,4
MLP,clean,75.86206896551724,65.2991452991453,89.49416342412452,100.0,breast-cancer,1,4
MLP,weighted,72.41379310344827,57.971014492753625,100.0,80.48780487804878,breast-cancer,1,4
MLP,new,75.86206896551724,68.52713178294574,89.49416342412452,80.48780487804878,breast-cancer,1,4
LR,old,79.3103448275862,68.4782608695652,100.0,100.0,breast-cancer,1,5
LR,clean,72.41379310344827,62.33766233766234,91.43968871595331,100.0,breast-cancer,1,5
LR,weighted,79.3103448275862,68.4782608695652,100.0,82.92682926829268,breast-cancer,1,5
LR,new,72.41379310344827,62.33766233766234,91.43968871595331,82.92682926829268,breast-cancer,1,5
MLP,old,82.75862068965517,75.21367521367522,100.0,100.0,breast-cancer,1,5
MLP,clean,79.3103448275862,71.75324675324674,91.43968871595331,100.0,breast-cancer,1,5
MLP,weighted,79.3103448275862,68.4782608695652,100.0,82.92682926829268,breast-cancer,1,5
MLP,new,82.75862068965517,75.21367521367522,91.43968871595331,82.92682926829268,breast-cancer,1,5
LR,old,67.85714285714286,59.024390243902445,100.0,100.0,breast-cancer,1,6
LR,clean,78.57142857142857,75.43859649122805,89.92248062015504,100.0,breast-cancer,1,6
LR,weighted,67.85714285714286,59.024390243902445,100.0,75.60975609756098,breast-cancer,1,6
LR,new,75.0,68.130081300813,89.92248062015504,75.60975609756098,breast-cancer,1,6
MLP,old,75.0,68.130081300813,100.0,100.0,breast-cancer,1,6
MLP,clean,71.42857142857143,67.2514619883041,89.92248062015504,100.0,breast-cancer,1,6
MLP,weighted,75.0,68.130081300813,100.0,75.60975609756098,breast-cancer,1,6
MLP,new,67.85714285714286,61.990950226244344,89.92248062015504,75.60975609756098,breast-cancer,1,6
LR,old,64.28571428571429,52.38095238095237,100.0,100.0,breast-cancer,1,7
LR,clean,71.42857142857143,61.904761904761905,91.47286821705426,100.0,breast-cancer,1,7
LR,weighted,64.28571428571429,52.38095238095237,100.0,80.48780487804878,breast-cancer,1,7
LR,new,71.42857142857143,61.904761904761905,91.47286821705426,80.48780487804878,breast-cancer,1,7
MLP,old,75.0,64.93738819320215,100.0,100.0,breast-cancer,1,7
MLP,clean,78.57142857142857,68.18181818181819,91.47286821705426,100.0,breast-cancer,1,7
MLP,weighted,78.57142857142857,71.42857142857142,100.0,80.48780487804878,breast-cancer,1,7
MLP,new,75.0,68.130081300813,91.47286821705426,80.48780487804878,breast-cancer,1,7
LR,old,67.85714285714286,59.024390243902445,100.0,100.0,breast-cancer,1,8
LR,clean,67.85714285714286,59.024390243902445,92.63565891472868,100.0,breast-cancer,1,8
LR,weighted,71.42857142857143,61.904761904761905,100.0,78.04878048780488,breast-cancer,1,8
LR,new,71.42857142857143,61.904761904761905,92.63565891472868,78.04878048780488,breast-cancer,1,8
MLP,old,71.42857142857143,51.30434782608696,100.0,100.0,breast-cancer,1,8
MLP,clean,71.42857142857143,51.30434782608696,92.63565891472868,100.0,breast-cancer,1,8
MLP,weighted,78.57142857142857,68.18181818181819,100.0,78.04878048780488,breast-cancer,1,8
MLP,new,78.57142857142857,68.18181818181819,92.63565891472868,78.04878048780488,breast-cancer,1,8
LR,old,64.28571428571429,46.96969696969697,100.0,100.0,breast-cancer,1,9
LR,clean,64.28571428571429,46.96969696969697,90.31007751937985,100.0,breast-cancer,1,9
LR,weighted,64.28571428571429,46.96969696969697,100.0,85.36585365853658,breast-cancer,1,9
LR,new,64.28571428571429,46.96969696969697,90.31007751937985,85.36585365853658,breast-cancer,1,9
MLP,old,71.42857142857143,57.57575757575758,100.0,100.0,breast-cancer,1,9
MLP,clean,71.42857142857143,57.57575757575758,90.31007751937985,100.0,breast-cancer,1,9
MLP,weighted,67.85714285714286,54.91949910554561,100.0,85.36585365853658,breast-cancer,1,9
MLP,new,67.85714285714286,54.91949910554561,90.31007751937985,85.36585365853658,breast-cancer,1,9
LR,old,82.75862068965517,71.95357833655706,100.0,100.0,breast-cancer,2,0
LR,clean,79.3103448275862,63.74999999999999,89.88326848249028,100.0,breast-cancer,2,0
LR,weighted,82.75862068965517,71.95357833655706,100.0,80.48780487804878,breast-cancer,2,0
LR,new,82.75862068965517,71.95357833655706,89.88326848249028,80.48780487804878,breast-cancer,2,0
MLP,old,79.3103448275862,63.74999999999999,100.0,100.0,breast-cancer,2,0
MLP,clean,75.86206896551724,60.73500967117988,89.88326848249028,100.0,breast-cancer,2,0
MLP,weighted,82.75862068965517,71.95357833655706,100.0,80.48780487804878,breast-cancer,2,0
MLP,new,82.75862068965517,71.95357833655706,89.88326848249028,80.48780487804878,breast-cancer,2,0
LR,old,58.620689655172406,36.95652173913043,100.0,100.0,breast-cancer,2,1
LR,clean,65.51724137931035,47.46376811594203,91.05058365758755,100.0,breast-cancer,2,1
LR,weighted,62.06896551724138,38.297872340425535,100.0,82.92682926829268,breast-cancer,2,1
LR,new,65.51724137931035,47.46376811594203,91.05058365758755,82.92682926829268,breast-cancer,2,1
MLP,old,68.96551724137932,59.53488372093023,100.0,100.0,breast-cancer,2,1
MLP,clean,68.96551724137932,55.38461538461539,91.05058365758755,100.0,breast-cancer,2,1
MLP,weighted,65.51724137931035,39.58333333333333,100.0,82.92682926829268,breast-cancer,2,1
MLP,new,68.96551724137932,55.38461538461539,91.05058365758755,82.92682926829268,breast-cancer,2,1
LR,old,62.06896551724138,50.542635658914726,100.0,100.0,breast-cancer,2,2
LR,clean,65.51724137931035,52.922077922077925,91.82879377431907,100.0,breast-cancer,2,2
LR,weighted,68.96551724137932,59.53488372093023,100.0,80.48780487804878,breast-cancer,2,2
LR,new,72.41379310344827,62.33766233766234,91.82879377431907,80.48780487804878,breast-cancer,2,2
MLP,old,62.06896551724138,45.47008547008547,100.0,100.0,breast-cancer,2,2
MLP,clean,62.06896551724138,45.47008547008547,91.82879377431907,100.0,breast-cancer,2,2
MLP,weighted,65.51724137931035,47.46376811594203,100.0,80.48780487804878,breast-cancer,2,2
MLP,new,68.96551724137932,55.38461538461539,91.82879377431907,80.48780487804878,breast-cancer,2,2
LR,old,58.620689655172406,48.214285714285715,100.0,100.0,breast-cancer,2,3
LR,clean,55.172413793103445,45.91104734576758,88.32684824902724,100.0,breast-cancer,2,3
LR,weighted,65.51724137931035,59.72222222222222,100.0,85.36585365853658,breast-cancer,2,3
LR,new,58.620689655172406,51.66666666666666,88.32684824902724,85.36585365853658,breast-cancer,2,3
MLP,old,65.51724137931035,52.922077922077925,100.0,100.0,breast-cancer,2,3
MLP,clean,68.96551724137932,62.553802008608315,88.32684824902724,100.0,breast-cancer,2,3
MLP,weighted,62.06896551724138,50.542635658914726,100.0,85.36585365853658,breast-cancer,2,3
MLP,new,62.06896551724138,50.542635658914726,88.32684824902724,85.36585365853658,breast-cancer,2,3
LR,old,62.06896551724138,54.23242467718795,100.0,100.0,breast-cancer,2,4
LR,clean,72.41379310344827,67.77777777777779,91.05058365758755,100.0,breast-cancer,2,4
LR,weighted,58.620689655172406,43.506493506493506,100.0,80.48780487804878,breast-cancer,2,4
LR,new,62.06896551724138,50.542635658914726,91.05058365758755,80.48780487804878,breast-cancer,2,4
MLP,old,55.172413793103445,41.55038759689923,100.0,100.0,breast-cancer,2,4
MLP,clean,62.06896551724138,54.23242467718795,91.05058365758755,100.0,breast-cancer,2,4
MLP,weighted,72.41379310344827,67.77777777777779,100.0,80.48780487804878,breast-cancer,2,4
MLP,new,72.41379310344827,65.47619047619048,91.05058365758755,80.48780487804878,breast-cancer,2,4
LR,old,55.172413793103445,49.122807017543856,100.0,100.0,breast-cancer,2,5
LR,clean,51.724137931034484,43.611111111111114,90.6614785992218,100.0,breast-cancer,2,5
LR,weighted,55.172413793103445,49.122807017543856,100.0,75.60975609756098,breast-cancer,2,5
LR,new,51.724137931034484,43.611111111111114,90.6614785992218,75.60975609756098,breast-cancer,2,5
MLP,old,68.96551724137932,59.53488372093023,100.0,100.0,breast-cancer,2,5
MLP,clean,62.06896551724138,54.23242467718795,90.6614785992218,100.0,breast-cancer,2,5
MLP,weighted,65.51724137931035,59.72222222222222,100.0,75.60975609756098,breast-cancer,2,5
MLP,new,62.06896551724138,56.95006747638327,90.6614785992218,75.60975609756098,breast-cancer,2,5
LR,old,53.57142857142857,34.883720930232556,100.0,100.0,breast-cancer,2,6
LR,clean,60.71428571428571,44.90161001788909,91.08527131782945,100.0,breast-cancer,2,6
LR,weighted,60.71428571428571,44.90161001788909,100.0,82.92682926829268,breast-cancer,2,6
LR,new,60.71428571428571,44.90161001788909,91.08527131782945,82.92682926829268,breast-cancer,2,6
MLP,old,71.42857142857143,41.66666666666667,100.0,100.0,breast-cancer,2,6
MLP,clean,64.28571428571429,46.96969696969697,91.08527131782945,100.0,breast-cancer,2,6
MLP,weighted,67.85714285714286,49.09090909090909,100.0,82.92682926829268,breast-cancer,2,6
MLP,new,64.28571428571429,46.96969696969697,91.08527131782945,82.92682926829268,breast-cancer,2,6
LR,old,78.57142857142857,73.75,100.0,100.0,breast-cancer,2,7
LR,clean,82.14285714285714,74.95527728085868,89.14728682170544,100.0,breast-cancer,2,7
LR,weighted,85.71428571428571,80.95238095238095,100.0,82.92682926829268,breast-cancer,2,7
LR,new,89.28571428571429,84.97316636851521,89.14728682170544,82.92682926829268,breast-cancer,2,7
MLP,old,75.0,64.93738819320215,100.0,100.0,breast-cancer,2,7
MLP,clean,82.14285714285714,74.95527728085868,89.14728682170544,100.0,breast-cancer,2,7
MLP,weighted,82.14285714285714,71.71717171717171,100.0,82.92682926829268,breast-cancer,2,7
MLP,new,89.28571428571429,84.97316636851521,89.14728682170544,82.92682926829268,breast-cancer,2,7
LR,old,71.42857142857143,41.66666666666667,100.0,100.0,breast-cancer,2,8
LR,clean,67.85714285714286,49.09090909090909,91.08527131782945,100.0,breast-cancer,2,8
LR,weighted,71.42857142857143,41.66666666666667,100.0,78.04878048780488,breast-cancer,2,8
LR,new,64.28571428571429,39.130434782608695,91.08527131782945,78.04878048780488,breast-cancer,2,8
MLP,old,75.0,60.4040404040404,100.0,100.0,breast-cancer,2,8
MLP,clean,71.42857142857143,57.57575757575758,91.08527131782945,100.0,breast-cancer,2,8
MLP,weighted,75.0,64.93738819320215,100.0,78.04878048780488,breast-cancer,2,8
MLP,new,75.0,64.93738819320215,91.08527131782945,78.04878048780488,breast-cancer,2,8
LR,old,75.0,64.93738819320215,100.0,100.0,breast-cancer,2,9
LR,clean,78.57142857142857,71.42857142857142,90.69767441860465,100.0,breast-cancer,2,9
LR,weighted,78.57142857142857,68.18181818181819,100.0,73.17073170731707,breast-cancer,2,9
LR,new,75.0,64.93738819320215,90.69767441860465,73.17073170731707,breast-cancer,2,9
MLP,old,78.57142857142857,63.47826086956522,100.0,100.0,breast-cancer,2,9
MLP,clean,78.57142857142857,71.42857142857142,90.69767441860465,100.0,breast-cancer,2,9
MLP,weighted,85.71428571428571,78.78787878787878,100.0,73.17073170731707,breast-cancer,2,9
MLP,new,78.57142857142857,71.42857142857142,90.69767441860465,73.17073170731707,breast-cancer,2,9
LR,old,72.41379310344827,57.971014492753625,100.0,100.0,breast-cancer,3,0
LR,clean,68.96551724137932,55.38461538461539,91.43968871595331,100.0,breast-cancer,3,0
LR,weighted,72.41379310344827,57.971014492753625,100.0,78.04878048780488,breast-cancer,3,0
LR,new,75.86206896551724,60.73500967117988,91.43968871595331,78.04878048780488,breast-cancer,3,0
MLP,old,72.41379310344827,51.66666666666667,100.0,100.0,breast-cancer,3,0
MLP,clean,72.41379310344827,51.66666666666667,91.43968871595331,100.0,breast-cancer,3,0
MLP,weighted,72.41379310344827,51.66666666666667,100.0,78.04878048780488,breast-cancer,3,0
MLP,new,72.41379310344827,57.971014492753625,91.43968871595331,78.04878048780488,breast-cancer,3,0
LR,old,72.41379310344827,62.33766233766234,100.0,100.0,breast-cancer,3,1
LR,clean,75.86206896551724,68.52713178294574,89.49416342412452,100.0,breast-cancer,3,1
LR,weighted,72.41379310344827,62.33766233766234,100.0,85.36585365853658,breast-cancer,3,1
LR,new,75.86206896551724,68.52713178294574,89.49416342412452,85.36585365853658,breast-cancer,3,1
MLP,old,75.86206896551724,65.2991452991453,100.0,100.0,breast-cancer,3,1
MLP,clean,75.86206896551724,65.2991452991453,89.49416342412452,100.0,breast-cancer,3,1
MLP,weighted,75.86206896551724,65.2991452991453,100.0,85.36585365853658,breast-cancer,3,1
MLP,new,75.86206896551724,65.2991452991453,89.49416342412452,85.36585365853658,breast-cancer,3,1
LR,old,65.51724137931035,56.845238095238095,100.0,100.0,breast-cancer,3,2
LR,clean,75.86206896551724,68.52713178294574,89.88326848249028,100.0,breast-cancer,3,2
LR,weighted,68.96551724137932,59.53488372093023,100.0,82.92682926829268,breast-cancer,3,2
LR,new,79.3103448275862,71.75324675324674,89.88326848249028,82.92682926829268,breast-cancer,3,2
MLP,old,68.96551724137932,49.516441005802704,100.0,100.0,breast-cancer,3,2
MLP,clean,72.41379310344827,57.971014492753625,89.88326848249028,100.0,breast-cancer,3,2
MLP,weighted,65.51724137931035,59.72222222222222,100.0,82.92682926829268,breast-cancer,3,2
MLP,new,68.96551724137932,62.553802008608315,89.88326848249028,82.92682926829268,breast-cancer,3,2
LR,old,65.51724137931035,52.922077922077925,100.0,100.0,breast-cancer,3,3
LR,clean,62.06896551724138,45.47008547008547,91.43968871595331,100.0,breast-cancer,3,3
LR,weighted,65.51724137931035,52.922077922077925,100.0,80.48780487804878,breast-cancer,3,3
LR,new,62.06896551724138,45.47008547008547,91.43968871595331,80.48780487804878,breast-cancer,3,3
MLP,old,72.41379310344827,57.971014492753625,100.0,100.0,breast-cancer,3,3
MLP,clean,58.620689655172406,43.506493506493506,91.43968871595331,100.0,breast-cancer,3,3
MLP,weighted,62.06896551724138,45.47008547008547,100.0,80.48780487804878,breast-cancer,3,3
MLP,new,65.51724137931035,47.46376811594203,91.43968871595331,80.48780487804878,breast-cancer,3,3
LR,old,65.51724137931035,56.845238095238095,100.0,100.0,breast-cancer,3,4
LR,clean,68.96551724137932,64.77732793522267,91.43968871595331,100.0,breast-cancer,3,4
LR,weighted,68.96551724137932,59.53488372093023,100.0,80.48780487804878,breast-cancer,3,4
LR,new,72.41379310344827,67.77777777777779,91.43968871595331,80.48780487804878,breast-cancer,3,4
MLP,old,68.96551724137932,40.816326530612244,100.0,100.0,breast-cancer,3,4
MLP,clean,72.41379310344827,69.47368421052632,91.43968871595331,100.0,breast-cancer,3,4
MLP,weighted,68.96551724137932,40.816326530612244,100.0,80.48780487804878,breast-cancer,3,4
MLP,new,82.75862068965517,80.43184885290148,91.43968871595331,80.48780487804878,breast-cancer,3,4
LR,old,65.51724137931035,56.845238095238095,100.0,100.0,breast-cancer,3,5
LR,clean,72.41379310344827,65.47619047619048,89.49416342412452,100.0,breast-cancer,3,5
LR,weighted,68.96551724137932,59.53488372093023,100.0,78.04878048780488,breast-cancer,3,5
LR,new,75.86206896551724,68.52713178294574,89.49416342412452,78.04878048780488,breast-cancer,3,5
MLP,old,65.51724137931035,39.58333333333333,100.0,100.0,breast-cancer,3,5
MLP,clean,75.86206896551724,68.52713178294574,89.49416342412452,100.0,breast-cancer,3,5
MLP,weighted,68.96551724137932,59.53488372093023,100.0,78.04878048780488,breast-cancer,3,5
MLP,new,72.41379310344827,65.47619047619048,89.49416342412452,78.04878048780488,breast-cancer,3,5
LR,old,75.0,64.93738819320215,100.0,100.0,breast-cancer,3,6
LR,clean,85.71428571428571,82.5,88.75968992248062,100.0,breast-cancer,3,6
LR,weighted,78.57142857142857,68.18181818181819,100.0,82.92682926829268,breast-cancer,3,6
LR,new,89.28571428571429,86.34146341463416,88.75968992248062,82.92682926829268,breast-cancer,3,6
MLP,old,71.42857142857143,41.66666666666667,100.0,100.0,breast-cancer,3,6
MLP,clean,82.14285714285714,77.23577235772358,88.75968992248062,100.0,breast-cancer,3,6
MLP,weighted,67.85714285714286,49.09090909090909,100.0,82.92682926829268,breast-cancer,3,6
MLP,new,85.71428571428571,80.95238095238095,88.75968992248062,82.92682926829268,breast-cancer,3,6
LR,old,53.57142857142857,40.8130081300813,100.0,100.0,breast-cancer,3,7
LR,clean,53.57142857142857,40.8130081300813,88.37209302325581,100.0,breast-cancer,3,7
LR,weighted,57.14285714285714,42.85714285714286,100.0,87.8048780487805,breast-cancer,3,7
LR,new,53.57142857142857,40.8130081300813,88.37209302325581,87.8048780487805,breast-cancer,3,7
MLP,old,57.14285714285714,42.85714285714286,100.0,100.0,breast-cancer,3,7
MLP,clean,53.57142857142857,40.8130081300813,88.37209302325581,100.0,breast-cancer,3,7
MLP,weighted,67.85714285714286,40.42553191489361,100.0,87.8048780487805,breast-cancer,3,7
MLP,new,57.14285714285714,42.85714285714286,88.37209302325581,87.8048780487805,breast-cancer,3,7
LR,old,67.85714285714286,59.024390243902445,100.0,100.0,breast-cancer,3,8
LR,clean,75.0,64.93738819320215,89.53488372093024,100.0,breast-cancer,3,8
LR,weighted,67.85714285714286,59.024390243902445,100.0,73.17073170731707,breast-cancer,3,8
LR,new,71.42857142857143,61.904761904761905,89.53488372093024,73.17073170731707,breast-cancer,3,8
MLP,old,64.28571428571429,39.130434782608695,100.0,100.0,breast-cancer,3,8
MLP,clean,78.57142857142857,73.75,89.53488372093024,100.0,breast-cancer,3,8
MLP,weighted,71.42857142857143,61.904761904761905,100.0,73.17073170731707,breast-cancer,3,8
MLP,new,67.85714285714286,59.024390243902445,89.53488372093024,73.17073170731707,breast-cancer,3,8
LR,old,78.57142857142857,68.18181818181819,100.0,100.0,breast-cancer,3,9
LR,clean,78.57142857142857,68.18181818181819,91.08527131782945,100.0,breast-cancer,3,9
LR,weighted,78.57142857142857,68.18181818181819,100.0,90.2439024390244,breast-cancer,3,9
LR,new,78.57142857142857,68.18181818181819,91.08527131782945,90.2439024390244,breast-cancer,3,9
MLP,old,75.0,64.93738819320215,100.0,100.0,breast-cancer,3,9
MLP,clean,71.42857142857143,51.30434782608696,91.08527131782945,100.0,breast-cancer,3,9
MLP,weighted,78.57142857142857,68.18181818181819,100.0,90.2439024390244,breast-cancer,3,9
MLP,new,75.0,60.4040404040404,91.08527131782945,90.2439024390244,breast-cancer,3,9
LR,old,72.41379310344827,62.33766233766234,100.0,100.0,breast-cancer,4,0
LR,clean,72.41379310344827,62.33766233766234,89.10505836575877,100.0,breast-cancer,4,0
LR,weighted,75.86206896551724,65.2991452991453,100.0,78.04878048780488,breast-cancer,4,0
LR,new,75.86206896551724,65.2991452991453,89.10505836575877,78.04878048780488,breast-cancer,4,0
MLP,old,79.3103448275862,68.4782608695652,100.0,100.0,breast-cancer,4,0
MLP,clean,79.3103448275862,68.4782608695652,89.10505836575877,100.0,breast-cancer,4,0
MLP,weighted,75.86206896551724,65.2991452991453,100.0,78.04878048780488,breast-cancer,4,0
MLP,new,75.86206896551724,65.2991452991453,89.10505836575877,78.04878048780488,breast-cancer,4,0
LR,old,51.724137931034484,34.090909090909086,100.0,100.0,breast-cancer,4,1
LR,clean,51.724137931034484,39.58333333333333,90.27237354085604,100.0,breast-cancer,4,1
LR,weighted,55.172413793103445,35.55555555555556,100.0,80.48780487804878,breast-cancer,4,1
LR,new,55.172413793103445,41.55038759689923,90.27237354085604,80.48780487804878,breast-cancer,4,1
MLP,old,55.172413793103445,35.55555555555556,100.0,100.0,breast-cancer,4,1
MLP,clean,48.275862068965516,32.55813953488372,90.27237354085604,100.0,breast-cancer,4,1
MLP,weighted,58.620689655172406,36.95652173913043,100.0,80.48780487804878,breast-cancer,4,1
MLP,new,58.620689655172406,43.506493506493506,90.27237354085604,80.48780487804878,breast-cancer,4,1
LR,old,68.96551724137932,59.53488372093023,100.0,100.0,breast-cancer,4,2
LR,clean,72.41379310344827,65.47619047619048,90.27237354085604,100.0,breast-cancer,4,2
LR,weighted,68.96551724137932,59.53488372093023,100.0,75.60975609756098,breast-cancer,4,2
LR,new,68.96551724137932,59.53488372093023,90.27237354085604,75.60975609756098,breast-cancer,4,2
MLP,old,72.41379310344827,62.33766233766234,100.0,100.0,breast-cancer,4,2
MLP,clean,72.41379310344827,62.33766233766234,90.27237354085604,100.0,breast-cancer,4,2
MLP,weighted,72.41379310344827,62.33766233766234,100.0,75.60975609756098,breast-cancer,4,2
MLP,new,72.41379310344827,62.33766233766234,90.27237354085604,75.60975609756098,breast-cancer,4,2
LR,old,72.41379310344827,57.971014492753625,100.0,100.0,breast-cancer,4,3
LR,clean,72.41379310344827,62.33766233766234,91.43968871595331,100.0,breast-cancer,4,3
LR,weighted,68.96551724137932,49.516441005802704,100.0,82.92682926829268,breast-cancer,4,3
LR,new,68.96551724137932,55.38461538461539,91.43968871595331,82.92682926829268,breast-cancer,4,3
MLP,old,68.96551724137932,49.516441005802704,100.0,100.0,breast-cancer,4,3
MLP,clean,72.41379310344827,51.66666666666667,91.43968871595331,100.0,breast-cancer,4,3
MLP,weighted,68.96551724137932,49.516441005802704,100.0,82.92682926829268,breast-cancer,4,3
MLP,new,68.96551724137932,49.516441005802704,91.43968871595331,82.92682926829268,breast-cancer,4,3
LR,old,72.41379310344827,57.971014492753625,100.0,100.0,breast-cancer,4,4
LR,clean,72.41379310344827,62.33766233766234,90.27237354085604,100.0,breast-cancer,4,4
LR,weighted,75.86206896551724,65.2991452991453,100.0,82.92682926829268,breast-cancer,4,4
LR,new,75.86206896551724,65.2991452991453,90.27237354085604,82.92682926829268,breast-cancer,4,4
MLP,old,62.06896551724138,45.47008547008547,100.0,100.0,breast-cancer,4,4
MLP,clean,72.41379310344827,51.66666666666667,90.27237354085604,100.0,breast-cancer,4,4
MLP,weighted,79.3103448275862,68.4782608695652,100.0,82.92682926829268,breast-cancer,4,4
MLP,new,79.3103448275862,68.4782608695652,90.27237354085604,82.92682926829268,breast-cancer,4,4
LR,old,72.41379310344827,57.971014492753625,100.0,100.0,breast-cancer,4,5
LR,clean,65.51724137931035,47.46376811594203,90.6614785992218,100.0,breast-cancer,4,5
LR,weighted,72.41379310344827,57.971014492753625,100.0,87.8048780487805,breast-cancer,4,5
LR,new,65.51724137931035,47.46376811594203,90.6614785992218,87.8048780487805,breast-cancer,4,5
MLP,old,68.96551724137932,55.38461538461539,100.0,100.0,breast-cancer,4,5
MLP,clean,72.41379310344827,62.33766233766234,90.6614785992218,100.0,breast-cancer,4,5
MLP,weighted,72.41379310344827,51.66666666666667,100.0,87.8048780487805,breast-cancer,4,5
MLP,new,72.41379310344827,57.971014492753625,90.6614785992218,87.8048780487805,breast-cancer,4,5
LR,old,71.42857142857143,65.0,100.0,100.0,breast-cancer,4,6
LR,clean,64.28571428571429,59.064327485380105,90.69767441860465,100.0,breast-cancer,4,6
LR,weighted,75.0,68.130081300813,100.0,80.48780487804878,breast-cancer,4,6
LR,new,71.42857142857143,65.0,90.69767441860465,80.48780487804878,breast-cancer,4,6
MLP,old,71.42857142857143,61.904761904761905,100.0,100.0,breast-cancer,4,6
MLP,clean,67.85714285714286,54.91949910554561,90.69767441860465,100.0,breast-cancer,4,6
MLP,weighted,67.85714285714286,59.024390243902445,100.0,80.48780487804878,breast-cancer,4,6
MLP,new,71.42857142857143,61.904761904761905,90.69767441860465,80.48780487804878,breast-cancer,4,6
LR,old,71.42857142857143,65.0,100.0,100.0,breast-cancer,4,7
LR,clean,75.0,70.43740573152337,91.47286821705426,100.0,breast-cancer,4,7
LR,weighted,78.57142857142857,73.75,100.0,80.48780487804878,breast-cancer,4,7
LR,new,78.57142857142857,73.75,91.47286821705426,80.48780487804878,breast-cancer,4,7
MLP,old,78.57142857142857,73.75,100.0,100.0,breast-cancer,4,7
MLP,clean,78.57142857142857,73.75,91.47286821705426,100.0,breast-cancer,4,7
MLP,weighted,67.85714285714286,49.09090909090909,100.0,80.48780487804878,breast-cancer,4,7
MLP,new,75.0,64.93738819320215,91.47286821705426,80.48780487804878,breast-cancer,4,7
LR,old,75.0,68.130081300813,100.0,100.0,breast-cancer,4,8
LR,clean,82.14285714285714,77.23577235772358,87.20930232558139,100.0,breast-cancer,4,8
LR,weighted,78.57142857142857,71.42857142857142,100.0,85.36585365853658,breast-cancer,4,8
LR,new,82.14285714285714,77.23577235772358,87.20930232558139,85.36585365853658,breast-cancer,4,8
MLP,old,75.0,64.93738819320215,100.0,100.0,breast-cancer,4,8
MLP,clean,82.14285714285714,77.23577235772358,87.20930232558139,100.0,breast-cancer,4,8
MLP,weighted,75.0,60.4040404040404,100.0,85.36585365853658,breast-cancer,4,8
MLP,new,82.14285714285714,77.23577235772358,87.20930232558139,85.36585365853658,breast-cancer,4,8
LR,old,67.85714285714286,54.91949910554561,100.0,100.0,breast-cancer,4,9
LR,clean,75.0,68.130081300813,89.53488372093024,100.0,breast-cancer,4,9
LR,weighted,67.85714285714286,54.91949910554561,100.0,82.92682926829268,breast-cancer,4,9
LR,new,75.0,64.93738819320215,89.53488372093024,82.92682926829268,breast-cancer,4,9
MLP,old,75.0,60.4040404040404,100.0,100.0,breast-cancer,4,9
MLP,clean,78.57142857142857,71.42857142857142,89.53488372093024,100.0,breast-cancer,4,9
MLP,weighted,75.0,64.93738819320215,100.0,82.92682926829268,breast-cancer,4,9
MLP,new,78.57142857142857,71.42857142857142,89.53488372093024,82.92682926829268,breast-cancer,4,9
LR,old,100.0,100.0,100.0,100.0,contact-lenses,0,0
LR,clean,100.0,100.0,90.47619047619048,100.0,contact-lenses,0,0
LR,weighted,100.0,100.0,100.0,66.66666666666667,contact-lenses,0,0
LR,new,100.0,100.0,90.47619047619048,66.66666666666667,contact-lenses,0,0
MLP,old,100.0,100.0,100.0,100.0,contact-lenses,0,0
MLP,clean,100.0,100.0,90.47619047619048,100.0,contact-lenses,0,0
MLP,weighted,100.0,100.0,100.0,66.66666666666667,contact-lenses,0,0
MLP,new,100.0,100.0,90.47619047619048,66.66666666666667,contact-lenses,0,0
LR,old,66.66666666666666,40.0,100.0,100.0,contact-lenses,0,1
LR,clean,66.66666666666666,40.0,95.23809523809523,100.0,contact-lenses,0,1
LR,weighted,66.66666666666666,40.0,100.0,66.66666666666667,contact-lenses,0,1
LR,new,66.66666666666666,40.0,95.23809523809523,66.66666666666667,contact-lenses,0,1
MLP,old,66.66666666666666,40.0,100.0,100.0,contact-lenses,0,1
MLP,clean,66.66666666666666,40.0,95.23809523809523,100.0,contact-lenses,0,1
MLP,weighted,66.66666666666666,40.0,100.0,66.66666666666667,contact-lenses,0,1
MLP,new,66.66666666666666,40.0,95.23809523809523,66.66666666666667,contact-lenses,0,1
LR,old,66.66666666666666,40.0,100.0,100.0,contact-lenses,0,2
LR,clean,66.66666666666666,40.0,95.23809523809523,100.0,contact-lenses,0,2
LR,weighted,66.66666666666666,40.0,100.0,44.44444444444444,contact-lenses,0,2
LR,new,66.66666666666666,40.0,95.23809523809523,44.44444444444444,contact-lenses,0,2
MLP,old,66.66666666666666,40.0,100.0,100.0,contact-lenses,0,2
MLP,clean,66.66666666666666,40.0,95.23809523809523,100.0,contact-lenses,0,2
MLP,weighted,66.66666666666666,40.0,100.0,44.44444444444444,contact-lenses,0,2
MLP,new,66.66666666666666,40.0,95.23809523809523,44.44444444444444,contact-lenses,0,2
LR,old,66.66666666666666,40.0,100.0,100.0,contact-lenses,0,3
LR,clean,100.0,100.0,95.23809523809523,100.0,contact-lenses,0,3
LR,weighted,100.0,100.0,100.0,66.66666666666667,contact-lenses,0,3
LR,new,100.0,100.0,95.23809523809523,66.66666666666667,contact-lenses,0,3
MLP,old,100.0,100.0,100.0,100.0,contact-lenses,0,3
MLP,clean,100.0,100.0,95.23809523809523,100.0,contact-lenses,0,3
MLP,weighted,100.0,100.0,100.0,66.66666666666667,contact-lenses,0,3
MLP,new,100.0,100.0,95.23809523809523,66.66666666666667,contact-lenses,0,3
LR,old,100.0,100.0,100.0,100.0,contact-lenses,0,4
LR,clean,100.0,100.0,86.36363636363636,100.0,contact-lenses,0,4
LR,weighted,100.0,100.0,100.0,66.66666666666667,contact-lenses,0,4
LR,new,100.0,100.0,86.36363636363636,66.66666666666667,contact-lenses,0,4
MLP,old,100.0,100.0,100.0,100.0,contact-lenses,0,4
MLP,clean,100.0,100.0,86.36363636363636,100.0,contact-lenses,0,4
MLP,weighted,100.0,100.0,100.0,66.66666666666667,contact-lenses,0,4
MLP,new,100.0,100.0,86.36363636363636,66.66666666666667,contact-lenses,0,4
LR,old,50.0,33.33333333333333,100.0,100.0,contact-lenses,0,5
LR,clean,50.0,33.33333333333333,90.9090909090909,100.0,contact-lenses,0,5
LR,weighted,50.0,33.33333333333333,100.0,66.66666666666667,contact-lenses,0,5
LR,new,50.0,33.33333333333333,90.9090909090909,66.66666666666667,contact-lenses,0,5
MLP,old,50.0,33.33333333333333,100.0,100.0,contact-lenses,0,5
MLP,clean,50.0,33.33333333333333,90.9090909090909,100.0,contact-lenses,0,5
MLP,weighted,50.0,33.33333333333333,100.0,66.66666666666667,contact-lenses,0,5
MLP,new,50.0,33.33333333333333,90.9090909090909,66.66666666666667,contact-lenses,0,5
LR,old,50.0,33.33333333333333,100.0,100.0,contact-lenses,0,6
LR,clean,50.0,33.33333333333333,100.0,100.0,contact-lenses,0,6
LR,weighted,50.0,33.33333333333333,100.0,44.44444444444444,contact-lenses,0,6
LR,new,50.0,33.33333333333333,100.0,44.44444444444444,contact-lenses,0,6
MLP,old,0.0,0.0,100.0,100.0,contact-lenses,0,6
MLP,clean,0.0,0.0,100.0,100.0,contact-lenses,0,6
MLP,weighted,50.0,33.33333333333333,100.0,44.44444444444444,contact-lenses,0,6
MLP,new,50.0,33.33333333333333,100.0,44.44444444444444,contact-lenses,0,6
LR,old,50.0,33.33333333333333,100.0,100.0,contact-lenses,0,7
LR,clean,50.0,33.33333333333333,90.9090909090909,100.0,contact-lenses,0,7
LR,weighted,100.0,100.0,100.0,66.66666666666667,contact-lenses,0,7
LR,new,50.0,33.33333333333333,90.9090909090909,66.66666666666667,contact-lenses,0,7
MLP,old,100.0,100.0,100.0,100.0,contact-lenses,0,7
MLP,clean,50.0,33.33333333333333,90.9090909090909,100.0,contact-lenses,0,7
MLP,weighted,50.0,33.33333333333333,100.0,66.66666666666667,contact-lenses,0,7
MLP,new,50.0,33.33333333333333,90.9090909090909,66.66666666666667,contact-lenses,0,7
LR,old,100.0,100.0,100.0,100.0,contact-lenses,0,8
LR,clean,100.0,100.0,95.45454545454545,100.0,contact-lenses,0,8
LR,weighted,100.0,100.0,100.0,55.55555555555556,contact-lenses,0,8
LR,new,100.0,100.0,95.45454545454545,55.55555555555556,contact-lenses,0,8
MLP,old,100.0,100.0,100.0,100.0,contact-lenses,0,8
MLP,clean,100.0,100.0,95.45454545454545,100.0,contact-lenses,0,8
MLP,weighted,50.0,33.33333333333333,100.0,55.55555555555556,contact-lenses,0,8
MLP,new,100.0,100.0,95.45454545454545,55.55555555555556,contact-lenses,0,8
LR,old,100.0,100.0,100.0,100.0,contact-lenses,0,9
LR,clean,100.0,100.0,95.45454545454545,100.0,contact-lenses,0,9
LR,weighted,100.0,100.0,100.0,66.66666666666667,contact-lenses,0,9
LR,new,100.0,100.0,95.45454545454545,66.66666666666667,contact-lenses,0,9
MLP,old,100.0,100.0,100.0,100.0,contact-lenses,0,9
MLP,clean,100.0,100.0,95.45454545454545,100.0,contact-lenses,0,9
MLP,weighted,50.0,33.33333333333333,100.0,66.66666666666667,contact-lenses,0,9
MLP,new,100.0,100.0,95.45454545454545,66.66666666666667,contact-lenses,0,9
LR,old,33.33333333333333,25.0,100.0,100.0,contact-lenses,1,0
LR,clean,66.66666666666666,66.66666666666666,90.47619047619048,100.0,contact-lenses,1,0
LR,weighted,33.33333333333333,25.0,100.0,44.44444444444444,contact-lenses,1,0
LR,new,66.66666666666666,66.66666666666666,90.47619047619048,44.44444444444444,contact-lenses,1,0
MLP,old,33.33333333333333,25.0,100.0,100.0,contact-lenses,1,0
MLP,clean,66.66666666666666,66.66666666666666,90.47619047619048,100.0,contact-lenses,1,0
MLP,weighted,33.33333333333333,25.0,100.0,44.44444444444444,contact-lenses,1,0
MLP,new,66.66666666666666,66.66666666666666,90.47619047619048,44.44444444444444,contact-lenses,1,0
LR,old,100.0,100.0,100.0,100.0,contact-lenses,1,1
LR,clean,100.0,100.0,90.47619047619048,100.0,contact-lenses,1,1
LR,weighted,100.0,100.0,100.0,66.66666666666667,contact-lenses,1,1
LR,new,100.0,100.0,90.47619047619048,66.66666666666667,contact-lenses,1,1
MLP,old,100.0,100.0,100.0,100.0,contact-lenses,1,1
MLP,clean,66.66666666666666,33.33333333333333,90.47619047619048,100.0,contact-lenses,1,1
MLP,weighted,100.0,100.0,100.0,66.66666666666667,contact-lenses,1,1
MLP,new,66.66666666666666,33.33333333333333,90.47619047619048,66.66666666666667,contact-lenses,1,1
LR,old,66.66666666666666,40.0,100.0,100.0,contact-lenses,1,2
LR,clean,66.66666666666666,66.66666666666666,90.47619047619048,100.0,contact-lenses,1,2
LR,weighted,66.66666666666666,40.0,100.0,44.44444444444444,contact-lenses,1,2
LR,new,66.66666666666666,66.66666666666666,90.47619047619048,44.44444444444444,contact-lenses,1,2
MLP,old,66.66666666666666,40.0,100.0,100.0,contact-lenses,1,2
MLP,clean,66.66666666666666,40.0,90.47619047619048,100.0,contact-lenses,1,2
MLP,weighted,66.66666666666666,66.66666666666666,100.0,44.44444444444444,contact-lenses,1,2
MLP,new,33.33333333333333,22.22222222222222,90.47619047619048,44.44444444444444,contact-lenses,1,2
LR,old,66.66666666666666,40.0,100.0,100.0,contact-lenses,1,3
LR,clean,100.0,100.0,95.23809523809523,100.0,contact-lenses,1,3
LR,weighted,100.0,100.0,100.0,66.66666666666667,contact-lenses,1,3
LR,new,100.0,100.0,95.23809523809523,66.66666666666667,contact-lenses,1,3
MLP,old,100.0,100.0,100.0,100.0,contact-lenses,1,3
MLP,clean,66.66666666666666,40.0,95.23809523809523,100.0,contact-lenses,1,3
MLP,weighted,100.0,100.0,100.0,66.66666666666667,contact-lenses,1,3
MLP,new,100.0,100.0,95.23809523809523,66.66666666666667,contact-lenses,1,3
LR,old,50.0,33.33333333333333,100.0,100.0,contact-lenses,1,4
LR,clean,50.0,33.33333333333333,95.45454545454545,100.0,contact-lenses,1,4
LR,weighted,50.0,33.33333333333333,100.0,44.44444444444444,contact-lenses,1,4
LR,new,50.0,33.33333333333333,95.45454545454545,44.44444444444444,contact-lenses,1,4
MLP,old,50.0,33.33333333333333,100.0,100.0,contact-lenses,1,4
MLP,clean,50.0,33.33333333333333,95.45454545454545,100.0,contact-lenses,1,4
MLP,weighted,50.0,33.33333333333333,100.0,44.44444444444444,contact-lenses,1,4
MLP,new,50.0,33.33333333333333,95.45454545454545,44.44444444444444,contact-lenses,1,4
LR,old,100.0,100.0,100.0,100.0,contact-lenses,1,5
LR,clean,100.0,100.0,90.9090909090909,100.0,contact-lenses,1,5
LR,weighted,100.0,100.0,100.0,66.66666666666667,contact-lenses,1,5
LR,new,100.0,100.0,90.9090909090909,66.66666666666667,contact-lenses,1,5
MLP,old,100.0,100.0,100.0,100.0,contact-lenses,1,5
MLP,clean,100.0,100.0,90.9090909090909,100.0,contact-lenses,1,5
MLP,weighted,100.0,100.0,100.0,66.66666666666667,contact-lenses,1,5
MLP,new,100.0,100.0,90.9090909090909,66.66666666666667,contact-lenses,1,5
LR,old,100.0,100.0,100.0,100.0,contact-lenses,1,6
LR,clean,100.0,100.0,100.0,100.0,contact-lenses,1,6
LR,weighted,100.0,100.0,100.0,55.55555555555556,contact-lenses,1,6
LR,new,100.0,100.0,100.0,55.55555555555556,contact-lenses,1,6
MLP,old,100.0,100.0,100.0,100.0,contact-lenses,1,6
MLP,clean,100.0,100.0,100.0,100.0,contact-lenses,1,6
MLP,weighted,50.0,33.33333333333333,100.0,55.55555555555556,contact-lenses,1,6
MLP,new,50.0,33.33333333333333,100.0,55.55555555555556,contact-lenses,1,6
LR,old,100.0,100.0,100.0,100.0,contact-lenses,1,7
LR,clean,100.0,100.0,95.45454545454545,100.0,contact-lenses,1,7
LR,weighted,100.0,100.0,100.0,66.66666666666667,contact-lenses,1,7
LR,new,100.0,100.0,95.45454545454545,66.66666666666667,contact-lenses,1,7
MLP,old,100.0,100.0,100.0,100.0,contact-lenses,1,7
MLP,clean,100.0,100.0,95.45454545454545,100.0,contact-lenses,1,7
MLP,weighted,100.0,100.0,100.0,66.66666666666667,contact-lenses,1,7
MLP,new,100.0,100.0,95.45454545454545,66.66666666666667,contact-lenses,1,7
LR,old,100.0,100.0,100.0,100.0,contact-lenses,1,8
LR,clean,100.0,100.0,95.45454545454545,100.0,contact-lenses,1,8
LR,weighted,100.0,100.0,100.0,66.66666666666667,contact-lenses,1,8
LR,new,100.0,100.0,95.45454545454545,66.66666666666667,contact-lenses,1,8
MLP,old,100.0,100.0,100.0,100.0,contact-lenses,1,8
MLP,clean,100.0,100.0,95.45454545454545,100.0,contact-lenses,1,8
MLP,weighted,50.0,33.33333333333333,100.0,66.66666666666667,contact-lenses,1,8
MLP,new,100.0,100.0,95.45454545454545,66.66666666666667,contact-lenses,1,8
LR,old,50.0,33.33333333333333,100.0,100.0,contact-lenses,1,9
LR,clean,100.0,100.0,95.45454545454545,100.0,contact-lenses,1,9
LR,weighted,50.0,33.33333333333333,100.0,55.55555555555556,contact-lenses,1,9
LR,new,100.0,100.0,95.45454545454545,55.55555555555556,contact-lenses,1,9
MLP,old,100.0,100.0,100.0,100.0,contact-lenses,1,9
MLP,clean,100.0,100.0,95.45454545454545,100.0,contact-lenses,1,9
MLP,weighted,50.0,33.33333333333333,100.0,55.55555555555556,contact-lenses,1,9
MLP,new,50.0,33.33333333333333,95.45454545454545,55.55555555555556,contact-lenses,1,9
LR,old,66.66666666666666,40.0,100.0,100.0,contact-lenses,2,0
LR,clean,66.66666666666666,40.0,95.23809523809523,100.0,contact-lenses,2,0
LR,weighted,66.66666666666666,40.0,100.0,44.44444444444444,contact-lenses,2,0
LR,new,66.66666666666666,40.0,95.23809523809523,44.44444444444444,contact-lenses,2,0
MLP,old,66.66666666666666,40.0,100.0,100.0,contact-lenses,2,0
MLP,clean,66.66666666666666,40.0,95.23809523809523,100.0,contact-lenses,2,0
MLP,weighted,66.66666666666666,40.0,100.0,44.44444444444444,contact-lenses,2,0
MLP,new,66.66666666666666,40.0,95.23809523809523,44.44444444444444,contact-lenses,2,0
LR,old,66.66666666666666,55.55555555555555,100.0,100.0,contact-lenses,2,1
LR,clean,66.66666666666666,55.55555555555555,90.47619047619048,100.0,contact-lenses,2,1
LR,weighted,66.66666666666666,55.55555555555555,100.0,44.44444444444444,contact-lenses,2,1
LR,new,66.66666666666666,55.55555555555555,90.47619047619048,44.44444444444444,contact-lenses,2,1
MLP,old,66.66666666666666,55.55555555555555,100.0,100.0,contact-lenses,2,1
MLP,clean,66.66666666666666,55.55555555555555,90.47619047619048,100.0,contact-lenses,2,1
MLP,weighted,33.33333333333333,22.22222222222222,100.0,44.44444444444444,contact-lenses,2,1
MLP,new,66.66666666666666,55.55555555555555,90.47619047619048,44.44444444444444,contact-lenses,2,1
LR,old,66.66666666666666,40.0,100.0,100.0,contact-lenses,2,2
LR,clean,100.0,100.0,95.23809523809523,100.0,contact-lenses,2,2
LR,weighted,100.0,100.0,100.0,66.66666666666667,contact-lenses,2,2
LR,new,100.0,100.0,95.23809523809523,66.66666666666667,contact-lenses,2,2
MLP,old,100.0,100.0,100.0,100.0,contact-lenses,2,2
MLP,clean,100.0,100.0,95.23809523809523,100.0,contact-lenses,2,2
MLP,weighted,66.66666666666666,40.0,100.0,66.66666666666667,contact-lenses,2,2
MLP,new,66.66666666666666,40.0,95.23809523809523,66.66666666666667,contact-lenses,2,2
LR,old,33.33333333333333,25.0,100.0,100.0,contact-lenses,2,3
LR,clean,66.66666666666666,66.66666666666666,90.47619047619048,100.0,contact-lenses,2,3
LR,weighted,33.33333333333333,25.0,100.0,44.44444444444444,contact-lenses,2,3
LR,new,66.66666666666666,66.66666666666666,90.47619047619048,44.44444444444444,contact-lenses,2,3
MLP,old,33.33333333333333,25.0,100.0,100.0,contact-lenses,2,3
MLP,clean,66.66666666666666,66.66666666666666,90.47619047619048,100.0,contact-lenses,2,3
MLP,weighted,33.33333333333333,25.0,100.0,44.44444444444444,contact-lenses,2,3
MLP,new,33.33333333333333,22.22222222222222,90.47619047619048,44.44444444444444,contact-lenses,2,3
LR,old,100.0,100.0,100.0,100.0,contact-lenses,2,4
LR,clean,50.0,33.33333333333333,90.9090909090909,100.0,contact-lenses,2,4
LR,weighted,100.0,100.0,100.0,66.66666666666667,contact-lenses,2,4
LR,new,50.0,33.33333333333333,90.9090909090909,66.66666666666667,contact-lenses,2,4
MLP,old,50.0,33.33333333333333,100.0,100.0,contact-lenses,2,4
MLP,clean,50.0,33.33333333333333,90.9090909090909,100.0,contact-lenses,2,4
MLP,weighted,100.0,100.0,100.0,66.66666666666667,contact-lenses,2,4
MLP,new,50.0,33.33333333333333,90.9090909090909,66.66666666666667,contact-lenses,2,4
LR,old,100.0,100.0,100.0,100.0,contact-lenses,2,5
LR,clean,100.0,100.0,95.45454545454545,100.0,contact-lenses,2,5
LR,weighted,100.0,100.0,100.0,55.55555555555556,contact-lenses,2,5
LR,new,100.0,100.0,95.45454545454545,55.55555555555556,contact-lenses,2,5
MLP,old,100.0,100.0,100.0,100.0,contact-lenses,2,5
MLP,clean,100.0,100.0,95.45454545454545,100.0,contact-lenses,2,5
MLP,weighted,50.0,33.33333333333333,100.0,55.55555555555556,contact-lenses,2,5
MLP,new,50.0,33.33333333333333,95.45454545454545,55.55555555555556,contact-lenses,2,5
LR,old,100.0,100.0,100.0,100.0,contact-lenses,2,6
LR,clean,100.0,100.0,95.45454545454545,100.0,contact-lenses,2,6
LR,weighted,100.0,100.0,100.0,66.66666666666667,contact-lenses,2,6
LR,new,100.0,100.0,95.45454545454545,66.66666666666667,contact-lenses,2,6
MLP,old,100.0,100.0,100.0,100.0,contact-lenses,2,6
MLP,clean,100.0,100.0,95.45454545454545,100.0,contact-lenses,2,6
MLP,weighted,100.0,100.0,100.0,66.66666666666667,contact-lenses,2,6
MLP,new,100.0,100.0,95.45454545454545,66.66666666666667,contact-lenses,2,6
LR,old,100.0,100.0,100.0,100.0,contact-lenses,2,7
LR,clean,100.0,100.0,86.36363636363636,100.0,contact-lenses,2,7
LR,weighted,100.0,100.0,100.0,66.66666666666667,contact-lenses,2,7
LR,new,100.0,100.0,86.36363636363636,66.66666666666667,contact-lenses,2,7
MLP,old,100.0,100.0,100.0,100.0,contact-lenses,2,7
MLP,clean,100.0,100.0,86.36363636363636,100.0,contact-lenses,2,7
MLP,weighted,100.0,100.0,100.0,66.66666666666667,contact-lenses,2,7
MLP,new,100.0,100.0,86.36363636363636,66.66666666666667,contact-lenses,2,7
LR,old,50.0,33.33333333333333,100.0,100.0,contact-lenses,2,8
LR,clean,50.0,33.33333333333333,90.9090909090909,100.0,contact-lenses,2,8
LR,weighted,50.0,33.33333333333333,100.0,55.55555555555556,contact-lenses,2,8
LR,new,100.0,100.0,90.9090909090909,55.55555555555556,contact-lenses,2,8
MLP,old,50.0,33.33333333333333,100.0,100.0,contact-lenses,2,8
MLP,clean,50.0,33.33333333333333,90.9090909090909,100.0,contact-lenses,2,8
MLP,weighted,50.0,33.33333333333333,100.0,55.55555555555556,contact-lenses,2,8
MLP,new,100.0,100.0,90.9090909090909,55.55555555555556,contact-lenses,2,8
LR,old,100.0,100.0,100.0,100.0,contact-lenses,2,9
LR,clean,100.0,100.0,86.36363636363636,100.0,contact-lenses,2,9
LR,weighted,100.0,100.0,100.0,66.66666666666667,contact-lenses,2,9
LR,new,100.0,100.0,86.36363636363636,66.66666666666667,contact-lenses,2,9
MLP,old,100.0,100.0,100.0,100.0,contact-lenses,2,9
MLP,clean,100.0,100.0,86.36363636363636,100.0,contact-lenses,2,9
MLP,weighted,100.0,100.0,100.0,66.66666666666667,contact-lenses,2,9
MLP,new,100.0,100.0,86.36363636363636,66.66666666666667,contact-lenses,2,9
LR,old,33.33333333333333,25.0,100.0,100.0,contact-lenses,3,0
LR,clean,66.66666666666666,66.66666666666666,90.47619047619048,100.0,contact-lenses,3,0
LR,weighted,33.33333333333333,25.0,100.0,44.44444444444444,contact-lenses,3,0
LR,new,66.66666666666666,66.66666666666666,90.47619047619048,44.44444444444444,contact-lenses,3,0
MLP,old,33.33333333333333,25.0,100.0,100.0,contact-lenses,3,0
MLP,clean,66.66666666666666,66.66666666666666,90.47619047619048,100.0,contact-lenses,3,0
MLP,weighted,33.33333333333333,25.0,100.0,44.44444444444444,contact-lenses,3,0
MLP,new,66.66666666666666,66.66666666666666,90.47619047619048,44.44444444444444,contact-lenses,3,0
LR,old,66.66666666666666,40.0,100.0,100.0,contact-lenses,3,1
LR,clean,66.66666666666666,40.0,95.23809523809523,100.0,contact-lenses,3,1
LR,weighted,66.66666666666666,40.0,100.0,44.44444444444444,contact-lenses,3,1
LR,new,66.66666666666666,40.0,95.23809523809523,44.44444444444444,contact-lenses,3,1
MLP,old,66.66666666666666,40.0,100.0,100.0,contact-lenses,3,1
MLP,clean,66.66666666666666,40.0,95.23809523809523,100.0,contact-lenses,3,1
MLP,weighted,66.66666666666666,40.0,100.0,44.44444444444444,contact-lenses,3,1
MLP,new,66.66666666666666,40.0,95.23809523809523,44.44444444444444,contact-lenses,3,1
LR,old,100.0,100.0,100.0,100.0,contact-lenses,3,2
LR,clean,100.0,100.0,90.47619047619048,100.0,contact-lenses,3,2
LR,weighted,100.0,100.0,100.0,66.66666666666667,contact-lenses,3,2
LR,new,100.0,100.0,90.47619047619048,66.66666666666667,contact-lenses,3,2
MLP,old,100.0,100.0,100.0,100.0,contact-lenses,3,2
MLP,clean,100.0,100.0,90.47619047619048,100.0,contact-lenses,3,2
MLP,weighted,100.0,100.0,100.0,66.66666666666667,contact-lenses,3,2
MLP,new,66.66666666666666,33.33333333333333,90.47619047619048,66.66666666666667,contact-lenses,3,2
LR,old,66.66666666666666,40.0,100.0,100.0,contact-lenses,3,3
LR,clean,66.66666666666666,40.0,95.23809523809523,100.0,contact-lenses,3,3
LR,weighted,100.0,100.0,100.0,66.66666666666667,contact-lenses,3,3
LR,new,100.0,100.0,95.23809523809523,66.66666666666667,contact-lenses,3,3
MLP,old,100.0,100.0,100.0,100.0,contact-lenses,3,3
MLP,clean,100.0,100.0,95.23809523809523,100.0,contact-lenses,3,3
MLP,weighted,100.0,100.0,100.0,66.66666666666667,contact-lenses,3,3
MLP,new,100.0,100.0,95.23809523809523,66.66666666666667,contact-lenses,3,3
LR,old,100.0,100.0,100.0,100.0,contact-lenses,3,4
LR,clean,100.0,100.0,95.45454545454545,100.0,contact-lenses,3,4
LR,weighted,100.0,100.0,100.0,66.66666666666667,contact-lenses,3,4
LR,new,100.0,100.0,95.45454545454545,66.66666666666667,contact-lenses,3,4
MLP,old,100.0,100.0,100.0,100.0,contact-lenses,3,4
MLP,clean,100.0,100.0,95.45454545454545,100.0,contact-lenses,3,4
MLP,weighted,100.0,100.0,100.0,66.66666666666667,contact-lenses,3,4
MLP,new,100.0,100.0,95.45454545454545,66.66666666666667,contact-lenses,3,4
LR,old,50.0,33.33333333333333,100.0,100.0,contact-lenses,3,5
LR,clean,50.0,33.33333333333333,90.9090909090909,100.0,contact-lenses,3,5
LR,weighted,100.0,100.0,100.0,66.66666666666667,contact-lenses,3,5
LR,new,50.0,33.33333333333333,90.9090909090909,66.66666666666667,contact-lenses,3,5
MLP,old,50.0,33.33333333333333,100.0,100.0,contact-lenses,3,5
MLP,clean,50.0,33.33333333333333,90.9090909090909,100.0,contact-lenses,3,5
MLP,weighted,50.0,33.33333333333333,100.0,66.66666666666667,contact-lenses,3,5
MLP,new,50.0,33.33333333333333,90.9090909090909,66.66666666666667,contact-lenses,3,5
LR,old,100.0,100.0,100.0,100.0,contact-lenses,3,6
LR,clean,100.0,100.0,95.45454545454545,100.0,contact-lenses,3,6
LR,weighted,100.0,100.0,100.0,66.66666666666667,contact-lenses,3,6
LR,new,100.0,100.0,95.45454545454545,66.66666666666667,contact-lenses,3,6
MLP,old,100.0,100.0,100.0,100.0,contact-lenses,3,6
MLP,clean,100.0,100.0,95.45454545454545,100.0,contact-lenses,3,6
MLP,weighted,100.0,100.0,100.0,66.66666666666667,contact-lenses,3,6
MLP,new,100.0,100.0,95.45454545454545,66.66666666666667,contact-lenses,3,6
LR,old,50.0,33.33333333333333,100.0,100.0,contact-lenses,3,7
LR,clean,100.0,100.0,90.9090909090909,100.0,contact-lenses,3,7
LR,weighted,50.0,33.33333333333333,100.0,55.55555555555556,contact-lenses,3,7
LR,new,100.0,100.0,90.9090909090909,55.55555555555556,contact-lenses,3,7
MLP,old,50.0,33.33333333333333,100.0,100.0,contact-lenses,3,7
MLP,clean,50.0,33.33333333333333,90.9090909090909,100.0,contact-lenses,3,7
MLP,weighted,50.0,33.33333333333333,100.0,55.55555555555556,contact-lenses,3,7
MLP,new,50.0,33.33333333333333,90.9090909090909,55.55555555555556,contact-lenses,3,7
LR,old,50.0,33.33333333333333,100.0,100.0,contact-lenses,3,8
LR,clean,50.0,33.33333333333333,100.0,100.0,contact-lenses,3,8
LR,weighted,50.0,33.33333333333333,100.0,44.44444444444444,contact-lenses,3,8
LR,new,50.0,33.33333333333333,100.0,44.44444444444444,contact-lenses,3,8
MLP,old,0.0,0.0,100.0,100.0,contact-lenses,3,8
MLP,clean,0.0,0.0,100.0,100.0,contact-lenses,3,8
MLP,weighted,50.0,33.33333333333333,100.0,44.44444444444444,contact-lenses,3,8
MLP,new,50.0,33.33333333333333,100.0,44.44444444444444,contact-lenses,3,8
LR,old,100.0,100.0,100.0,100.0,contact-lenses,3,9
LR,clean,100.0,100.0,95.45454545454545,100.0,contact-lenses,3,9
LR,weighted,100.0,100.0,100.0,55.55555555555556,contact-lenses,3,9
LR,new,100.0,100.0,95.45454545454545,55.55555555555556,contact-lenses,3,9
MLP,old,50.0,33.33333333333333,100.0,100.0,contact-lenses,3,9
MLP,clean,100.0,100.0,95.45454545454545,100.0,contact-lenses,3,9
MLP,weighted,50.0,33.33333333333333,100.0,55.55555555555556,contact-lenses,3,9
MLP,new,50.0,33.33333333333333,95.45454545454545,55.55555555555556,contact-lenses,3,9
LR,old,66.66666666666666,40.0,100.0,100.0,contact-lenses,4,0
LR,clean,66.66666666666666,40.0,90.47619047619048,100.0,contact-lenses,4,0
LR,weighted,66.66666666666666,40.0,100.0,66.66666666666667,contact-lenses,4,0
LR,new,100.0,100.0,90.47619047619048,66.66666666666667,contact-lenses,4,0
MLP,old,66.66666666666666,40.0,100.0,100.0,contact-lenses,4,0
MLP,clean,100.0,100.0,90.47619047619048,100.0,contact-lenses,4,0
MLP,weighted,66.66666666666666,40.0,100.0,66.66666666666667,contact-lenses,4,0
MLP,new,66.66666666666666,40.0,90.47619047619048,66.66666666666667,contact-lenses,4,0
LR,old,100.0,100.0,100.0,100.0,contact-lenses,4,1
LR,clean,100.0,100.0,95.23809523809523,100.0,contact-lenses,4,1
LR,weighted,100.0,100.0,100.0,66.66666666666667,contact-lenses,4,1
LR,new,100.0,100.0,95.23809523809523,66.66666666666667,contact-lenses,4,1
MLP,old,100.0,100.0,100.0,100.0,contact-lenses,4,1
MLP,clean,100.0,100.0,95.23809523809523,100.0,contact-lenses,4,1
MLP,weighted,100.0,100.0,100.0,66.66666666666667,contact-lenses,4,1
MLP,new,100.0,100.0,95.23809523809523,66.66666666666667,contact-lenses,4,1
LR,old,66.66666666666666,40.0,100.0,100.0,contact-lenses,4,2
LR,clean,100.0,100.0,85.71428571428571,100.0,contact-lenses,4,2
LR,weighted,100.0,100.0,100.0,66.66666666666667,contact-lenses,4,2
LR,new,100.0,100.0,85.71428571428571,66.66666666666667,contact-lenses,4,2
MLP,old,100.0,100.0,100.0,100.0,contact-lenses,4,2
MLP,clean,100.0,100.0,85.71428571428571,100.0,contact-lenses,4,2
MLP,weighted,66.66666666666666,40.0,100.0,66.66666666666667,contact-lenses,4,2
MLP,new,100.0,100.0,85.71428571428571,66.66666666666667,contact-lenses,4,2
LR,old,66.66666666666666,40.0,100.0,100.0,contact-lenses,4,3
LR,clean,66.66666666666666,40.0,90.47619047619048,100.0,contact-lenses,4,3
LR,weighted,66.66666666666666,40.0,100.0,44.44444444444444,contact-lenses,4,3
LR,new,100.0,100.0,90.47619047619048,44.44444444444444,contact-lenses,4,3
MLP,old,66.66666666666666,40.0,100.0,100.0,contact-lenses,4,3
MLP,clean,66.66666666666666,40.0,90.47619047619048,100.0,contact-lenses,4,3
MLP,weighted,66.66666666666666,40.0,100.0,44.44444444444444,contact-lenses,4,3
MLP,new,66.66666666666666,33.33333333333333,90.47619047619048,44.44444444444444,contact-lenses,4,3
LR,old,50.0,33.33333333333333,100.0,100.0,contact-lenses,4,4
LR,clean,50.0,33.33333333333333,100.0,100.0,contact-lenses,4,4
LR,weighted,50.0,33.33333333333333,100.0,44.44444444444444,contact-lenses,4,4
LR,new,50.0,33.33333333333333,100.0,44.44444444444444,contact-lenses,4,4
MLP,old,50.0,33.33333333333333,100.0,100.0,contact-lenses,4,4
MLP,clean,50.0,33.33333333333333,100.0,100.0,contact-lenses,4,4
MLP,weighted,50.0,33.33333333333333,100.0,44.44444444444444,contact-lenses,4,4
MLP,new,50.0,33.33333333333333,100.0,44.44444444444444,contact-lenses,4,4
LR,old,50.0,33.33333333333333,100.0,100.0,contact-lenses,4,5
LR,clean,50.0,33.33333333333333,90.9090909090909,100.0,contact-lenses,4,5
LR,weighted,100.0,100.0,100.0,66.66666666666667,contact-lenses,4,5
LR,new,50.0,33.33333333333333,90.9090909090909,66.66666666666667,contact-lenses,4,5
MLP,old,50.0,33.33333333333333,100.0,100.0,contact-lenses,4,5
MLP,clean,50.0,33.33333333333333,90.9090909090909,100.0,contact-lenses,4,5
MLP,weighted,100.0,100.0,100.0,66.66666666666667,contact-lenses,4,5
MLP,new,50.0,33.33333333333333,90.9090909090909,66.66666666666667,contact-lenses,4,5
LR,old,50.0,33.33333333333333,100.0,100.0,contact-lenses,4,6
LR,clean,100.0,100.0,90.9090909090909,100.0,contact-lenses,4,6
LR,weighted,50.0,33.33333333333333,100.0,55.55555555555556,contact-lenses,4,6
LR,new,100.0,100.0,90.9090909090909,55.55555555555556,contact-lenses,4,6
MLP,old,50.0,33.33333333333333,100.0,100.0,contact-lenses,4,6
MLP,clean,100.0,100.0,90.9090909090909,100.0,contact-lenses,4,6
MLP,weighted,50.0,33.33333333333333,100.0,55.55555555555556,contact-lenses,4,6
MLP,new,50.0,33.33333333333333,90.9090909090909,55.55555555555556,contact-lenses,4,6
LR,old,100.0,100.0,100.0,100.0,contact-lenses,4,7
LR,clean,100.0,100.0,95.45454545454545,100.0,contact-lenses,4,7
LR,weighted,100.0,100.0,100.0,66.66666666666667,contact-lenses,4,7
LR,new,100.0,100.0,95.45454545454545,66.66666666666667,contact-lenses,4,7
MLP,old,100.0,100.0,100.0,100.0,contact-lenses,4,7
MLP,clean,100.0,100.0,95.45454545454545,100.0,contact-lenses,4,7
MLP,weighted,100.0,100.0,100.0,66.66666666666667,contact-lenses,4,7
MLP,new,100.0,100.0,95.45454545454545,66.66666666666667,contact-lenses,4,7
LR,old,100.0,100.0,100.0,100.0,contact-lenses,4,8
LR,clean,100.0,100.0,95.45454545454545,100.0,contact-lenses,4,8
LR,weighted,100.0,100.0,100.0,55.55555555555556,contact-lenses,4,8
LR,new,100.0,100.0,95.45454545454545,55.55555555555556,contact-lenses,4,8
MLP,old,100.0,100.0,100.0,100.0,contact-lenses,4,8
MLP,clean,100.0,100.0,95.45454545454545,100.0,contact-lenses,4,8
MLP,weighted,50.0,33.33333333333333,100.0,55.55555555555556,contact-lenses,4,8
MLP,new,100.0,100.0,95.45454545454545,55.55555555555556,contact-lenses,4,8
LR,old,50.0,33.33333333333333,100.0,100.0,contact-lenses,4,9
LR,clean,50.0,33.33333333333333,90.9090909090909,100.0,contact-lenses,4,9
LR,weighted,50.0,33.33333333333333,100.0,66.66666666666667,contact-lenses,4,9
LR,new,50.0,33.33333333333333,90.9090909090909,66.66666666666667,contact-lenses,4,9
MLP,old,50.0,33.33333333333333,100.0,100.0,contact-lenses,4,9
MLP,clean,50.0,33.33333333333333,90.9090909090909,100.0,contact-lenses,4,9
MLP,weighted,50.0,33.33333333333333,100.0,66.66666666666667,contact-lenses,4,9
MLP,new,50.0,33.33333333333333,90.9090909090909,66.66666666666667,contact-lenses,4,9
LR,old,74.02597402597402,69.73270440251574,100.0,100.0,diabetes,0,0
LR,clean,74.02597402597402,69.73270440251574,92.04052098408104,100.0,diabetes,0,0
LR,weighted,74.02597402597402,69.73270440251574,100.0,100.0,diabetes,0,0
LR,new,74.02597402597402,69.73270440251574,92.04052098408104,100.0,diabetes,0,0
MLP,old,75.32467532467533,70.908729369656,100.0,100.0,diabetes,0,0
MLP,clean,75.32467532467533,71.56462585034014,92.04052098408104,100.0,diabetes,0,0
MLP,weighted,77.92207792207793,74.5578231292517,100.0,100.0,diabetes,0,0
MLP,new,76.62337662337663,72.75943396226415,92.04052098408104,100.0,diabetes,0,0
LR,old,75.32467532467533,70.17329255861367,100.0,100.0,diabetes,0,1
LR,clean,77.92207792207793,73.31294597349644,92.90882778581766,100.0,diabetes,0,1
LR,weighted,75.32467532467533,70.17329255861367,100.0,100.0,diabetes,0,1
LR,new,77.92207792207793,73.31294597349644,92.90882778581766,100.0,diabetes,0,1
MLP,old,76.62337662337663,72.10144927536233,100.0,100.0,diabetes,0,1
MLP,clean,76.62337662337663,72.10144927536233,92.90882778581766,100.0,diabetes,0,1
MLP,weighted,77.92207792207793,73.31294597349644,100.0,100.0,diabetes,0,1
MLP,new,75.32467532467533,70.17329255861367,92.90882778581766,100.0,diabetes,0,1
LR,old,80.51948051948052,78.42331402951615,100.0,100.0,diabetes,0,2
LR,clean,80.51948051948052,78.42331402951615,91.75108538350217,100.0,diabetes,0,2
LR,weighted,80.51948051948052,78.42331402951615,100.0,100.0,diabetes,0,2
LR,new,80.51948051948052,78.42331402951615,91.75108538350217,100.0,diabetes,0,2
MLP,old,79.22077922077922,77.18518518518518,100.0,100.0,diabetes,0,2
MLP,clean,79.22077922077922,77.18518518518518,91.75108538350217,100.0,diabetes,0,2
MLP,weighted,77.92207792207793,75.95959595959596,100.0,100.0,diabetes,0,2
MLP,new,79.22077922077922,77.18518518518518,91.75108538350217,100.0,diabetes,0,2
LR,old,72.72727272727273,65.09820850420893,100.0,100.0,diabetes,0,3
LR,clean,70.12987012987013,62.89545359312802,92.61939218523878,100.0,diabetes,0,3
LR,weighted,72.72727272727273,65.09820850420893,100.0,100.0,diabetes,0,3
LR,new,71.42857142857143,63.988095238095234,92.61939218523878,100.0,diabetes,0,3
MLP,old,68.83116883116884,61.81818181818181,100.0,100.0,diabetes,0,3
MLP,clean,67.53246753246754,60.75433231396534,92.61939218523878,100.0,diabetes,0,3
MLP,weighted,70.12987012987013,63.893985728848115,100.0,100.0,diabetes,0,3
MLP,new,70.12987012987013,62.89545359312802,92.61939218523878,100.0,diabetes,0,3
LR,old,79.22077922077922,76.3076923076923,100.0,100.0,diabetes,0,4
LR,clean,79.22077922077922,76.3076923076923,91.75108538350217,100.0,diabetes,0,4
LR,weighted,79.22077922077922,76.3076923076923,100.0,100.0,diabetes,0,4
LR,new,79.22077922077922,76.3076923076923,91.75108538350217,100.0,diabetes,0,4
MLP,old,81.81818181818183,79.67571644042233,100.0,100.0,diabetes,0,4
MLP,clean,80.51948051948052,78.42331402951615,91.75108538350217,100.0,diabetes,0,4
MLP,weighted,81.81818181818183,79.26923076923077,100.0,100.0,diabetes,0,4
MLP,new,79.22077922077922,76.3076923076923,91.75108538350217,100.0,diabetes,0,4
LR,old,74.02597402597402,70.38461538461537,100.0,100.0,diabetes,0,5
LR,clean,77.92207792207793,75.08090614886731,92.61939218523878,100.0,diabetes,0,5
LR,weighted,75.32467532467533,71.56462585034014,100.0,100.0,diabetes,0,5
LR,new,77.92207792207793,75.08090614886731,92.61939218523878,100.0,diabetes,0,5
MLP,old,74.02597402597402,69.73270440251574,100.0,100.0,diabetes,0,5
MLP,clean,74.02597402597402,69.73270440251574,92.61939218523878,100.0,diabetes,0,5
MLP,weighted,74.02597402597402,69.73270440251574,100.0,100.0,diabetes,0,5
MLP,new,72.72727272727273,67.84649035593557,92.61939218523878,100.0,diabetes,0,5
LR,old,84.4155844155844,81.83962264150944,100.0,100.0,diabetes,0,6
LR,clean,84.4155844155844,81.83962264150944,92.76410998552822,100.0,diabetes,0,6
LR,weighted,84.4155844155844,81.83962264150944,100.0,100.0,diabetes,0,6
LR,new,84.4155844155844,81.83962264150944,92.76410998552822,100.0,diabetes,0,6
MLP,old,87.01298701298701,84.86635220125787,100.0,100.0,diabetes,0,6
MLP,clean,85.71428571428571,83.53741496598639,92.76410998552822,100.0,diabetes,0,6
MLP,weighted,85.71428571428571,83.53741496598639,100.0,100.0,diabetes,0,6
MLP,new,85.71428571428571,83.53741496598639,92.76410998552822,100.0,diabetes,0,6
LR,old,79.22077922077922,75.2012882447665,100.0,100.0,diabetes,0,7
LR,clean,77.92207792207793,73.97096838337643,92.61939218523878,100.0,diabetes,0,7
LR,weighted,79.22077922077922,75.2012882447665,100.0,100.0,diabetes,0,7
LR,new,76.62337662337663,72.10144927536233,92.61939218523878,100.0,diabetes,0,7
MLP,old,80.51948051948052,77.03320739709683,100.0,100.0,diabetes,0,7
MLP,clean,79.22077922077922,74.54545454545453,92.61939218523878,100.0,diabetes,0,7
MLP,weighted,76.62337662337663,71.36363636363636,100.0,100.0,diabetes,0,7
MLP,new,76.62337662337663,71.36363636363636,92.61939218523878,100.0,diabetes,0,7
LR,old,78.94736842105263,76.15686274509804,100.0,100.0,diabetes,0,8
LR,clean,77.63157894736842,74.91749174917491,92.63005780346822,100.0,diabetes,0,8
LR,weighted,78.94736842105263,76.15686274509804,100.0,100.0,diabetes,0,8
LR,new,78.94736842105263,76.15686274509804,92.63005780346822,100.0,diabetes,0,8
MLP,old,76.31578947368422,73.17647058823529,100.0,100.0,diabetes,0,8
MLP,clean,84.21052631578947,82.11764705882352,92.63005780346822,100.0,diabetes,0,8
MLP,weighted,77.63157894736842,74.40063404002377,100.0,100.0,diabetes,0,8
MLP,new,78.94736842105263,76.15686274509804,92.63005780346822,100.0,diabetes,0,8
LR,old,76.31578947368422,72.59615384615384,100.0,100.0,diabetes,0,9
LR,clean,76.31578947368422,71.94421657095981,93.9306358381503,100.0,diabetes,0,9
LR,weighted,76.31578947368422,72.59615384615384,100.0,100.0,diabetes,0,9
LR,new,76.31578947368422,71.94421657095981,93.9306358381503,100.0,diabetes,0,9
MLP,old,75.0,71.38894392708539,100.0,100.0,diabetes,0,9
MLP,clean,76.31578947368422,71.94421657095981,93.9306358381503,100.0,diabetes,0,9
MLP,weighted,77.63157894736842,74.40063404002377,100.0,100.0,diabetes,0,9
MLP,new,77.63157894736842,73.81965552178318,93.9306358381503,100.0,diabetes,0,9
LR,old,72.72727272727273,65.09820850420893,100.0,100.0,diabetes,1,0
LR,clean,72.72727272727273,65.09820850420893,92.61939218523878,100.0,diabetes,1,0
LR,weighted,72.72727272727273,65.09820850420893,100.0,100.0,diabetes,1,0
LR,new,72.72727272727273,65.09820850420893,92.61939218523878,100.0,diabetes,1,0
MLP,old,74.02597402597402,68.18181818181819,100.0,100.0,diabetes,1,0
MLP,clean,75.32467532467533,70.17329255861367,92.61939218523878,100.0,diabetes,1,0
MLP,weighted,74.02597402597402,67.26190476190477,100.0,100.0,diabetes,1,0
MLP,new,74.02597402597402,67.26190476190477,92.61939218523878,100.0,diabetes,1,0
LR,old,79.22077922077922,77.18518518518518,100.0,100.0,diabetes,1,1
LR,clean,79.22077922077922,77.18518518518518,92.90882778581766,100.0,diabetes,1,1
LR,weighted,80.51948051948052,78.78787878787878,100.0,100.0,diabetes,1,1
LR,new,80.51948051948052,78.78787878787878,92.90882778581766,100.0,diabetes,1,1
MLP,old,79.22077922077922,77.55102040816327,100.0,100.0,diabetes,1,1
MLP,clean,80.51948051948052,78.78787878787878,92.90882778581766,100.0,diabetes,1,1
MLP,weighted,80.51948051948052,79.1101465002713,100.0,100.0,diabetes,1,1
MLP,new,80.51948051948052,78.78787878787878,92.90882778581766,100.0,diabetes,1,1
LR,old,74.02597402597402,71.9387755102041,100.0,100.0,diabetes,1,2
LR,clean,74.02597402597402,71.9387755102041,92.18523878437048,100.0,diabetes,1,2
LR,weighted,74.02597402597402,71.9387755102041,100.0,100.0,diabetes,1,2
LR,new,74.02597402597402,71.9387755102041,92.18523878437048,100.0,diabetes,1,2
MLP,old,75.32467532467533,73.53951890034365,100.0,100.0,diabetes,1,2
MLP,clean,75.32467532467533,73.53951890034365,92.18523878437048,100.0,diabetes,1,2
MLP,weighted,76.62337662337663,74.33333333333333,100.0,100.0,diabetes,1,2
MLP,new,77.92207792207793,75.95959595959596,92.18523878437048,100.0,diabetes,1,2
LR,old,81.81818181818183,80.03703703703704,100.0,100.0,diabetes,1,3
LR,clean,83.11688311688312,81.30020549224734,91.75108538350217,100.0,diabetes,1,3
LR,weighted,81.81818181818183,80.03703703703704,100.0,100.0,diabetes,1,3
LR,new,81.81818181818183,79.67571644042233,91.75108538350217,100.0,diabetes,1,3
MLP,old,72.72727272727273,69.2175899486008,100.0,100.0,diabetes,1,3
MLP,clean,84.4155844155844,82.23076923076923,91.75108538350217,100.0,diabetes,1,3
MLP,weighted,77.92207792207793,75.08090614886731,100.0,100.0,diabetes,1,3
MLP,new,83.11688311688312,80.94422234913384,91.75108538350217,100.0,diabetes,1,3
LR,old,80.51948051948052,76.45259938837921,100.0,100.0,diabetes,1,4
LR,clean,79.22077922077922,75.2012882447665,93.19826338639653,100.0,diabetes,1,4
LR,weighted,80.51948051948052,76.45259938837921,100.0,100.0,diabetes,1,4
LR,new,79.22077922077922,75.2012882447665,93.19826338639653,100.0,diabetes,1,4
MLP,old,79.22077922077922,74.54545454545453,100.0,100.0,diabetes,1,4
MLP,clean,79.22077922077922,75.78616352201257,93.19826338639653,100.0,diabetes,1,4
MLP,weighted,77.92207792207793,73.31294597349644,100.0,100.0,diabetes,1,4
MLP,new,79.22077922077922,75.2012882447665,93.19826338639653,100.0,diabetes,1,4
LR,old,83.11688311688312,79.0278650743767,100.0,100.0,diabetes,1,5
LR,clean,83.11688311688312,79.0278650743767,92.32995658465991,100.0,diabetes,1,5
LR,weighted,83.11688311688312,79.0278650743767,100.0,100.0,diabetes,1,5
LR,new,83.11688311688312,79.0278650743767,92.32995658465991,100.0,diabetes,1,5
MLP,old,85.71428571428571,82.25434737062645,100.0,100.0,diabetes,1,5
MLP,clean,83.11688311688312,79.0278650743767,92.32995658465991,100.0,diabetes,1,5
MLP,weighted,84.4155844155844,80.9090909090909,100.0,100.0,diabetes,1,5
MLP,new,84.4155844155844,80.9090909090909,92.32995658465991,100.0,diabetes,1,5
LR,old,75.32467532467533,70.908729369656,100.0,100.0,diabetes,1,6
LR,clean,76.62337662337663,72.75943396226415,92.04052098408104,100.0,diabetes,1,6
LR,weighted,76.62337662337663,72.75943396226415,100.0,100.0,diabetes,1,6
LR,new,76.62337662337663,72.75943396226415,92.04052098408104,100.0,diabetes,1,6
MLP,old,77.92207792207793,73.97096838337643,100.0,100.0,diabetes,1,6
MLP,clean,76.62337662337663,72.75943396226415,92.04052098408104,100.0,diabetes,1,6
MLP,weighted,77.92207792207793,73.97096838337643,100.0,100.0,diabetes,1,6
MLP,new,79.22077922077922,75.78616352201257,92.04052098408104,100.0,diabetes,1,6
LR,old,76.62337662337663,72.10144927536233,100.0,100.0,diabetes,1,7
LR,clean,72.72727272727273,69.2175899486008,93.05354558610709,100.0,diabetes,1,7
LR,weighted,75.32467532467533,70.908729369656,100.0,100.0,diabetes,1,7
LR,new,72.72727272727273,69.2175899486008,93.05354558610709,100.0,diabetes,1,7
MLP,old,72.72727272727273,69.2175899486008,100.0,100.0,diabetes,1,7
MLP,clean,70.12987012987013,66.28593184846754,93.05354558610709,100.0,diabetes,1,7
MLP,weighted,75.32467532467533,71.56462585034014,100.0,100.0,diabetes,1,7
MLP,new,70.12987012987013,66.91574817859146,93.05354558610709,100.0,diabetes,1,7
LR,old,81.57894736842105,78.17883511074652,100.0,100.0,diabetes,1,8
LR,clean,81.57894736842105,78.17883511074652,92.77456647398844,100.0,diabetes,1,8
LR,weighted,81.57894736842105,78.17883511074652,100.0,100.0,diabetes,1,8
LR,new,81.57894736842105,78.17883511074652,92.77456647398844,100.0,diabetes,1,8
MLP,old,77.63157894736842,73.81965552178318,100.0,100.0,diabetes,1,8
MLP,clean,81.57894736842105,78.68589743589745,92.77456647398844,100.0,diabetes,1,8
MLP,weighted,78.94736842105263,75.64102564102564,100.0,100.0,diabetes,1,8
MLP,new,81.57894736842105,78.17883511074652,92.77456647398844,100.0,diabetes,1,8
LR,old,64.47368421052632,57.38317757009346,100.0,100.0,diabetes,1,9
LR,clean,64.47368421052632,58.41945288753799,92.63005780346822,100.0,diabetes,1,9
LR,weighted,64.47368421052632,57.38317757009346,100.0,100.0,diabetes,1,9
LR,new,63.1578947368421,56.35767022149303,92.63005780346822,100.0,diabetes,1,9
MLP,old,63.1578947368421,57.37179487179487,100.0,100.0,diabetes,1,9
MLP,clean,67.10526315789474,62.35387358827026,92.63005780346822,100.0,diabetes,1,9
MLP,weighted,64.47368421052632,58.41945288753799,100.0,100.0,diabetes,1,9
MLP,new,64.47368421052632,59.34218347533188,92.63005780346822,100.0,diabetes,1,9
LR,old,76.62337662337663,72.75943396226415,100.0,100.0,diabetes,2,0
LR,clean,76.62337662337663,72.75943396226415,91.75108538350217,100.0,diabetes,2,0
LR,weighted,76.62337662337663,72.75943396226415,100.0,100.0,diabetes,2,0
LR,new,76.62337662337663,72.75943396226415,91.75108538350217,100.0,diabetes,2,0
MLP,old,74.02597402597402,70.38461538461537,100.0,100.0,diabetes,2,0
MLP,clean,71.42857142857143,67.42307692307692,91.75108538350217,100.0,diabetes,2,0
MLP,weighted,74.02597402597402,70.38461538461537,100.0,100.0,diabetes,2,0
MLP,new,68.83116883116884,65.15837104072398,91.75108538350217,100.0,diabetes,2,0
LR,old,75.32467532467533,72.14924804873407,100.0,100.0,diabetes,2,1
LR,clean,76.62337662337663,73.34615384615384,91.8958031837916,100.0,diabetes,2,1
LR,weighted,75.32467532467533,72.14924804873407,100.0,100.0,diabetes,2,1
LR,new,76.62337662337663,73.34615384615384,91.8958031837916,100.0,diabetes,2,1
MLP,old,71.42857142857143,69.13265306122449,100.0,100.0,diabetes,2,1
MLP,clean,72.72727272727273,70.3030303030303,91.8958031837916,100.0,diabetes,2,1
MLP,weighted,71.42857142857143,69.13265306122449,100.0,100.0,diabetes,2,1
MLP,new,74.02597402597402,71.48148148148148,91.8958031837916,100.0,diabetes,2,1
LR,old,74.02597402597402,72.3419540229885,100.0,100.0,diabetes,2,2
LR,clean,71.42857142857143,69.9645390070922,91.75108538350217,100.0,diabetes,2,2
LR,weighted,72.72727272727273,71.1507582515611,100.0,100.0,diabetes,2,2
LR,new,71.42857142857143,69.9645390070922,91.75108538350217,100.0,diabetes,2,2
MLP,old,74.02597402597402,72.3419540229885,100.0,100.0,diabetes,2,2
MLP,clean,75.32467532467533,74.21117574475586,91.75108538350217,100.0,diabetes,2,2
MLP,weighted,75.32467532467533,73.53951890034365,100.0,100.0,diabetes,2,2
MLP,new,74.02597402597402,72.69503546099291,91.75108538350217,100.0,diabetes,2,2
LR,old,81.81818181818183,77.72727272727272,100.0,100.0,diabetes,2,3
LR,clean,79.22077922077922,75.2012882447665,94.21128798842258,100.0,diabetes,2,3
LR,weighted,81.81818181818183,77.72727272727272,100.0,100.0,diabetes,2,3
LR,new,79.22077922077922,75.2012882447665,94.21128798842258,100.0,diabetes,2,3
MLP,old,79.22077922077922,74.54545454545453,100.0,100.0,diabetes,2,3
MLP,clean,83.11688311688312,80.09544641081726,94.21128798842258,100.0,diabetes,2,3
MLP,weighted,83.11688311688312,80.09544641081726,100.0,100.0,diabetes,2,3
MLP,new,80.51948051948052,77.55102040816327,94.21128798842258,100.0,diabetes,2,3
LR,old,85.71428571428571,83.53741496598639,100.0,100.0,diabetes,2,4
LR,clean,85.71428571428571,83.87588044926709,92.32995658465991,100.0,diabetes,2,4
LR,weighted,85.71428571428571,83.53741496598639,100.0,100.0,diabetes,2,4
LR,new,85.71428571428571,83.87588044926709,92.32995658465991,100.0,diabetes,2,4
MLP,old,81.81818181818183,79.26923076923077,100.0,100.0,diabetes,2,4
MLP,clean,85.71428571428571,83.53741496598639,92.32995658465991,100.0,diabetes,2,4
MLP,weighted,85.71428571428571,83.53741496598639,100.0,100.0,diabetes,2,4
MLP,new,87.01298701298701,85.19230769230771,92.32995658465991,100.0,diabetes,2,4
LR,old,71.42857142857143,68.06184012066365,100.0,100.0,diabetes,2,5
LR,clean,71.42857142857143,68.62962962962963,92.61939218523878,100.0,diabetes,2,5
LR,weighted,71.42857142857143,68.06184012066365,100.0,100.0,diabetes,2,5
LR,new,71.42857142857143,68.62962962962963,92.61939218523878,100.0,diabetes,2,5
MLP,old,74.02597402597402,71.48148148148148,100.0,100.0,diabetes,2,5
MLP,clean,72.72727272727273,69.79263964132262,92.61939218523878,100.0,diabetes,2,5
MLP,weighted,71.42857142857143,68.06184012066365,100.0,100.0,diabetes,2,5
MLP,new,72.72727272727273,69.2175899486008,92.61939218523878,100.0,diabetes,2,5
LR,old,81.81818181818183,78.812893081761,100.0,100.0,diabetes,2,6
LR,clean,83.11688311688312,80.09544641081726,92.90882778581766,100.0,diabetes,2,6
LR,weighted,81.81818181818183,78.812893081761,100.0,100.0,diabetes,2,6
LR,new,83.11688311688312,80.09544641081726,92.90882778581766,100.0,diabetes,2,6
MLP,old,79.22077922077922,75.78616352201257,100.0,100.0,diabetes,2,6
MLP,clean,80.51948051948052,77.03320739709683,92.90882778581766,100.0,diabetes,2,6
MLP,weighted,77.92207792207793,73.97096838337643,100.0,100.0,diabetes,2,6
MLP,new,80.51948051948052,77.03320739709683,92.90882778581766,100.0,diabetes,2,6
LR,old,79.22077922077922,73.80952380952381,100.0,100.0,diabetes,2,7
LR,clean,77.92207792207793,72.57490048187722,92.47467438494935,100.0,diabetes,2,7
LR,weighted,79.22077922077922,73.80952380952381,100.0,100.0,diabetes,2,7
LR,new,77.92207792207793,72.57490048187722,92.47467438494935,100.0,diabetes,2,7
MLP,old,76.62337662337663,71.36363636363636,100.0,100.0,diabetes,2,7
MLP,clean,76.62337662337663,71.36363636363636,92.47467438494935,100.0,diabetes,2,7
MLP,weighted,81.81818181818183,77.72727272727272,100.0,100.0,diabetes,2,7
MLP,new,77.92207792207793,73.31294597349644,92.47467438494935,100.0,diabetes,2,7
LR,old,69.73684210526315,64.57953394123606,100.0,100.0,diabetes,2,8
LR,clean,69.73684210526315,65.36556370120864,93.4971098265896,100.0,diabetes,2,8
LR,weighted,69.73684210526315,64.57953394123606,100.0,100.0,diabetes,2,8
LR,new,69.73684210526315,65.36556370120864,93.4971098265896,100.0,diabetes,2,8
MLP,old,72.36842105263158,67.65957446808511,100.0,100.0,diabetes,2,8
MLP,clean,71.05263157894737,66.50641025641025,93.4971098265896,100.0,diabetes,2,8
MLP,weighted,72.36842105263158,67.65957446808511,100.0,100.0,diabetes,2,8
MLP,new,68.42105263157895,63.46153846153846,93.4971098265896,100.0,diabetes,2,8
LR,old,80.26315789473685,75.67740558992959,100.0,100.0,diabetes,2,9
LR,clean,80.26315789473685,75.67740558992959,93.4971098265896,100.0,diabetes,2,9
LR,weighted,78.94736842105263,73.67965367965368,100.0,100.0,diabetes,2,9
LR,new,80.26315789473685,75.67740558992959,93.4971098265896,100.0,diabetes,2,9
MLP,old,81.57894736842105,76.96969696969697,100.0,100.0,diabetes,2,9
MLP,clean,80.26315789473685,75.67740558992959,93.4971098265896,100.0,diabetes,2,9
MLP,weighted,81.57894736842105,77.60942760942761,100.0,100.0,diabetes,2,9
MLP,new,80.26315789473685,75.67740558992959,93.4971098265896,100.0,diabetes,2,9
LR,old,79.22077922077922,74.54545454545453,100.0,100.0,diabetes,3,0
LR,clean,80.51948051948052,75.80138277812696,92.76410998552822,100.0,diabetes,3,0
LR,weighted,79.22077922077922,74.54545454545453,100.0,100.0,diabetes,3,0
LR,new,79.22077922077922,73.80952380952381,92.76410998552822,100.0,diabetes,3,0
MLP,old,80.51948051948052,75.80138277812696,100.0,100.0,diabetes,3,0
MLP,clean,76.62337662337663,71.36363636363636,92.76410998552822,100.0,diabetes,3,0
MLP,weighted,81.81818181818183,77.72727272727272,100.0,100.0,diabetes,3,0
MLP,new,80.51948051948052,75.80138277812696,92.76410998552822,100.0,diabetes,3,0
LR,old,75.32467532467533,70.908729369656,100.0,100.0,diabetes,3,1
LR,clean,75.32467532467533,70.908729369656,93.63241678726484,100.0,diabetes,3,1
LR,weighted,75.32467532467533,70.908729369656,100.0,100.0,diabetes,3,1
LR,new,75.32467532467533,70.908729369656,93.63241678726484,100.0,diabetes,3,1
MLP,old,72.72727272727273,68.57142857142857,100.0,100.0,diabetes,3,1
MLP,clean,75.32467532467533,71.56462585034014,93.63241678726484,100.0,diabetes,3,1
MLP,weighted,74.02597402597402,70.38461538461537,100.0,100.0,diabetes,3,1
MLP,new,76.62337662337663,72.10144927536233,93.63241678726484,100.0,diabetes,3,1
LR,old,75.32467532467533,69.3484181856275,100.0,100.0,diabetes,3,2
LR,clean,74.02597402597402,68.18181818181819,92.32995658465991,100.0,diabetes,3,2
LR,weighted,74.02597402597402,67.26190476190477,100.0,100.0,diabetes,3,2
LR,new,75.32467532467533,69.3484181856275,92.32995658465991,100.0,diabetes,3,2
MLP,old,74.02597402597402,66.22807017543859,100.0,100.0,diabetes,3,2
MLP,clean,75.32467532467533,69.3484181856275,92.32995658465991,100.0,diabetes,3,2
MLP,weighted,74.02597402597402,66.22807017543859,100.0,100.0,diabetes,3,2
MLP,new,74.02597402597402,67.26190476190477,92.32995658465991,100.0,diabetes,3,2
LR,old,81.81818181818183,78.812893081761,100.0,100.0,diabetes,3,3
LR,clean,81.81818181818183,78.812893081761,91.8958031837916,100.0,diabetes,3,3
LR,weighted,81.81818181818183,78.812893081761,100.0,100.0,diabetes,3,3
LR,new,81.81818181818183,78.812893081761,91.8958031837916,100.0,diabetes,3,3
MLP,old,80.51948051948052,77.03320739709683,100.0,100.0,diabetes,3,3
MLP,clean,81.81818181818183,78.812893081761,91.8958031837916,100.0,diabetes,3,3
MLP,weighted,79.22077922077922,75.78616352201257,100.0,100.0,diabetes,3,3
MLP,new,81.81818181818183,78.812893081761,91.8958031837916,100.0,diabetes,3,3
LR,old,87.01298701298701,85.96938775510203,100.0,100.0,diabetes,3,4
LR,clean,84.4155844155844,83.40517241379311,93.05354558610709,100.0,diabetes,3,4
LR,weighted,87.01298701298701,85.96938775510203,100.0,100.0,diabetes,3,4
LR,new,84.4155844155844,83.40517241379311,93.05354558610709,100.0,diabetes,3,4
MLP,old,80.51948051948052,77.55102040816327,100.0,100.0,diabetes,3,4
MLP,clean,84.4155844155844,83.40517241379311,93.05354558610709,100.0,diabetes,3,4
MLP,weighted,89.6103896103896,88.38612368024133,100.0,100.0,diabetes,3,4
MLP,new,85.71428571428571,84.68077410019895,93.05354558610709,100.0,diabetes,3,4
LR,old,80.51948051948052,77.55102040816327,100.0,100.0,diabetes,3,5
LR,clean,79.22077922077922,76.3076923076923,92.76410998552822,100.0,diabetes,3,5
LR,weighted,80.51948051948052,77.55102040816327,100.0,100.0,diabetes,3,5
LR,new,79.22077922077922,76.3076923076923,92.76410998552822,100.0,diabetes,3,5
MLP,old,81.81818181818183,79.67571644042233,100.0,100.0,diabetes,3,5
MLP,clean,79.22077922077922,76.3076923076923,92.76410998552822,100.0,diabetes,3,5
MLP,weighted,79.22077922077922,76.3076923076923,100.0,100.0,diabetes,3,5
MLP,new,79.22077922077922,76.3076923076923,92.76410998552822,100.0,diabetes,3,5
LR,old,70.12987012987013,66.28593184846754,100.0,100.0,diabetes,3,6
LR,clean,72.72727272727273,69.79263964132262,92.18523878437048,100.0,diabetes,3,6
LR,weighted,70.12987012987013,66.28593184846754,100.0,100.0,diabetes,3,6
LR,new,72.72727272727273,69.79263964132262,92.18523878437048,100.0,diabetes,3,6
MLP,old,70.12987012987013,65.578231292517,100.0,100.0,diabetes,3,6
MLP,clean,71.42857142857143,67.42307692307692,92.18523878437048,100.0,diabetes,3,6
MLP,weighted,72.72727272727273,68.57142857142857,100.0,100.0,diabetes,3,6
MLP,new,71.42857142857143,67.42307692307692,92.18523878437048,100.0,diabetes,3,6
LR,old,70.12987012987013,63.893985728848115,100.0,100.0,diabetes,3,7
LR,clean,72.72727272727273,67.84649035593557,93.4876989869754,100.0,diabetes,3,7
LR,weighted,70.12987012987013,63.893985728848115,100.0,100.0,diabetes,3,7
LR,new,72.72727272727273,67.84649035593557,93.4876989869754,100.0,diabetes,3,7
MLP,old,71.42857142857143,66.7059748427673,100.0,100.0,diabetes,3,7
MLP,clean,74.02597402597402,69.73270440251574,93.4876989869754,100.0,diabetes,3,7
MLP,weighted,72.72727272727273,67.84649035593557,100.0,100.0,diabetes,3,7
MLP,new,71.42857142857143,66.7059748427673,93.4876989869754,100.0,diabetes,3,7
LR,old,73.68421052631578,70.76923076923077,100.0,100.0,diabetes,3,8
LR,clean,72.36842105263158,69.58261863922242,92.63005780346822,100.0,diabetes,3,8
LR,weighted,73.68421052631578,70.76923076923077,100.0,100.0,diabetes,3,8
LR,new,72.36842105263158,69.58261863922242,92.63005780346822,100.0,diabetes,3,8
MLP,old,72.36842105263158,69.01572510192196,100.0,100.0,diabetes,3,8
MLP,clean,71.05263157894737,68.40513983371126,92.63005780346822,100.0,diabetes,3,8
MLP,weighted,71.05263157894737,67.84615384615384,100.0,100.0,diabetes,3,8
MLP,new,72.36842105263158,70.08434864104967,92.63005780346822,100.0,diabetes,3,8
LR,old,77.63157894736842,73.16718587746624,100.0,100.0,diabetes,3,9
LR,clean,78.94736842105263,75.06152584085316,92.63005780346822,100.0,diabetes,3,9
LR,weighted,77.63157894736842,73.16718587746624,100.0,100.0,diabetes,3,9
LR,new,77.63157894736842,73.81965552178318,92.63005780346822,100.0,diabetes,3,9
MLP,old,80.26315789473685,76.32398753894081,100.0,100.0,diabetes,3,9
MLP,clean,80.26315789473685,75.67740558992959,92.63005780346822,100.0,diabetes,3,9
MLP,weighted,78.94736842105263,74.41077441077442,100.0,100.0,diabetes,3,9
MLP,new,81.57894736842105,77.60942760942761,92.63005780346822,100.0,diabetes,3,9
LR,old,80.51948051948052,78.01256424900058,100.0,100.0,diabetes,4,0
LR,clean,79.22077922077922,77.18518518518518,92.90882778581766,100.0,diabetes,4,0
LR,weighted,80.51948051948052,78.01256424900058,100.0,100.0,diabetes,4,0
LR,new,77.92207792207793,75.54642256678498,92.90882778581766,100.0,diabetes,4,0
MLP,old,80.51948051948052,77.55102040816327,100.0,100.0,diabetes,4,0
MLP,clean,76.62337662337663,73.86877828054298,92.90882778581766,100.0,diabetes,4,0
MLP,weighted,79.22077922077922,76.77224736048265,100.0,100.0,diabetes,4,0
MLP,new,79.22077922077922,77.18518518518518,92.90882778581766,100.0,diabetes,4,0
LR,old,77.92207792207793,73.31294597349644,100.0,100.0,diabetes,4,1
LR,clean,77.92207792207793,73.97096838337643,91.02749638205499,100.0,diabetes,4,1
LR,weighted,77.92207792207793,73.31294597349644,100.0,100.0,diabetes,4,1
LR,new,77.92207792207793,73.97096838337643,91.02749638205499,100.0,diabetes,4,1
MLP,old,80.51948051948052,76.45259938837921,100.0,100.0,diabetes,4,1
MLP,clean,79.22077922077922,74.54545454545453,91.02749638205499,100.0,diabetes,4,1
MLP,weighted,80.51948051948052,76.45259938837921,100.0,100.0,diabetes,4,1
MLP,new,79.22077922077922,75.2012882447665,91.02749638205499,100.0,diabetes,4,1
LR,old,74.02597402597402,70.38461538461537,100.0,100.0,diabetes,4,2
LR,clean,74.02597402597402,70.38461538461537,92.90882778581766,100.0,diabetes,4,2
LR,weighted,74.02597402597402,70.38461538461537,100.0,100.0,diabetes,4,2
LR,new,74.02597402597402,70.38461538461537,92.90882778581766,100.0,diabetes,4,2
MLP,old,76.62337662337663,73.86877828054298,100.0,100.0,diabetes,4,2
MLP,clean,74.02597402597402,70.38461538461537,92.90882778581766,100.0,diabetes,4,2
MLP,weighted,74.02597402597402,70.38461538461537,100.0,100.0,diabetes,4,2
MLP,new,74.02597402597402,70.38461538461537,92.90882778581766,100.0,diabetes,4,2
LR,old,77.92207792207793,75.08090614886731,100.0,100.0,diabetes,4,3
LR,clean,80.51948051948052,77.55102040816327,92.04052098408104,100.0,diabetes,4,3
LR,weighted,77.92207792207793,75.08090614886731,100.0,100.0,diabetes,4,3
LR,new,80.51948051948052,77.55102040816327,92.04052098408104,100.0,diabetes,4,3
MLP,old,79.22077922077922,76.3076923076923,100.0,100.0,diabetes,4,3
MLP,clean,77.92207792207793,74.5578231292517,92.04052098408104,100.0,diabetes,4,3
MLP,weighted,80.51948051948052,77.55102040816327,100.0,100.0,diabetes,4,3
MLP,new,80.51948051948052,77.55102040816327,92.04052098408104,100.0,diabetes,4,3
LR,old,75.32467532467533,69.3484181856275,100.0,100.0,diabetes,4,4
LR,clean,75.32467532467533,69.3484181856275,91.75108538350217,100.0,diabetes,4,4
LR,weighted,77.92207792207793,72.57490048187722,100.0,100.0,diabetes,4,4
LR,new,75.32467532467533,69.3484181856275,91.75108538350217,100.0,diabetes,4,4
MLP,old,77.92207792207793,73.31294597349644,100.0,100.0,diabetes,4,4
MLP,clean,77.92207792207793,73.31294597349644,91.75108538350217,100.0,diabetes,4,4
MLP,weighted,74.02597402597402,68.18181818181819,100.0,100.0,diabetes,4,4
MLP,new,75.32467532467533,70.17329255861367,91.75108538350217,100.0,diabetes,4,4
LR,old,79.22077922077922,76.3076923076923,100.0,100.0,diabetes,4,5
LR,clean,83.11688311688312,80.94422234913384,91.8958031837916,100.0,diabetes,4,5
LR,weighted,80.51948051948052,77.55102040816327,100.0,100.0,diabetes,4,5
LR,new,80.51948051948052,78.01256424900058,91.8958031837916,100.0,diabetes,4,5
MLP,old,76.62337662337663,74.33333333333333,100.0,100.0,diabetes,4,5
MLP,clean,81.81818181818183,79.67571644042233,91.8958031837916,100.0,diabetes,4,5
MLP,weighted,76.62337662337663,74.33333333333333,100.0,100.0,diabetes,4,5
MLP,new,81.81818181818183,79.67571644042233,91.8958031837916,100.0,diabetes,4,5
LR,old,76.62337662337663,72.75943396226415,100.0,100.0,diabetes,4,6
LR,clean,75.32467532467533,71.56462585034014,93.19826338639653,100.0,diabetes,4,6
LR,weighted,76.62337662337663,72.75943396226415,100.0,100.0,diabetes,4,6
LR,new,75.32467532467533,71.56462585034014,93.19826338639653,100.0,diabetes,4,6
MLP,old,72.72727272727273,67.84649035593557,100.0,100.0,diabetes,4,6
MLP,clean,75.32467532467533,70.908729369656,93.19826338639653,100.0,diabetes,4,6
MLP,weighted,75.32467532467533,70.908729369656,100.0,100.0,diabetes,4,6
MLP,new,76.62337662337663,72.75943396226415,93.19826338639653,100.0,diabetes,4,6
LR,old,76.62337662337663,72.75943396226415,100.0,100.0,diabetes,4,7
LR,clean,71.42857142857143,68.06184012066365,92.90882778581766,100.0,diabetes,4,7
LR,weighted,76.62337662337663,72.75943396226415,100.0,100.0,diabetes,4,7
LR,new,72.72727272727273,69.2175899486008,92.90882778581766,100.0,diabetes,4,7
MLP,old,76.62337662337663,73.34615384615384,100.0,100.0,diabetes,4,7
MLP,clean,76.62337662337663,73.86877828054298,92.90882778581766,100.0,diabetes,4,7
MLP,weighted,71.42857142857143,68.06184012066365,100.0,100.0,diabetes,4,7
MLP,new,75.32467532467533,72.14924804873407,92.90882778581766,100.0,diabetes,4,7
LR,old,77.63157894736842,74.40063404002377,100.0,100.0,diabetes,4,8
LR,clean,77.63157894736842,74.40063404002377,92.77456647398844,100.0,diabetes,4,8
LR,weighted,77.63157894736842,74.40063404002377,100.0,100.0,diabetes,4,8
LR,new,77.63157894736842,74.40063404002377,92.77456647398844,100.0,diabetes,4,8
MLP,old,73.68421052631578,70.19607843137254,100.0,100.0,diabetes,4,8
MLP,clean,76.31578947368422,73.17647058823529,92.77456647398844,100.0,diabetes,4,8
MLP,weighted,76.31578947368422,72.59615384615384,100.0,100.0,diabetes,4,8
MLP,new,76.31578947368422,73.17647058823529,92.77456647398844,100.0,diabetes,4,8
LR,old,76.31578947368422,70.38961038961038,100.0,100.0,diabetes,4,9
LR,clean,75.0,69.19138041391082,91.61849710982659,100.0,diabetes,4,9
LR,weighted,76.31578947368422,70.38961038961038,100.0,100.0,diabetes,4,9
LR,new,75.0,69.19138041391082,91.61849710982659,100.0,diabetes,4,9
MLP,old,76.31578947368422,71.21212121212122,100.0,100.0,diabetes,4,9
MLP,clean,75.0,69.19138041391082,91.61849710982659,100.0,diabetes,4,9
MLP,weighted,76.31578947368422,70.38961038961038,100.0,100.0,diabetes,4,9
MLP,new,73.68421052631578,68.01346801346801,91.61849710982659,100.0,diabetes,4,9
LR,old,63.63636363636363,53.96825396825397,100.0,100.0,glass,0,0
LR,clean,63.63636363636363,53.383458646616546,90.625,100.0,glass,0,0
LR,weighted,68.18181818181817,55.55555555555555,100.0,100.0,glass,0,0
LR,new,63.63636363636363,53.383458646616546,90.625,100.0,glass,0,0
MLP,old,68.18181818181817,38.55042016806723,100.0,100.0,glass,0,0
MLP,clean,54.54545454545454,31.954887218045116,90.625,100.0,glass,0,0
MLP,weighted,59.09090909090909,34.335839598997495,100.0,100.0,glass,0,0
MLP,new,50.0,29.365079365079367,90.625,100.0,glass,0,0
LR,old,72.72727272727273,49.28104575163398,100.0,100.0,glass,0,1
LR,clean,77.27272727272727,53.01120448179272,92.70833333333334,100.0,glass,0,1
LR,weighted,72.72727272727273,49.28104575163398,100.0,100.0,glass,0,1
LR,new,77.27272727272727,53.01120448179272,92.70833333333334,100.0,glass,0,1
MLP,old,68.18181818181817,52.04248366013072,100.0,100.0,glass,0,1
MLP,clean,77.27272727272727,56.08660130718953,92.70833333333334,100.0,glass,0,1
MLP,weighted,72.72727272727273,54.003267973856204,100.0,100.0,glass,0,1
MLP,new,77.27272727272727,56.08660130718953,92.70833333333334,100.0,glass,0,1
LR,old,63.63636363636363,52.77777777777778,100.0,100.0,glass,0,2
LR,clean,63.63636363636363,52.77777777777778,92.1875,100.0,glass,0,2
LR,weighted,63.63636363636363,52.77777777777778,100.0,100.0,glass,0,2
LR,new,63.63636363636363,52.77777777777778,92.1875,100.0,glass,0,2
MLP,old,68.18181818181817,55.51470588235294,100.0,100.0,glass,0,2
MLP,clean,72.72727272727273,72.87581699346406,92.1875,100.0,glass,0,2
MLP,weighted,63.63636363636363,38.19444444444444,100.0,100.0,glass,0,2
MLP,new,59.09090909090909,36.08187134502924,92.1875,100.0,glass,0,2
LR,old,68.18181818181817,50.20885547201336,100.0,100.0,glass,0,3
LR,clean,59.09090909090909,46.470588235294116,95.3125,100.0,glass,0,3
LR,weighted,63.63636363636363,47.998366013071895,100.0,100.0,glass,0,3
LR,new,59.09090909090909,45.91503267973856,95.3125,100.0,glass,0,3
MLP,old,81.81818181818183,56.08660130718954,100.0,100.0,glass,0,3
MLP,clean,81.81818181818183,56.08660130718954,95.3125,100.0,glass,0,3
MLP,weighted,63.63636363636363,47.222222222222214,100.0,100.0,glass,0,3
MLP,new,68.18181818181817,49.700854700854705,95.3125,100.0,glass,0,3
LR,old,57.14285714285714,55.835667600373476,100.0,100.0,glass,0,4
LR,clean,57.14285714285714,55.835667600373476,93.26424870466322,100.0,glass,0,4
LR,weighted,57.14285714285714,55.835667600373476,100.0,100.0,glass,0,4
LR,new,57.14285714285714,55.835667600373476,93.26424870466322,100.0,glass,0,4
MLP,old,57.14285714285714,45.91503267973856,100.0,100.0,glass,0,4
MLP,clean,42.857142857142854,40.27777777777777,93.26424870466322,100.0,glass,0,4
MLP,weighted,61.904761904761905,47.82790309106098,100.0,100.0,glass,0,4
MLP,new,52.38095238095239,44.44444444444444,93.26424870466322,100.0,glass,0,4
LR,old,66.66666666666666,55.952380952380956,100.0,100.0,glass,0,5
LR,clean,61.904761904761905,50.71428571428571,93.26424870466322,100.0,glass,0,5
LR,weighted,66.66666666666666,55.00000000000001,100.0,100.0,glass,0,5
LR,new,61.904761904761905,49.76190476190476,93.26424870466322,100.0,glass,0,5
MLP,old,71.42857142857143,58.8095238095238,100.0,100.0,glass,0,5
MLP,clean,71.42857142857143,58.8095238095238,93.26424870466322,100.0,glass,0,5
MLP,weighted,52.38095238095239,46.11111111111111,100.0,100.0,glass,0,5
MLP,new,52.38095238095239,46.11111111111111,93.26424870466322,100.0,glass,0,5
LR,old,71.42857142857143,70.63492063492063,100.0,100.0,glass,0,6
LR,clean,66.66666666666666,68.25396825396824,94.30051813471503,100.0,glass,0,6
LR,weighted,71.42857142857143,72.22222222222221,100.0,100.0,glass,0,6
LR,new,66.66666666666666,69.94047619047619,94.30051813471503,100.0,glass,0,6
MLP,old,66.66666666666666,53.17460317460318,100.0,100.0,glass,0,6
MLP,clean,66.66666666666666,53.17460317460318,94.30051813471503,100.0,glass,0,6
MLP,weighted,66.66666666666666,37.67752715121136,100.0,100.0,glass,0,6
MLP,new,66.66666666666666,52.973497091144154,94.30051813471503,100.0,glass,0,6
LR,old,71.42857142857143,52.362996480643545,100.0,100.0,glass,0,7
LR,clean,52.38095238095239,44.7008547008547,92.2279792746114,100.0,glass,0,7
LR,weighted,66.66666666666666,50.0,100.0,100.0,glass,0,7
LR,new,52.38095238095239,44.7008547008547,92.2279792746114,100.0,glass,0,7
MLP,old,71.42857142857143,56.94444444444444,100.0,100.0,glass,0,7
MLP,clean,71.42857142857143,56.94444444444444,92.2279792746114,100.0,glass,0,7
MLP,weighted,66.66666666666666,39.54248366013072,100.0,100.0,glass,0,7
MLP,new,66.66666666666666,37.89682539682539,92.2279792746114,100.0,glass,0,7
LR,old,57.14285714285714,45.0,100.0,100.0,glass,0,8
LR,clean,57.14285714285714,45.0,92.2279792746114,100.0,glass,0,8
LR,weighted,52.38095238095239,27.777777777777775,100.0,100.0,glass,0,8
LR,new,52.38095238095239,27.777777777777775,92.2279792746114,100.0,glass,0,8
MLP,old,52.38095238095239,27.941176470588236,100.0,100.0,glass,0,8
MLP,clean,52.38095238095239,27.777777777777775,92.2279792746114,100.0,glass,0,8
MLP,weighted,52.38095238095239,27.941176470588236,100.0,100.0,glass,0,8
MLP,new,52.38095238095239,27.748538011695906,92.2279792746114,100.0,glass,0,8
LR,old,47.61904761904761,29.797570850202433,100.0,100.0,glass,0,9
LR,clean,47.61904761904761,30.065359477124183,93.26424870466322,100.0,glass,0,9
LR,weighted,52.38095238095239,31.66666666666667,100.0,100.0,glass,0,9
LR,new,42.857142857142854,27.883597883597883,93.26424870466322,100.0,glass,0,9
MLP,old,52.38095238095239,31.00250626566416,100.0,100.0,glass,0,9
MLP,clean,57.14285714285714,33.38345864661654,93.26424870466322,100.0,glass,0,9
MLP,weighted,57.14285714285714,33.38345864661654,100.0,100.0,glass,0,9
MLP,new,57.14285714285714,33.33333333333333,93.26424870466322,100.0,glass,0,9
LR,old,77.27272727272727,58.03571428571429,100.0,100.0,glass,1,0
LR,clean,68.18181818181817,50.69444444444444,93.22916666666666,100.0,glass,1,0
LR,weighted,63.63636363636363,51.78571428571429,100.0,88.88888888888889,glass,1,0
LR,new,68.18181818181817,70.83333333333334,93.22916666666666,88.88888888888889,glass,1,0
MLP,old,63.63636363636363,35.497835497835496,100.0,100.0,glass,1,0
MLP,clean,68.18181818181817,52.741702741702746,93.22916666666666,100.0,glass,1,0
MLP,weighted,59.09090909090909,49.73544973544974,100.0,88.88888888888889,glass,1,0
MLP,new,63.63636363636363,51.86741363211952,93.22916666666666,88.88888888888889,glass,1,0
LR,old,54.54545454545454,41.478696741854634,100.0,100.0,glass,1,1
LR,clean,54.54545454545454,41.478696741854634,91.14583333333334,100.0,glass,1,1
LR,weighted,59.09090909090909,45.99640125955915,100.0,100.0,glass,1,1
LR,new,54.54545454545454,41.478696741854634,91.14583333333334,100.0,glass,1,1
MLP,old,68.18181818181817,52.741702741702746,100.0,100.0,glass,1,1
MLP,clean,50.0,28.25396825396825,91.14583333333334,100.0,glass,1,1
MLP,weighted,68.18181818181817,52.741702741702746,100.0,100.0,glass,1,1
MLP,new,63.63636363636363,35.497835497835496,91.14583333333334,100.0,glass,1,1
LR,old,63.63636363636363,54.166666666666664,100.0,100.0,glass,1,2
LR,clean,63.63636363636363,54.166666666666664,91.66666666666666,100.0,glass,1,2
LR,weighted,63.63636363636363,53.55392156862745,100.0,100.0,glass,1,2
LR,new,63.63636363636363,53.55392156862745,91.66666666666666,100.0,glass,1,2
MLP,old,54.54545454545454,48.41269841269841,100.0,100.0,glass,1,2
MLP,clean,45.45454545454545,29.761904761904763,91.66666666666666,100.0,glass,1,2
MLP,weighted,50.0,46.79487179487179,100.0,100.0,glass,1,2
MLP,new,50.0,31.313131313131308,91.66666666666666,100.0,glass,1,2
LR,old,72.72727272727273,65.25326797385621,100.0,100.0,glass,1,3
LR,clean,77.27272727272727,69.28104575163397,94.27083333333334,100.0,glass,1,3
LR,weighted,72.72727272727273,50.23342670401494,100.0,100.0,glass,1,3
LR,new,77.27272727272727,69.28104575163397,94.27083333333334,100.0,glass,1,3
MLP,old,40.909090909090914,32.44444444444444,100.0,100.0,glass,1,3
MLP,clean,45.45454545454545,33.418803418803414,94.27083333333334,100.0,glass,1,3
MLP,weighted,45.45454545454545,33.418803418803414,100.0,100.0,glass,1,3
MLP,new,40.909090909090914,21.975308641975307,94.27083333333334,100.0,glass,1,3
LR,old,71.42857142857143,58.43454790823211,100.0,100.0,glass,1,4
LR,clean,66.66666666666666,55.55555555555555,91.70984455958549,100.0,glass,1,4
LR,weighted,61.904761904761905,39.097744360902254,100.0,100.0,glass,1,4
LR,new,61.904761904761905,38.30409356725146,91.70984455958549,100.0,glass,1,4
MLP,old,61.904761904761905,37.351778656126484,100.0,100.0,glass,1,4
MLP,clean,66.66666666666666,39.62148962148962,91.70984455958549,100.0,glass,1,4
MLP,weighted,57.14285714285714,35.6060606060606,100.0,100.0,glass,1,4
MLP,new,61.904761904761905,38.034188034188034,91.70984455958549,100.0,glass,1,4
LR,old,71.42857142857143,44.80392156862745,100.0,100.0,glass,1,5
LR,clean,71.42857142857143,44.888888888888886,93.78238341968913,100.0,glass,1,5
LR,weighted,71.42857142857143,44.80392156862745,100.0,100.0,glass,1,5
LR,new,66.66666666666666,43.33333333333333,93.78238341968913,100.0,glass,1,5
MLP,old,47.61904761904761,29.507246376811597,100.0,100.0,glass,1,5
MLP,clean,42.857142857142854,28.095238095238095,93.78238341968913,100.0,glass,1,5
MLP,weighted,47.61904761904761,29.507246376811597,100.0,100.0,glass,1,5
MLP,new,47.61904761904761,29.507246376811597,93.78238341968913,100.0,glass,1,5
LR,old,66.66666666666666,62.40740740740741,100.0,100.0,glass,1,6
LR,clean,66.66666666666666,62.40740740740741,91.70984455958549,100.0,glass,1,6
LR,weighted,66.66666666666666,62.40740740740741,100.0,100.0,glass,1,6
LR,new,66.66666666666666,62.40740740740741,91.70984455958549,100.0,glass,1,6
MLP,old,57.14285714285714,31.313131313131308,100.0,100.0,glass,1,6
MLP,clean,57.14285714285714,31.313131313131308,91.70984455958549,100.0,glass,1,6
MLP,weighted,42.857142857142854,20.833333333333336,100.0,100.0,glass,1,6
MLP,new,57.14285714285714,31.313131313131308,91.70984455958549,100.0,glass,1,6
LR,old,52.38095238095239,47.083333333333336,100.0,100.0,glass,1,7
LR,clean,57.14285714285714,48.75,93.78238341968913,100.0,glass,1,7
LR,weighted,52.38095238095239,47.083333333333336,100.0,100.0,glass,1,7
LR,new,52.38095238095239,47.083333333333336,93.78238341968913,100.0,glass,1,7
MLP,old,52.38095238095239,45.75757575757575,100.0,100.0,glass,1,7
MLP,clean,38.095238095238095,25.128205128205128,93.78238341968913,100.0,glass,1,7
MLP,weighted,57.14285714285714,47.55233494363929,100.0,100.0,glass,1,7
MLP,new,42.857142857142854,26.969696969696972,93.78238341968913,100.0,glass,1,7
LR,old,66.66666666666666,55.042016806722685,100.0,100.0,glass,1,8
LR,clean,61.904761904761905,52.77777777777778,91.70984455958549,100.0,glass,1,8
LR,weighted,66.66666666666666,54.86111111111111,100.0,100.0,glass,1,8
LR,new,61.904761904761905,52.63888888888889,91.70984455958549,100.0,glass,1,8
MLP,old,47.61904761904761,27.22222222222222,100.0,100.0,glass,1,8
MLP,clean,47.61904761904761,29.066022544283417,91.70984455958549,100.0,glass,1,8
MLP,weighted,52.38095238095239,30.555555555555557,100.0,100.0,glass,1,8
MLP,new,42.857142857142854,27.575757575757574,91.70984455958549,100.0,glass,1,8
LR,old,61.904761904761905,54.248366013071895,100.0,100.0,glass,1,9
LR,clean,57.14285714285714,51.92307692307693,90.67357512953367,100.0,glass,1,9
LR,weighted,61.904761904761905,38.30409356725146,100.0,100.0,glass,1,9
LR,new,52.38095238095239,32.3852617970265,90.67357512953367,100.0,glass,1,9
MLP,old,66.66666666666666,41.081871345029235,100.0,100.0,glass,1,9
MLP,clean,66.66666666666666,41.081871345029235,90.67357512953367,100.0,glass,1,9
MLP,weighted,61.904761904761905,38.78787878787879,100.0,100.0,glass,1,9
MLP,new,66.66666666666666,41.081871345029235,90.67357512953367,100.0,glass,1,9
LR,old,59.09090909090909,35.20074696545285,100.0,100.0,glass,2,0
LR,clean,54.54545454545454,33.59126984126984,91.66666666666666,100.0,glass,2,0
LR,weighted,59.09090909090909,35.20074696545285,100.0,100.0,glass,2,0
LR,new,54.54545454545454,33.035714285714285,91.66666666666666,100.0,glass,2,0
MLP,old,63.63636363636363,36.507936507936506,100.0,100.0,glass,2,0
MLP,clean,68.18181818181817,38.55042016806723,91.66666666666666,100.0,glass,2,0
MLP,weighted,68.18181818181817,38.55042016806723,100.0,100.0,glass,2,0
MLP,new,50.0,29.365079365079367,91.66666666666666,100.0,glass,2,0
LR,old,45.45454545454545,37.978279030910606,100.0,100.0,glass,2,1
LR,clean,45.45454545454545,38.34457939721097,94.27083333333334,100.0,glass,2,1
LR,weighted,45.45454545454545,37.978279030910606,100.0,100.0,glass,2,1
LR,new,50.0,39.572649572649574,94.27083333333334,100.0,glass,2,1
MLP,old,45.45454545454545,27.619047619047617,100.0,100.0,glass,2,1
MLP,clean,50.0,29.067599067599065,94.27083333333334,100.0,glass,2,1
MLP,weighted,45.45454545454545,26.085858585858585,100.0,100.0,glass,2,1
MLP,new,45.45454545454545,26.085858585858585,94.27083333333334,100.0,glass,2,1
LR,old,59.09090909090909,50.0,100.0,100.0,glass,2,2
LR,clean,59.09090909090909,52.13675213675214,90.625,100.0,glass,2,2
LR,weighted,59.09090909090909,49.44444444444444,100.0,100.0,glass,2,2
LR,new,59.09090909090909,51.58730158730158,90.625,100.0,glass,2,2
MLP,old,54.54545454545454,30.526315789473685,100.0,100.0,glass,2,2
MLP,clean,54.54545454545454,30.555555555555554,90.625,100.0,glass,2,2
MLP,weighted,50.0,28.25396825396825,100.0,100.0,glass,2,2
MLP,new,50.0,28.25396825396825,90.625,100.0,glass,2,2
LR,old,77.27272727272727,69.16666666666667,100.0,100.0,glass,2,3
LR,clean,77.27272727272727,69.16666666666667,92.1875,100.0,glass,2,3
LR,weighted,77.27272727272727,69.16666666666667,100.0,100.0,glass,2,3
LR,new,77.27272727272727,69.16666666666667,92.1875,100.0,glass,2,3
MLP,old,72.72727272727273,50.27777777777778,100.0,100.0,glass,2,3
MLP,clean,77.27272727272727,54.86111111111111,92.1875,100.0,glass,2,3
MLP,weighted,63.63636363636363,44.44444444444444,100.0,100.0,glass,2,3
MLP,new,72.72727272727273,48.447712418300654,92.1875,100.0,glass,2,3
LR,old,66.66666666666666,50.55555555555556,100.0,100.0,glass,2,4
LR,clean,71.42857142857143,52.878992352676555,93.78238341968913,100.0,glass,2,4
LR,weighted,71.42857142857143,62.28070175438596,100.0,100.0,glass,2,4
LR,new,71.42857142857143,52.878992352676555,93.78238341968913,100.0,glass,2,4
MLP,old,61.904761904761905,35.55555555555556,100.0,100.0,glass,2,4
MLP,clean,66.66666666666666,37.5187969924812,93.78238341968913,100.0,glass,2,4
MLP,weighted,61.904761904761905,35.256410256410255,100.0,100.0,glass,2,4
MLP,new,61.904761904761905,33.5978835978836,93.78238341968913,100.0,glass,2,4
LR,old,52.38095238095239,35.526315789473685,100.0,100.0,glass,2,5
LR,clean,52.38095238095239,36.89994216310006,92.2279792746114,100.0,glass,2,5
LR,weighted,57.14285714285714,39.142857142857146,100.0,100.0,glass,2,5
LR,new,52.38095238095239,36.89994216310006,92.2279792746114,100.0,glass,2,5
MLP,old,66.66666666666666,44.59383753501401,100.0,100.0,glass,2,5
MLP,clean,66.66666666666666,44.59383753501401,92.2279792746114,100.0,glass,2,5
MLP,weighted,52.38095238095239,35.80952380952381,100.0,100.0,glass,2,5
MLP,new,57.14285714285714,37.74891774891775,92.2279792746114,100.0,glass,2,5
LR,old,71.42857142857143,72.32142857142857,100.0,100.0,glass,2,6
LR,clean,71.42857142857143,72.22222222222221,94.30051813471503,100.0,glass,2,6
LR,weighted,71.42857142857143,72.22222222222221,100.0,100.0,glass,2,6
LR,new,71.42857142857143,72.22222222222221,94.30051813471503,100.0,glass,2,6
MLP,old,71.42857142857143,57.08333333333333,100.0,100.0,glass,2,6
MLP,clean,76.19047619047619,59.02777777777778,94.30051813471503,100.0,glass,2,6
MLP,weighted,61.904761904761905,34.899749373433586,100.0,100.0,glass,2,6
MLP,new,61.904761904761905,34.899749373433586,94.30051813471503,100.0,glass,2,6
LR,old,66.66666666666666,52.77777777777778,100.0,100.0,glass,2,7
LR,clean,61.904761904761905,51.11111111111111,93.26424870466322,100.0,glass,2,7
LR,weighted,66.66666666666666,52.77777777777778,100.0,100.0,glass,2,7
LR,new,57.14285714285714,33.589743589743584,93.26424870466322,100.0,glass,2,7
MLP,old,61.904761904761905,33.888888888888886,100.0,100.0,glass,2,7
MLP,clean,61.904761904761905,33.888888888888886,93.26424870466322,100.0,glass,2,7
MLP,weighted,57.14285714285714,33.55392156862746,100.0,100.0,glass,2,7
MLP,new,61.904761904761905,33.888888888888886,93.26424870466322,100.0,glass,2,7
LR,old,76.19047619047619,69.76495726495727,100.0,100.0,glass,2,8
LR,clean,71.42857142857143,50.71733821733822,94.30051813471503,100.0,glass,2,8
LR,weighted,71.42857142857143,57.73809523809524,100.0,100.0,glass,2,8
LR,new,66.66666666666666,38.69047619047619,94.30051813471503,100.0,glass,2,8
MLP,old,76.19047619047619,57.804232804232804,100.0,100.0,glass,2,8
MLP,clean,66.66666666666666,38.359788359788354,94.30051813471503,100.0,glass,2,8
MLP,weighted,61.904761904761905,35.657325131009344,100.0,100.0,glass,2,8
MLP,new,66.66666666666666,40.058479532163744,94.30051813471503,100.0,glass,2,8
LR,old,71.42857142857143,42.06349206349206,100.0,100.0,glass,2,9
LR,clean,61.904761904761905,37.3202614379085,91.70984455958549,100.0,glass,2,9
LR,weighted,71.42857142857143,42.06349206349206,100.0,100.0,glass,2,9
LR,new,66.66666666666666,39.58333333333333,91.70984455958549,100.0,glass,2,9
MLP,old,71.42857142857143,41.66666666666667,100.0,100.0,glass,2,9
MLP,clean,76.19047619047619,43.72549019607843,91.70984455958549,100.0,glass,2,9
MLP,weighted,66.66666666666666,39.44444444444444,100.0,100.0,glass,2,9
MLP,new,52.38095238095239,30.515297906602257,91.70984455958549,100.0,glass,2,9
LR,old,54.54545454545454,34.9264705882353,100.0,100.0,glass,3,0
LR,clean,54.54545454545454,34.80392156862745,93.22916666666666,100.0,glass,3,0
LR,weighted,54.54545454545454,34.9264705882353,100.0,100.0,glass,3,0
LR,new,50.0,32.84313725490196,93.22916666666666,100.0,glass,3,0
MLP,old,59.09090909090909,34.28571428571428,100.0,100.0,glass,3,0
MLP,clean,59.09090909090909,34.28571428571428,93.22916666666666,100.0,glass,3,0
MLP,weighted,54.54545454545454,31.954887218045116,100.0,100.0,glass,3,0
MLP,new,54.54545454545454,31.954887218045116,93.22916666666666,100.0,glass,3,0
LR,old,63.63636363636363,62.857142857142854,100.0,100.0,glass,3,1
LR,clean,72.72727272727273,68.11391223155928,92.1875,100.0,glass,3,1
LR,weighted,63.63636363636363,62.698412698412696,100.0,88.88888888888889,glass,3,1
LR,new,63.63636363636363,45.932539682539684,92.1875,88.88888888888889,glass,3,1
MLP,old,54.54545454545454,46.388888888888886,100.0,100.0,glass,3,1
MLP,clean,59.09090909090909,33.41503267973856,92.1875,100.0,glass,3,1
MLP,weighted,68.18181818181817,53.96825396825397,100.0,88.88888888888889,glass,3,1
MLP,new,50.0,28.97058823529412,92.1875,88.88888888888889,glass,3,1
LR,old,68.18181818181817,53.85964912280702,100.0,100.0,glass,3,2
LR,clean,59.09090909090909,44.54248366013072,89.58333333333334,100.0,glass,3,2
LR,weighted,68.18181818181817,53.85964912280702,100.0,100.0,glass,3,2
LR,new,59.09090909090909,42.5,89.58333333333334,100.0,glass,3,2
MLP,old,63.63636363636363,46.24895572263992,100.0,100.0,glass,3,2
MLP,clean,59.09090909090909,43.86800334168755,89.58333333333334,100.0,glass,3,2
MLP,weighted,68.18181818181817,53.37962962962962,100.0,100.0,glass,3,2
MLP,new,59.09090909090909,43.8034188034188,89.58333333333334,100.0,glass,3,2
LR,old,72.72727272727273,67.32026143790848,100.0,100.0,glass,3,3
LR,clean,72.72727272727273,66.98155645524068,91.14583333333334,100.0,glass,3,3
LR,weighted,63.63636363636363,46.03174603174603,100.0,100.0,glass,3,3
LR,new,72.72727272727273,66.98155645524068,91.14583333333334,100.0,glass,3,3
MLP,old,59.09090909090909,32.47300944669366,100.0,100.0,glass,3,3
MLP,clean,68.18181818181817,47.93393740762162,91.14583333333334,100.0,glass,3,3
MLP,weighted,54.54545454545454,29.67171717171717,100.0,100.0,glass,3,3
MLP,new,63.63636363636363,45.3968253968254,91.14583333333334,100.0,glass,3,3
LR,old,57.14285714285714,40.99439775910365,100.0,100.0,glass,3,4
LR,clean,61.904761904761905,47.71825396825397,92.74611398963731,100.0,glass,3,4
LR,weighted,61.904761904761905,43.19444444444444,100.0,88.88888888888889,glass,3,4
LR,new,61.904761904761905,44.86111111111111,92.74611398963731,88.88888888888889,glass,3,4
MLP,old,66.66666666666666,36.11111111111111,100.0,100.0,glass,3,4
MLP,clean,66.66666666666666,48.88888888888889,92.74611398963731,100.0,glass,3,4
MLP,weighted,47.61904761904761,28.461538461538467,100.0,88.88888888888889,glass,3,4
MLP,new,61.904761904761905,38.84803921568628,92.74611398963731,88.88888888888889,glass,3,4
LR,old,66.66666666666666,58.87955182072828,100.0,100.0,glass,3,5
LR,clean,66.66666666666666,58.87955182072828,91.70984455958549,100.0,glass,3,5
LR,weighted,66.66666666666666,58.09523809523809,100.0,100.0,glass,3,5
LR,new,66.66666666666666,58.87955182072828,91.70984455958549,100.0,glass,3,5
MLP,old,66.66666666666666,55.950980392156865,100.0,100.0,glass,3,5
MLP,clean,61.904761904761905,53.59803921568626,91.70984455958549,100.0,glass,3,5
MLP,weighted,71.42857142857143,58.45098039215687,100.0,100.0,glass,3,5
MLP,new,71.42857142857143,58.45098039215687,91.70984455958549,100.0,glass,3,5
LR,old,61.904761904761905,52.95055821371611,100.0,100.0,glass,3,6
LR,clean,66.66666666666666,53.17460317460318,90.15544041450777,100.0,glass,3,6
LR,weighted,57.14285714285714,35.75757575757576,100.0,100.0,glass,3,6
LR,new,61.904761904761905,35.923141186299084,90.15544041450777,100.0,glass,3,6
MLP,old,80.95238095238095,56.666666666666664,100.0,100.0,glass,3,6
MLP,clean,76.19047619047619,69.76495726495727,90.15544041450777,100.0,glass,3,6
MLP,weighted,76.19047619047619,44.72222222222222,100.0,100.0,glass,3,6
MLP,new,76.19047619047619,57.73809523809524,90.15544041450777,100.0,glass,3,6
LR,old,66.66666666666666,53.098290598290596,100.0,100.0,glass,3,7
LR,clean,61.904761904761905,51.70940170940172,95.85492227979275,100.0,glass,3,7
LR,weighted,66.66666666666666,53.098290598290596,100.0,100.0,glass,3,7
LR,new,66.66666666666666,53.098290598290596,95.85492227979275,100.0,glass,3,7
MLP,old,47.61904761904761,28.113553113553113,100.0,100.0,glass,3,7
MLP,clean,61.904761904761905,33.92857142857142,95.85492227979275,100.0,glass,3,7
MLP,weighted,52.38095238095239,27.083333333333332,100.0,100.0,glass,3,7
MLP,new,61.904761904761905,34.10902822667528,95.85492227979275,100.0,glass,3,7
LR,old,52.38095238095239,46.73202614379085,100.0,100.0,glass,3,8
LR,clean,52.38095238095239,46.4642375168691,93.78238341968913,100.0,glass,3,8
LR,weighted,47.61904761904761,44.55026455026456,100.0,100.0,glass,3,8
LR,new,52.38095238095239,46.4642375168691,93.78238341968913,100.0,glass,3,8
MLP,old,52.38095238095239,29.89417989417989,100.0,100.0,glass,3,8
MLP,clean,52.38095238095239,29.89417989417989,93.78238341968913,100.0,glass,3,8
MLP,weighted,42.857142857142854,25.0,100.0,100.0,glass,3,8
MLP,new,42.857142857142854,25.0,93.78238341968913,100.0,glass,3,8
LR,old,80.95238095238095,61.680911680911684,100.0,100.0,glass,3,9
LR,clean,76.19047619047619,59.38375350140056,91.19170984455958,100.0,glass,3,9
LR,weighted,76.19047619047619,44.33198380566801,100.0,100.0,glass,3,9
LR,new,71.42857142857143,42.06349206349206,91.19170984455958,100.0,glass,3,9
MLP,old,76.19047619047619,42.63329263329263,100.0,100.0,glass,3,9
MLP,clean,76.19047619047619,42.63329263329263,91.19170984455958,100.0,glass,3,9
MLP,weighted,61.904761904761905,35.99439775910364,100.0,100.0,glass,3,9
MLP,new,66.66666666666666,39.20377867746289,91.19170984455958,100.0,glass,3,9
LR,old,59.09090909090909,35.653235653235654,100.0,100.0,glass,4,0
LR,clean,54.54545454545454,31.746031746031743,92.70833333333334,100.0,glass,4,0
LR,weighted,59.09090909090909,33.86752136752136,100.0,88.88888888888889,glass,4,0
LR,new,54.54545454545454,29.09774436090225,92.70833333333334,88.88888888888889,glass,4,0
MLP,old,59.09090909090909,34.02777777777777,100.0,100.0,glass,4,0
MLP,clean,59.09090909090909,34.02777777777777,92.70833333333334,100.0,glass,4,0
MLP,weighted,54.54545454545454,30.357142857142854,100.0,88.88888888888889,glass,4,0
MLP,new,54.54545454545454,27.124183006535947,92.70833333333334,88.88888888888889,glass,4,0
LR,old,63.63636363636363,46.666666666666664,100.0,100.0,glass,4,1
LR,clean,59.09090909090909,45.73295985060691,91.66666666666666,100.0,glass,4,1
LR,weighted,68.18181818181817,48.70915032679739,100.0,100.0,glass,4,1
LR,new,59.09090909090909,45.73295985060691,91.66666666666666,100.0,glass,4,1
MLP,old,63.63636363636363,49.959150326797385,100.0,100.0,glass,4,1
MLP,clean,59.09090909090909,40.811965811965806,91.66666666666666,100.0,glass,4,1
MLP,weighted,59.09090909090909,31.705182072829135,100.0,100.0,glass,4,1
MLP,new,63.63636363636363,34.49074074074074,91.66666666666666,100.0,glass,4,1
LR,old,81.81818181818183,77.24867724867724,100.0,100.0,glass,4,2
LR,clean,81.81818181818183,77.24867724867724,93.22916666666666,100.0,glass,4,2
LR,weighted,81.81818181818183,77.24867724867724,100.0,100.0,glass,4,2
LR,new,81.81818181818183,77.24867724867724,93.22916666666666,100.0,glass,4,2
MLP,old,63.63636363636363,49.95399125833908,100.0,100.0,glass,4,2
MLP,clean,72.72727272727273,55.82010582010582,93.22916666666666,100.0,glass,4,2
MLP,weighted,72.72727272727273,55.24387892808945,100.0,100.0,glass,4,2
MLP,new,77.27272727272727,58.03571428571429,93.22916666666666,100.0,glass,4,2
LR,old,68.18181818181817,55.63725490196079,100.0,100.0,glass,4,3
LR,clean,68.18181818181817,55.51470588235294,90.10416666666666,100.0,glass,4,3
LR,weighted,68.18181818181817,55.63725490196079,100.0,100.0,glass,4,3
LR,new,68.18181818181817,55.51470588235294,90.10416666666666,100.0,glass,4,3
MLP,old,50.0,28.53535353535353,100.0,100.0,glass,4,3
MLP,clean,59.09090909090909,32.6797385620915,90.10416666666666,100.0,glass,4,3
MLP,weighted,54.54545454545454,30.89133089133089,100.0,100.0,glass,4,3
MLP,new,59.09090909090909,32.870370370370374,90.10416666666666,100.0,glass,4,3
LR,old,76.19047619047619,66.8945868945869,100.0,100.0,glass,4,4
LR,clean,66.66666666666666,63.33333333333333,92.74611398963731,100.0,glass,4,4
LR,weighted,76.19047619047619,66.8945868945869,100.0,100.0,glass,4,4
LR,new,71.42857142857143,64.50292397660819,92.74611398963731,100.0,glass,4,4
MLP,old,52.38095238095239,41.111111111111114,100.0,100.0,glass,4,4
MLP,clean,52.38095238095239,41.111111111111114,92.74611398963731,100.0,glass,4,4
MLP,weighted,52.38095238095239,38.613445378151255,100.0,100.0,glass,4,4
MLP,new,52.38095238095239,35.35947712418301,92.74611398963731,100.0,glass,4,4
LR,old,52.38095238095239,48.57142857142858,100.0,100.0,glass,4,5
LR,clean,52.38095238095239,49.04761904761905,93.78238341968913,100.0,glass,4,5
LR,weighted,52.38095238095239,47.98319327731092,100.0,100.0,glass,4,5
LR,new,52.38095238095239,48.45938375350139,93.78238341968913,100.0,glass,4,5
MLP,old,66.66666666666666,55.21303258145364,100.0,100.0,glass,4,5
MLP,clean,66.66666666666666,58.33333333333333,93.78238341968913,100.0,glass,4,5
MLP,weighted,61.904761904761905,53.93939393939393,100.0,100.0,glass,4,5
MLP,new,66.66666666666666,57.333333333333336,93.78238341968913,100.0,glass,4,5
LR,old,57.14285714285714,35.695006747638324,100.0,100.0,glass,4,6
LR,clean,61.904761904761905,37.83068783068783,92.2279792746114,100.0,glass,4,6
LR,weighted,57.14285714285714,35.695006747638324,100.0,100.0,glass,4,6
LR,new,61.904761904761905,37.83068783068783,92.2279792746114,100.0,glass,4,6
MLP,old,66.66666666666666,39.58333333333333,100.0,100.0,glass,4,6
MLP,clean,61.904761904761905,35.67460317460318,92.2279792746114,100.0,glass,4,6
MLP,weighted,66.66666666666666,39.682539682539684,100.0,100.0,glass,4,6
MLP,new,66.66666666666666,39.58333333333333,92.2279792746114,100.0,glass,4,6
LR,old,47.61904761904761,45.406162464986,100.0,100.0,glass,4,7
LR,clean,52.38095238095239,56.88492063492063,93.26424870466322,100.0,glass,4,7
LR,weighted,42.857142857142854,28.41269841269841,100.0,100.0,glass,4,7
LR,new,42.857142857142854,28.41269841269841,93.26424870466322,100.0,glass,4,7
MLP,old,57.14285714285714,31.717171717171716,100.0,100.0,glass,4,7
MLP,clean,57.14285714285714,45.791245791245785,93.26424870466322,100.0,glass,4,7
MLP,weighted,61.904761904761905,36.06060606060606,100.0,100.0,glass,4,7
MLP,new,47.61904761904761,28.695652173913043,93.26424870466322,100.0,glass,4,7
LR,old,66.66666666666666,55.654761904761905,100.0,100.0,glass,4,8
LR,clean,71.42857142857143,57.00280112044819,91.70984455958549,100.0,glass,4,8
LR,weighted,66.66666666666666,37.95518207282913,100.0,100.0,glass,4,8
LR,new,66.66666666666666,37.95518207282913,91.70984455958549,100.0,glass,4,8
MLP,old,66.66666666666666,39.682539682539684,100.0,100.0,glass,4,8
MLP,clean,66.66666666666666,39.682539682539684,91.70984455958549,100.0,glass,4,8
MLP,weighted,61.904761904761905,35.043290043290035,100.0,100.0,glass,4,8
MLP,new,66.66666666666666,37.67752715121136,91.70984455958549,100.0,glass,4,8
LR,old,66.66666666666666,54.090909090909086,100.0,100.0,glass,4,9
LR,clean,61.904761904761905,51.11111111111111,91.70984455958549,100.0,glass,4,9
LR,weighted,66.66666666666666,54.090909090909086,100.0,100.0,glass,4,9
LR,new,61.904761904761905,51.11111111111111,91.70984455958549,100.0,glass,4,9
MLP,old,57.14285714285714,47.64309764309764,100.0,100.0,glass,4,9
MLP,clean,57.14285714285714,47.64309764309764,91.70984455958549,100.0,glass,4,9
MLP,weighted,52.38095238095239,43.47826086956522,100.0,100.0,glass,4,9
MLP,new,52.38095238095239,43.47826086956522,91.70984455958549,100.0,glass,4,9
LR,old,100.0,100.0,100.0,100.0,iris,0,0
LR,clean,100.0,100.0,97.03703703703704,100.0,iris,0,0
LR,weighted,100.0,100.0,100.0,75.0,iris,0,0
LR,new,100.0,100.0,97.03703703703704,75.0,iris,0,0
MLP,old,93.33333333333333,93.26599326599326,100.0,100.0,iris,0,0
MLP,clean,93.33333333333333,93.26599326599326,97.03703703703704,100.0,iris,0,0
MLP,weighted,100.0,100.0,100.0,75.0,iris,0,0
MLP,new,93.33333333333333,93.26599326599326,97.03703703703704,75.0,iris,0,0
LR,old,93.33333333333333,93.26599326599326,100.0,100.0,iris,0,1
LR,clean,93.33333333333333,93.26599326599326,98.51851851851852,100.0,iris,0,1
LR,weighted,93.33333333333333,93.26599326599326,100.0,100.0,iris,0,1
LR,new,93.33333333333333,93.26599326599326,98.51851851851852,100.0,iris,0,1
MLP,old,80.0,79.79797979797979,100.0,100.0,iris,0,1
MLP,clean,80.0,79.79797979797979,98.51851851851852,100.0,iris,0,1
MLP,weighted,86.66666666666667,86.66666666666667,100.0,100.0,iris,0,1
MLP,new,86.66666666666667,86.66666666666667,98.51851851851852,100.0,iris,0,1
LR,old,93.33333333333333,93.26599326599326,100.0,100.0,iris,0,2
LR,clean,93.33333333333333,93.26599326599326,99.25925925925925,100.0,iris,0,2
LR,weighted,93.33333333333333,93.26599326599326,100.0,100.0,iris,0,2
LR,new,93.33333333333333,93.26599326599326,99.25925925925925,100.0,iris,0,2
MLP,old,86.66666666666667,86.11111111111111,100.0,100.0,iris,0,2
MLP,clean,86.66666666666667,86.11111111111111,99.25925925925925,100.0,iris,0,2
MLP,weighted,86.66666666666667,86.11111111111111,100.0,100.0,iris,0,2
MLP,new,86.66666666666667,86.11111111111111,99.25925925925925,100.0,iris,0,2
LR,old,100.0,100.0,100.0,100.0,iris,0,3
LR,clean,100.0,100.0,96.29629629629629,100.0,iris,0,3
LR,weighted,100.0,100.0,100.0,75.0,iris,0,3
LR,new,100.0,100.0,96.29629629629629,75.0,iris,0,3
MLP,old,93.33333333333333,93.26599326599326,100.0,100.0,iris,0,3
MLP,clean,93.33333333333333,93.26599326599326,96.29629629629629,100.0,iris,0,3
MLP,weighted,93.33333333333333,93.26599326599326,100.0,75.0,iris,0,3
MLP,new,93.33333333333333,93.26599326599326,96.29629629629629,75.0,iris,0,3
LR,old,100.0,100.0,100.0,100.0,iris,0,4
LR,clean,100.0,100.0,97.77777777777777,100.0,iris,0,4
LR,weighted,100.0,100.0,100.0,75.0,iris,0,4
LR,new,100.0,100.0,97.77777777777777,75.0,iris,0,4
MLP,old,86.66666666666667,86.5993265993266,100.0,100.0,iris,0,4
MLP,clean,86.66666666666667,86.5993265993266,97.77777777777777,100.0,iris,0,4
MLP,weighted,86.66666666666667,86.11111111111111,100.0,75.0,iris,0,4
MLP,new,86.66666666666667,86.11111111111111,97.77777777777777,75.0,iris,0,4
LR,old,93.33333333333333,93.26599326599326,100.0,100.0,iris,0,5
LR,clean,93.33333333333333,93.26599326599326,97.77777777777777,100.0,iris,0,5
LR,weighted,93.33333333333333,93.26599326599326,100.0,50.0,iris,0,5
LR,new,93.33333333333333,93.26599326599326,97.77777777777777,50.0,iris,0,5
MLP,old,86.66666666666667,86.11111111111111,100.0,100.0,iris,0,5
MLP,clean,93.33333333333333,93.26599326599326,97.77777777777777,100.0,iris,0,5
MLP,weighted,93.33333333333333,93.26599326599326,100.0,50.0,iris,0,5
MLP,new,93.33333333333333,93.26599326599326,97.77777777777777,50.0,iris,0,5
LR,old,93.33333333333333,93.26599326599326,100.0,100.0,iris,0,6
LR,clean,93.33333333333333,93.26599326599326,97.03703703703704,100.0,iris,0,6
LR,weighted,93.33333333333333,93.26599326599326,100.0,75.0,iris,0,6
LR,new,93.33333333333333,93.26599326599326,97.03703703703704,75.0,iris,0,6
MLP,old,86.66666666666667,86.11111111111111,100.0,100.0,iris,0,6
MLP,clean,86.66666666666667,86.66666666666667,97.03703703703704,100.0,iris,0,6
MLP,weighted,93.33333333333333,93.26599326599326,100.0,75.0,iris,0,6
MLP,new,93.33333333333333,93.26599326599326,97.03703703703704,75.0,iris,0,6
LR,old,100.0,100.0,100.0,100.0,iris,0,7
LR,clean,100.0,100.0,97.77777777777777,100.0,iris,0,7
LR,weighted,100.0,100.0,100.0,75.0,iris,0,7
LR,new,100.0,100.0,97.77777777777777,75.0,iris,0,7
MLP,old,100.0,100.0,100.0,100.0,iris,0,7
MLP,clean,100.0,100.0,97.77777777777777,100.0,iris,0,7
MLP,weighted,100.0,100.0,100.0,75.0,iris,0,7
MLP,new,100.0,100.0,97.77777777777777,75.0,iris,0,7
LR,old,86.66666666666667,86.11111111111111,100.0,100.0,iris,0,8
LR,clean,86.66666666666667,86.11111111111111,97.77777777777777,100.0,iris,0,8
LR,weighted,86.66666666666667,86.11111111111111,100.0,75.0,iris,0,8
LR,new,86.66666666666667,86.11111111111111,97.77777777777777,75.0,iris,0,8
MLP,old,86.66666666666667,86.11111111111111,100.0,100.0,iris,0,8
MLP,clean,86.66666666666667,86.11111111111111,97.77777777777777,100.0,iris,0,8
MLP,weighted,100.0,100.0,100.0,75.0,iris,0,8
MLP,new,93.33333333333333,93.26599326599326,97.77777777777777,75.0,iris,0,8
LR,old,93.33333333333333,93.26599326599326,100.0,100.0,iris,0,9
LR,clean,93.33333333333333,93.26599326599326,97.77777777777777,100.0,iris,0,9
LR,weighted,93.33333333333333,93.26599326599326,100.0,75.0,iris,0,9
LR,new,93.33333333333333,93.26599326599326,97.77777777777777,75.0,iris,0,9
MLP,old,93.33333333333333,93.26599326599326,100.0,100.0,iris,0,9
MLP,clean,93.33333333333333,93.26599326599326,97.77777777777777,100.0,iris,0,9
MLP,weighted,93.33333333333333,93.26599326599326,100.0,75.0,iris,0,9
MLP,new,93.33333333333333,93.26599326599326,97.77777777777777,75.0,iris,0,9
LR,old,100.0,100.0,100.0,100.0,iris,1,0
LR,clean,100.0,100.0,97.77777777777777,100.0,iris,1,0
LR,weighted,100.0,100.0,100.0,75.0,iris,1,0
LR,new,100.0,100.0,97.77777777777777,75.0,iris,1,0
MLP,old,93.33333333333333,93.26599326599326,100.0,100.0,iris,1,0
MLP,clean,93.33333333333333,93.26599326599326,97.77777777777777,100.0,iris,1,0
MLP,weighted,93.33333333333333,93.26599326599326,100.0,75.0,iris,1,0
MLP,new,93.33333333333333,93.26599326599326,97.77777777777777,75.0,iris,1,0
LR,old,93.33333333333333,93.26599326599326,100.0,100.0,iris,1,1
LR,clean,93.33333333333333,93.26599326599326,98.51851851851852,100.0,iris,1,1
LR,weighted,93.33333333333333,93.26599326599326,100.0,75.0,iris,1,1
LR,new,93.33333333333333,93.26599326599326,98.51851851851852,75.0,iris,1,1
MLP,old,86.66666666666667,86.11111111111111,100.0,100.0,iris,1,1
MLP,clean,86.66666666666667,86.11111111111111,98.51851851851852,100.0,iris,1,1
MLP,weighted,93.33333333333333,93.26599326599326,100.0,75.0,iris,1,1
MLP,new,93.33333333333333,93.26599326599326,98.51851851851852,75.0,iris,1,1
LR,old,100.0,100.0,100.0,100.0,iris,1,2
LR,clean,100.0,100.0,97.03703703703704,100.0,iris,1,2
LR,weighted,100.0,100.0,100.0,75.0,iris,1,2
LR,new,100.0,100.0,97.03703703703704,75.0,iris,1,2
MLP,old,93.33333333333333,93.26599326599326,100.0,100.0,iris,1,2
MLP,clean,93.33333333333333,93.26599326599326,97.03703703703704,100.0,iris,1,2
MLP,weighted,100.0,100.0,100.0,75.0,iris,1,2
MLP,new,100.0,100.0,97.03703703703704,75.0,iris,1,2
LR,old,100.0,100.0,100.0,100.0,iris,1,3
LR,clean,100.0,100.0,98.51851851851852,100.0,iris,1,3
LR,weighted,100.0,100.0,100.0,75.0,iris,1,3
LR,new,100.0,100.0,98.51851851851852,75.0,iris,1,3
MLP,old,93.33333333333333,93.26599326599326,100.0,100.0,iris,1,3
MLP,clean,93.33333333333333,93.26599326599326,98.51851851851852,100.0,iris,1,3
MLP,weighted,100.0,100.0,100.0,75.0,iris,1,3
MLP,new,100.0,100.0,98.51851851851852,75.0,iris,1,3
LR,old,93.33333333333333,93.26599326599326,100.0,100.0,iris,1,4
LR,clean,93.33333333333333,93.26599326599326,97.77777777777777,100.0,iris,1,4
LR,weighted,93.33333333333333,93.26599326599326,100.0,100.0,iris,1,4
LR,new,93.33333333333333,93.26599326599326,97.77777777777777,100.0,iris,1,4
MLP,old,93.33333333333333,93.26599326599326,100.0,100.0,iris,1,4
MLP,clean,93.33333333333333,93.26599326599326,97.77777777777777,100.0,iris,1,4
MLP,weighted,93.33333333333333,93.26599326599326,100.0,100.0,iris,1,4
MLP,new,93.33333333333333,93.26599326599326,97.77777777777777,100.0,iris,1,4
LR,old,93.33333333333333,93.26599326599326,100.0,100.0,iris,1,5
LR,clean,100.0,100.0,97.03703703703704,100.0,iris,1,5
LR,weighted,93.33333333333333,93.26599326599326,100.0,75.0,iris,1,5
LR,new,93.33333333333333,93.26599326599326,97.03703703703704,75.0,iris,1,5
MLP,old,86.66666666666667,86.66666666666667,100.0,100.0,iris,1,5
MLP,clean,86.66666666666667,86.66666666666667,97.03703703703704,100.0,iris,1,5
MLP,weighted,93.33333333333333,93.26599326599326,100.0,75.0,iris,1,5
MLP,new,93.33333333333333,93.26599326599326,97.03703703703704,75.0,iris,1,5
LR,old,93.33333333333333,93.26599326599326,100.0,100.0,iris,1,6
LR,clean,93.33333333333333,93.26599326599326,97.03703703703704,100.0,iris,1,6
LR,weighted,93.33333333333333,93.26599326599326,100.0,75.0,iris,1,6
LR,new,93.33333333333333,93.26599326599326,97.03703703703704,75.0,iris,1,6
MLP,old,93.33333333333333,93.26599326599326,100.0,100.0,iris,1,6
MLP,clean,73.33333333333333,73.33333333333334,97.03703703703704,100.0,iris,1,6
MLP,weighted,93.33333333333333,93.26599326599326,100.0,75.0,iris,1,6
MLP,new,93.33333333333333,93.26599326599326,97.03703703703704,75.0,iris,1,6
LR,old,100.0,100.0,100.0,100.0,iris,1,7
LR,clean,100.0,100.0,97.03703703703704,100.0,iris,1,7
LR,weighted,100.0,100.0,100.0,75.0,iris,1,7
LR,new,100.0,100.0,97.03703703703704,75.0,iris,1,7
MLP,old,100.0,100.0,100.0,100.0,iris,1,7
MLP,clean,100.0,100.0,97.03703703703704,100.0,iris,1,7
MLP,weighted,100.0,100.0,100.0,75.0,iris,1,7
MLP,new,100.0,100.0,97.03703703703704,75.0,iris,1,7
LR,old,86.66666666666667,86.11111111111111,100.0,100.0,iris,1,8
LR,clean,86.66666666666667,86.11111111111111,97.77777777777777,100.0,iris,1,8
LR,weighted,86.66666666666667,86.11111111111111,100.0,75.0,iris,1,8
LR,new,86.66666666666667,86.11111111111111,97.77777777777777,75.0,iris,1,8
MLP,old,80.0,79.79797979797979,100.0,100.0,iris,1,8
MLP,clean,80.0,79.79797979797979,97.77777777777777,100.0,iris,1,8
MLP,weighted,66.66666666666666,65.11784511784512,100.0,75.0,iris,1,8
MLP,new,73.33333333333333,73.33333333333334,97.77777777777777,75.0,iris,1,8
LR,old,93.33333333333333,93.26599326599326,100.0,100.0,iris,1,9
LR,clean,93.33333333333333,93.26599326599326,97.03703703703704,100.0,iris,1,9
LR,weighted,93.33333333333333,93.26599326599326,100.0,50.0,iris,1,9
LR,new,93.33333333333333,93.26599326599326,97.03703703703704,50.0,iris,1,9
MLP,old,86.66666666666667,86.11111111111111,100.0,100.0,iris,1,9
MLP,clean,86.66666666666667,86.11111111111111,97.03703703703704,100.0,iris,1,9
MLP,weighted,93.33333333333333,93.26599326599326,100.0,50.0,iris,1,9
MLP,new,93.33333333333333,93.26599326599326,97.03703703703704,50.0,iris,1,9
LR,old,93.33333333333333,93.26599326599326,100.0,100.0,iris,2,0
LR,clean,93.33333333333333,93.26599326599326,97.77777777777777,100.0,iris,2,0
LR,weighted,93.33333333333333,93.26599326599326,100.0,75.0,iris,2,0
LR,new,93.33333333333333,93.26599326599326,97.77777777777777,75.0,iris,2,0
MLP,old,73.33333333333333,72.22222222222221,100.0,100.0,iris,2,0
MLP,clean,73.33333333333333,72.22222222222221,97.77777777777777,100.0,iris,2,0
MLP,weighted,93.33333333333333,93.26599326599326,100.0,75.0,iris,2,0
MLP,new,93.33333333333333,93.26599326599326,97.77777777777777,75.0,iris,2,0
LR,old,86.66666666666667,86.11111111111111,100.0,100.0,iris,2,1
LR,clean,86.66666666666667,86.11111111111111,97.03703703703704,100.0,iris,2,1
LR,weighted,86.66666666666667,86.11111111111111,100.0,75.0,iris,2,1
LR,new,86.66666666666667,86.11111111111111,97.03703703703704,75.0,iris,2,1
MLP,old,93.33333333333333,93.26599326599326,100.0,100.0,iris,2,1
MLP,clean,86.66666666666667,86.66666666666667,97.03703703703704,100.0,iris,2,1
MLP,weighted,100.0,100.0,100.0,75.0,iris,2,1
MLP,new,100.0,100.0,97.03703703703704,75.0,iris,2,1
LR,old,100.0,100.0,100.0,100.0,iris,2,2
LR,clean,100.0,100.0,97.77777777777777,100.0,iris,2,2
LR,weighted,100.0,100.0,100.0,100.0,iris,2,2
LR,new,100.0,100.0,97.77777777777777,100.0,iris,2,2
MLP,old,80.0,78.02197802197803,100.0,100.0,iris,2,2
MLP,clean,80.0,78.02197802197803,97.77777777777777,100.0,iris,2,2
MLP,weighted,80.0,78.02197802197803,100.0,100.0,iris,2,2
MLP,new,80.0,78.02197802197803,97.77777777777777,100.0,iris,2,2
LR,old,93.33333333333333,93.26599326599326,100.0,100.0,iris,2,3
LR,clean,93.33333333333333,93.26599326599326,98.51851851851852,100.0,iris,2,3
LR,weighted,93.33333333333333,93.26599326599326,100.0,100.0,iris,2,3
LR,new,93.33333333333333,93.26599326599326,98.51851851851852,100.0,iris,2,3
MLP,old,93.33333333333333,93.26599326599326,100.0,100.0,iris,2,3
MLP,clean,93.33333333333333,93.26599326599326,98.51851851851852,100.0,iris,2,3
MLP,weighted,93.33333333333333,93.26599326599326,100.0,100.0,iris,2,3
MLP,new,93.33333333333333,93.26599326599326,98.51851851851852,100.0,iris,2,3
LR,old,100.0,100.0,100.0,100.0,iris,2,4
LR,clean,100.0,100.0,97.77777777777777,100.0,iris,2,4
LR,weighted,100.0,100.0,100.0,75.0,iris,2,4
LR,new,100.0,100.0,97.77777777777777,75.0,iris,2,4
MLP,old,93.33333333333333,93.26599326599326,100.0,100.0,iris,2,4
MLP,clean,93.33333333333333,93.26599326599326,97.77777777777777,100.0,iris,2,4
MLP,weighted,100.0,100.0,100.0,75.0,iris,2,4
MLP,new,100.0,100.0,97.77777777777777,75.0,iris,2,4
LR,old,100.0,100.0,100.0,100.0,iris,2,5
LR,clean,100.0,100.0,97.77777777777777,100.0,iris,2,5
LR,weighted,100.0,100.0,100.0,75.0,iris,2,5
LR,new,100.0,100.0,97.77777777777777,75.0,iris,2,5
MLP,old,93.33333333333333,93.26599326599326,100.0,100.0,iris,2,5
MLP,clean,93.33333333333333,93.26599326599326,97.77777777777777,100.0,iris,2,5
MLP,weighted,100.0,100.0,100.0,75.0,iris,2,5
MLP,new,100.0,100.0,97.77777777777777,75.0,iris,2,5
LR,old,100.0,100.0,100.0,100.0,iris,2,6
LR,clean,100.0,100.0,97.77777777777777,100.0,iris,2,6
LR,weighted,100.0,100.0,100.0,75.0,iris,2,6
LR,new,100.0,100.0,97.77777777777777,75.0,iris,2,6
MLP,old,86.66666666666667,86.11111111111111,100.0,100.0,iris,2,6
MLP,clean,86.66666666666667,86.11111111111111,97.77777777777777,100.0,iris,2,6
MLP,weighted,86.66666666666667,86.11111111111111,100.0,75.0,iris,2,6
MLP,new,86.66666666666667,86.11111111111111,97.77777777777777,75.0,iris,2,6
LR,old,93.33333333333333,93.26599326599326,100.0,100.0,iris,2,7
LR,clean,93.33333333333333,93.26599326599326,97.77777777777777,100.0,iris,2,7
LR,weighted,93.33333333333333,93.26599326599326,100.0,50.0,iris,2,7
LR,new,93.33333333333333,93.26599326599326,97.77777777777777,50.0,iris,2,7
MLP,old,93.33333333333333,93.26599326599326,100.0,100.0,iris,2,7
MLP,clean,93.33333333333333,93.26599326599326,97.77777777777777,100.0,iris,2,7
MLP,weighted,86.66666666666667,86.11111111111111,100.0,50.0,iris,2,7
MLP,new,86.66666666666667,86.11111111111111,97.77777777777777,50.0,iris,2,7
LR,old,86.66666666666667,86.66666666666667,100.0,100.0,iris,2,8
LR,clean,86.66666666666667,86.66666666666667,97.77777777777777,100.0,iris,2,8
LR,weighted,93.33333333333333,93.26599326599326,100.0,75.0,iris,2,8
LR,new,93.33333333333333,93.26599326599326,97.77777777777777,75.0,iris,2,8
MLP,old,86.66666666666667,86.66666666666667,100.0,100.0,iris,2,8
MLP,clean,86.66666666666667,86.66666666666667,97.77777777777777,100.0,iris,2,8
MLP,weighted,86.66666666666667,86.66666666666667,100.0,75.0,iris,2,8
MLP,new,86.66666666666667,86.66666666666667,97.77777777777777,75.0,iris,2,8
LR,old,100.0,100.0,100.0,100.0,iris,2,9
LR,clean,100.0,100.0,98.51851851851852,100.0,iris,2,9
LR,weighted,100.0,100.0,100.0,75.0,iris,2,9
LR,new,100.0,100.0,98.51851851851852,75.0,iris,2,9
MLP,old,100.0,100.0,100.0,100.0,iris,2,9
MLP,clean,100.0,100.0,98.51851851851852,100.0,iris,2,9
MLP,weighted,100.0,100.0,100.0,75.0,iris,2,9
MLP,new,100.0,100.0,98.51851851851852,75.0,iris,2,9
LR,old,100.0,100.0,100.0,100.0,iris,3,0
LR,clean,100.0,100.0,97.77777777777777,100.0,iris,3,0
LR,weighted,100.0,100.0,100.0,75.0,iris,3,0
LR,new,100.0,100.0,97.77777777777777,75.0,iris,3,0
MLP,old,80.0,79.79797979797979,100.0,100.0,iris,3,0
MLP,clean,86.66666666666667,86.66666666666667,97.77777777777777,100.0,iris,3,0
MLP,weighted,93.33333333333333,93.26599326599326,100.0,75.0,iris,3,0
MLP,new,93.33333333333333,93.26599326599326,97.77777777777777,75.0,iris,3,0
LR,old,100.0,100.0,100.0,100.0,iris,3,1
LR,clean,100.0,100.0,98.51851851851852,100.0,iris,3,1
LR,weighted,100.0,100.0,100.0,75.0,iris,3,1
LR,new,100.0,100.0,98.51851851851852,75.0,iris,3,1
MLP,old,86.66666666666667,86.11111111111111,100.0,100.0,iris,3,1
MLP,clean,93.33333333333333,93.26599326599326,98.51851851851852,100.0,iris,3,1
MLP,weighted,93.33333333333333,93.26599326599326,100.0,75.0,iris,3,1
MLP,new,93.33333333333333,93.26599326599326,98.51851851851852,75.0,iris,3,1
LR,old,93.33333333333333,93.26599326599326,100.0,100.0,iris,3,2
LR,clean,93.33333333333333,93.26599326599326,97.03703703703704,100.0,iris,3,2
LR,weighted,93.33333333333333,93.26599326599326,100.0,100.0,iris,3,2
LR,new,93.33333333333333,93.26599326599326,97.03703703703704,100.0,iris,3,2
MLP,old,93.33333333333333,93.26599326599326,100.0,100.0,iris,3,2
MLP,clean,93.33333333333333,93.26599326599326,97.03703703703704,100.0,iris,3,2
MLP,weighted,93.33333333333333,93.26599326599326,100.0,100.0,iris,3,2
MLP,new,93.33333333333333,93.26599326599326,97.03703703703704,100.0,iris,3,2
LR,old,93.33333333333333,93.26599326599326,100.0,100.0,iris,3,3
LR,clean,93.33333333333333,93.26599326599326,97.03703703703704,100.0,iris,3,3
LR,weighted,93.33333333333333,93.26599326599326,100.0,75.0,iris,3,3
LR,new,93.33333333333333,93.26599326599326,97.03703703703704,75.0,iris,3,3
MLP,old,73.33333333333333,72.22222222222221,100.0,100.0,iris,3,3
MLP,clean,66.66666666666666,66.32996632996633,97.03703703703704,100.0,iris,3,3
MLP,weighted,80.0,79.79797979797979,100.0,75.0,iris,3,3
MLP,new,80.0,79.79797979797979,97.03703703703704,75.0,iris,3,3
LR,old,86.66666666666667,86.66666666666667,100.0,100.0,iris,3,4
LR,clean,86.66666666666667,86.66666666666667,98.51851851851852,100.0,iris,3,4
LR,weighted,86.66666666666667,86.66666666666667,100.0,75.0,iris,3,4
LR,new,86.66666666666667,86.66666666666667,98.51851851851852,75.0,iris,3,4
MLP,old,86.66666666666667,86.11111111111111,100.0,100.0,iris,3,4
MLP,clean,86.66666666666667,86.11111111111111,98.51851851851852,100.0,iris,3,4
MLP,weighted,86.66666666666667,86.66666666666667,100.0,75.0,iris,3,4
MLP,new,86.66666666666667,86.11111111111111,98.51851851851852,75.0,iris,3,4
LR,old,86.66666666666667,86.66666666666667,100.0,100.0,iris,3,5
LR,clean,86.66666666666667,86.66666666666667,98.51851851851852,100.0,iris,3,5
LR,weighted,86.66666666666667,86.66666666666667,100.0,50.0,iris,3,5
LR,new,86.66666666666667,86.66666666666667,98.51851851851852,50.0,iris,3,5
MLP,old,86.66666666666667,86.66666666666667,100.0,100.0,iris,3,5
MLP,clean,86.66666666666667,86.66666666666667,98.51851851851852,100.0,iris,3,5
MLP,weighted,93.33333333333333,93.26599326599326,100.0,50.0,iris,3,5
MLP,new,93.33333333333333,93.26599326599326,98.51851851851852,50.0,iris,3,5
LR,old,100.0,100.0,100.0,100.0,iris,3,6
LR,clean,100.0,100.0,98.51851851851852,100.0,iris,3,6
LR,weighted,100.0,100.0,100.0,100.0,iris,3,6
LR,new,100.0,100.0,98.51851851851852,100.0,iris,3,6
MLP,old,93.33333333333333,93.26599326599326,100.0,100.0,iris,3,6
MLP,clean,93.33333333333333,93.26599326599326,98.51851851851852,100.0,iris,3,6
MLP,weighted,93.33333333333333,93.26599326599326,100.0,100.0,iris,3,6
MLP,new,93.33333333333333,93.26599326599326,98.51851851851852,100.0,iris,3,6
LR,old,100.0,100.0,100.0,100.0,iris,3,7
LR,clean,100.0,100.0,98.51851851851852,100.0,iris,3,7
LR,weighted,100.0,100.0,100.0,75.0,iris,3,7
LR,new,100.0,100.0,98.51851851851852,75.0,iris,3,7
MLP,old,86.66666666666667,86.11111111111111,100.0,100.0,iris,3,7
MLP,clean,86.66666666666667,86.11111111111111,98.51851851851852,100.0,iris,3,7
MLP,weighted,93.33333333333333,93.26599326599326,100.0,75.0,iris,3,7
MLP,new,93.33333333333333,93.26599326599326,98.51851851851852,75.0,iris,3,7
LR,old,100.0,100.0,100.0,100.0,iris,3,8
LR,clean,100.0,100.0,97.03703703703704,100.0,iris,3,8
LR,weighted,100.0,100.0,100.0,75.0,iris,3,8
LR,new,100.0,100.0,97.03703703703704,75.0,iris,3,8
MLP,old,80.0,80.53872053872054,100.0,100.0,iris,3,8
MLP,clean,80.0,80.53872053872054,97.03703703703704,100.0,iris,3,8
MLP,weighted,100.0,100.0,100.0,75.0,iris,3,8
MLP,new,100.0,100.0,97.03703703703704,75.0,iris,3,8
LR,old,93.33333333333333,93.26599326599326,100.0,100.0,iris,3,9
LR,clean,93.33333333333333,93.26599326599326,97.77777777777777,100.0,iris,3,9
LR,weighted,93.33333333333333,93.26599326599326,100.0,100.0,iris,3,9
LR,new,93.33333333333333,93.26599326599326,97.77777777777777,100.0,iris,3,9
MLP,old,86.66666666666667,86.66666666666667,100.0,100.0,iris,3,9
MLP,clean,93.33333333333333,93.26599326599326,97.77777777777777,100.0,iris,3,9
MLP,weighted,100.0,100.0,100.0,100.0,iris,3,9
MLP,new,100.0,100.0,97.77777777777777,100.0,iris,3,9
LR,old,93.33333333333333,93.26599326599326,100.0,100.0,iris,4,0
LR,clean,93.33333333333333,93.26599326599326,97.77777777777777,100.0,iris,4,0
LR,weighted,93.33333333333333,93.26599326599326,100.0,75.0,iris,4,0
LR,new,93.33333333333333,93.26599326599326,97.77777777777777,75.0,iris,4,0
MLP,old,93.33333333333333,93.26599326599326,100.0,100.0,iris,4,0
MLP,clean,93.33333333333333,93.26599326599326,97.77777777777777,100.0,iris,4,0
MLP,weighted,93.33333333333333,93.26599326599326,100.0,75.0,iris,4,0
MLP,new,93.33333333333333,93.26599326599326,97.77777777777777,75.0,iris,4,0
LR,old,100.0,100.0,100.0,100.0,iris,4,1
LR,clean,100.0,100.0,97.03703703703704,100.0,iris,4,1
LR,weighted,100.0,100.0,100.0,75.0,iris,4,1
LR,new,100.0,100.0,97.03703703703704,75.0,iris,4,1
MLP,old,86.66666666666667,86.11111111111111,100.0,100.0,iris,4,1
MLP,clean,93.33333333333333,93.26599326599326,97.03703703703704,100.0,iris,4,1
MLP,weighted,100.0,100.0,100.0,75.0,iris,4,1
MLP,new,100.0,100.0,97.03703703703704,75.0,iris,4,1
LR,old,100.0,100.0,100.0,100.0,iris,4,2
LR,clean,100.0,100.0,97.03703703703704,100.0,iris,4,2
LR,weighted,100.0,100.0,100.0,75.0,iris,4,2
LR,new,100.0,100.0,97.03703703703704,75.0,iris,4,2
MLP,old,86.66666666666667,86.66666666666667,100.0,100.0,iris,4,2
MLP,clean,86.66666666666667,86.66666666666667,97.03703703703704,100.0,iris,4,2
MLP,weighted,93.33333333333333,93.26599326599326,100.0,75.0,iris,4,2
MLP,new,93.33333333333333,93.26599326599326,97.03703703703704,75.0,iris,4,2
LR,old,100.0,100.0,100.0,100.0,iris,4,3
LR,clean,100.0,100.0,97.77777777777777,100.0,iris,4,3
LR,weighted,100.0,100.0,100.0,75.0,iris,4,3
LR,new,100.0,100.0,97.77777777777777,75.0,iris,4,3
MLP,old,93.33333333333333,93.26599326599326,100.0,100.0,iris,4,3
MLP,clean,93.33333333333333,93.26599326599326,97.77777777777777,100.0,iris,4,3
MLP,weighted,93.33333333333333,93.26599326599326,100.0,75.0,iris,4,3
MLP,new,93.33333333333333,93.26599326599326,97.77777777777777,75.0,iris,4,3
LR,old,100.0,100.0,100.0,100.0,iris,4,4
LR,clean,100.0,100.0,98.51851851851852,100.0,iris,4,4
LR,weighted,100.0,100.0,100.0,100.0,iris,4,4
LR,new,100.0,100.0,98.51851851851852,100.0,iris,4,4
MLP,old,100.0,100.0,100.0,100.0,iris,4,4
MLP,clean,100.0,100.0,98.51851851851852,100.0,iris,4,4
MLP,weighted,100.0,100.0,100.0,100.0,iris,4,4
MLP,new,100.0,100.0,98.51851851851852,100.0,iris,4,4
LR,old,93.33333333333333,93.26599326599326,100.0,100.0,iris,4,5
LR,clean,93.33333333333333,93.26599326599326,98.51851851851852,100.0,iris,4,5
LR,weighted,93.33333333333333,93.26599326599326,100.0,50.0,iris,4,5
LR,new,93.33333333333333,93.26599326599326,98.51851851851852,50.0,iris,4,5
MLP,old,66.66666666666666,55.55555555555555,100.0,100.0,iris,4,5
MLP,clean,66.66666666666666,55.55555555555555,98.51851851851852,100.0,iris,4,5
MLP,weighted,93.33333333333333,93.26599326599326,100.0,50.0,iris,4,5
MLP,new,93.33333333333333,93.26599326599326,98.51851851851852,50.0,iris,4,5
LR,old,73.33333333333333,73.33333333333334,100.0,100.0,iris,4,6
LR,clean,80.0,79.7979797979798,97.77777777777777,100.0,iris,4,6
LR,weighted,80.0,79.7979797979798,100.0,75.0,iris,4,6
LR,new,80.0,79.7979797979798,97.77777777777777,75.0,iris,4,6
MLP,old,66.66666666666666,67.8114478114478,100.0,100.0,iris,4,6
MLP,clean,66.66666666666666,67.8114478114478,97.77777777777777,100.0,iris,4,6
MLP,weighted,80.0,79.7979797979798,100.0,75.0,iris,4,6
MLP,new,73.33333333333333,73.33333333333334,97.77777777777777,75.0,iris,4,6
LR,old,93.33333333333333,93.26599326599326,100.0,100.0,iris,4,7
LR,clean,93.33333333333333,93.26599326599326,98.51851851851852,100.0,iris,4,7
LR,weighted,93.33333333333333,93.26599326599326,100.0,75.0,iris,4,7
LR,new,93.33333333333333,93.26599326599326,98.51851851851852,75.0,iris,4,7
MLP,old,86.66666666666667,86.66666666666667,100.0,100.0,iris,4,7
MLP,clean,80.0,79.79797979797979,98.51851851851852,100.0,iris,4,7
MLP,weighted,86.66666666666667,86.66666666666667,100.0,75.0,iris,4,7
MLP,new,86.66666666666667,86.66666666666667,98.51851851851852,75.0,iris,4,7
LR,old,100.0,100.0,100.0,100.0,iris,4,8
LR,clean,100.0,100.0,96.29629629629629,100.0,iris,4,8
LR,weighted,100.0,100.0,100.0,75.0,iris,4,8
LR,new,100.0,100.0,96.29629629629629,75.0,iris,4,8
MLP,old,93.33333333333333,93.26599326599326,100.0,100.0,iris,4,8
MLP,clean,100.0,100.0,96.29629629629629,100.0,iris,4,8
MLP,weighted,86.66666666666667,85.60606060606061,100.0,75.0,iris,4,8
MLP,new,93.33333333333333,93.26599326599326,96.29629629629629,75.0,iris,4,8
LR,old,100.0,100.0,100.0,100.0,iris,4,9
LR,clean,100.0,100.0,97.03703703703704,100.0,iris,4,9
LR,weighted,100.0,100.0,100.0,75.0,iris,4,9
LR,new,100.0,100.0,97.03703703703704,75.0,iris,4,9
MLP,old,93.33333333333333,93.26599326599326,100.0,100.0,iris,4,9
MLP,clean,93.33333333333333,93.26599326599326,97.03703703703704,100.0,iris,4,9
MLP,weighted,100.0,100.0,100.0,75.0,iris,4,9
MLP,new,100.0,100.0,97.03703703703704,75.0,iris,4,9
LR,old,95.65217391304348,96.00877192982456,100.0,100.0,soybean,0,0
LR,clean,89.85507246376811,92.40454076367388,97.8827361563518,100.0,soybean,0,0
LR,weighted,94.20289855072464,95.43316495573299,100.0,34.58646616541353,soybean,0,0
LR,new,92.7536231884058,94.04196766425868,97.8827361563518,34.58646616541353,soybean,0,0
MLP,old,97.10144927536231,98.8157894736842,100.0,100.0,soybean,0,0
MLP,clean,92.7536231884058,95.82790179783825,97.8827361563518,100.0,soybean,0,0
MLP,weighted,92.7536231884058,90.49698549780022,100.0,34.58646616541353,soybean,0,0
MLP,new,94.20289855072464,91.11188057863959,97.8827361563518,34.58646616541353,soybean,0,0
LR,old,95.65217391304348,96.78439519852263,100.0,100.0,soybean,0,1
LR,clean,92.7536231884058,95.67939456484348,98.0456026058632,100.0,soybean,0,1
LR,weighted,94.20289855072464,96.24499846106495,100.0,38.34586466165413,soybean,0,1
LR,new,92.7536231884058,95.66020313942751,98.0456026058632,38.34586466165413,soybean,0,1
MLP,old,91.30434782608695,91.46110891263245,100.0,100.0,soybean,0,1
MLP,clean,91.30434782608695,91.90520160049246,98.0456026058632,100.0,soybean,0,1
MLP,weighted,89.85507246376811,90.10069032229697,100.0,38.34586466165413,soybean,0,1
MLP,new,86.95652173913044,85.1699423998593,98.0456026058632,38.34586466165413,soybean,0,1
LR,old,89.85507246376811,88.58585858585857,100.0,100.0,soybean,0,2
LR,clean,91.30434782608695,90.56808688387636,97.39413680781759,100.0,soybean,0,2
LR,weighted,89.85507246376811,89.94987468671678,100.0,37.59398496240601,soybean,0,2
LR,new,89.85507246376811,89.6157059314954,97.39413680781759,37.59398496240601,soybean,0,2
MLP,old,94.20289855072464,95.02923976608187,100.0,100.0,soybean,0,2
MLP,clean,92.7536231884058,94.32748538011695,97.39413680781759,100.0,soybean,0,2
MLP,weighted,91.30434782608695,90.11695906432747,100.0,37.59398496240601,soybean,0,2
MLP,new,88.40579710144928,87.15956558061822,97.39413680781759,37.59398496240601,soybean,0,2
LR,old,89.70588235294117,95.52910052910053,100.0,100.0,soybean,0,3
LR,clean,88.23529411764706,94.81922398589064,96.91056910569105,100.0,soybean,0,3
LR,weighted,86.76470588235294,91.7775114113787,100.0,36.8421052631579,soybean,0,3
LR,new,85.29411764705883,91.01804368471035,96.91056910569105,36.8421052631579,soybean,0,3
MLP,old,89.70588235294117,95.5823939881911,100.0,100.0,soybean,0,3
MLP,clean,88.23529411764706,94.81922398589064,96.91056910569105,100.0,soybean,0,3
MLP,weighted,85.29411764705883,91.8692457639826,100.0,36.8421052631579,soybean,0,3
MLP,new,85.29411764705883,91.8692457639826,96.91056910569105,36.8421052631579,soybean,0,3
LR,old,92.64705882352942,94.74735313228605,100.0,100.0,soybean,0,4
LR,clean,92.64705882352942,94.74735313228605,98.21138211382113,100.0,soybean,0,4
LR,weighted,92.64705882352942,94.74735313228605,100.0,36.090225563909776,soybean,0,4
LR,new,94.11764705882352,95.35818713450293,98.21138211382113,36.090225563909776,soybean,0,4
MLP,old,94.11764705882352,95.37037037037037,100.0,100.0,soybean,0,4
MLP,clean,92.64705882352942,94.74735313228605,98.21138211382113,100.0,soybean,0,4
MLP,weighted,94.11764705882352,93.87398234147459,100.0,36.090225563909776,soybean,0,4
MLP,new,91.17647058823529,92.6583820662768,98.21138211382113,36.090225563909776,soybean,0,4
LR,old,91.17647058823529,94.37195931003981,100.0,100.0,soybean,0,5
LR,clean,91.17647058823529,94.4300591049817,98.69918699186991,100.0,soybean,0,5
LR,weighted,91.17647058823529,94.4300591049817,100.0,36.8421052631579,soybean,0,5
LR,new,92.64705882352942,95.65124933545987,98.69918699186991,36.8421052631579,soybean,0,5
MLP,old,92.64705882352942,95.02985404688191,100.0,100.0,soybean,0,5
MLP,clean,92.64705882352942,95.02985404688191,98.69918699186991,100.0,soybean,0,5
MLP,weighted,94.11764705882352,96.16409444664292,100.0,36.8421052631579,soybean,0,5
MLP,new,94.11764705882352,96.16409444664292,98.69918699186991,36.8421052631579,soybean,0,5
LR,old,97.05882352941177,98.83040935672514,100.0,100.0,soybean,0,6
LR,clean,97.05882352941177,98.0511650643637,97.88617886178862,100.0,soybean,0,6
LR,weighted,91.17647058823529,95.60568086883876,100.0,36.8421052631579,soybean,0,6
LR,new,92.64705882352942,96.2799043062201,97.88617886178862,36.8421052631579,soybean,0,6
MLP,old,92.64705882352942,97.109440267335,100.0,100.0,soybean,0,6
MLP,clean,94.11764705882352,97.68083309878975,97.88617886178862,100.0,soybean,0,6
MLP,weighted,91.17647058823529,96.47603858130175,100.0,36.8421052631579,soybean,0,6
MLP,new,91.17647058823529,96.44355453852022,97.88617886178862,36.8421052631579,soybean,0,6
LR,old,94.11764705882352,96.8005540166205,100.0,100.0,soybean,0,7
LR,clean,89.70588235294117,91.17794486215539,97.88617886178862,100.0,soybean,0,7
LR,weighted,92.64705882352942,96.91597414589104,100.0,39.097744360902254,soybean,0,7
LR,new,92.64705882352942,95.46365914786968,97.88617886178862,39.097744360902254,soybean,0,7
MLP,old,94.11764705882352,95.52631578947368,100.0,100.0,soybean,0,7
MLP,clean,89.70588235294117,91.1802532647408,97.88617886178862,100.0,soybean,0,7
MLP,weighted,94.11764705882352,97.46735259200634,100.0,39.097744360902254,soybean,0,7
MLP,new,92.64705882352942,96.95450748082327,97.88617886178862,39.097744360902254,soybean,0,7
LR,old,95.58823529411765,98.35372745589464,100.0,100.0,soybean,0,8
LR,clean,95.58823529411765,98.35372745589464,97.23577235772358,100.0,soybean,0,8
LR,weighted,95.58823529411765,98.35372745589464,100.0,36.090225563909776,soybean,0,8
LR,new,97.05882352941177,98.90233605403886,97.23577235772358,36.090225563909776,soybean,0,8
MLP,old,95.58823529411765,96.8882733148661,100.0,100.0,soybean,0,8
MLP,clean,98.52941176470588,99.43977591036415,97.23577235772358,100.0,soybean,0,8
MLP,weighted,95.58823529411765,96.90893901420216,100.0,36.090225563909776,soybean,0,8
MLP,new,97.05882352941177,97.45754761234636,97.23577235772358,36.090225563909776,soybean,0,8
LR,old,95.58823529411765,96.8882733148661,100.0,100.0,soybean,0,9
LR,clean,94.11764705882352,96.27269929208987,97.88617886178862,100.0,soybean,0,9
LR,weighted,95.58823529411765,96.8882733148661,100.0,38.34586466165413,soybean,0,9
LR,new,94.11764705882352,96.27269929208987,97.88617886178862,38.34586466165413,soybean,0,9
MLP,old,94.11764705882352,96.36195752539244,100.0,100.0,soybean,0,9
MLP,clean,97.05882352941177,98.8888888888889,97.88617886178862,100.0,soybean,0,9
MLP,weighted,92.64705882352942,94.92432060543517,100.0,38.34586466165413,soybean,0,9
MLP,new,92.64705882352942,94.93955476927613,97.88617886178862,38.34586466165413,soybean,0,9
LR,old,95.65217391304348,95.98107109879962,100.0,100.0,soybean,1,0
LR,clean,94.20289855072464,95.02923976608187,97.23127035830619,100.0,soybean,1,0
LR,weighted,95.65217391304348,94.57498234750965,100.0,39.849624060150376,soybean,1,0
LR,new,94.20289855072464,93.97737765466296,97.23127035830619,39.849624060150376,soybean,1,0
MLP,old,97.10144927536231,98.85448916408667,100.0,100.0,soybean,1,0
MLP,clean,94.20289855072464,97.6106934001671,97.23127035830619,100.0,soybean,1,0
MLP,weighted,94.20289855072464,94.64654282765737,100.0,39.849624060150376,soybean,1,0
MLP,new,92.7536231884058,93.51416643212308,97.23127035830619,39.849624060150376,soybean,1,0
LR,old,92.7536231884058,96.71437365343184,100.0,100.0,soybean,1,1
LR,clean,91.30434782608695,94.05201600492458,98.2084690553746,100.0,soybean,1,1
LR,weighted,94.20289855072464,97.6246084768164,100.0,38.34586466165413,soybean,1,1
LR,new,94.20289855072464,93.00472543588073,98.2084690553746,38.34586466165413,soybean,1,1
MLP,old,92.7536231884058,95.3469845925443,100.0,100.0,soybean,1,1
MLP,clean,94.20289855072464,95.8187134502924,98.2084690553746,100.0,soybean,1,1
MLP,weighted,89.85507246376811,94.12896275777163,100.0,38.34586466165413,soybean,1,1
MLP,new,91.30434782608695,91.55768208399788,98.2084690553746,38.34586466165413,soybean,1,1
LR,old,97.10144927536231,98.8157894736842,100.0,100.0,soybean,1,2
LR,clean,94.20289855072464,97.63157894736842,97.8827361563518,100.0,soybean,1,2
LR,weighted,94.20289855072464,97.73453240945503,100.0,36.090225563909776,soybean,1,2
LR,new,92.7536231884058,97.10130589631974,97.8827361563518,36.090225563909776,soybean,1,2
MLP,old,94.20289855072464,97.72237611572791,100.0,100.0,soybean,1,2
MLP,clean,94.20289855072464,97.65532251681837,97.8827361563518,100.0,soybean,1,2
MLP,weighted,92.7536231884058,97.14247740563529,100.0,36.090225563909776,soybean,1,2
MLP,new,91.30434782608695,94.33545986177565,97.8827361563518,36.090225563909776,soybean,1,2
LR,old,98.52941176470588,99.40865234982881,100.0,100.0,soybean,1,3
LR,clean,92.64705882352942,96.93326453388373,97.88617886178862,100.0,soybean,1,3
LR,weighted,95.58823529411765,98.0952380952381,100.0,39.097744360902254,soybean,1,3
LR,new,94.11764705882352,97.50000000000001,97.88617886178862,39.097744360902254,soybean,1,3
MLP,old,95.58823529411765,97.32370141038871,100.0,100.0,soybean,1,3
MLP,clean,92.64705882352942,96.93326453388373,97.88617886178862,100.0,soybean,1,3
MLP,weighted,94.11764705882352,96.19047619047618,100.0,39.097744360902254,soybean,1,3
MLP,new,92.64705882352942,94.76190476190476,97.88617886178862,39.097744360902254,soybean,1,3
LR,old,94.11764705882352,95.37037037037037,100.0,100.0,soybean,1,4
LR,clean,91.17647058823529,94.1358024691358,97.39837398373984,100.0,soybean,1,4
LR,weighted,91.17647058823529,94.04320987654322,100.0,38.34586466165413,soybean,1,4
LR,new,91.17647058823529,94.7597752551313,97.39837398373984,38.34586466165413,soybean,1,4
MLP,old,92.64705882352942,94.74735313228605,100.0,100.0,soybean,1,4
MLP,clean,89.70588235294117,93.47647441042695,97.39837398373984,100.0,soybean,1,4
MLP,weighted,89.70588235294117,94.16848220769789,100.0,38.34586466165413,soybean,1,4
MLP,new,88.23529411764706,91.4241622574956,97.39837398373984,38.34586466165413,soybean,1,4
LR,old,95.58823529411765,96.78439519852263,100.0,100.0,soybean,1,5
LR,clean,95.58823529411765,96.79901508156355,98.86178861788618,100.0,soybean,1,5
LR,weighted,95.58823529411765,96.78439519852263,100.0,39.097744360902254,soybean,1,5
LR,new,97.05882352941177,97.38199989136929,98.86178861788618,39.097744360902254,soybean,1,5
MLP,old,95.58823529411765,96.19701989752502,100.0,100.0,soybean,1,5
MLP,clean,95.58823529411765,96.79901508156355,98.86178861788618,100.0,soybean,1,5
MLP,weighted,94.11764705882352,89.7668513388735,100.0,39.097744360902254,soybean,1,5
MLP,new,95.58823529411765,90.36445603172017,98.86178861788618,39.097744360902254,soybean,1,5
LR,old,92.64705882352942,97.13577028225879,100.0,100.0,soybean,1,6
LR,clean,89.70588235294117,93.75644994840042,97.39837398373984,100.0,soybean,1,6
LR,weighted,91.17647058823529,90.34055727554178,100.0,36.8421052631579,soybean,1,6
LR,new,91.17647058823529,90.31241204615817,97.39837398373984,36.8421052631579,soybean,1,6
MLP,old,92.64705882352942,97.13577028225879,100.0,100.0,soybean,1,6
MLP,clean,94.11764705882352,97.68083309878975,97.39837398373984,100.0,soybean,1,6
MLP,weighted,91.17647058823529,86.18421052631578,100.0,36.8421052631579,soybean,1,6
MLP,new,92.64705882352942,92.75689223057644,97.39837398373984,36.8421052631579,soybean,1,6
LR,old,94.11764705882352,96.8343653250774,100.0,100.0,soybean,1,7
LR,clean,94.11764705882352,96.8343653250774,97.88617886178862,100.0,soybean,1,7
LR,weighted,94.11764705882352,96.8343653250774,100.0,36.090225563909776,soybean,1,7
LR,new,95.58823529411765,97.45356037151703,97.88617886178862,36.090225563909776,soybean,1,7
MLP,old,92.64705882352942,96.21406457319772,100.0,100.0,soybean,1,7
MLP,clean,92.64705882352942,96.21406457319772,97.88617886178862,100.0,soybean,1,7
MLP,weighted,89.70588235294117,93.89306599832915,100.0,36.090225563909776,soybean,1,7
MLP,new,88.23529411764706,91.42122122079756,97.88617886178862,36.090225563909776,soybean,1,7
LR,old,89.70588235294117,92.39384693618102,100.0,100.0,soybean,1,8
LR,clean,85.29411764705883,87.32686980609418,97.5609756097561,100.0,soybean,1,8
LR,weighted,88.23529411764706,91.51247684428463,100.0,36.8421052631579,soybean,1,8
LR,new,86.76470588235294,87.4937343358396,97.5609756097561,36.8421052631579,soybean,1,8
MLP,old,89.70588235294117,92.56928553267227,100.0,100.0,soybean,1,8
MLP,clean,86.76470588235294,87.83208020050125,97.5609756097561,100.0,soybean,1,8
MLP,weighted,85.29411764705883,90.29987925278785,100.0,36.8421052631579,soybean,1,8
MLP,new,86.76470588235294,90.7614177143263,97.5609756097561,36.8421052631579,soybean,1,8
LR,old,97.05882352941177,97.45754761234636,100.0,100.0,soybean,1,9
LR,clean,97.05882352941177,97.45754761234636,97.39837398373984,100.0,soybean,1,9
LR,weighted,95.58823529411765,95.42615333718479,100.0,40.6015037593985,soybean,1,9
LR,new,95.58823529411765,95.42615333718479,97.39837398373984,40.6015037593985,soybean,1,9
MLP,old,97.05882352941177,97.45754761234636,100.0,100.0,soybean,1,9
MLP,clean,97.05882352941177,97.40838163520256,97.39837398373984,100.0,soybean,1,9
MLP,weighted,94.11764705882352,94.82478125137405,100.0,40.6015037593985,soybean,1,9
MLP,new,94.11764705882352,94.8291782086796,97.39837398373984,40.6015037593985,soybean,1,9
LR,old,95.65217391304348,95.38319482917821,100.0,100.0,soybean,2,0
LR,clean,94.20289855072464,94.76762080640198,97.71986970684038,100.0,soybean,2,0
LR,weighted,95.65217391304348,95.98107109879962,100.0,36.8421052631579,soybean,2,0
LR,new,94.20289855072464,95.33702677746999,97.71986970684038,36.8421052631579,soybean,2,0
MLP,old,95.65217391304348,95.98107109879962,100.0,100.0,soybean,2,0
MLP,clean,94.20289855072464,95.33702677746999,97.71986970684038,100.0,soybean,2,0
MLP,weighted,92.7536231884058,90.77562326869806,100.0,36.8421052631579,soybean,2,0
MLP,new,92.7536231884058,90.77562326869806,97.71986970684038,36.8421052631579,soybean,2,0
LR,old,89.85507246376811,92.41142070863434,100.0,100.0,soybean,2,1
LR,clean,91.30434782608695,93.0208842539786,97.71986970684038,100.0,soybean,2,1
LR,weighted,91.30434782608695,93.47288676236045,100.0,36.090225563909776,soybean,2,1
LR,new,91.30434782608695,93.47288676236045,97.71986970684038,36.090225563909776,soybean,2,1
MLP,old,92.7536231884058,95.82790179783825,100.0,100.0,soybean,2,1
MLP,clean,92.7536231884058,93.61111111111111,97.71986970684038,100.0,soybean,2,1
MLP,weighted,91.30434782608695,93.47288676236045,100.0,36.090225563909776,soybean,2,1
MLP,new,91.30434782608695,93.47288676236045,97.71986970684038,36.090225563909776,soybean,2,1
LR,old,94.20289855072464,97.26399331662489,100.0,100.0,soybean,2,2
LR,clean,94.20289855072464,97.26399331662489,97.71986970684038,100.0,soybean,2,2
LR,weighted,94.20289855072464,95.42876799842745,100.0,40.6015037593985,soybean,2,2
LR,new,94.20289855072464,95.48245614035089,97.71986970684038,40.6015037593985,soybean,2,2
MLP,old,89.85507246376811,94.10422987292793,100.0,100.0,soybean,2,2
MLP,clean,91.30434782608695,96.10693400167084,97.71986970684038,100.0,soybean,2,2
MLP,weighted,94.20289855072464,95.97403596711077,100.0,40.6015037593985,soybean,2,2
MLP,new,94.20289855072464,95.97403596711077,97.71986970684038,40.6015037593985,soybean,2,2
LR,old,92.64705882352942,96.09649122807018,100.0,100.0,soybean,2,3
LR,clean,91.17647058823529,95.252009622719,97.23577235772358,100.0,soybean,2,3
LR,weighted,92.64705882352942,96.65551839464884,100.0,33.83458646616541,soybean,2,3
LR,new,91.17647058823529,95.252009622719,97.23577235772358,33.83458646616541,soybean,2,3
MLP,old,88.23529411764706,93.91421698057853,100.0,100.0,soybean,2,3
MLP,clean,89.70588235294117,94.4298245614035,97.23577235772358,100.0,soybean,2,3
MLP,weighted,88.23529411764706,93.30484330484332,100.0,33.83458646616541,soybean,2,3
MLP,new,89.70588235294117,93.81481481481482,97.23577235772358,33.83458646616541,soybean,2,3
LR,old,94.11764705882352,90.31189083820662,100.0,100.0,soybean,2,4
LR,clean,94.11764705882352,93.69070825211175,98.21138211382113,100.0,soybean,2,4
LR,weighted,92.64705882352942,89.75308641975307,100.0,33.08270676691729,soybean,2,4
LR,new,92.64705882352942,89.69460688758934,98.21138211382113,33.08270676691729,soybean,2,4
MLP,old,95.58823529411765,96.62118258609486,100.0,100.0,soybean,2,4
MLP,clean,95.58823529411765,96.62118258609486,98.21138211382113,100.0,soybean,2,4
MLP,weighted,92.64705882352942,89.69460688758934,100.0,33.08270676691729,soybean,2,4
MLP,new,92.64705882352942,89.69460688758934,98.21138211382113,33.08270676691729,soybean,2,4
LR,old,97.05882352941177,98.83040935672514,100.0,100.0,soybean,2,5
LR,clean,97.05882352941177,97.38199989136929,98.21138211382113,100.0,soybean,2,5
LR,weighted,97.05882352941177,97.38199989136929,100.0,39.097744360902254,soybean,2,5
LR,new,95.58823529411765,96.79901508156355,98.21138211382113,39.097744360902254,soybean,2,5
MLP,old,95.58823529411765,97.46818025455796,100.0,100.0,soybean,2,5
MLP,clean,97.05882352941177,98.83040935672514,98.21138211382113,100.0,soybean,2,5
MLP,weighted,95.58823529411765,96.19701989752502,100.0,39.097744360902254,soybean,2,5
MLP,new,94.11764705882352,94.01788785689715,98.21138211382113,39.097744360902254,soybean,2,5
LR,old,94.11764705882352,97.68083309878975,100.0,100.0,soybean,2,6
LR,clean,89.70588235294117,94.26101485598052,99.02439024390245,100.0,soybean,2,6
LR,weighted,89.70588235294117,93.54330396126062,100.0,37.59398496240601,soybean,2,6
LR,new,88.23529411764706,91.55757039657969,99.02439024390245,37.59398496240601,soybean,2,6
MLP,old,94.11764705882352,97.46735259200634,100.0,100.0,soybean,2,6
MLP,clean,91.17647058823529,94.75602882805099,99.02439024390245,100.0,soybean,2,6
MLP,weighted,83.82352941176471,81.96805003697622,100.0,37.59398496240601,soybean,2,6
MLP,new,85.29411764705883,88.98559389662533,99.02439024390245,37.59398496240601,soybean,2,6
LR,old,92.64705882352942,97.16017986141826,100.0,100.0,soybean,2,7
LR,clean,94.11764705882352,97.68005540166203,98.3739837398374,100.0,soybean,2,7
LR,weighted,88.23529411764706,90.81871345029239,100.0,35.338345864661655,soybean,2,7
LR,new,89.70588235294117,91.34502923976608,98.3739837398374,35.338345864661655,soybean,2,7
MLP,old,92.64705882352942,97.16017986141826,100.0,100.0,soybean,2,7
MLP,clean,94.11764705882352,96.24499846106495,98.3739837398374,100.0,soybean,2,7
MLP,weighted,94.11764705882352,97.68978690275742,100.0,35.338345864661655,soybean,2,7
MLP,new,91.17647058823529,91.92439302590843,98.3739837398374,35.338345864661655,soybean,2,7
LR,old,94.11764705882352,96.30655586334257,100.0,100.0,soybean,2,8
LR,clean,94.11764705882352,96.30347799322868,97.88617886178862,100.0,soybean,2,8
LR,weighted,92.64705882352942,95.73934837092732,100.0,39.097744360902254,soybean,2,8
LR,new,92.64705882352942,95.73934837092732,97.88617886178862,39.097744360902254,soybean,2,8
MLP,old,91.17647058823529,95.22314558325637,100.0,100.0,soybean,2,8
MLP,clean,89.70588235294117,94.5878452111139,97.88617886178862,100.0,soybean,2,8
MLP,weighted,92.64705882352942,95.70153003993359,100.0,39.097744360902254,soybean,2,8
MLP,new,92.64705882352942,95.70153003993359,97.88617886178862,39.097744360902254,soybean,2,8
LR,old,92.64705882352942,95.7463835026162,100.0,100.0,soybean,2,9
LR,clean,92.64705882352942,95.7463835026162,97.88617886178862,100.0,soybean,2,9
LR,weighted,92.64705882352942,95.71868267159125,100.0,39.097744360902254,soybean,2,9
LR,new,94.11764705882352,96.30347799322868,97.88617886178862,39.097744360902254,soybean,2,9
MLP,old,92.64705882352942,95.7463835026162,100.0,100.0,soybean,2,9
MLP,clean,92.64705882352942,95.71868267159125,97.88617886178862,100.0,soybean,2,9
MLP,weighted,91.17647058823529,93.76951149804334,100.0,39.097744360902254,soybean,2,9
MLP,new,91.17647058823529,93.76951149804334,97.88617886178862,39.097744360902254,soybean,2,9
LR,old,97.10144927536231,98.82859884489345,100.0,100.0,soybean,3,0
LR,clean,95.65217391304348,97.46818025455796,98.37133550488599,100.0,soybean,3,0
LR,weighted,95.65217391304348,98.27458222439483,100.0,34.58646616541353,soybean,3,0
LR,new,95.65217391304348,98.27458222439483,98.37133550488599,34.58646616541353,soybean,3,0
MLP,old,97.10144927536231,95.83075335397317,100.0,100.0,soybean,3,0
MLP,clean,95.65217391304348,96.0215813010338,98.37133550488599,100.0,soybean,3,0
MLP,weighted,97.10144927536231,98.85448916408667,100.0,34.58646616541353,soybean,3,0
MLP,new,97.10144927536231,98.85448916408667,98.37133550488599,34.58646616541353,soybean,3,0
LR,old,95.65217391304348,98.20940379845382,100.0,100.0,soybean,3,1
LR,clean,94.20289855072464,97.6246084768164,97.8827361563518,100.0,soybean,3,1
LR,weighted,94.20289855072464,97.6246084768164,100.0,36.8421052631579,soybean,3,1
LR,new,95.65217391304348,98.20940379845382,97.8827361563518,36.8421052631579,soybean,3,1
MLP,old,95.65217391304348,98.20940379845382,100.0,100.0,soybean,3,1
MLP,clean,97.10144927536231,98.82859884489345,97.8827361563518,100.0,soybean,3,1
MLP,weighted,92.7536231884058,96.6234212983439,100.0,36.8421052631579,soybean,3,1
MLP,new,95.65217391304348,97.7869014641868,97.8827361563518,36.8421052631579,soybean,3,1
LR,old,94.20289855072464,97.6608187134503,100.0,100.0,soybean,3,2
LR,clean,95.65217391304348,98.17042606516291,97.06840390879479,100.0,soybean,3,2
LR,weighted,94.20289855072464,97.60255902915182,100.0,41.35338345864662,soybean,3,2
LR,new,95.65217391304348,98.17042606516291,97.06840390879479,41.35338345864662,soybean,3,2
MLP,old,89.85507246376811,95.98663842268209,100.0,100.0,soybean,3,2
MLP,clean,95.65217391304348,98.17042606516291,97.06840390879479,100.0,soybean,3,2
MLP,weighted,91.30434782608695,96.5406550431807,100.0,41.35338345864662,soybean,3,2
MLP,new,91.30434782608695,95.18341307814993,97.06840390879479,41.35338345864662,soybean,3,2
LR,old,95.58823529411765,96.64902998236333,100.0,100.0,soybean,3,3
LR,clean,92.64705882352942,95.48083170890187,97.5609756097561,100.0,soybean,3,3
LR,weighted,92.64705882352942,95.48083170890187,100.0,39.097744360902254,soybean,3,3
LR,new,92.64705882352942,95.41005291005291,97.5609756097561,39.097744360902254,soybean,3,3
MLP,old,89.70588235294117,94.26807760141094,100.0,100.0,soybean,3,3
MLP,clean,92.64705882352942,95.41005291005291,97.5609756097561,100.0,soybean,3,3
MLP,weighted,88.23529411764706,92.36331569664904,100.0,39.097744360902254,soybean,3,3
MLP,new,88.23529411764706,89.84126984126983,97.5609756097561,39.097744360902254,soybean,3,3
LR,old,91.17647058823529,93.099128540305,100.0,100.0,soybean,3,4
LR,clean,88.23529411764706,90.5672268907563,97.5609756097561,100.0,soybean,3,4
LR,weighted,88.23529411764706,90.0555260204383,100.0,36.090225563909776,soybean,3,4
LR,new,86.76470588235294,90.31892094069597,97.5609756097561,36.090225563909776,soybean,3,4
MLP,old,86.76470588235294,92.22123192711429,100.0,100.0,soybean,3,4
MLP,clean,85.29411764705883,89.18518518518519,97.5609756097561,100.0,soybean,3,4
MLP,weighted,79.41176470588235,80.54307042955134,100.0,36.090225563909776,soybean,3,4
MLP,new,80.88235294117648,83.38264643089204,97.5609756097561,36.090225563909776,soybean,3,4
LR,old,97.05882352941177,97.38199989136929,100.0,100.0,soybean,3,5
LR,clean,98.52941176470588,99.41339416653089,97.72357723577237,100.0,soybean,3,5
LR,weighted,97.05882352941177,97.38199989136929,100.0,37.59398496240601,soybean,3,5
LR,new,97.05882352941177,98.8157894736842,97.72357723577237,37.59398496240601,soybean,3,5
MLP,old,95.58823529411765,96.78439519852263,100.0,100.0,soybean,3,5
MLP,clean,95.58823529411765,96.78439519852263,97.72357723577237,100.0,soybean,3,5
MLP,weighted,92.64705882352942,93.61946532999164,100.0,37.59398496240601,soybean,3,5
MLP,new,89.70588235294117,90.26546629732225,97.72357723577237,37.59398496240601,soybean,3,5
LR,old,92.64705882352942,94.7691597414589,100.0,100.0,soybean,3,6
LR,clean,94.11764705882352,95.33702677746999,98.69918699186991,100.0,soybean,3,6
LR,weighted,92.64705882352942,94.76608187134502,100.0,39.849624060150376,soybean,3,6
LR,new,92.64705882352942,94.76608187134502,98.69918699186991,39.849624060150376,soybean,3,6
MLP,old,97.05882352941177,98.8157894736842,100.0,100.0,soybean,3,6
MLP,clean,94.11764705882352,96.16409444664292,98.69918699186991,100.0,soybean,3,6
MLP,weighted,92.64705882352942,95.59314954051796,100.0,39.849624060150376,soybean,3,6
MLP,new,92.64705882352942,95.59314954051796,98.69918699186991,39.849624060150376,soybean,3,6
LR,old,91.17647058823529,94.63681132656203,100.0,100.0,soybean,3,7
LR,clean,91.17647058823529,94.31524154515844,98.21138211382113,100.0,soybean,3,7
LR,weighted,89.70588235294117,91.33689486875083,100.0,37.59398496240601,soybean,3,7
LR,new,91.17647058823529,91.8962477965248,98.21138211382113,37.59398496240601,soybean,3,7
MLP,old,88.23529411764706,90.0250626566416,100.0,100.0,soybean,3,7
MLP,clean,89.70588235294117,90.5571621361095,98.21138211382113,100.0,soybean,3,7
MLP,weighted,89.70588235294117,91.17170917724934,100.0,37.59398496240601,soybean,3,7
MLP,new,89.70588235294117,91.17170917724934,98.21138211382113,37.59398496240601,soybean,3,7
LR,old,91.17647058823529,93.59879963065558,100.0,100.0,soybean,3,8
LR,clean,91.17647058823529,94.4298245614035,98.21138211382113,100.0,soybean,3,8
LR,weighted,95.58823529411765,97.52665978672171,100.0,38.34586466165413,soybean,3,8
LR,new,97.05882352941177,98.07754680819697,98.21138211382113,38.34586466165413,soybean,3,8
MLP,old,94.11764705882352,95.07051943584453,100.0,100.0,soybean,3,8
MLP,clean,92.64705882352942,94.42607186415236,98.21138211382113,100.0,soybean,3,8
MLP,weighted,95.58823529411765,97.52665978672171,100.0,38.34586466165413,soybean,3,8
MLP,new,95.58823529411765,97.52665978672171,98.21138211382113,38.34586466165413,soybean,3,8
LR,old,95.58823529411765,96.90712850237048,100.0,100.0,soybean,3,9
LR,clean,92.64705882352942,95.79975656845463,97.5609756097561,100.0,soybean,3,9
LR,weighted,92.64705882352942,95.70972886762362,100.0,37.59398496240601,soybean,3,9
LR,new,91.17647058823529,95.18796992481204,97.5609756097561,37.59398496240601,soybean,3,9
MLP,old,92.64705882352942,95.80827067669173,100.0,100.0,soybean,3,9
MLP,clean,91.17647058823529,96.60538907076302,97.5609756097561,100.0,soybean,3,9
MLP,weighted,92.64705882352942,97.14285714285712,100.0,37.59398496240601,soybean,3,9
MLP,new,89.70588235294117,95.96703429053181,97.5609756097561,37.59398496240601,soybean,3,9
LR,old,94.20289855072464,97.63157894736842,100.0,100.0,soybean,4,0
LR,clean,94.20289855072464,97.70897832817337,97.39413680781759,100.0,soybean,4,0
LR,weighted,92.7536231884058,97.06697083265439,100.0,39.849624060150376,soybean,4,0
LR,new,94.20289855072464,97.6608187134503,97.39413680781759,39.849624060150376,soybean,4,0
MLP,old,94.20289855072464,97.63157894736842,100.0,100.0,soybean,4,0
MLP,clean,95.65217391304348,98.20940379845382,97.39413680781759,100.0,soybean,4,0
MLP,weighted,94.20289855072464,95.43316495573299,100.0,39.849624060150376,soybean,4,0
MLP,new,92.7536231884058,94.3950885986897,97.39413680781759,39.849624060150376,soybean,4,0
LR,old,94.20289855072464,96.16409444664292,100.0,100.0,soybean,4,1
LR,clean,94.20289855072464,96.16409444664292,97.8827361563518,100.0,soybean,4,1
LR,weighted,94.20289855072464,96.16409444664292,100.0,36.8421052631579,soybean,4,1
LR,new,94.20289855072464,96.16409444664292,97.8827361563518,36.8421052631579,soybean,4,1
MLP,old,94.20289855072464,96.16409444664292,100.0,100.0,soybean,4,1
MLP,clean,94.20289855072464,96.16409444664292,97.8827361563518,100.0,soybean,4,1
MLP,weighted,89.85507246376811,91.69970380496697,100.0,36.8421052631579,soybean,4,1
MLP,new,91.30434782608695,92.70089098343946,97.8827361563518,36.8421052631579,soybean,4,1
LR,old,95.65217391304348,98.24018249959263,100.0,100.0,soybean,4,2
LR,clean,94.20289855072464,97.63157894736842,98.53420195439739,100.0,soybean,4,2
LR,weighted,97.10144927536231,98.83040935672514,100.0,35.338345864661655,soybean,4,2
LR,new,95.65217391304348,98.19548872180451,98.53420195439739,35.338345864661655,soybean,4,2
MLP,old,95.65217391304348,98.24018249959263,100.0,100.0,soybean,4,2
MLP,clean,95.65217391304348,98.24018249959263,98.53420195439739,100.0,soybean,4,2
MLP,weighted,95.65217391304348,98.19548872180451,100.0,35.338345864661655,soybean,4,2
MLP,new,95.65217391304348,98.19548872180451,98.53420195439739,35.338345864661655,soybean,4,2
LR,old,91.17647058823529,91.88758934372969,100.0,100.0,soybean,4,3
LR,clean,92.64705882352942,92.20731567480792,98.21138211382113,100.0,soybean,4,3
LR,weighted,91.17647058823529,91.84611856438481,100.0,38.34586466165413,soybean,4,3
LR,new,92.64705882352942,92.4537037037037,98.21138211382113,38.34586466165413,soybean,4,3
MLP,old,91.17647058823529,91.88758934372969,100.0,100.0,soybean,4,3
MLP,clean,92.64705882352942,92.20731567480792,98.21138211382113,100.0,soybean,4,3
MLP,weighted,92.64705882352942,94.85693400167085,100.0,38.34586466165413,soybean,4,3
MLP,new,91.17647058823529,93.94400352733686,98.21138211382113,38.34586466165413,soybean,4,3
LR,old,94.11764705882352,96.05664488017429,100.0,100.0,soybean,4,4
LR,clean,92.64705882352942,96.06209150326796,96.7479674796748,100.0,soybean,4,4
LR,weighted,92.64705882352942,95.40305010893246,100.0,39.849624060150376,soybean,4,4
LR,new,94.11764705882352,96.65732959850608,96.7479674796748,39.849624060150376,soybean,4,4
MLP,old,92.64705882352942,94.7530864197531,100.0,100.0,soybean,4,4
MLP,clean,92.64705882352942,96.00552306692659,96.7479674796748,100.0,soybean,4,4
MLP,weighted,92.64705882352942,95.43650793650794,100.0,39.849624060150376,soybean,4,4
MLP,new,91.17647058823529,93.85101010101012,96.7479674796748,39.849624060150376,soybean,4,4
LR,old,95.58823529411765,96.0215813010338,100.0,100.0,soybean,4,5
LR,clean,94.11764705882352,95.40238625459419,97.88617886178862,100.0,soybean,4,5
LR,weighted,92.64705882352942,89.80736154110768,100.0,39.849624060150376,soybean,4,5
LR,new,91.17647058823529,89.18816649466805,97.88617886178862,39.849624060150376,soybean,4,5
MLP,old,95.58823529411765,96.0215813010338,100.0,100.0,soybean,4,5
MLP,clean,92.64705882352942,93.76495935400939,97.88617886178862,100.0,soybean,4,5
MLP,weighted,91.17647058823529,89.18816649466805,100.0,39.849624060150376,soybean,4,5
MLP,new,91.17647058823529,89.23350041771094,97.88617886178862,39.849624060150376,soybean,4,5
LR,old,97.05882352941177,97.38199989136929,100.0,100.0,soybean,4,6
LR,clean,94.11764705882352,95.5778248510854,97.72357723577237,100.0,soybean,4,6
LR,weighted,94.11764705882352,91.76796480365,100.0,36.8421052631579,soybean,4,6
LR,new,89.70588235294117,89.3704850361197,97.72357723577237,36.8421052631579,soybean,4,6
MLP,old,97.05882352941177,97.38199989136929,100.0,100.0,soybean,4,6
MLP,clean,94.11764705882352,96.20571035431716,97.72357723577237,100.0,soybean,4,6
MLP,weighted,89.70588235294117,80.59391900804643,100.0,36.8421052631579,soybean,4,6
MLP,new,91.17647058823529,84.97988392032714,97.72357723577237,36.8421052631579,soybean,4,6
LR,old,91.17647058823529,95.12002512675551,100.0,100.0,soybean,4,7
LR,clean,92.64705882352942,97.04247831855855,98.3739837398374,100.0,soybean,4,7
LR,weighted,92.64705882352942,95.50790852729911,100.0,37.59398496240601,soybean,4,7
LR,new,92.64705882352942,95.50790852729911,98.3739837398374,37.59398496240601,soybean,4,7
MLP,old,91.17647058823529,94.9538919068005,100.0,100.0,soybean,4,7
MLP,clean,92.64705882352942,97.04247831855855,98.3739837398374,100.0,soybean,4,7
MLP,weighted,91.17647058823529,91.8119096367922,100.0,37.59398496240601,soybean,4,7
MLP,new,89.70588235294117,91.33249791144526,98.3739837398374,37.59398496240601,soybean,4,7
LR,old,89.70588235294117,93.85421758731194,100.0,100.0,soybean,4,8
LR,clean,89.70588235294117,92.25929656677579,97.88617886178862,100.0,soybean,4,8
LR,weighted,94.11764705882352,97.63787459078318,100.0,39.849624060150376,soybean,4,8
LR,new,94.11764705882352,97.63787459078318,97.88617886178862,39.849624060150376,soybean,4,8
MLP,old,95.58823529411765,98.26045376599393,100.0,100.0,soybean,4,8
MLP,clean,91.17647058823529,94.22913343965975,97.88617886178862,100.0,soybean,4,8
MLP,weighted,92.64705882352942,95.67545866955717,100.0,39.849624060150376,soybean,4,8
MLP,new,92.64705882352942,95.67545866955717,97.88617886178862,39.849624060150376,soybean,4,8
LR,old,95.58823529411765,97.99938442597723,100.0,100.0,soybean,4,9
LR,clean,92.64705882352942,96.8895406731483,98.53658536585365,100.0,soybean,4,9
LR,weighted,91.17647058823529,94.02277623884272,100.0,37.59398496240601,soybean,4,9
LR,new,91.17647058823529,94.02277623884272,98.53658536585365,37.59398496240601,soybean,4,9
MLP,old,92.64705882352942,96.82979378270235,100.0,100.0,soybean,4,9
MLP,clean,92.64705882352942,96.8895406731483,98.53658536585365,100.0,soybean,4,9
MLP,weighted,91.17647058823529,88.28689370485036,100.0,37.59398496240601,soybean,4,9
MLP,new,91.17647058823529,88.28689370485036,98.53658536585365,37.59398496240601,soybean,4,9
LR,old,93.18181818181817,92.88409703504044,100.0,100.0,vote,0,0
LR,clean,90.9090909090909,90.41394335511983,98.72122762148338,100.0,vote,0,0
LR,weighted,90.9090909090909,90.41394335511983,100.0,33.333333333333336,vote,0,0
LR,new,90.9090909090909,90.41394335511983,98.72122762148338,33.333333333333336,vote,0,0
MLP,old,90.9090909090909,90.41394335511983,100.0,100.0,vote,0,0
MLP,clean,90.9090909090909,90.41394335511983,98.72122762148338,100.0,vote,0,0
MLP,weighted,88.63636363636364,88.14016172506737,100.0,33.333333333333336,vote,0,0
MLP,new,88.63636363636364,88.14016172506737,98.72122762148338,33.333333333333336,vote,0,0
LR,old,97.72727272727273,97.57575757575758,100.0,100.0,vote,0,1
LR,clean,100.0,100.0,98.46547314578005,100.0,vote,0,1
LR,weighted,95.45454545454545,95.20697167755992,100.0,45.833333333333336,vote,0,1
LR,new,93.18181818181817,92.88409703504044,98.46547314578005,45.833333333333336,vote,0,1
MLP,old,84.0909090909091,83.67779544250133,100.0,100.0,vote,0,1
MLP,clean,90.9090909090909,90.41394335511983,98.46547314578005,100.0,vote,0,1
MLP,weighted,84.0909090909091,83.03030303030303,100.0,45.833333333333336,vote,0,1
MLP,new,93.18181818181817,92.72727272727272,98.46547314578005,45.833333333333336,vote,0,1
LR,old,97.72727272727273,97.62803234501347,100.0,100.0,vote,0,2
LR,clean,97.72727272727273,97.62803234501347,97.44245524296676,100.0,vote,0,2
LR,weighted,97.72727272727273,97.62803234501347,100.0,39.583333333333336,vote,0,2
LR,new,97.72727272727273,97.62803234501347,97.44245524296676,39.583333333333336,vote,0,2
MLP,old,97.72727272727273,97.62803234501347,100.0,100.0,vote,0,2
MLP,clean,97.72727272727273,97.62803234501347,97.44245524296676,100.0,vote,0,2
MLP,weighted,97.72727272727273,97.62803234501347,100.0,39.583333333333336,vote,0,2
MLP,new,97.72727272727273,97.62803234501347,97.44245524296676,39.583333333333336,vote,0,2
LR,old,100.0,100.0,100.0,100.0,vote,0,3
LR,clean,95.45454545454545,95.2991452991453,97.9539641943734,100.0,vote,0,3
LR,weighted,100.0,100.0,100.0,43.75,vote,0,3
LR,new,95.45454545454545,95.2991452991453,97.9539641943734,43.75,vote,0,3
MLP,old,97.72727272727273,97.57575757575758,100.0,100.0,vote,0,3
MLP,clean,97.72727272727273,97.62803234501347,97.9539641943734,100.0,vote,0,3
MLP,weighted,100.0,100.0,100.0,43.75,vote,0,3
MLP,new,95.45454545454545,95.2991452991453,97.9539641943734,43.75,vote,0,3
LR,old,93.18181818181817,92.88409703504044,100.0,100.0,vote,0,4
LR,clean,95.45454545454545,95.20697167755992,98.20971867007673,100.0,vote,0,4
LR,weighted,95.45454545454545,95.20697167755992,100.0,41.666666666666664,vote,0,4
LR,new,95.45454545454545,95.20697167755992,98.20971867007673,41.666666666666664,vote,0,4
MLP,old,93.18181818181817,92.88409703504044,100.0,100.0,vote,0,4
MLP,clean,93.18181818181817,92.88409703504044,98.20971867007673,100.0,vote,0,4
MLP,weighted,93.18181818181817,92.88409703504044,100.0,41.666666666666664,vote,0,4
MLP,new,95.45454545454545,95.20697167755992,98.20971867007673,41.666666666666664,vote,0,4
LR,old,97.67441860465115,97.59103641456582,100.0,100.0,vote,0,5
LR,clean,100.0,100.0,97.95918367346938,100.0,vote,0,5
LR,weighted,100.0,100.0,100.0,43.75,vote,0,5
LR,new,100.0,100.0,97.95918367346938,43.75,vote,0,5
MLP,old,97.67441860465115,97.5414522584334,100.0,100.0,vote,0,5
MLP,clean,93.02325581395348,92.77310924369748,97.95918367346938,100.0,vote,0,5
MLP,weighted,97.67441860465115,97.5414522584334,100.0,43.75,vote,0,5
MLP,new,97.67441860465115,97.5414522584334,97.95918367346938,43.75,vote,0,5
LR,old,97.67441860465115,97.59103641456582,100.0,100.0,vote,0,6
LR,clean,97.67441860465115,97.59103641456582,98.72448979591837,100.0,vote,0,6
LR,weighted,97.67441860465115,97.59103641456582,100.0,35.416666666666664,vote,0,6
LR,new,95.34883720930233,95.22222222222221,98.72448979591837,35.416666666666664,vote,0,6
MLP,old,97.67441860465115,97.59103641456582,100.0,100.0,vote,0,6
MLP,clean,97.67441860465115,97.59103641456582,98.72448979591837,100.0,vote,0,6
MLP,weighted,95.34883720930233,95.22222222222221,100.0,35.416666666666664,vote,0,6
MLP,new,93.02325581395348,92.88472145615003,98.72448979591837,35.416666666666664,vote,0,6
LR,old,97.67441860465115,97.5414522584334,100.0,100.0,vote,0,7
LR,clean,95.34883720930233,95.13574660633483,98.46938775510205,100.0,vote,0,7
LR,weighted,97.67441860465115,97.5414522584334,100.0,45.833333333333336,vote,0,7
LR,new,93.02325581395348,92.77310924369748,98.46938775510205,45.833333333333336,vote,0,7
MLP,old,97.67441860465115,97.5414522584334,100.0,100.0,vote,0,7
MLP,clean,100.0,100.0,98.46938775510205,100.0,vote,0,7
MLP,weighted,97.67441860465115,97.5414522584334,100.0,45.833333333333336,vote,0,7
MLP,new,95.34883720930233,95.13574660633483,98.46938775510205,45.833333333333336,vote,0,7
LR,old,93.02325581395348,92.43401759530792,100.0,100.0,vote,0,8
LR,clean,97.67441860465115,97.5414522584334,98.46938775510205,100.0,vote,0,8
LR,weighted,95.34883720930233,95.02314814814814,100.0,33.333333333333336,vote,0,8
LR,new,97.67441860465115,97.5414522584334,98.46938775510205,33.333333333333336,vote,0,8
MLP,old,95.34883720930233,95.02314814814814,100.0,100.0,vote,0,8
MLP,clean,97.67441860465115,97.5414522584334,98.46938775510205,100.0,vote,0,8
MLP,weighted,95.34883720930233,95.02314814814814,100.0,33.333333333333336,vote,0,8
MLP,new,95.34883720930233,95.02314814814814,98.46938775510205,33.333333333333336,vote,0,8
LR,old,93.02325581395348,92.43401759530792,100.0,100.0,vote,0,9
LR,clean,95.34883720930233,95.02314814814814,98.21428571428571,100.0,vote,0,9
LR,weighted,95.34883720930233,95.02314814814814,100.0,35.416666666666664,vote,0,9
LR,new,97.67441860465115,97.47800586510265,98.21428571428571,35.416666666666664,vote,0,9
MLP,old,93.02325581395348,92.43401759530792,100.0,100.0,vote,0,9
MLP,clean,90.69767441860465,90.0462962962963,98.21428571428571,100.0,vote,0,9
MLP,weighted,90.69767441860465,89.76190476190476,100.0,35.416666666666664,vote,0,9
MLP,new,97.67441860465115,97.47800586510265,98.21428571428571,35.416666666666664,vote,0,9
LR,old,95.45454545454545,95.08928571428572,100.0,100.0,vote,1,0
LR,clean,93.18181818181817,92.72727272727272,97.9539641943734,100.0,vote,1,0
LR,weighted,95.45454545454545,95.08928571428572,100.0,41.666666666666664,vote,1,0
LR,new,97.72727272727273,97.57575757575758,97.9539641943734,41.666666666666664,vote,1,0
MLP,old,93.18181818181817,92.72727272727272,100.0,100.0,vote,1,0
MLP,clean,93.18181818181817,92.88409703504044,97.9539641943734,100.0,vote,1,0
MLP,weighted,93.18181818181817,92.72727272727272,100.0,41.666666666666664,vote,1,0
MLP,new,95.45454545454545,95.20697167755992,97.9539641943734,41.666666666666664,vote,1,0
LR,old,97.72727272727273,97.57575757575758,100.0,100.0,vote,1,1
LR,clean,97.72727272727273,97.57575757575758,97.69820971867009,100.0,vote,1,1
LR,weighted,95.45454545454545,95.20697167755992,100.0,39.583333333333336,vote,1,1
LR,new,95.45454545454545,95.20697167755992,97.69820971867009,39.583333333333336,vote,1,1
MLP,old,93.18181818181817,92.52971137521222,100.0,100.0,vote,1,1
MLP,clean,95.45454545454545,95.20697167755992,97.69820971867009,100.0,vote,1,1
MLP,weighted,95.45454545454545,95.08928571428572,100.0,39.583333333333336,vote,1,1
MLP,new,95.45454545454545,95.20697167755992,97.69820971867009,39.583333333333336,vote,1,1
LR,old,100.0,100.0,100.0,100.0,vote,1,2
LR,clean,95.45454545454545,95.2991452991453,97.9539641943734,100.0,vote,1,2
LR,weighted,100.0,100.0,100.0,41.666666666666664,vote,1,2
LR,new,95.45454545454545,95.2991452991453,97.9539641943734,41.666666666666664,vote,1,2
MLP,old,97.72727272727273,97.62803234501347,100.0,100.0,vote,1,2
MLP,clean,97.72727272727273,97.62803234501347,97.9539641943734,100.0,vote,1,2
MLP,weighted,97.72727272727273,97.62803234501347,100.0,41.666666666666664,vote,1,2
MLP,new,93.18181818181817,92.88409703504044,97.9539641943734,41.666666666666664,vote,1,2
LR,old,95.45454545454545,95.2991452991453,100.0,100.0,vote,1,3
LR,clean,93.18181818181817,93.00476947535772,97.44245524296676,100.0,vote,1,3
LR,weighted,93.18181818181817,92.88409703504044,100.0,35.416666666666664,vote,1,3
LR,new,93.18181818181817,93.00476947535772,97.44245524296676,35.416666666666664,vote,1,3
MLP,old,90.9090909090909,90.5982905982906,100.0,100.0,vote,1,3
MLP,clean,93.18181818181817,93.00476947535772,97.44245524296676,100.0,vote,1,3
MLP,weighted,93.18181818181817,92.88409703504044,100.0,35.416666666666664,vote,1,3
MLP,new,93.18181818181817,92.88409703504044,97.44245524296676,35.416666666666664,vote,1,3
LR,old,97.72727272727273,97.62803234501347,100.0,100.0,vote,1,4
LR,clean,97.72727272727273,97.62803234501347,97.9539641943734,100.0,vote,1,4
LR,weighted,97.72727272727273,97.62803234501347,100.0,39.583333333333336,vote,1,4
LR,new,97.72727272727273,97.62803234501347,97.9539641943734,39.583333333333336,vote,1,4
MLP,old,97.72727272727273,97.62803234501347,100.0,100.0,vote,1,4
MLP,clean,97.72727272727273,97.62803234501347,97.9539641943734,100.0,vote,1,4
MLP,weighted,97.72727272727273,97.62803234501347,100.0,39.583333333333336,vote,1,4
MLP,new,97.72727272727273,97.62803234501347,97.9539641943734,39.583333333333336,vote,1,4
LR,old,90.69767441860465,89.76190476190476,100.0,100.0,vote,1,5
LR,clean,90.69767441860465,89.76190476190476,98.46938775510205,100.0,vote,1,5
LR,weighted,90.69767441860465,89.76190476190476,100.0,31.25,vote,1,5
LR,new,88.37209302325581,87.3900293255132,98.46938775510205,31.25,vote,1,5
MLP,old,93.02325581395348,92.43401759530792,100.0,100.0,vote,1,5
MLP,clean,90.69767441860465,89.76190476190476,98.46938775510205,100.0,vote,1,5
MLP,weighted,93.02325581395348,92.43401759530792,100.0,31.25,vote,1,5
MLP,new,90.69767441860465,89.76190476190476,98.46938775510205,31.25,vote,1,5
LR,old,100.0,100.0,100.0,100.0,vote,1,6
LR,clean,100.0,100.0,97.95918367346938,100.0,vote,1,6
LR,weighted,100.0,100.0,100.0,41.666666666666664,vote,1,6
LR,new,100.0,100.0,97.95918367346938,41.666666666666664,vote,1,6
MLP,old,97.67441860465115,97.5414522584334,100.0,100.0,vote,1,6
MLP,clean,100.0,100.0,97.95918367346938,100.0,vote,1,6
MLP,weighted,97.67441860465115,97.5414522584334,100.0,41.666666666666664,vote,1,6
MLP,new,100.0,100.0,97.95918367346938,41.666666666666664,vote,1,6
LR,old,93.02325581395348,92.88472145615003,100.0,100.0,vote,1,7
LR,clean,93.02325581395348,92.88472145615003,98.72448979591837,100.0,vote,1,7
LR,weighted,93.02325581395348,92.88472145615003,100.0,37.5,vote,1,7
LR,new,93.02325581395348,92.88472145615003,98.72448979591837,37.5,vote,1,7
MLP,old,90.69767441860465,90.5701754385965,100.0,100.0,vote,1,7
MLP,clean,93.02325581395348,92.88472145615003,98.72448979591837,100.0,vote,1,7
MLP,weighted,90.69767441860465,90.5701754385965,100.0,37.5,vote,1,7
MLP,new,93.02325581395348,92.88472145615003,98.72448979591837,37.5,vote,1,7
LR,old,95.34883720930233,95.13574660633483,100.0,100.0,vote,1,8
LR,clean,95.34883720930233,95.13574660633483,97.95918367346938,100.0,vote,1,8
LR,weighted,97.67441860465115,97.5414522584334,100.0,35.416666666666664,vote,1,8
LR,new,95.34883720930233,95.13574660633483,97.95918367346938,35.416666666666664,vote,1,8
MLP,old,97.67441860465115,97.5414522584334,100.0,100.0,vote,1,8
MLP,clean,97.67441860465115,97.47800586510265,97.95918367346938,100.0,vote,1,8
MLP,weighted,97.67441860465115,97.5414522584334,100.0,35.416666666666664,vote,1,8
MLP,new,95.34883720930233,95.13574660633483,97.95918367346938,35.416666666666664,vote,1,8
LR,old,97.67441860465115,97.5414522584334,100.0,100.0,vote,1,9
LR,clean,97.67441860465115,97.5414522584334,97.70408163265306,100.0,vote,1,9
LR,weighted,97.67441860465115,97.5414522584334,100.0,37.5,vote,1,9
LR,new,95.34883720930233,95.13574660633483,97.70408163265306,37.5,vote,1,9
MLP,old,95.34883720930233,95.02314814814814,100.0,100.0,vote,1,9
MLP,clean,93.02325581395348,92.62435677530017,97.70408163265306,100.0,vote,1,9
MLP,weighted,95.34883720930233,95.13574660633483,100.0,37.5,vote,1,9
MLP,new,95.34883720930233,95.13574660633483,97.70408163265306,37.5,vote,1,9
LR,old,93.18181818181817,92.88409703504044,100.0,100.0,vote,2,0
LR,clean,93.18181818181817,92.88409703504044,97.18670076726342,100.0,vote,2,0
LR,weighted,95.45454545454545,95.2991452991453,100.0,43.75,vote,2,0
LR,new,93.18181818181817,92.88409703504044,97.18670076726342,43.75,vote,2,0
MLP,old,93.18181818181817,92.88409703504044,100.0,100.0,vote,2,0
MLP,clean,95.45454545454545,95.20697167755992,97.18670076726342,100.0,vote,2,0
MLP,weighted,90.9090909090909,90.41394335511983,100.0,43.75,vote,2,0
MLP,new,93.18181818181817,92.88409703504044,97.18670076726342,43.75,vote,2,0
LR,old,97.72727272727273,97.57575757575758,100.0,100.0,vote,2,1
LR,clean,100.0,100.0,97.9539641943734,100.0,vote,2,1
LR,weighted,97.72727272727273,97.57575757575758,100.0,45.833333333333336,vote,2,1
LR,new,100.0,100.0,97.9539641943734,45.833333333333336,vote,2,1
MLP,old,100.0,100.0,100.0,100.0,vote,2,1
MLP,clean,100.0,100.0,97.9539641943734,100.0,vote,2,1
MLP,weighted,97.72727272727273,97.57575757575758,100.0,45.833333333333336,vote,2,1
MLP,new,97.72727272727273,97.57575757575758,97.9539641943734,45.833333333333336,vote,2,1
LR,old,100.0,100.0,100.0,100.0,vote,2,2
LR,clean,97.72727272727273,97.62803234501347,98.20971867007673,100.0,vote,2,2
LR,weighted,100.0,100.0,100.0,41.666666666666664,vote,2,2
LR,new,100.0,100.0,98.20971867007673,41.666666666666664,vote,2,2
MLP,old,97.72727272727273,97.62803234501347,100.0,100.0,vote,2,2
MLP,clean,95.45454545454545,95.2991452991453,98.20971867007673,100.0,vote,2,2
MLP,weighted,97.72727272727273,97.62803234501347,100.0,41.666666666666664,vote,2,2
MLP,new,97.72727272727273,97.62803234501347,98.20971867007673,41.666666666666664,vote,2,2
LR,old,97.72727272727273,97.62803234501347,100.0,100.0,vote,2,3
LR,clean,97.72727272727273,97.62803234501347,98.20971867007673,100.0,vote,2,3
LR,weighted,93.18181818181817,93.00476947535772,100.0,35.416666666666664,vote,2,3
LR,new,93.18181818181817,93.00476947535772,98.20971867007673,35.416666666666664,vote,2,3
MLP,old,97.72727272727273,97.62803234501347,100.0,100.0,vote,2,3
MLP,clean,97.72727272727273,97.62803234501347,98.20971867007673,100.0,vote,2,3
MLP,weighted,95.45454545454545,95.2991452991453,100.0,35.416666666666664,vote,2,3
MLP,new,93.18181818181817,93.00476947535772,98.20971867007673,35.416666666666664,vote,2,3
LR,old,100.0,100.0,100.0,100.0,vote,2,4
LR,clean,100.0,100.0,97.69820971867009,100.0,vote,2,4
LR,weighted,100.0,100.0,100.0,41.666666666666664,vote,2,4
LR,new,100.0,100.0,97.69820971867009,41.666666666666664,vote,2,4
MLP,old,100.0,100.0,100.0,100.0,vote,2,4
MLP,clean,100.0,100.0,97.69820971867009,100.0,vote,2,4
MLP,weighted,100.0,100.0,100.0,41.666666666666664,vote,2,4
MLP,new,100.0,100.0,97.69820971867009,41.666666666666664,vote,2,4
LR,old,97.67441860465115,97.5414522584334,100.0,100.0,vote,2,5
LR,clean,93.02325581395348,92.77310924369748,97.44897959183673,100.0,vote,2,5
LR,weighted,93.02325581395348,92.77310924369748,100.0,39.583333333333336,vote,2,5
LR,new,93.02325581395348,92.77310924369748,97.44897959183673,39.583333333333336,vote,2,5
MLP,old,95.34883720930233,95.13574660633483,100.0,100.0,vote,2,5
MLP,clean,95.34883720930233,95.13574660633483,97.44897959183673,100.0,vote,2,5
MLP,weighted,95.34883720930233,95.13574660633483,100.0,39.583333333333336,vote,2,5
MLP,new,93.02325581395348,92.77310924369748,97.44897959183673,39.583333333333336,vote,2,5
LR,old,93.02325581395348,92.77310924369748,100.0,100.0,vote,2,6
LR,clean,93.02325581395348,92.77310924369748,97.44897959183673,100.0,vote,2,6
LR,weighted,95.34883720930233,95.13574660633483,100.0,33.333333333333336,vote,2,6
LR,new,93.02325581395348,92.77310924369748,97.44897959183673,33.333333333333336,vote,2,6
MLP,old,93.02325581395348,92.77310924369748,100.0,100.0,vote,2,6
MLP,clean,93.02325581395348,92.62435677530017,97.44897959183673,100.0,vote,2,6
MLP,weighted,93.02325581395348,92.77310924369748,100.0,33.333333333333336,vote,2,6
MLP,new,95.34883720930233,95.13574660633483,97.44897959183673,33.333333333333336,vote,2,6
LR,old,95.34883720930233,95.22222222222221,100.0,100.0,vote,2,7
LR,clean,90.69767441860465,90.27149321266968,98.46938775510205,100.0,vote,2,7
LR,weighted,90.69767441860465,90.27149321266968,100.0,39.583333333333336,vote,2,7
LR,new,90.69767441860465,90.27149321266968,98.46938775510205,39.583333333333336,vote,2,7
MLP,old,86.04651162790698,85.06944444444444,100.0,100.0,vote,2,7
MLP,clean,90.69767441860465,90.27149321266968,98.46938775510205,100.0,vote,2,7
MLP,weighted,86.04651162790698,85.06944444444444,100.0,39.583333333333336,vote,2,7
MLP,new,88.37209302325581,87.70726129216695,98.46938775510205,39.583333333333336,vote,2,7
LR,old,93.02325581395348,92.43401759530792,100.0,100.0,vote,2,8
LR,clean,90.69767441860465,90.0462962962963,97.70408163265306,100.0,vote,2,8
LR,weighted,95.34883720930233,94.88095238095238,100.0,41.666666666666664,vote,2,8
LR,new,90.69767441860465,90.0462962962963,97.70408163265306,41.666666666666664,vote,2,8
MLP,old,90.69767441860465,90.27149321266968,100.0,100.0,vote,2,8
MLP,clean,90.69767441860465,90.27149321266968,97.70408163265306,100.0,vote,2,8
MLP,weighted,95.34883720930233,95.02314814814814,100.0,41.666666666666664,vote,2,8
MLP,new,86.04651162790698,85.40723981900452,97.70408163265306,41.666666666666664,vote,2,8
LR,old,93.02325581395348,92.62435677530017,100.0,100.0,vote,2,9
LR,clean,93.02325581395348,92.62435677530017,97.95918367346938,100.0,vote,2,9
LR,weighted,93.02325581395348,92.62435677530017,100.0,35.416666666666664,vote,2,9
LR,new,93.02325581395348,92.62435677530017,97.95918367346938,35.416666666666664,vote,2,9
MLP,old,93.02325581395348,92.62435677530017,100.0,100.0,vote,2,9
MLP,clean,95.34883720930233,95.02314814814814,97.95918367346938,100.0,vote,2,9
MLP,weighted,93.02325581395348,92.62435677530017,100.0,35.416666666666664,vote,2,9
MLP,new,93.02325581395348,92.62435677530017,97.95918367346938,35.416666666666664,vote,2,9
LR,old,90.9090909090909,90.73684210526316,100.0,100.0,vote,3,0
LR,clean,90.9090909090909,90.73684210526316,97.9539641943734,100.0,vote,3,0
LR,weighted,90.9090909090909,90.73684210526316,100.0,35.416666666666664,vote,3,0
LR,new,93.18181818181817,93.00476947535772,97.9539641943734,35.416666666666664,vote,3,0
MLP,old,95.45454545454545,95.2991452991453,100.0,100.0,vote,3,0
MLP,clean,90.9090909090909,90.73684210526316,97.9539641943734,100.0,vote,3,0
MLP,weighted,90.9090909090909,90.73684210526316,100.0,35.416666666666664,vote,3,0
MLP,new,90.9090909090909,90.73684210526316,97.9539641943734,35.416666666666664,vote,3,0
LR,old,97.72727272727273,97.57575757575758,100.0,100.0,vote,3,1
LR,clean,95.45454545454545,95.20697167755992,98.20971867007673,100.0,vote,3,1
LR,weighted,97.72727272727273,97.57575757575758,100.0,45.833333333333336,vote,3,1
LR,new,95.45454545454545,95.20697167755992,98.20971867007673,45.833333333333336,vote,3,1
MLP,old,97.72727272727273,97.57575757575758,100.0,100.0,vote,3,1
MLP,clean,97.72727272727273,97.57575757575758,98.20971867007673,100.0,vote,3,1
MLP,weighted,97.72727272727273,97.57575757575758,100.0,45.833333333333336,vote,3,1
MLP,new,97.72727272727273,97.57575757575758,98.20971867007673,45.833333333333336,vote,3,1
LR,old,97.72727272727273,97.62803234501347,100.0,100.0,vote,3,2
LR,clean,97.72727272727273,97.62803234501347,96.9309462915601,100.0,vote,3,2
LR,weighted,100.0,100.0,100.0,41.666666666666664,vote,3,2
LR,new,100.0,100.0,96.9309462915601,41.666666666666664,vote,3,2
MLP,old,93.18181818181817,93.00476947535772,100.0,100.0,vote,3,2
MLP,clean,97.72727272727273,97.62803234501347,96.9309462915601,100.0,vote,3,2
MLP,weighted,95.45454545454545,95.2991452991453,100.0,41.666666666666664,vote,3,2
MLP,new,97.72727272727273,97.62803234501347,96.9309462915601,41.666666666666664,vote,3,2
LR,old,86.36363636363636,84.82758620689656,100.0,100.0,vote,3,3
LR,clean,88.63636363636364,87.54951895868703,97.69820971867009,100.0,vote,3,3
LR,weighted,88.63636363636364,87.54951895868703,100.0,37.5,vote,3,3
LR,new,88.63636363636364,87.54951895868703,97.69820971867009,37.5,vote,3,3
MLP,old,88.63636363636364,87.54951895868703,100.0,100.0,vote,3,3
MLP,clean,90.9090909090909,90.17857142857143,97.69820971867009,100.0,vote,3,3
MLP,weighted,88.63636363636364,87.54951895868703,100.0,37.5,vote,3,3
MLP,new,88.63636363636364,87.14202220923437,97.69820971867009,37.5,vote,3,3
LR,old,88.63636363636364,87.87878787878788,100.0,100.0,vote,3,4
LR,clean,86.36363636363636,85.26785714285714,98.46547314578005,100.0,vote,3,4
LR,weighted,86.36363636363636,85.62091503267973,100.0,37.5,vote,3,4
LR,new,86.36363636363636,85.62091503267973,98.46547314578005,37.5,vote,3,4
MLP,old,88.63636363636364,87.87878787878788,100.0,100.0,vote,3,4
MLP,clean,84.0909090909091,83.03030303030303,98.46547314578005,100.0,vote,3,4
MLP,weighted,88.63636363636364,87.87878787878788,100.0,37.5,vote,3,4
MLP,new,84.0909090909091,83.03030303030303,98.46547314578005,37.5,vote,3,4
LR,old,100.0,100.0,100.0,100.0,vote,3,5
LR,clean,95.34883720930233,95.13574660633483,98.46938775510205,100.0,vote,3,5
LR,weighted,100.0,100.0,100.0,39.583333333333336,vote,3,5
LR,new,97.67441860465115,97.59103641456582,98.46938775510205,39.583333333333336,vote,3,5
MLP,old,97.67441860465115,97.5414522584334,100.0,100.0,vote,3,5
MLP,clean,100.0,100.0,98.46938775510205,100.0,vote,3,5
MLP,weighted,90.69767441860465,90.27149321266968,100.0,39.583333333333336,vote,3,5
MLP,new,93.02325581395348,92.62435677530017,98.46938775510205,39.583333333333336,vote,3,5
LR,old,95.34883720930233,95.13574660633483,100.0,100.0,vote,3,6
LR,clean,97.67441860465115,97.59103641456582,97.95918367346938,100.0,vote,3,6
LR,weighted,97.67441860465115,97.59103641456582,100.0,37.5,vote,3,6
LR,new,93.02325581395348,92.88472145615003,97.95918367346938,37.5,vote,3,6
MLP,old,95.34883720930233,95.22222222222221,100.0,100.0,vote,3,6
MLP,clean,97.67441860465115,97.59103641456582,97.95918367346938,100.0,vote,3,6
MLP,weighted,95.34883720930233,95.22222222222221,100.0,37.5,vote,3,6
MLP,new,95.34883720930233,95.22222222222221,97.95918367346938,37.5,vote,3,6
LR,old,97.67441860465115,97.59103641456582,100.0,100.0,vote,3,7
LR,clean,100.0,100.0,97.95918367346938,100.0,vote,3,7
LR,weighted,100.0,100.0,100.0,43.75,vote,3,7
LR,new,100.0,100.0,97.95918367346938,43.75,vote,3,7
MLP,old,97.67441860465115,97.59103641456582,100.0,100.0,vote,3,7
MLP,clean,95.34883720930233,95.22222222222221,97.95918367346938,100.0,vote,3,7
MLP,weighted,100.0,100.0,100.0,43.75,vote,3,7
MLP,new,100.0,100.0,97.95918367346938,43.75,vote,3,7
LR,old,97.67441860465115,97.5414522584334,100.0,100.0,vote,3,8
LR,clean,97.67441860465115,97.5414522584334,98.21428571428571,100.0,vote,3,8
LR,weighted,95.34883720930233,95.02314814814814,100.0,41.666666666666664,vote,3,8
LR,new,97.67441860465115,97.5414522584334,98.21428571428571,41.666666666666664,vote,3,8
MLP,old,97.67441860465115,97.47800586510265,100.0,100.0,vote,3,8
MLP,clean,97.67441860465115,97.5414522584334,98.21428571428571,100.0,vote,3,8
MLP,weighted,95.34883720930233,95.02314814814814,100.0,41.666666666666664,vote,3,8
MLP,new,95.34883720930233,95.02314814814814,98.21428571428571,41.666666666666664,vote,3,8
LR,old,100.0,100.0,100.0,100.0,vote,3,9
LR,clean,100.0,100.0,97.70408163265306,100.0,vote,3,9
LR,weighted,100.0,100.0,100.0,45.833333333333336,vote,3,9
LR,new,100.0,100.0,97.70408163265306,45.833333333333336,vote,3,9
MLP,old,100.0,100.0,100.0,100.0,vote,3,9
MLP,clean,95.34883720930233,95.02314814814814,97.70408163265306,100.0,vote,3,9
MLP,weighted,95.34883720930233,95.02314814814814,100.0,45.833333333333336,vote,3,9
MLP,new,97.67441860465115,97.5414522584334,97.70408163265306,45.833333333333336,vote,3,9
LR,old,97.72727272727273,97.57575757575758,100.0,100.0,vote,4,0
LR,clean,95.45454545454545,95.20697167755992,98.20971867007673,100.0,vote,4,0
LR,weighted,97.72727272727273,97.57575757575758,100.0,39.583333333333336,vote,4,0
LR,new,95.45454545454545,95.20697167755992,98.20971867007673,39.583333333333336,vote,4,0
MLP,old,95.45454545454545,95.08928571428572,100.0,100.0,vote,4,0
MLP,clean,95.45454545454545,95.08928571428572,98.20971867007673,100.0,vote,4,0
MLP,weighted,97.72727272727273,97.57575757575758,100.0,39.583333333333336,vote,4,0
MLP,new,95.45454545454545,95.20697167755992,98.20971867007673,39.583333333333336,vote,4,0
LR,old,97.72727272727273,97.62803234501347,100.0,100.0,vote,4,1
LR,clean,95.45454545454545,95.2991452991453,97.69820971867009,100.0,vote,4,1
LR,weighted,95.45454545454545,95.2991452991453,100.0,39.583333333333336,vote,4,1
LR,new,97.72727272727273,97.62803234501347,97.69820971867009,39.583333333333336,vote,4,1
MLP,old,97.72727272727273,97.62803234501347,100.0,100.0,vote,4,1
MLP,clean,97.72727272727273,97.62803234501347,97.69820971867009,100.0,vote,4,1
MLP,weighted,95.45454545454545,95.2991452991453,100.0,39.583333333333336,vote,4,1
MLP,new,95.45454545454545,95.2991452991453,97.69820971867009,39.583333333333336,vote,4,1
LR,old,93.18181818181817,92.72727272727272,100.0,100.0,vote,4,2
LR,clean,93.18181818181817,92.72727272727272,98.46547314578005,100.0,vote,4,2
LR,weighted,90.9090909090909,90.41394335511983,100.0,33.333333333333336,vote,4,2
LR,new,90.9090909090909,90.41394335511983,98.46547314578005,33.333333333333336,vote,4,2
MLP,old,93.18181818181817,92.72727272727272,100.0,100.0,vote,4,2
MLP,clean,90.9090909090909,90.17857142857143,98.46547314578005,100.0,vote,4,2
MLP,weighted,93.18181818181817,92.72727272727272,100.0,33.333333333333336,vote,4,2
MLP,new,93.18181818181817,92.72727272727272,98.46547314578005,33.333333333333336,vote,4,2
LR,old,97.72727272727273,97.62803234501347,100.0,100.0,vote,4,3
LR,clean,95.45454545454545,95.20697167755992,98.46547314578005,100.0,vote,4,3
LR,weighted,97.72727272727273,97.62803234501347,100.0,39.583333333333336,vote,4,3
LR,new,97.72727272727273,97.62803234501347,98.46547314578005,39.583333333333336,vote,4,3
MLP,old,95.45454545454545,95.20697167755992,100.0,100.0,vote,4,3
MLP,clean,95.45454545454545,95.20697167755992,98.46547314578005,100.0,vote,4,3
MLP,weighted,97.72727272727273,97.62803234501347,100.0,39.583333333333336,vote,4,3
MLP,new,97.72727272727273,97.62803234501347,98.46547314578005,39.583333333333336,vote,4,3
LR,old,93.18181818181817,92.88409703504044,100.0,100.0,vote,4,4
LR,clean,93.18181818181817,92.88409703504044,97.9539641943734,100.0,vote,4,4
LR,weighted,93.18181818181817,92.88409703504044,100.0,39.583333333333336,vote,4,4
LR,new,90.9090909090909,90.5982905982906,97.9539641943734,39.583333333333336,vote,4,4
MLP,old,95.45454545454545,95.2991452991453,100.0,100.0,vote,4,4
MLP,clean,93.18181818181817,93.00476947535772,97.9539641943734,100.0,vote,4,4
MLP,weighted,95.45454545454545,95.20697167755992,100.0,39.583333333333336,vote,4,4
MLP,new,90.9090909090909,90.73684210526316,97.9539641943734,39.583333333333336,vote,4,4
LR,old,97.67441860465115,97.5414522584334,100.0,100.0,vote,4,5
LR,clean,93.02325581395348,92.62435677530017,97.70408163265306,100.0,vote,4,5
LR,weighted,97.67441860465115,97.5414522584334,100.0,33.333333333333336,vote,4,5
LR,new,95.34883720930233,95.13574660633483,97.70408163265306,33.333333333333336,vote,4,5
MLP,old,97.67441860465115,97.5414522584334,100.0,100.0,vote,4,5
MLP,clean,95.34883720930233,95.13574660633483,97.70408163265306,100.0,vote,4,5
MLP,weighted,97.67441860465115,97.5414522584334,100.0,33.333333333333336,vote,4,5
MLP,new,95.34883720930233,95.13574660633483,97.70408163265306,33.333333333333336,vote,4,5
LR,old,97.67441860465115,97.5414522584334,100.0,100.0,vote,4,6
LR,clean,95.34883720930233,95.02314814814814,98.46938775510205,100.0,vote,4,6
LR,weighted,97.67441860465115,97.5414522584334,100.0,41.666666666666664,vote,4,6
LR,new,97.67441860465115,97.5414522584334,98.46938775510205,41.666666666666664,vote,4,6
MLP,old,90.69767441860465,90.0462962962963,100.0,100.0,vote,4,6
MLP,clean,95.34883720930233,95.02314814814814,98.46938775510205,100.0,vote,4,6
MLP,weighted,97.67441860465115,97.5414522584334,100.0,41.666666666666664,vote,4,6
MLP,new,95.34883720930233,95.02314814814814,98.46938775510205,41.666666666666664,vote,4,6
LR,old,100.0,100.0,100.0,100.0,vote,4,7
LR,clean,97.67441860465115,97.59103641456582,97.95918367346938,100.0,vote,4,7
LR,weighted,100.0,100.0,100.0,45.833333333333336,vote,4,7
LR,new,100.0,100.0,97.95918367346938,45.833333333333336,vote,4,7
MLP,old,97.67441860465115,97.59103641456582,100.0,100.0,vote,4,7
MLP,clean,95.34883720930233,95.22222222222221,97.95918367346938,100.0,vote,4,7
MLP,weighted,97.67441860465115,97.5414522584334,100.0,45.833333333333336,vote,4,7
MLP,new,100.0,100.0,97.95918367346938,45.833333333333336,vote,4,7
LR,old,95.34883720930233,95.13574660633483,100.0,100.0,vote,4,8
LR,clean,95.34883720930233,95.13574660633483,97.70408163265306,100.0,vote,4,8
LR,weighted,93.02325581395348,92.62435677530017,100.0,37.5,vote,4,8
LR,new,93.02325581395348,92.62435677530017,97.70408163265306,37.5,vote,4,8
MLP,old,90.69767441860465,90.44444444444444,100.0,100.0,vote,4,8
MLP,clean,88.37209302325581,87.95518207282913,97.70408163265306,100.0,vote,4,8
MLP,weighted,88.37209302325581,87.95518207282913,100.0,37.5,vote,4,8
MLP,new,88.37209302325581,87.95518207282913,97.70408163265306,37.5,vote,4,8
LR,old,93.02325581395348,92.43401759530792,100.0,100.0,vote,4,9
LR,clean,97.67441860465115,97.5414522584334,97.70408163265306,100.0,vote,4,9
LR,weighted,95.34883720930233,95.02314814814814,100.0,41.666666666666664,vote,4,9
LR,new,95.34883720930233,95.13574660633483,97.70408163265306,41.666666666666664,vote,4,9
MLP,old,93.02325581395348,92.43401759530792,100.0,100.0,vote,4,9
MLP,clean,100.0,100.0,97.70408163265306,100.0,vote,4,9
MLP,weighted,95.34883720930233,95.02314814814814,100.0,41.666666666666664,vote,4,9
MLP,new,95.34883720930233,95.02314814814814,97.70408163265306,41.666666666666664,vote,4,9
LR,old,94.37229437229438,94.35567594647969,100.0,100.0,image-segmentation,0,0
LR,clean,93.5064935064935,93.4984418566508,98.89369889369888,100.0,image-segmentation,0,0
LR,weighted,93.07359307359307,93.0668336638486,100.0,78.94736842105263,image-segmentation,0,0
LR,new,93.5064935064935,93.4984418566508,98.89369889369888,78.94736842105263,image-segmentation,0,0
MLP,old,95.67099567099568,95.64272791884731,100.0,100.0,image-segmentation,0,0
MLP,clean,96.1038961038961,96.0731737290122,98.89369889369888,100.0,image-segmentation,0,0
MLP,weighted,94.8051948051948,94.7713071242483,100.0,78.94736842105263,image-segmentation,0,0
MLP,new,95.23809523809523,95.19949092255627,98.89369889369888,78.94736842105263,image-segmentation,0,0
LR,old,94.37229437229438,94.3532556530392,100.0,100.0,image-segmentation,0,1
LR,clean,94.8051948051948,94.8002120149856,99.08609908609908,100.0,image-segmentation,0,1
LR,weighted,93.5064935064935,93.45351043643264,100.0,78.94736842105263,image-segmentation,0,1
LR,new,93.5064935064935,93.42797134344308,99.08609908609908,78.94736842105263,image-segmentation,0,1
MLP,old,97.83549783549783,97.82992471024959,100.0,100.0,image-segmentation,0,1
MLP,clean,96.96969696969697,96.95501654221378,99.08609908609908,100.0,image-segmentation,0,1
MLP,weighted,93.5064935064935,93.43726126814363,100.0,78.94736842105263,image-segmentation,0,1
MLP,new,93.07359307359307,92.98266045548654,99.08609908609908,78.94736842105263,image-segmentation,0,1
LR,old,95.23809523809523,95.22407940318388,100.0,100.0,image-segmentation,0,2
LR,clean,95.67099567099568,95.61608734402853,99.08609908609908,100.0,image-segmentation,0,2
LR,weighted,94.37229437229438,94.33011841100077,100.0,73.6842105263158,image-segmentation,0,2
LR,new,93.93939393939394,93.8934777891256,99.08609908609908,73.6842105263158,image-segmentation,0,2
MLP,old,96.53679653679653,96.49418704912624,100.0,100.0,image-segmentation,0,2
MLP,clean,96.53679653679653,96.49418704912624,99.08609908609908,100.0,image-segmentation,0,2
MLP,weighted,96.1038961038961,96.04647829280965,100.0,73.6842105263158,image-segmentation,0,2
MLP,new,95.23809523809523,95.15575797629764,99.08609908609908,73.6842105263158,image-segmentation,0,2
LR,old,92.64069264069265,92.7263619312688,100.0,100.0,image-segmentation,0,3
LR,clean,92.64069264069265,92.7263619312688,99.13419913419914,100.0,image-segmentation,0,3
LR,weighted,90.9090909090909,90.94422949206408,100.0,78.94736842105263,image-segmentation,0,3
LR,new,91.34199134199135,91.36902302594578,99.13419913419914,78.94736842105263,image-segmentation,0,3
MLP,old,92.20779220779221,92.23353760667194,100.0,100.0,image-segmentation,0,3
MLP,clean,92.64069264069265,92.64214046822742,99.13419913419914,100.0,image-segmentation,0,3
MLP,weighted,90.9090909090909,90.99987397125062,100.0,78.94736842105263,image-segmentation,0,3
MLP,new,91.77489177489177,91.80580613416434,99.13419913419914,78.94736842105263,image-segmentation,0,3
LR,old,93.5064935064935,93.56070573380762,100.0,100.0,image-segmentation,0,4
LR,clean,93.5064935064935,93.61766011251504,99.08609908609908,100.0,image-segmentation,0,4
LR,weighted,94.37229437229438,94.37239404549594,100.0,68.42105263157895,image-segmentation,0,4
LR,new,94.37229437229438,94.4291967909176,99.08609908609908,68.42105263157895,image-segmentation,0,4
MLP,old,95.67099567099568,95.69256306523191,100.0,100.0,image-segmentation,0,4
MLP,clean,94.37229437229438,94.45817801987265,99.08609908609908,100.0,image-segmentation,0,4
MLP,weighted,95.23809523809523,95.25172304982493,100.0,68.42105263157895,image-segmentation,0,4
MLP,new,94.8051948051948,94.828797190518,99.08609908609908,68.42105263157895,image-segmentation,0,4
LR,old,92.20779220779221,92.30124447232186,100.0,100.0,image-segmentation,0,5
LR,clean,92.64069264069265,92.76118000986646,99.03799903799904,100.0,image-segmentation,0,5
LR,weighted,90.9090909090909,90.92467756333302,100.0,84.21052631578948,image-segmentation,0,5
LR,new,90.9090909090909,90.92467756333302,99.03799903799904,84.21052631578948,image-segmentation,0,5
MLP,old,93.93939393939394,93.91401627733383,100.0,100.0,image-segmentation,0,5
MLP,clean,92.64069264069265,92.55339200851127,99.03799903799904,100.0,image-segmentation,0,5
MLP,weighted,92.64069264069265,92.73676006541483,100.0,84.21052631578948,image-segmentation,0,5
MLP,new,92.64069264069265,92.70627411943593,99.03799903799904,84.21052631578948,image-segmentation,0,5
LR,old,93.07359307359307,93.28482328482328,100.0,100.0,image-segmentation,0,6
LR,clean,92.64069264069265,92.86196395329885,99.08609908609908,100.0,image-segmentation,0,6
LR,weighted,90.04329004329004,90.22129482530286,100.0,78.94736842105263,image-segmentation,0,6
LR,new,88.31168831168831,88.5445514238084,99.08609908609908,78.94736842105263,image-segmentation,0,6
MLP,old,94.37229437229438,94.44571571211287,100.0,100.0,image-segmentation,0,6
MLP,clean,93.93939393939394,93.92899105109443,99.08609908609908,100.0,image-segmentation,0,6
MLP,weighted,91.34199134199135,91.49263172005121,100.0,78.94736842105263,image-segmentation,0,6
MLP,new,90.04329004329004,90.23859190350676,99.08609908609908,78.94736842105263,image-segmentation,0,6
LR,old,93.5064935064935,93.38020503038506,100.0,100.0,image-segmentation,0,7
LR,clean,93.93939393939394,93.84474143009656,99.32659932659934,100.0,image-segmentation,0,7
LR,weighted,93.93939393939394,93.84474143009656,100.0,68.42105263157895,image-segmentation,0,7
LR,new,94.8051948051948,94.76279317697228,99.32659932659934,68.42105263157895,image-segmentation,0,7
MLP,old,94.8051948051948,94.6897546897547,100.0,100.0,image-segmentation,0,7
MLP,clean,95.67099567099568,95.60556187284298,99.32659932659934,100.0,image-segmentation,0,7
MLP,weighted,93.93939393939394,93.84474143009656,100.0,68.42105263157895,image-segmentation,0,7
MLP,new,94.37229437229438,94.25675237063261,99.32659932659934,68.42105263157895,image-segmentation,0,7
LR,old,94.37229437229438,94.33819911431851,100.0,100.0,image-segmentation,0,8
LR,clean,95.23809523809523,95.20419878628836,99.03799903799904,100.0,image-segmentation,0,8
LR,weighted,94.37229437229438,94.32508667802784,100.0,73.6842105263158,image-segmentation,0,8
LR,new,94.37229437229438,94.32508667802784,99.03799903799904,73.6842105263158,image-segmentation,0,8
MLP,old,93.93939393939394,93.85385995194096,100.0,100.0,image-segmentation,0,8
MLP,clean,93.5064935064935,93.42463762459373,99.03799903799904,100.0,image-segmentation,0,8
MLP,weighted,93.93939393939394,93.84821377231246,100.0,73.6842105263158,image-segmentation,0,8
MLP,new,93.5064935064935,93.39210186763749,99.03799903799904,73.6842105263158,image-segmentation,0,8
LR,old,91.77489177489177,91.62146704619657,100.0,100.0,image-segmentation,0,9
LR,clean,91.77489177489177,91.62146704619657,98.94179894179894,100.0,image-segmentation,0,9
LR,weighted,90.9090909090909,90.69910189313174,100.0,89.47368421052632,image-segmentation,0,9
LR,new,91.77489177489177,91.65695189726506,98.94179894179894,89.47368421052632,image-segmentation,0,9
MLP,old,92.64069264069265,92.48465919897494,100.0,100.0,image-segmentation,0,9
MLP,clean,93.5064935064935,93.33567812134635,98.94179894179894,100.0,image-segmentation,0,9
MLP,weighted,91.34199134199135,91.21522874188119,100.0,89.47368421052632,image-segmentation,0,9
MLP,new,91.77489177489177,91.66751277625478,98.94179894179894,89.47368421052632,image-segmentation,0,9
LR,old,93.5064935064935,93.49074338652188,100.0,100.0,image-segmentation,1,0
LR,clean,93.5064935064935,93.49074338652188,99.03799903799904,100.0,image-segmentation,1,0
LR,weighted,92.64069264069265,92.5186300210056,100.0,73.6842105263158,image-segmentation,1,0
LR,new,92.64069264069265,92.5186300210056,99.03799903799904,73.6842105263158,image-segmentation,1,0
MLP,old,96.96969696969697,96.95501654221378,100.0,100.0,image-segmentation,1,0
MLP,clean,97.40259740259741,97.41373822256175,99.03799903799904,100.0,image-segmentation,1,0
MLP,weighted,94.37229437229438,94.26537579218198,100.0,73.6842105263158,image-segmentation,1,0
MLP,new,95.67099567099568,95.60287605283216,99.03799903799904,73.6842105263158,image-segmentation,1,0
LR,old,94.37229437229438,94.3234315435808,100.0,100.0,image-segmentation,1,1
LR,clean,93.93939393939394,93.85385995194096,99.23039923039923,100.0,image-segmentation,1,1
LR,weighted,92.64069264069265,92.54234394156843,100.0,78.94736842105263,image-segmentation,1,1
LR,new,93.07359307359307,92.95863111953483,99.23039923039923,78.94736842105263,image-segmentation,1,1
MLP,old,95.67099567099568,95.58876138483954,100.0,100.0,image-segmentation,1,1
MLP,clean,94.8051948051948,94.68864329247543,99.23039923039923,100.0,image-segmentation,1,1
MLP,weighted,93.93939393939394,93.78089029401433,100.0,78.94736842105263,image-segmentation,1,1
MLP,new,94.8051948051948,94.70707686059498,99.23039923039923,78.94736842105263,image-segmentation,1,1
LR,old,93.5064935064935,93.53772989511347,100.0,100.0,image-segmentation,1,2
LR,clean,93.93939393939394,93.97187108674315,99.08609908609908,100.0,image-segmentation,1,2
LR,weighted,93.5064935064935,93.56641286651647,100.0,78.94736842105263,image-segmentation,1,2
LR,new,93.93939393939394,93.98710303793648,99.08609908609908,78.94736842105263,image-segmentation,1,2
MLP,old,94.37229437229438,94.39753884548546,100.0,100.0,image-segmentation,1,2
MLP,clean,94.37229437229438,94.39753884548546,99.08609908609908,100.0,image-segmentation,1,2
MLP,weighted,93.5064935064935,93.516272180514,100.0,78.94736842105263,image-segmentation,1,2
MLP,new,93.5064935064935,93.516272180514,99.08609908609908,78.94736842105263,image-segmentation,1,2
LR,old,92.20779220779221,92.28726153347002,100.0,100.0,image-segmentation,1,3
LR,clean,92.20779220779221,92.29602359156793,99.18229918229919,100.0,image-segmentation,1,3
LR,weighted,90.47619047619048,90.52357596310625,100.0,78.94736842105263,image-segmentation,1,3
LR,new,90.47619047619048,90.52357596310625,99.18229918229919,78.94736842105263,image-segmentation,1,3
MLP,old,91.77489177489177,91.86312315866749,100.0,100.0,image-segmentation,1,3
MLP,clean,91.34199134199135,91.43820420872659,99.18229918229919,100.0,image-segmentation,1,3
MLP,weighted,92.20779220779221,92.24925450387812,100.0,78.94736842105263,image-segmentation,1,3
MLP,new,91.34199134199135,91.39307520837372,99.18229918229919,78.94736842105263,image-segmentation,1,3
LR,old,93.07359307359307,93.10863721365124,100.0,100.0,image-segmentation,1,4
LR,clean,93.5064935064935,93.55450513538749,99.13419913419914,100.0,image-segmentation,1,4
LR,weighted,91.34199134199135,91.32761437908498,100.0,78.94736842105263,image-segmentation,1,4
LR,new,92.20779220779221,92.20766377435297,99.13419913419914,78.94736842105263,image-segmentation,1,4
MLP,old,95.23809523809523,95.22076138147568,100.0,100.0,image-segmentation,1,4
MLP,clean,94.37229437229438,94.35036883406448,99.13419913419914,100.0,image-segmentation,1,4
MLP,weighted,94.8051948051948,94.85731492953872,100.0,78.94736842105263,image-segmentation,1,4
MLP,new,95.67099567099568,95.71127282840457,99.13419913419914,78.94736842105263,image-segmentation,1,4
LR,old,92.20779220779221,92.12999225870921,100.0,100.0,image-segmentation,1,5
LR,clean,93.07359307359307,93.00653959895678,99.08609908609908,100.0,image-segmentation,1,5
LR,weighted,92.64069264069265,92.58958185264154,100.0,73.6842105263158,image-segmentation,1,5
LR,new,92.64069264069265,92.58958185264154,99.08609908609908,73.6842105263158,image-segmentation,1,5
MLP,old,91.77489177489177,91.71656597962567,100.0,100.0,image-segmentation,1,5
MLP,clean,92.20779220779221,92.1697037497803,99.08609908609908,100.0,image-segmentation,1,5
MLP,weighted,92.64069264069265,92.54971439898101,100.0,73.6842105263158,image-segmentation,1,5
MLP,new,93.07359307359307,93.0089618947288,99.08609908609908,73.6842105263158,image-segmentation,1,5
LR,old,91.34199134199135,91.35044662645433,100.0,100.0,image-segmentation,1,6
LR,clean,91.34199134199135,91.35044662645433,99.18229918229919,100.0,image-segmentation,1,6
LR,weighted,90.9090909090909,90.81242977275721,100.0,78.94736842105263,image-segmentation,1,6
LR,new,90.9090909090909,90.81242977275721,99.18229918229919,78.94736842105263,image-segmentation,1,6
MLP,old,92.20779220779221,92.27931132703048,100.0,100.0,image-segmentation,1,6
MLP,clean,90.9090909090909,90.90362535518457,99.18229918229919,100.0,image-segmentation,1,6
MLP,weighted,92.20779220779221,92.14366906182762,100.0,78.94736842105263,image-segmentation,1,6
MLP,new,91.34199134199135,91.28316181545081,99.18229918229919,78.94736842105263,image-segmentation,1,6
LR,old,93.5064935064935,93.59479081737356,100.0,100.0,image-segmentation,1,7
LR,clean,93.93939393939394,94.03707403707404,99.08609908609908,100.0,image-segmentation,1,7
LR,weighted,92.64069264069265,92.65419600021173,100.0,78.94736842105263,image-segmentation,1,7
LR,new,92.64069264069265,92.65419600021173,99.08609908609908,78.94736842105263,image-segmentation,1,7
MLP,old,92.64069264069265,92.61370501196218,100.0,100.0,image-segmentation,1,7
MLP,clean,93.07359307359307,93.07611258627566,99.08609908609908,100.0,image-segmentation,1,7
MLP,weighted,93.07359307359307,93.06738539273344,100.0,78.94736842105263,image-segmentation,1,7
MLP,new,93.5064935064935,93.52200151939594,99.08609908609908,78.94736842105263,image-segmentation,1,7
LR,old,93.93939393939394,93.94021739130434,100.0,100.0,image-segmentation,1,8
LR,clean,93.93939393939394,93.94021739130434,99.03799903799904,100.0,image-segmentation,1,8
LR,weighted,94.8051948051948,94.84012510476828,100.0,89.47368421052632,image-segmentation,1,8
LR,new,93.93939393939394,93.96825396825396,99.03799903799904,89.47368421052632,image-segmentation,1,8
MLP,old,95.67099567099568,95.66718995290424,100.0,100.0,image-segmentation,1,8
MLP,clean,95.23809523809523,95.22564668407468,99.03799903799904,100.0,image-segmentation,1,8
MLP,weighted,95.23809523809523,95.22564668407468,100.0,89.47368421052632,image-segmentation,1,8
MLP,new,94.37229437229438,94.33087460484721,99.03799903799904,89.47368421052632,image-segmentation,1,8
LR,old,93.5064935064935,93.46830705526358,100.0,100.0,image-segmentation,1,9
LR,clean,93.93939393939394,93.92347848230202,99.51899951899952,100.0,image-segmentation,1,9
LR,weighted,93.07359307359307,93.02187848383501,100.0,78.94736842105263,image-segmentation,1,9
LR,new,93.5064935064935,93.46830705526358,99.51899951899952,78.94736842105263,image-segmentation,1,9
MLP,old,94.8051948051948,94.76940805024651,100.0,100.0,image-segmentation,1,9
MLP,clean,96.1038961038961,96.05538725925572,99.51899951899952,100.0,image-segmentation,1,9
MLP,weighted,92.64069264069265,92.57726196104159,100.0,78.94736842105263,image-segmentation,1,9
MLP,new,93.07359307359307,93.00308613686576,99.51899951899952,78.94736842105263,image-segmentation,1,9
LR,old,93.93939393939394,93.88904573687181,100.0,100.0,image-segmentation,2,0
LR,clean,94.37229437229438,94.3436465495289,99.27849927849928,100.0,image-segmentation,2,0
LR,weighted,93.07359307359307,93.00627943485085,100.0,84.21052631578948,image-segmentation,2,0
LR,new,93.07359307359307,93.00627943485085,99.27849927849928,84.21052631578948,image-segmentation,2,0
MLP,old,95.67099567099568,95.6900810632154,100.0,100.0,image-segmentation,2,0
MLP,clean,96.53679653679653,96.5427607218652,99.27849927849928,100.0,image-segmentation,2,0
MLP,weighted,95.23809523809523,95.2027605479098,100.0,84.21052631578948,image-segmentation,2,0
MLP,new,93.93939393939394,93.92900577683187,99.27849927849928,84.21052631578948,image-segmentation,2,0
LR,old,93.07359307359307,93.00574206817637,100.0,100.0,image-segmentation,2,1
LR,clean,93.5064935064935,93.440549583783,99.08609908609908,100.0,image-segmentation,2,1
LR,weighted,93.07359307359307,92.97648336027868,100.0,73.6842105263158,image-segmentation,2,1
LR,new,93.07359307359307,92.99645500889918,99.08609908609908,73.6842105263158,image-segmentation,2,1
MLP,old,96.96969696969697,96.94174551670162,100.0,100.0,image-segmentation,2,1
MLP,clean,95.23809523809523,95.1739184876444,99.08609908609908,100.0,image-segmentation,2,1
MLP,weighted,94.8051948051948,94.75326029511622,100.0,73.6842105263158,image-segmentation,2,1
MLP,new,94.37229437229438,94.32100432978395,99.08609908609908,73.6842105263158,image-segmentation,2,1
LR,old,94.8051948051948,94.80519480519482,100.0,100.0,image-segmentation,2,2
LR,clean,95.67099567099568,95.69674106987539,99.18229918229919,100.0,image-segmentation,2,2
LR,weighted,94.8051948051948,94.83690912262341,100.0,78.94736842105263,image-segmentation,2,2
LR,new,94.8051948051948,94.82421563943304,99.18229918229919,78.94736842105263,image-segmentation,2,2
MLP,old,96.53679653679653,96.51053135959546,100.0,100.0,image-segmentation,2,2
MLP,clean,96.1038961038961,96.06266145651874,99.18229918229919,100.0,image-segmentation,2,2
MLP,weighted,93.93939393939394,93.91490294429492,100.0,78.94736842105263,image-segmentation,2,2
MLP,new,94.37229437229438,94.35477091214797,99.18229918229919,78.94736842105263,image-segmentation,2,2
LR,old,90.9090909090909,91.00456890779472,100.0,100.0,image-segmentation,2,3
LR,clean,90.9090909090909,91.06297650351574,99.08609908609908,100.0,image-segmentation,2,3
LR,weighted,89.17748917748918,89.32238883520368,100.0,84.21052631578948,image-segmentation,2,3
LR,new,89.17748917748918,89.32238883520368,99.08609908609908,84.21052631578948,image-segmentation,2,3
MLP,old,93.07359307359307,93.12781404350889,100.0,100.0,image-segmentation,2,3
MLP,clean,93.93939393939394,93.99086428953935,99.08609908609908,100.0,image-segmentation,2,3
MLP,weighted,90.47619047619048,90.53723793770632,100.0,84.21052631578948,image-segmentation,2,3
MLP,new,91.77489177489177,91.88940410588738,99.08609908609908,84.21052631578948,image-segmentation,2,3
LR,old,95.67099567099568,95.54865424430642,100.0,100.0,image-segmentation,2,4
LR,clean,95.67099567099568,95.54865424430642,99.37469937469938,100.0,image-segmentation,2,4
LR,weighted,93.5064935064935,93.32349941923556,100.0,84.21052631578948,image-segmentation,2,4
LR,new,93.93939393939394,93.74052990128837,99.37469937469938,84.21052631578948,image-segmentation,2,4
MLP,old,96.53679653679653,96.50494144978248,100.0,100.0,image-segmentation,2,4
MLP,clean,96.96969696969697,96.96586941071043,99.37469937469938,100.0,image-segmentation,2,4
MLP,weighted,95.23809523809523,95.2448549179568,100.0,84.21052631578948,image-segmentation,2,4
MLP,new,95.23809523809523,95.2448549179568,99.37469937469938,84.21052631578948,image-segmentation,2,4
LR,old,95.23809523809523,95.27289149490642,100.0,100.0,image-segmentation,2,5
LR,clean,95.23809523809523,95.27289149490642,99.13419913419914,100.0,image-segmentation,2,5
LR,weighted,93.93939393939394,93.97026899663175,100.0,78.94736842105263,image-segmentation,2,5
LR,new,94.37229437229438,94.38802472768671,99.13419913419914,78.94736842105263,image-segmentation,2,5
MLP,old,96.96969696969697,96.94756330625897,100.0,100.0,image-segmentation,2,5
MLP,clean,96.1038961038961,96.1220682302772,99.13419913419914,100.0,image-segmentation,2,5
MLP,weighted,95.67099567099568,95.66791890885708,100.0,78.94736842105263,image-segmentation,2,5
MLP,new,94.8051948051948,94.80337759255669,99.13419913419914,78.94736842105263,image-segmentation,2,5
LR,old,93.5064935064935,93.4856188587532,100.0,100.0,image-segmentation,2,6
LR,clean,93.93939393939394,93.93939393939394,99.27849927849928,100.0,image-segmentation,2,6
LR,weighted,91.77489177489177,91.8228829993536,100.0,78.94736842105263,image-segmentation,2,6
LR,new,91.34199134199135,91.34453781512605,99.27849927849928,78.94736842105263,image-segmentation,2,6
MLP,old,94.8051948051948,94.6740930302574,100.0,100.0,image-segmentation,2,6
MLP,clean,95.23809523809523,95.20436108715788,99.27849927849928,100.0,image-segmentation,2,6
MLP,weighted,91.34199134199135,91.37461802902979,100.0,78.94736842105263,image-segmentation,2,6
MLP,new,92.20779220779221,92.23313999433404,99.27849927849928,78.94736842105263,image-segmentation,2,6
LR,old,93.07359307359307,93.12941960000785,100.0,100.0,image-segmentation,2,7
LR,clean,93.07359307359307,93.12941960000785,99.27849927849928,100.0,image-segmentation,2,7
LR,weighted,93.07359307359307,93.13435247807503,100.0,84.21052631578948,image-segmentation,2,7
LR,new,93.07359307359307,93.13435247807503,99.27849927849928,84.21052631578948,image-segmentation,2,7
MLP,old,92.64069264069265,92.60346706918972,100.0,100.0,image-segmentation,2,7
MLP,clean,92.64069264069265,92.60644117786975,99.27849927849928,100.0,image-segmentation,2,7
MLP,weighted,93.07359307359307,93.09063485534075,100.0,84.21052631578948,image-segmentation,2,7
MLP,new,92.64069264069265,92.67105443576033,99.27849927849928,84.21052631578948,image-segmentation,2,7
LR,old,91.77489177489177,91.949623611404,100.0,100.0,image-segmentation,2,8
LR,clean,91.34199134199135,91.53595857537792,99.23039923039923,100.0,image-segmentation,2,8
LR,weighted,90.47619047619048,90.63697915063462,100.0,73.6842105263158,image-segmentation,2,8
LR,new,91.34199134199135,91.50975146959898,99.23039923039923,73.6842105263158,image-segmentation,2,8
MLP,old,93.5064935064935,93.57479932271417,100.0,100.0,image-segmentation,2,8
MLP,clean,92.64069264069265,92.725680252043,99.23039923039923,100.0,image-segmentation,2,8
MLP,weighted,90.47619047619048,90.58054019541227,100.0,73.6842105263158,image-segmentation,2,8
MLP,new,90.47619047619048,90.60915324798117,99.23039923039923,73.6842105263158,image-segmentation,2,8
LR,old,91.77489177489177,91.83982683982684,100.0,100.0,image-segmentation,2,9
LR,clean,92.20779220779221,92.22333549010025,99.18229918229919,100.0,image-segmentation,2,9
LR,weighted,90.04329004329004,90.1090673797237,100.0,78.94736842105263,image-segmentation,2,9
LR,new,90.9090909090909,90.9579104380738,99.18229918229919,78.94736842105263,image-segmentation,2,9
MLP,old,93.93939393939394,93.95181932495366,100.0,100.0,image-segmentation,2,9
MLP,clean,94.8051948051948,94.80430017743451,99.18229918229919,100.0,image-segmentation,2,9
MLP,weighted,93.07359307359307,93.03058570782451,100.0,78.94736842105263,image-segmentation,2,9
MLP,new,93.93939393939394,93.85486500811206,99.18229918229919,78.94736842105263,image-segmentation,2,9
LR,old,90.9090909090909,90.9932967887566,100.0,100.0,image-segmentation,3,0
LR,clean,91.34199134199135,91.40965505814059,99.18229918229919,100.0,image-segmentation,3,0
LR,weighted,88.74458874458875,88.70969826193706,100.0,84.21052631578948,image-segmentation,3,0
LR,new,88.74458874458875,88.70969826193706,99.18229918229919,84.21052631578948,image-segmentation,3,0
MLP,old,93.93939393939394,93.8765229031167,100.0,100.0,image-segmentation,3,0
MLP,clean,93.5064935064935,93.438249913485,99.18229918229919,100.0,image-segmentation,3,0
MLP,weighted,91.77489177489177,91.83915735465054,100.0,84.21052631578948,image-segmentation,3,0
MLP,new,90.9090909090909,90.94404223958658,99.18229918229919,84.21052631578948,image-segmentation,3,0
LR,old,95.23809523809523,95.31705883587665,100.0,100.0,image-segmentation,3,1
LR,clean,95.23809523809523,95.31705883587665,99.08609908609908,100.0,image-segmentation,3,1
LR,weighted,95.67099567099568,95.73882338859298,100.0,78.94736842105263,image-segmentation,3,1
LR,new,94.8051948051948,94.87666034155599,99.08609908609908,78.94736842105263,image-segmentation,3,1
MLP,old,94.8051948051948,94.76682365587801,100.0,100.0,image-segmentation,3,1
MLP,clean,94.37229437229438,94.36592351645821,99.08609908609908,100.0,image-segmentation,3,1
MLP,weighted,94.8051948051948,94.82112905587124,100.0,78.94736842105263,image-segmentation,3,1
MLP,new,93.93939393939394,93.95370088333841,99.08609908609908,78.94736842105263,image-segmentation,3,1
LR,old,94.37229437229438,94.21985796265294,100.0,100.0,image-segmentation,3,2
LR,clean,94.37229437229438,94.21985796265294,99.27849927849928,100.0,image-segmentation,3,2
LR,weighted,93.5064935064935,93.33704120258331,100.0,68.42105263157895,image-segmentation,3,2
LR,new,93.93939393939394,93.76149279840541,99.27849927849928,68.42105263157895,image-segmentation,3,2
MLP,old,94.8051948051948,94.74791319052164,100.0,100.0,image-segmentation,3,2
MLP,clean,96.1038961038961,96.0583830306316,99.27849927849928,100.0,image-segmentation,3,2
MLP,weighted,94.8051948051948,94.70305955054886,100.0,68.42105263157895,image-segmentation,3,2
MLP,new,94.8051948051948,94.74017840967231,99.27849927849928,68.42105263157895,image-segmentation,3,2
LR,old,93.93939393939394,93.87894461267095,100.0,100.0,image-segmentation,3,3
LR,clean,94.37229437229438,94.34205500381971,99.03799903799904,100.0,image-segmentation,3,3
LR,weighted,93.5064935064935,93.48641408342901,100.0,78.94736842105263,image-segmentation,3,3
LR,new,93.07359307359307,93.02687362388855,99.03799903799904,78.94736842105263,image-segmentation,3,3
MLP,old,96.1038961038961,96.07524828113064,100.0,100.0,image-segmentation,3,3
MLP,clean,96.1038961038961,96.07524828113064,99.03799903799904,100.0,image-segmentation,3,3
MLP,weighted,93.93939393939394,93.88406991018931,100.0,78.94736842105263,image-segmentation,3,3
MLP,new,94.8051948051948,94.76339891451832,99.03799903799904,78.94736842105263,image-segmentation,3,3
LR,old,91.34199134199135,91.25766002733687,100.0,100.0,image-segmentation,3,4
LR,clean,92.20779220779221,92.14300521203506,99.13419913419914,100.0,image-segmentation,3,4
LR,weighted,90.9090909090909,90.79229195190338,100.0,78.94736842105263,image-segmentation,3,4
LR,new,90.9090909090909,90.90353748514146,99.13419913419914,78.94736842105263,image-segmentation,3,4
MLP,old,95.23809523809523,95.15720738413197,100.0,100.0,image-segmentation,3,4
MLP,clean,93.5064935064935,93.3996258716408,99.13419913419914,100.0,image-segmentation,3,4
MLP,weighted,90.47619047619048,90.38614812132096,100.0,78.94736842105263,image-segmentation,3,4
MLP,new,92.64069264069265,92.5138449858599,99.13419913419914,78.94736842105263,image-segmentation,3,4
LR,old,93.07359307359307,93.19860916088179,100.0,100.0,image-segmentation,3,5
LR,clean,93.5064935064935,93.62066249163024,99.37469937469938,100.0,image-segmentation,3,5
LR,weighted,93.07359307359307,93.19860916088179,100.0,73.6842105263158,image-segmentation,3,5
LR,new,93.07359307359307,93.24440263989445,99.37469937469938,73.6842105263158,image-segmentation,3,5
MLP,old,93.5064935064935,93.56898003956829,100.0,100.0,image-segmentation,3,5
MLP,clean,93.07359307359307,93.12448745284566,99.37469937469938,100.0,image-segmentation,3,5
MLP,weighted,93.93939393939394,94.08294086865516,100.0,73.6842105263158,image-segmentation,3,5
MLP,new,93.5064935064935,93.5989010989011,99.37469937469938,73.6842105263158,image-segmentation,3,5
LR,old,93.93939393939394,93.94219375086224,100.0,100.0,image-segmentation,3,6
LR,clean,93.93939393939394,93.94219375086224,99.27849927849928,100.0,image-segmentation,3,6
LR,weighted,92.64069264069265,92.64765579021504,100.0,73.6842105263158,image-segmentation,3,6
LR,new,92.64069264069265,92.6428877539683,99.27849927849928,73.6842105263158,image-segmentation,3,6
MLP,old,96.1038961038961,96.10281144082725,100.0,100.0,image-segmentation,3,6
MLP,clean,96.96969696969697,96.98242056451012,99.27849927849928,100.0,image-segmentation,3,6
MLP,weighted,95.23809523809523,95.2298299642325,100.0,73.6842105263158,image-segmentation,3,6
MLP,new,94.8051948051948,94.85448054078117,99.27849927849928,73.6842105263158,image-segmentation,3,6
LR,old,93.5064935064935,93.5315965577372,100.0,100.0,image-segmentation,3,7
LR,clean,93.93939393939394,93.96430695532906,99.27849927849928,100.0,image-segmentation,3,7
LR,weighted,92.64069264069265,92.59608166250725,100.0,78.94736842105263,image-segmentation,3,7
LR,new,93.5064935064935,93.49186805266567,99.27849927849928,78.94736842105263,image-segmentation,3,7
MLP,old,95.67099567099568,95.65972866892157,100.0,100.0,image-segmentation,3,7
MLP,clean,95.23809523809523,95.24756828828062,99.27849927849928,100.0,image-segmentation,3,7
MLP,weighted,93.5064935064935,93.55857342509178,100.0,78.94736842105263,image-segmentation,3,7
MLP,new,93.5064935064935,93.53603857081784,99.27849927849928,78.94736842105263,image-segmentation,3,7
LR,old,92.20779220779221,92.23492329483113,100.0,100.0,image-segmentation,3,8
LR,clean,92.20779220779221,92.25635020716987,99.08609908609908,100.0,image-segmentation,3,8
LR,weighted,90.9090909090909,91.0694324678228,100.0,78.94736842105263,image-segmentation,3,8
LR,new,92.20779220779221,92.33560090702949,99.08609908609908,78.94736842105263,image-segmentation,3,8
MLP,old,95.23809523809523,95.24366181082598,100.0,100.0,image-segmentation,3,8
MLP,clean,95.23809523809523,95.29811673833414,99.08609908609908,100.0,image-segmentation,3,8
MLP,weighted,92.20779220779221,92.29532722179782,100.0,78.94736842105263,image-segmentation,3,8
MLP,new,92.20779220779221,92.30867346938776,99.08609908609908,78.94736842105263,image-segmentation,3,8
LR,old,94.37229437229438,94.27760487278888,100.0,100.0,image-segmentation,3,9
LR,clean,93.93939393939394,93.8515452801167,98.7012987012987,100.0,image-segmentation,3,9
LR,weighted,93.07359307359307,92.98986727558155,100.0,84.21052631578948,image-segmentation,3,9
LR,new,92.64069264069265,92.52367826134936,98.7012987012987,84.21052631578948,image-segmentation,3,9
MLP,old,95.23809523809523,95.1850483783257,100.0,100.0,image-segmentation,3,9
MLP,clean,94.37229437229438,94.29227941696654,98.7012987012987,100.0,image-segmentation,3,9
MLP,weighted,93.5064935064935,93.41228691282318,100.0,84.21052631578948,image-segmentation,3,9
MLP,new,93.5064935064935,93.39267101974303,98.7012987012987,84.21052631578948,image-segmentation,3,9
LR,old,92.20779220779221,92.19256642050759,100.0,100.0,image-segmentation,4,0
LR,clean,92.20779220779221,92.19256642050759,99.32659932659934,100.0,image-segmentation,4,0
LR,weighted,92.64069264069265,92.63789778941319,100.0,84.21052631578948,image-segmentation,4,0
LR,new,92.64069264069265,92.63789778941319,99.32659932659934,84.21052631578948,image-segmentation,4,0
MLP,old,93.93939393939394,93.95762751741013,100.0,100.0,image-segmentation,4,0
MLP,clean,93.93939393939394,93.93604196011029,99.32659932659934,100.0,image-segmentation,4,0
MLP,weighted,93.07359307359307,93.07279730073849,100.0,84.21052631578948,image-segmentation,4,0
MLP,new,92.20779220779221,92.2521254352905,99.32659932659934,84.21052631578948,image-segmentation,4,0
LR,old,96.1038961038961,96.05470616340182,100.0,100.0,image-segmentation,4,1
LR,clean,96.53679653679653,96.49287910157476,99.18229918229919,100.0,image-segmentation,4,1
LR,weighted,94.8051948051948,94.7019292392652,100.0,84.21052631578948,image-segmentation,4,1
LR,new,95.67099567099568,95.59048138143355,99.18229918229919,84.21052631578948,image-segmentation,4,1
MLP,old,95.23809523809523,95.20922174840086,100.0,100.0,image-segmentation,4,1
MLP,clean,95.23809523809523,95.2027605479098,99.18229918229919,100.0,image-segmentation,4,1
MLP,weighted,95.23809523809523,95.12230589834896,100.0,84.21052631578948,image-segmentation,4,1
MLP,new,94.8051948051948,94.68965956825599,99.18229918229919,84.21052631578948,image-segmentation,4,1
LR,old,95.67099567099568,95.65717864225327,100.0,100.0,image-segmentation,4,2
LR,clean,94.37229437229438,94.30557092318412,99.13419913419914,100.0,image-segmentation,4,2
LR,weighted,94.37229437229438,94.32932263814618,100.0,84.21052631578948,image-segmentation,4,2
LR,new,93.5064935064935,93.36534613845538,99.13419913419914,84.21052631578948,image-segmentation,4,2
MLP,old,96.1038961038961,96.08798064680418,100.0,100.0,image-segmentation,4,2
MLP,clean,94.8051948051948,94.6627965851042,99.13419913419914,100.0,image-segmentation,4,2
MLP,weighted,94.37229437229438,94.1965291863872,100.0,84.21052631578948,image-segmentation,4,2
MLP,new,94.37229437229438,94.26589387068681,99.13419913419914,84.21052631578948,image-segmentation,4,2
LR,old,92.20779220779221,92.26244343891403,100.0,100.0,image-segmentation,4,3
LR,clean,93.07359307359307,93.12217194570135,99.18229918229919,100.0,image-segmentation,4,3
LR,weighted,91.77489177489177,91.79770788912579,100.0,78.94736842105263,image-segmentation,4,3
LR,new,91.77489177489177,91.79770788912579,99.18229918229919,78.94736842105263,image-segmentation,4,3
MLP,old,96.1038961038961,96.09373673619191,100.0,100.0,image-segmentation,4,3
MLP,clean,96.1038961038961,96.12534964092552,99.18229918229919,100.0,image-segmentation,4,3
MLP,weighted,95.23809523809523,95.30837098817673,100.0,78.94736842105263,image-segmentation,4,3
MLP,new,94.8051948051948,94.87877202162916,99.18229918229919,78.94736842105263,image-segmentation,4,3
LR,old,89.17748917748918,89.09477734427433,100.0,100.0,image-segmentation,4,4
LR,clean,88.74458874458875,88.76494844301686,99.03799903799904,100.0,image-segmentation,4,4
LR,weighted,88.74458874458875,88.73306564327692,100.0,73.6842105263158,image-segmentation,4,4
LR,new,87.87878787878788,87.9213773315886,99.03799903799904,73.6842105263158,image-segmentation,4,4
MLP,old,93.5064935064935,93.4990116447917,100.0,100.0,image-segmentation,4,4
MLP,clean,91.77489177489177,91.78940759651336,99.03799903799904,100.0,image-segmentation,4,4
MLP,weighted,89.17748917748918,89.13323701892804,100.0,73.6842105263158,image-segmentation,4,4
MLP,new,88.74458874458875,88.693313728525,99.03799903799904,73.6842105263158,image-segmentation,4,4
LR,old,94.8051948051948,94.742133733609,100.0,100.0,image-segmentation,4,5
LR,clean,94.8051948051948,94.742133733609,99.27849927849928,100.0,image-segmentation,4,5
LR,weighted,93.5064935064935,93.31491196051874,100.0,63.1578947368421,image-segmentation,4,5
LR,new,94.37229437229438,94.24430641821945,99.27849927849928,63.1578947368421,image-segmentation,4,5
MLP,old,96.1038961038961,96.08188262737531,100.0,100.0,image-segmentation,4,5
MLP,clean,95.23809523809523,95.19057621131995,99.27849927849928,100.0,image-segmentation,4,5
MLP,weighted,96.1038961038961,96.07115328788652,100.0,63.1578947368421,image-segmentation,4,5
MLP,new,95.67099567099568,95.62347664422039,99.27849927849928,63.1578947368421,image-segmentation,4,5
LR,old,96.53679653679653,96.50814871403107,100.0,100.0,image-segmentation,4,6
LR,clean,96.96969696969697,96.96186166774403,99.23039923039923,100.0,image-segmentation,4,6
LR,weighted,94.8051948051948,94.79117897028344,100.0,84.21052631578948,image-segmentation,4,6
LR,new,95.67099567099568,95.67099567099568,99.23039923039923,84.21052631578948,image-segmentation,4,6
MLP,old,97.83549783549783,97.82207841909334,100.0,100.0,image-segmentation,4,6
MLP,clean,97.83549783549783,97.82207841909334,99.23039923039923,100.0,image-segmentation,4,6
MLP,weighted,96.1038961038961,96.12298149611583,100.0,84.21052631578948,image-segmentation,4,6
MLP,new,96.1038961038961,96.12298149611583,99.23039923039923,84.21052631578948,image-segmentation,4,6
LR,old,92.20779220779221,92.4349816849817,100.0,100.0,image-segmentation,4,7
LR,clean,91.77489177489177,92.01960201960203,99.08609908609908,100.0,image-segmentation,4,7
LR,weighted,92.20779220779221,92.42530655959804,100.0,73.6842105263158,image-segmentation,4,7
LR,new,92.20779220779221,92.42530655959804,99.08609908609908,73.6842105263158,image-segmentation,4,7
MLP,old,95.67099567099568,95.72106524400937,100.0,100.0,image-segmentation,4,7
MLP,clean,96.1038961038961,96.09276596508528,99.08609908609908,100.0,image-segmentation,4,7
MLP,weighted,94.8051948051948,94.8553931103892,100.0,73.6842105263158,image-segmentation,4,7
MLP,new,93.07359307359307,93.17912211815356,99.08609908609908,73.6842105263158,image-segmentation,4,7
LR,old,92.20779220779221,92.34914693128347,100.0,100.0,image-segmentation,4,8
LR,clean,92.20779220779221,92.3717769510333,99.13419913419914,100.0,image-segmentation,4,8
LR,weighted,91.77489177489177,91.86643167370816,100.0,78.94736842105263,image-segmentation,4,8
LR,new,92.20779220779221,92.36337044286752,99.13419913419914,78.94736842105263,image-segmentation,4,8
MLP,old,94.37229437229438,94.38976135804494,100.0,100.0,image-segmentation,4,8
MLP,clean,92.64069264069265,92.73653323545963,99.13419913419914,100.0,image-segmentation,4,8
MLP,weighted,92.20779220779221,92.26890143734494,100.0,78.94736842105263,image-segmentation,4,8
MLP,new,92.64069264069265,92.71527473205826,99.13419913419914,78.94736842105263,image-segmentation,4,8
LR,old,93.07359307359307,93.1135638334936,100.0,100.0,image-segmentation,4,9
LR,clean,92.64069264069265,92.67206223727963,98.94179894179894,100.0,image-segmentation,4,9
LR,weighted,91.34199134199135,91.3657770800628,100.0,84.21052631578948,image-segmentation,4,9
LR,new,91.34199134199135,91.3657770800628,98.94179894179894,84.21052631578948,image-segmentation,4,9
MLP,old,94.37229437229438,94.30139019794429,100.0,100.0,image-segmentation,4,9
MLP,clean,94.8051948051948,94.75216202289457,98.94179894179894,100.0,image-segmentation,4,9
MLP,weighted,92.20779220779221,92.28175810951153,100.0,84.21052631578948,image-segmentation,4,9
MLP,new,92.64069264069265,92.70511405904409,98.94179894179894,84.21052631578948,image-segmentation,4,9
LR,old,100.0,100.0,100.0,100.0,tic-tac-toe,0,0
LR,clean,100.0,100.0,99.30394431554525,100.0,tic-tac-toe,0,0
LR,weighted,93.75,92.85359801488833,100.0,92.5925925925926,tic-tac-toe,0,0
LR,new,93.75,92.85359801488833,99.30394431554525,92.5925925925926,tic-tac-toe,0,0
MLP,old,89.58333333333334,87.6479670612455,100.0,100.0,tic-tac-toe,0,0
MLP,clean,72.91666666666666,68.48484848484848,99.30394431554525,100.0,tic-tac-toe,0,0
MLP,weighted,72.91666666666666,65.71428571428571,100.0,92.5925925925926,tic-tac-toe,0,0
MLP,new,77.08333333333334,73.33333333333334,99.30394431554525,92.5925925925926,tic-tac-toe,0,0
LR,old,96.875,96.4562569213732,100.0,100.0,tic-tac-toe,0,1
LR,clean,96.875,96.4562569213732,98.95591647331786,100.0,tic-tac-toe,0,1
LR,weighted,91.66666666666666,90.1183736489964,100.0,85.18518518518519,tic-tac-toe,0,1
LR,new,91.66666666666666,90.1183736489964,98.95591647331786,85.18518518518519,tic-tac-toe,0,1
MLP,old,94.79166666666666,93.99324239769741,100.0,100.0,tic-tac-toe,0,1
MLP,clean,96.875,96.4562569213732,98.95591647331786,100.0,tic-tac-toe,0,1
MLP,weighted,86.45833333333334,84.09583280234484,100.0,85.18518518518519,tic-tac-toe,0,1
MLP,new,94.79166666666666,93.99324239769741,98.95591647331786,85.18518518518519,tic-tac-toe,0,1
LR,old,96.875,96.4562569213732,100.0,100.0,tic-tac-toe,0,2
LR,clean,96.875,96.4562569213732,99.4199535962877,100.0,tic-tac-toe,0,2
LR,weighted,96.875,96.4562569213732,100.0,85.18518518518519,tic-tac-toe,0,2
LR,new,96.875,96.4562569213732,99.4199535962877,85.18518518518519,tic-tac-toe,0,2
MLP,old,93.75,92.85359801488833,100.0,100.0,tic-tac-toe,0,2
MLP,clean,87.5,85.1775604734946,99.4199535962877,100.0,tic-tac-toe,0,2
MLP,weighted,90.625,88.98942270931566,100.0,85.18518518518519,tic-tac-toe,0,2
MLP,new,82.29166666666666,78.34107498341075,99.4199535962877,85.18518518518519,tic-tac-toe,0,2
LR,old,95.83333333333334,95.23573200992556,100.0,100.0,tic-tac-toe,0,3
LR,clean,95.83333333333334,95.23573200992556,99.65197215777262,100.0,tic-tac-toe,0,3
LR,weighted,91.66666666666666,90.1183736489964,100.0,85.18518518518519,tic-tac-toe,0,3
LR,new,91.66666666666666,90.1183736489964,99.65197215777262,85.18518518518519,tic-tac-toe,0,3
MLP,old,88.54166666666666,86.54262775583025,100.0,100.0,tic-tac-toe,0,3
MLP,clean,87.5,85.70719602977668,99.65197215777262,100.0,tic-tac-toe,0,3
MLP,weighted,82.29166666666666,79.91878922111479,100.0,85.18518518518519,tic-tac-toe,0,3
MLP,new,80.20833333333334,76.75544794188862,99.65197215777262,85.18518518518519,tic-tac-toe,0,3
LR,old,98.95833333333334,98.83706844336766,100.0,100.0,tic-tac-toe,0,4
LR,clean,98.95833333333334,98.83706844336766,99.53596287703016,100.0,tic-tac-toe,0,4
LR,weighted,94.79166666666666,94.093761535622,100.0,88.88888888888889,tic-tac-toe,0,4
LR,new,95.83333333333334,95.23573200992556,99.53596287703016,88.88888888888889,tic-tac-toe,0,4
MLP,old,94.79166666666666,93.99324239769741,100.0,100.0,tic-tac-toe,0,4
MLP,clean,91.66666666666666,90.47146401985111,99.53596287703016,100.0,tic-tac-toe,0,4
MLP,weighted,89.58333333333334,88.28125,100.0,88.88888888888889,tic-tac-toe,0,4
MLP,new,81.25,78.18181818181817,99.53596287703016,88.88888888888889,tic-tac-toe,0,4
LR,old,98.95833333333334,98.83706844336766,100.0,100.0,tic-tac-toe,0,5
LR,clean,98.95833333333334,98.83706844336766,99.65197215777262,100.0,tic-tac-toe,0,5
LR,weighted,98.95833333333334,98.83706844336766,100.0,100.0,tic-tac-toe,0,5
LR,new,98.95833333333334,98.83706844336766,99.65197215777262,100.0,tic-tac-toe,0,5
MLP,old,89.58333333333334,87.6479670612455,100.0,100.0,tic-tac-toe,0,5
MLP,clean,86.45833333333334,83.78167641325535,99.65197215777262,100.0,tic-tac-toe,0,5
MLP,weighted,83.33333333333334,79.38808373590982,100.0,100.0,tic-tac-toe,0,5
MLP,new,83.33333333333334,79.38808373590982,99.65197215777262,100.0,tic-tac-toe,0,5
LR,old,100.0,100.0,100.0,100.0,tic-tac-toe,0,6
LR,clean,100.0,100.0,99.18793503480279,100.0,tic-tac-toe,0,6
LR,weighted,92.70833333333334,91.59053935677636,100.0,92.5925925925926,tic-tac-toe,0,6
LR,new,92.70833333333334,91.59053935677636,99.18793503480279,92.5925925925926,tic-tac-toe,0,6
MLP,old,94.79166666666666,94.093761535622,100.0,100.0,tic-tac-toe,0,6
MLP,clean,83.33333333333334,79.83193277310924,99.18793503480279,100.0,tic-tac-toe,0,6
MLP,weighted,88.54166666666666,87.20775287704421,100.0,92.5925925925926,tic-tac-toe,0,6
MLP,new,75.0,70.35512094698919,99.18793503480279,92.5925925925926,tic-tac-toe,0,6
LR,old,97.91666666666666,97.6911976911977,100.0,100.0,tic-tac-toe,0,7
LR,clean,97.91666666666666,97.6911976911977,99.30394431554525,100.0,tic-tac-toe,0,7
LR,weighted,97.91666666666666,97.6911976911977,100.0,96.29629629629629,tic-tac-toe,0,7
LR,new,97.91666666666666,97.6911976911977,99.30394431554525,96.29629629629629,tic-tac-toe,0,7
MLP,old,91.66666666666666,90.76479076479076,100.0,100.0,tic-tac-toe,0,7
MLP,clean,82.29166666666666,80.7705903145988,99.30394431554525,100.0,tic-tac-toe,0,7
MLP,weighted,91.66666666666666,91.00702576112411,100.0,96.29629629629629,tic-tac-toe,0,7
MLP,new,72.91666666666666,71.1111111111111,99.30394431554525,96.29629629629629,tic-tac-toe,0,7
LR,old,98.94736842105263,98.83076923076923,100.0,100.0,tic-tac-toe,0,8
LR,clean,98.94736842105263,98.83076923076923,99.18887601390497,100.0,tic-tac-toe,0,8
LR,weighted,91.57894736842105,90.25641025641026,100.0,92.5925925925926,tic-tac-toe,0,8
LR,new,91.57894736842105,90.25641025641026,99.18887601390497,92.5925925925926,tic-tac-toe,0,8
MLP,old,96.84210526315789,96.4379452568429,100.0,100.0,tic-tac-toe,0,8
MLP,clean,82.10526315789474,77.7578845888996,99.18887601390497,100.0,tic-tac-toe,0,8
MLP,weighted,87.36842105263159,85.38461538461539,100.0,92.5925925925926,tic-tac-toe,0,8
MLP,new,76.84210526315789,72.70114942528735,99.18887601390497,92.5925925925926,tic-tac-toe,0,8
LR,old,98.94736842105263,98.83076923076923,100.0,100.0,tic-tac-toe,0,9
LR,clean,98.94736842105263,98.83076923076923,99.53650057937428,100.0,tic-tac-toe,0,9
LR,weighted,98.94736842105263,98.83076923076923,100.0,92.5925925925926,tic-tac-toe,0,9
LR,new,98.94736842105263,98.83076923076923,99.53650057937428,92.5925925925926,tic-tac-toe,0,9
MLP,old,90.52631578947368,89.47692307692307,100.0,100.0,tic-tac-toe,0,9
MLP,clean,88.42105263157895,86.72004066590418,99.53650057937428,100.0,tic-tac-toe,0,9
MLP,weighted,92.63157894736842,91.81538461538462,100.0,92.5925925925926,tic-tac-toe,0,9
MLP,new,88.42105263157895,86.93913260842395,99.53650057937428,92.5925925925926,tic-tac-toe,0,9
LR,old,98.95833333333334,98.83706844336766,100.0,100.0,tic-tac-toe,1,0
LR,clean,98.95833333333334,98.83706844336766,99.30394431554525,100.0,tic-tac-toe,1,0
LR,weighted,98.95833333333334,98.83706844336766,100.0,92.5925925925926,tic-tac-toe,1,0
LR,new,98.95833333333334,98.83706844336766,99.30394431554525,92.5925925925926,tic-tac-toe,1,0
MLP,old,89.58333333333334,87.6479670612455,100.0,100.0,tic-tac-toe,1,0
MLP,clean,80.20833333333334,75.24093932401247,99.30394431554525,100.0,tic-tac-toe,1,0
MLP,weighted,88.54166666666666,86.54262775583025,100.0,92.5925925925926,tic-tac-toe,1,0
MLP,new,77.08333333333334,71.65861513687601,99.30394431554525,92.5925925925926,tic-tac-toe,1,0
LR,old,98.95833333333334,98.83706844336766,100.0,100.0,tic-tac-toe,1,1
LR,clean,98.95833333333334,98.83706844336766,99.65197215777262,100.0,tic-tac-toe,1,1
LR,weighted,98.95833333333334,98.83706844336766,100.0,96.29629629629629,tic-tac-toe,1,1
LR,new,98.95833333333334,98.83706844336766,99.65197215777262,96.29629629629629,tic-tac-toe,1,1
MLP,old,91.66666666666666,90.89184060721063,100.0,100.0,tic-tac-toe,1,1
MLP,clean,92.70833333333334,91.97611940298506,99.65197215777262,100.0,tic-tac-toe,1,1
MLP,weighted,82.29166666666666,80.23016353725015,100.0,96.29629629629629,tic-tac-toe,1,1
MLP,new,83.33333333333334,81.52958152958153,99.65197215777262,96.29629629629629,tic-tac-toe,1,1
LR,old,98.95833333333334,98.83706844336766,100.0,100.0,tic-tac-toe,1,2
LR,clean,98.95833333333334,98.83706844336766,99.4199535962877,100.0,tic-tac-toe,1,2
LR,weighted,98.95833333333334,98.83706844336766,100.0,92.5925925925926,tic-tac-toe,1,2
LR,new,98.95833333333334,98.83706844336766,99.4199535962877,92.5925925925926,tic-tac-toe,1,2
MLP,old,91.66666666666666,90.625,100.0,100.0,tic-tac-toe,1,2
MLP,clean,84.375,81.64903784885944,99.4199535962877,100.0,tic-tac-toe,1,2
MLP,weighted,92.70833333333334,91.59053935677636,100.0,92.5925925925926,tic-tac-toe,1,2
MLP,new,79.16666666666666,75.75757575757575,99.4199535962877,92.5925925925926,tic-tac-toe,1,2
LR,old,97.91666666666666,97.65625,100.0,100.0,tic-tac-toe,1,3
LR,clean,97.91666666666666,97.65625,99.53596287703016,100.0,tic-tac-toe,1,3
LR,weighted,97.91666666666666,97.65625,100.0,88.88888888888889,tic-tac-toe,1,3
LR,new,97.91666666666666,97.65625,99.53596287703016,88.88888888888889,tic-tac-toe,1,3
MLP,old,91.66666666666666,90.47146401985111,100.0,100.0,tic-tac-toe,1,3
MLP,clean,90.625,88.98942270931566,99.53596287703016,100.0,tic-tac-toe,1,3
MLP,weighted,88.54166666666666,86.54262775583025,100.0,88.88888888888889,tic-tac-toe,1,3
MLP,new,82.29166666666666,77.84715623727433,99.53596287703016,88.88888888888889,tic-tac-toe,1,3
LR,old,97.91666666666666,97.65625,100.0,100.0,tic-tac-toe,1,4
LR,clean,97.91666666666666,97.65625,99.53596287703016,100.0,tic-tac-toe,1,4
LR,weighted,97.91666666666666,97.65625,100.0,92.5925925925926,tic-tac-toe,1,4
LR,new,97.91666666666666,97.65625,99.53596287703016,92.5925925925926,tic-tac-toe,1,4
MLP,old,94.79166666666666,94.093761535622,100.0,100.0,tic-tac-toe,1,4
MLP,clean,89.58333333333334,88.08933002481389,99.53596287703016,100.0,tic-tac-toe,1,4
MLP,weighted,93.75,92.85359801488833,100.0,92.5925925925926,tic-tac-toe,1,4
MLP,new,82.29166666666666,78.79142300194933,99.53596287703016,92.5925925925926,tic-tac-toe,1,4
LR,old,98.95833333333334,98.83706844336766,100.0,100.0,tic-tac-toe,1,5
LR,clean,98.95833333333334,98.83706844336766,99.4199535962877,100.0,tic-tac-toe,1,5
LR,weighted,98.95833333333334,98.83706844336766,100.0,92.5925925925926,tic-tac-toe,1,5
LR,new,98.95833333333334,98.83706844336766,99.4199535962877,92.5925925925926,tic-tac-toe,1,5
MLP,old,95.83333333333334,95.23573200992556,100.0,100.0,tic-tac-toe,1,5
MLP,clean,86.45833333333334,83.78167641325535,99.4199535962877,100.0,tic-tac-toe,1,5
MLP,weighted,93.75,92.85359801488833,100.0,92.5925925925926,tic-tac-toe,1,5
MLP,new,80.20833333333334,77.17432111125015,99.4199535962877,92.5925925925926,tic-tac-toe,1,5
LR,old,97.91666666666666,97.6911976911977,100.0,100.0,tic-tac-toe,1,6
LR,clean,97.91666666666666,97.6911976911977,99.18793503480279,100.0,tic-tac-toe,1,6
LR,weighted,97.91666666666666,97.6911976911977,100.0,92.5925925925926,tic-tac-toe,1,6
LR,new,97.91666666666666,97.6911976911977,99.18793503480279,92.5925925925926,tic-tac-toe,1,6
MLP,old,89.58333333333334,88.45598845598846,100.0,100.0,tic-tac-toe,1,6
MLP,clean,72.91666666666666,68.48484848484848,99.18793503480279,100.0,tic-tac-toe,1,6
MLP,weighted,91.66666666666666,91.00702576112411,100.0,92.5925925925926,tic-tac-toe,1,6
MLP,new,71.875,67.563508947566,99.18793503480279,92.5925925925926,tic-tac-toe,1,6
LR,old,95.83333333333334,95.3125,100.0,100.0,tic-tac-toe,1,7
LR,clean,95.83333333333334,95.3125,99.53596287703016,100.0,tic-tac-toe,1,7
LR,weighted,95.83333333333334,95.3125,100.0,81.48148148148148,tic-tac-toe,1,7
LR,new,95.83333333333334,95.3125,99.53596287703016,81.48148148148148,tic-tac-toe,1,7
MLP,old,91.66666666666666,90.47146401985111,100.0,100.0,tic-tac-toe,1,7
MLP,clean,87.5,85.70719602977668,99.53596287703016,100.0,tic-tac-toe,1,7
MLP,weighted,90.625,89.53361599030892,100.0,81.48148148148148,tic-tac-toe,1,7
MLP,new,83.33333333333334,80.23674729799279,99.53596287703016,81.48148148148148,tic-tac-toe,1,7
LR,old,98.94736842105263,98.83076923076923,100.0,100.0,tic-tac-toe,1,8
LR,clean,98.94736842105263,98.83076923076923,99.76825028968713,100.0,tic-tac-toe,1,8
LR,weighted,98.94736842105263,98.83076923076923,100.0,92.5925925925926,tic-tac-toe,1,8
LR,new,98.94736842105263,98.83076923076923,99.76825028968713,92.5925925925926,tic-tac-toe,1,8
MLP,old,95.78947368421052,95.2116935483871,100.0,100.0,tic-tac-toe,1,8
MLP,clean,94.73684210526315,94.15384615384616,99.76825028968713,100.0,tic-tac-toe,1,8
MLP,weighted,95.78947368421052,95.28769841269842,100.0,92.5925925925926,tic-tac-toe,1,8
MLP,new,91.57894736842105,90.71358748778103,99.76825028968713,92.5925925925926,tic-tac-toe,1,8
LR,old,98.94736842105263,98.83076923076923,100.0,100.0,tic-tac-toe,1,9
LR,clean,98.94736842105263,98.83076923076923,99.18887601390497,100.0,tic-tac-toe,1,9
LR,weighted,94.73684210526315,94.23613639121467,100.0,88.88888888888889,tic-tac-toe,1,9
LR,new,95.78947368421052,95.35679374389052,99.18887601390497,88.88888888888889,tic-tac-toe,1,9
MLP,old,92.63157894736842,91.93059094770052,100.0,100.0,tic-tac-toe,1,9
MLP,clean,81.05263157894737,78.07692307692308,99.18887601390497,100.0,tic-tac-toe,1,9
MLP,weighted,82.10526315789474,80.6563660318601,100.0,88.88888888888889,tic-tac-toe,1,9
MLP,new,71.57894736842105,67.94150731158607,99.18887601390497,88.88888888888889,tic-tac-toe,1,9
LR,old,95.83333333333334,95.23573200992556,100.0,100.0,tic-tac-toe,2,0
LR,clean,95.83333333333334,95.23573200992556,99.4199535962877,100.0,tic-tac-toe,2,0
LR,weighted,95.83333333333334,95.23573200992556,100.0,100.0,tic-tac-toe,2,0
LR,new,95.83333333333334,95.23573200992556,99.4199535962877,100.0,tic-tac-toe,2,0
MLP,old,85.41666666666666,83.32506203473946,100.0,100.0,tic-tac-toe,2,0
MLP,clean,80.20833333333334,77.5562938353636,99.4199535962877,100.0,tic-tac-toe,2,0
MLP,weighted,85.41666666666666,83.32506203473946,100.0,100.0,tic-tac-toe,2,0
MLP,new,80.20833333333334,77.5562938353636,99.4199535962877,100.0,tic-tac-toe,2,0
LR,old,95.83333333333334,95.23573200992556,100.0,100.0,tic-tac-toe,2,1
LR,clean,95.83333333333334,95.23573200992556,99.07192575406032,100.0,tic-tac-toe,2,1
LR,weighted,91.66666666666666,90.1183736489964,100.0,81.48148148148148,tic-tac-toe,2,1
LR,new,91.66666666666666,90.1183736489964,99.07192575406032,81.48148148148148,tic-tac-toe,2,1
MLP,old,84.375,80.45337315053618,100.0,100.0,tic-tac-toe,2,1
MLP,clean,94.79166666666666,93.99324239769741,99.07192575406032,100.0,tic-tac-toe,2,1
MLP,weighted,78.125,74.30865298840321,100.0,81.48148148148148,tic-tac-toe,2,1
MLP,new,90.625,89.18783631585534,99.07192575406032,81.48148148148148,tic-tac-toe,2,1
LR,old,98.95833333333334,98.83706844336766,100.0,100.0,tic-tac-toe,2,2
LR,clean,98.95833333333334,98.83706844336766,99.76798143851508,100.0,tic-tac-toe,2,2
LR,weighted,98.95833333333334,98.83706844336766,100.0,81.48148148148148,tic-tac-toe,2,2
LR,new,98.95833333333334,98.83706844336766,99.76798143851508,81.48148148148148,tic-tac-toe,2,2
MLP,old,88.54166666666666,87.20775287704421,100.0,100.0,tic-tac-toe,2,2
MLP,clean,88.54166666666666,86.7851332749343,99.76798143851508,100.0,tic-tac-toe,2,2
MLP,weighted,87.5,85.45454545454545,100.0,81.48148148148148,tic-tac-toe,2,2
MLP,new,85.41666666666666,83.03030303030303,99.76798143851508,81.48148148148148,tic-tac-toe,2,2
LR,old,98.95833333333334,98.83706844336766,100.0,100.0,tic-tac-toe,2,3
LR,clean,98.95833333333334,98.83706844336766,99.53596287703016,100.0,tic-tac-toe,2,3
LR,weighted,98.95833333333334,98.83706844336766,100.0,100.0,tic-tac-toe,2,3
LR,new,98.95833333333334,98.83706844336766,99.53596287703016,100.0,tic-tac-toe,2,3
MLP,old,92.70833333333334,91.73126614987079,100.0,100.0,tic-tac-toe,2,3
MLP,clean,75.0,68.35164835164835,99.53596287703016,100.0,tic-tac-toe,2,3
MLP,weighted,90.625,89.18783631585534,100.0,100.0,tic-tac-toe,2,3
MLP,new,69.79166666666666,62.20985475770326,99.53596287703016,100.0,tic-tac-toe,2,3
LR,old,98.95833333333334,98.83706844336766,100.0,100.0,tic-tac-toe,2,4
LR,clean,98.95833333333334,98.83706844336766,99.4199535962877,100.0,tic-tac-toe,2,4
LR,weighted,98.95833333333334,98.83706844336766,100.0,92.5925925925926,tic-tac-toe,2,4
LR,new,98.95833333333334,98.83706844336766,99.4199535962877,92.5925925925926,tic-tac-toe,2,4
MLP,old,93.75,92.85359801488833,100.0,100.0,tic-tac-toe,2,4
MLP,clean,87.5,85.1775604734946,99.4199535962877,100.0,tic-tac-toe,2,4
MLP,weighted,91.66666666666666,90.76479076479076,100.0,92.5925925925926,tic-tac-toe,2,4
MLP,new,85.41666666666666,83.03030303030303,99.4199535962877,92.5925925925926,tic-tac-toe,2,4
LR,old,98.95833333333334,98.83706844336766,100.0,100.0,tic-tac-toe,2,5
LR,clean,98.95833333333334,98.83706844336766,99.76798143851508,100.0,tic-tac-toe,2,5
LR,weighted,98.95833333333334,98.83706844336766,100.0,88.88888888888889,tic-tac-toe,2,5
LR,new,98.95833333333334,98.83706844336766,99.76798143851508,88.88888888888889,tic-tac-toe,2,5
MLP,old,80.20833333333334,75.79296615792965,100.0,100.0,tic-tac-toe,2,5
MLP,clean,94.79166666666666,94.18534221683828,99.76798143851508,100.0,tic-tac-toe,2,5
MLP,weighted,94.79166666666666,94.093761535622,100.0,88.88888888888889,tic-tac-toe,2,5
MLP,new,77.08333333333334,72.26890756302521,99.76798143851508,88.88888888888889,tic-tac-toe,2,5
LR,old,97.91666666666666,97.6911976911977,100.0,100.0,tic-tac-toe,2,6
LR,clean,97.91666666666666,97.6911976911977,99.18793503480279,100.0,tic-tac-toe,2,6
LR,weighted,97.91666666666666,97.6911976911977,100.0,92.5925925925926,tic-tac-toe,2,6
LR,new,97.91666666666666,97.6911976911977,99.18793503480279,92.5925925925926,tic-tac-toe,2,6
MLP,old,95.83333333333334,95.3125,100.0,100.0,tic-tac-toe,2,6
MLP,clean,79.16666666666666,76.1786600496278,99.18793503480279,100.0,tic-tac-toe,2,6
MLP,weighted,91.66666666666666,90.47146401985111,100.0,92.5925925925926,tic-tac-toe,2,6
MLP,new,77.08333333333334,70.98901098901098,99.18793503480279,92.5925925925926,tic-tac-toe,2,6
LR,old,98.95833333333334,98.85373134328358,100.0,100.0,tic-tac-toe,2,7
LR,clean,98.95833333333334,98.85373134328358,98.95591647331786,100.0,tic-tac-toe,2,7
LR,weighted,98.95833333333334,98.85373134328358,100.0,96.29629629629629,tic-tac-toe,2,7
LR,new,98.95833333333334,98.85373134328358,98.95591647331786,96.29629629629629,tic-tac-toe,2,7
MLP,old,94.79166666666666,94.18534221683828,100.0,100.0,tic-tac-toe,2,7
MLP,clean,97.91666666666666,97.72296015180267,98.95591647331786,100.0,tic-tac-toe,2,7
MLP,weighted,89.58333333333334,88.45598845598846,100.0,96.29629629629629,tic-tac-toe,2,7
MLP,new,96.875,96.56119402985075,98.95591647331786,96.29629629629629,tic-tac-toe,2,7
LR,old,100.0,100.0,100.0,100.0,tic-tac-toe,2,8
LR,clean,100.0,100.0,99.07300115874855,100.0,tic-tac-toe,2,8
LR,weighted,100.0,100.0,100.0,85.18518518518519,tic-tac-toe,2,8
LR,new,100.0,100.0,99.07300115874855,85.18518518518519,tic-tac-toe,2,8
MLP,old,98.94736842105263,98.83076923076923,100.0,100.0,tic-tac-toe,2,8
MLP,clean,83.15789473684211,80.14629049111808,99.07300115874855,100.0,tic-tac-toe,2,8
MLP,weighted,92.63157894736842,92.12924606462303,100.0,85.18518518518519,tic-tac-toe,2,8
MLP,new,75.78947368421053,72.69091363579551,99.07300115874855,85.18518518518519,tic-tac-toe,2,8
LR,old,98.94736842105263,98.83076923076923,100.0,100.0,tic-tac-toe,2,9
LR,clean,98.94736842105263,98.83076923076923,99.65237543453071,100.0,tic-tac-toe,2,9
LR,weighted,98.94736842105263,98.83076923076923,100.0,81.48148148148148,tic-tac-toe,2,9
LR,new,98.94736842105263,98.83076923076923,99.65237543453071,81.48148148148148,tic-tac-toe,2,9
MLP,old,95.78947368421052,95.28769841269842,100.0,100.0,tic-tac-toe,2,9
MLP,clean,91.57894736842105,90.4233870967742,99.65237543453071,100.0,tic-tac-toe,2,9
MLP,weighted,89.47368421052632,87.59143155694879,100.0,81.48148148148148,tic-tac-toe,2,9
MLP,new,88.42105263157895,86.21553884711778,99.65237543453071,81.48148148148148,tic-tac-toe,2,9
LR,old,96.875,96.4562569213732,100.0,100.0,tic-tac-toe,3,0
LR,clean,96.875,96.4562569213732,99.65197215777262,100.0,tic-tac-toe,3,0
LR,weighted,92.70833333333334,91.73126614987079,100.0,92.5925925925926,tic-tac-toe,3,0
LR,new,93.75,92.85359801488833,99.65197215777262,92.5925925925926,tic-tac-toe,3,0
MLP,old,95.83333333333334,95.38239538239539,100.0,100.0,tic-tac-toe,3,0
MLP,clean,95.83333333333334,95.38239538239539,99.65197215777262,100.0,tic-tac-toe,3,0
MLP,weighted,91.66666666666666,90.76479076479076,100.0,92.5925925925926,tic-tac-toe,3,0
MLP,new,89.58333333333334,88.08933002481389,99.65197215777262,92.5925925925926,tic-tac-toe,3,0
LR,old,100.0,100.0,100.0,100.0,tic-tac-toe,3,1
LR,clean,100.0,100.0,99.07192575406032,100.0,tic-tac-toe,3,1
LR,weighted,98.95833333333334,98.85373134328358,100.0,88.88888888888889,tic-tac-toe,3,1
LR,new,100.0,100.0,99.07192575406032,88.88888888888889,tic-tac-toe,3,1
MLP,old,92.70833333333334,92.1778605517402,100.0,100.0,tic-tac-toe,3,1
MLP,clean,98.95833333333334,98.85373134328358,99.07192575406032,100.0,tic-tac-toe,3,1
MLP,weighted,87.5,86.33776091081593,100.0,88.88888888888889,tic-tac-toe,3,1
MLP,new,97.91666666666666,97.72296015180267,99.07192575406032,88.88888888888889,tic-tac-toe,3,1
LR,old,100.0,100.0,100.0,100.0,tic-tac-toe,3,2
LR,clean,100.0,100.0,99.18793503480279,100.0,tic-tac-toe,3,2
LR,weighted,100.0,100.0,100.0,88.88888888888889,tic-tac-toe,3,2
LR,new,100.0,100.0,99.18793503480279,88.88888888888889,tic-tac-toe,3,2
MLP,old,90.625,88.98942270931566,100.0,100.0,tic-tac-toe,3,2
MLP,clean,79.16666666666666,75.29593412249099,99.18793503480279,100.0,tic-tac-toe,3,2
MLP,weighted,86.45833333333334,84.09583280234484,100.0,88.88888888888889,tic-tac-toe,3,2
MLP,new,77.08333333333334,72.26890756302521,99.18793503480279,88.88888888888889,tic-tac-toe,3,2
LR,old,95.83333333333334,95.23573200992556,100.0,100.0,tic-tac-toe,3,3
LR,clean,95.83333333333334,95.23573200992556,99.53596287703016,100.0,tic-tac-toe,3,3
LR,weighted,90.625,88.7719298245614,100.0,88.88888888888889,tic-tac-toe,3,3
LR,new,90.625,88.7719298245614,99.53596287703016,88.88888888888889,tic-tac-toe,3,3
MLP,old,90.625,89.18783631585534,100.0,100.0,tic-tac-toe,3,3
MLP,clean,84.375,81.64903784885944,99.53596287703016,100.0,tic-tac-toe,3,3
MLP,weighted,88.54166666666666,86.54262775583025,100.0,88.88888888888889,tic-tac-toe,3,3
MLP,new,76.04166666666666,71.8618580349178,99.53596287703016,88.88888888888889,tic-tac-toe,3,3
LR,old,97.91666666666666,97.65625,100.0,100.0,tic-tac-toe,3,4
LR,clean,97.91666666666666,97.65625,99.4199535962877,100.0,tic-tac-toe,3,4
LR,weighted,97.91666666666666,97.65625,100.0,81.48148148148148,tic-tac-toe,3,4
LR,new,97.91666666666666,97.65625,99.4199535962877,81.48148148148148,tic-tac-toe,3,4
MLP,old,94.79166666666666,94.18534221683828,100.0,100.0,tic-tac-toe,3,4
MLP,clean,82.29166666666666,79.91878922111479,99.4199535962877,100.0,tic-tac-toe,3,4
MLP,weighted,88.54166666666666,87.20775287704421,100.0,81.48148148148148,tic-tac-toe,3,4
MLP,new,75.0,71.41439205955335,99.4199535962877,81.48148148148148,tic-tac-toe,3,4
LR,old,96.875,96.4562569213732,100.0,100.0,tic-tac-toe,3,5
LR,clean,96.875,96.4562569213732,99.53596287703016,100.0,tic-tac-toe,3,5
LR,weighted,91.66666666666666,90.1183736489964,100.0,92.5925925925926,tic-tac-toe,3,5
LR,new,91.66666666666666,90.1183736489964,99.53596287703016,92.5925925925926,tic-tac-toe,3,5
MLP,old,90.625,88.7719298245614,100.0,100.0,tic-tac-toe,3,5
MLP,clean,86.45833333333334,83.78167641325535,99.53596287703016,100.0,tic-tac-toe,3,5
MLP,weighted,88.54166666666666,86.7851332749343,100.0,92.5925925925926,tic-tac-toe,3,5
MLP,new,81.25,76.81159420289855,99.53596287703016,92.5925925925926,tic-tac-toe,3,5
LR,old,98.95833333333334,98.85373134328358,100.0,100.0,tic-tac-toe,3,6
LR,clean,98.95833333333334,98.85373134328358,99.18793503480279,100.0,tic-tac-toe,3,6
LR,weighted,91.66666666666666,90.47146401985111,100.0,88.88888888888889,tic-tac-toe,3,6
LR,new,91.66666666666666,90.47146401985111,99.18793503480279,88.88888888888889,tic-tac-toe,3,6
MLP,old,91.66666666666666,90.89184060721063,100.0,100.0,tic-tac-toe,3,6
MLP,clean,76.04166666666666,72.36891502940809,99.18793503480279,100.0,tic-tac-toe,3,6
MLP,weighted,83.33333333333334,80.94292803970224,100.0,88.88888888888889,tic-tac-toe,3,6
MLP,new,76.04166666666666,71.8618580349178,99.18793503480279,88.88888888888889,tic-tac-toe,3,6
LR,old,97.91666666666666,97.6911976911977,100.0,100.0,tic-tac-toe,3,7
LR,clean,97.91666666666666,97.6911976911977,99.07192575406032,100.0,tic-tac-toe,3,7
LR,weighted,93.75,92.85359801488833,100.0,88.88888888888889,tic-tac-toe,3,7
LR,new,93.75,92.85359801488833,99.07192575406032,88.88888888888889,tic-tac-toe,3,7
MLP,old,90.625,89.81972428419937,100.0,100.0,tic-tac-toe,3,7
MLP,clean,95.83333333333334,95.44592030360532,99.07192575406032,100.0,tic-tac-toe,3,7
MLP,weighted,89.58333333333334,88.45598845598846,100.0,88.88888888888889,tic-tac-toe,3,7
MLP,new,92.70833333333334,91.85947910357359,99.07192575406032,88.88888888888889,tic-tac-toe,3,7
LR,old,98.94736842105263,98.83076923076923,100.0,100.0,tic-tac-toe,3,8
LR,clean,98.94736842105263,98.83076923076923,98.84125144843568,100.0,tic-tac-toe,3,8
LR,weighted,98.94736842105263,98.83076923076923,100.0,96.29629629629629,tic-tac-toe,3,8
LR,new,98.94736842105263,98.83076923076923,98.84125144843568,96.29629629629629,tic-tac-toe,3,8
MLP,old,93.6842105263158,92.81754032258065,100.0,100.0,tic-tac-toe,3,8
MLP,clean,98.94736842105263,98.83076923076923,98.84125144843568,100.0,tic-tac-toe,3,8
MLP,weighted,95.78947368421052,95.35679374389052,100.0,96.29629629629629,tic-tac-toe,3,8
MLP,new,98.94736842105263,98.83076923076923,98.84125144843568,96.29629629629629,tic-tac-toe,3,8
LR,old,100.0,100.0,100.0,100.0,tic-tac-toe,3,9
LR,clean,100.0,100.0,99.53650057937428,100.0,tic-tac-toe,3,9
LR,weighted,86.31578947368422,84.02121878638893,100.0,85.18518518518519,tic-tac-toe,3,9
LR,new,86.31578947368422,84.02121878638893,99.53650057937428,85.18518518518519,tic-tac-toe,3,9
MLP,old,89.47368421052632,88.02923387096774,100.0,100.0,tic-tac-toe,3,9
MLP,clean,88.42105263157895,86.21553884711778,99.53650057937428,100.0,tic-tac-toe,3,9
MLP,weighted,85.26315789473684,81.88997821350763,100.0,85.18518518518519,tic-tac-toe,3,9
MLP,new,76.84210526315789,73.2051282051282,99.53650057937428,85.18518518518519,tic-tac-toe,3,9
LR,old,98.95833333333334,98.83706844336766,100.0,100.0,tic-tac-toe,4,0
LR,clean,98.95833333333334,98.83706844336766,99.18793503480279,100.0,tic-tac-toe,4,0
LR,weighted,88.54166666666666,85.98540145985402,100.0,88.88888888888889,tic-tac-toe,4,0
LR,new,88.54166666666666,85.98540145985402,99.18793503480279,88.88888888888889,tic-tac-toe,4,0
MLP,old,93.75,93.16888045540796,100.0,100.0,tic-tac-toe,4,0
MLP,clean,72.91666666666666,67.22689075630252,99.18793503480279,100.0,tic-tac-toe,4,0
MLP,weighted,82.29166666666666,80.23016353725015,100.0,88.88888888888889,tic-tac-toe,4,0
MLP,new,65.625,57.95620437956204,99.18793503480279,88.88888888888889,tic-tac-toe,4,0
LR,old,98.95833333333334,98.83706844336766,100.0,100.0,tic-tac-toe,4,1
LR,clean,98.95833333333334,98.83706844336766,99.53596287703016,100.0,tic-tac-toe,4,1
LR,weighted,98.95833333333334,98.83706844336766,100.0,96.29629629629629,tic-tac-toe,4,1
LR,new,98.95833333333334,98.83706844336766,99.53596287703016,96.29629629629629,tic-tac-toe,4,1
MLP,old,95.83333333333334,95.3125,100.0,100.0,tic-tac-toe,4,1
MLP,clean,86.45833333333334,84.09583280234484,99.53596287703016,100.0,tic-tac-toe,4,1
MLP,weighted,93.75,92.85359801488833,100.0,96.29629629629629,tic-tac-toe,4,1
MLP,new,84.375,81.97972719309223,99.53596287703016,96.29629629629629,tic-tac-toe,4,1
LR,old,96.875,96.4562569213732,100.0,100.0,tic-tac-toe,4,2
LR,clean,96.875,96.4562569213732,99.30394431554525,100.0,tic-tac-toe,4,2
LR,weighted,90.625,88.98942270931566,100.0,81.48148148148148,tic-tac-toe,4,2
LR,new,90.625,88.98942270931566,99.30394431554525,81.48148148148148,tic-tac-toe,4,2
MLP,old,92.70833333333334,91.59053935677636,100.0,100.0,tic-tac-toe,4,2
MLP,clean,79.16666666666666,74.78991596638656,99.30394431554525,100.0,tic-tac-toe,4,2
MLP,weighted,87.5,85.45454545454545,100.0,81.48148148148148,tic-tac-toe,4,2
MLP,new,71.875,66.31578947368422,99.30394431554525,81.48148148148148,tic-tac-toe,4,2
LR,old,96.875,96.4562569213732,100.0,100.0,tic-tac-toe,4,3
LR,clean,96.875,96.4562569213732,99.53596287703016,100.0,tic-tac-toe,4,3
LR,weighted,92.70833333333334,91.59053935677636,100.0,85.18518518518519,tic-tac-toe,4,3
LR,new,92.70833333333334,91.59053935677636,99.53596287703016,85.18518518518519,tic-tac-toe,4,3
MLP,old,95.83333333333334,95.3125,100.0,100.0,tic-tac-toe,4,3
MLP,clean,92.70833333333334,91.73126614987079,99.53596287703016,100.0,tic-tac-toe,4,3
MLP,weighted,87.5,86.33776091081593,100.0,85.18518518518519,tic-tac-toe,4,3
MLP,new,83.33333333333334,80.94292803970224,99.53596287703016,85.18518518518519,tic-tac-toe,4,3
LR,old,100.0,100.0,100.0,100.0,tic-tac-toe,4,4
LR,clean,100.0,100.0,99.65197215777262,100.0,tic-tac-toe,4,4
LR,weighted,100.0,100.0,100.0,100.0,tic-tac-toe,4,4
LR,new,100.0,100.0,99.65197215777262,100.0,tic-tac-toe,4,4
MLP,old,93.75,93.07359307359306,100.0,100.0,tic-tac-toe,4,4
MLP,clean,88.54166666666666,86.54262775583025,99.65197215777262,100.0,tic-tac-toe,4,4
MLP,weighted,87.5,85.70719602977668,100.0,100.0,tic-tac-toe,4,4
MLP,new,86.45833333333334,83.43729263437292,99.65197215777262,100.0,tic-tac-toe,4,4
LR,old,98.95833333333334,98.83706844336766,100.0,100.0,tic-tac-toe,4,5
LR,clean,98.95833333333334,98.83706844336766,99.4199535962877,100.0,tic-tac-toe,4,5
LR,weighted,98.95833333333334,98.83706844336766,100.0,92.5925925925926,tic-tac-toe,4,5
LR,new,98.95833333333334,98.83706844336766,99.4199535962877,92.5925925925926,tic-tac-toe,4,5
MLP,old,95.83333333333334,95.38239538239539,100.0,100.0,tic-tac-toe,4,5
MLP,clean,87.5,85.70719602977668,99.4199535962877,100.0,tic-tac-toe,4,5
MLP,weighted,86.45833333333334,84.09583280234484,100.0,92.5925925925926,tic-tac-toe,4,5
MLP,new,76.04166666666666,71.8618580349178,99.4199535962877,92.5925925925926,tic-tac-toe,4,5
LR,old,98.95833333333334,98.85373134328358,100.0,100.0,tic-tac-toe,4,6
LR,clean,98.95833333333334,98.85373134328358,99.30394431554525,100.0,tic-tac-toe,4,6
LR,weighted,98.95833333333334,98.85373134328358,100.0,100.0,tic-tac-toe,4,6
LR,new,98.95833333333334,98.85373134328358,99.30394431554525,100.0,tic-tac-toe,4,6
MLP,old,92.70833333333334,91.73126614987079,100.0,100.0,tic-tac-toe,4,6
MLP,clean,81.25,76.81159420289855,99.30394431554525,100.0,tic-tac-toe,4,6
MLP,weighted,87.5,85.1775604734946,100.0,100.0,tic-tac-toe,4,6
MLP,new,78.125,73.80116959064327,99.30394431554525,100.0,tic-tac-toe,4,6
LR,old,100.0,100.0,100.0,100.0,tic-tac-toe,4,7
LR,clean,100.0,100.0,99.53596287703016,100.0,tic-tac-toe,4,7
LR,weighted,100.0,100.0,100.0,100.0,tic-tac-toe,4,7
LR,new,100.0,100.0,99.53596287703016,100.0,tic-tac-toe,4,7
MLP,old,97.91666666666666,97.72296015180267,100.0,100.0,tic-tac-toe,4,7
MLP,clean,94.79166666666666,94.34429126899964,99.53596287703016,100.0,tic-tac-toe,4,7
MLP,weighted,91.66666666666666,90.76479076479076,100.0,100.0,tic-tac-toe,4,7
MLP,new,84.375,81.64903784885944,99.53596287703016,100.0,tic-tac-toe,4,7
LR,old,98.94736842105263,98.83076923076923,100.0,100.0,tic-tac-toe,4,8
LR,clean,98.94736842105263,98.83076923076923,99.42062572421784,100.0,tic-tac-toe,4,8
LR,weighted,98.94736842105263,98.83076923076923,100.0,92.5925925925926,tic-tac-toe,4,8
LR,new,98.94736842105263,98.83076923076923,99.42062572421784,92.5925925925926,tic-tac-toe,4,8
MLP,old,95.78947368421052,95.28769841269842,100.0,100.0,tic-tac-toe,4,8
MLP,clean,88.42105263157895,87.31950006067224,99.42062572421784,100.0,tic-tac-toe,4,8
MLP,weighted,86.31578947368422,85.38288554858565,100.0,92.5925925925926,tic-tac-toe,4,8
MLP,new,75.78947368421053,74.41751551340592,99.42062572421784,92.5925925925926,tic-tac-toe,4,8
LR,old,94.73684210526315,93.96365484813826,100.0,100.0,tic-tac-toe,4,9
LR,clean,94.73684210526315,93.96365484813826,99.42062572421784,100.0,tic-tac-toe,4,9
LR,weighted,94.73684210526315,93.96365484813826,100.0,100.0,tic-tac-toe,4,9
LR,new,94.73684210526315,93.96365484813826,99.42062572421784,100.0,tic-tac-toe,4,9
MLP,old,91.57894736842105,90.07314524555903,100.0,100.0,tic-tac-toe,4,9
MLP,clean,89.47368421052632,87.34008528784648,99.42062572421784,100.0,tic-tac-toe,4,9
MLP,weighted,92.63157894736842,91.39604088497866,100.0,100.0,tic-tac-toe,4,9
MLP,new,86.31578947368422,82.99132350915852,99.42062572421784,100.0,tic-tac-toe,4,9
LR,old,99.04761904761905,90.7390623485123,100.0,100.0,nsl-kdd,0,0
LR,clean,98.92857142857143,90.40362661592744,99.81033874382497,100.0,nsl-kdd,0,0
LR,weighted,98.17460317460316,78.69231693785832,100.0,39.83050847457627,nsl-kdd,0,0
LR,new,98.21428571428571,78.8463219887571,99.81033874382497,39.83050847457627,nsl-kdd,0,0
MLP,old,99.04761904761905,84.29994997693889,100.0,100.0,nsl-kdd,0,0
MLP,clean,99.0873015873016,90.98641011761731,99.81033874382497,100.0,nsl-kdd,0,0
MLP,weighted,99.04761904761905,81.57040449267964,100.0,39.83050847457627,nsl-kdd,0,0
MLP,new,98.88888888888889,80.58162809459834,99.81033874382497,39.83050847457627,nsl-kdd,0,0
LR,old,99.0873015873016,85.43216033621523,100.0,100.0,nsl-kdd,0,1
LR,clean,99.12698412698413,91.13013536134245,99.8544460127029,100.0,nsl-kdd,0,1
LR,weighted,98.33333333333333,73.47473786742123,100.0,35.59322033898305,nsl-kdd,0,1
LR,new,98.37301587301587,73.72519156481107,99.8544460127029,35.59322033898305,nsl-kdd,0,1
MLP,old,99.20634920634922,85.02041587914876,100.0,100.0,nsl-kdd,0,1
MLP,clean,98.96825396825398,84.08569431582697,99.8544460127029,100.0,nsl-kdd,0,1
MLP,weighted,98.17460317460316,64.26429594428254,100.0,35.59322033898305,nsl-kdd,0,1
MLP,new,99.0079365079365,75.93902098618732,99.8544460127029,35.59322033898305,nsl-kdd,0,1
LR,old,99.16633584755856,85.309929767957,100.0,100.0,nsl-kdd,0,2
LR,clean,99.04724096863835,84.30596477048009,99.85004190005733,100.0,nsl-kdd,0,2
LR,weighted,98.45176657403731,77.30341656717205,100.0,38.983050847457626,nsl-kdd,0,2
LR,new,98.45176657403731,76.7623365469627,99.85004190005733,38.983050847457626,nsl-kdd,0,2
MLP,old,99.04724096863835,84.1131729044692,100.0,100.0,nsl-kdd,0,2
MLP,clean,99.08693926161175,87.76986482876946,99.85004190005733,100.0,nsl-kdd,0,2
MLP,weighted,98.80905121079793,83.29005327579998,100.0,38.983050847457626,nsl-kdd,0,2
MLP,new,98.17387852322351,73.71569545895827,99.85004190005733,38.983050847457626,nsl-kdd,0,2
LR,old,99.08693926161175,79.07080111565679,100.0,100.0,nsl-kdd,0,3
LR,clean,99.08693926161175,76.83565690761756,99.83681030300357,100.0,nsl-kdd,0,3
LR,weighted,98.33267169511711,67.04072761505954,100.0,29.661016949152543,nsl-kdd,0,3
LR,new,98.33267169511711,66.15434361583998,99.83681030300357,29.661016949152543,nsl-kdd,0,3
MLP,old,98.1341802302501,70.59815113989904,100.0,100.0,nsl-kdd,0,3
MLP,clean,99.04724096863835,76.82306134497519,99.83681030300357,100.0,nsl-kdd,0,3
MLP,weighted,98.84874950377134,68.50351963704166,100.0,29.661016949152543,nsl-kdd,0,3
MLP,new,98.92814608971814,66.13102987652634,99.83681030300357,29.661016949152543,nsl-kdd,0,3
LR,old,99.00754267566495,90.3406959288395,100.0,100.0,nsl-kdd,0,4
LR,clean,99.00754267566495,90.47701179484929,99.85004190005733,100.0,nsl-kdd,0,4
LR,weighted,98.2532751091703,78.20356844340864,100.0,35.59322033898305,nsl-kdd,0,4
LR,new,98.2532751091703,78.26740365968288,99.85004190005733,35.59322033898305,nsl-kdd,0,4
MLP,old,97.30051607780865,75.71850305011549,100.0,100.0,nsl-kdd,0,4
MLP,clean,98.88844779674474,89.51482939237785,99.85004190005733,100.0,nsl-kdd,0,4
MLP,weighted,98.45176657403731,75.94038645081599,100.0,35.59322033898305,nsl-kdd,0,4
MLP,new,98.68995633187772,78.43516180264334,99.85004190005733,35.59322033898305,nsl-kdd,0,4
LR,old,98.72965462485112,83.219589007339,100.0,100.0,nsl-kdd,0,5
LR,clean,98.68995633187772,76.56380280963143,99.84563136770608,100.0,nsl-kdd,0,5
LR,weighted,97.8959904724097,77.67704498577336,100.0,33.898305084745765,nsl-kdd,0,5
LR,new,97.8959904724097,71.44944160846988,99.84563136770608,33.898305084745765,nsl-kdd,0,5
MLP,old,98.92814608971814,83.82345462284701,100.0,100.0,nsl-kdd,0,5
MLP,clean,98.92814608971814,77.49631510956978,99.84563136770608,100.0,nsl-kdd,0,5
MLP,weighted,98.57086145295753,65.4146226247603,100.0,33.898305084745765,nsl-kdd,0,5
MLP,new,98.17387852322351,65.66237182892031,99.84563136770608,33.898305084745765,nsl-kdd,0,5
LR,old,99.04724096863835,90.83675923450433,100.0,100.0,nsl-kdd,0,6
LR,clean,99.00754267566495,90.78590527813303,99.84563136770608,100.0,nsl-kdd,0,6
LR,weighted,98.49146486701072,88.87847169176861,100.0,37.28813559322034,nsl-kdd,0,6
LR,new,98.49146486701072,88.96243702570139,99.84563136770608,37.28813559322034,nsl-kdd,0,6
MLP,old,98.92814608971814,84.75355704466074,100.0,100.0,nsl-kdd,0,6
MLP,clean,98.33267169511711,81.87756218514969,99.84563136770608,100.0,nsl-kdd,0,6
MLP,weighted,98.96784438269154,90.73861281762592,100.0,37.28813559322034,nsl-kdd,0,6
MLP,new,98.96784438269154,84.11475542079863,99.84563136770608,37.28813559322034,nsl-kdd,0,6
LR,old,99.12663755458514,75.87979533670065,100.0,100.0,nsl-kdd,0,7
LR,clean,99.16633584755856,75.92575075603222,99.86327349711111,100.0,nsl-kdd,0,7
LR,weighted,98.76935291782453,80.99881719440894,100.0,41.52542372881356,nsl-kdd,0,7
LR,new,98.72965462485112,74.34566903180675,99.86327349711111,41.52542372881356,nsl-kdd,0,7
MLP,old,98.80905121079793,68.5194547385874,100.0,100.0,nsl-kdd,0,7
MLP,clean,99.04724096863835,76.05173442585779,99.86327349711111,100.0,nsl-kdd,0,7
MLP,weighted,98.80905121079793,74.49925953836414,100.0,41.52542372881356,nsl-kdd,0,7
MLP,new,99.04724096863835,78.1703664192206,99.86327349711111,41.52542372881356,nsl-kdd,0,7
LR,old,99.52362048431918,92.00219423755844,100.0,100.0,nsl-kdd,0,8
LR,clean,99.48392219134577,85.23046690926651,99.84563136770608,100.0,nsl-kdd,0,8
LR,weighted,98.61055974593093,75.73655767753984,100.0,36.440677966101696,nsl-kdd,0,8
LR,new,98.65025803890433,75.95708982472176,99.84563136770608,36.440677966101696,nsl-kdd,0,8
MLP,old,98.61055974593093,74.60731352761353,100.0,100.0,nsl-kdd,0,8
MLP,clean,99.40452560539896,78.37321065949331,99.84563136770608,100.0,nsl-kdd,0,8
MLP,weighted,99.04724096863835,76.88328088162505,100.0,36.440677966101696,nsl-kdd,0,8
MLP,new,99.04724096863835,70.00819896644974,99.84563136770608,36.440677966101696,nsl-kdd,0,8
LR,old,99.08693926161175,77.94647829168683,100.0,100.0,nsl-kdd,0,9
LR,clean,99.00754267566495,77.71737064934973,99.83681030300357,100.0,nsl-kdd,0,9
LR,weighted,97.8959904724097,72.17773854986937,100.0,35.59322033898305,nsl-kdd,0,9
LR,new,97.97538705835649,72.51910902987201,99.83681030300357,35.59322033898305,nsl-kdd,0,9
MLP,old,98.96784438269154,77.57723631766386,100.0,100.0,nsl-kdd,0,9
MLP,clean,99.32512901945216,78.73265242337784,99.83681030300357,100.0,nsl-kdd,0,9
MLP,weighted,98.76935291782453,72.82541756942955,100.0,35.59322033898305,nsl-kdd,0,9
MLP,new,98.68995633187772,74.23759207463313,99.83681030300357,35.59322033898305,nsl-kdd,0,9
LR,old,99.04761904761905,83.8298221062306,100.0,100.0,nsl-kdd,1,0
LR,clean,99.0079365079365,83.78157647848897,99.8500352858151,100.0,nsl-kdd,1,0
LR,weighted,97.97619047619047,73.61726596351434,100.0,33.05084745762712,nsl-kdd,1,0
LR,new,98.09523809523809,74.00268733641947,99.8500352858151,33.05084745762712,nsl-kdd,1,0
MLP,old,99.24603174603175,84.63622090672845,100.0,100.0,nsl-kdd,1,0
MLP,clean,98.37301587301587,75.28361682736477,99.8500352858151,100.0,nsl-kdd,1,0
MLP,weighted,98.57142857142858,75.8003952710748,100.0,33.05084745762712,nsl-kdd,1,0
MLP,new,98.09523809523809,73.96643279160523,99.8500352858151,33.05084745762712,nsl-kdd,1,0
LR,old,99.04761904761905,85.08330735841609,100.0,100.0,nsl-kdd,1,1
LR,clean,99.0079365079365,84.05015832544827,99.83680310515173,100.0,nsl-kdd,1,1
LR,weighted,98.05555555555556,75.4887664634136,100.0,37.28813559322034,nsl-kdd,1,1
LR,new,98.13492063492063,78.74908719070265,99.83680310515173,37.28813559322034,nsl-kdd,1,1
MLP,old,99.0873015873016,83.74654616770661,100.0,100.0,nsl-kdd,1,1
MLP,clean,98.92857142857143,84.11471797207534,99.83680310515173,100.0,nsl-kdd,1,1
MLP,weighted,98.73015873015873,69.32116276958186,100.0,37.28813559322034,nsl-kdd,1,1
MLP,new,98.73015873015873,76.0165957813919,99.83680310515173,37.28813559322034,nsl-kdd,1,1
LR,old,99.28543072647876,85.1972904120652,100.0,100.0,nsl-kdd,1,2
LR,clean,99.16633584755856,84.65428294163394,99.84122083535483,100.0,nsl-kdd,1,2
LR,weighted,98.17387852322351,78.70201141711117,100.0,38.13559322033898,nsl-kdd,1,2
LR,new,98.33267169511711,79.94233398000496,99.84122083535483,38.13559322033898,nsl-kdd,1,2
MLP,old,99.44422389837237,85.55232365565128,100.0,100.0,nsl-kdd,1,2
MLP,clean,99.32512901945216,85.10128929829096,99.84122083535483,100.0,nsl-kdd,1,2
MLP,weighted,99.08693926161175,81.48283186081414,100.0,38.13559322033898,nsl-kdd,1,2
MLP,new,98.68995633187772,68.252006761535,99.84122083535483,38.13559322033898,nsl-kdd,1,2
LR,old,99.04724096863835,78.90619413780145,100.0,100.0,nsl-kdd,1,3
LR,clean,98.96784438269154,83.06116691545895,99.81916817359856,100.0,nsl-kdd,1,3
LR,weighted,98.45176657403731,80.20375716402214,100.0,38.13559322033898,nsl-kdd,1,3
LR,new,98.49146486701072,79.38117614900399,99.81916817359856,38.13559322033898,nsl-kdd,1,3
MLP,old,99.08693926161175,83.32974009375732,100.0,100.0,nsl-kdd,1,3
MLP,clean,98.76935291782453,75.82502898784142,99.81916817359856,100.0,nsl-kdd,1,3
MLP,weighted,98.1341802302501,73.56240836747968,100.0,38.13559322033898,nsl-kdd,1,3
MLP,new,98.45176657403731,74.24869797996065,99.81916817359856,38.13559322033898,nsl-kdd,1,3
LR,old,99.20603414053197,90.90124566933892,100.0,100.0,nsl-kdd,1,4
LR,clean,99.16633584755856,90.7442693759732,99.84563136770608,100.0,nsl-kdd,1,4
LR,weighted,98.05478364430328,80.50059963156642,100.0,37.28813559322034,nsl-kdd,1,4
LR,new,98.1341802302501,80.7783614399796,99.84563136770608,37.28813559322034,nsl-kdd,1,4
MLP,old,99.00754267566495,89.96329946988243,100.0,100.0,nsl-kdd,1,4
MLP,clean,99.16633584755856,84.37210561047898,99.84563136770608,100.0,nsl-kdd,1,4
MLP,weighted,98.72965462485112,75.99683494002385,100.0,37.28813559322034,nsl-kdd,1,4
MLP,new,99.00754267566495,83.56542782646362,99.84563136770608,37.28813559322034,nsl-kdd,1,4
LR,old,98.80905121079793,80.69728763052476,100.0,100.0,nsl-kdd,1,5
LR,clean,98.84874950377134,83.08077781067789,99.85004190005733,100.0,nsl-kdd,1,5
LR,weighted,97.65780071456928,76.5232632953823,100.0,34.74576271186441,nsl-kdd,1,5
LR,new,97.8959904724097,69.87104643757853,99.85004190005733,34.74576271186441,nsl-kdd,1,5
MLP,old,98.88844779674474,83.9787782308193,100.0,100.0,nsl-kdd,1,5
MLP,clean,98.84874950377134,82.56623650481353,99.85004190005733,100.0,nsl-kdd,1,5
MLP,weighted,98.29297340214372,72.7951073288923,100.0,34.74576271186441,nsl-kdd,1,5
MLP,new,98.49146486701072,78.84629687170607,99.85004190005733,34.74576271186441,nsl-kdd,1,5
LR,old,98.88844779674474,85.24948563220967,100.0,100.0,nsl-kdd,1,6
LR,clean,98.80905121079793,78.99019703005949,99.84563136770608,100.0,nsl-kdd,1,6
LR,weighted,98.33267169511711,76.67888711278366,100.0,35.59322033898305,nsl-kdd,1,6
LR,new,98.33267169511711,81.6742871100304,99.84563136770608,35.59322033898305,nsl-kdd,1,6
MLP,old,98.96784438269154,90.8050249623722,100.0,100.0,nsl-kdd,1,6
MLP,clean,98.41206828106391,81.86025494411483,99.84563136770608,100.0,nsl-kdd,1,6
MLP,weighted,98.68995633187772,76.0664310096739,100.0,35.59322033898305,nsl-kdd,1,6
MLP,new,98.88844779674474,77.50570783851508,99.84563136770608,35.59322033898305,nsl-kdd,1,6
LR,old,99.12663755458514,90.82167880158,100.0,100.0,nsl-kdd,1,7
LR,clean,99.04724096863835,84.26455513522171,99.86327349711111,100.0,nsl-kdd,1,7
LR,weighted,98.17387852322351,81.05560919889777,100.0,38.13559322033898,nsl-kdd,1,7
LR,new,98.2532751091703,81.37880005709907,99.86327349711111,38.13559322033898,nsl-kdd,1,7
MLP,old,99.24573243350537,79.5684543891787,100.0,100.0,nsl-kdd,1,7
MLP,clean,99.36482731242556,85.20378831572899,99.86327349711111,100.0,nsl-kdd,1,7
MLP,weighted,97.77689559348947,70.44944790965204,100.0,38.13559322033898,nsl-kdd,1,7
MLP,new,98.53116315998413,75.16125384448851,99.86327349711111,38.13559322033898,nsl-kdd,1,7
LR,old,99.16633584755856,77.95344511666991,100.0,100.0,nsl-kdd,1,8
LR,clean,99.12663755458514,77.86054136150533,99.83239977065232,100.0,nsl-kdd,1,8
LR,weighted,98.45176657403731,74.16922564173602,100.0,38.13559322033898,nsl-kdd,1,8
LR,new,98.57086145295753,74.69717101005412,99.83239977065232,38.13559322033898,nsl-kdd,1,8
MLP,old,98.96784438269154,77.8824825764371,100.0,100.0,nsl-kdd,1,8
MLP,clean,99.08693926161175,78.09274491726602,99.83239977065232,100.0,nsl-kdd,1,8
MLP,weighted,98.80905121079793,70.1553423235737,100.0,38.13559322033898,nsl-kdd,1,8
MLP,new,98.80905121079793,70.3921197621487,99.83239977065232,38.13559322033898,nsl-kdd,1,8
LR,old,99.04724096863835,80.66970847153078,100.0,100.0,nsl-kdd,1,9
LR,clean,99.08693926161175,80.82899428182537,99.82798923830106,100.0,nsl-kdd,1,9
LR,weighted,98.2532751091703,73.94807980756661,100.0,36.440677966101696,nsl-kdd,1,9
LR,new,98.2532751091703,74.1114109108483,99.82798923830106,36.440677966101696,nsl-kdd,1,9
MLP,old,99.16633584755856,84.33092237638354,100.0,100.0,nsl-kdd,1,9
MLP,clean,98.88844779674474,74.45037989035406,99.82798923830106,100.0,nsl-kdd,1,9
MLP,weighted,98.61055974593093,71.15491170084478,100.0,36.440677966101696,nsl-kdd,1,9
MLP,new,98.29297340214372,70.96602487800237,99.82798923830106,36.440677966101696,nsl-kdd,1,9
LR,old,99.16666666666667,77.73453896436517,100.0,100.0,nsl-kdd,2,0
LR,clean,99.12698412698413,77.61363153660476,99.85885673959068,100.0,nsl-kdd,2,0
LR,weighted,97.53968253968253,68.55972311711224,100.0,36.440677966101696,nsl-kdd,2,0
LR,new,97.73809523809524,69.53776223207707,99.85885673959068,36.440677966101696,nsl-kdd,2,0
MLP,old,99.0873015873016,77.38408151082106,100.0,100.0,nsl-kdd,2,0
MLP,clean,99.24603174603175,77.98127170028263,99.85885673959068,100.0,nsl-kdd,2,0
MLP,weighted,98.57142857142858,66.67644126495848,100.0,36.440677966101696,nsl-kdd,2,0
MLP,new,96.23015873015873,48.953570250777354,99.85885673959068,36.440677966101696,nsl-kdd,2,0
LR,old,98.92857142857143,90.45246531340025,100.0,100.0,nsl-kdd,2,1
LR,clean,98.92857142857143,90.54864606745264,99.8500352858151,100.0,nsl-kdd,2,1
LR,weighted,98.29365079365078,86.80147261829902,100.0,35.59322033898305,nsl-kdd,2,1
LR,new,98.33333333333333,80.13157665223008,99.8500352858151,35.59322033898305,nsl-kdd,2,1
MLP,old,98.80952380952381,84.12777319743874,100.0,100.0,nsl-kdd,2,1
MLP,clean,99.16666666666667,91.39344889608194,99.8500352858151,100.0,nsl-kdd,2,1
MLP,weighted,98.65079365079366,73.64817560697452,100.0,35.59322033898305,nsl-kdd,2,1
MLP,new,98.80952380952381,77.34182764560187,99.8500352858151,35.59322033898305,nsl-kdd,2,1
LR,old,99.16633584755856,85.56999879221591,100.0,100.0,nsl-kdd,2,2
LR,clean,99.24573243350537,91.334728098822,99.85004190005733,100.0,nsl-kdd,2,2
LR,weighted,98.29297340214372,79.90403042754191,100.0,38.13559322033898,nsl-kdd,2,2
LR,new,98.41206828106391,80.3847843443465,99.85004190005733,38.13559322033898,nsl-kdd,2,2
MLP,old,99.12663755458514,84.13796534528369,100.0,100.0,nsl-kdd,2,2
MLP,clean,99.08693926161175,83.62756934719289,99.85004190005733,100.0,nsl-kdd,2,2
MLP,weighted,98.84874950377134,82.3827285505684,100.0,38.13559322033898,nsl-kdd,2,2
MLP,new,98.53116315998413,80.39659982720599,99.85004190005733,38.13559322033898,nsl-kdd,2,2
LR,old,99.16633584755856,83.81509436629666,100.0,100.0,nsl-kdd,2,3
LR,clean,99.16633584755856,77.20794964003538,99.84122083535483,100.0,nsl-kdd,2,3
LR,weighted,98.17387852322351,73.48670329062095,100.0,34.74576271186441,nsl-kdd,2,3
LR,new,98.29297340214372,74.06088966509476,99.84122083535483,34.74576271186441,nsl-kdd,2,3
MLP,old,99.20603414053197,83.0239473366862,100.0,100.0,nsl-kdd,2,3
MLP,clean,99.36482731242556,78.11692906411366,99.84122083535483,100.0,nsl-kdd,2,3
MLP,weighted,98.01508535132989,62.7774293975198,100.0,34.74576271186441,nsl-kdd,2,3
MLP,new,97.45930924970226,54.13869610069564,99.84122083535483,34.74576271186441,nsl-kdd,2,3
LR,old,99.04724096863835,90.9341377263111,100.0,100.0,nsl-kdd,2,4
LR,clean,99.16633584755856,91.21101106560288,99.83239977065232,100.0,nsl-kdd,2,4
LR,weighted,98.37236998809051,80.748472141374,100.0,34.74576271186441,nsl-kdd,2,4
LR,new,98.41206828106391,81.04133356563938,99.83239977065232,34.74576271186441,nsl-kdd,2,4
MLP,old,98.80905121079793,84.09993635458704,100.0,100.0,nsl-kdd,2,4
MLP,clean,98.41206828106391,81.32692128600445,99.83239977065232,100.0,nsl-kdd,2,4
MLP,weighted,98.84874950377134,82.85071532773523,100.0,34.74576271186441,nsl-kdd,2,4
MLP,new,97.41961095672886,59.93850631443893,99.83239977065232,34.74576271186441,nsl-kdd,2,4
LR,old,98.72965462485112,83.0970340551035,100.0,100.0,nsl-kdd,2,5
LR,clean,98.68995633187772,83.00935628219032,99.83681030300357,100.0,nsl-kdd,2,5
LR,weighted,97.93568876538309,77.92372176381211,100.0,35.59322033898305,nsl-kdd,2,5
LR,new,97.97538705835649,77.92074392197469,99.83681030300357,35.59322033898305,nsl-kdd,2,5
MLP,old,98.72965462485112,83.52162577599836,100.0,100.0,nsl-kdd,2,5
MLP,clean,98.96784438269154,84.11947579479488,99.83681030300357,100.0,nsl-kdd,2,5
MLP,weighted,98.61055974593093,71.86523853764973,100.0,35.59322033898305,nsl-kdd,2,5
MLP,new,98.68995633187772,72.15219012035217,99.83681030300357,35.59322033898305,nsl-kdd,2,5
LR,old,99.40452560539896,91.95566804884992,100.0,100.0,nsl-kdd,2,6
LR,clean,99.36482731242556,91.903012450067,99.84122083535483,100.0,nsl-kdd,2,6
LR,weighted,97.97538705835649,85.33885779723221,100.0,33.898305084745765,nsl-kdd,2,6
LR,new,97.81659388646288,78.0889091644934,99.84122083535483,33.898305084745765,nsl-kdd,2,6
MLP,old,99.12663755458514,88.67249104060349,100.0,100.0,nsl-kdd,2,6
MLP,clean,99.32512901945216,85.0321749496057,99.84122083535483,100.0,nsl-kdd,2,6
MLP,weighted,98.72965462485112,72.1313429986798,100.0,33.898305084745765,nsl-kdd,2,6
MLP,new,98.45176657403731,68.68804692543905,99.84122083535483,33.898305084745765,nsl-kdd,2,6
LR,old,98.80905121079793,78.59123324525366,100.0,100.0,nsl-kdd,2,7
LR,clean,98.72965462485112,67.33404435080503,99.84122083535483,100.0,nsl-kdd,2,7
LR,weighted,98.29297340214372,71.06180679019705,100.0,36.440677966101696,nsl-kdd,2,7
LR,new,98.29297340214372,71.08569622585121,99.84122083535483,36.440677966101696,nsl-kdd,2,7
MLP,old,98.68995633187772,73.77871465326923,100.0,100.0,nsl-kdd,2,7
MLP,clean,98.65025803890433,71.73080016831523,99.84122083535483,100.0,nsl-kdd,2,7
MLP,weighted,97.41961095672886,57.162875859051546,100.0,36.440677966101696,nsl-kdd,2,7
MLP,new,97.61810242159588,59.32484482359256,99.84122083535483,36.440677966101696,nsl-kdd,2,7
LR,old,99.12663755458514,79.71577412061121,100.0,100.0,nsl-kdd,2,8
LR,clean,99.08693926161175,84.80983427274604,99.85004190005733,100.0,nsl-kdd,2,8
LR,weighted,98.37236998809051,74.5084946582558,100.0,37.28813559322034,nsl-kdd,2,8
LR,new,98.37236998809051,79.31106267662668,99.85004190005733,37.28813559322034,nsl-kdd,2,8
MLP,old,99.12663755458514,84.64639985706081,100.0,100.0,nsl-kdd,2,8
MLP,clean,98.92814608971814,84.43016795844194,99.85004190005733,100.0,nsl-kdd,2,8
MLP,weighted,98.84874950377134,73.0975396622662,100.0,37.28813559322034,nsl-kdd,2,8
MLP,new,98.57086145295753,71.71435974004424,99.85004190005733,37.28813559322034,nsl-kdd,2,8
LR,old,99.08693926161175,84.10177087096102,100.0,100.0,nsl-kdd,2,9
LR,clean,99.04724096863835,77.43265422724349,99.87209456181361,100.0,nsl-kdd,2,9
LR,weighted,98.57086145295753,81.60823021326745,100.0,37.28813559322034,nsl-kdd,2,9
LR,new,98.57086145295753,81.60823021326745,99.87209456181361,37.28813559322034,nsl-kdd,2,9
MLP,old,98.2532751091703,74.60763975886448,100.0,100.0,nsl-kdd,2,9
MLP,clean,98.33267169511711,81.06193615878794,99.87209456181361,100.0,nsl-kdd,2,9
MLP,weighted,97.93568876538309,66.41043520560896,100.0,37.28813559322034,nsl-kdd,2,9
MLP,new,98.0944819372767,66.80499761267697,99.87209456181361,37.28813559322034,nsl-kdd,2,9
LR,old,99.0873015873016,85.05582563363548,100.0,100.0,nsl-kdd,3,0
LR,clean,99.04761904761905,90.52243418309362,99.83680310515173,100.0,nsl-kdd,3,0
LR,weighted,98.45238095238096,80.69756471587908,100.0,35.59322033898305,nsl-kdd,3,0
LR,new,98.4126984126984,80.54692098425697,99.83680310515173,35.59322033898305,nsl-kdd,3,0
MLP,old,99.04761904761905,84.32656209179761,100.0,100.0,nsl-kdd,3,0
MLP,clean,99.16666666666667,91.02950747331246,99.83680310515173,100.0,nsl-kdd,3,0
MLP,weighted,98.37301587301587,74.86779176054323,100.0,35.59322033898305,nsl-kdd,3,0
MLP,new,98.88888888888889,76.78126543099918,99.83680310515173,35.59322033898305,nsl-kdd,3,0
LR,old,99.32539682539682,91.48059630408376,100.0,100.0,nsl-kdd,3,1
LR,clean,99.28571428571429,90.52575086169509,99.8544460127029,100.0,nsl-kdd,3,1
LR,weighted,98.61111111111111,79.35215645279817,100.0,33.898305084745765,nsl-kdd,3,1
LR,new,98.45238095238096,77.58255432552073,99.8544460127029,33.898305084745765,nsl-kdd,3,1
MLP,old,98.92857142857143,77.68680132286264,100.0,100.0,nsl-kdd,3,1
MLP,clean,99.12698412698413,76.97562425650818,99.8544460127029,100.0,nsl-kdd,3,1
MLP,weighted,98.65079365079366,74.55764363385984,100.0,33.898305084745765,nsl-kdd,3,1
MLP,new,98.76984126984128,78.70746901860434,99.8544460127029,33.898305084745765,nsl-kdd,3,1
LR,old,98.92814608971814,80.58477122958573,100.0,100.0,nsl-kdd,3,2
LR,clean,99.00754267566495,84.53667955364018,99.83239977065232,100.0,nsl-kdd,3,2
LR,weighted,98.29297340214372,78.53308452232923,100.0,38.13559322033898,nsl-kdd,3,2
LR,new,98.53116315998413,82.80488738842348,99.83239977065232,38.13559322033898,nsl-kdd,3,2
MLP,old,99.16633584755856,84.69086994140632,100.0,100.0,nsl-kdd,3,2
MLP,clean,98.96784438269154,84.15095725453412,99.83239977065232,100.0,nsl-kdd,3,2
MLP,weighted,98.61055974593093,76.38853275697556,100.0,38.13559322033898,nsl-kdd,3,2
MLP,new,98.49146486701072,75.63916233196967,99.83239977065232,38.13559322033898,nsl-kdd,3,2
LR,old,99.08693926161175,85.34572272064051,100.0,100.0,nsl-kdd,3,3
LR,clean,99.12663755458514,84.567243959107,99.84122083535483,100.0,nsl-kdd,3,3
LR,weighted,98.72965462485112,78.1717799600687,100.0,40.67796610169491,nsl-kdd,3,3
LR,new,98.80905121079793,83.8697512860312,99.84122083535483,40.67796610169491,nsl-kdd,3,3
MLP,old,99.04724096863835,91.35346389378174,100.0,100.0,nsl-kdd,3,3
MLP,clean,99.16633584755856,82.64652220969701,99.84122083535483,100.0,nsl-kdd,3,3
MLP,weighted,98.88844779674474,77.0659943148644,100.0,40.67796610169491,nsl-kdd,3,3
MLP,new,99.04724096863835,82.38463405322503,99.84122083535483,40.67796610169491,nsl-kdd,3,3
LR,old,98.68995633187772,71.79676458949041,100.0,100.0,nsl-kdd,3,4
LR,clean,98.84874950377134,75.8971529224002,99.84122083535483,100.0,nsl-kdd,3,4
LR,weighted,97.81659388646288,70.66575422009451,100.0,39.83050847457627,nsl-kdd,3,4
LR,new,97.8562921794363,69.55068182081665,99.84122083535483,39.83050847457627,nsl-kdd,3,4
MLP,old,98.65025803890433,76.39919335943739,100.0,100.0,nsl-kdd,3,4
MLP,clean,98.2532751091703,74.13946864962668,99.84122083535483,100.0,nsl-kdd,3,4
MLP,weighted,99.08693926161175,75.98369048330991,100.0,39.83050847457627,nsl-kdd,3,4
MLP,new,97.49900754267567,62.03550975699657,99.84122083535483,39.83050847457627,nsl-kdd,3,4
LR,old,99.16633584755856,84.92079939198895,100.0,100.0,nsl-kdd,3,5
LR,clean,99.12663755458514,79.5635510535787,99.81034710889605,100.0,nsl-kdd,3,5
LR,weighted,98.37236998809051,81.39155186498819,100.0,37.28813559322034,nsl-kdd,3,5
LR,new,98.29297340214372,80.52217189997616,99.81034710889605,37.28813559322034,nsl-kdd,3,5
MLP,old,99.00754267566495,84.42789555753606,100.0,100.0,nsl-kdd,3,5
MLP,clean,98.88844779674474,83.78281125014672,99.81034710889605,100.0,nsl-kdd,3,5
MLP,weighted,97.77689559348947,65.75566860484876,100.0,37.28813559322034,nsl-kdd,3,5
MLP,new,98.68995633187772,82.31177160892435,99.81034710889605,37.28813559322034,nsl-kdd,3,5
LR,old,98.96784438269154,82.02590374106575,100.0,100.0,nsl-kdd,3,6
LR,clean,98.92814608971814,75.37863527318596,99.84563136770608,100.0,nsl-kdd,3,6
LR,weighted,98.49146486701072,79.59961302881105,100.0,38.13559322033898,nsl-kdd,3,6
LR,new,98.45176657403731,73.20565060903238,99.84563136770608,38.13559322033898,nsl-kdd,3,6
MLP,old,98.53116315998413,80.31492202237189,100.0,100.0,nsl-kdd,3,6
MLP,clean,98.80905121079793,80.88216502855144,99.84563136770608,100.0,nsl-kdd,3,6
MLP,weighted,98.37236998809051,75.13970192685676,100.0,38.13559322033898,nsl-kdd,3,6
MLP,new,98.80905121079793,75.24984454868205,99.84563136770608,38.13559322033898,nsl-kdd,3,6
LR,old,99.40452560539896,91.70323258710351,100.0,100.0,nsl-kdd,3,7
LR,clean,99.32512901945216,84.96930030702637,99.81916817359856,100.0,nsl-kdd,3,7
LR,weighted,98.41206828106391,80.9115503659998,100.0,33.898305084745765,nsl-kdd,3,7
LR,new,98.41206828106391,80.9115503659998,99.81916817359856,33.898305084745765,nsl-kdd,3,7
MLP,old,99.20603414053197,84.90217411180623,100.0,100.0,nsl-kdd,3,7
MLP,clean,98.88844779674474,77.00977354877185,99.81916817359856,100.0,nsl-kdd,3,7
MLP,weighted,97.8959904724097,64.0294885580598,100.0,33.898305084745765,nsl-kdd,3,7
MLP,new,99.04724096863835,70.35183028326816,99.81916817359856,33.898305084745765,nsl-kdd,3,7
LR,old,98.80905121079793,76.63627225472764,100.0,100.0,nsl-kdd,3,8
LR,clean,98.92814608971814,76.9822876101528,99.83681030300357,100.0,nsl-kdd,3,8
LR,weighted,98.41206828106391,75.47374086641796,100.0,39.83050847457627,nsl-kdd,3,8
LR,new,98.33267169511711,68.87017099244903,99.83681030300357,39.83050847457627,nsl-kdd,3,8
MLP,old,99.20603414053197,77.92730537447228,100.0,100.0,nsl-kdd,3,8
MLP,clean,98.92814608971814,77.04572357575252,99.83681030300357,100.0,nsl-kdd,3,8
MLP,weighted,98.96784438269154,70.91467374404789,100.0,39.83050847457627,nsl-kdd,3,8
MLP,new,98.72965462485112,70.1857344413283,99.83681030300357,39.83050847457627,nsl-kdd,3,8
LR,old,98.84874950377134,90.38288099517065,100.0,100.0,nsl-kdd,3,9
LR,clean,98.80905121079793,90.28116951405173,99.83681030300357,100.0,nsl-kdd,3,9
LR,weighted,97.8959904724097,87.11802299157434,100.0,38.13559322033898,nsl-kdd,3,9
LR,new,97.93568876538309,87.4847688006518,99.83681030300357,38.13559322033898,nsl-kdd,3,9
MLP,old,99.00754267566495,90.88256310300962,100.0,100.0,nsl-kdd,3,9
MLP,clean,99.00754267566495,77.6441881260467,99.83681030300357,100.0,nsl-kdd,3,9
MLP,weighted,98.65025803890433,76.64318625754896,100.0,38.13559322033898,nsl-kdd,3,9
MLP,new,98.29297340214372,68.35113559893259,99.83681030300357,38.13559322033898,nsl-kdd,3,9
LR,old,99.28571428571429,89.5088212870299,100.0,100.0,nsl-kdd,4,0
LR,clean,99.24603174603175,88.55766120255619,99.85885673959068,100.0,nsl-kdd,4,0
LR,weighted,98.76984126984128,82.93195689729423,100.0,36.440677966101696,nsl-kdd,4,0
LR,new,98.88888888888889,82.79174767583145,99.85885673959068,36.440677966101696,nsl-kdd,4,0
MLP,old,98.73015873015873,72.83862389794824,100.0,100.0,nsl-kdd,4,0
MLP,clean,99.12698412698413,87.25197816304654,99.85885673959068,100.0,nsl-kdd,4,0
MLP,weighted,99.04761904761905,76.39502232384636,100.0,36.440677966101696,nsl-kdd,4,0
MLP,new,99.04761904761905,75.48738133290978,99.85885673959068,36.440677966101696,nsl-kdd,4,0
LR,old,99.0873015873016,77.444098182946,100.0,100.0,nsl-kdd,4,1
LR,clean,99.04761904761905,77.39509295914854,99.8544460127029,100.0,nsl-kdd,4,1
LR,weighted,98.33333333333333,74.36598766312963,100.0,39.83050847457627,nsl-kdd,4,1
LR,new,98.33333333333333,74.36598766312963,99.8544460127029,39.83050847457627,nsl-kdd,4,1
MLP,old,99.20634920634922,77.98291190439984,100.0,100.0,nsl-kdd,4,1
MLP,clean,98.80952380952381,76.3757557310104,99.8544460127029,100.0,nsl-kdd,4,1
MLP,weighted,98.88888888888889,76.70450600179414,100.0,39.83050847457627,nsl-kdd,4,1
MLP,new,97.42063492063492,59.93628950467947,99.8544460127029,39.83050847457627,nsl-kdd,4,1
LR,old,99.36482731242556,92.06160427569333,100.0,100.0,nsl-kdd,4,2
LR,clean,99.32512901945216,91.95322025209501,99.85886296475984,100.0,nsl-kdd,4,2
LR,weighted,98.37236998809051,80.80043326185032,100.0,36.440677966101696,nsl-kdd,4,2
LR,new,98.41206828106391,81.00641398899864,99.85886296475984,36.440677966101696,nsl-kdd,4,2
MLP,old,99.64271536323938,92.4429154732006,100.0,100.0,nsl-kdd,4,2
MLP,clean,99.08693926161175,78.09727263605694,99.85886296475984,100.0,nsl-kdd,4,2
MLP,weighted,98.96784438269154,83.41636341735014,100.0,36.440677966101696,nsl-kdd,4,2
MLP,new,99.04724096863835,83.85915649485163,99.85886296475984,36.440677966101696,nsl-kdd,4,2
LR,old,98.92814608971814,83.83107478697407,100.0,100.0,nsl-kdd,4,3
LR,clean,98.80905121079793,83.7782767526685,99.85445243240859,100.0,nsl-kdd,4,3
LR,weighted,97.81659388646288,78.94689404663923,100.0,34.74576271186441,nsl-kdd,4,3
LR,new,97.81659388646288,78.94689404663923,99.85445243240859,34.74576271186441,nsl-kdd,4,3
MLP,old,98.92814608971814,83.30611650257424,100.0,100.0,nsl-kdd,4,3
MLP,clean,98.84874950377134,83.06820137557229,99.85445243240859,100.0,nsl-kdd,4,3
MLP,weighted,98.68995633187772,83.6246243622372,100.0,34.74576271186441,nsl-kdd,4,3
MLP,new,98.72965462485112,83.46062277235113,99.85445243240859,34.74576271186441,nsl-kdd,4,3
LR,old,98.96784438269154,84.95498828751693,100.0,100.0,nsl-kdd,4,4
LR,clean,99.00754267566495,84.06851485882896,99.83239977065232,100.0,nsl-kdd,4,4
LR,weighted,98.45176657403731,82.763075919232,100.0,40.67796610169491,nsl-kdd,4,4
LR,new,98.45176657403731,82.68230496783055,99.83239977065232,40.67796610169491,nsl-kdd,4,4
MLP,old,99.12663755458514,91.10892256518663,100.0,100.0,nsl-kdd,4,4
MLP,clean,98.96784438269154,83.62033289372236,99.83239977065232,100.0,nsl-kdd,4,4
MLP,weighted,98.92814608971814,84.21691640222761,100.0,40.67796610169491,nsl-kdd,4,4
MLP,new,98.61055974593093,83.28561658056451,99.83239977065232,40.67796610169491,nsl-kdd,4,4
LR,old,99.12663755458514,91.11507664372415,100.0,100.0,nsl-kdd,4,5
LR,clean,99.04724096863835,83.3798930341496,99.81916817359856,100.0,nsl-kdd,4,5
LR,weighted,98.29297340214372,78.96817614760211,100.0,34.74576271186441,nsl-kdd,4,5
LR,new,98.33267169511711,78.7657921160165,99.81916817359856,34.74576271186441,nsl-kdd,4,5
MLP,old,98.80905121079793,78.81835500484581,100.0,100.0,nsl-kdd,4,5
MLP,clean,98.96784438269154,76.96922466411492,99.81916817359856,100.0,nsl-kdd,4,5
MLP,weighted,97.8959904724097,62.56379294210716,100.0,34.74576271186441,nsl-kdd,4,5
MLP,new,98.33267169511711,62.35549646517809,99.81916817359856,34.74576271186441,nsl-kdd,4,5
LR,old,99.36482731242556,86.11453691117386,100.0,100.0,nsl-kdd,4,6
LR,clean,99.32512901945216,84.85833593388617,99.80593657654478,100.0,nsl-kdd,4,6
LR,weighted,98.96784438269154,83.65460926172277,100.0,38.13559322033898,nsl-kdd,4,6
LR,new,99.00754267566495,83.79069815090766,99.80593657654478,38.13559322033898,nsl-kdd,4,6
MLP,old,99.16633584755856,90.27992590334306,100.0,100.0,nsl-kdd,4,6
MLP,clean,99.12663755458514,84.38717938076398,99.80593657654478,100.0,nsl-kdd,4,6
MLP,weighted,99.24573243350537,77.65986505302655,100.0,38.13559322033898,nsl-kdd,4,6
MLP,new,99.40452560539896,78.7191736491678,99.80593657654478,38.13559322033898,nsl-kdd,4,6
LR,old,99.04724096863835,83.83994044474707,100.0,100.0,nsl-kdd,4,7
LR,clean,99.00754267566495,77.32257641743624,99.82357870594981,100.0,nsl-kdd,4,7
LR,weighted,98.1341802302501,67.70817492654582,100.0,38.13559322033898,nsl-kdd,4,7
LR,new,98.2135768161969,68.10069879751968,99.82357870594981,38.13559322033898,nsl-kdd,4,7
MLP,old,98.80905121079793,76.90843542782403,100.0,100.0,nsl-kdd,4,7
MLP,clean,98.76935291782453,77.03324558060038,99.82357870594981,100.0,nsl-kdd,4,7
MLP,weighted,98.57086145295753,69.08944415060195,100.0,38.13559322033898,nsl-kdd,4,7
MLP,new,98.61055974593093,69.29055708377958,99.82357870594981,38.13559322033898,nsl-kdd,4,7
LR,old,99.00754267566495,77.55790555091005,100.0,100.0,nsl-kdd,4,8
LR,clean,98.92814608971814,77.0547295228288,99.85886296475984,100.0,nsl-kdd,4,8
LR,weighted,98.2135768161969,70.10042950264601,100.0,38.13559322033898,nsl-kdd,4,8
LR,new,98.2135768161969,74.64333925185377,99.85886296475984,38.13559322033898,nsl-kdd,4,8
MLP,old,99.20603414053197,84.34790014144387,100.0,100.0,nsl-kdd,4,8
MLP,clean,98.49146486701072,76.15918848770293,99.85886296475984,100.0,nsl-kdd,4,8
MLP,weighted,98.84874950377134,76.9916474466968,100.0,38.13559322033898,nsl-kdd,4,8
MLP,new,98.76935291782453,76.94115432880942,99.85886296475984,38.13559322033898,nsl-kdd,4,8
LR,old,98.84874950377134,89.61588206440652,100.0,100.0,nsl-kdd,4,9
LR,clean,98.84874950377134,89.38813176298677,99.82798923830106,100.0,nsl-kdd,4,9
LR,weighted,97.57840412862247,82.15887905803608,100.0,31.35593220338983,nsl-kdd,4,9
LR,new,97.53870583564907,82.27187636835222,99.82798923830106,31.35593220338983,nsl-kdd,4,9
MLP,old,98.76935291782453,76.37535591809238,100.0,100.0,nsl-kdd,4,9
MLP,clean,97.69749900754267,70.32971590527295,99.82798923830106,100.0,nsl-kdd,4,9
MLP,weighted,98.0944819372767,60.84831679572308,100.0,31.35593220338983,nsl-kdd,4,9
MLP,new,98.65025803890433,85.44083253300391,99.82798923830106,31.35593220338983,nsl-kdd,4,9
