arm,kind,rate,handling,fold_seed,tp,fp,fn,tn,precision,recall,f1,auroc,flagged_pct,false_positive_rate,true_noise_pct,post_noise_pct,corrected,newly_wrong,rows_after,rescued_by_floor,dataset,seed,fold
none,symmetric,0.0,relabel,0,0,0,0,135,,,,,0.0,0.0,0.0,0.0,0,0,135,0,iris,0,0
NB hard_vote,symmetric,0.0,relabel,0,0,7,0,128,0.0,,0.0,,5.185185185185185,0.05185185185185185,0.0,5.185185185185185,0,7,135,0,iris,0,0
DT hard_vote,symmetric,0.0,relabel,0,0,8,0,127,0.0,,0.0,,5.9259259259259265,0.05925925925925926,0.0,5.925925925925926,0,8,135,0,iris,0,0
NB threshold,symmetric,0.0,relabel,0,0,3,0,132,0.0,,0.0,,2.2222222222222223,0.022222222222222223,0.0,2.2222222222222223,0,3,135,0,iris,0,0
DT threshold,symmetric,0.0,relabel,0,0,8,0,127,0.0,,0.0,,5.9259259259259265,0.05925925925925926,0.0,5.925925925925926,0,8,135,0,iris,0,0
committee consensus,symmetric,0.0,relabel,0,0,5,0,130,0.0,,0.0,,3.7037037037037033,0.037037037037037035,0.0,3.7037037037037037,0,5,135,0,iris,0,0
dual agreement,symmetric,0.0,relabel,0,0,2,0,133,0.0,,0.0,,1.4814814814814816,0.014814814814814815,0.0,1.4814814814814814,0,2,135,0,iris,0,0
none,symmetric,0.0,relabel,1,0,0,0,135,,,,,0.0,0.0,0.0,0.0,0,0,135,0,iris,0,1
NB hard_vote,symmetric,0.0,relabel,1,0,6,0,129,0.0,,0.0,,4.444444444444445,0.044444444444444446,0.0,4.444444444444445,0,6,135,0,iris,0,1
DT hard_vote,symmetric,0.0,relabel,1,0,7,0,128,0.0,,0.0,,5.185185185185185,0.05185185185185185,0.0,5.185185185185185,0,7,135,0,iris,0,1
NB threshold,symmetric,0.0,relabel,1,0,1,0,134,0.0,,0.0,,0.7407407407407408,0.007407407407407408,0.0,0.7407407407407407,0,1,135,0,iris,0,1
DT threshold,symmetric,0.0,relabel,1,0,7,0,128,0.0,,0.0,,5.185185185185185,0.05185185185185185,0.0,5.185185185185185,0,7,135,0,iris,0,1
committee consensus,symmetric,0.0,relabel,1,0,4,0,131,0.0,,0.0,,2.9629629629629632,0.02962962962962963,0.0,2.962962962962963,0,4,135,0,iris,0,1
dual agreement,symmetric,0.0,relabel,1,0,1,0,134,0.0,,0.0,,0.7407407407407408,0.007407407407407408,0.0,0.7407407407407407,0,1,135,0,iris,0,1
none,symmetric,0.0,relabel,2,0,0,0,135,,,,,0.0,0.0,0.0,0.0,0,0,135,0,iris,0,2
NB hard_vote,symmetric,0.0,relabel,2,0,7,0,128,0.0,,0.0,,5.185185185185185,0.05185185185185185,0.0,5.185185185185185,0,7,135,0,iris,0,2
DT hard_vote,symmetric,0.0,relabel,2,0,7,0,128,0.0,,0.0,,5.185185185185185,0.05185185185185185,0.0,5.185185185185185,0,7,135,0,iris,0,2
NB threshold,symmetric,0.0,relabel,2,0,2,0,133,0.0,,0.0,,1.4814814814814816,0.014814814814814815,0.0,1.4814814814814814,0,2,135,0,iris,0,2
DT threshold,symmetric,0.0,relabel,2,0,7,0,128,0.0,,0.0,,5.185185185185185,0.05185185185185185,0.0,5.185185185185185,0,7,135,0,iris,0,2
committee consensus,symmetric,0.0,relabel,2,0,5,0,130,0.0,,0.0,,3.7037037037037033,0.037037037037037035,0.0,3.7037037037037037,0,5,135,0,iris,0,2
dual agreement,symmetric,0.0,relabel,2,0,2,0,133,0.0,,0.0,,1.4814814814814816,0.014814814814814815,0.0,1.4814814814814814,0,2,135,0,iris,0,2
none,symmetric,0.0,relabel,3,0,0,0,135,,,,,0.0,0.0,0.0,0.0,0,0,135,0,iris,0,3
NB hard_vote,symmetric,0.0,relabel,3,0,7,0,128,0.0,,0.0,,5.185185185185185,0.05185185185185185,0.0,5.185185185185185,0,7,135,0,iris,0,3
DT hard_vote,symmetric,0.0,relabel,3,0,8,0,127,0.0,,0.0,,5.9259259259259265,0.05925925925925926,0.0,5.925925925925926,0,8,135,0,iris,0,3
NB threshold,symmetric,0.0,relabel,3,0,3,0,132,0.0,,0.0,,2.2222222222222223,0.022222222222222223,0.0,2.2222222222222223,0,3,135,0,iris,0,3
DT threshold,symmetric,0.0,relabel,3,0,8,0,127,0.0,,0.0,,5.9259259259259265,0.05925925925925926,0.0,5.925925925925926,0,8,135,0,iris,0,3
committee consensus,symmetric,0.0,relabel,3,0,5,0,130,0.0,,0.0,,3.7037037037037033,0.037037037037037035,0.0,3.7037037037037037,0,5,135,0,iris,0,3
dual agreement,symmetric,0.0,relabel,3,0,3,0,132,0.0,,0.0,,2.2222222222222223,0.022222222222222223,0.0,2.2222222222222223,0,3,135,0,iris,0,3
none,symmetric,0.0,relabel,4,0,0,0,135,,,,,0.0,0.0,0.0,0.0,0,0,135,0,iris,0,4
NB hard_vote,symmetric,0.0,relabel,4,0,7,0,128,0.0,,0.0,,5.185185185185185,0.05185185185185185,0.0,5.185185185185185,0,7,135,0,iris,0,4
DT hard_vote,symmetric,0.0,relabel,4,0,9,0,126,0.0,,0.0,,6.666666666666667,0.06666666666666667,0.0,6.666666666666667,0,9,135,0,iris,0,4
NB threshold,symmetric,0.0,relabel,4,0,3,0,132,0.0,,0.0,,2.2222222222222223,0.022222222222222223,0.0,2.2222222222222223,0,3,135,0,iris,0,4
DT threshold,symmetric,0.0,relabel,4,0,9,0,126,0.0,,0.0,,6.666666666666667,0.06666666666666667,0.0,6.666666666666667,0,9,135,0,iris,0,4
committee consensus,symmetric,0.0,relabel,4,0,7,0,128,0.0,,0.0,,5.185185185185185,0.05185185185185185,0.0,5.185185185185185,0,7,135,0,iris,0,4
dual agreement,symmetric,0.0,relabel,4,0,3,0,132,0.0,,0.0,,2.2222222222222223,0.022222222222222223,0.0,2.2222222222222223,0,3,135,0,iris,0,4
none,symmetric,0.0,relabel,5,0,0,0,135,,,,,0.0,0.0,0.0,0.0,0,0,135,0,iris,0,5
NB hard_vote,symmetric,0.0,relabel,5,0,7,0,128,0.0,,0.0,,5.185185185185185,0.05185185185185185,0.0,5.185185185185185,0,7,135,0,iris,0,5
DT hard_vote,symmetric,0.0,relabel,5,0,8,0,127,0.0,,0.0,,5.9259259259259265,0.05925925925925926,0.0,5.925925925925926,0,8,135,0,iris,0,5
NB threshold,symmetric,0.0,relabel,5,0,3,0,132,0.0,,0.0,,2.2222222222222223,0.022222222222222223,0.0,2.2222222222222223,0,3,135,0,iris,0,5
DT threshold,symmetric,0.0,relabel,5,0,8,0,127,0.0,,0.0,,5.9259259259259265,0.05925925925925926,0.0,5.925925925925926,0,8,135,0,iris,0,5
committee consensus,symmetric,0.0,relabel,5,0,5,0,130,0.0,,0.0,,3.7037037037037033,0.037037037037037035,0.0,3.7037037037037037,0,5,135,0,iris,0,5
dual agreement,symmetric,0.0,relabel,5,0,3,0,132,0.0,,0.0,,2.2222222222222223,0.022222222222222223,0.0,2.2222222222222223,0,3,135,0,iris,0,5
none,symmetric,0.0,relabel,6,0,0,0,135,,,,,0.0,0.0,0.0,0.0,0,0,135,0,iris,0,6
NB hard_vote,symmetric,0.0,relabel,6,0,5,0,130,0.0,,0.0,,3.7037037037037033,0.037037037037037035,0.0,3.7037037037037037,0,5,135,0,iris,0,6
DT hard_vote,symmetric,0.0,relabel,6,0,10,0,125,0.0,,0.0,,7.4074074074074066,0.07407407407407407,0.0,7.407407407407407,0,10,135,0,iris,0,6
NB threshold,symmetric,0.0,relabel,6,0,3,0,132,0.0,,0.0,,2.2222222222222223,0.022222222222222223,0.0,2.2222222222222223,0,3,135,0,iris,0,6
DT threshold,symmetric,0.0,relabel,6,0,10,0,125,0.0,,0.0,,7.4074074074074066,0.07407407407407407,0.0,7.407407407407407,0,10,135,0,iris,0,6
committee consensus,symmetric,0.0,relabel,6,0,4,0,131,0.0,,0.0,,2.9629629629629632,0.02962962962962963,0.0,2.962962962962963,0,4,135,0,iris,0,6
dual agreement,symmetric,0.0,relabel,6,0,3,0,132,0.0,,0.0,,2.2222222222222223,0.022222222222222223,0.0,2.2222222222222223,0,3,135,0,iris,0,6
none,symmetric,0.0,relabel,7,0,0,0,135,,,,,0.0,0.0,0.0,0.0,0,0,135,0,iris,0,7
NB hard_vote,symmetric,0.0,relabel,7,0,6,0,129,0.0,,0.0,,4.444444444444445,0.044444444444444446,0.0,4.444444444444445,0,6,135,0,iris,0,7
DT hard_vote,symmetric,0.0,relabel,7,0,9,0,126,0.0,,0.0,,6.666666666666667,0.06666666666666667,0.0,6.666666666666667,0,9,135,0,iris,0,7
NB threshold,symmetric,0.0,relabel,7,0,3,0,132,0.0,,0.0,,2.2222222222222223,0.022222222222222223,0.0,2.2222222222222223,0,3,135,0,iris,0,7
DT threshold,symmetric,0.0,relabel,7,0,9,0,126,0.0,,0.0,,6.666666666666667,0.06666666666666667,0.0,6.666666666666667,0,9,135,0,iris,0,7
committee consensus,symmetric,0.0,relabel,7,0,5,0,130,0.0,,0.0,,3.7037037037037033,0.037037037037037035,0.0,3.7037037037037037,0,5,135,0,iris,0,7
dual agreement,symmetric,0.0,relabel,7,0,3,0,132,0.0,,0.0,,2.2222222222222223,0.022222222222222223,0.0,2.2222222222222223,0,3,135,0,iris,0,7
none,symmetric,0.0,relabel,8,0,0,0,135,,,,,0.0,0.0,0.0,0.0,0,0,135,0,iris,0,8
NB hard_vote,symmetric,0.0,relabel,8,0,4,0,131,0.0,,0.0,,2.9629629629629632,0.02962962962962963,0.0,2.962962962962963,0,4,135,0,iris,0,8
DT hard_vote,symmetric,0.0,relabel,8,0,6,0,129,0.0,,0.0,,4.444444444444445,0.044444444444444446,0.0,4.444444444444445,0,6,135,0,iris,0,8
NB threshold,symmetric,0.0,relabel,8,0,1,0,134,0.0,,0.0,,0.7407407407407408,0.007407407407407408,0.0,0.7407407407407407,0,1,135,0,iris,0,8
DT threshold,symmetric,0.0,relabel,8,0,6,0,129,0.0,,0.0,,4.444444444444445,0.044444444444444446,0.0,4.444444444444445,0,6,135,0,iris,0,8
committee consensus,symmetric,0.0,relabel,8,0,2,0,133,0.0,,0.0,,1.4814814814814816,0.014814814814814815,0.0,1.4814814814814814,0,2,135,0,iris,0,8
dual agreement,symmetric,0.0,relabel,8,0,1,0,134,0.0,,0.0,,0.7407407407407408,0.007407407407407408,0.0,0.7407407407407407,0,1,135,0,iris,0,8
none,symmetric,0.0,relabel,9,0,0,0,135,,,,,0.0,0.0,0.0,0.0,0,0,135,0,iris,0,9
NB hard_vote,symmetric,0.0,relabel,9,0,6,0,129,0.0,,0.0,,4.444444444444445,0.044444444444444446,0.0,4.444444444444445,0,6,135,0,iris,0,9
DT hard_vote,symmetric,0.0,relabel,9,0,5,0,130,0.0,,0.0,,3.7037037037037033,0.037037037037037035,0.0,3.7037037037037037,0,5,135,0,iris,0,9
NB threshold,symmetric,0.0,relabel,9,0,3,0,132,0.0,,0.0,,2.2222222222222223,0.022222222222222223,0.0,2.2222222222222223,0,3,135,0,iris,0,9
DT threshold,symmetric,0.0,relabel,9,0,5,0,130,0.0,,0.0,,3.7037037037037033,0.037037037037037035,0.0,3.7037037037037037,0,5,135,0,iris,0,9
committee consensus,symmetric,0.0,relabel,9,0,4,0,131,0.0,,0.0,,2.9629629629629632,0.02962962962962963,0.0,2.962962962962963,0,4,135,0,iris,0,9
dual agreement,symmetric,0.0,relabel,9,0,2,0,133,0.0,,0.0,,1.4814814814814816,0.014814814814814815,0.0,1.4814814814814814,0,2,135,0,iris,0,9
none,symmetric,0.2,relabel,0,0,0,25,110,,0.0,0.0,,0.0,0.0,18.51851851851852,18.51851851851852,0,0,135,0,iris,0,0
NB hard_vote,symmetric,0.2,relabel,0,23,14,2,96,0.6216216216216216,0.92,0.7419354838709677,0.9676363636363636,27.40740740740741,0.12727272727272726,18.51851851851852,11.851851851851851,23,14,135,0,iris,0,0
DT hard_vote,symmetric,0.2,relabel,0,20,27,5,83,0.425531914893617,0.8,0.5555555555555556,0.7772727272727272,34.81481481481482,0.24545454545454545,18.51851851851852,24.444444444444443,19,27,135,0,iris,0,0
NB threshold,symmetric,0.2,relabel,0,19,5,6,105,0.7916666666666666,0.76,0.7755102040816326,0.9676363636363636,17.77777777777778,0.045454545454545456,18.51851851851852,8.148148148148149,19,5,135,0,iris,0,0
DT threshold,symmetric,0.2,relabel,0,20,27,5,83,0.425531914893617,0.8,0.5555555555555556,0.7772727272727272,34.81481481481482,0.24545454545454545,18.51851851851852,24.444444444444443,19,27,135,0,iris,0,0
committee consensus,symmetric,0.2,relabel,0,20,7,5,103,0.7407407407407407,0.8,0.7692307692307693,0.9298181818181819,20.0,0.06363636363636363,18.51851851851852,9.62962962962963,19,7,135,0,iris,0,0
dual agreement,symmetric,0.2,relabel,0,16,2,9,108,0.8888888888888888,0.64,0.7441860465116279,0.9298181818181819,13.333333333333334,0.01818181818181818,18.51851851851852,8.148148148148149,16,2,135,0,iris,0,0
none,symmetric,0.2,relabel,1,0,0,23,112,,0.0,0.0,,0.0,0.0,17.037037037037038,17.037037037037038,0,0,135,0,iris,0,1
NB hard_vote,symmetric,0.2,relabel,1,22,16,1,96,0.5789473684210527,0.9565217391304348,0.7213114754098361,0.9910714285714286,28.14814814814815,0.14285714285714285,17.037037037037038,12.592592592592593,22,16,135,0,iris,0,1
DT hard_vote,symmetric,0.2,relabel,1,18,27,5,85,0.4,0.782608695652174,0.5294117647058824,0.7707686335403726,33.33333333333333,0.24107142857142858,17.037037037037038,24.444444444444443,17,27,135,0,iris,0,1
NB threshold,symmetric,0.2,relabel,1,21,4,2,108,0.84,0.9130434782608695,0.875,0.9910714285714286,18.51851851851852,0.03571428571428571,17.037037037037038,4.444444444444445,21,4,135,0,iris,0,1
DT threshold,symmetric,0.2,relabel,1,18,27,5,85,0.4,0.782608695652174,0.5294117647058824,0.7707686335403726,33.33333333333333,0.24107142857142858,17.037037037037038,24.444444444444443,17,27,135,0,iris,0,1
committee consensus,symmetric,0.2,relabel,1,17,4,6,108,0.8095238095238095,0.7391304347826086,0.7727272727272727,0.9452639751552795,15.555555555555555,0.03571428571428571,17.037037037037038,8.148148148148149,16,4,135,0,iris,0,1
dual agreement,symmetric,0.2,relabel,1,15,1,8,111,0.9375,0.6521739130434783,0.7692307692307693,0.9452639751552795,11.851851851851853,0.008928571428571428,17.037037037037038,6.666666666666667,15,1,135,0,iris,0,1
none,symmetric,0.2,relabel,2,0,0,29,106,,0.0,0.0,,0.0,0.0,21.48148148148148,21.48148148148148,0,0,135,0,iris,0,2
NB hard_vote,symmetric,0.2,relabel,2,29,6,0,100,0.8285714285714286,1.0,0.90625,0.996096291476903,25.925925925925924,0.05660377358490566,21.48148148148148,5.925925925925926,27,6,135,0,iris,0,2
DT hard_vote,symmetric,0.2,relabel,2,26,21,3,85,0.5531914893617021,0.896551724137931,0.6842105263157895,0.8492192582953806,34.81481481481482,0.19811320754716982,21.48148148148148,21.48148148148148,21,21,135,0,iris,0,2
NB threshold,symmetric,0.2,relabel,2,25,3,4,103,0.8928571428571429,0.8620689655172413,0.8771929824561403,0.996096291476903,20.74074074074074,0.02830188679245283,21.48148148148148,5.185185185185185,25,3,135,0,iris,0,2
DT threshold,symmetric,0.2,relabel,2,26,21,3,85,0.5531914893617021,0.896551724137931,0.6842105263157895,0.8492192582953806,34.81481481481482,0.19811320754716982,21.48148148148148,21.48148148148148,21,21,135,0,iris,0,2
committee consensus,symmetric,0.2,relabel,2,26,3,3,103,0.896551724137931,0.896551724137931,0.896551724137931,0.9769030579050098,21.48148148148148,0.02830188679245283,21.48148148148148,8.148148148148149,21,3,135,0,iris,0,2
dual agreement,symmetric,0.2,relabel,2,19,1,10,105,0.95,0.6551724137931034,0.7755102040816326,0.9769030579050098,14.814814814814813,0.009433962264150943,21.48148148148148,8.148148148148149,19,1,135,0,iris,0,2
none,symmetric,0.2,relabel,3,0,0,22,113,,0.0,0.0,,0.0,0.0,16.296296296296298,16.296296296296298,0,0,135,0,iris,0,3
NB hard_vote,symmetric,0.2,relabel,3,22,12,0,101,0.6470588235294118,1.0,0.7857142857142857,0.9931617055510862,25.185185185185183,0.10619469026548672,16.296296296296298,9.62962962962963,21,12,135,0,iris,0,3
DT hard_vote,symmetric,0.2,relabel,3,21,22,1,91,0.4883720930232558,0.9545454545454546,0.6461538461538462,0.8799275945293645,31.851851851851855,0.19469026548672566,16.296296296296298,19.25925925925926,18,22,135,0,iris,0,3
NB threshold,symmetric,0.2,relabel,3,20,3,2,110,0.8695652173913043,0.9090909090909091,0.8888888888888888,0.9931617055510862,17.037037037037038,0.02654867256637168,16.296296296296298,3.7037037037037037,20,3,135,0,iris,0,3
DT threshold,symmetric,0.2,relabel,3,21,22,1,91,0.4883720930232558,0.9545454545454546,0.6461538461538462,0.8799275945293645,31.851851851851855,0.19469026548672566,16.296296296296298,19.25925925925926,18,22,135,0,iris,0,3
committee consensus,symmetric,0.2,relabel,3,21,5,1,108,0.8076923076923077,0.9545454545454546,0.875,0.9867256637168142,19.25925925925926,0.04424778761061947,16.296296296296298,6.666666666666667,18,5,135,0,iris,0,3
dual agreement,symmetric,0.2,relabel,3,18,2,4,111,0.9,0.8181818181818182,0.8571428571428571,0.9867256637168142,14.814814814814813,0.017699115044247787,16.296296296296298,4.444444444444445,18,2,135,0,iris,0,3
none,symmetric,0.2,relabel,4,0,0,19,116,,0.0,0.0,,0.0,0.0,14.074074074074074,14.074074074074074,0,0,135,0,iris,0,4
NB hard_vote,symmetric,0.2,relabel,4,18,12,1,104,0.6,0.9473684210526315,0.7346938775510204,0.9836660617059891,22.22222222222222,0.10344827586206896,14.074074074074074,10.37037037037037,17,12,135,0,iris,0,4
DT hard_vote,symmetric,0.2,relabel,4,15,25,4,91,0.375,0.7894736842105263,0.5084745762711864,0.786978221415608,29.629629629629626,0.21551724137931033,14.074074074074074,22.22222222222222,14,25,135,0,iris,0,4
NB threshold,symmetric,0.2,relabel,4,16,5,3,111,0.7619047619047619,0.8421052631578947,0.8,0.9836660617059891,15.555555555555555,0.04310344827586207,14.074074074074074,5.925925925925926,16,5,135,0,iris,0,4
DT threshold,symmetric,0.2,relabel,4,15,25,4,91,0.375,0.7894736842105263,0.5084745762711864,0.786978221415608,29.629629629629626,0.21551724137931033,14.074074074074074,22.22222222222222,14,25,135,0,iris,0,4
committee consensus,symmetric,0.2,relabel,4,14,6,5,110,0.7,0.7368421052631579,0.717948717948718,0.9482758620689655,14.814814814814813,0.05172413793103448,14.074074074074074,8.88888888888889,13,6,135,0,iris,0,4
dual agreement,symmetric,0.2,relabel,4,12,4,7,112,0.75,0.631578947368421,0.6857142857142857,0.9482758620689655,11.851851851851853,0.034482758620689655,14.074074074074074,8.148148148148149,12,4,135,0,iris,0,4
none,symmetric,0.2,relabel,5,0,0,26,109,,0.0,0.0,,0.0,0.0,19.25925925925926,19.25925925925926,0,0,135,0,iris,0,5
NB hard_vote,symmetric,0.2,relabel,5,24,11,2,98,0.6857142857142857,0.9230769230769231,0.7868852459016393,0.9887085391672548,25.925925925925924,0.10091743119266056,19.25925925925926,11.11111111111111,22,11,135,0,iris,0,5
DT hard_vote,symmetric,0.2,relabel,5,25,21,1,88,0.5434782608695652,0.9615384615384616,0.6944444444444444,0.8844389555398731,34.074074074074076,0.1926605504587156,19.25925925925926,17.77777777777778,23,21,135,0,iris,0,5
NB threshold,symmetric,0.2,relabel,5,21,2,5,107,0.9130434782608695,0.8076923076923077,0.8571428571428571,0.9887085391672548,17.037037037037038,0.01834862385321101,19.25925925925926,6.666666666666667,19,2,135,0,iris,0,5
DT threshold,symmetric,0.2,relabel,5,25,21,1,88,0.5434782608695652,0.9615384615384616,0.6944444444444444,0.8844389555398731,34.074074074074076,0.1926605504587156,19.25925925925926,17.77777777777778,23,21,135,0,iris,0,5
committee consensus,symmetric,0.2,relabel,5,23,4,3,105,0.8518518518518519,0.8846153846153846,0.8679245283018868,0.9883556810162315,20.0,0.03669724770642202,19.25925925925926,6.666666666666667,21,4,135,0,iris,0,5
dual agreement,symmetric,0.2,relabel,5,19,0,7,109,1.0,0.7307692307692307,0.8444444444444444,0.9883556810162315,14.074074074074074,0.0,19.25925925925926,5.925925925925926,18,0,135,0,iris,0,5
none,symmetric,0.2,relabel,6,0,0,26,109,,0.0,0.0,,0.0,0.0,19.25925925925926,19.25925925925926,0,0,135,0,iris,0,6
NB hard_vote,symmetric,0.2,relabel,6,24,16,2,93,0.6,0.9230769230769231,0.7272727272727273,0.9721242060691603,29.629629629629626,0.14678899082568808,19.25925925925926,16.296296296296298,20,16,135,0,iris,0,6
DT hard_vote,symmetric,0.2,relabel,6,19,24,7,85,0.4418604651162791,0.7307692307692307,0.5507246376811594,0.7552928722653494,31.851851851851855,0.22018348623853212,19.25925925925926,23.703703703703702,18,24,135,0,iris,0,6
NB threshold,symmetric,0.2,relabel,6,23,13,3,96,0.6388888888888888,0.8846153846153846,0.7419354838709677,0.9721242060691603,26.666666666666668,0.11926605504587157,19.25925925925926,14.074074074074074,20,13,135,0,iris,0,6
DT threshold,symmetric,0.2,relabel,6,19,24,7,85,0.4418604651162791,0.7307692307692307,0.5507246376811594,0.7552928722653494,31.851851851851855,0.22018348623853212,19.25925925925926,23.703703703703702,18,24,135,0,iris,0,6
committee consensus,symmetric,0.2,relabel,6,19,6,7,103,0.76,0.7307692307692307,0.7450980392156863,0.9202540578687368,18.51851851851852,0.05504587155963303,19.25925925925926,10.37037037037037,18,6,135,0,iris,0,6
dual agreement,symmetric,0.2,relabel,6,16,3,10,106,0.8421052631578947,0.6153846153846154,0.7111111111111111,0.9202540578687368,14.074074074074074,0.027522935779816515,19.25925925925926,10.37037037037037,15,3,135,0,iris,0,6
none,symmetric,0.2,relabel,7,0,0,27,108,,0.0,0.0,,0.0,0.0,20.0,20.0,0,0,135,0,iris,0,7
NB hard_vote,symmetric,0.2,relabel,7,27,11,0,97,0.7105263157894737,1.0,0.8307692307692308,0.9897119341563786,28.14814814814815,0.10185185185185185,20.0,10.37037037037037,24,11,135,0,iris,0,7
DT hard_vote,symmetric,0.2,relabel,7,22,24,5,84,0.4782608695652174,0.8148148148148148,0.6027397260273972,0.8106995884773663,34.074074074074076,0.2222222222222222,20.0,23.703703703703702,19,24,135,0,iris,0,7
NB threshold,symmetric,0.2,relabel,7,24,6,3,102,0.8,0.8888888888888888,0.8421052631578947,0.9897119341563786,22.22222222222222,0.05555555555555555,20.0,8.148148148148149,22,6,135,0,iris,0,7
DT threshold,symmetric,0.2,relabel,7,22,23,5,85,0.4888888888888889,0.8148148148148148,0.6111111111111112,0.8106995884773663,33.33333333333333,0.21296296296296297,20.0,22.962962962962962,19,23,135,0,iris,0,7
committee consensus,symmetric,0.2,relabel,7,22,8,5,100,0.7333333333333333,0.8148148148148148,0.7719298245614035,0.9567901234567902,22.22222222222222,0.07407407407407407,20.0,11.851851851851851,19,8,135,0,iris,0,7
dual agreement,symmetric,0.2,relabel,7,17,4,10,104,0.8095238095238095,0.6296296296296297,0.7083333333333334,0.9567901234567902,15.555555555555555,0.037037037037037035,20.0,11.11111111111111,16,4,135,0,iris,0,7
none,symmetric,0.2,relabel,8,0,0,27,108,,0.0,0.0,,0.0,0.0,20.0,20.0,0,0,135,0,iris,0,8
NB hard_vote,symmetric,0.2,relabel,8,25,13,2,95,0.6578947368421053,0.9259259259259259,0.7692307692307693,0.9825102880658436,28.14814814814815,0.12037037037037036,20.0,11.11111111111111,25,13,135,0,iris,0,8
DT hard_vote,symmetric,0.2,relabel,8,23,23,4,85,0.5,0.8518518518518519,0.6301369863013698,0.8194444444444444,34.074074074074076,0.21296296296296297,20.0,22.22222222222222,20,23,135,0,iris,0,8
NB threshold,symmetric,0.2,relabel,8,23,4,4,104,0.8518518518518519,0.8518518518518519,0.8518518518518519,0.9825102880658436,20.0,0.037037037037037035,20.0,5.925925925925926,23,4,135,0,iris,0,8
DT threshold,symmetric,0.2,relabel,8,23,23,4,85,0.5,0.8518518518518519,0.6301369863013698,0.8194444444444444,34.074074074074076,0.21296296296296297,20.0,22.22222222222222,20,23,135,0,iris,0,8
committee consensus,symmetric,0.2,relabel,8,21,6,6,102,0.7777777777777778,0.7777777777777778,0.7777777777777778,0.9612482853223594,20.0,0.05555555555555555,20.0,11.11111111111111,18,6,135,0,iris,0,8
dual agreement,symmetric,0.2,relabel,8,16,2,11,106,0.8888888888888888,0.5925925925925926,0.7111111111111111,0.9612482853223594,13.333333333333334,0.018518518518518517,20.0,9.62962962962963,16,2,135,0,iris,0,8
none,symmetric,0.2,relabel,9,0,0,24,111,,0.0,0.0,,0.0,0.0,17.77777777777778,17.77777777777778,0,0,135,0,iris,0,9
NB hard_vote,symmetric,0.2,relabel,9,23,7,1,104,0.7666666666666667,0.9583333333333334,0.8518518518518519,0.9906156156156156,22.22222222222222,0.06306306306306306,17.77777777777778,8.148148148148149,20,7,135,0,iris,0,9
DT hard_vote,symmetric,0.2,relabel,9,21,26,3,85,0.44680851063829785,0.875,0.5915492957746479,0.8203828828828829,34.81481481481482,0.23423423423423423,17.77777777777778,23.703703703703702,18,26,135,0,iris,0,9
NB threshold,symmetric,0.2,relabel,9,20,3,4,108,0.8695652173913043,0.8333333333333334,0.851063829787234,0.9906156156156156,17.037037037037038,0.02702702702702703,17.77777777777778,6.666666666666667,18,3,135,0,iris,0,9
DT threshold,symmetric,0.2,relabel,9,21,26,3,85,0.44680851063829785,0.875,0.5915492957746479,0.8203828828828829,34.81481481481482,0.23423423423423423,17.77777777777778,23.703703703703702,18,26,135,0,iris,0,9
committee consensus,symmetric,0.2,relabel,9,20,2,4,109,0.9090909090909091,0.8333333333333334,0.8695652173913043,0.9680930930930931,16.296296296296298,0.018018018018018018,17.77777777777778,6.666666666666667,17,2,135,0,iris,0,9
dual agreement,symmetric,0.2,relabel,9,16,1,8,110,0.9411764705882353,0.6666666666666666,0.7804878048780488,0.9680930930930931,12.592592592592592,0.009009009009009009,17.77777777777778,8.148148148148149,14,1,135,0,iris,0,9
none,pairflip,0.0,relabel,0,0,0,0,135,,,,,0.0,0.0,0.0,0.0,0,0,135,0,iris,0,0
NB hard_vote,pairflip,0.0,relabel,0,0,7,0,128,0.0,,0.0,,5.185185185185185,0.05185185185185185,0.0,5.185185185185185,0,7,135,0,iris,0,0
DT hard_vote,pairflip,0.0,relabel,0,0,8,0,127,0.0,,0.0,,5.9259259259259265,0.05925925925925926,0.0,5.925925925925926,0,8,135,0,iris,0,0
NB threshold,pairflip,0.0,relabel,0,0,3,0,132,0.0,,0.0,,2.2222222222222223,0.022222222222222223,0.0,2.2222222222222223,0,3,135,0,iris,0,0
DT threshold,pairflip,0.0,relabel,0,0,8,0,127,0.0,,0.0,,5.9259259259259265,0.05925925925925926,0.0,5.925925925925926,0,8,135,0,iris,0,0
committee consensus,pairflip,0.0,relabel,0,0,5,0,130,0.0,,0.0,,3.7037037037037033,0.037037037037037035,0.0,3.7037037037037037,0,5,135,0,iris,0,0
dual agreement,pairflip,0.0,relabel,0,0,2,0,133,0.0,,0.0,,1.4814814814814816,0.014814814814814815,0.0,1.4814814814814814,0,2,135,0,iris,0,0
none,pairflip,0.0,relabel,1,0,0,0,135,,,,,0.0,0.0,0.0,0.0,0,0,135,0,iris,0,1
NB hard_vote,pairflip,0.0,relabel,1,0,6,0,129,0.0,,0.0,,4.444444444444445,0.044444444444444446,0.0,4.444444444444445,0,6,135,0,iris,0,1
DT hard_vote,pairflip,0.0,relabel,1,0,7,0,128,0.0,,0.0,,5.185185185185185,0.05185185185185185,0.0,5.185185185185185,0,7,135,0,iris,0,1
NB threshold,pairflip,0.0,relabel,1,0,1,0,134,0.0,,0.0,,0.7407407407407408,0.007407407407407408,0.0,0.7407407407407407,0,1,135,0,iris,0,1
DT threshold,pairflip,0.0,relabel,1,0,7,0,128,0.0,,0.0,,5.185185185185185,0.05185185185185185,0.0,5.185185185185185,0,7,135,0,iris,0,1
committee consensus,pairflip,0.0,relabel,1,0,4,0,131,0.0,,0.0,,2.9629629629629632,0.02962962962962963,0.0,2.962962962962963,0,4,135,0,iris,0,1
dual agreement,pairflip,0.0,relabel,1,0,1,0,134,0.0,,0.0,,0.7407407407407408,0.007407407407407408,0.0,0.7407407407407407,0,1,135,0,iris,0,1
none,pairflip,0.0,relabel,2,0,0,0,135,,,,,0.0,0.0,0.0,0.0,0,0,135,0,iris,0,2
NB hard_vote,pairflip,0.0,relabel,2,0,7,0,128,0.0,,0.0,,5.185185185185185,0.05185185185185185,0.0,5.185185185185185,0,7,135,0,iris,0,2
DT hard_vote,pairflip,0.0,relabel,2,0,7,0,128,0.0,,0.0,,5.185185185185185,0.05185185185185185,0.0,5.185185185185185,0,7,135,0,iris,0,2
NB threshold,pairflip,0.0,relabel,2,0,2,0,133,0.0,,0.0,,1.4814814814814816,0.014814814814814815,0.0,1.4814814814814814,0,2,135,0,iris,0,2
DT threshold,pairflip,0.0,relabel,2,0,7,0,128,0.0,,0.0,,5.185185185185185,0.05185185185185185,0.0,5.185185185185185,0,7,135,0,iris,0,2
committee consensus,pairflip,0.0,relabel,2,0,5,0,130,0.0,,0.0,,3.7037037037037033,0.037037037037037035,0.0,3.7037037037037037,0,5,135,0,iris,0,2
dual agreement,pairflip,0.0,relabel,2,0,2,0,133,0.0,,0.0,,1.4814814814814816,0.014814814814814815,0.0,1.4814814814814814,0,2,135,0,iris,0,2
none,pairflip,0.0,relabel,3,0,0,0,135,,,,,0.0,0.0,0.0,0.0,0,0,135,0,iris,0,3
NB hard_vote,pairflip,0.0,relabel,3,0,7,0,128,0.0,,0.0,,5.185185185185185,0.05185185185185185,0.0,5.185185185185185,0,7,135,0,iris,0,3
DT hard_vote,pairflip,0.0,relabel,3,0,8,0,127,0.0,,0.0,,5.9259259259259265,0.05925925925925926,0.0,5.925925925925926,0,8,135,0,iris,0,3
NB threshold,pairflip,0.0,relabel,3,0,3,0,132,0.0,,0.0,,2.2222222222222223,0.022222222222222223,0.0,2.2222222222222223,0,3,135,0,iris,0,3
DT threshold,pairflip,0.0,relabel,3,0,8,0,127,0.0,,0.0,,5.9259259259259265,0.05925925925925926,0.0,5.925925925925926,0,8,135,0,iris,0,3
committee consensus,pairflip,0.0,relabel,3,0,5,0,130,0.0,,0.0,,3.7037037037037033,0.037037037037037035,0.0,3.7037037037037037,0,5,135,0,iris,0,3
dual agreement,pairflip,0.0,relabel,3,0,3,0,132,0.0,,0.0,,2.2222222222222223,0.022222222222222223,0.0,2.2222222222222223,0,3,135,0,iris,0,3
none,pairflip,0.0,relabel,4,0,0,0,135,,,,,0.0,0.0,0.0,0.0,0,0,135,0,iris,0,4
NB hard_vote,pairflip,0.0,relabel,4,0,7,0,128,0.0,,0.0,,5.185185185185185,0.05185185185185185,0.0,5.185185185185185,0,7,135,0,iris,0,4
DT hard_vote,pairflip,0.0,relabel,4,0,9,0,126,0.0,,0.0,,6.666666666666667,0.06666666666666667,0.0,6.666666666666667,0,9,135,0,iris,0,4
NB threshold,pairflip,0.0,relabel,4,0,3,0,132,0.0,,0.0,,2.2222222222222223,0.022222222222222223,0.0,2.2222222222222223,0,3,135,0,iris,0,4
DT threshold,pairflip,0.0,relabel,4,0,9,0,126,0.0,,0.0,,6.666666666666667,0.06666666666666667,0.0,6.666666666666667,0,9,135,0,iris,0,4
committee consensus,pairflip,0.0,relabel,4,0,7,0,128,0.0,,0.0,,5.185185185185185,0.05185185185185185,0.0,5.185185185185185,0,7,135,0,iris,0,4
dual agreement,pairflip,0.0,relabel,4,0,3,0,132,0.0,,0.0,,2.2222222222222223,0.022222222222222223,0.0,2.2222222222222223,0,3,135,0,iris,0,4
none,pairflip,0.0,relabel,5,0,0,0,135,,,,,0.0,0.0,0.0,0.0,0,0,135,0,iris,0,5
NB hard_vote,pairflip,0.0,relabel,5,0,7,0,128,0.0,,0.0,,5.185185185185185,0.05185185185185185,0.0,5.185185185185185,0,7,135,0,iris,0,5
DT hard_vote,pairflip,0.0,relabel,5,0,8,0,127,0.0,,0.0,,5.9259259259259265,0.05925925925925926,0.0,5.925925925925926,0,8,135,0,iris,0,5
NB threshold,pairflip,0.0,relabel,5,0,3,0,132,0.0,,0.0,,2.2222222222222223,0.022222222222222223,0.0,2.2222222222222223,0,3,135,0,iris,0,5
DT threshold,pairflip,0.0,relabel,5,0,8,0,127,0.0,,0.0,,5.9259259259259265,0.05925925925925926,0.0,5.925925925925926,0,8,135,0,iris,0,5
committee consensus,pairflip,0.0,relabel,5,0,5,0,130,0.0,,0.0,,3.7037037037037033,0.037037037037037035,0.0,3.7037037037037037,0,5,135,0,iris,0,5
dual agreement,pairflip,0.0,relabel,5,0,3,0,132,0.0,,0.0,,2.2222222222222223,0.022222222222222223,0.0,2.2222222222222223,0,3,135,0,iris,0,5
none,pairflip,0.0,relabel,6,0,0,0,135,,,,,0.0,0.0,0.0,0.0,0,0,135,0,iris,0,6
NB hard_vote,pairflip,0.0,relabel,6,0,5,0,130,0.0,,0.0,,3.7037037037037033,0.037037037037037035,0.0,3.7037037037037037,0,5,135,0,iris,0,6
DT hard_vote,pairflip,0.0,relabel,6,0,10,0,125,0.0,,0.0,,7.4074074074074066,0.07407407407407407,0.0,7.407407407407407,0,10,135,0,iris,0,6
NB threshold,pairflip,0.0,relabel,6,0,3,0,132,0.0,,0.0,,2.2222222222222223,0.022222222222222223,0.0,2.2222222222222223,0,3,135,0,iris,0,6
DT threshold,pairflip,0.0,relabel,6,0,10,0,125,0.0,,0.0,,7.4074074074074066,0.07407407407407407,0.0,7.407407407407407,0,10,135,0,iris,0,6
committee consensus,pairflip,0.0,relabel,6,0,4,0,131,0.0,,0.0,,2.9629629629629632,0.02962962962962963,0.0,2.962962962962963,0,4,135,0,iris,0,6
dual agreement,pairflip,0.0,relabel,6,0,3,0,132,0.0,,0.0,,2.2222222222222223,0.022222222222222223,0.0,2.2222222222222223,0,3,135,0,iris,0,6
none,pairflip,0.0,relabel,7,0,0,0,135,,,,,0.0,0.0,0.0,0.0,0,0,135,0,iris,0,7
NB hard_vote,pairflip,0.0,relabel,7,0,6,0,129,0.0,,0.0,,4.444444444444445,0.044444444444444446,0.0,4.444444444444445,0,6,135,0,iris,0,7
DT hard_vote,pairflip,0.0,relabel,7,0,9,0,126,0.0,,0.0,,6.666666666666667,0.06666666666666667,0.0,6.666666666666667,0,9,135,0,iris,0,7
NB threshold,pairflip,0.0,relabel,7,0,3,0,132,0.0,,0.0,,2.2222222222222223,0.022222222222222223,0.0,2.2222222222222223,0,3,135,0,iris,0,7
DT threshold,pairflip,0.0,relabel,7,0,9,0,126,0.0,,0.0,,6.666666666666667,0.06666666666666667,0.0,6.666666666666667,0,9,135,0,iris,0,7
committee consensus,pairflip,0.0,relabel,7,0,5,0,130,0.0,,0.0,,3.7037037037037033,0.037037037037037035,0.0,3.7037037037037037,0,5,135,0,iris,0,7
dual agreement,pairflip,0.0,relabel,7,0,3,0,132,0.0,,0.0,,2.2222222222222223,0.022222222222222223,0.0,2.2222222222222223,0,3,135,0,iris,0,7
none,pairflip,0.0,relabel,8,0,0,0,135,,,,,0.0,0.0,0.0,0.0,0,0,135,0,iris,0,8
NB hard_vote,pairflip,0.0,relabel,8,0,4,0,131,0.0,,0.0,,2.9629629629629632,0.02962962962962963,0.0,2.962962962962963,0,4,135,0,iris,0,8
DT hard_vote,pairflip,0.0,relabel,8,0,6,0,129,0.0,,0.0,,4.444444444444445,0.044444444444444446,0.0,4.444444444444445,0,6,135,0,iris,0,8
NB threshold,pairflip,0.0,relabel,8,0,1,0,134,0.0,,0.0,,0.7407407407407408,0.007407407407407408,0.0,0.7407407407407407,0,1,135,0,iris,0,8
DT threshold,pairflip,0.0,relabel,8,0,6,0,129,0.0,,0.0,,4.444444444444445,0.044444444444444446,0.0,4.444444444444445,0,6,135,0,iris,0,8
committee consensus,pairflip,0.0,relabel,8,0,2,0,133,0.0,,0.0,,1.4814814814814816,0.014814814814814815,0.0,1.4814814814814814,0,2,135,0,iris,0,8
dual agreement,pairflip,0.0,relabel,8,0,1,0,134,0.0,,0.0,,0.7407407407407408,0.007407407407407408,0.0,0.7407407407407407,0,1,135,0,iris,0,8
none,pairflip,0.0,relabel,9,0,0,0,135,,,,,0.0,0.0,0.0,0.0,0,0,135,0,iris,0,9
NB hard_vote,pairflip,0.0,relabel,9,0,6,0,129,0.0,,0.0,,4.444444444444445,0.044444444444444446,0.0,4.444444444444445,0,6,135,0,iris,0,9
DT hard_vote,pairflip,0.0,relabel,9,0,5,0,130,0.0,,0.0,,3.7037037037037033,0.037037037037037035,0.0,3.7037037037037037,0,5,135,0,iris,0,9
NB threshold,pairflip,0.0,relabel,9,0,3,0,132,0.0,,0.0,,2.2222222222222223,0.022222222222222223,0.0,2.2222222222222223,0,3,135,0,iris,0,9
DT threshold,pairflip,0.0,relabel,9,0,5,0,130,0.0,,0.0,,3.7037037037037033,0.037037037037037035,0.0,3.7037037037037037,0,5,135,0,iris,0,9
committee consensus,pairflip,0.0,relabel,9,0,4,0,131,0.0,,0.0,,2.9629629629629632,0.02962962962962963,0.0,2.962962962962963,0,4,135,0,iris,0,9
dual agreement,pairflip,0.0,relabel,9,0,2,0,133,0.0,,0.0,,1.4814814814814816,0.014814814814814815,0.0,1.4814814814814814,0,2,135,0,iris,0,9
none,pairflip,0.2,relabel,0,0,0,25,110,,0.0,0.0,,0.0,0.0,18.51851851851852,18.51851851851852,0,0,135,0,iris,0,0
NB hard_vote,pairflip,0.2,relabel,0,21,15,4,95,0.5833333333333334,0.84,0.6885245901639344,0.9632727272727273,26.666666666666668,0.13636363636363635,18.51851851851852,14.814814814814815,20,15,135,0,iris,0,0
DT hard_vote,pairflip,0.2,relabel,0,19,22,6,88,0.4634146341463415,0.76,0.5757575757575758,0.78,30.37037037037037,0.2,18.51851851851852,21.48148148148148,18,22,135,0,iris,0,0
NB threshold,pairflip,0.2,relabel,0,21,9,4,101,0.7,0.84,0.7636363636363637,0.9632727272727273,22.22222222222222,0.08181818181818182,18.51851851851852,10.37037037037037,20,9,135,0,iris,0,0
DT threshold,pairflip,0.2,relabel,0,19,22,6,88,0.4634146341463415,0.76,0.5757575757575758,0.78,30.37037037037037,0.2,18.51851851851852,21.48148148148148,18,22,135,0,iris,0,0
committee consensus,pairflip,0.2,relabel,0,16,6,9,104,0.7272727272727273,0.64,0.6808510638297872,0.9338181818181819,16.296296296296298,0.05454545454545454,18.51851851851852,11.851851851851851,15,6,135,0,iris,0,0
dual agreement,pairflip,0.2,relabel,0,14,5,11,105,0.7368421052631579,0.56,0.6363636363636364,0.9338181818181819,14.074074074074074,0.045454545454545456,18.51851851851852,11.851851851851851,14,5,135,0,iris,0,0
none,pairflip,0.2,relabel,1,0,0,23,112,,0.0,0.0,,0.0,0.0,17.037037037037038,17.037037037037038,0,0,135,0,iris,0,1
NB hard_vote,pairflip,0.2,relabel,1,22,15,1,97,0.5945945945945946,0.9565217391304348,0.7333333333333333,0.9883540372670807,27.40740740740741,0.13392857142857142,17.037037037037038,11.851851851851851,22,15,135,0,iris,0,1
DT hard_vote,pairflip,0.2,relabel,1,18,31,5,81,0.3673469387755102,0.782608695652174,0.5,0.7529114906832298,36.2962962962963,0.2767857142857143,17.037037037037038,27.40740740740741,17,31,135,0,iris,0,1
NB threshold,pairflip,0.2,relabel,1,22,7,1,105,0.7586206896551724,0.9565217391304348,0.8461538461538461,0.9883540372670807,21.48148148148148,0.0625,17.037037037037038,5.925925925925926,22,7,135,0,iris,0,1
DT threshold,pairflip,0.2,relabel,1,18,31,5,81,0.3673469387755102,0.782608695652174,0.5,0.7529114906832298,36.2962962962963,0.2767857142857143,17.037037037037038,27.40740740740741,17,31,135,0,iris,0,1
committee consensus,pairflip,0.2,relabel,1,17,7,6,105,0.7083333333333334,0.7391304347826086,0.723404255319149,0.9340062111801242,17.77777777777778,0.0625,17.037037037037038,10.37037037037037,16,7,135,0,iris,0,1
dual agreement,pairflip,0.2,relabel,1,16,3,7,109,0.8421052631578947,0.6956521739130435,0.7619047619047619,0.9340062111801242,14.074074074074074,0.026785714285714284,17.037037037037038,7.407407407407407,16,3,135,0,iris,0,1
none,pairflip,0.2,relabel,2,0,0,29,106,,0.0,0.0,,0.0,0.0,21.48148148148148,21.48148148148148,0,0,135,0,iris,0,2
NB hard_vote,pairflip,0.2,relabel,2,25,18,4,88,0.5813953488372093,0.8620689655172413,0.6944444444444444,0.9505530253741055,31.851851851851855,0.16981132075471697,21.48148148148148,16.296296296296298,25,18,135,0,iris,0,2
DT hard_vote,pairflip,0.2,relabel,2,21,20,8,86,0.5121951219512195,0.7241379310344828,0.6,0.767729342875732,30.37037037037037,0.18867924528301888,21.48148148148148,20.74074074074074,21,20,135,0,iris,0,2
NB threshold,pairflip,0.2,relabel,2,25,12,4,94,0.6756756756756757,0.8620689655172413,0.7575757575757576,0.9505530253741055,27.40740740740741,0.11320754716981132,21.48148148148148,11.851851851851851,25,12,135,0,iris,0,2
DT threshold,pairflip,0.2,relabel,2,21,20,8,86,0.5121951219512195,0.7241379310344828,0.6,0.767729342875732,30.37037037037037,0.18867924528301888,21.48148148148148,20.74074074074074,21,20,135,0,iris,0,2
committee consensus,pairflip,0.2,relabel,2,18,7,11,99,0.72,0.6206896551724138,0.6666666666666666,0.9255042290175668,18.51851851851852,0.0660377358490566,21.48148148148148,13.333333333333334,18,7,135,0,iris,0,2
dual agreement,pairflip,0.2,relabel,2,18,5,11,101,0.782608695652174,0.6206896551724138,0.6923076923076923,0.9255042290175668,17.037037037037038,0.04716981132075472,21.48148148148148,11.851851851851851,18,5,135,0,iris,0,2
none,pairflip,0.2,relabel,3,0,0,22,113,,0.0,0.0,,0.0,0.0,16.296296296296298,16.296296296296298,0,0,135,0,iris,0,3
NB hard_vote,pairflip,0.2,relabel,3,20,16,2,97,0.5555555555555556,0.9090909090909091,0.6896551724137931,0.9605792437650845,26.666666666666668,0.1415929203539823,16.296296296296298,13.333333333333334,20,16,135,0,iris,0,3
DT hard_vote,pairflip,0.2,relabel,3,20,20,2,93,0.5,0.9090909090909091,0.6451612903225806,0.8660498793242156,29.629629629629626,0.17699115044247787,16.296296296296298,16.296296296296298,20,20,135,0,iris,0,3
NB threshold,pairflip,0.2,relabel,3,20,8,2,105,0.7142857142857143,0.9090909090909091,0.8,0.9605792437650845,20.74074074074074,0.07079646017699115,16.296296296296298,7.407407407407407,20,8,135,0,iris,0,3
DT threshold,pairflip,0.2,relabel,3,20,20,2,93,0.5,0.9090909090909091,0.6451612903225806,0.8660498793242156,29.629629629629626,0.17699115044247787,16.296296296296298,16.296296296296298,20,20,135,0,iris,0,3
committee consensus,pairflip,0.2,relabel,3,19,5,3,108,0.7916666666666666,0.8636363636363636,0.8260869565217391,0.9658085277554304,17.77777777777778,0.04424778761061947,16.296296296296298,5.925925925925926,19,5,135,0,iris,0,3
dual agreement,pairflip,0.2,relabel,3,19,3,3,110,0.8636363636363636,0.8636363636363636,0.8636363636363636,0.9658085277554304,16.296296296296298,0.02654867256637168,16.296296296296298,4.444444444444445,19,3,135,0,iris,0,3
none,pairflip,0.2,relabel,4,0,0,19,116,,0.0,0.0,,0.0,0.0,14.074074074074074,14.074074074074074,0,0,135,0,iris,0,4
NB hard_vote,pairflip,0.2,relabel,4,17,11,2,105,0.6071428571428571,0.8947368421052632,0.723404255319149,0.9777676950998185,20.74074074074074,0.09482758620689655,14.074074074074074,9.62962962962963,17,11,135,0,iris,0,4
DT hard_vote,pairflip,0.2,relabel,4,16,22,3,94,0.42105263157894735,0.8421052631578947,0.5614035087719298,0.8262250453720508,28.14814814814815,0.1896551724137931,14.074074074074074,19.25925925925926,15,22,135,0,iris,0,4
NB threshold,pairflip,0.2,relabel,4,17,3,2,113,0.85,0.8947368421052632,0.8717948717948718,0.9777676950998185,14.814814814814813,0.02586206896551724,14.074074074074074,3.7037037037037037,17,3,135,0,iris,0,4
DT threshold,pairflip,0.2,relabel,4,16,22,3,94,0.42105263157894735,0.8421052631578947,0.5614035087719298,0.8262250453720508,28.14814814814815,0.1896551724137931,14.074074074074074,19.25925925925926,15,22,135,0,iris,0,4
committee consensus,pairflip,0.2,relabel,4,14,7,5,109,0.6666666666666666,0.7368421052631579,0.7,0.9596188747731397,15.555555555555555,0.0603448275862069,14.074074074074074,9.62962962962963,13,7,135,0,iris,0,4
dual agreement,pairflip,0.2,relabel,4,13,3,6,113,0.8125,0.6842105263157895,0.7428571428571429,0.9596188747731397,11.851851851851853,0.02586206896551724,14.074074074074074,6.666666666666667,13,3,135,0,iris,0,4
none,pairflip,0.2,relabel,5,0,0,26,109,,0.0,0.0,,0.0,0.0,19.25925925925926,19.25925925925926,0,0,135,0,iris,0,5
NB hard_vote,pairflip,0.2,relabel,5,23,10,3,99,0.696969696969697,0.8846153846153846,0.7796610169491526,0.9798870853916726,24.444444444444443,0.09174311926605505,19.25925925925926,10.37037037037037,22,10,135,0,iris,0,5
DT hard_vote,pairflip,0.2,relabel,5,20,20,6,89,0.5,0.7692307692307693,0.6060606060606061,0.7928722653493295,29.629629629629626,0.1834862385321101,19.25925925925926,19.25925925925926,20,20,135,0,iris,0,5
NB threshold,pairflip,0.2,relabel,5,23,4,3,105,0.8518518518518519,0.8846153846153846,0.8679245283018868,0.9798870853916726,20.0,0.03669724770642202,19.25925925925926,5.925925925925926,22,4,135,0,iris,0,5
DT threshold,pairflip,0.2,relabel,5,20,20,6,89,0.5,0.7692307692307693,0.6060606060606061,0.7928722653493295,29.629629629629626,0.1834862385321101,19.25925925925926,19.25925925925926,20,20,135,0,iris,0,5
committee consensus,pairflip,0.2,relabel,5,18,5,8,104,0.782608695652174,0.6923076923076923,0.7346938775510204,0.9449541284403671,17.037037037037038,0.045871559633027525,19.25925925925926,9.62962962962963,18,5,135,0,iris,0,5
dual agreement,pairflip,0.2,relabel,5,18,2,8,107,0.9,0.6923076923076923,0.782608695652174,0.9449541284403671,14.814814814814813,0.01834862385321101,19.25925925925926,7.407407407407407,18,2,135,0,iris,0,5
none,pairflip,0.2,relabel,6,0,0,26,109,,0.0,0.0,,0.0,0.0,19.25925925925926,19.25925925925926,0,0,135,0,iris,0,6
NB hard_vote,pairflip,0.2,relabel,6,24,8,2,101,0.75,0.9230769230769231,0.8275862068965517,0.9724770642201834,23.703703703703706,0.07339449541284404,19.25925925925926,8.88888888888889,22,8,135,0,iris,0,6
DT hard_vote,pairflip,0.2,relabel,6,17,26,9,83,0.3953488372093023,0.6538461538461539,0.4927536231884058,0.7076570218772053,31.851851851851855,0.23853211009174313,19.25925925925926,26.666666666666668,16,26,135,0,iris,0,6
NB threshold,pairflip,0.2,relabel,6,23,1,3,108,0.9583333333333334,0.8846153846153846,0.92,0.9724770642201834,17.77777777777778,0.009174311926605505,19.25925925925926,4.444444444444445,21,1,135,0,iris,0,6
DT threshold,pairflip,0.2,relabel,6,17,26,9,83,0.3953488372093023,0.6538461538461539,0.4927536231884058,0.7076570218772053,31.851851851851855,0.23853211009174313,19.25925925925926,26.666666666666668,16,26,135,0,iris,0,6
committee consensus,pairflip,0.2,relabel,6,15,2,11,107,0.8823529411764706,0.5769230769230769,0.6976744186046512,0.9064925899788284,12.592592592592592,0.01834862385321101,19.25925925925926,10.37037037037037,14,2,135,0,iris,0,6
dual agreement,pairflip,0.2,relabel,6,14,1,12,108,0.9333333333333333,0.5384615384615384,0.6829268292682927,0.9064925899788284,11.11111111111111,0.009174311926605505,19.25925925925926,10.37037037037037,13,1,135,0,iris,0,6
none,pairflip,0.2,relabel,7,0,0,27,108,,0.0,0.0,,0.0,0.0,20.0,20.0,0,0,135,0,iris,0,7
NB hard_vote,pairflip,0.2,relabel,7,23,14,4,94,0.6216216216216216,0.8518518518518519,0.71875,0.9670781893004115,27.40740740740741,0.12962962962962962,20.0,14.074074074074074,22,14,135,0,iris,0,7
DT hard_vote,pairflip,0.2,relabel,7,20,35,7,73,0.36363636363636365,0.7407407407407407,0.4878048780487805,0.7151920438957475,40.74074074074074,0.32407407407407407,20.0,32.592592592592595,18,35,135,0,iris,0,7
NB threshold,pairflip,0.2,relabel,7,23,5,4,103,0.8214285714285714,0.8518518518518519,0.8363636363636363,0.9670781893004115,20.74074074074074,0.046296296296296294,20.0,7.407407407407407,22,5,135,0,iris,0,7
DT threshold,pairflip,0.2,relabel,7,20,33,7,75,0.37735849056603776,0.7407407407407407,0.5,0.7151920438957475,39.25925925925926,0.3055555555555556,20.0,31.11111111111111,18,33,135,0,iris,0,7
committee consensus,pairflip,0.2,relabel,7,17,9,10,99,0.6538461538461539,0.6296296296296297,0.6415094339622641,0.9026063100137174,19.25925925925926,0.08333333333333333,20.0,15.555555555555555,15,9,135,0,iris,0,7
dual agreement,pairflip,0.2,relabel,7,14,2,13,106,0.875,0.5185185185185185,0.6511627906976745,0.9026063100137174,11.851851851851853,0.018518518518518517,20.0,11.11111111111111,14,2,135,0,iris,0,7
none,pairflip,0.2,relabel,8,0,0,27,108,,0.0,0.0,,0.0,0.0,20.0,20.0,0,0,135,0,iris,0,8
NB hard_vote,pairflip,0.2,relabel,8,25,13,2,95,0.6578947368421053,0.9259259259259259,0.7692307692307693,0.977366255144033,28.14814814814815,0.12037037037037036,20.0,11.11111111111111,25,13,135,0,iris,0,8
DT hard_vote,pairflip,0.2,relabel,8,17,18,10,90,0.4857142857142857,0.6296296296296297,0.5483870967741935,0.7314814814814816,25.925925925925924,0.16666666666666666,20.0,20.74074074074074,17,18,135,0,iris,0,8
NB threshold,pairflip,0.2,relabel,8,25,6,2,102,0.8064516129032258,0.9259259259259259,0.8620689655172413,0.977366255144033,22.962962962962962,0.05555555555555555,20.0,5.925925925925926,25,6,135,0,iris,0,8
DT threshold,pairflip,0.2,relabel,8,17,18,10,90,0.4857142857142857,0.6296296296296297,0.5483870967741935,0.7314814814814816,25.925925925925924,0.16666666666666666,20.0,20.74074074074074,17,18,135,0,iris,0,8
committee consensus,pairflip,0.2,relabel,8,16,4,11,104,0.8,0.5925925925925926,0.6808510638297872,0.9283264746227708,14.814814814814813,0.037037037037037035,20.0,11.11111111111111,16,4,135,0,iris,0,8
dual agreement,pairflip,0.2,relabel,8,16,2,11,106,0.8888888888888888,0.5925925925925926,0.7111111111111111,0.9283264746227708,13.333333333333334,0.018518518518518517,20.0,9.62962962962963,16,2,135,0,iris,0,8
none,pairflip,0.2,relabel,9,0,0,24,111,,0.0,0.0,,0.0,0.0,17.77777777777778,17.77777777777778,0,0,135,0,iris,0,9
NB hard_vote,pairflip,0.2,relabel,9,20,9,4,102,0.6896551724137931,0.8333333333333334,0.7547169811320755,0.9448198198198199,21.48148148148148,0.08108108108108109,17.77777777777778,10.37037037037037,19,9,135,0,iris,0,9
DT hard_vote,pairflip,0.2,relabel,9,22,26,2,85,0.4583333333333333,0.9166666666666666,0.6111111111111112,0.841216216216216,35.55555555555556,0.23423423423423423,17.77777777777778,21.48148148148148,21,26,135,0,iris,0,9
NB threshold,pairflip,0.2,relabel,9,19,4,5,107,0.8260869565217391,0.7916666666666666,0.8085106382978723,0.9448198198198199,17.037037037037038,0.036036036036036036,17.77777777777778,7.407407407407407,18,4,135,0,iris,0,9
DT threshold,pairflip,0.2,relabel,9,22,26,2,85,0.4583333333333333,0.9166666666666666,0.6111111111111112,0.841216216216216,35.55555555555556,0.23423423423423423,17.77777777777778,21.48148148148148,21,26,135,0,iris,0,9
committee consensus,pairflip,0.2,relabel,9,18,4,6,107,0.8181818181818182,0.75,0.782608695652174,0.9605855855855856,16.296296296296298,0.036036036036036036,17.77777777777778,7.407407407407407,18,4,135,0,iris,0,9
dual agreement,pairflip,0.2,relabel,9,16,2,8,109,0.8888888888888888,0.6666666666666666,0.7619047619047619,0.9605855855855856,13.333333333333334,0.018018018018018018,17.77777777777778,7.407407407407407,16,2,135,0,iris,0,9
none,symmetric,0.0,relabel,0,0,0,0,691,,,,,0.0,0.0,0.0,0.0,0,0,691,0,diabetes,0,0
NB hard_vote,symmetric,0.0,relabel,0,0,167,0,524,0.0,,0.0,,24.167872648335745,0.24167872648335745,0.0,24.167872648335745,0,167,691,0,diabetes,0,0
DT hard_vote,symmetric,0.0,relabel,0,0,195,0,496,0.0,,0.0,,28.21997105643994,0.2821997105643994,0.0,28.21997105643994,0,195,691,0,diabetes,0,0
NB threshold,symmetric,0.0,relabel,0,0,124,0,567,0.0,,0.0,,17.945007235890014,0.17945007235890015,0.0,17.945007235890014,0,124,691,0,diabetes,0,0
DT threshold,symmetric,0.0,relabel,0,0,195,0,496,0.0,,0.0,,28.21997105643994,0.2821997105643994,0.0,28.21997105643994,0,195,691,0,diabetes,0,0
committee consensus,symmetric,0.0,relabel,0,0,96,0,595,0.0,,0.0,,13.892908827785819,0.1389290882778582,0.0,13.892908827785817,0,96,691,0,diabetes,0,0
dual agreement,symmetric,0.0,relabel,0,0,71,0,620,0.0,,0.0,,10.274963820549928,0.10274963820549927,0.0,10.274963820549928,0,71,691,0,diabetes,0,0
none,symmetric,0.0,relabel,1,0,0,0,691,,,,,0.0,0.0,0.0,0.0,0,0,691,0,diabetes,0,1
NB hard_vote,symmetric,0.0,relabel,1,0,172,0,519,0.0,,0.0,,24.891461649782922,0.24891461649782923,0.0,24.891461649782922,0,172,691,0,diabetes,0,1
DT hard_vote,symmetric,0.0,relabel,1,0,205,0,486,0.0,,0.0,,29.667149059334296,0.29667149059334297,0.0,29.6671490593343,0,205,691,0,diabetes,0,1
NB threshold,symmetric,0.0,relabel,1,0,113,0,578,0.0,,0.0,,16.35311143270622,0.16353111432706222,0.0,16.35311143270622,0,113,691,0,diabetes,0,1
DT threshold,symmetric,0.0,relabel,1,0,205,0,486,0.0,,0.0,,29.667149059334296,0.29667149059334297,0.0,29.6671490593343,0,205,691,0,diabetes,0,1
committee consensus,symmetric,0.0,relabel,1,0,111,0,580,0.0,,0.0,,16.063675832127352,0.16063675832127353,0.0,16.063675832127352,0,111,691,0,diabetes,0,1
dual agreement,symmetric,0.0,relabel,1,0,76,0,615,0.0,,0.0,,10.998552821997105,0.10998552821997105,0.0,10.998552821997105,0,76,691,0,diabetes,0,1
none,symmetric,0.0,relabel,2,0,0,0,691,,,,,0.0,0.0,0.0,0.0,0,0,691,0,diabetes,0,2
NB hard_vote,symmetric,0.0,relabel,2,0,173,0,518,0.0,,0.0,,25.03617945007236,0.2503617945007236,0.0,25.03617945007236,0,173,691,0,diabetes,0,2
DT hard_vote,symmetric,0.0,relabel,2,0,212,0,479,0.0,,0.0,,30.68017366136035,0.3068017366136035,0.0,30.680173661360346,0,212,691,0,diabetes,0,2
NB threshold,symmetric,0.0,relabel,2,0,118,0,573,0.0,,0.0,,17.0767004341534,0.170767004341534,0.0,17.076700434153402,0,118,691,0,diabetes,0,2
DT threshold,symmetric,0.0,relabel,2,0,212,0,479,0.0,,0.0,,30.68017366136035,0.3068017366136035,0.0,30.680173661360346,0,212,691,0,diabetes,0,2
committee consensus,symmetric,0.0,relabel,2,0,107,0,584,0.0,,0.0,,15.48480463096961,0.1548480463096961,0.0,15.48480463096961,0,107,691,0,diabetes,0,2
dual agreement,symmetric,0.0,relabel,2,0,77,0,614,0.0,,0.0,,11.143270622286542,0.11143270622286541,0.0,11.143270622286542,0,77,691,0,diabetes,0,2
none,symmetric,0.0,relabel,3,0,0,0,691,,,,,0.0,0.0,0.0,0.0,0,0,691,0,diabetes,0,3
NB hard_vote,symmetric,0.0,relabel,3,0,167,0,524,0.0,,0.0,,24.167872648335745,0.24167872648335745,0.0,24.167872648335745,0,167,691,0,diabetes,0,3
DT hard_vote,symmetric,0.0,relabel,3,0,207,0,484,0.0,,0.0,,29.956584659913172,0.2995658465991317,0.0,29.95658465991317,0,207,691,0,diabetes,0,3
NB threshold,symmetric,0.0,relabel,3,0,104,0,587,0.0,,0.0,,15.050651230101304,0.15050651230101303,0.0,15.050651230101302,0,104,691,0,diabetes,0,3
DT threshold,symmetric,0.0,relabel,3,0,207,0,484,0.0,,0.0,,29.956584659913172,0.2995658465991317,0.0,29.95658465991317,0,207,691,0,diabetes,0,3
committee consensus,symmetric,0.0,relabel,3,0,102,0,589,0.0,,0.0,,14.76121562952243,0.1476121562952243,0.0,14.76121562952243,0,102,691,0,diabetes,0,3
dual agreement,symmetric,0.0,relabel,3,0,69,0,622,0.0,,0.0,,9.985528219971057,0.09985528219971057,0.0,9.985528219971057,0,69,691,0,diabetes,0,3
none,symmetric,0.0,relabel,4,0,0,0,691,,,,,0.0,0.0,0.0,0.0,0,0,691,0,diabetes,0,4
NB hard_vote,symmetric,0.0,relabel,4,0,169,0,522,0.0,,0.0,,24.457308248914618,0.24457308248914617,0.0,24.457308248914618,0,169,691,0,diabetes,0,4
DT hard_vote,symmetric,0.0,relabel,4,0,208,0,483,0.0,,0.0,,30.101302460202607,0.30101302460202606,0.0,30.101302460202604,0,208,691,0,diabetes,0,4
NB threshold,symmetric,0.0,relabel,4,0,120,0,571,0.0,,0.0,,17.36613603473227,0.1736613603473227,0.0,17.36613603473227,0,120,691,0,diabetes,0,4
DT threshold,symmetric,0.0,relabel,4,0,208,0,483,0.0,,0.0,,30.101302460202607,0.30101302460202606,0.0,30.101302460202604,0,208,691,0,diabetes,0,4
committee consensus,symmetric,0.0,relabel,4,0,108,0,583,0.0,,0.0,,15.629522431259044,0.15629522431259044,0.0,15.629522431259044,0,108,691,0,diabetes,0,4
dual agreement,symmetric,0.0,relabel,4,0,78,0,613,0.0,,0.0,,11.287988422575976,0.11287988422575977,0.0,11.287988422575976,0,78,691,0,diabetes,0,4
none,symmetric,0.0,relabel,5,0,0,0,691,,,,,0.0,0.0,0.0,0.0,0,0,691,0,diabetes,0,5
NB hard_vote,symmetric,0.0,relabel,5,0,175,0,516,0.0,,0.0,,25.32561505065123,0.2532561505065123,0.0,25.32561505065123,0,175,691,0,diabetes,0,5
DT hard_vote,symmetric,0.0,relabel,5,0,200,0,491,0.0,,0.0,,28.94356005788712,0.2894356005788712,0.0,28.94356005788712,0,200,691,0,diabetes,0,5
NB threshold,symmetric,0.0,relabel,5,0,113,0,578,0.0,,0.0,,16.35311143270622,0.16353111432706222,0.0,16.35311143270622,0,113,691,0,diabetes,0,5
DT threshold,symmetric,0.0,relabel,5,0,200,0,491,0.0,,0.0,,28.94356005788712,0.2894356005788712,0.0,28.94356005788712,0,200,691,0,diabetes,0,5
committee consensus,symmetric,0.0,relabel,5,0,99,0,592,0.0,,0.0,,14.327062228654125,0.14327062228654125,0.0,14.327062228654125,0,99,691,0,diabetes,0,5
dual agreement,symmetric,0.0,relabel,5,0,67,0,624,0.0,,0.0,,9.696092619392186,0.09696092619392185,0.0,9.696092619392186,0,67,691,0,diabetes,0,5
none,symmetric,0.0,relabel,6,0,0,0,691,,,,,0.0,0.0,0.0,0.0,0,0,691,0,diabetes,0,6
NB hard_vote,symmetric,0.0,relabel,6,0,176,0,515,0.0,,0.0,,25.470332850940665,0.25470332850940663,0.0,25.470332850940665,0,176,691,0,diabetes,0,6
DT hard_vote,symmetric,0.0,relabel,6,0,221,0,470,0.0,,0.0,,31.982633863965265,0.31982633863965265,0.0,31.98263386396527,0,221,691,0,diabetes,0,6
NB threshold,symmetric,0.0,relabel,6,0,125,0,566,0.0,,0.0,,18.08972503617945,0.1808972503617945,0.0,18.08972503617945,0,125,691,0,diabetes,0,6
DT threshold,symmetric,0.0,relabel,6,0,221,0,470,0.0,,0.0,,31.982633863965265,0.31982633863965265,0.0,31.98263386396527,0,221,691,0,diabetes,0,6
committee consensus,symmetric,0.0,relabel,6,0,101,0,590,0.0,,0.0,,14.616497829232996,0.14616497829232997,0.0,14.616497829232996,0,101,691,0,diabetes,0,6
dual agreement,symmetric,0.0,relabel,6,0,77,0,614,0.0,,0.0,,11.143270622286542,0.11143270622286541,0.0,11.143270622286542,0,77,691,0,diabetes,0,6
none,symmetric,0.0,relabel,7,0,0,0,691,,,,,0.0,0.0,0.0,0.0,0,0,691,0,diabetes,0,7
NB hard_vote,symmetric,0.0,relabel,7,0,170,0,521,0.0,,0.0,,24.60202604920405,0.2460202604920405,0.0,24.602026049204053,0,170,691,0,diabetes,0,7
DT hard_vote,symmetric,0.0,relabel,7,0,214,0,477,0.0,,0.0,,30.96960926193922,0.3096960926193922,0.0,30.96960926193922,0,214,691,0,diabetes,0,7
NB threshold,symmetric,0.0,relabel,7,0,119,0,572,0.0,,0.0,,17.221418234442837,0.17221418234442837,0.0,17.221418234442837,0,119,691,0,diabetes,0,7
DT threshold,symmetric,0.0,relabel,7,0,214,0,477,0.0,,0.0,,30.96960926193922,0.3096960926193922,0.0,30.96960926193922,0,214,691,0,diabetes,0,7
committee consensus,symmetric,0.0,relabel,7,0,98,0,593,0.0,,0.0,,14.182344428364688,0.14182344428364688,0.0,14.182344428364688,0,98,691,0,diabetes,0,7
dual agreement,symmetric,0.0,relabel,7,0,74,0,617,0.0,,0.0,,10.709117221418236,0.10709117221418235,0.0,10.709117221418234,0,74,691,0,diabetes,0,7
none,symmetric,0.0,relabel,8,0,0,0,692,,,,,0.0,0.0,0.0,0.0,0,0,692,0,diabetes,0,8
NB hard_vote,symmetric,0.0,relabel,8,0,168,0,524,0.0,,0.0,,24.277456647398843,0.24277456647398843,0.0,24.277456647398843,0,168,692,0,diabetes,0,8
DT hard_vote,symmetric,0.0,relabel,8,0,204,0,488,0.0,,0.0,,29.47976878612717,0.2947976878612717,0.0,29.479768786127167,0,204,692,0,diabetes,0,8
NB threshold,symmetric,0.0,relabel,8,0,117,0,575,0.0,,0.0,,16.907514450867055,0.16907514450867053,0.0,16.90751445086705,0,117,692,0,diabetes,0,8
DT threshold,symmetric,0.0,relabel,8,0,204,0,488,0.0,,0.0,,29.47976878612717,0.2947976878612717,0.0,29.479768786127167,0,204,692,0,diabetes,0,8
committee consensus,symmetric,0.0,relabel,8,0,101,0,591,0.0,,0.0,,14.595375722543352,0.14595375722543352,0.0,14.595375722543352,0,101,692,0,diabetes,0,8
dual agreement,symmetric,0.0,relabel,8,0,79,0,613,0.0,,0.0,,11.416184971098266,0.11416184971098266,0.0,11.416184971098266,0,79,692,0,diabetes,0,8
none,symmetric,0.0,relabel,9,0,0,0,692,,,,,0.0,0.0,0.0,0.0,0,0,692,0,diabetes,0,9
NB hard_vote,symmetric,0.0,relabel,9,0,167,0,525,0.0,,0.0,,24.13294797687861,0.24132947976878613,0.0,24.13294797687861,0,167,692,0,diabetes,0,9
DT hard_vote,symmetric,0.0,relabel,9,0,187,0,505,0.0,,0.0,,27.02312138728324,0.2702312138728324,0.0,27.023121387283236,0,187,692,0,diabetes,0,9
NB threshold,symmetric,0.0,relabel,9,0,118,0,574,0.0,,0.0,,17.052023121387283,0.17052023121387283,0.0,17.052023121387283,0,118,692,0,diabetes,0,9
DT threshold,symmetric,0.0,relabel,9,0,187,0,505,0.0,,0.0,,27.02312138728324,0.2702312138728324,0.0,27.023121387283236,0,187,692,0,diabetes,0,9
committee consensus,symmetric,0.0,relabel,9,0,96,0,596,0.0,,0.0,,13.872832369942195,0.13872832369942195,0.0,13.872832369942197,0,96,692,0,diabetes,0,9
dual agreement,symmetric,0.0,relabel,9,0,70,0,622,0.0,,0.0,,10.115606936416185,0.10115606936416185,0.0,10.115606936416185,0,70,692,0,diabetes,0,9
none,symmetric,0.2,relabel,0,0,0,138,553,,0.0,0.0,,0.0,0.0,19.971056439942114,19.971056439942114,0,0,691,0,diabetes,0,0
NB hard_vote,symmetric,0.2,relabel,0,109,140,29,413,0.43775100401606426,0.7898550724637681,0.5633074935400517,0.8256414288335037,36.03473227206946,0.25316455696202533,19.971056439942114,24.457308248914618,109,140,691,0,diabetes,0,0
DT hard_vote,symmetric,0.2,relabel,0,96,207,42,346,0.31683168316831684,0.6956521739130435,0.43537414965986393,0.6606651466310244,43.849493487698986,0.3743218806509946,19.971056439942114,36.03473227206946,96,207,691,0,diabetes,0,0
NB threshold,symmetric,0.2,relabel,0,94,111,44,442,0.4585365853658537,0.6811594202898551,0.5481049562682215,0.8256414288335037,29.667149059334296,0.2007233273056058,19.971056439942114,22.431259044862518,94,111,691,0,diabetes,0,0
DT threshold,symmetric,0.2,relabel,0,96,207,42,346,0.31683168316831684,0.6956521739130435,0.43537414965986393,0.6606651466310244,43.849493487698986,0.3743218806509946,19.971056439942114,36.03473227206946,96,207,691,0,diabetes,0,0
committee consensus,symmetric,0.2,relabel,0,78,73,60,480,0.5165562913907285,0.5652173913043478,0.5397923875432526,0.8006001520035643,21.852387843704776,0.13200723327305605,19.971056439942114,19.247467438494933,78,73,691,0,diabetes,0,0
dual agreement,symmetric,0.2,relabel,0,65,55,73,498,0.5416666666666666,0.47101449275362317,0.5038759689922481,0.8006001520035643,17.36613603473227,0.09945750452079566,19.971056439942114,18.523878437047756,65,55,691,0,diabetes,0,0
none,symmetric,0.2,relabel,1,0,0,130,561,,0.0,0.0,,0.0,0.0,18.813314037626625,18.81331403762663,0,0,691,0,diabetes,0,1
NB hard_vote,symmetric,0.2,relabel,1,92,153,38,408,0.37551020408163266,0.7076923076923077,0.49066666666666664,0.7907308377896614,35.45586107091172,0.2727272727272727,18.813314037626625,27.6410998552822,92,153,691,0,diabetes,0,1
DT hard_vote,symmetric,0.2,relabel,1,83,212,47,349,0.28135593220338984,0.6384615384615384,0.3905882352941176,0.6302824626354038,42.6917510853835,0.3778966131907308,18.813314037626625,37.48191027496382,83,212,691,0,diabetes,0,1
NB threshold,symmetric,0.2,relabel,1,78,113,52,448,0.4083769633507853,0.6,0.48598130841121495,0.7907308377896614,27.641099855282196,0.2014260249554367,18.813314037626625,23.878437047756876,78,113,691,0,diabetes,0,1
DT threshold,symmetric,0.2,relabel,1,83,212,47,349,0.28135593220338984,0.6384615384615384,0.3905882352941176,0.6302824626354038,42.6917510853835,0.3778966131907308,18.813314037626625,37.48191027496382,83,212,691,0,diabetes,0,1
committee consensus,symmetric,0.2,relabel,1,63,91,67,470,0.4090909090909091,0.4846153846153846,0.44366197183098594,0.7567119155354449,22.286541244573083,0.1622103386809269,18.813314037626625,22.865412445730826,63,91,691,0,diabetes,0,1
dual agreement,symmetric,0.2,relabel,1,54,75,76,486,0.4186046511627907,0.4153846153846154,0.416988416988417,0.7567119155354449,18.668596237337194,0.13368983957219252,18.813314037626625,21.852387843704776,54,75,691,0,diabetes,0,1
none,symmetric,0.2,relabel,2,0,0,141,550,,0.0,0.0,,0.0,0.0,20.40520984081042,20.40520984081042,0,0,691,0,diabetes,0,2
NB hard_vote,symmetric,0.2,relabel,2,106,151,35,399,0.41245136186770426,0.75177304964539,0.5326633165829145,0.8029787234042554,37.192474674384954,0.27454545454545454,20.40520984081042,26.917510853835022,106,151,691,0,diabetes,0,2
DT hard_vote,symmetric,0.2,relabel,2,88,222,53,328,0.2838709677419355,0.624113475177305,0.3902439024390244,0.6102385557704707,44.862518089725036,0.4036363636363636,20.40520984081042,39.79739507959479,88,222,691,0,diabetes,0,2
NB threshold,symmetric,0.2,relabel,2,92,117,49,433,0.44019138755980863,0.6524822695035462,0.5257142857142857,0.8029787234042554,30.246020260492042,0.21272727272727274,20.40520984081042,24.02315484804631,92,117,691,0,diabetes,0,2
DT threshold,symmetric,0.2,relabel,2,88,222,53,328,0.2838709677419355,0.624113475177305,0.3902439024390244,0.6102385557704707,44.862518089725036,0.4036363636363636,20.40520984081042,39.79739507959479,88,222,691,0,diabetes,0,2
committee consensus,symmetric,0.2,relabel,2,74,83,67,467,0.4713375796178344,0.524822695035461,0.4966442953020134,0.7474790457769183,22.720694645441387,0.1509090909090909,20.40520984081042,21.70767004341534,74,83,691,0,diabetes,0,2
dual agreement,symmetric,0.2,relabel,2,67,60,74,490,0.5275590551181102,0.475177304964539,0.5,0.7474790457769183,18.37916063675832,0.10909090909090909,20.40520984081042,19.39218523878437,67,60,691,0,diabetes,0,2
none,symmetric,0.2,relabel,3,0,0,148,543,,0.0,0.0,,0.0,0.0,21.41823444283647,21.418234442836468,0,0,691,0,diabetes,0,3
NB hard_vote,symmetric,0.2,relabel,3,118,137,30,406,0.4627450980392157,0.7972972972972973,0.5856079404466501,0.840762032750983,36.90303907380608,0.2523020257826888,21.41823444283647,24.167872648335745,118,137,691,0,diabetes,0,3
DT hard_vote,symmetric,0.2,relabel,3,90,212,58,331,0.2980132450331126,0.6081081081081081,0.4,0.6088422676820466,43.70477568740955,0.39042357274401474,21.41823444283647,39.07380607814761,90,212,691,0,diabetes,0,3
NB threshold,symmetric,0.2,relabel,3,108,114,40,429,0.4864864864864865,0.7297297297297297,0.5837837837837838,0.840762032750983,32.127351664254704,0.20994475138121546,21.41823444283647,22.286541244573083,108,114,691,0,diabetes,0,3
DT threshold,symmetric,0.2,relabel,3,90,212,58,331,0.2980132450331126,0.6081081081081081,0.4,0.6088422676820466,43.70477568740955,0.39042357274401474,21.41823444283647,39.07380607814761,90,212,691,0,diabetes,0,3
committee consensus,symmetric,0.2,relabel,3,76,68,72,475,0.5277777777777778,0.5135135135135135,0.5205479452054794,0.7666865760788414,20.839363241678726,0.1252302025782689,21.41823444283647,20.260492040520983,76,68,691,0,diabetes,0,3
dual agreement,symmetric,0.2,relabel,3,70,57,78,486,0.5511811023622047,0.47297297297297297,0.509090909090909,0.7666865760788414,18.37916063675832,0.10497237569060773,21.41823444283647,19.536903039073806,70,57,691,0,diabetes,0,3
none,symmetric,0.2,relabel,4,0,0,130,561,,0.0,0.0,,0.0,0.0,18.813314037626625,18.81331403762663,0,0,691,0,diabetes,0,4
NB hard_vote,symmetric,0.2,relabel,4,101,141,29,420,0.41735537190082644,0.7769230769230769,0.543010752688172,0.8258741258741258,35.02170767004342,0.25133689839572193,18.813314037626625,24.602026049204053,101,141,691,0,diabetes,0,4
DT hard_vote,symmetric,0.2,relabel,4,85,214,45,347,0.2842809364548495,0.6538461538461539,0.3962703962703963,0.6361922391334156,43.27062228654125,0.38146167557932265,18.813314037626625,37.48191027496382,85,214,691,0,diabetes,0,4
NB threshold,symmetric,0.2,relabel,4,85,101,45,460,0.45698924731182794,0.6538461538461539,0.5379746835443038,0.8258741258741258,26.91751085383502,0.1800356506238859,18.813314037626625,21.1287988422576,85,101,691,0,diabetes,0,4
DT threshold,symmetric,0.2,relabel,4,85,214,45,347,0.2842809364548495,0.6538461538461539,0.3962703962703963,0.6361922391334156,43.27062228654125,0.38146167557932265,18.813314037626625,37.48191027496382,85,214,691,0,diabetes,0,4
committee consensus,symmetric,0.2,relabel,4,72,70,58,491,0.5070422535211268,0.5538461538461539,0.5294117647058824,0.7792815028109146,20.549927641099856,0.12477718360071301,18.813314037626625,18.523878437047756,72,70,691,0,diabetes,0,4
dual agreement,symmetric,0.2,relabel,4,64,56,66,505,0.5333333333333333,0.49230769230769234,0.512,0.7792815028109146,17.36613603473227,0.09982174688057041,18.813314037626625,17.655571635311144,64,56,691,0,diabetes,0,4
none,symmetric,0.2,relabel,5,0,0,149,542,,0.0,0.0,,0.0,0.0,21.562952243125906,21.562952243125906,0,0,691,0,diabetes,0,5
NB hard_vote,symmetric,0.2,relabel,5,112,147,37,395,0.43243243243243246,0.7516778523489933,0.5490196078431373,0.8149161692959213,37.48191027496382,0.27121771217712176,21.562952243125906,26.62807525325615,112,147,691,0,diabetes,0,5
DT hard_vote,symmetric,0.2,relabel,5,85,220,64,322,0.2786885245901639,0.5704697986577181,0.3744493392070485,0.5822828698085638,44.138929088277855,0.4059040590405904,21.562952243125906,41.09985528219971,85,220,691,0,diabetes,0,5
NB threshold,symmetric,0.2,relabel,5,103,119,46,423,0.46396396396396394,0.6912751677852349,0.555256064690027,0.8149161692959213,32.127351664254704,0.21955719557195572,21.562952243125906,23.878437047756876,103,119,691,0,diabetes,0,5
DT threshold,symmetric,0.2,relabel,5,85,220,64,322,0.2786885245901639,0.5704697986577181,0.3744493392070485,0.5822828698085638,44.138929088277855,0.4059040590405904,21.562952243125906,41.09985528219971,85,220,691,0,diabetes,0,5
committee consensus,symmetric,0.2,relabel,5,70,82,79,460,0.4605263157894737,0.4697986577181208,0.46511627906976744,0.7328685702964413,21.99710564399421,0.15129151291512916,21.562952243125906,23.299565846599133,70,82,691,0,diabetes,0,5
dual agreement,symmetric,0.2,relabel,5,67,67,82,475,0.5,0.44966442953020136,0.4734982332155477,0.7328685702964413,19.39218523878437,0.12361623616236163,21.562952243125906,21.562952243125906,67,67,691,0,diabetes,0,5
none,symmetric,0.2,relabel,6,0,0,139,552,,0.0,0.0,,0.0,0.0,20.11577424023155,20.11577424023155,0,0,691,0,diabetes,0,6
NB hard_vote,symmetric,0.2,relabel,6,101,153,38,399,0.39763779527559057,0.7266187050359713,0.5139949109414759,0.801715149619435,36.75832127351664,0.27717391304347827,20.11577424023155,27.6410998552822,101,153,691,0,diabetes,0,6
DT hard_vote,symmetric,0.2,relabel,6,81,236,58,316,0.2555205047318612,0.5827338129496403,0.35526315789473684,0.5775987905327912,45.875542691751086,0.427536231884058,20.11577424023155,42.54703328509407,81,236,691,0,diabetes,0,6
NB threshold,symmetric,0.2,relabel,6,87,119,52,433,0.4223300970873786,0.6258992805755396,0.5043478260869565,0.801715149619435,29.81186685962373,0.21557971014492755,20.11577424023155,24.746743849493487,87,119,691,0,diabetes,0,6
DT threshold,symmetric,0.2,relabel,6,81,236,58,316,0.2555205047318612,0.5827338129496403,0.35526315789473684,0.5775987905327912,45.875542691751086,0.427536231884058,20.11577424023155,42.54703328509407,81,236,691,0,diabetes,0,6
committee consensus,symmetric,0.2,relabel,6,62,94,77,458,0.3974358974358974,0.4460431654676259,0.42033898305084744,0.7216009800854969,22.575976845151953,0.17028985507246377,20.11577424023155,24.746743849493487,62,94,691,0,diabetes,0,6
dual agreement,symmetric,0.2,relabel,6,56,75,83,477,0.42748091603053434,0.4028776978417266,0.4148148148148148,0.7216009800854969,18.958031837916064,0.1358695652173913,20.11577424023155,22.865412445730826,56,75,691,0,diabetes,0,6
none,symmetric,0.2,relabel,7,0,0,138,553,,0.0,0.0,,0.0,0.0,19.971056439942114,19.971056439942114,0,0,691,0,diabetes,0,7
NB hard_vote,symmetric,0.2,relabel,7,101,136,37,417,0.42616033755274263,0.7318840579710145,0.5386666666666666,0.7965510915428362,34.29811866859624,0.24593128390596744,19.971056439942114,25.03617945007236,101,136,691,0,diabetes,0,7
DT hard_vote,symmetric,0.2,relabel,7,86,199,52,354,0.3017543859649123,0.6231884057971014,0.4066193853427896,0.6316665356291113,41.24457308248915,0.35985533453887886,19.971056439942114,36.32416787264834,86,199,691,0,diabetes,0,7
NB threshold,symmetric,0.2,relabel,7,91,113,47,440,0.44607843137254904,0.6594202898550725,0.5321637426900585,0.7965510915428362,29.52243125904486,0.20433996383363473,19.971056439942114,23.154848046309695,91,113,691,0,diabetes,0,7
DT threshold,symmetric,0.2,relabel,7,86,199,52,354,0.3017543859649123,0.6231884057971014,0.4066193853427896,0.6316665356291113,41.24457308248915,0.35985533453887886,19.971056439942114,36.32416787264834,86,199,691,0,diabetes,0,7
committee consensus,symmetric,0.2,relabel,7,69,88,69,465,0.4394904458598726,0.5,0.46779661016949153,0.758366747909951,22.720694645441387,0.15913200723327306,19.971056439942114,22.72069464544139,69,88,691,0,diabetes,0,7
dual agreement,symmetric,0.2,relabel,7,62,76,76,477,0.4492753623188406,0.4492753623188406,0.4492753623188406,0.758366747909951,19.971056439942114,0.13743218806509946,19.971056439942114,21.99710564399421,62,76,691,0,diabetes,0,7
none,symmetric,0.2,relabel,8,0,0,131,561,,0.0,0.0,,0.0,0.0,18.930635838150287,18.930635838150287,0,0,692,0,diabetes,0,8
NB hard_vote,symmetric,0.2,relabel,8,97,147,34,414,0.3975409836065574,0.7404580152671756,0.5173333333333333,0.8331904586956226,35.26011560693642,0.2620320855614973,18.930635838150287,26.15606936416185,97,147,692,0,diabetes,0,8
DT hard_vote,symmetric,0.2,relabel,8,76,222,55,339,0.2550335570469799,0.5801526717557252,0.3543123543123543,0.5922153733110177,43.0635838150289,0.39572192513368987,18.930635838150287,40.028901734104046,76,222,692,0,diabetes,0,8
NB threshold,symmetric,0.2,relabel,8,85,117,46,444,0.4207920792079208,0.648854961832061,0.5105105105105106,0.8331904586956226,29.190751445086704,0.20855614973262032,18.930635838150287,23.55491329479769,85,117,692,0,diabetes,0,8
DT threshold,symmetric,0.2,relabel,8,76,222,55,339,0.2550335570469799,0.5801526717557252,0.3543123543123543,0.5922153733110177,43.0635838150289,0.39572192513368987,18.930635838150287,40.028901734104046,76,222,692,0,diabetes,0,8
committee consensus,symmetric,0.2,relabel,8,58,76,73,485,0.43283582089552236,0.44274809160305345,0.4377358490566038,0.7498877413560845,19.36416184971098,0.1354723707664884,18.930635838150287,21.53179190751445,58,76,692,0,diabetes,0,8
dual agreement,symmetric,0.2,relabel,8,51,61,80,500,0.45535714285714285,0.3893129770992366,0.41975308641975306,0.7498877413560845,16.184971098265898,0.10873440285204991,18.930635838150287,20.3757225433526,51,61,692,0,diabetes,0,8
none,symmetric,0.2,relabel,9,0,0,139,553,,0.0,0.0,,0.0,0.0,20.08670520231214,20.08670520231214,0,0,692,0,diabetes,0,9
NB hard_vote,symmetric,0.2,relabel,9,106,152,33,401,0.4108527131782946,0.762589928057554,0.5340050377833753,0.7972992311395007,37.283236994219656,0.27486437613019893,20.08670520231214,26.734104046242773,106,152,692,0,diabetes,0,9
DT hard_vote,symmetric,0.2,relabel,9,89,209,50,344,0.2986577181208054,0.6402877697841727,0.4073226544622426,0.6311746263025746,43.0635838150289,0.3779385171790235,20.08670520231214,37.42774566473989,89,209,692,0,diabetes,0,9
NB threshold,symmetric,0.2,relabel,9,93,119,46,434,0.4386792452830189,0.6690647482014388,0.5299145299145299,0.7972992311395007,30.63583815028902,0.21518987341772153,20.08670520231214,23.84393063583815,93,119,692,0,diabetes,0,9
DT threshold,symmetric,0.2,relabel,9,89,209,50,344,0.2986577181208054,0.6402877697841727,0.4073226544622426,0.6311746263025746,43.0635838150289,0.3779385171790235,20.08670520231214,37.42774566473989,89,209,692,0,diabetes,0,9
committee consensus,symmetric,0.2,relabel,9,73,82,66,471,0.47096774193548385,0.5251798561151079,0.4965986394557823,0.7594026044986796,22.398843930635838,0.14828209764918626,20.08670520231214,21.387283236994218,73,82,692,0,diabetes,0,9
dual agreement,symmetric,0.2,relabel,9,66,66,73,487,0.5,0.4748201438848921,0.4870848708487085,0.7594026044986796,19.07514450867052,0.11934900542495479,20.08670520231214,20.08670520231214,66,66,692,0,diabetes,0,9
none,pairflip,0.0,relabel,0,0,0,0,691,,,,,0.0,0.0,0.0,0.0,0,0,691,0,diabetes,0,0
NB hard_vote,pairflip,0.0,relabel,0,0,167,0,524,0.0,,0.0,,24.167872648335745,0.24167872648335745,0.0,24.167872648335745,0,167,691,0,diabetes,0,0
DT hard_vote,pairflip,0.0,relabel,0,0,195,0,496,0.0,,0.0,,28.21997105643994,0.2821997105643994,0.0,28.21997105643994,0,195,691,0,diabetes,0,0
NB threshold,pairflip,0.0,relabel,0,0,124,0,567,0.0,,0.0,,17.945007235890014,0.17945007235890015,0.0,17.945007235890014,0,124,691,0,diabetes,0,0
DT threshold,pairflip,0.0,relabel,0,0,195,0,496,0.0,,0.0,,28.21997105643994,0.2821997105643994,0.0,28.21997105643994,0,195,691,0,diabetes,0,0
committee consensus,pairflip,0.0,relabel,0,0,96,0,595,0.0,,0.0,,13.892908827785819,0.1389290882778582,0.0,13.892908827785817,0,96,691,0,diabetes,0,0
dual agreement,pairflip,0.0,relabel,0,0,71,0,620,0.0,,0.0,,10.274963820549928,0.10274963820549927,0.0,10.274963820549928,0,71,691,0,diabetes,0,0
none,pairflip,0.0,relabel,1,0,0,0,691,,,,,0.0,0.0,0.0,0.0,0,0,691,0,diabetes,0,1
NB hard_vote,pairflip,0.0,relabel,1,0,172,0,519,0.0,,0.0,,24.891461649782922,0.24891461649782923,0.0,24.891461649782922,0,172,691,0,diabetes,0,1
DT hard_vote,pairflip,0.0,relabel,1,0,205,0,486,0.0,,0.0,,29.667149059334296,0.29667149059334297,0.0,29.6671490593343,0,205,691,0,diabetes,0,1
NB threshold,pairflip,0.0,relabel,1,0,113,0,578,0.0,,0.0,,16.35311143270622,0.16353111432706222,0.0,16.35311143270622,0,113,691,0,diabetes,0,1
DT threshold,pairflip,0.0,relabel,1,0,205,0,486,0.0,,0.0,,29.667149059334296,0.29667149059334297,0.0,29.6671490593343,0,205,691,0,diabetes,0,1
committee consensus,pairflip,0.0,relabel,1,0,111,0,580,0.0,,0.0,,16.063675832127352,0.16063675832127353,0.0,16.063675832127352,0,111,691,0,diabetes,0,1
dual agreement,pairflip,0.0,relabel,1,0,76,0,615,0.0,,0.0,,10.998552821997105,0.10998552821997105,0.0,10.998552821997105,0,76,691,0,diabetes,0,1
none,pairflip,0.0,relabel,2,0,0,0,691,,,,,0.0,0.0,0.0,0.0,0,0,691,0,diabetes,0,2
NB hard_vote,pairflip,0.0,relabel,2,0,173,0,518,0.0,,0.0,,25.03617945007236,0.2503617945007236,0.0,25.03617945007236,0,173,691,0,diabetes,0,2
DT hard_vote,pairflip,0.0,relabel,2,0,212,0,479,0.0,,0.0,,30.68017366136035,0.3068017366136035,0.0,30.680173661360346,0,212,691,0,diabetes,0,2
NB threshold,pairflip,0.0,relabel,2,0,118,0,573,0.0,,0.0,,17.0767004341534,0.170767004341534,0.0,17.076700434153402,0,118,691,0,diabetes,0,2
DT threshold,pairflip,0.0,relabel,2,0,212,0,479,0.0,,0.0,,30.68017366136035,0.3068017366136035,0.0,30.680173661360346,0,212,691,0,diabetes,0,2
committee consensus,pairflip,0.0,relabel,2,0,107,0,584,0.0,,0.0,,15.48480463096961,0.1548480463096961,0.0,15.48480463096961,0,107,691,0,diabetes,0,2
dual agreement,pairflip,0.0,relabel,2,0,77,0,614,0.0,,0.0,,11.143270622286542,0.11143270622286541,0.0,11.143270622286542,0,77,691,0,diabetes,0,2
none,pairflip,0.0,relabel,3,0,0,0,691,,,,,0.0,0.0,0.0,0.0,0,0,691,0,diabetes,0,3
NB hard_vote,pairflip,0.0,relabel,3,0,167,0,524,0.0,,0.0,,24.167872648335745,0.24167872648335745,0.0,24.167872648335745,0,167,691,0,diabetes,0,3
DT hard_vote,pairflip,0.0,relabel,3,0,207,0,484,0.0,,0.0,,29.956584659913172,0.2995658465991317,0.0,29.95658465991317,0,207,691,0,diabetes,0,3
NB threshold,pairflip,0.0,relabel,3,0,104,0,587,0.0,,0.0,,15.050651230101304,0.15050651230101303,0.0,15.050651230101302,0,104,691,0,diabetes,0,3
DT threshold,pairflip,0.0,relabel,3,0,207,0,484,0.0,,0.0,,29.956584659913172,0.2995658465991317,0.0,29.95658465991317,0,207,691,0,diabetes,0,3
committee consensus,pairflip,0.0,relabel,3,0,102,0,589,0.0,,0.0,,14.76121562952243,0.1476121562952243,0.0,14.76121562952243,0,102,691,0,diabetes,0,3
dual agreement,pairflip,0.0,relabel,3,0,69,0,622,0.0,,0.0,,9.985528219971057,0.09985528219971057,0.0,9.985528219971057,0,69,691,0,diabetes,0,3
none,pairflip,0.0,relabel,4,0,0,0,691,,,,,0.0,0.0,0.0,0.0,0,0,691,0,diabetes,0,4
NB hard_vote,pairflip,0.0,relabel,4,0,169,0,522,0.0,,0.0,,24.457308248914618,0.24457308248914617,0.0,24.457308248914618,0,169,691,0,diabetes,0,4
DT hard_vote,pairflip,0.0,relabel,4,0,208,0,483,0.0,,0.0,,30.101302460202607,0.30101302460202606,0.0,30.101302460202604,0,208,691,0,diabetes,0,4
NB threshold,pairflip,0.0,relabel,4,0,120,0,571,0.0,,0.0,,17.36613603473227,0.1736613603473227,0.0,17.36613603473227,0,120,691,0,diabetes,0,4
DT threshold,pairflip,0.0,relabel,4,0,208,0,483,0.0,,0.0,,30.101302460202607,0.30101302460202606,0.0,30.101302460202604,0,208,691,0,diabetes,0,4
committee consensus,pairflip,0.0,relabel,4,0,108,0,583,0.0,,0.0,,15.629522431259044,0.15629522431259044,0.0,15.629522431259044,0,108,691,0,diabetes,0,4
dual agreement,pairflip,0.0,relabel,4,0,78,0,613,0.0,,0.0,,11.287988422575976,0.11287988422575977,0.0,11.287988422575976,0,78,691,0,diabetes,0,4
none,pairflip,0.0,relabel,5,0,0,0,691,,,,,0.0,0.0,0.0,0.0,0,0,691,0,diabetes,0,5
NB hard_vote,pairflip,0.0,relabel,5,0,175,0,516,0.0,,0.0,,25.32561505065123,0.2532561505065123,0.0,25.32561505065123,0,175,691,0,diabetes,0,5
DT hard_vote,pairflip,0.0,relabel,5,0,200,0,491,0.0,,0.0,,28.94356005788712,0.2894356005788712,0.0,28.94356005788712,0,200,691,0,diabetes,0,5
NB threshold,pairflip,0.0,relabel,5,0,113,0,578,0.0,,0.0,,16.35311143270622,0.16353111432706222,0.0,16.35311143270622,0,113,691,0,diabetes,0,5
DT threshold,pairflip,0.0,relabel,5,0,200,0,491,0.0,,0.0,,28.94356005788712,0.2894356005788712,0.0,28.94356005788712,0,200,691,0,diabetes,0,5
committee consensus,pairflip,0.0,relabel,5,0,99,0,592,0.0,,0.0,,14.327062228654125,0.14327062228654125,0.0,14.327062228654125,0,99,691,0,diabetes,0,5
dual agreement,pairflip,0.0,relabel,5,0,67,0,624,0.0,,0.0,,9.696092619392186,0.09696092619392185,0.0,9.696092619392186,0,67,691,0,diabetes,0,5
none,pairflip,0.0,relabel,6,0,0,0,691,,,,,0.0,0.0,0.0,0.0,0,0,691,0,diabetes,0,6
NB hard_vote,pairflip,0.0,relabel,6,0,176,0,515,0.0,,0.0,,25.470332850940665,0.25470332850940663,0.0,25.470332850940665,0,176,691,0,diabetes,0,6
DT hard_vote,pairflip,0.0,relabel,6,0,221,0,470,0.0,,0.0,,31.982633863965265,0.31982633863965265,0.0,31.98263386396527,0,221,691,0,diabetes,0,6
NB threshold,pairflip,0.0,relabel,6,0,125,0,566,0.0,,0.0,,18.08972503617945,0.1808972503617945,0.0,18.08972503617945,0,125,691,0,diabetes,0,6
DT threshold,pairflip,0.0,relabel,6,0,221,0,470,0.0,,0.0,,31.982633863965265,0.31982633863965265,0.0,31.98263386396527,0,221,691,0,diabetes,0,6
committee consensus,pairflip,0.0,relabel,6,0,101,0,590,0.0,,0.0,,14.616497829232996,0.14616497829232997,0.0,14.616497829232996,0,101,691,0,diabetes,0,6
dual agreement,pairflip,0.0,relabel,6,0,77,0,614,0.0,,0.0,,11.143270622286542,0.11143270622286541,0.0,11.143270622286542,0,77,691,0,diabetes,0,6
none,pairflip,0.0,relabel,7,0,0,0,691,,,,,0.0,0.0,0.0,0.0,0,0,691,0,diabetes,0,7
NB hard_vote,pairflip,0.0,relabel,7,0,170,0,521,0.0,,0.0,,24.60202604920405,0.2460202604920405,0.0,24.602026049204053,0,170,691,0,diabetes,0,7
DT hard_vote,pairflip,0.0,relabel,7,0,214,0,477,0.0,,0.0,,30.96960926193922,0.3096960926193922,0.0,30.96960926193922,0,214,691,0,diabetes,0,7
NB threshold,pairflip,0.0,relabel,7,0,119,0,572,0.0,,0.0,,17.221418234442837,0.17221418234442837,0.0,17.221418234442837,0,119,691,0,diabetes,0,7
DT threshold,pairflip,0.0,relabel,7,0,214,0,477,0.0,,0.0,,30.96960926193922,0.3096960926193922,0.0,30.96960926193922,0,214,691,0,diabetes,0,7
committee consensus,pairflip,0.0,relabel,7,0,98,0,593,0.0,,0.0,,14.182344428364688,0.14182344428364688,0.0,14.182344428364688,0,98,691,0,diabetes,0,7
dual agreement,pairflip,0.0,relabel,7,0,74,0,617,0.0,,0.0,,10.709117221418236,0.10709117221418235,0.0,10.709117221418234,0,74,691,0,diabetes,0,7
none,pairflip,0.0,relabel,8,0,0,0,692,,,,,0.0,0.0,0.0,0.0,0,0,692,0,diabetes,0,8
NB hard_vote,pairflip,0.0,relabel,8,0,168,0,524,0.0,,0.0,,24.277456647398843,0.24277456647398843,0.0,24.277456647398843,0,168,692,0,diabetes,0,8
DT hard_vote,pairflip,0.0,relabel,8,0,204,0,488,0.0,,0.0,,29.47976878612717,0.2947976878612717,0.0,29.479768786127167,0,204,692,0,diabetes,0,8
NB threshold,pairflip,0.0,relabel,8,0,117,0,575,0.0,,0.0,,16.907514450867055,0.16907514450867053,0.0,16.90751445086705,0,117,692,0,diabetes,0,8
DT threshold,pairflip,0.0,relabel,8,0,204,0,488,0.0,,0.0,,29.47976878612717,0.2947976878612717,0.0,29.479768786127167,0,204,692,0,diabetes,0,8
committee consensus,pairflip,0.0,relabel,8,0,101,0,591,0.0,,0.0,,14.595375722543352,0.14595375722543352,0.0,14.595375722543352,0,101,692,0,diabetes,0,8
dual agreement,pairflip,0.0,relabel,8,0,79,0,613,0.0,,0.0,,11.416184971098266,0.11416184971098266,0.0,11.416184971098266,0,79,692,0,diabetes,0,8
none,pairflip,0.0,relabel,9,0,0,0,692,,,,,0.0,0.0,0.0,0.0,0,0,692,0,diabetes,0,9
NB hard_vote,pairflip,0.0,relabel,9,0,167,0,525,0.0,,0.0,,24.13294797687861,0.24132947976878613,0.0,24.13294797687861,0,167,692,0,diabetes,0,9
DT hard_vote,pairflip,0.0,relabel,9,0,187,0,505,0.0,,0.0,,27.02312138728324,0.2702312138728324,0.0,27.023121387283236,0,187,692,0,diabetes,0,9
NB threshold,pairflip,0.0,relabel,9,0,118,0,574,0.0,,0.0,,17.052023121387283,0.17052023121387283,0.0,17.052023121387283,0,118,692,0,diabetes,0,9
DT threshold,pairflip,0.0,relabel,9,0,187,0,505,0.0,,0.0,,27.02312138728324,0.2702312138728324,0.0,27.023121387283236,0,187,692,0,diabetes,0,9
committee consensus,pairflip,0.0,relabel,9,0,96,0,596,0.0,,0.0,,13.872832369942195,0.13872832369942195,0.0,13.872832369942197,0,96,692,0,diabetes,0,9
dual agreement,pairflip,0.0,relabel,9,0,70,0,622,0.0,,0.0,,10.115606936416185,0.10115606936416185,0.0,10.115606936416185,0,70,692,0,diabetes,0,9
none,pairflip,0.2,relabel,0,0,0,138,553,,0.0,0.0,,0.0,0.0,19.971056439942114,19.971056439942114,0,0,691,0,diabetes,0,0
NB hard_vote,pairflip,0.2,relabel,0,109,140,29,413,0.43775100401606426,0.7898550724637681,0.5633074935400517,0.8256414288335037,36.03473227206946,0.25316455696202533,19.971056439942114,24.457308248914618,109,140,691,0,diabetes,0,0
DT hard_vote,pairflip,0.2,relabel,0,96,207,42,346,0.31683168316831684,0.6956521739130435,0.43537414965986393,0.6606651466310244,43.849493487698986,0.3743218806509946,19.971056439942114,36.03473227206946,96,207,691,0,diabetes,0,0
NB threshold,pairflip,0.2,relabel,0,94,111,44,442,0.4585365853658537,0.6811594202898551,0.5481049562682215,0.8256414288335037,29.667149059334296,0.2007233273056058,19.971056439942114,22.431259044862518,94,111,691,0,diabetes,0,0
DT threshold,pairflip,0.2,relabel,0,96,207,42,346,0.31683168316831684,0.6956521739130435,0.43537414965986393,0.6606651466310244,43.849493487698986,0.3743218806509946,19.971056439942114,36.03473227206946,96,207,691,0,diabetes,0,0
committee consensus,pairflip,0.2,relabel,0,78,73,60,480,0.5165562913907285,0.5652173913043478,0.5397923875432526,0.8006001520035643,21.852387843704776,0.13200723327305605,19.971056439942114,19.247467438494933,78,73,691,0,diabetes,0,0
dual agreement,pairflip,0.2,relabel,0,65,55,73,498,0.5416666666666666,0.47101449275362317,0.5038759689922481,0.8006001520035643,17.36613603473227,0.09945750452079566,19.971056439942114,18.523878437047756,65,55,691,0,diabetes,0,0
none,pairflip,0.2,relabel,1,0,0,130,561,,0.0,0.0,,0.0,0.0,18.813314037626625,18.81331403762663,0,0,691,0,diabetes,0,1
NB hard_vote,pairflip,0.2,relabel,1,92,153,38,408,0.37551020408163266,0.7076923076923077,0.49066666666666664,0.7907308377896614,35.45586107091172,0.2727272727272727,18.813314037626625,27.6410998552822,92,153,691,0,diabetes,0,1
DT hard_vote,pairflip,0.2,relabel,1,83,212,47,349,0.28135593220338984,0.6384615384615384,0.3905882352941176,0.6302824626354038,42.6917510853835,0.3778966131907308,18.813314037626625,37.48191027496382,83,212,691,0,diabetes,0,1
NB threshold,pairflip,0.2,relabel,1,78,113,52,448,0.4083769633507853,0.6,0.48598130841121495,0.7907308377896614,27.641099855282196,0.2014260249554367,18.813314037626625,23.878437047756876,78,113,691,0,diabetes,0,1
DT threshold,pairflip,0.2,relabel,1,83,212,47,349,0.28135593220338984,0.6384615384615384,0.3905882352941176,0.6302824626354038,42.6917510853835,0.3778966131907308,18.813314037626625,37.48191027496382,83,212,691,0,diabetes,0,1
committee consensus,pairflip,0.2,relabel,1,63,91,67,470,0.4090909090909091,0.4846153846153846,0.44366197183098594,0.7567119155354449,22.286541244573083,0.1622103386809269,18.813314037626625,22.865412445730826,63,91,691,0,diabetes,0,1
dual agreement,pairflip,0.2,relabel,1,54,75,76,486,0.4186046511627907,0.4153846153846154,0.416988416988417,0.7567119155354449,18.668596237337194,0.13368983957219252,18.813314037626625,21.852387843704776,54,75,691,0,diabetes,0,1
none,pairflip,0.2,relabel,2,0,0,141,550,,0.0,0.0,,0.0,0.0,20.40520984081042,20.40520984081042,0,0,691,0,diabetes,0,2
NB hard_vote,pairflip,0.2,relabel,2,106,151,35,399,0.41245136186770426,0.75177304964539,0.5326633165829145,0.8029787234042554,37.192474674384954,0.27454545454545454,20.40520984081042,26.917510853835022,106,151,691,0,diabetes,0,2
DT hard_vote,pairflip,0.2,relabel,2,88,222,53,328,0.2838709677419355,0.624113475177305,0.3902439024390244,0.6102385557704707,44.862518089725036,0.4036363636363636,20.40520984081042,39.79739507959479,88,222,691,0,diabetes,0,2
NB threshold,pairflip,0.2,relabel,2,92,117,49,433,0.44019138755980863,0.6524822695035462,0.5257142857142857,0.8029787234042554,30.246020260492042,0.21272727272727274,20.40520984081042,24.02315484804631,92,117,691,0,diabetes,0,2
DT threshold,pairflip,0.2,relabel,2,88,222,53,328,0.2838709677419355,0.624113475177305,0.3902439024390244,0.6102385557704707,44.862518089725036,0.4036363636363636,20.40520984081042,39.79739507959479,88,222,691,0,diabetes,0,2
committee consensus,pairflip,0.2,relabel,2,74,83,67,467,0.4713375796178344,0.524822695035461,0.4966442953020134,0.7474790457769183,22.720694645441387,0.1509090909090909,20.40520984081042,21.70767004341534,74,83,691,0,diabetes,0,2
dual agreement,pairflip,0.2,relabel,2,67,60,74,490,0.5275590551181102,0.475177304964539,0.5,0.7474790457769183,18.37916063675832,0.10909090909090909,20.40520984081042,19.39218523878437,67,60,691,0,diabetes,0,2
none,pairflip,0.2,relabel,3,0,0,148,543,,0.0,0.0,,0.0,0.0,21.41823444283647,21.418234442836468,0,0,691,0,diabetes,0,3
NB hard_vote,pairflip,0.2,relabel,3,118,137,30,406,0.4627450980392157,0.7972972972972973,0.5856079404466501,0.840762032750983,36.90303907380608,0.2523020257826888,21.41823444283647,24.167872648335745,118,137,691,0,diabetes,0,3
DT hard_vote,pairflip,0.2,relabel,3,90,212,58,331,0.2980132450331126,0.6081081081081081,0.4,0.6088422676820466,43.70477568740955,0.39042357274401474,21.41823444283647,39.07380607814761,90,212,691,0,diabetes,0,3
NB threshold,pairflip,0.2,relabel,3,108,114,40,429,0.4864864864864865,0.7297297297297297,0.5837837837837838,0.840762032750983,32.127351664254704,0.20994475138121546,21.41823444283647,22.286541244573083,108,114,691,0,diabetes,0,3
DT threshold,pairflip,0.2,relabel,3,90,212,58,331,0.2980132450331126,0.6081081081081081,0.4,0.6088422676820466,43.70477568740955,0.39042357274401474,21.41823444283647,39.07380607814761,90,212,691,0,diabetes,0,3
committee consensus,pairflip,0.2,relabel,3,76,68,72,475,0.5277777777777778,0.5135135135135135,0.5205479452054794,0.7666865760788414,20.839363241678726,0.1252302025782689,21.41823444283647,20.260492040520983,76,68,691,0,diabetes,0,3
dual agreement,pairflip,0.2,relabel,3,70,57,78,486,0.5511811023622047,0.47297297297297297,0.509090909090909,0.7666865760788414,18.37916063675832,0.10497237569060773,21.41823444283647,19.536903039073806,70,57,691,0,diabetes,0,3
none,pairflip,0.2,relabel,4,0,0,130,561,,0.0,0.0,,0.0,0.0,18.813314037626625,18.81331403762663,0,0,691,0,diabetes,0,4
NB hard_vote,pairflip,0.2,relabel,4,101,141,29,420,0.41735537190082644,0.7769230769230769,0.543010752688172,0.8258741258741258,35.02170767004342,0.25133689839572193,18.813314037626625,24.602026049204053,101,141,691,0,diabetes,0,4
DT hard_vote,pairflip,0.2,relabel,4,85,214,45,347,0.2842809364548495,0.6538461538461539,0.3962703962703963,0.6361922391334156,43.27062228654125,0.38146167557932265,18.813314037626625,37.48191027496382,85,214,691,0,diabetes,0,4
NB threshold,pairflip,0.2,relabel,4,85,101,45,460,0.45698924731182794,0.6538461538461539,0.5379746835443038,0.8258741258741258,26.91751085383502,0.1800356506238859,18.813314037626625,21.1287988422576,85,101,691,0,diabetes,0,4
DT threshold,pairflip,0.2,relabel,4,85,214,45,347,0.2842809364548495,0.6538461538461539,0.3962703962703963,0.6361922391334156,43.27062228654125,0.38146167557932265,18.813314037626625,37.48191027496382,85,214,691,0,diabetes,0,4
committee consensus,pairflip,0.2,relabel,4,72,70,58,491,0.5070422535211268,0.5538461538461539,0.5294117647058824,0.7792815028109146,20.549927641099856,0.12477718360071301,18.813314037626625,18.523878437047756,72,70,691,0,diabetes,0,4
dual agreement,pairflip,0.2,relabel,4,64,56,66,505,0.5333333333333333,0.49230769230769234,0.512,0.7792815028109146,17.36613603473227,0.09982174688057041,18.813314037626625,17.655571635311144,64,56,691,0,diabetes,0,4
none,pairflip,0.2,relabel,5,0,0,149,542,,0.0,0.0,,0.0,0.0,21.562952243125906,21.562952243125906,0,0,691,0,diabetes,0,5
NB hard_vote,pairflip,0.2,relabel,5,112,147,37,395,0.43243243243243246,0.7516778523489933,0.5490196078431373,0.8149161692959213,37.48191027496382,0.27121771217712176,21.562952243125906,26.62807525325615,112,147,691,0,diabetes,0,5
DT hard_vote,pairflip,0.2,relabel,5,85,220,64,322,0.2786885245901639,0.5704697986577181,0.3744493392070485,0.5822828698085638,44.138929088277855,0.4059040590405904,21.562952243125906,41.09985528219971,85,220,691,0,diabetes,0,5
NB threshold,pairflip,0.2,relabel,5,103,119,46,423,0.46396396396396394,0.6912751677852349,0.555256064690027,0.8149161692959213,32.127351664254704,0.21955719557195572,21.562952243125906,23.878437047756876,103,119,691,0,diabetes,0,5
DT threshold,pairflip,0.2,relabel,5,85,220,64,322,0.2786885245901639,0.5704697986577181,0.3744493392070485,0.5822828698085638,44.138929088277855,0.4059040590405904,21.562952243125906,41.09985528219971,85,220,691,0,diabetes,0,5
committee consensus,pairflip,0.2,relabel,5,70,82,79,460,0.4605263157894737,0.4697986577181208,0.46511627906976744,0.7328685702964413,21.99710564399421,0.15129151291512916,21.562952243125906,23.299565846599133,70,82,691,0,diabetes,0,5
dual agreement,pairflip,0.2,relabel,5,67,67,82,475,0.5,0.44966442953020136,0.4734982332155477,0.7328685702964413,19.39218523878437,0.12361623616236163,21.562952243125906,21.562952243125906,67,67,691,0,diabetes,0,5
none,pairflip,0.2,relabel,6,0,0,139,552,,0.0,0.0,,0.0,0.0,20.11577424023155,20.11577424023155,0,0,691,0,diabetes,0,6
NB hard_vote,pairflip,0.2,relabel,6,101,153,38,399,0.39763779527559057,0.7266187050359713,0.5139949109414759,0.801715149619435,36.75832127351664,0.27717391304347827,20.11577424023155,27.6410998552822,101,153,691,0,diabetes,0,6
DT hard_vote,pairflip,0.2,relabel,6,81,236,58,316,0.2555205047318612,0.5827338129496403,0.35526315789473684,0.5775987905327912,45.875542691751086,0.427536231884058,20.11577424023155,42.54703328509407,81,236,691,0,diabetes,0,6
NB threshold,pairflip,0.2,relabel,6,87,119,52,433,0.4223300970873786,0.6258992805755396,0.5043478260869565,0.801715149619435,29.81186685962373,0.21557971014492755,20.11577424023155,24.746743849493487,87,119,691,0,diabetes,0,6
DT threshold,pairflip,0.2,relabel,6,81,236,58,316,0.2555205047318612,0.5827338129496403,0.35526315789473684,0.5775987905327912,45.875542691751086,0.427536231884058,20.11577424023155,42.54703328509407,81,236,691,0,diabetes,0,6
committee consensus,pairflip,0.2,relabel,6,62,94,77,458,0.3974358974358974,0.4460431654676259,0.42033898305084744,0.7216009800854969,22.575976845151953,0.17028985507246377,20.11577424023155,24.746743849493487,62,94,691,0,diabetes,0,6
dual agreement,pairflip,0.2,relabel,6,56,75,83,477,0.42748091603053434,0.4028776978417266,0.4148148148148148,0.7216009800854969,18.958031837916064,0.1358695652173913,20.11577424023155,22.865412445730826,56,75,691,0,diabetes,0,6
none,pairflip,0.2,relabel,7,0,0,138,553,,0.0,0.0,,0.0,0.0,19.971056439942114,19.971056439942114,0,0,691,0,diabetes,0,7
NB hard_vote,pairflip,0.2,relabel,7,101,136,37,417,0.42616033755274263,0.7318840579710145,0.5386666666666666,0.7965510915428362,34.29811866859624,0.24593128390596744,19.971056439942114,25.03617945007236,101,136,691,0,diabetes,0,7
DT hard_vote,pairflip,0.2,relabel,7,86,199,52,354,0.3017543859649123,0.6231884057971014,0.4066193853427896,0.6316665356291113,41.24457308248915,0.35985533453887886,19.971056439942114,36.32416787264834,86,199,691,0,diabetes,0,7
NB threshold,pairflip,0.2,relabel,7,91,113,47,440,0.44607843137254904,0.6594202898550725,0.5321637426900585,0.7965510915428362,29.52243125904486,0.20433996383363473,19.971056439942114,23.154848046309695,91,113,691,0,diabetes,0,7
DT threshold,pairflip,0.2,relabel,7,86,199,52,354,0.3017543859649123,0.6231884057971014,0.4066193853427896,0.6316665356291113,41.24457308248915,0.35985533453887886,19.971056439942114,36.32416787264834,86,199,691,0,diabetes,0,7
committee consensus,pairflip,0.2,relabel,7,69,88,69,465,0.4394904458598726,0.5,0.46779661016949153,0.758366747909951,22.720694645441387,0.15913200723327306,19.971056439942114,22.72069464544139,69,88,691,0,diabetes,0,7
dual agreement,pairflip,0.2,relabel,7,62,76,76,477,0.4492753623188406,0.4492753623188406,0.4492753623188406,0.758366747909951,19.971056439942114,0.13743218806509946,19.971056439942114,21.99710564399421,62,76,691,0,diabetes,0,7
none,pairflip,0.2,relabel,8,0,0,131,561,,0.0,0.0,,0.0,0.0,18.930635838150287,18.930635838150287,0,0,692,0,diabetes,0,8
NB hard_vote,pairflip,0.2,relabel,8,97,147,34,414,0.3975409836065574,0.7404580152671756,0.5173333333333333,0.8331904586956226,35.26011560693642,0.2620320855614973,18.930635838150287,26.15606936416185,97,147,692,0,diabetes,0,8
DT hard_vote,pairflip,0.2,relabel,8,76,222,55,339,0.2550335570469799,0.5801526717557252,0.3543123543123543,0.5922153733110177,43.0635838150289,0.39572192513368987,18.930635838150287,40.028901734104046,76,222,692,0,diabetes,0,8
NB threshold,pairflip,0.2,relabel,8,85,117,46,444,0.4207920792079208,0.648854961832061,0.5105105105105106,0.8331904586956226,29.190751445086704,0.20855614973262032,18.930635838150287,23.55491329479769,85,117,692,0,diabetes,0,8
DT threshold,pairflip,0.2,relabel,8,76,222,55,339,0.2550335570469799,0.5801526717557252,0.3543123543123543,0.5922153733110177,43.0635838150289,0.39572192513368987,18.930635838150287,40.028901734104046,76,222,692,0,diabetes,0,8
committee consensus,pairflip,0.2,relabel,8,58,76,73,485,0.43283582089552236,0.44274809160305345,0.4377358490566038,0.7498877413560845,19.36416184971098,0.1354723707664884,18.930635838150287,21.53179190751445,58,76,692,0,diabetes,0,8
dual agreement,pairflip,0.2,relabel,8,51,61,80,500,0.45535714285714285,0.3893129770992366,0.41975308641975306,0.7498877413560845,16.184971098265898,0.10873440285204991,18.930635838150287,20.3757225433526,51,61,692,0,diabetes,0,8
none,pairflip,0.2,relabel,9,0,0,139,553,,0.0,0.0,,0.0,0.0,20.08670520231214,20.08670520231214,0,0,692,0,diabetes,0,9
NB hard_vote,pairflip,0.2,relabel,9,106,152,33,401,0.4108527131782946,0.762589928057554,0.5340050377833753,0.7972992311395007,37.283236994219656,0.27486437613019893,20.08670520231214,26.734104046242773,106,152,692,0,diabetes,0,9
DT hard_vote,pairflip,0.2,relabel,9,89,209,50,344,0.2986577181208054,0.6402877697841727,0.4073226544622426,0.6311746263025746,43.0635838150289,0.3779385171790235,20.08670520231214,37.42774566473989,89,209,692,0,diabetes,0,9
NB threshold,pairflip,0.2,relabel,9,93,119,46,434,0.4386792452830189,0.6690647482014388,0.5299145299145299,0.7972992311395007,30.63583815028902,0.21518987341772153,20.08670520231214,23.84393063583815,93,119,692,0,diabetes,0,9
DT threshold,pairflip,0.2,relabel,9,89,209,50,344,0.2986577181208054,0.6402877697841727,0.4073226544622426,0.6311746263025746,43.0635838150289,0.3779385171790235,20.08670520231214,37.42774566473989,89,209,692,0,diabetes,0,9
committee consensus,pairflip,0.2,relabel,9,73,82,66,471,0.47096774193548385,0.5251798561151079,0.4965986394557823,0.7594026044986796,22.398843930635838,0.14828209764918626,20.08670520231214,21.387283236994218,73,82,692,0,diabetes,0,9
dual agreement,pairflip,0.2,relabel,9,66,66,73,487,0.5,0.4748201438848921,0.4870848708487085,0.7594026044986796,19.07514450867052,0.11934900542495479,20.08670520231214,20.08670520231214,66,66,692,0,diabetes,0,9
none,symmetric,0.0,relabel,0,0,0,0,391,,,,,0.0,0.0,0.0,0.0,0,0,391,0,vote,0,0
NB hard_vote,symmetric,0.0,relabel,0,0,38,0,353,0.0,,0.0,,9.718670076726342,0.09718670076726342,0.0,9.718670076726342,0,38,391,0,vote,0,0
DT hard_vote,symmetric,0.0,relabel,0,0,19,0,372,0.0,,0.0,,4.859335038363171,0.04859335038363171,0.0,4.859335038363171,0,19,391,0,vote,0,0
NB threshold,symmetric,0.0,relabel,0,0,33,0,358,0.0,,0.0,,8.439897698209718,0.08439897698209718,0.0,8.439897698209718,0,33,391,0,vote,0,0
DT threshold,symmetric,0.0,relabel,0,0,19,0,372,0.0,,0.0,,4.859335038363171,0.04859335038363171,0.0,4.859335038363171,0,19,391,0,vote,0,0
committee consensus,symmetric,0.0,relabel,0,0,14,0,377,0.0,,0.0,,3.580562659846547,0.03580562659846547,0.0,3.580562659846547,0,14,391,0,vote,0,0
dual agreement,symmetric,0.0,relabel,0,0,13,0,378,0.0,,0.0,,3.324808184143223,0.03324808184143223,0.0,3.3248081841432224,0,13,391,0,vote,0,0
none,symmetric,0.0,relabel,1,0,0,0,391,,,,,0.0,0.0,0.0,0.0,0,0,391,0,vote,0,1
NB hard_vote,symmetric,0.0,relabel,1,0,35,0,356,0.0,,0.0,,8.951406649616368,0.08951406649616368,0.0,8.951406649616368,0,35,391,0,vote,0,1
DT hard_vote,symmetric,0.0,relabel,1,0,27,0,364,0.0,,0.0,,6.905370843989769,0.06905370843989769,0.0,6.90537084398977,0,27,391,0,vote,0,1
NB threshold,symmetric,0.0,relabel,1,0,32,0,359,0.0,,0.0,,8.184143222506394,0.08184143222506395,0.0,8.184143222506394,0,32,391,0,vote,0,1
DT threshold,symmetric,0.0,relabel,1,0,27,0,364,0.0,,0.0,,6.905370843989769,0.06905370843989769,0.0,6.90537084398977,0,27,391,0,vote,0,1
committee consensus,symmetric,0.0,relabel,1,0,16,0,375,0.0,,0.0,,4.092071611253197,0.04092071611253197,0.0,4.092071611253197,0,16,391,0,vote,0,1
dual agreement,symmetric,0.0,relabel,1,0,15,0,376,0.0,,0.0,,3.8363171355498724,0.03836317135549872,0.0,3.836317135549872,0,15,391,0,vote,0,1
none,symmetric,0.0,relabel,2,0,0,0,391,,,,,0.0,0.0,0.0,0.0,0,0,391,0,vote,0,2
NB hard_vote,symmetric,0.0,relabel,2,0,41,0,350,0.0,,0.0,,10.485933503836318,0.10485933503836317,0.0,10.485933503836318,0,41,391,0,vote,0,2
DT hard_vote,symmetric,0.0,relabel,2,0,22,0,369,0.0,,0.0,,5.626598465473146,0.056265984654731455,0.0,5.626598465473146,0,22,391,0,vote,0,2
NB threshold,symmetric,0.0,relabel,2,0,37,0,354,0.0,,0.0,,9.462915601023019,0.09462915601023018,0.0,9.462915601023019,0,37,391,0,vote,0,2
DT threshold,symmetric,0.0,relabel,2,0,22,0,369,0.0,,0.0,,5.626598465473146,0.056265984654731455,0.0,5.626598465473146,0,22,391,0,vote,0,2
committee consensus,symmetric,0.0,relabel,2,0,15,0,376,0.0,,0.0,,3.8363171355498724,0.03836317135549872,0.0,3.836317135549872,0,15,391,0,vote,0,2
dual agreement,symmetric,0.0,relabel,2,0,14,0,377,0.0,,0.0,,3.580562659846547,0.03580562659846547,0.0,3.580562659846547,0,14,391,0,vote,0,2
none,symmetric,0.0,relabel,3,0,0,0,391,,,,,0.0,0.0,0.0,0.0,0,0,391,0,vote,0,3
NB hard_vote,symmetric,0.0,relabel,3,0,37,0,354,0.0,,0.0,,9.462915601023019,0.09462915601023018,0.0,9.462915601023019,0,37,391,0,vote,0,3
DT hard_vote,symmetric,0.0,relabel,3,0,27,0,364,0.0,,0.0,,6.905370843989769,0.06905370843989769,0.0,6.90537084398977,0,27,391,0,vote,0,3
NB threshold,symmetric,0.0,relabel,3,0,34,0,357,0.0,,0.0,,8.695652173913043,0.08695652173913043,0.0,8.695652173913043,0,34,391,0,vote,0,3
DT threshold,symmetric,0.0,relabel,3,0,27,0,364,0.0,,0.0,,6.905370843989769,0.06905370843989769,0.0,6.90537084398977,0,27,391,0,vote,0,3
committee consensus,symmetric,0.0,relabel,3,0,14,0,377,0.0,,0.0,,3.580562659846547,0.03580562659846547,0.0,3.580562659846547,0,14,391,0,vote,0,3
dual agreement,symmetric,0.0,relabel,3,0,13,0,378,0.0,,0.0,,3.324808184143223,0.03324808184143223,0.0,3.3248081841432224,0,13,391,0,vote,0,3
none,symmetric,0.0,relabel,4,0,0,0,391,,,,,0.0,0.0,0.0,0.0,0,0,391,0,vote,0,4
NB hard_vote,symmetric,0.0,relabel,4,0,39,0,352,0.0,,0.0,,9.974424552429667,0.09974424552429667,0.0,9.974424552429667,0,39,391,0,vote,0,4
DT hard_vote,symmetric,0.0,relabel,4,0,23,0,368,0.0,,0.0,,5.88235294117647,0.058823529411764705,0.0,5.882352941176471,0,23,391,0,vote,0,4
NB threshold,symmetric,0.0,relabel,4,0,36,0,355,0.0,,0.0,,9.207161125319693,0.09207161125319693,0.0,9.207161125319693,0,36,391,0,vote,0,4
DT threshold,symmetric,0.0,relabel,4,0,23,0,368,0.0,,0.0,,5.88235294117647,0.058823529411764705,0.0,5.882352941176471,0,23,391,0,vote,0,4
committee consensus,symmetric,0.0,relabel,4,0,13,0,378,0.0,,0.0,,3.324808184143223,0.03324808184143223,0.0,3.3248081841432224,0,13,391,0,vote,0,4
dual agreement,symmetric,0.0,relabel,4,0,12,0,379,0.0,,0.0,,3.0690537084398977,0.030690537084398978,0.0,3.0690537084398977,0,12,391,0,vote,0,4
none,symmetric,0.0,relabel,5,0,0,0,392,,,,,0.0,0.0,0.0,0.0,0,0,392,0,vote,0,5
NB hard_vote,symmetric,0.0,relabel,5,0,40,0,352,0.0,,0.0,,10.204081632653061,0.10204081632653061,0.0,10.204081632653061,0,40,392,0,vote,0,5
DT hard_vote,symmetric,0.0,relabel,5,0,22,0,370,0.0,,0.0,,5.612244897959184,0.05612244897959184,0.0,5.612244897959184,0,22,392,0,vote,0,5
NB threshold,symmetric,0.0,relabel,5,0,34,0,358,0.0,,0.0,,8.673469387755102,0.08673469387755102,0.0,8.673469387755102,0,34,392,0,vote,0,5
DT threshold,symmetric,0.0,relabel,5,0,22,0,370,0.0,,0.0,,5.612244897959184,0.05612244897959184,0.0,5.612244897959184,0,22,392,0,vote,0,5
committee consensus,symmetric,0.0,relabel,5,0,10,0,382,0.0,,0.0,,2.5510204081632653,0.025510204081632654,0.0,2.5510204081632653,0,10,392,0,vote,0,5
dual agreement,symmetric,0.0,relabel,5,0,9,0,383,0.0,,0.0,,2.295918367346939,0.02295918367346939,0.0,2.295918367346939,0,9,392,0,vote,0,5
none,symmetric,0.0,relabel,6,0,0,0,392,,,,,0.0,0.0,0.0,0.0,0,0,392,0,vote,0,6
NB hard_vote,symmetric,0.0,relabel,6,0,37,0,355,0.0,,0.0,,9.438775510204081,0.09438775510204081,0.0,9.438775510204081,0,37,392,0,vote,0,6
DT hard_vote,symmetric,0.0,relabel,6,0,22,0,370,0.0,,0.0,,5.612244897959184,0.05612244897959184,0.0,5.612244897959184,0,22,392,0,vote,0,6
NB threshold,symmetric,0.0,relabel,6,0,33,0,359,0.0,,0.0,,8.418367346938775,0.08418367346938775,0.0,8.418367346938776,0,33,392,0,vote,0,6
DT threshold,symmetric,0.0,relabel,6,0,22,0,370,0.0,,0.0,,5.612244897959184,0.05612244897959184,0.0,5.612244897959184,0,22,392,0,vote,0,6
committee consensus,symmetric,0.0,relabel,6,0,13,0,379,0.0,,0.0,,3.316326530612245,0.03316326530612245,0.0,3.316326530612245,0,13,392,0,vote,0,6
dual agreement,symmetric,0.0,relabel,6,0,12,0,380,0.0,,0.0,,3.061224489795918,0.030612244897959183,0.0,3.061224489795918,0,12,392,0,vote,0,6
none,symmetric,0.0,relabel,7,0,0,0,392,,,,,0.0,0.0,0.0,0.0,0,0,392,0,vote,0,7
NB hard_vote,symmetric,0.0,relabel,7,0,42,0,350,0.0,,0.0,,10.714285714285714,0.10714285714285714,0.0,10.714285714285714,0,42,392,0,vote,0,7
DT hard_vote,symmetric,0.0,relabel,7,0,22,0,370,0.0,,0.0,,5.612244897959184,0.05612244897959184,0.0,5.612244897959184,0,22,392,0,vote,0,7
NB threshold,symmetric,0.0,relabel,7,0,36,0,356,0.0,,0.0,,9.183673469387756,0.09183673469387756,0.0,9.183673469387756,0,36,392,0,vote,0,7
DT threshold,symmetric,0.0,relabel,7,0,22,0,370,0.0,,0.0,,5.612244897959184,0.05612244897959184,0.0,5.612244897959184,0,22,392,0,vote,0,7
committee consensus,symmetric,0.0,relabel,7,0,14,0,378,0.0,,0.0,,3.571428571428571,0.03571428571428571,0.0,3.5714285714285716,0,14,392,0,vote,0,7
dual agreement,symmetric,0.0,relabel,7,0,12,0,380,0.0,,0.0,,3.061224489795918,0.030612244897959183,0.0,3.061224489795918,0,12,392,0,vote,0,7
none,symmetric,0.0,relabel,8,0,0,0,392,,,,,0.0,0.0,0.0,0.0,0,0,392,0,vote,0,8
NB hard_vote,symmetric,0.0,relabel,8,0,38,0,354,0.0,,0.0,,9.693877551020408,0.09693877551020408,0.0,9.693877551020408,0,38,392,0,vote,0,8
DT hard_vote,symmetric,0.0,relabel,8,0,24,0,368,0.0,,0.0,,6.122448979591836,0.061224489795918366,0.0,6.122448979591836,0,24,392,0,vote,0,8
NB threshold,symmetric,0.0,relabel,8,0,36,0,356,0.0,,0.0,,9.183673469387756,0.09183673469387756,0.0,9.183673469387756,0,36,392,0,vote,0,8
DT threshold,symmetric,0.0,relabel,8,0,24,0,368,0.0,,0.0,,6.122448979591836,0.061224489795918366,0.0,6.122448979591836,0,24,392,0,vote,0,8
committee consensus,symmetric,0.0,relabel,8,0,13,0,379,0.0,,0.0,,3.316326530612245,0.03316326530612245,0.0,3.316326530612245,0,13,392,0,vote,0,8
dual agreement,symmetric,0.0,relabel,8,0,13,0,379,0.0,,0.0,,3.316326530612245,0.03316326530612245,0.0,3.316326530612245,0,13,392,0,vote,0,8
none,symmetric,0.0,relabel,9,0,0,0,392,,,,,0.0,0.0,0.0,0.0,0,0,392,0,vote,0,9
NB hard_vote,symmetric,0.0,relabel,9,0,40,0,352,0.0,,0.0,,10.204081632653061,0.10204081632653061,0.0,10.204081632653061,0,40,392,0,vote,0,9
DT hard_vote,symmetric,0.0,relabel,9,0,18,0,374,0.0,,0.0,,4.591836734693878,0.04591836734693878,0.0,4.591836734693878,0,18,392,0,vote,0,9
NB threshold,symmetric,0.0,relabel,9,0,33,0,359,0.0,,0.0,,8.418367346938775,0.08418367346938775,0.0,8.418367346938776,0,33,392,0,vote,0,9
DT threshold,symmetric,0.0,relabel,9,0,18,0,374,0.0,,0.0,,4.591836734693878,0.04591836734693878,0.0,4.591836734693878,0,18,392,0,vote,0,9
committee consensus,symmetric,0.0,relabel,9,0,11,0,381,0.0,,0.0,,2.806122448979592,0.02806122448979592,0.0,2.806122448979592,0,11,392,0,vote,0,9
dual agreement,symmetric,0.0,relabel,9,0,10,0,382,0.0,,0.0,,2.5510204081632653,0.025510204081632654,0.0,2.5510204081632653,0,10,392,0,vote,0,9
none,symmetric,0.2,relabel,0,0,0,79,312,,0.0,0.0,,0.0,0.0,20.20460358056266,20.20460358056266,0,0,391,0,vote,0,0
NB hard_vote,symmetric,0.2,relabel,0,69,36,10,276,0.6571428571428571,0.8734177215189873,0.75,0.943524829600779,26.854219948849106,0.11538461538461539,20.20460358056266,11.764705882352942,69,36,391,0,vote,0,0
DT hard_vote,symmetric,0.2,relabel,0,56,76,23,236,0.42424242424242425,0.7088607594936709,0.5308056872037915,0.7286392405063291,33.75959079283887,0.24358974358974358,20.20460358056266,25.319693094629155,56,76,391,0,vote,0,0
NB threshold,symmetric,0.2,relabel,0,66,30,13,282,0.6875,0.8354430379746836,0.7542857142857143,0.943524829600779,24.55242966751918,0.09615384615384616,20.20460358056266,10.997442455242966,66,30,391,0,vote,0,0
DT threshold,symmetric,0.2,relabel,0,55,67,24,245,0.45081967213114754,0.6962025316455697,0.5472636815920398,0.7286392405063291,31.202046035805626,0.21474358974358973,20.20460358056266,23.273657289002557,55,67,391,0,vote,0,0
committee consensus,symmetric,0.2,relabel,0,53,16,26,296,0.7681159420289855,0.6708860759493671,0.7162162162162162,0.8956101914962675,17.647058823529413,0.05128205128205128,20.20460358056266,10.741687979539641,53,16,391,0,vote,0,0
dual agreement,symmetric,0.2,relabel,0,51,12,28,300,0.8095238095238095,0.6455696202531646,0.7183098591549296,0.8956101914962675,16.11253196930946,0.038461538461538464,20.20460358056266,10.230179028132993,51,12,391,0,vote,0,0
none,symmetric,0.2,relabel,1,0,0,83,308,,0.0,0.0,,0.0,0.0,21.22762148337596,21.22762148337596,0,0,391,0,vote,0,1
NB hard_vote,symmetric,0.2,relabel,1,69,27,14,281,0.71875,0.8313253012048193,0.770949720670391,0.9481301830699422,24.55242966751918,0.08766233766233766,21.22762148337596,10.485933503836318,69,27,391,0,vote,0,1
DT hard_vote,symmetric,0.2,relabel,1,62,60,21,248,0.5081967213114754,0.7469879518072289,0.6048780487804878,0.7739007979971836,31.202046035805626,0.19480519480519481,21.22762148337596,20.71611253196931,62,60,391,0,vote,0,1
NB threshold,symmetric,0.2,relabel,1,67,25,16,283,0.7282608695652174,0.8072289156626506,0.7657142857142857,0.9481301830699422,23.52941176470588,0.08116883116883117,21.22762148337596,10.485933503836318,67,25,391,0,vote,0,1
DT threshold,symmetric,0.2,relabel,1,61,51,22,257,0.5446428571428571,0.7349397590361446,0.6256410256410256,0.7739007979971836,28.644501278772378,0.16558441558441558,21.22762148337596,18.67007672634271,61,51,391,0,vote,0,1
committee consensus,symmetric,0.2,relabel,1,55,15,28,293,0.7857142857142857,0.6626506024096386,0.7189542483660131,0.9211782193709904,17.902813299232736,0.048701298701298704,21.22762148337596,10.997442455242966,55,15,391,0,vote,0,1
dual agreement,symmetric,0.2,relabel,1,52,13,31,295,0.8,0.6265060240963856,0.7027027027027027,0.9211782193709904,16.624040920716112,0.04220779220779221,21.22762148337596,11.253196930946292,52,13,391,0,vote,0,1
none,symmetric,0.2,relabel,2,0,0,80,311,,0.0,0.0,,0.0,0.0,20.460358056265985,20.460358056265985,0,0,391,0,vote,0,2
NB hard_vote,symmetric,0.2,relabel,2,73,35,7,276,0.6759259259259259,0.9125,0.776595744680851,0.9623794212218649,27.621483375959077,0.11254019292604502,20.460358056265985,10.741687979539641,73,35,391,0,vote,0,2
DT hard_vote,symmetric,0.2,relabel,2,63,77,17,234,0.45,0.7875,0.5727272727272728,0.7492966237942122,35.80562659846547,0.24758842443729903,20.460358056265985,24.04092071611253,63,77,391,0,vote,0,2
NB threshold,symmetric,0.2,relabel,2,73,31,7,280,0.7019230769230769,0.9125,0.7934782608695652,0.9623794212218649,26.598465473145783,0.09967845659163987,20.460358056265985,9.718670076726342,73,31,391,0,vote,0,2
DT threshold,symmetric,0.2,relabel,2,59,71,21,240,0.45384615384615384,0.7375,0.5619047619047619,0.7492966237942122,33.248081841432224,0.2282958199356913,20.460358056265985,23.529411764705884,59,71,391,0,vote,0,2
committee consensus,symmetric,0.2,relabel,2,60,18,20,293,0.7692307692307693,0.75,0.759493670886076,0.9164389067524115,19.948849104859335,0.05787781350482315,20.460358056265985,9.718670076726342,60,18,391,0,vote,0,2
dual agreement,symmetric,0.2,relabel,2,56,17,24,294,0.7671232876712328,0.7,0.7320261437908496,0.9164389067524115,18.67007672634271,0.05466237942122187,20.460358056265985,10.485933503836318,56,17,391,0,vote,0,2
none,symmetric,0.2,relabel,3,0,0,71,320,,0.0,0.0,,0.0,0.0,18.15856777493606,18.15856777493606,0,0,391,0,vote,0,3
NB hard_vote,symmetric,0.2,relabel,3,65,33,6,287,0.6632653061224489,0.9154929577464789,0.7692307692307693,0.9622359154929577,25.063938618925828,0.103125,18.15856777493606,9.974424552429667,65,33,391,0,vote,0,3
DT hard_vote,symmetric,0.2,relabel,3,50,58,21,262,0.46296296296296297,0.704225352112676,0.5586592178770949,0.7467649647887323,27.621483375959077,0.18125,18.15856777493606,20.20460358056266,50,58,391,0,vote,0,3
NB threshold,symmetric,0.2,relabel,3,63,30,8,290,0.6774193548387096,0.8873239436619719,0.7682926829268293,0.9622359154929577,23.785166240409207,0.09375,18.15856777493606,9.718670076726342,63,30,391,0,vote,0,3
DT threshold,symmetric,0.2,relabel,3,49,57,22,263,0.46226415094339623,0.6901408450704225,0.5536723163841808,0.7467649647887323,27.10997442455243,0.178125,18.15856777493606,20.20460358056266,49,57,391,0,vote,0,3
committee consensus,symmetric,0.2,relabel,3,46,10,25,310,0.8214285714285714,0.647887323943662,0.7244094488188977,0.9279489436619719,14.322250639386189,0.03125,18.15856777493606,8.951406649616368,46,10,391,0,vote,0,3
dual agreement,symmetric,0.2,relabel,3,44,10,27,310,0.8148148148148148,0.6197183098591549,0.704,0.9279489436619719,13.810741687979538,0.03125,18.15856777493606,9.462915601023019,44,10,391,0,vote,0,3
none,symmetric,0.2,relabel,4,0,0,63,328,,0.0,0.0,,0.0,0.0,16.11253196930946,16.11253196930946,0,0,391,0,vote,0,4
NB hard_vote,symmetric,0.2,relabel,4,57,33,6,295,0.6333333333333333,0.9047619047619048,0.7450980392156863,0.945654277971351,23.017902813299234,0.10060975609756098,16.11253196930946,9.974424552429667,57,33,391,0,vote,0,4
DT hard_vote,symmetric,0.2,relabel,4,54,62,9,266,0.46551724137931033,0.8571428571428571,0.6033519553072626,0.8293166860240031,29.66751918158568,0.18902439024390244,16.11253196930946,18.15856777493606,54,62,391,0,vote,0,4
NB threshold,symmetric,0.2,relabel,4,55,32,8,296,0.632183908045977,0.873015873015873,0.7333333333333333,0.945654277971351,22.25063938618926,0.0975609756097561,16.11253196930946,10.230179028132993,55,32,391,0,vote,0,4
DT threshold,symmetric,0.2,relabel,4,52,54,11,274,0.49056603773584906,0.8253968253968254,0.6153846153846154,0.8293166860240031,27.10997442455243,0.16463414634146342,16.11253196930946,16.624040920716112,52,54,391,0,vote,0,4
committee consensus,symmetric,0.2,relabel,4,50,9,13,319,0.847457627118644,0.7936507936507936,0.819672131147541,0.951219512195122,15.089514066496163,0.027439024390243903,16.11253196930946,5.626598465473146,50,9,391,0,vote,0,4
dual agreement,symmetric,0.2,relabel,4,46,8,17,320,0.8518518518518519,0.7301587301587301,0.7863247863247863,0.951219512195122,13.810741687979538,0.024390243902439025,16.11253196930946,6.3938618925831205,46,8,391,0,vote,0,4
none,symmetric,0.2,relabel,5,0,0,79,313,,0.0,0.0,,0.0,0.0,20.153061224489797,20.153061224489797,0,0,392,0,vote,0,5
NB hard_vote,symmetric,0.2,relabel,5,74,37,5,276,0.6666666666666666,0.9367088607594937,0.7789473684210526,0.9681724430784163,28.316326530612244,0.1182108626198083,20.153061224489797,10.714285714285714,74,37,392,0,vote,0,5
DT hard_vote,symmetric,0.2,relabel,5,62,78,17,235,0.44285714285714284,0.7848101265822784,0.5662100456621004,0.7766611396449224,35.714285714285715,0.24920127795527156,20.153061224489797,24.23469387755102,62,78,392,0,vote,0,5
NB threshold,symmetric,0.2,relabel,5,74,35,5,278,0.6788990825688074,0.9367088607594937,0.7872340425531915,0.9681724430784163,27.806122448979593,0.11182108626198083,20.153061224489797,10.204081632653061,74,35,392,0,vote,0,5
DT threshold,symmetric,0.2,relabel,5,62,71,17,242,0.46616541353383456,0.7848101265822784,0.5849056603773585,0.7766611396449224,33.92857142857143,0.2268370607028754,20.153061224489797,22.448979591836736,62,71,392,0,vote,0,5
committee consensus,symmetric,0.2,relabel,5,60,20,19,293,0.75,0.759493670886076,0.7547169811320755,0.931936749302382,20.408163265306122,0.06389776357827476,20.153061224489797,9.948979591836734,60,20,392,0,vote,0,5
dual agreement,symmetric,0.2,relabel,5,60,20,19,293,0.75,0.759493670886076,0.7547169811320755,0.931936749302382,20.408163265306122,0.06389776357827476,20.153061224489797,9.948979591836734,60,20,392,0,vote,0,5
none,symmetric,0.2,relabel,6,0,0,79,313,,0.0,0.0,,0.0,0.0,20.153061224489797,20.153061224489797,0,0,392,0,vote,0,6
NB hard_vote,symmetric,0.2,relabel,6,75,36,4,277,0.6756756756756757,0.9493670886075949,0.7894736842105263,0.9700327577142395,28.316326530612244,0.11501597444089456,20.153061224489797,10.204081632653061,75,36,392,0,vote,0,6
DT hard_vote,symmetric,0.2,relabel,6,61,82,18,231,0.42657342657342656,0.7721518987341772,0.5495495495495496,0.7500707728394063,36.47959183673469,0.26198083067092653,20.153061224489797,25.510204081632654,61,82,392,0,vote,0,6
NB threshold,symmetric,0.2,relabel,6,73,34,6,279,0.6822429906542056,0.9240506329113924,0.7849462365591398,0.9700327577142395,27.29591836734694,0.10862619808306709,20.153061224489797,10.204081632653061,73,34,392,0,vote,0,6
DT threshold,symmetric,0.2,relabel,6,61,78,18,235,0.43884892086330934,0.7721518987341772,0.5596330275229358,0.7500707728394063,35.45918367346938,0.24920127795527156,20.153061224489797,24.489795918367346,61,78,392,0,vote,0,6
committee consensus,symmetric,0.2,relabel,6,59,12,20,301,0.8309859154929577,0.7468354430379747,0.7866666666666666,0.9269219881101629,18.112244897959183,0.038338658146964855,20.153061224489797,8.16326530612245,59,12,392,0,vote,0,6
dual agreement,symmetric,0.2,relabel,6,57,12,22,301,0.8260869565217391,0.7215189873417721,0.7702702702702703,0.9269219881101629,17.602040816326532,0.038338658146964855,20.153061224489797,8.673469387755102,57,12,392,0,vote,0,6
none,symmetric,0.2,relabel,7,0,0,85,307,,0.0,0.0,,0.0,0.0,21.683673469387756,21.683673469387756,0,0,392,0,vote,0,7
NB hard_vote,symmetric,0.2,relabel,7,77,37,8,270,0.6754385964912281,0.9058823529411765,0.7738693467336684,0.9565050776010731,29.081632653061224,0.12052117263843648,21.683673469387756,11.479591836734693,77,37,392,0,vote,0,7
DT hard_vote,symmetric,0.2,relabel,7,70,82,15,225,0.4605263157894737,0.8235294117647058,0.5907172995780591,0.7671967809925273,38.775510204081634,0.2671009771986971,21.683673469387756,24.744897959183675,70,82,392,0,vote,0,7
NB threshold,symmetric,0.2,relabel,7,75,32,10,275,0.7009345794392523,0.8823529411764706,0.78125,0.9565050776010731,27.29591836734694,0.10423452768729642,21.683673469387756,10.714285714285714,75,32,392,0,vote,0,7
DT threshold,symmetric,0.2,relabel,7,69,79,16,228,0.46621621621621623,0.8117647058823529,0.592274678111588,0.7671967809925273,37.755102040816325,0.25732899022801303,21.683673469387756,24.23469387755102,69,79,392,0,vote,0,7
committee consensus,symmetric,0.2,relabel,7,65,14,20,293,0.8227848101265823,0.7647058823529411,0.7926829268292683,0.9295267292584786,20.153061224489797,0.04560260586319218,21.683673469387756,8.673469387755102,65,14,392,0,vote,0,7
dual agreement,symmetric,0.2,relabel,7,63,13,22,294,0.8289473684210527,0.7411764705882353,0.782608695652174,0.9295267292584786,19.387755102040817,0.04234527687296417,21.683673469387756,8.928571428571429,63,13,392,0,vote,0,7
none,symmetric,0.2,relabel,8,0,0,72,320,,0.0,0.0,,0.0,0.0,18.367346938775512,18.367346938775512,0,0,392,0,vote,0,8
NB hard_vote,symmetric,0.2,relabel,8,66,37,6,283,0.6407766990291263,0.9166666666666666,0.7542857142857143,0.955642361111111,26.27551020408163,0.115625,18.367346938775512,10.96938775510204,66,37,392,0,vote,0,8
DT hard_vote,symmetric,0.2,relabel,8,61,61,11,259,0.5,0.8472222222222222,0.6288659793814433,0.8258463541666667,31.122448979591837,0.190625,18.367346938775512,18.367346938775512,61,61,392,0,vote,0,8
NB threshold,symmetric,0.2,relabel,8,66,34,6,286,0.66,0.9166666666666666,0.7674418604651163,0.955642361111111,25.510204081632654,0.10625,18.367346938775512,10.204081632653061,66,34,392,0,vote,0,8
DT threshold,symmetric,0.2,relabel,8,58,57,14,263,0.5043478260869565,0.8055555555555556,0.6203208556149733,0.8258463541666667,29.336734693877553,0.178125,18.367346938775512,18.112244897959183,58,57,392,0,vote,0,8
committee consensus,symmetric,0.2,relabel,8,58,10,14,310,0.8529411764705882,0.8055555555555556,0.8285714285714286,0.9457899305555556,17.346938775510203,0.03125,18.367346938775512,6.122448979591836,58,10,392,0,vote,0,8
dual agreement,symmetric,0.2,relabel,8,55,9,17,311,0.859375,0.7638888888888888,0.8088235294117647,0.9457899305555556,16.3265306122449,0.028125,18.367346938775512,6.63265306122449,55,9,392,0,vote,0,8
none,symmetric,0.2,relabel,9,0,0,77,315,,0.0,0.0,,0.0,0.0,19.642857142857142,19.642857142857142,0,0,392,0,vote,0,9
NB hard_vote,symmetric,0.2,relabel,9,71,37,6,278,0.6574074074074074,0.922077922077922,0.7675675675675676,0.9553906411049268,27.55102040816326,0.11746031746031746,19.642857142857142,10.96938775510204,71,37,392,0,vote,0,9
DT hard_vote,symmetric,0.2,relabel,9,61,76,16,239,0.44525547445255476,0.7922077922077922,0.5700934579439252,0.7691403834260977,34.94897959183674,0.24126984126984127,19.642857142857142,23.46938775510204,61,76,392,0,vote,0,9
NB threshold,symmetric,0.2,relabel,9,70,33,7,282,0.6796116504854369,0.9090909090909091,0.7777777777777778,0.9553906411049268,26.27551020408163,0.10476190476190476,19.642857142857142,10.204081632653061,70,33,392,0,vote,0,9
DT threshold,symmetric,0.2,relabel,9,59,71,18,244,0.45384615384615384,0.7662337662337663,0.5700483091787439,0.7691403834260977,33.16326530612245,0.2253968253968254,19.642857142857142,22.70408163265306,59,71,392,0,vote,0,9
committee consensus,symmetric,0.2,relabel,9,58,18,19,297,0.7631578947368421,0.7532467532467533,0.7581699346405228,0.9270253555967841,19.387755102040817,0.05714285714285714,19.642857142857142,9.438775510204081,58,18,392,0,vote,0,9
dual agreement,symmetric,0.2,relabel,9,55,15,22,300,0.7857142857142857,0.7142857142857143,0.7482993197278912,0.9270253555967841,17.857142857142858,0.047619047619047616,19.642857142857142,9.438775510204081,55,15,392,0,vote,0,9
none,pairflip,0.0,relabel,0,0,0,0,391,,,,,0.0,0.0,0.0,0.0,0,0,391,0,vote,0,0
NB hard_vote,pairflip,0.0,relabel,0,0,38,0,353,0.0,,0.0,,9.718670076726342,0.09718670076726342,0.0,9.718670076726342,0,38,391,0,vote,0,0
DT hard_vote,pairflip,0.0,relabel,0,0,19,0,372,0.0,,0.0,,4.859335038363171,0.04859335038363171,0.0,4.859335038363171,0,19,391,0,vote,0,0
NB threshold,pairflip,0.0,relabel,0,0,33,0,358,0.0,,0.0,,8.439897698209718,0.08439897698209718,0.0,8.439897698209718,0,33,391,0,vote,0,0
DT threshold,pairflip,0.0,relabel,0,0,19,0,372,0.0,,0.0,,4.859335038363171,0.04859335038363171,0.0,4.859335038363171,0,19,391,0,vote,0,0
committee consensus,pairflip,0.0,relabel,0,0,14,0,377,0.0,,0.0,,3.580562659846547,0.03580562659846547,0.0,3.580562659846547,0,14,391,0,vote,0,0
dual agreement,pairflip,0.0,relabel,0,0,13,0,378,0.0,,0.0,,3.324808184143223,0.03324808184143223,0.0,3.3248081841432224,0,13,391,0,vote,0,0
none,pairflip,0.0,relabel,1,0,0,0,391,,,,,0.0,0.0,0.0,0.0,0,0,391,0,vote,0,1
NB hard_vote,pairflip,0.0,relabel,1,0,35,0,356,0.0,,0.0,,8.951406649616368,0.08951406649616368,0.0,8.951406649616368,0,35,391,0,vote,0,1
DT hard_vote,pairflip,0.0,relabel,1,0,27,0,364,0.0,,0.0,,6.905370843989769,0.06905370843989769,0.0,6.90537084398977,0,27,391,0,vote,0,1
NB threshold,pairflip,0.0,relabel,1,0,32,0,359,0.0,,0.0,,8.184143222506394,0.08184143222506395,0.0,8.184143222506394,0,32,391,0,vote,0,1
DT threshold,pairflip,0.0,relabel,1,0,27,0,364,0.0,,0.0,,6.905370843989769,0.06905370843989769,0.0,6.90537084398977,0,27,391,0,vote,0,1
committee consensus,pairflip,0.0,relabel,1,0,16,0,375,0.0,,0.0,,4.092071611253197,0.04092071611253197,0.0,4.092071611253197,0,16,391,0,vote,0,1
dual agreement,pairflip,0.0,relabel,1,0,15,0,376,0.0,,0.0,,3.8363171355498724,0.03836317135549872,0.0,3.836317135549872,0,15,391,0,vote,0,1
none,pairflip,0.0,relabel,2,0,0,0,391,,,,,0.0,0.0,0.0,0.0,0,0,391,0,vote,0,2
NB hard_vote,pairflip,0.0,relabel,2,0,41,0,350,0.0,,0.0,,10.485933503836318,0.10485933503836317,0.0,10.485933503836318,0,41,391,0,vote,0,2
DT hard_vote,pairflip,0.0,relabel,2,0,22,0,369,0.0,,0.0,,5.626598465473146,0.056265984654731455,0.0,5.626598465473146,0,22,391,0,vote,0,2
NB threshold,pairflip,0.0,relabel,2,0,37,0,354,0.0,,0.0,,9.462915601023019,0.09462915601023018,0.0,9.462915601023019,0,37,391,0,vote,0,2
DT threshold,pairflip,0.0,relabel,2,0,22,0,369,0.0,,0.0,,5.626598465473146,0.056265984654731455,0.0,5.626598465473146,0,22,391,0,vote,0,2
committee consensus,pairflip,0.0,relabel,2,0,15,0,376,0.0,,0.0,,3.8363171355498724,0.03836317135549872,0.0,3.836317135549872,0,15,391,0,vote,0,2
dual agreement,pairflip,0.0,relabel,2,0,14,0,377,0.0,,0.0,,3.580562659846547,0.03580562659846547,0.0,3.580562659846547,0,14,391,0,vote,0,2
none,pairflip,0.0,relabel,3,0,0,0,391,,,,,0.0,0.0,0.0,0.0,0,0,391,0,vote,0,3
NB hard_vote,pairflip,0.0,relabel,3,0,37,0,354,0.0,,0.0,,9.462915601023019,0.09462915601023018,0.0,9.462915601023019,0,37,391,0,vote,0,3
DT hard_vote,pairflip,0.0,relabel,3,0,27,0,364,0.0,,0.0,,6.905370843989769,0.06905370843989769,0.0,6.90537084398977,0,27,391,0,vote,0,3
NB threshold,pairflip,0.0,relabel,3,0,34,0,357,0.0,,0.0,,8.695652173913043,0.08695652173913043,0.0,8.695652173913043,0,34,391,0,vote,0,3
DT threshold,pairflip,0.0,relabel,3,0,27,0,364,0.0,,0.0,,6.905370843989769,0.06905370843989769,0.0,6.90537084398977,0,27,391,0,vote,0,3
committee consensus,pairflip,0.0,relabel,3,0,14,0,377,0.0,,0.0,,3.580562659846547,0.03580562659846547,0.0,3.580562659846547,0,14,391,0,vote,0,3
dual agreement,pairflip,0.0,relabel,3,0,13,0,378,0.0,,0.0,,3.324808184143223,0.03324808184143223,0.0,3.3248081841432224,0,13,391,0,vote,0,3
none,pairflip,0.0,relabel,4,0,0,0,391,,,,,0.0,0.0,0.0,0.0,0,0,391,0,vote,0,4
NB hard_vote,pairflip,0.0,relabel,4,0,39,0,352,0.0,,0.0,,9.974424552429667,0.09974424552429667,0.0,9.974424552429667,0,39,391,0,vote,0,4
DT hard_vote,pairflip,0.0,relabel,4,0,23,0,368,0.0,,0.0,,5.88235294117647,0.058823529411764705,0.0,5.882352941176471,0,23,391,0,vote,0,4
NB threshold,pairflip,0.0,relabel,4,0,36,0,355,0.0,,0.0,,9.207161125319693,0.09207161125319693,0.0,9.207161125319693,0,36,391,0,vote,0,4
DT threshold,pairflip,0.0,relabel,4,0,23,0,368,0.0,,0.0,,5.88235294117647,0.058823529411764705,0.0,5.882352941176471,0,23,391,0,vote,0,4
committee consensus,pairflip,0.0,relabel,4,0,13,0,378,0.0,,0.0,,3.324808184143223,0.03324808184143223,0.0,3.3248081841432224,0,13,391,0,vote,0,4
dual agreement,pairflip,0.0,relabel,4,0,12,0,379,0.0,,0.0,,3.0690537084398977,0.030690537084398978,0.0,3.0690537084398977,0,12,391,0,vote,0,4
none,pairflip,0.0,relabel,5,0,0,0,392,,,,,0.0,0.0,0.0,0.0,0,0,392,0,vote,0,5
NB hard_vote,pairflip,0.0,relabel,5,0,40,0,352,0.0,,0.0,,10.204081632653061,0.10204081632653061,0.0,10.204081632653061,0,40,392,0,vote,0,5
DT hard_vote,pairflip,0.0,relabel,5,0,22,0,370,0.0,,0.0,,5.612244897959184,0.05612244897959184,0.0,5.612244897959184,0,22,392,0,vote,0,5
NB threshold,pairflip,0.0,relabel,5,0,34,0,358,0.0,,0.0,,8.673469387755102,0.08673469387755102,0.0,8.673469387755102,0,34,392,0,vote,0,5
DT threshold,pairflip,0.0,relabel,5,0,22,0,370,0.0,,0.0,,5.612244897959184,0.05612244897959184,0.0,5.612244897959184,0,22,392,0,vote,0,5
committee consensus,pairflip,0.0,relabel,5,0,10,0,382,0.0,,0.0,,2.5510204081632653,0.025510204081632654,0.0,2.5510204081632653,0,10,392,0,vote,0,5
dual agreement,pairflip,0.0,relabel,5,0,9,0,383,0.0,,0.0,,2.295918367346939,0.02295918367346939,0.0,2.295918367346939,0,9,392,0,vote,0,5
none,pairflip,0.0,relabel,6,0,0,0,392,,,,,0.0,0.0,0.0,0.0,0,0,392,0,vote,0,6
NB hard_vote,pairflip,0.0,relabel,6,0,37,0,355,0.0,,0.0,,9.438775510204081,0.09438775510204081,0.0,9.438775510204081,0,37,392,0,vote,0,6
DT hard_vote,pairflip,0.0,relabel,6,0,22,0,370,0.0,,0.0,,5.612244897959184,0.05612244897959184,0.0,5.612244897959184,0,22,392,0,vote,0,6
NB threshold,pairflip,0.0,relabel,6,0,33,0,359,0.0,,0.0,,8.418367346938775,0.08418367346938775,0.0,8.418367346938776,0,33,392,0,vote,0,6
DT threshold,pairflip,0.0,relabel,6,0,22,0,370,0.0,,0.0,,5.612244897959184,0.05612244897959184,0.0,5.612244897959184,0,22,392,0,vote,0,6
committee consensus,pairflip,0.0,relabel,6,0,13,0,379,0.0,,0.0,,3.316326530612245,0.03316326530612245,0.0,3.316326530612245,0,13,392,0,vote,0,6
dual agreement,pairflip,0.0,relabel,6,0,12,0,380,0.0,,0.0,,3.061224489795918,0.030612244897959183,0.0,3.061224489795918,0,12,392,0,vote,0,6
none,pairflip,0.0,relabel,7,0,0,0,392,,,,,0.0,0.0,0.0,0.0,0,0,392,0,vote,0,7
NB hard_vote,pairflip,0.0,relabel,7,0,42,0,350,0.0,,0.0,,10.714285714285714,0.10714285714285714,0.0,10.714285714285714,0,42,392,0,vote,0,7
DT hard_vote,pairflip,0.0,relabel,7,0,22,0,370,0.0,,0.0,,5.612244897959184,0.05612244897959184,0.0,5.612244897959184,0,22,392,0,vote,0,7
NB threshold,pairflip,0.0,relabel,7,0,36,0,356,0.0,,0.0,,9.183673469387756,0.09183673469387756,0.0,9.183673469387756,0,36,392,0,vote,0,7
DT threshold,pairflip,0.0,relabel,7,0,22,0,370,0.0,,0.0,,5.612244897959184,0.05612244897959184,0.0,5.612244897959184,0,22,392,0,vote,0,7
committee consensus,pairflip,0.0,relabel,7,0,14,0,378,0.0,,0.0,,3.571428571428571,0.03571428571428571,0.0,3.5714285714285716,0,14,392,0,vote,0,7
dual agreement,pairflip,0.0,relabel,7,0,12,0,380,0.0,,0.0,,3.061224489795918,0.030612244897959183,0.0,3.061224489795918,0,12,392,0,vote,0,7
none,pairflip,0.0,relabel,8,0,0,0,392,,,,,0.0,0.0,0.0,0.0,0,0,392,0,vote,0,8
NB hard_vote,pairflip,0.0,relabel,8,0,38,0,354,0.0,,0.0,,9.693877551020408,0.09693877551020408,0.0,9.693877551020408,0,38,392,0,vote,0,8
DT hard_vote,pairflip,0.0,relabel,8,0,24,0,368,0.0,,0.0,,6.122448979591836,0.061224489795918366,0.0,6.122448979591836,0,24,392,0,vote,0,8
NB threshold,pairflip,0.0,relabel,8,0,36,0,356,0.0,,0.0,,9.183673469387756,0.09183673469387756,0.0,9.183673469387756,0,36,392,0,vote,0,8
DT threshold,pairflip,0.0,relabel,8,0,24,0,368,0.0,,0.0,,6.122448979591836,0.061224489795918366,0.0,6.122448979591836,0,24,392,0,vote,0,8
committee consensus,pairflip,0.0,relabel,8,0,13,0,379,0.0,,0.0,,3.316326530612245,0.03316326530612245,0.0,3.316326530612245,0,13,392,0,vote,0,8
dual agreement,pairflip,0.0,relabel,8,0,13,0,379,0.0,,0.0,,3.316326530612245,0.03316326530612245,0.0,3.316326530612245,0,13,392,0,vote,0,8
none,pairflip,0.0,relabel,9,0,0,0,392,,,,,0.0,0.0,0.0,0.0,0,0,392,0,vote,0,9
NB hard_vote,pairflip,0.0,relabel,9,0,40,0,352,0.0,,0.0,,10.204081632653061,0.10204081632653061,0.0,10.204081632653061,0,40,392,0,vote,0,9
DT hard_vote,pairflip,0.0,relabel,9,0,18,0,374,0.0,,0.0,,4.591836734693878,0.04591836734693878,0.0,4.591836734693878,0,18,392,0,vote,0,9
NB threshold,pairflip,0.0,relabel,9,0,33,0,359,0.0,,0.0,,8.418367346938775,0.08418367346938775,0.0,8.418367346938776,0,33,392,0,vote,0,9
DT threshold,pairflip,0.0,relabel,9,0,18,0,374,0.0,,0.0,,4.591836734693878,0.04591836734693878,0.0,4.591836734693878,0,18,392,0,vote,0,9
committee consensus,pairflip,0.0,relabel,9,0,11,0,381,0.0,,0.0,,2.806122448979592,0.02806122448979592,0.0,2.806122448979592,0,11,392,0,vote,0,9
dual agreement,pairflip,0.0,relabel,9,0,10,0,382,0.0,,0.0,,2.5510204081632653,0.025510204081632654,0.0,2.5510204081632653,0,10,392,0,vote,0,9
none,pairflip,0.2,relabel,0,0,0,79,312,,0.0,0.0,,0.0,0.0,20.20460358056266,20.20460358056266,0,0,391,0,vote,0,0
NB hard_vote,pairflip,0.2,relabel,0,69,36,10,276,0.6571428571428571,0.8734177215189873,0.75,0.943524829600779,26.854219948849106,0.11538461538461539,20.20460358056266,11.764705882352942,69,36,391,0,vote,0,0
DT hard_vote,pairflip,0.2,relabel,0,56,76,23,236,0.42424242424242425,0.7088607594936709,0.5308056872037915,0.7286392405063291,33.75959079283887,0.24358974358974358,20.20460358056266,25.319693094629155,56,76,391,0,vote,0,0
NB threshold,pairflip,0.2,relabel,0,66,30,13,282,0.6875,0.8354430379746836,0.7542857142857143,0.943524829600779,24.55242966751918,0.09615384615384616,20.20460358056266,10.997442455242966,66,30,391,0,vote,0,0
DT threshold,pairflip,0.2,relabel,0,55,67,24,245,0.45081967213114754,0.6962025316455697,0.5472636815920398,0.7286392405063291,31.202046035805626,0.21474358974358973,20.20460358056266,23.273657289002557,55,67,391,0,vote,0,0
committee consensus,pairflip,0.2,relabel,0,53,16,26,296,0.7681159420289855,0.6708860759493671,0.7162162162162162,0.8956101914962675,17.647058823529413,0.05128205128205128,20.20460358056266,10.741687979539641,53,16,391,0,vote,0,0
dual agreement,pairflip,0.2,relabel,0,51,12,28,300,0.8095238095238095,0.6455696202531646,0.7183098591549296,0.8956101914962675,16.11253196930946,0.038461538461538464,20.20460358056266,10.230179028132993,51,12,391,0,vote,0,0
none,pairflip,0.2,relabel,1,0,0,83,308,,0.0,0.0,,0.0,0.0,21.22762148337596,21.22762148337596,0,0,391,0,vote,0,1
NB hard_vote,pairflip,0.2,relabel,1,69,27,14,281,0.71875,0.8313253012048193,0.770949720670391,0.9481301830699422,24.55242966751918,0.08766233766233766,21.22762148337596,10.485933503836318,69,27,391,0,vote,0,1
DT hard_vote,pairflip,0.2,relabel,1,62,60,21,248,0.5081967213114754,0.7469879518072289,0.6048780487804878,0.7739007979971836,31.202046035805626,0.19480519480519481,21.22762148337596,20.71611253196931,62,60,391,0,vote,0,1
NB threshold,pairflip,0.2,relabel,1,67,25,16,283,0.7282608695652174,0.8072289156626506,0.7657142857142857,0.9481301830699422,23.52941176470588,0.08116883116883117,21.22762148337596,10.485933503836318,67,25,391,0,vote,0,1
DT threshold,pairflip,0.2,relabel,1,61,51,22,257,0.5446428571428571,0.7349397590361446,0.6256410256410256,0.7739007979971836,28.644501278772378,0.16558441558441558,21.22762148337596,18.67007672634271,61,51,391,0,vote,0,1
committee consensus,pairflip,0.2,relabel,1,55,15,28,293,0.7857142857142857,0.6626506024096386,0.7189542483660131,0.9211782193709904,17.902813299232736,0.048701298701298704,21.22762148337596,10.997442455242966,55,15,391,0,vote,0,1
dual agreement,pairflip,0.2,relabel,1,52,13,31,295,0.8,0.6265060240963856,0.7027027027027027,0.9211782193709904,16.624040920716112,0.04220779220779221,21.22762148337596,11.253196930946292,52,13,391,0,vote,0,1
none,pairflip,0.2,relabel,2,0,0,80,311,,0.0,0.0,,0.0,0.0,20.460358056265985,20.460358056265985,0,0,391,0,vote,0,2
NB hard_vote,pairflip,0.2,relabel,2,73,35,7,276,0.6759259259259259,0.9125,0.776595744680851,0.9623794212218649,27.621483375959077,0.11254019292604502,20.460358056265985,10.741687979539641,73,35,391,0,vote,0,2
DT hard_vote,pairflip,0.2,relabel,2,63,77,17,234,0.45,0.7875,0.5727272727272728,0.7492966237942122,35.80562659846547,0.24758842443729903,20.460358056265985,24.04092071611253,63,77,391,0,vote,0,2
NB threshold,pairflip,0.2,relabel,2,73,31,7,280,0.7019230769230769,0.9125,0.7934782608695652,0.9623794212218649,26.598465473145783,0.09967845659163987,20.460358056265985,9.718670076726342,73,31,391,0,vote,0,2
DT threshold,pairflip,0.2,relabel,2,59,71,21,240,0.45384615384615384,0.7375,0.5619047619047619,0.7492966237942122,33.248081841432224,0.2282958199356913,20.460358056265985,23.529411764705884,59,71,391,0,vote,0,2
committee consensus,pairflip,0.2,relabel,2,60,18,20,293,0.7692307692307693,0.75,0.759493670886076,0.9164389067524115,19.948849104859335,0.05787781350482315,20.460358056265985,9.718670076726342,60,18,391,0,vote,0,2
dual agreement,pairflip,0.2,relabel,2,56,17,24,294,0.7671232876712328,0.7,0.7320261437908496,0.9164389067524115,18.67007672634271,0.05466237942122187,20.460358056265985,10.485933503836318,56,17,391,0,vote,0,2
none,pairflip,0.2,relabel,3,0,0,71,320,,0.0,0.0,,0.0,0.0,18.15856777493606,18.15856777493606,0,0,391,0,vote,0,3
NB hard_vote,pairflip,0.2,relabel,3,65,33,6,287,0.6632653061224489,0.9154929577464789,0.7692307692307693,0.9622359154929577,25.063938618925828,0.103125,18.15856777493606,9.974424552429667,65,33,391,0,vote,0,3
DT hard_vote,pairflip,0.2,relabel,3,50,58,21,262,0.46296296296296297,0.704225352112676,0.5586592178770949,0.7467649647887323,27.621483375959077,0.18125,18.15856777493606,20.20460358056266,50,58,391,0,vote,0,3
NB threshold,pairflip,0.2,relabel,3,63,30,8,290,0.6774193548387096,0.8873239436619719,0.7682926829268293,0.9622359154929577,23.785166240409207,0.09375,18.15856777493606,9.718670076726342,63,30,391,0,vote,0,3
DT threshold,pairflip,0.2,relabel,3,49,57,22,263,0.46226415094339623,0.6901408450704225,0.5536723163841808,0.7467649647887323,27.10997442455243,0.178125,18.15856777493606,20.20460358056266,49,57,391,0,vote,0,3
committee consensus,pairflip,0.2,relabel,3,46,10,25,310,0.8214285714285714,0.647887323943662,0.7244094488188977,0.9279489436619719,14.322250639386189,0.03125,18.15856777493606,8.951406649616368,46,10,391,0,vote,0,3
dual agreement,pairflip,0.2,relabel,3,44,10,27,310,0.8148148148148148,0.6197183098591549,0.704,0.9279489436619719,13.810741687979538,0.03125,18.15856777493606,9.462915601023019,44,10,391,0,vote,0,3
none,pairflip,0.2,relabel,4,0,0,63,328,,0.0,0.0,,0.0,0.0,16.11253196930946,16.11253196930946,0,0,391,0,vote,0,4
NB hard_vote,pairflip,0.2,relabel,4,57,33,6,295,0.6333333333333333,0.9047619047619048,0.7450980392156863,0.945654277971351,23.017902813299234,0.10060975609756098,16.11253196930946,9.974424552429667,57,33,391,0,vote,0,4
DT hard_vote,pairflip,0.2,relabel,4,54,62,9,266,0.46551724137931033,0.8571428571428571,0.6033519553072626,0.8293166860240031,29.66751918158568,0.18902439024390244,16.11253196930946,18.15856777493606,54,62,391,0,vote,0,4
NB threshold,pairflip,0.2,relabel,4,55,32,8,296,0.632183908045977,0.873015873015873,0.7333333333333333,0.945654277971351,22.25063938618926,0.0975609756097561,16.11253196930946,10.230179028132993,55,32,391,0,vote,0,4
DT threshold,pairflip,0.2,relabel,4,52,54,11,274,0.49056603773584906,0.8253968253968254,0.6153846153846154,0.8293166860240031,27.10997442455243,0.16463414634146342,16.11253196930946,16.624040920716112,52,54,391,0,vote,0,4
committee consensus,pairflip,0.2,relabel,4,50,9,13,319,0.847457627118644,0.7936507936507936,0.819672131147541,0.951219512195122,15.089514066496163,0.027439024390243903,16.11253196930946,5.626598465473146,50,9,391,0,vote,0,4
dual agreement,pairflip,0.2,relabel,4,46,8,17,320,0.8518518518518519,0.7301587301587301,0.7863247863247863,0.951219512195122,13.810741687979538,0.024390243902439025,16.11253196930946,6.3938618925831205,46,8,391,0,vote,0,4
none,pairflip,0.2,relabel,5,0,0,79,313,,0.0,0.0,,0.0,0.0,20.153061224489797,20.153061224489797,0,0,392,0,vote,0,5
NB hard_vote,pairflip,0.2,relabel,5,74,37,5,276,0.6666666666666666,0.9367088607594937,0.7789473684210526,0.9681724430784163,28.316326530612244,0.1182108626198083,20.153061224489797,10.714285714285714,74,37,392,0,vote,0,5
DT hard_vote,pairflip,0.2,relabel,5,62,78,17,235,0.44285714285714284,0.7848101265822784,0.5662100456621004,0.7766611396449224,35.714285714285715,0.24920127795527156,20.153061224489797,24.23469387755102,62,78,392,0,vote,0,5
NB threshold,pairflip,0.2,relabel,5,74,35,5,278,0.6788990825688074,0.9367088607594937,0.7872340425531915,0.9681724430784163,27.806122448979593,0.11182108626198083,20.153061224489797,10.204081632653061,74,35,392,0,vote,0,5
DT threshold,pairflip,0.2,relabel,5,62,71,17,242,0.46616541353383456,0.7848101265822784,0.5849056603773585,0.7766611396449224,33.92857142857143,0.2268370607028754,20.153061224489797,22.448979591836736,62,71,392,0,vote,0,5
committee consensus,pairflip,0.2,relabel,5,60,20,19,293,0.75,0.759493670886076,0.7547169811320755,0.931936749302382,20.408163265306122,0.06389776357827476,20.153061224489797,9.948979591836734,60,20,392,0,vote,0,5
dual agreement,pairflip,0.2,relabel,5,60,20,19,293,0.75,0.759493670886076,0.7547169811320755,0.931936749302382,20.408163265306122,0.06389776357827476,20.153061224489797,9.948979591836734,60,20,392,0,vote,0,5
none,pairflip,0.2,relabel,6,0,0,79,313,,0.0,0.0,,0.0,0.0,20.153061224489797,20.153061224489797,0,0,392,0,vote,0,6
NB hard_vote,pairflip,0.2,relabel,6,75,36,4,277,0.6756756756756757,0.9493670886075949,0.7894736842105263,0.9700327577142395,28.316326530612244,0.11501597444089456,20.153061224489797,10.204081632653061,75,36,392,0,vote,0,6
DT hard_vote,pairflip,0.2,relabel,6,61,82,18,231,0.42657342657342656,0.7721518987341772,0.5495495495495496,0.7500707728394063,36.47959183673469,0.26198083067092653,20.153061224489797,25.510204081632654,61,82,392,0,vote,0,6
NB threshold,pairflip,0.2,relabel,6,73,34,6,279,0.6822429906542056,0.9240506329113924,0.7849462365591398,0.9700327577142395,27.29591836734694,0.10862619808306709,20.153061224489797,10.204081632653061,73,34,392,0,vote,0,6
DT threshold,pairflip,0.2,relabel,6,61,78,18,235,0.43884892086330934,0.7721518987341772,0.5596330275229358,0.7500707728394063,35.45918367346938,0.24920127795527156,20.153061224489797,24.489795918367346,61,78,392,0,vote,0,6
committee consensus,pairflip,0.2,relabel,6,59,12,20,301,0.8309859154929577,0.7468354430379747,0.7866666666666666,0.9269219881101629,18.112244897959183,0.038338658146964855,20.153061224489797,8.16326530612245,59,12,392,0,vote,0,6
dual agreement,pairflip,0.2,relabel,6,57,12,22,301,0.8260869565217391,0.7215189873417721,0.7702702702702703,0.9269219881101629,17.602040816326532,0.038338658146964855,20.153061224489797,8.673469387755102,57,12,392,0,vote,0,6
none,pairflip,0.2,relabel,7,0,0,85,307,,0.0,0.0,,0.0,0.0,21.683673469387756,21.683673469387756,0,0,392,0,vote,0,7
NB hard_vote,pairflip,0.2,relabel,7,77,37,8,270,0.6754385964912281,0.9058823529411765,0.7738693467336684,0.9565050776010731,29.081632653061224,0.12052117263843648,21.683673469387756,11.479591836734693,77,37,392,0,vote,0,7
DT hard_vote,pairflip,0.2,relabel,7,70,82,15,225,0.4605263157894737,0.8235294117647058,0.5907172995780591,0.7671967809925273,38.775510204081634,0.2671009771986971,21.683673469387756,24.744897959183675,70,82,392,0,vote,0,7
NB threshold,pairflip,0.2,relabel,7,75,32,10,275,0.7009345794392523,0.8823529411764706,0.78125,0.9565050776010731,27.29591836734694,0.10423452768729642,21.683673469387756,10.714285714285714,75,32,392,0,vote,0,7
DT threshold,pairflip,0.2,relabel,7,69,79,16,228,0.46621621621621623,0.8117647058823529,0.592274678111588,0.7671967809925273,37.755102040816325,0.25732899022801303,21.683673469387756,24.23469387755102,69,79,392,0,vote,0,7
committee consensus,pairflip,0.2,relabel,7,65,14,20,293,0.8227848101265823,0.7647058823529411,0.7926829268292683,0.9295267292584786,20.153061224489797,0.04560260586319218,21.683673469387756,8.673469387755102,65,14,392,0,vote,0,7
dual agreement,pairflip,0.2,relabel,7,63,13,22,294,0.8289473684210527,0.7411764705882353,0.782608695652174,0.9295267292584786,19.387755102040817,0.04234527687296417,21.683673469387756,8.928571428571429,63,13,392,0,vote,0,7
none,pairflip,0.2,relabel,8,0,0,72,320,,0.0,0.0,,0.0,0.0,18.367346938775512,18.367346938775512,0,0,392,0,vote,0,8
NB hard_vote,pairflip,0.2,relabel,8,66,37,6,283,0.6407766990291263,0.9166666666666666,0.7542857142857143,0.955642361111111,26.27551020408163,0.115625,18.367346938775512,10.96938775510204,66,37,392,0,vote,0,8
DT hard_vote,pairflip,0.2,relabel,8,61,61,11,259,0.5,0.8472222222222222,0.6288659793814433,0.8258463541666667,31.122448979591837,0.190625,18.367346938775512,18.367346938775512,61,61,392,0,vote,0,8
NB threshold,pairflip,0.2,relabel,8,66,34,6,286,0.66,0.9166666666666666,0.7674418604651163,0.955642361111111,25.510204081632654,0.10625,18.367346938775512,10.204081632653061,66,34,392,0,vote,0,8
DT threshold,pairflip,0.2,relabel,8,58,57,14,263,0.5043478260869565,0.8055555555555556,0.6203208556149733,0.8258463541666667,29.336734693877553,0.178125,18.367346938775512,18.112244897959183,58,57,392,0,vote,0,8
committee consensus,pairflip,0.2,relabel,8,58,10,14,310,0.8529411764705882,0.8055555555555556,0.8285714285714286,0.9457899305555556,17.346938775510203,0.03125,18.367346938775512,6.122448979591836,58,10,392,0,vote,0,8
dual agreement,pairflip,0.2,relabel,8,55,9,17,311,0.859375,0.7638888888888888,0.8088235294117647,0.9457899305555556,16.3265306122449,0.028125,18.367346938775512,6.63265306122449,55,9,392,0,vote,0,8
none,pairflip,0.2,relabel,9,0,0,77,315,,0.0,0.0,,0.0,0.0,19.642857142857142,19.642857142857142,0,0,392,0,vote,0,9
NB hard_vote,pairflip,0.2,relabel,9,71,37,6,278,0.6574074074074074,0.922077922077922,0.7675675675675676,0.9553906411049268,27.55102040816326,0.11746031746031746,19.642857142857142,10.96938775510204,71,37,392,0,vote,0,9
DT hard_vote,pairflip,0.2,relabel,9,61,76,16,239,0.44525547445255476,0.7922077922077922,0.5700934579439252,0.7691403834260977,34.94897959183674,0.24126984126984127,19.642857142857142,23.46938775510204,61,76,392,0,vote,0,9
NB threshold,pairflip,0.2,relabel,9,70,33,7,282,0.6796116504854369,0.9090909090909091,0.7777777777777778,0.9553906411049268,26.27551020408163,0.10476190476190476,19.642857142857142,10.204081632653061,70,33,392,0,vote,0,9
DT threshold,pairflip,0.2,relabel,9,59,71,18,244,0.45384615384615384,0.7662337662337663,0.5700483091787439,0.7691403834260977,33.16326530612245,0.2253968253968254,19.642857142857142,22.70408163265306,59,71,392,0,vote,0,9
committee consensus,pairflip,0.2,relabel,9,58,18,19,297,0.7631578947368421,0.7532467532467533,0.7581699346405228,0.9270253555967841,19.387755102040817,0.05714285714285714,19.642857142857142,9.438775510204081,58,18,392,0,vote,0,9
dual agreement,pairflip,0.2,relabel,9,55,15,22,300,0.7857142857142857,0.7142857142857143,0.7482993197278912,0.9270253555967841,17.857142857142858,0.047619047619047616,19.642857142857142,9.438775510204081,55,15,392,0,vote,0,9
