row_id,2,5,8,9,10,11,12,16,19,class
0,125.0,0.0,0.66666675,0.31111118,6.185185,7.3333335,7.6666665,-7.888889,-1.1218182,BRICKFACE
1,133.0,0.0,0.5,0.077777736,6.6666665,8.333334,7.7777777,-8.333333,-0.92481726,BRICKFACE
2,139.0,0.0,0.83333325,0.52222216,6.111111,7.5555553,7.2222223,-7.6666665,-0.96594584,BRICKFACE
3,137.0,0.0,1.111111,0.47407418,5.851852,7.7777777,6.4444447,-7.5555553,-0.74427164,BRICKFACE
4,111.0,0.0,0.8888889,0.4296295,6.037037,7.0,7.6666665,-7.7777777,-1.1757725,BRICKFACE
5,128.0,0.0,0.66666675,0.31111118,5.5555553,6.888889,6.6666665,-7.3333335,-0.98581076,BRICKFACE
6,67.0,0.0,2.4444447,3.1851847,20.0,19.555555,25.88889,-16.333334,-1.6232022,BRICKFACE
7,110.0,0.0,2.6666667,1.0222229,17.925926,18.88889,21.444445,-13.444445,-1.3450956,BRICKFACE
8,108.0,0.0,1.3888888,0.95185167,17.666666,19.0,21.11111,-14.333333,-1.3021333,BRICKFACE
9,101.0,0.0,1.2777777,1.2185181,21.296297,21.222221,26.777779,-16.222221,-1.5585992,BRICKFACE
10,145.0,0.0,0.6111111,0.3740741,3.925926,5.5555553,4.0,-5.111111,-0.57094,BRICKFACE
11,55.0,0.0,1.7777773,0.7851852,23.444445,21.666666,31.11111,-17.666666,-1.7711632,BRICKFACE
12,129.0,0.0,0.6666667,0.17777774,6.3333335,7.888889,7.3333335,-7.6666665,-0.9327826,BRICKFACE
13,116.0,0.0,1.5555557,0.87407404,21.703703,21.222221,27.555555,-16.11111,-1.6322426,BRICKFACE
14,44.0,0.0,2.3888896,1.5296285,18.74074,17.333334,25.222221,-15.222222,-1.7537255,BRICKFACE
15,136.0,0.0,1.0000001,0.4444444,6.259259,7.7777777,7.2222223,-7.4444447,-0.92460656,BRICKFACE
16,124.0,0.0,0.38888875,0.107407376,6.037037,7.4444447,7.3333335,-8.111111,-1.0247301,BRICKFACE
17,85.0,0.0,1.777778,0.96296287,17.962963,18.88889,21.88889,-14.555555,-1.386867,BRICKFACE
18,116.0,0.0,0.4444445,0.20740739,6.4814816,7.5555553,8.222222,-8.444445,-1.1910701,BRICKFACE
19,124.0,0.0,0.8888889,0.3407407,5.888889,7.111111,7.111111,-7.3333335,-1.0376626,BRICKFACE
20,116.0,0.0,0.33333325,0.13333334,5.6296296,6.7777777,7.0,-7.5555553,-1.0996237,BRICKFACE
21,60.0,0.0,2.888889,2.8740742,26.74074,24.666666,35.22222,-19.222221,-1.776113,BRICKFACE
22,149.0,0.0,0.72222227,0.15185171,5.4444447,4.111111,8.666667,-5.6666665,-1.9857028,BRICKFACE
23,95.0,0.0,0.944444,0.5518514,21.407408,21.333334,26.666666,-15.555555,-1.5673273,BRICKFACE
24,84.0,0.0,1.6111107,2.2851882,23.851852,23.555555,30.0,-17.555555,-1.598867,BRICKFACE
25,102.0,0.0,2.611111,1.4851857,23.074074,22.11111,29.777779,-17.222221,-1.6854404,BRICKFACE
26,138.0,0.0,0.83333325,0.29999986,5.740741,7.3333335,6.5555553,-7.2222223,-0.8621077,BRICKFACE
27,133.0,0.0,1.1666666,0.21111093,6.4444447,7.7777777,7.888889,-8.333333,-1.0776595,BRICKFACE
28,113.0,0.0,2.944444,1.5296295,20.25926,20.0,25.444445,-14.777778,-1.5856091,BRICKFACE
29,57.0,0.0,2.1111107,1.7185175,26.296297,24.666666,34.444447,-19.555555,-1.7390174,BRICKFACE
30,25.0,0.0,1.1111107,0.118517555,128.0,117.77778,142.33334,-12.333333,-2.3545518,SKY
31,33.0,0.0,0.50000125,0.3496027,110.59259,96.77778,128.66667,-12.777778,-2.4080186,SKY
32,41.0,0.0,0.38889185,0.32773316,109.703705,95.111115,128.88889,-13.777778,-2.404745,SKY
33,99.0,0.0,0.7777786,0.47407353,93.40741,79.0,118.0,-30.555555,-2.2077565,SKY
34,20.0,0.0,0.8333333,0.7527733,125.0,114.0,140.55556,-13.666667,-2.348006,SKY
35,29.0,0.0,1.0555534,0.90741664,128.44444,119.22222,142.88889,-15.666667,-2.271128,SKY
36,32.0,0.0,2.6111095,1.0407379,136.2963,129.77779,146.33334,-10.555555,-2.280755,SKY
37,90.0,0.0,0.7777786,0.56296283,113.48148,105.888885,128.55556,-22.444445,-2.0978148,SKY
38,39.0,0.0,1.8333334,0.699999,113.37037,102.55556,132.0,-23.444445,-2.1981578,SKY
39,11.0,0.0,2.8888905,5.051852,143.44444,136.88889,150.88889,-2.6666667,-2.5216477,SKY
40,79.0,0.0,0.7777786,0.4036864,107.74074,93.888885,126.55556,-14.888889,-2.3779652,SKY
41,18.0,0.0,0.9444453,0.37407914,138.62962,133.33334,147.55556,-10.888889,-2.2146115,SKY
42,42.0,0.0,1.6666679,1.2649081,108.92593,95.666664,126.22222,-12.111111,-2.4103878,SKY
43,18.0,0.0,0.55555725,0.2721644,112.111115,97.22222,130.44444,-10.333333,-2.45498,SKY
44,74.0,0.0,0.50000125,0.07777796,101.85185,89.111115,123.22222,-25.88889,-2.2205532,SKY
45,24.0,0.0,0.88888806,1.1407489,127.62963,117.666664,141.66667,-12.222222,-2.349252,SKY
46,27.0,0.0,0.5,0.25555483,138.07408,132.55556,146.55556,-8.888889,-2.2645319,SKY
47,21.0,0.0,1.1666666,0.4082483,126.77778,115.77778,141.88889,-12.333333,-2.3703718,SKY
48,83.0,0.0,1.0555521,0.50740635,90.62963,74.55556,116.888885,-30.555555,-2.2390528,SKY
49,29.0,0.0,1.3888906,1.5740819,128.48148,119.0,142.77777,-14.444445,-2.2977605,SKY
50,52.0,0.0,0.7777774,0.7407436,111.62963,101.0,129.22223,-20.88889,-2.2296848,SKY
51,101.0,0.0,0.61110944,0.32963282,134.92592,126.44444,147.22223,-11.444445,-2.3287346,SKY
52,30.0,0.0,1.2222227,0.7200825,113.25926,100.77778,130.11111,-13.111111,-2.3853076,SKY
53,64.0,0.0,1.3333308,0.91893595,108.77778,96.333336,126.22222,-15.0,-2.3554425,SKY
54,50.0,0.0,0.9444453,0.9525792,107.44444,94.666664,125.77778,-16.666666,-2.3372955,SKY
55,40.0,0.0,0.7222226,0.7722025,110.703705,96.22222,129.0,-11.444445,-2.4346924,SKY
56,71.0,0.0,1.4999987,0.29999846,125.96296,115.55556,140.88889,-13.555555,-2.339758,SKY
57,56.0,0.0,0.8333333,0.5666677,126.0,115.888885,140.66667,-13.666667,-2.3267827,SKY
58,32.0,0.0,1.7777786,1.3109215,126.22222,115.111115,142.22223,-14.666667,-2.333746,SKY
59,46.0,0.0,2.166668,0.7817352,124.55556,112.77778,141.0,-14.0,-2.357688,SKY
66,87.0,0.11111111,44.722225,1386.3292,67.44444,58.77778,79.0,-8.666667,-2.4221272,FOLIAGE
69,80.0,0.0,16.666666,71.5111,23.62963,17.333334,31.666666,-5.2222223,-2.4315135,FOLIAGE
70,81.0,0.11111111,5.722223,28.50741,12.481482,7.6666665,18.88889,-4.7777777,-2.388561,FOLIAGE
77,108.0,0.11111111,27.277779,15.930981,49.814816,41.77778,61.11111,-9.777778,-2.3604913,FOLIAGE
83,81.0,0.0,9.222222,205.36296,21.333334,14.0,30.555555,-5.6666665,-2.438409,FOLIAGE
90,119.0,0.0,0.9444459,0.772202,39.851852,36.22222,48.22222,-14.222222,-2.0059998,CEMENT
91,80.0,0.0,0.6666667,0.9333318,39.703705,36.333336,48.22222,-15.444445,-1.9626464,CEMENT
92,45.0,0.0,2.0555553,1.5263131,53.074074,48.11111,63.77778,-17.222221,-2.0459049,CEMENT
94,105.0,0.0,2.166666,1.6777797,45.74074,41.22222,56.333332,-18.222221,-1.9960818,CEMENT
95,78.0,0.0,2.5555565,2.8740728,43.814816,41.11111,51.88889,-16.11111,-1.8860723,CEMENT
96,127.0,0.0,8.555555,59.54075,40.74074,38.0,48.22222,-14.222222,-1.9083478,CEMENT
97,101.0,0.0,1.1111113,1.186342,45.037037,39.0,57.11111,-18.11111,-2.0943027,CEMENT
98,120.0,0.0,1.5555547,1.8338387,47.851852,44.77778,56.333332,-16.222221,-1.9107349,CEMENT
99,117.0,0.0,1.4444433,0.86066324,39.037037,33.555557,49.77778,-15.777778,-2.1062348,CEMENT
100,89.0,0.0,0.72222203,0.38968238,31.703703,27.333334,41.0,-14.777778,-2.0465415,CEMENT
101,100.0,0.0,1.4444447,0.6518514,55.37037,50.333332,66.88889,-19.444445,-2.00619,CEMENT
103,57.0,0.0,0.99999875,0.36514837,65.703705,59.444443,79.44444,-22.444445,-2.0307028,CEMENT
104,148.0,0.0,1.0555553,0.5074078,29.074074,21.444445,41.555557,-14.555555,-2.2379715,CEMENT
106,87.0,0.0,1.1666666,0.62361073,64.03704,55.77778,80.333336,-24.11111,-2.105073,CEMENT
107,32.0,0.0,0.83333397,0.83665866,59.48148,54.22222,70.88889,-18.444445,-2.042422,CEMENT
110,68.0,0.0,1.5555559,0.96296287,56.77778,52.0,68.22222,-20.0,-1.9843078,CEMENT
111,80.0,0.0,1.3333334,0.7111086,40.51852,37.77778,47.666668,-13.222222,-1.942698,CEMENT
112,73.0,0.0,0.7777774,1.0036957,46.296295,45.666668,51.11111,-12.555555,-1.6815889,CEMENT
113,117.0,0.0,1.277778,0.74286777,45.88889,39.555557,58.444443,-18.666666,-2.0994802,CEMENT
114,90.0,0.0,1.2777773,0.87981415,65.18519,57.666668,79.77778,-21.222221,-2.108813,CEMENT
115,121.0,0.0,0.94444436,0.9047208,41.037037,37.444443,49.444443,-14.444445,-1.9955361,CEMENT
116,17.0,0.22222222,5.0,2.319004,44.592594,40.333336,54.0,-15.444445,-2.030048,CEMENT
117,28.0,0.0,0.8333333,0.6582806,62.407406,53.444443,79.111115,-23.222221,-2.1445074,CEMENT
118,102.0,0.0,0.8888893,0.2962955,58.22222,53.444443,69.66667,-20.0,-1.9855843,CEMENT
119,65.0,0.0,26.444445,25.537477,56.703705,52.666668,64.44444,-11.111111,-1.9708116,CEMENT
120,144.0,0.0,0.0,0.0,0.0,0.0,0.0,0.0,0.0,WINDOW
121,141.0,0.0,0.0,0.0,0.0,0.0,0.0,0.0,0.0,WINDOW
122,153.0,0.0,0.0,0.0,0.0,0.0,0.0,0.0,0.0,WINDOW
123,89.0,0.0,6.1666665,4.7034264,17.0,13.0,24.555555,-10.666667,-2.1297464,WINDOW
124,94.0,0.0,0.22222221,0.029629631,1.1851852,0.22222222,3.2222223,-3.2222223,-2.0712416,WINDOW
126,131.0,0.0,0.0,0.0,0.0,0.0,0.0,0.0,0.0,WINDOW
128,152.0,0.0,1.2222222,0.8296299,1.5185186,1.0,2.8888888,-2.5555556,-1.9332389,WINDOW
134,62.0,0.0,0.6666667,0.55777335,6.4074073,4.111111,11.444445,-8.222222,-2.0341523,WINDOW
135,152.0,0.0,0.0,0.0,0.0,0.0,0.0,0.0,0.0,WINDOW
136,134.0,0.0,0.61111116,0.24074072,2.9629629,1.1111112,6.4444447,-4.888889,-2.133095,WINDOW
137,62.0,0.0,0.44444442,0.50184846,6.4444447,4.111111,11.444445,-8.0,-2.0487173,WINDOW
138,145.0,0.0,0.22222222,0.2721655,0.5555556,0.33333334,1.2222222,-1.3333334,-1.9209436,WINDOW
139,58.0,0.0,0.4444445,0.34426522,8.333333,5.5555553,14.111111,-9.0,-2.0685637,WINDOW
141,41.0,0.0,0.22222225,0.17213258,0.7037037,0.5555556,1.2222222,-1.1111112,-1.8451205,WINDOW
143,12.0,0.0,2.3333333,1.9663839,6.259259,3.8888888,11.333333,-8.111111,-2.057978,WINDOW
145,137.0,0.0,0.6111111,0.71232533,0.7407407,0.33333334,1.7777778,-1.8888888,-2.0076063,WINDOW
146,61.0,0.0,0.4999999,0.45946813,7.0740743,4.666667,12.222222,-8.222222,-2.0487173,WINDOW
147,93.0,0.0,1.0555555,0.86296237,14.407408,9.888889,22.88889,-11.888889,-2.1374934,WINDOW
148,115.0,0.0,0.16666669,0.033333343,1.2222222,0.44444445,2.8888888,-2.6666667,-2.0655363,WINDOW
149,134.0,0.0,0.94444436,0.1518523,2.1111112,1.0,4.666667,-4.3333335,-2.0131435,WINDOW
150,197.0,0.11111111,1.2777786,1.1038647,63.22222,56.22222,77.77778,-22.666666,-2.06802,PATH
151,189.0,0.0,11.722221,114.59634,26.444445,23.444445,33.0,-10.666667,-2.1010017,PATH
152,187.0,0.0,2.1111114,1.7847083,59.37037,52.666668,74.111115,-24.11111,-2.03348,PATH
153,201.0,0.0,5.5555553,5.795274,40.296295,35.77778,49.0,-12.555555,-2.1758256,PATH
154,176.0,0.11111111,5.111111,2.8414931,60.296295,53.333332,75.66667,-25.222221,-2.0306482,PATH
155,190.0,0.0,1.6111107,1.1238158,49.48148,44.77778,60.666668,-19.444445,-1.9875989,PATH
156,193.0,0.0,3.3888881,2.489236,41.703705,37.88889,50.666668,-15.444445,-1.9929975,PATH
157,161.0,0.0,8.999999,31.022234,42.037037,36.0,52.22222,-12.444445,-2.282295,PATH
158,196.0,0.0,2.222222,1.6688869,61.592594,55.0,75.66667,-22.444445,-2.0487363,PATH
159,193.0,0.0,2.8888893,2.1773255,60.11111,53.11111,75.111115,-24.0,-2.047766,PATH
161,180.0,0.0,3.833332,2.888675,50.407406,45.22222,62.333332,-20.222221,-2.0087192,PATH
162,161.0,0.0,11.5,18.922234,40.444443,35.333336,49.666668,-12.333333,-2.198939,PATH
163,183.0,0.0,3.3888881,1.5974506,54.037037,48.88889,66.55556,-22.11111,-1.9749589,PATH
164,187.0,0.0,3.0555553,2.3890193,48.51852,44.11111,59.88889,-20.88889,-1.9474715,PATH
165,191.0,0.0,3.277778,2.8001328,59.74074,52.88889,74.77778,-24.555555,-2.03548,PATH
166,186.0,0.0,1.7777767,1.2412661,48.444443,43.77778,59.88889,-20.333334,-1.9730555,PATH
167,163.0,0.0,18.166666,41.988934,40.0,34.555557,48.0,-7.6666665,-2.5174901,PATH
168,197.0,0.0,4.9444447,3.1227946,50.333332,44.666668,62.22222,-18.666666,-2.0712209,PATH
169,182.0,0.0,3.6111107,9.218522,34.925926,31.444445,42.88889,-13.444445,-2.0011246,PATH
170,201.0,0.22222222,5.2222214,3.1245742,53.703705,47.11111,67.22222,-20.777779,-2.0752265,PATH
171,196.0,0.0,2.222222,1.1482682,47.25926,41.77778,58.555557,-17.444445,-2.0746155,PATH
172,189.0,0.0,3.7777774,1.544405,58.407406,51.333332,72.44444,-20.88889,-2.1013258,PATH
173,176.0,0.11111111,3.444444,1.6953092,53.666668,47.11111,67.66667,-22.333334,-2.0522583,PATH
174,194.0,0.0,2.277778,2.03761,49.74074,44.444443,61.666668,-19.88889,-2.0218375,PATH
175,185.0,0.0,3.1111114,2.2771008,49.037037,44.0,60.666668,-19.777779,-2.006186,PATH
176,195.0,0.0,4.111111,2.2476342,47.703705,42.444443,58.88889,-17.777779,-2.0527046,PATH
177,210.0,0.11111111,4.444444,2.613356,51.296295,45.444443,64.333336,-21.555555,-2.0208955,PATH
178,180.0,0.0,3.1111114,1.0886629,48.555557,44.11111,59.0,-18.0,-1.9960423,PATH
179,193.0,0.0,2.222222,1.8094397,61.407406,53.666668,76.55556,-22.222221,-2.1093748,PATH
180,156.0,0.0,1.9999996,0.55777323,23.703703,17.333334,25.444445,13.888889,2.8649306,GRASS
181,180.0,0.0,3.0,1.8666646,22.333334,18.333334,21.444445,14.666667,2.4538307,GRASS
182,181.0,0.0,2.6666667,2.0888875,19.62963,17.11111,17.88889,12.777778,2.1891353,GRASS
183,216.0,0.0,2.1666663,1.1444442,14.555555,10.888889,13.666667,13.666667,2.4475467,GRASS
184,221.0,0.0,1.4444445,1.5851862,14.074074,10.666667,12.444445,15.111111,2.3172119,GRASS
185,199.0,0.0,1.3888893,0.71232533,15.0,13.333333,11.777778,14.666667,1.9053026,GRASS
186,250.0,0.0,1.4444445,1.0255988,9.222222,6.5555553,7.3333335,13.666667,2.1929355,GRASS
187,166.0,0.0,2.444445,1.0518519,16.962963,12.333333,16.333334,15.777778,2.5158255,GRASS
188,173.0,0.0,2.1111114,1.9851853,17.148148,13.555555,15.555555,15.555555,2.332739,GRASS
189,245.0,0.0,3.1666667,3.2777781,6.4074073,6.2222223,6.0,1.7777778,1.7566451,GRASS
190,223.0,0.0,1.6666666,2.4444442,6.6666665,4.888889,4.666667,11.333333,2.0465877,GRASS
191,183.0,0.0,2.1666667,1.798147,15.37037,12.666667,12.444445,16.88889,2.0758736,GRASS
192,215.0,0.0,4.722222,2.6450515,23.037037,17.11111,22.555555,19.222221,2.5610487,GRASS
193,177.0,0.0,1.4444443,1.71852,19.592592,15.777778,18.444445,14.888889,2.413262,GRASS
195,224.0,0.0,3.0555556,3.0215273,20.25926,15.444445,17.777779,21.88889,2.3041532,GRASS
196,211.0,0.0,1.6666666,1.7333333,15.444445,12.444445,15.222222,9.666667,2.5549645,GRASS
197,175.0,0.0,2.8333333,2.1679492,15.37037,12.444445,13.555555,14.222222,2.2421958,GRASS
198,195.0,0.0,0.61111087,0.6804136,16.037037,14.444445,13.333333,12.888889,1.9430399,GRASS
199,201.0,0.0,0.94444424,0.5518518,7.7777777,6.2222223,5.5555553,11.333333,1.9829868,GRASS
200,236.0,0.0,1.9999999,0.93333334,12.518518,9.555555,10.777778,14.111111,2.2671974,GRASS
201,191.0,0.0,3.1111114,4.6074066,15.185185,12.111111,14.888889,10.111111,2.545329,GRASS
202,170.0,0.0,0.94444436,0.38968262,25.444445,20.11111,25.333334,16.333334,2.6040132,GRASS
203,184.0,0.0,0.7777777,0.785185,11.851851,9.777778,9.888889,12.111111,2.1286457,GRASS
204,191.0,0.0,1.5,1.0111109,7.3333335,5.3333335,5.4444447,11.666667,2.1224225,GRASS
205,243.0,0.0,2.0,0.7111104,13.333333,9.888889,12.111111,14.0,2.3683105,GRASS
206,218.0,0.0,1.1666665,0.65555507,13.703704,10.666667,12.666667,12.222222,2.3826835,GRASS
207,236.0,0.0,3.3333333,7.599998,16.074074,13.111111,16.666668,7.111111,2.7898002,GRASS
208,240.0,0.0,2.4444444,5.007407,14.148149,10.888889,13.0,13.222222,2.3924873,GRASS
209,185.0,0.0,2.3888886,2.0807757,12.962963,11.555555,9.777778,13.777778,1.8388497,GRASS
210,189.0,0.0,1.2222223,1.1863422,12.925926,10.888889,9.222222,17.222221,1.9108642,GRASS
211,187.0,0.0,1.4444445,0.750309,13.740741,11.666667,10.333334,16.444445,1.9414649,GRASS
212,244.0,0.0,2.9999998,1.5202343,12.259259,10.333334,9.333334,14.555555,1.9879022,GRASS
213,232.0,0.0,1.0,0.8944273,12.703704,11.0,9.0,16.222221,1.875362,GRASS
214,186.0,0.0,1.1666671,1.0055404,15.592592,13.888889,11.777778,16.555555,1.8636538,GRASS
215,221.0,0.0,1.2222222,0.6206328,12.111111,10.222222,8.111112,17.666666,1.8771459,GRASS
216,224.0,0.0,2.3333335,1.6329932,14.62963,13.222222,11.444445,13.777778,1.8601909,GRASS
217,248.0,0.0,3.1666667,1.7224005,15.296296,14.777778,12.888889,8.777778,1.7835119,GRASS
218,233.0,0.0,2.111111,1.3277657,14.481482,12.555555,11.333333,15.222222,1.9504046,GRASS
219,229.0,0.0,2.4444447,1.6147469,13.703704,11.222222,11.111111,15.222222,2.0999045,GRASS
220,240.0,0.0,2.2777777,1.7051125,12.148149,9.777778,9.333334,15.555555,2.0438652,GRASS
221,209.0,0.0,1.3888888,0.99814624,12.518518,10.333334,10.333334,13.111111,2.0992203,GRASS
222,203.0,0.0,2.2777781,1.8787308,11.259259,8.777778,8.111112,16.88889,2.019747,GRASS
223,189.0,0.0,1.0555555,0.82775915,12.888889,10.444445,9.444445,17.666666,1.9855517,GRASS
224,238.0,0.0,2.3333333,2.4404008,8.925926,6.3333335,6.5555553,14.888889,2.1260629,GRASS
225,217.0,0.0,1.6666665,1.3498971,11.925926,9.777778,9.0,15.222222,2.0066419,GRASS
226,201.0,0.0,1.0555555,0.8004625,10.666667,8.666667,7.0,17.0,1.9092555,GRASS
227,184.0,0.0,0.8333333,0.62360954,14.222222,12.333333,11.0,15.333333,1.9378915,GRASS
228,176.0,0.0,1.0,0.5577736,18.481482,15.111111,17.0,14.555555,2.332243,GRASS
229,182.0,0.0,0.7777775,0.6554615,16.777779,14.555555,12.777778,18.666666,1.9164191,GRASS
230,203.0,0.0,1.9444443,1.5263122,12.407408,10.0,9.0,17.444445,1.9867483,GRASS
231,197.0,0.0,4.5555553,2.7460418,11.962963,8.888889,9.555555,16.444445,2.164262,GRASS
232,223.0,0.0,1.9444445,1.5116831,14.740741,12.666667,11.555555,15.777778,1.9665359,GRASS
233,237.0,0.0,2.6666667,2.564718,13.222222,10.888889,10.0,16.666666,1.9903806,GRASS
234,245.0,0.0,2.2777777,1.496911,16.37037,13.555555,14.333333,14.555555,2.1980507,GRASS
235,187.0,0.0,0.8333335,1.0274024,15.222222,13.222222,12.777778,13.333333,2.038483,GRASS
236,219.0,0.0,3.2222223,2.491467,13.222222,10.333334,10.222222,17.666666,2.0861003,GRASS
237,250.0,0.0,1.4444445,1.0255988,9.222222,6.5555553,7.3333335,13.666667,2.1929355,GRASS
238,238.0,0.0,1.4444445,1.0680548,13.62963,11.111111,10.666667,16.444445,2.0466826,GRASS
239,251.0,0.0,8.0,1.6055425,20.666666,21.444445,17.777779,6.3333335,1.2870604,GRASS
240,164.0,0.0,1.2777778,0.49065349,11.333333,9.222222,10.333334,9.333333,2.291118,GRASS
241,203.0,0.0,1.3333331,0.8944272,9.777778,7.4444447,6.4444447,17.0,1.9847853,GRASS
242,245.0,0.11111111,2.1666667,1.2427571,9.740741,7.4444447,7.111111,14.777778,2.0694523,GRASS
243,210.0,0.0,1.4999999,0.9603243,11.851851,9.333334,8.888889,16.444445,2.0437257,GRASS
244,188.0,0.0,2.333333,0.7601162,15.740741,13.333333,14.0,12.444445,2.2046695,GRASS
245,169.0,0.0,1.6111112,0.8798151,12.814815,10.666667,9.777778,15.555555,1.9931829,GRASS
246,209.0,0.0,1.388889,0.92895794,11.62963,9.555555,9.222222,13.444445,2.0609548,GRASS
247,195.0,0.0,2.8333333,1.7224011,11.703704,9.444445,8.555555,16.222221,2.011228,GRASS
248,233.0,0.0,2.611111,1.90224,12.481482,10.333334,8.333334,18.88889,1.9036856,GRASS
249,185.0,0.0,2.3888886,2.0807757,12.962963,11.555555,9.777778,13.777778,1.8388497,GRASS
250,223.0,0.0,3.555556,2.9489486,15.037037,13.777778,12.888889,10.222222,1.9109454,GRASS
251,222.0,0.0,1.1666665,0.6236094,10.481482,8.666667,6.6666665,16.88889,1.8704867,GRASS
252,212.0,0.0,1.8333334,1.345775,12.296296,10.0,9.0,16.777779,1.9744948,GRASS
253,211.0,0.0,2.4444444,1.4555134,10.814815,8.888889,7.6666665,15.222222,1.9408315,GRASS
254,226.0,0.0,2.3888888,1.2895594,11.888889,10.111111,8.0,17.0,1.872506,GRASS
255,226.0,0.0,1.611111,1.0201668,16.703703,15.333333,13.0,15.222222,1.8223403,GRASS
256,198.0,0.0,1.9444448,1.3567389,12.185185,9.666667,10.555555,12.444445,2.2212758,GRASS
257,225.0,0.0,1.6111113,1.2895594,16.185184,14.444445,12.777778,15.444445,1.8910155,GRASS
258,186.0,0.0,2.0,1.173788,49.51852,45.11111,61.11111,-21.555555,-1.9408131,PATH
259,176.0,0.0,1.0000006,0.91893756,50.77778,46.0,62.333332,-20.333334,-1.9808797,PATH
260,189.0,0.0,3.1666667,1.0055408,49.666668,45.11111,60.88889,-20.0,-1.9732205,PATH
261,185.0,0.0,2.2777793,1.2895584,47.962963,44.11111,57.333332,-16.555555,-1.9820988,PATH
262,185.0,0.0,5.777777,5.556445,44.962963,40.666668,55.0,-17.222221,-2.0049882,PATH
263,192.0,0.0,2.5555553,1.5444032,47.51852,42.333336,59.22222,-19.555555,-2.020234,PATH
264,176.0,0.0,2.6666672,2.6915512,50.666668,46.0,62.666668,-22.0,-1.9514097,PATH
265,179.0,0.0,3.555556,3.0743864,50.555557,45.77778,62.11111,-20.333334,-1.9786568,PATH
266,196.0,0.0,2.2777767,1.2186811,47.77778,42.666668,58.77778,-17.666666,-2.0459957,PATH
267,192.0,0.0,4.3888893,3.5239923,46.37037,41.11111,57.666668,-18.11111,-2.047243,PATH
268,194.0,0.0,3.2222226,1.6953099,45.074074,40.22222,55.444443,-16.555555,-2.0469983,PATH
269,187.0,0.0,5.1111107,3.5381508,49.48148,44.666668,60.88889,-19.777779,-1.9906267,PATH
270,191.0,0.0,2.944444,1.0201671,49.185184,44.666668,59.77778,-18.222221,-1.9989927,PATH
271,195.0,0.0,2.3888893,2.102027,45.074074,39.666668,55.555557,-15.222222,-2.1185718,PATH
272,188.0,0.0,1.9999994,1.2472184,50.185184,45.0,62.11111,-20.222221,-2.0073802,PATH
273,176.0,0.0,1.5,1.1690452,49.74074,45.22222,61.0,-20.222221,-1.9657031,PATH
274,195.0,0.0,3.833334,2.3546653,47.925926,42.555557,59.22222,-17.777779,-2.0567336,PATH
275,182.0,0.0,7.0,5.6489916,39.851852,37.22222,47.333332,-14.555555,-1.8682772,PATH
276,187.0,0.11111111,2.6666672,2.4312778,48.37037,43.333332,60.11111,-20.11111,-1.9985466,PATH
277,200.0,0.0,2.5,1.2064643,45.296295,40.666668,55.77778,-17.555555,-2.0166461,PATH
278,172.0,0.0,9.777778,5.455545,42.037037,38.0,50.333332,-12.777778,-2.143718,PATH
279,184.0,0.0,3.6111114,1.8186271,45.22222,41.77778,54.444443,-17.333334,-1.9301959,PATH
280,177.0,0.0,2.1666672,1.9748423,48.407406,44.22222,59.333332,-20.222221,-1.9404231,PATH
281,187.0,0.0,3.0555553,2.3890193,48.51852,44.11111,59.88889,-20.88889,-1.9474715,PATH
282,176.0,0.0,1.5555559,1.9962938,50.296295,45.444443,62.11111,-20.88889,-1.9775702,PATH
283,190.0,0.0,2.055556,1.4669192,46.88889,42.0,57.77778,-18.0,-2.0251334,PATH
284,190.0,0.0,2.055556,1.103865,48.88889,44.22222,60.0,-19.333334,-1.9863075,PATH
285,190.0,0.0,1.6111107,1.1238158,49.48148,44.77778,60.666668,-19.444445,-1.9875989,PATH
286,195.0,0.0,2.0,0.9660913,46.555557,41.11111,57.333332,-16.0,-2.1013772,PATH
287,182.0,0.0,2.9444447,1.5974519,43.592594,40.333336,52.555557,-17.11111,-1.9191672,PATH
288,177.0,0.0,1.666666,1.173788,49.444443,45.0,61.0,-21.333334,-1.9426625,PATH
289,190.0,0.0,1.5555559,1.2049291,50.444443,44.88889,62.333332,-19.0,-2.048697,PATH
290,193.0,0.0,4.8333335,1.2952919,45.22222,40.88889,55.333332,-17.333334,-2.0001178,PATH
291,184.0,0.0,5.8333325,1.8104627,48.25926,43.88889,58.666668,-18.11111,-1.9867758,PATH
292,196.0,0.0,3.5555565,1.6953094,47.185184,42.11111,58.22222,-17.88889,-2.0394914,PATH
293,193.0,0.0,3.3888881,2.489236,41.703705,37.88889,50.666668,-15.444445,-1.9929975,PATH
294,186.0,0.0,2.9999993,1.3498974,48.22222,44.0,58.88889,-19.333334,-1.9560229,PATH
295,200.0,0.0,1.777778,1.1674607,46.11111,41.333336,56.555557,-17.0,-2.0380163,PATH
296,201.0,0.0,2.8333328,2.3357134,43.962963,39.22222,53.88889,-15.555555,-2.0678604,PATH
297,201.0,0.0,5.5555553,5.795274,40.296295,35.77778,49.0,-12.555555,-2.1758256,PATH
298,191.0,0.0,2.3333328,1.1925693,49.22222,44.0,60.555557,-18.333334,-2.040515,PATH
299,179.0,0.0,2.4444447,1.8816848,49.185184,44.88889,59.77778,-18.88889,-1.970398,PATH
300,196.0,0.0,2.222222,1.1482682,47.25926,41.77778,58.555557,-17.444445,-2.0746155,PATH
301,182.0,0.0,2.555556,1.5587274,46.37037,42.666668,56.333332,-18.777779,-1.9300476,PATH
302,191.0,0.11111111,5.722222,6.071487,48.22222,43.88889,58.666668,-18.333334,-1.964901,PATH
303,195.0,0.0,2.9999988,1.7384534,48.333332,42.77778,59.666668,-17.333334,-2.0810955,PATH
304,193.0,0.0,4.0555553,3.2756124,49.11111,43.333332,61.22222,-19.0,-2.0654206,PATH
305,186.0,0.0,1.9444441,1.7815933,49.62963,45.0,61.333332,-21.222221,-1.9580852,PATH
306,186.0,0.0,2.0555553,1.6788442,48.814816,44.11111,60.444443,-20.777779,-1.9685109,PATH
307,182.0,0.0,2.1111114,1.7722135,43.51852,40.22222,52.555557,-17.222221,-1.917349,PATH
308,181.0,0.0,4.777777,2.8648567,41.25926,37.77778,49.555557,-14.444445,-1.9983681,PATH
309,195.0,0.0,3.5000007,2.8886762,47.74074,42.77778,58.555557,-17.555555,-2.038956,PATH
310,183.0,0.0,1.5555553,1.4857352,43.185184,40.22222,52.0,-17.555555,-1.8877307,PATH
311,190.0,0.0,5.055556,2.784215,51.074074,44.88889,63.22222,-17.88889,-2.1126902,PATH
312,172.0,0.0,9.166667,5.8566217,42.333332,38.0,51.22222,-13.666667,-2.1265585,PATH
313,185.0,0.0,3.1111114,1.1674604,47.814816,43.88889,58.22222,-19.444445,-1.937924,PATH
314,193.0,0.0,4.6111107,3.5926886,41.185184,37.444443,50.0,-15.222222,-1.9958013,PATH
315,185.0,0.0,3.1111114,2.2771008,49.037037,44.0,60.666668,-19.777779,-2.006186,PATH
316,197.0,0.11111111,2.0,1.2649122,49.74074,44.333332,61.444443,-18.88889,-2.0433986,PATH
317,186.0,0.22222222,5.5000005,2.5188184,49.444443,44.666668,61.11111,-20.666666,-1.974394,PATH
318,180.0,0.0,3.1111114,1.0886629,48.555557,44.11111,59.0,-18.0,-1.9960423,PATH
319,194.0,0.22222222,3.8333333,3.0894084,48.62963,43.0,60.333332,-18.222221,-2.0718758,PATH
320,182.0,0.0,2.7777774,2.051197,43.62963,40.333336,52.88889,-17.88889,-1.9049777,PATH
321,195.0,0.0,1.8333346,1.709451,48.851852,43.22222,60.666668,-18.555555,-2.0630436,PATH
322,190.0,0.0,3.0000007,1.8499246,47.48148,42.444443,58.666668,-18.444445,-2.025942,PATH
323,188.0,0.0,3.6111107,2.23524,50.407406,45.444443,62.0,-19.88889,-1.9950715,PATH
324,195.0,0.0,3.722222,2.2052138,47.666668,42.444443,58.77778,-17.666666,-2.0516715,PATH
325,185.0,0.0,3.0555553,1.9254627,49.333332,45.333332,59.555557,-18.666666,-1.9527698,PATH
326,182.0,0.0,2.500002,1.42595,45.0,41.666668,54.333332,-18.0,-1.9106771,PATH
327,189.0,0.0,2.4444447,1.7847092,51.11111,45.77778,63.333332,-20.666666,-2.0089307,PATH
328,186.0,0.0,1.7777767,1.2412661,48.444443,43.77778,59.88889,-20.333334,-1.9730555,PATH
329,172.0,0.0,6.6666656,7.360555,44.77778,40.333336,54.666668,-16.333334,-2.0524528,PATH
330,195.0,0.0,4.111111,2.2476342,47.703705,42.444443,58.88889,-17.777779,-2.0527046,PATH
331,190.0,0.0,1.3888893,0.9525794,52.407406,47.333332,64.55556,-21.222221,-1.9858987,PATH
332,192.0,0.0,4.3888893,2.3796992,45.962963,40.555557,58.11111,-20.222221,-2.0165784,PATH
333,194.0,0.0,2.4444435,1.7971164,50.11111,44.22222,62.444443,-19.333334,-2.0642767,PATH
334,181.0,0.0,3.0000007,2.054805,46.88889,43.0,56.88889,-18.333334,-1.9490879,PATH
335,188.0,0.0,1.9444433,1.2546208,49.962963,45.11111,61.444443,-19.88889,-1.9934397,PATH
336,171.0,0.0,2.7777774,1.64204,45.925926,41.0,57.22222,-19.11111,-2.0107226,PATH
337,188.0,0.0,2.2777774,1.7815938,49.703705,44.666668,61.77778,-21.11111,-1.9845647,PATH
338,194.0,0.0,2.277778,2.03761,49.74074,44.444443,61.666668,-19.88889,-2.0218375,PATH
339,194.0,0.0,5.388889,3.0435104,41.296295,37.11111,50.444443,-14.888889,-2.0375679,PATH
340,180.0,0.0,3.833332,2.888675,50.407406,45.22222,62.333332,-20.222221,-2.0087192,PATH
341,177.0,0.0,1.6666673,0.9428091,51.074074,46.333332,63.11111,-21.88889,-1.9560046,PATH
342,171.0,0.0,3.6666667,3.1269426,45.77778,41.0,56.333332,-17.333334,-2.0329285,PATH
343,190.0,0.0,2.8888893,2.0940847,52.555557,46.88889,65.0,-20.333334,-2.0348296,PATH
344,173.0,0.0,9.0,6.749488,43.592594,39.555557,52.88889,-15.777778,-1.9988575,PATH
345,190.0,0.0,1.6111107,1.1238158,49.48148,44.77778,60.666668,-19.444445,-1.9875989,PATH
346,194.0,0.0,5.1111107,3.4167333,41.037037,37.0,49.77778,-14.111111,-2.0452008,PATH
347,36.0,0.0,0.4999999,0.2788868,7.5185184,4.7777777,13.0,-8.222222,-2.0972927,WINDOW
348,36.0,0.0,0.38888893,0.3277307,7.9259257,5.0,13.666667,-8.444445,-2.1073034,WINDOW
349,145.0,0.0,0.0,0.0,0.0,0.0,0.0,0.0,0.0,WINDOW
350,148.0,0.0,0.0,0.0,0.0,0.0,0.0,0.0,0.0,WINDOW
351,149.0,0.0,0.0,0.0,0.0,0.0,0.0,0.0,0.0,WINDOW
352,31.0,0.0,5.055555,2.678447,11.259259,8.333334,16.555555,-7.111111,-2.1719491,WINDOW
354,63.0,0.0,0.38888916,0.38968176,8.962963,6.3333335,14.0,-7.2222223,-2.1218371,WINDOW
355,141.0,0.0,0.055555556,0.13608277,0.037037037,0.0,0.11111111,-0.11111111,-2.0943952,WINDOW
357,62.0,0.0,0.6666667,0.55777335,6.4074073,4.111111,11.444445,-8.222222,-2.0341523,WINDOW
358,144.0,0.0,0.0,0.0,0.0,0.0,0.0,0.0,0.0,WINDOW
359,90.0,0.0,0.6666667,0.4714045,10.037037,7.5555553,15.0,-7.4444447,-2.067026,WINDOW
360,145.0,0.0,0.22222222,0.2721655,0.5555556,0.33333334,1.2222222,-1.3333334,-1.9209436,WINDOW
361,12.0,0.0,4.5,3.3582406,11.444445,8.444445,17.666668,-9.666667,-2.0644825,WINDOW
362,63.0,0.0,0.44444466,0.27216563,6.0740743,4.0,10.555555,-7.2222223,-2.04457,WINDOW
364,13.0,0.0,0.27777767,0.25092423,9.296296,6.111111,15.888889,-10.222222,-2.0741334,WINDOW
365,150.0,0.0,0.0,0.0,0.0,0.0,0.0,0.0,0.0,WINDOW
366,34.0,0.0,0.44444466,0.4036869,13.740741,9.777778,20.88889,-9.555555,-2.1628716,WINDOW
367,91.0,0.0,0.5555554,0.17213255,6.0,4.5555553,9.777778,-7.0,-1.9349097,WINDOW
368,89.0,0.0,0.0,0.0,0.0,0.0,0.0,0.0,0.0,WINDOW
369,147.0,0.0,0.4444445,0.68853045,0.2962963,0.22222222,0.44444445,-0.22222222,-2.0943952,WINDOW
370,152.0,0.0,0.0,0.0,0.0,0.0,0.0,0.0,0.0,WINDOW
372,147.0,0.0,0.0,0.0,0.0,0.0,0.0,0.0,0.0,WINDOW
373,86.0,0.0,3.0555553,2.5422366,6.703704,4.666667,10.888889,-6.4444447,-2.0544748,WINDOW
374,150.0,0.0,0.0,0.0,0.0,0.0,0.0,0.0,0.0,WINDOW
375,143.0,0.0,0.0,0.0,0.0,0.0,0.0,0.0,0.0,WINDOW
376,154.0,0.0,0.77777773,0.544331,1.7407408,1.0,3.5555556,-3.2222223,-1.9882019,WINDOW
377,33.0,0.0,4.3333335,2.9739609,8.740741,6.4444447,13.111111,-6.2222223,-2.0561194,WINDOW
378,58.0,0.0,0.27777767,0.3277306,8.851851,6.0,14.555555,-8.555555,-2.0853417,WINDOW
379,39.0,0.0,0.611111,0.8798151,9.518518,7.3333335,14.333333,-7.888889,-2.0362277,WINDOW
380,40.0,0.0,0.05555554,0.13608274,1.2592592,1.2222222,1.5555556,-0.7777778,-1.5707964,WINDOW
381,61.0,0.0,0.5555556,0.27216548,6.888889,4.5555553,12.0,-8.333333,-2.039459,WINDOW
382,64.0,0.0,0.27777776,0.13608277,5.703704,3.6666667,10.333334,-7.7777777,-2.015428,WINDOW
383,95.0,0.0,0.22222225,0.4036867,2.148148,2.1111112,2.5555556,-1.1111112,-1.6289082,WINDOW
384,61.0,0.0,0.4999999,0.45946813,7.0740743,4.666667,12.222222,-8.222222,-2.0487173,WINDOW
385,142.0,0.0,0.11111111,0.17213261,0.11111111,0.0,0.33333334,-0.33333334,-2.0943952,WINDOW
386,154.0,0.0,0.2222222,0.40368667,0.6296296,0.44444445,1.2222222,-1.2222222,-1.8611541,WINDOW
387,30.0,0.11111111,2.9999998,2.7968237,7.037037,4.7777777,11.666667,-7.111111,-2.047276,WINDOW
388,65.0,0.0,1.0,0.42163682,8.925926,6.111111,14.333333,-7.7777777,-2.1218784,WINDOW
389,89.0,0.0,0.16666682,0.27888685,3.1111112,2.8888888,3.7777777,-1.3333334,-1.8904839,WINDOW
390,148.0,0.0,0.0,0.0,0.0,0.0,0.0,0.0,0.0,WINDOW
391,144.0,0.0,0.2777778,0.53402734,0.6666667,0.5555556,1.0,-0.6666667,-1.9042695,WINDOW
392,90.0,0.0,0.38888884,0.2509243,7.185185,5.111111,12.111111,-8.555555,-1.9895461,WINDOW
393,153.0,0.0,0.055555504,0.13608263,3.3703704,3.0,3.8888888,-0.44444445,-2.2217164,WINDOW
394,144.0,0.0,0.38888887,0.49065337,0.7037037,0.33333334,1.6666666,-1.7777778,-1.9869384,WINDOW
395,145.0,0.0,0.0,0.0,0.0,0.0,0.0,0.0,0.0,WINDOW
396,89.0,0.0,1.111111,1.0680547,8.444445,6.3333335,13.0,-7.3333335,-2.0438845,WINDOW
398,93.0,0.0,0.0,0.0,0.0,0.0,0.0,0.0,0.0,WINDOW
399,62.0,0.0,0.44444442,0.50184846,6.4444447,4.111111,11.444445,-8.0,-2.0487173,WINDOW
400,40.0,0.0,0.0,0.0,0.0,0.0,0.0,0.0,0.0,WINDOW
401,144.0,0.0,0.0,0.0,0.0,0.0,0.0,0.0,0.0,WINDOW
402,90.0,0.0,0.55555564,0.45542005,6.5925927,4.666667,11.222222,-8.111111,-1.987466,WINDOW
403,141.0,0.0,0.0,0.0,0.0,0.0,0.0,0.0,0.0,WINDOW
404,148.0,0.0,0.055555556,0.13608277,0.037037037,0.0,0.11111111,-0.11111111,-2.0943952,WINDOW
405,36.0,0.0,0.0,0.0,0.0,0.0,0.0,0.0,0.0,WINDOW
406,145.0,0.0,0.0,0.0,0.0,0.0,0.0,0.0,0.0,WINDOW
407,61.0,0.0,0.7222221,0.44305354,7.0,4.4444447,12.333333,-8.333333,-2.0682037,WINDOW
408,149.0,0.0,0.0,0.0,0.0,0.0,0.0,0.0,0.0,WINDOW
409,152.0,0.0,0.8333333,1.0903618,0.7777778,0.33333334,1.6666666,-1.3333334,-2.0943952,WINDOW
410,151.0,0.0,0.11111113,0.17213261,0.11111111,0.0,0.33333334,-0.33333334,-2.0943952,WINDOW
411,149.0,0.0,0.11111113,0.17213261,0.037037037,0.0,0.11111111,-0.11111111,-2.0943952,WINDOW
412,152.0,0.0,0.0,0.0,0.0,0.0,0.0,0.0,0.0,WINDOW
413,144.0,0.0,0.0,0.0,0.0,0.0,0.0,0.0,0.0,WINDOW
414,141.0,0.0,0.055555556,0.13608277,0.037037037,0.0,0.11111111,-0.11111111,-2.0943952,WINDOW
415,58.0,0.0,0.4444445,0.34426522,8.333333,5.5555553,14.111111,-9.0,-2.0685637,WINDOW
416,154.0,0.0,0.055555556,0.13608277,0.074074075,0.0,0.22222222,-0.22222222,-2.0943952,WINDOW
417,61.0,0.0,0.7222221,0.49065334,8.777778,5.888889,14.333333,-8.0,-2.1218371,WINDOW
418,62.0,0.0,0.44444442,0.3442651,7.6296296,5.0,13.111111,-8.555555,-2.0669532,WINDOW
420,144.0,0.0,0.0,0.0,0.0,0.0,0.0,0.0,0.0,WINDOW
421,144.0,0.0,0.33333334,0.36514834,0.44444445,0.11111111,1.1111112,-1.0,-2.0943952,WINDOW
422,62.0,0.0,0.0,0.0,0.0,0.0,0.0,0.0,0.0,WINDOW
423,152.0,0.0,0.0,0.0,0.0,0.0,0.0,0.0,0.0,WINDOW
424,154.0,0.0,0.0,0.0,0.0,0.0,0.0,0.0,0.0,WINDOW
425,147.0,0.0,0.0,0.0,0.0,0.0,0.0,0.0,0.0,WINDOW
426,140.0,0.0,0.6111111,0.7428674,0.4074074,0.22222222,0.7777778,-0.5555556,-2.0943952,WINDOW
428,145.0,0.0,0.0,0.0,0.0,0.0,0.0,0.0,0.0,WINDOW
429,143.0,0.0,0.44444442,0.17213264,0.6666667,0.22222222,1.7777778,-2.0,-1.9869384,WINDOW
430,12.0,0.0,2.3333333,1.9663839,6.259259,3.8888888,11.333333,-8.111111,-2.057978,WINDOW
431,88.0,0.0,0.33333325,0.29814243,7.3333335,5.111111,12.222222,-8.0,-2.0357685,WINDOW
433,68.0,0.0,0.16666667,0.27888665,2.2962964,2.1111112,2.8888888,-1.2222222,-1.8611541,WINDOW
434,41.0,0.0,0.22222225,0.17213258,0.7037037,0.5555556,1.2222222,-1.1111112,-1.8451205,WINDOW
435,142.0,0.0,0.0,0.0,0.0,0.0,0.0,0.0,0.0,WINDOW
436,141.0,0.0,0.11111113,0.1721326,0.074074075,0.0,0.22222222,-0.22222222,-2.0943952,WINDOW
437,152.0,0.0,0.0,0.0,0.0,0.0,0.0,0.0,0.0,WINDOW
438,144.0,0.0,0.0,0.0,0.0,0.0,0.0,0.0,0.0,WINDOW
441,67.0,0.0,0.22222225,0.34426522,0.7407407,0.7777778,1.1111112,-1.2222222,-1.5126845,WINDOW
442,153.0,0.0,0.0,0.0,0.0,0.0,0.0,0.0,0.0,WINDOW
443,42.0,0.0,1.333334,0.8944278,58.88889,50.666668,74.55556,-22.333334,-2.1257355,CEMENT
444,73.0,0.0,2.2777786,1.9935083,40.185184,35.666668,49.77778,-15.222222,-2.0549638,CEMENT
445,95.0,0.0,7.0555553,5.724864,46.851852,42.88889,56.333332,-16.555555,-1.9708016,CEMENT
446,70.0,0.0,0.7777767,0.65546083,61.11111,53.444443,77.0,-24.666666,-2.070832,CEMENT
447,117.0,0.0,1.111111,1.2938602,31.25926,27.444445,39.0,-11.777778,-2.0889142,CEMENT
448,19.0,0.0,1.4444447,0.8861062,45.185184,38.0,58.77778,-19.222221,-2.1336765,CEMENT
449,68.0,0.0,0.7777774,0.5837293,56.296295,49.22222,71.0,-22.88889,-2.0695407,CEMENT
450,89.0,0.0,0.72222203,0.38968238,31.703703,27.333334,41.0,-14.777778,-2.0465415,CEMENT
452,116.0,0.0,1.333333,0.81649673,33.185184,29.11111,41.666668,-13.222222,-2.068113,CEMENT
453,109.0,0.0,1.0555553,0.49065349,41.814816,36.11111,53.666668,-18.444445,-2.068644,CEMENT
454,101.0,0.0,1.1111113,1.186342,45.037037,39.0,57.11111,-18.11111,-2.0943027,CEMENT
455,15.0,0.0,1.1111107,0.54432976,70.07407,61.0,87.44444,-24.88889,-2.1249814,CEMENT
456,98.0,0.0,1.0555559,0.7722023,28.777779,24.88889,37.11111,-13.333333,-2.0429404,CEMENT
457,50.0,0.0,1.0555573,0.389682,65.111115,57.333332,80.333336,-22.333334,-2.1077845,CEMENT
458,69.0,0.0,1.8333327,1.4719604,59.555557,53.444443,73.22222,-22.666666,-2.0228615,CEMENT
459,57.0,0.0,0.7222226,0.3896791,70.37037,60.0,90.111115,-28.11111,-2.128801,CEMENT
460,33.0,0.0,0.277778,0.2509246,35.814816,31.333334,45.555557,-15.777778,-2.0304284,CEMENT
461,67.0,0.0,1.055554,0.64692926,64.74074,57.11111,80.44444,-24.222221,-2.0766623,CEMENT
462,32.0,0.11111111,2.277778,1.9710876,56.37037,48.555557,72.77778,-25.777779,-2.060607,CEMENT
463,119.0,0.0,1.0555553,0.6116157,45.62963,40.666668,56.0,-16.222221,-2.0640383,CEMENT
464,134.0,0.0,1.0000006,0.7302964,44.703705,37.11111,58.22222,-17.777779,-2.1753492,CEMENT
465,111.0,0.0,0.55555534,0.27216536,62.25926,56.444443,75.333336,-21.777779,-2.014126,CEMENT
466,85.0,0.0,6.4999995,4.5983086,48.88889,42.444443,61.555557,-18.666666,-2.0973632,CEMENT
467,95.0,0.0,0.88889056,0.91084033,55.62963,47.444443,71.66667,-23.555555,-2.1078582,CEMENT
468,145.0,0.0,0.99999934,0.6992059,61.11111,52.444443,76.77778,-21.0,-2.1661513,CEMENT
469,17.0,0.22222222,5.0,2.319004,44.592594,40.333336,54.0,-15.444445,-2.030048,CEMENT
470,125.0,0.0,2.4444447,1.3443986,58.22222,50.22222,73.77778,-22.666666,-2.1127234,CEMENT
471,102.0,0.0,7.944444,5.425934,42.77778,37.0,54.444443,-17.666666,-2.0885792,CEMENT
472,117.0,0.0,1.4444433,0.86066324,39.037037,33.555557,49.77778,-15.777778,-2.1062348,CEMENT
473,77.0,0.0,0.6666667,0.5577739,59.11111,51.11111,74.0,-20.666666,-2.1430485,CEMENT
474,103.0,0.0,1.1111113,0.9349196,35.62963,30.777779,45.22222,-14.222222,-2.1026068,CEMENT
475,22.0,0.0,1.3888887,0.9756292,49.666668,42.77778,62.88889,-19.0,-2.123537,CEMENT
476,42.0,0.0,4.333334,2.2310944,44.555557,39.555557,54.11111,-13.666667,-2.120131,CEMENT
477,111.0,0.0,1.5000006,1.471961,57.77778,51.333332,71.66667,-22.333334,-2.045165,CEMENT
478,62.0,0.0,0.6666667,0.36514628,62.814816,53.77778,80.0,-24.444445,-2.1262069,CEMENT
479,128.0,0.0,1.388888,1.1238163,49.925926,42.666668,64.22222,-21.11111,-2.1024415,CEMENT
480,121.0,0.0,2.7222223,1.9254632,32.37037,28.666666,40.555557,-13.444445,-2.0242684,CEMENT
481,48.0,0.0,0.27777734,0.25092447,40.851852,35.444447,52.444443,-18.555555,-2.0487316,CEMENT
482,133.0,0.0,0.8888893,0.7503084,36.77778,32.0,46.333332,-14.333333,-2.091572,CEMENT
483,65.0,0.0,1.2222214,0.91083974,60.148148,53.77778,73.888885,-22.11111,-2.0419006,CEMENT
484,129.0,0.0,0.77777606,0.88610685,62.407406,54.22222,78.0,-22.222221,-2.1269891,CEMENT
485,62.0,0.0,0.72222394,0.3896814,66.77778,57.444443,84.66667,-25.666666,-2.124459,CEMENT
486,101.0,0.0,2.0555542,1.5551577,64.37037,56.88889,79.44444,-22.777779,-2.0895698,CEMENT
487,102.0,0.0,1.222222,0.86066246,51.666668,47.11111,62.333332,-18.333334,-1.9948803,CEMENT
488,111.0,0.0,2.2777774,1.5974522,29.592592,25.444445,38.22222,-13.444445,-2.064723,CEMENT
489,132.0,0.0,1.1111107,0.7503098,35.22222,29.555555,45.666668,-14.333333,-2.1469688,CEMENT
490,70.0,0.0,4.1111107,2.7541208,39.962963,36.444443,48.333332,-14.555555,-1.9904121,CEMENT
491,98.0,0.0,5.944444,3.0798028,33.962963,31.0,41.0,-12.222222,-1.9603096,CEMENT
492,70.0,0.11111111,8.777778,3.4619644,36.74074,33.666668,44.444443,-13.888889,-1.9605819,CEMENT
494,64.0,0.0,1.0555559,1.0201671,62.0,53.666668,78.111115,-23.333334,-2.1180868,CEMENT
495,87.0,0.0,1.1666666,0.62361073,64.03704,55.77778,80.333336,-24.11111,-2.105073,CEMENT
496,146.0,0.0,5.111111,4.712474,43.148148,36.88889,55.88889,-19.444445,-2.0818424,CEMENT
498,94.0,0.0,0.88888806,0.7793629,68.111115,61.11111,82.66667,-22.666666,-2.0685365,CEMENT
499,34.0,0.0,0.7777786,0.7793621,47.592594,41.11111,60.0,-17.777779,-2.1228747,CEMENT
500,38.0,0.0,1.111112,1.0680542,64.62963,58.22222,78.44444,-22.222221,-2.0388238,CEMENT
501,101.0,0.0,0.5,0.34960347,31.185184,27.222221,39.444443,-12.888889,-2.05839,CEMENT
502,131.0,0.0,9.222222,2.1152062,35.703705,30.666666,45.77778,-15.111111,-2.0891855,CEMENT
503,38.0,0.0,1.0000006,0.76011634,58.0,50.0,74.333336,-25.0,-2.0785036,CEMENT
504,96.0,0.0,0.8333333,0.75277233,61.925926,54.444443,77.0,-22.777779,-2.0891051,CEMENT
505,100.0,0.0,0.44444466,0.40368706,57.148148,51.555557,69.66667,-20.777779,-2.024061,CEMENT
506,45.0,0.0,2.0555553,1.5263131,53.074074,48.11111,63.77778,-17.222221,-2.0459049,CEMENT
507,67.0,0.0,1.4999994,1.1879022,60.74074,53.0,75.888885,-22.222221,-2.109804,CEMENT
508,42.0,0.0,0.611111,0.534027,28.25926,24.444445,36.22222,-12.444445,-2.0610058,CEMENT
509,107.0,0.0,10.333333,3.0110908,29.222221,26.88889,35.88889,-13.0,-1.8771589,CEMENT
510,17.0,0.0,0.88889056,0.8073737,71.18519,63.333332,87.333336,-24.88889,-2.0751612,CEMENT
511,102.0,0.0,1.1666666,0.62360954,58.37037,50.666668,73.44444,-22.11111,-2.1020474,CEMENT
512,89.0,0.0,1.2222214,0.95839226,58.925926,51.0,74.44444,-22.777779,-2.1087568,CEMENT
513,28.0,0.0,0.8333333,0.6582806,62.407406,53.444443,79.111115,-23.222221,-2.1445074,CEMENT
514,125.0,0.0,2.0555546,0.5741333,60.925926,52.555557,76.44444,-21.444445,-2.1450453,CEMENT
515,76.0,0.0,0.3888887,0.32773072,51.77778,47.666668,61.555557,-17.0,-1.9899223,CEMENT
516,88.0,0.0,1.111112,0.72008145,67.25926,57.88889,85.0,-25.11111,-2.1320271,CEMENT
517,123.0,0.0,1.9444441,1.7180963,59.333332,51.88889,73.77778,-21.0,-2.1119413,CEMENT
518,21.0,0.0,1.277778,1.0628413,65.888885,59.333332,79.22222,-20.333334,-2.072158,CEMENT
519,73.0,0.0,1.5,0.7817362,43.51852,38.77778,53.0,-14.222222,-2.0964146,CEMENT
520,25.0,0.0,1.5555559,1.2412641,44.814816,39.555557,55.0,-14.777778,-2.1188104,CEMENT
521,44.0,0.0,1.6111094,0.99814636,47.814816,42.88889,58.0,-15.777778,-2.0704656,CEMENT
522,93.0,0.0,2.0555553,1.7309806,62.851852,54.77778,79.22222,-24.88889,-2.0837152,CEMENT
523,125.0,0.0,1.9444447,1.8787314,37.444443,32.333336,47.555557,-15.0,-2.1006875,CEMENT
524,124.0,0.0,1.8888887,1.186342,43.51852,36.77778,56.333332,-18.222221,-2.1278005,CEMENT
525,108.0,0.0,1.666666,1.5634735,58.074074,52.666668,69.55556,-18.222221,-2.0538688,CEMENT
526,76.0,0.0,3.277778,3.065339,34.851852,31.88889,42.0,-12.555555,-1.9814991,CEMENT
527,145.0,0.0,1.0,0.4216377,26.777779,24.222221,33.333336,-12.0,-1.934686,CEMENT
528,90.0,0.0,2.8333333,2.7708795,48.22222,41.22222,61.444443,-18.666666,-2.1318614,CEMENT
529,112.0,0.0,1.0555559,0.71232516,59.148148,52.22222,73.333336,-21.777779,-2.0784628,CEMENT
530,35.0,0.0,2.055556,1.7309813,37.592594,32.333336,47.444443,-13.777778,-2.138762,CEMENT
531,104.0,0.0,1.0000013,0.5163988,55.74074,48.88889,69.55556,-20.88889,-2.0854902,CEMENT
532,17.0,0.0,1.4444453,1.1088861,70.51852,62.444443,86.55556,-23.88889,-2.098521,CEMENT
533,111.0,0.0,1.0555559,0.44305268,60.185184,53.22222,74.888885,-23.222221,-2.0580003,CEMENT
534,116.0,0.0,0.55555534,0.501848,46.814816,42.333336,56.555557,-15.777778,-2.0386236,CEMENT
535,32.0,0.0,0.83333397,0.83665866,59.48148,54.22222,70.88889,-18.444445,-2.042422,CEMENT
536,158.0,0.0,1.8333334,1.0488074,39.333332,35.555557,47.444443,-13.0,-2.049172,CEMENT
537,117.0,0.0,1.277778,0.74286777,45.88889,39.555557,58.444443,-18.666666,-2.0994802,CEMENT
538,25.0,0.0,0.6111107,0.64692986,70.44444,60.666668,89.0,-26.333334,-2.1304197,CEMENT
539,143.0,0.0,1.2222214,0.54433095,50.37037,43.0,64.77778,-21.11111,-2.1089952,CEMENT
540,64.0,0.0,2.0,1.1155467,56.592594,49.666668,71.0,-22.444445,-2.0671675,CEMENT
542,116.0,0.0,1.1111107,0.8344438,29.444445,25.0,38.333336,-13.333333,-2.0907812,CEMENT
543,34.0,0.0,0.555556,0.5837306,54.25926,46.22222,70.333336,-24.11111,-2.0945199,CEMENT
544,64.0,0.0,0.6666673,0.6992055,40.0,35.22222,50.11111,-16.0,-2.030269,CEMENT
545,46.0,0.0,2.2222207,1.4089662,62.333332,53.22222,79.111115,-23.0,-2.1523037,CEMENT
546,134.0,0.0,1.4444441,0.54433167,48.925926,41.88889,63.11111,-21.444445,-2.0869143,CEMENT
547,116.0,0.0,0.49999872,0.27888796,61.0,52.444443,76.44444,-20.666666,-2.1617932,CEMENT
548,122.0,0.0,1.7777773,1.4857366,60.74074,51.555557,78.22222,-24.88889,-2.1284232,CEMENT
549,80.0,0.0,0.83333397,0.50552523,58.333332,51.22222,72.111115,-20.0,-2.1163511,CEMENT
550,24.0,0.0,1.2222233,1.0470423,49.185184,42.333336,61.22222,-15.555555,-2.1867971,CEMENT
551,62.0,0.0,0.9444434,0.77220213,61.037037,53.444443,76.22222,-22.777779,-2.0937438,CEMENT
552,89.0,0.0,0.7222226,0.49065316,28.925926,25.222221,36.88889,-12.777778,-2.0484614,CEMENT
553,90.0,0.0,1.2777773,0.87981415,65.18519,57.666668,79.77778,-21.222221,-2.108813,CEMENT
554,115.0,0.0,0.7222214,0.6469293,46.74074,42.444443,56.333332,-15.888889,-2.0211253,CEMENT
555,115.0,0.0,1.3888897,1.3066785,28.851852,24.88889,36.77778,-11.888889,-2.094392,CEMENT
556,34.0,0.0,0.8333308,0.83665943,72.888885,65.0,89.111115,-25.0,-2.0781536,CEMENT
557,124.0,0.0,2.0555553,0.49065465,40.925926,35.77778,51.444443,-16.11111,-2.0769668,CEMENT
558,72.0,0.0,1.4444441,1.1674612,59.0,51.333332,74.44444,-23.333334,-2.0902212,CEMENT
559,78.0,0.0,2.6111107,2.322991,69.74074,59.666668,88.44444,-25.88889,-2.145541,CEMENT
560,129.0,0.0,0.72222203,0.8277585,32.037037,27.555555,41.11111,-13.777778,-2.0787966,CEMENT
561,87.0,0.0,1.5555567,1.6953089,43.333332,37.88889,54.88889,-18.333334,-2.050388,CEMENT
562,78.0,0.0,2.9444444,3.517681,30.296297,27.11111,37.444443,-11.888889,-2.0177794,CEMENT
563,20.0,0.0,1.9444441,1.0628412,65.18519,56.444443,81.66667,-23.222221,-2.1330314,CEMENT
564,81.0,0.0,0.7222214,0.38968188,59.444443,51.88889,74.44444,-22.333334,-2.0988503,CEMENT
565,53.0,0.0,0.9444434,0.389682,40.444443,36.88889,48.666668,-14.0,-2.0045598,CEMENT
566,103.0,0.0,0.6666673,0.59628505,58.88889,52.22222,72.66667,-21.333334,-2.0711336,CEMENT
567,122.0,0.0,6.1111107,3.0160062,34.185184,29.222221,44.333332,-15.555555,-2.0748382,CEMENT
568,50.0,0.0,1.333334,0.8692274,60.851852,53.0,75.77778,-21.222221,-2.1294794,CEMENT
569,18.0,0.0,1.7222227,1.2895608,68.296295,59.0,86.111115,-25.555555,-2.123641,CEMENT
570,138.0,0.0,2.3888893,1.638653,54.62963,49.11111,66.77778,-19.88889,-2.0296564,CEMENT
571,44.0,0.0,2.1111126,1.1287482,58.666668,50.11111,75.55556,-25.0,-2.1026516,CEMENT
572,121.0,0.0,6.6111107,2.678445,54.962963,47.77778,68.66667,-19.555555,-2.1269433,CEMENT
573,128.0,0.0,1.666666,1.0540924,53.25926,46.333332,67.111115,-20.777779,-2.0919266,CEMENT
574,133.0,0.0,1.166666,1.0697864,48.666668,41.555557,62.555557,-20.333334,-2.1117887,CEMENT
575,13.0,0.0,1.5555534,0.54433,70.37037,60.666668,88.111115,-24.11111,-2.1549888,CEMENT
576,109.0,0.0,1.222222,0.6554618,49.407406,42.555557,62.88889,-19.88889,-2.105478,CEMENT
577,35.0,0.0,1.0555547,0.6469281,69.44444,61.77778,85.333336,-24.666666,-2.0742002,CEMENT
578,21.0,0.0,5.222221,2.613357,40.74074,37.11111,49.333332,-14.888889,-1.9908056,CEMENT
579,15.0,0.0,1.2222227,1.0256,68.96296,59.333332,86.888885,-24.88889,-2.145323,CEMENT
580,42.0,0.0,0.99999875,0.69920623,37.444443,32.77778,47.77778,-17.0,-2.029552,CEMENT
581,49.0,0.0,1.2222208,0.54433155,38.037037,35.666668,44.11111,-11.111111,-1.949745,CEMENT
582,57.0,0.0,0.99999875,0.36514837,65.703705,59.444443,79.44444,-22.444445,-2.0307028,CEMENT
583,132.0,0.0,1.3333334,1.0110494,38.77778,33.22222,49.22222,-14.666667,-2.1295228,CEMENT
584,127.0,0.0,1.6666666,1.2472203,45.25926,39.444443,57.333332,-18.777779,-2.061036,CEMENT
585,135.0,0.0,1.7777767,0.9583936,47.37037,41.0,60.666668,-20.777779,-2.0634599,CEMENT
586,65.0,0.0,2.2777786,0.82775915,60.62963,53.666668,74.55556,-20.88889,-2.0910368,CEMENT
587,119.0,0.0,0.9444459,0.772202,39.851852,36.22222,48.22222,-14.222222,-2.0059998,CEMENT
588,111.0,0.0,0.44444498,0.34426522,34.11111,30.333334,42.22222,-13.0,-2.0057423,CEMENT
589,135.0,0.0,1.1111103,1.0255978,32.703705,28.555555,41.0,-12.444445,-2.0932033,CEMENT
591,83.0,0.0,0.94444436,0.6804135,26.518518,23.333334,33.22222,-10.555555,-2.0632424,CEMENT
592,75.0,0.0,5.6666665,4.8027763,39.703705,35.77778,48.22222,-13.777778,-2.036435,CEMENT
593,125.0,0.0,1.3333327,0.7601168,43.22222,37.22222,55.0,-17.333334,-2.0964737,CEMENT
594,76.0,0.0,0.5555547,0.34426576,42.296295,36.0,54.11111,-16.555555,-2.1390018,CEMENT
595,48.0,0.0,4.6666665,4.3050365,42.074074,38.77778,49.88889,-13.555555,-2.0032587,CEMENT
596,20.0,0.0,4.944444,4.479171,35.48148,32.0,42.77778,-11.444445,-2.045203,CEMENT
597,36.0,0.0,1.1111094,1.2232299,66.37037,56.555557,84.77778,-25.777779,-2.1385806,CEMENT
598,65.0,0.0,1.5555553,0.9349202,57.74074,50.444443,72.66667,-22.88889,-2.077647,CEMENT
600,110.0,0.0,1.7777783,1.8094413,34.11111,29.11111,44.444443,-16.0,-2.0686526,CEMENT
601,121.0,0.0,4.888888,3.208784,53.666668,46.88889,66.88889,-19.333334,-2.1102333,CEMENT
603,43.0,0.0,1.5555567,1.2232332,64.703705,54.88889,82.55556,-24.11111,-2.1605515,CEMENT
607,104.0,0.0,22.111109,21.61858,18.62963,14.888889,23.444445,-3.2222223,-2.4250698,FOLIAGE
610,145.0,0.11111111,7.5,6.1128287,13.444445,9.888889,20.11111,-9.333333,-2.0623195,FOLIAGE
614,64.0,0.0,20.222223,17.629103,31.0,24.666666,38.0,-2.0,-2.593825,FOLIAGE
640,70.0,0.0,7.944445,6.9166985,18.592592,13.666667,23.88889,-1.1111112,-2.5891109,FOLIAGE
641,115.0,0.11111111,5.0,2.9363625,7.5555553,3.5555556,12.888889,-4.0,-2.3909924,FOLIAGE
643,107.0,0.0,9.833333,17.54708,9.518518,7.3333335,12.222222,-1.5555556,-2.4929647,FOLIAGE
645,92.0,0.11111111,7.0,5.688196,12.666667,8.777778,18.666668,-6.3333335,-2.2805607,FOLIAGE
654,109.0,0.11111111,3.9999993,3.0840094,13.296296,7.0,22.333334,-8.222222,-2.3440928,FOLIAGE
655,70.0,0.11111111,9.944444,6.9487534,21.037037,16.222223,26.666666,-2.4444444,-2.5142038,FOLIAGE
657,124.0,0.11111111,6.5000005,4.544838,7.5925927,4.111111,12.888889,-5.4444447,-2.2657473,FOLIAGE
659,108.0,0.11111111,27.277779,15.930981,49.814816,41.77778,61.11111,-9.777778,-2.3604913,FOLIAGE
675,71.0,0.0,21.888885,16.536379,31.851852,25.555555,40.22222,-6.2222223,-2.4018247,FOLIAGE
683,138.0,0.22222222,5.5,2.4289908,16.518518,9.888889,24.777779,-4.888889,-2.4395385,FOLIAGE
704,63.0,0.0,0.33333206,0.21081766,108.92593,96.22222,126.111115,-13.444445,-2.3824377,SKY
705,42.0,0.0,1.6666679,1.2649081,108.92593,95.666664,126.22222,-12.111111,-2.4103878,SKY
706,77.0,0.0,1.1666654,0.80966693,107.62963,93.888885,125.22222,-11.555555,-2.4246798,SKY
707,28.0,0.0,0.88888675,0.45542085,112.96296,99.44444,131.11111,-13.888889,-2.3878844,SKY
708,82.0,0.0,0.6111107,0.44305366,106.51852,92.888885,125.888885,-17.222221,-2.3448718,SKY
709,33.0,0.0,0.50000125,0.3496027,110.59259,96.77778,128.66667,-12.777778,-2.4080186,SKY
710,109.0,0.0,1.0000013,0.8432756,102.48148,89.44444,122.22222,-20.11111,-2.2975464,SKY
711,45.0,0.0,0.7777786,0.54433,108.96296,95.888885,126.888885,-14.555555,-2.3718073,SKY
712,54.0,0.0,0.8333346,0.6582833,110.0,97.888885,127.111115,-15.0,-2.345744,SKY
713,28.0,0.0,1.7777786,0.86066204,111.59259,96.44444,130.66667,-11.777778,-2.4385846,SKY
714,36.0,0.0,1.0555559,0.6469302,111.92593,98.22222,130.33334,-14.111111,-2.387384,SKY
715,91.0,0.0,0.7222214,0.77220345,104.888885,92.55556,123.44444,-18.666666,-2.300486,SKY
716,46.0,0.0,1.3333321,0.59628177,114.62963,100.888885,132.88889,-13.555555,-2.395028,SKY
717,51.0,0.0,0.94444275,0.77220273,108.74074,95.22222,127.0,-14.222222,-2.3834376,SKY
718,18.0,0.0,0.55555725,0.2721644,112.111115,97.22222,130.44444,-10.333333,-2.45498,SKY
719,54.0,0.0,0.6666667,0.55777204,109.96296,97.55556,127.44444,-15.222222,-2.3511817,SKY
720,81.0,0.0,0.72222394,0.38968277,105.92593,91.888885,124.888885,-14.777778,-2.3822613,SKY
721,67.0,0.0,3.833332,1.9407902,106.07407,92.111115,125.55556,-16.555555,-2.3573377,SKY
722,16.0,0.0,1.4999987,1.2064619,112.96296,99.55556,131.0,-13.888889,-2.3850007,SKY
723,104.0,0.0,1.8333346,1.3784055,100.51852,87.22222,119.888885,-18.222221,-2.3262012,SKY
724,41.0,0.0,0.38889185,0.32773316,109.703705,95.111115,128.88889,-13.777778,-2.404745,SKY
725,61.0,0.0,0.555556,0.27216396,109.07407,95.111115,128.33334,-15.888889,-2.3673959,SKY
726,78.0,0.0,2.6666653,2.2900763,106.85185,93.22222,125.666664,-15.555555,-2.3680825,SKY
727,38.0,0.0,2.1111107,0.6885298,113.48148,100.44444,131.44444,-14.777778,-2.370002,SKY
728,30.0,0.0,0.61110944,0.6116157,111.22222,97.666664,129.0,-12.666667,-2.405295,SKY
729,20.0,0.0,0.61111194,0.32772934,111.703705,98.44444,129.55556,-13.777778,-2.3852131,SKY
730,12.0,0.0,1.611112,0.97562623,119.03704,107.22222,135.33334,-13.444445,-2.368866,SKY
731,14.0,0.0,1.2222227,0.77936065,113.81481,100.111115,132.11111,-13.777778,-2.3911133,SKY
732,58.0,0.0,1.0555586,0.68041354,109.07407,96.333336,126.44444,-13.888889,-2.3752072,SKY
733,86.0,0.0,1.1666692,0.69121444,105.77778,92.888885,124.111115,-16.333334,-2.3437886,SKY
734,39.0,0.0,1.3333334,1.3333335,113.0,99.44444,131.11111,-13.666667,-2.393564,SKY
735,25.0,0.0,0.3888893,0.3277306,112.22222,97.77778,131.33334,-14.0,-2.3968942,SKY
736,28.0,0.0,1.111112,1.186343,111.51852,96.111115,131.22223,-12.888889,-2.4259923,SKY
737,35.0,0.0,1.1666654,0.80966425,109.111115,96.44444,125.44444,-11.0,-2.4202032,SKY
738,32.0,0.0,1.3333296,0.5577723,116.77778,103.888885,133.33334,-11.0,-2.421193,SKY
739,15.0,0.0,0.66666794,0.6992054,113.74074,100.111115,132.0,-13.888889,-2.3890254,SKY
740,55.0,0.0,1.0,0.557774,113.666664,101.0,132.22223,-17.666666,-2.3196974,SKY
741,13.0,0.0,1.0,1.0540915,118.666664,106.55556,135.77779,-15.0,-2.3518965,SKY
742,25.0,0.0,0.94444656,0.8277594,116.25926,103.666664,133.77779,-14.777778,-2.3601954,SKY
743,30.0,0.0,1.2222227,0.7200825,113.25926,100.77778,130.11111,-13.111111,-2.3853076,SKY
744,40.0,0.0,0.7222226,0.7722025,110.703705,96.22222,129.0,-11.444445,-2.4346924,SKY
745,36.0,0.0,1.0555559,0.85418165,114.03704,100.77778,132.44444,-15.444445,-2.3622375,SKY
746,40.0,0.0,0.6666667,0.699204,110.03704,95.333336,129.0,-12.777778,-2.4194565,SKY
747,54.0,0.0,1.7222227,0.9289577,108.85185,96.77778,126.111115,-15.555555,-2.3363297,SKY
748,68.0,0.0,0.72222394,0.57413423,107.37037,94.22222,126.333336,-17.444445,-2.333212,SKY
749,50.0,0.0,1.111112,0.9108403,109.25926,93.888885,130.33334,-17.11111,-2.3720198,SKY
750,64.0,0.0,1.3333308,0.91893595,108.77778,96.333336,126.22222,-15.0,-2.3554425,SKY
751,19.0,0.0,0.88888806,0.5837302,114.25926,101.0,132.33334,-14.444445,-2.3759847,SKY
752,14.0,0.0,1.6666692,1.3333321,117.0,104.22222,134.11111,-13.0,-2.3903835,SKY
753,29.0,0.0,0.44444275,0.40368643,112.07407,98.55556,130.55556,-14.888889,-2.3732064,SKY
754,30.0,0.0,0.944444,0.7722014,112.96296,99.333336,131.11111,-13.555555,-2.3950639,SKY
755,31.0,0.0,0.7777774,0.34426582,114.96296,101.888885,132.55556,-13.555555,-2.384877,SKY
756,89.0,0.0,1.2777786,0.77220285,106.07407,93.111115,125.44444,-19.222221,-2.3062038,SKY
757,18.0,0.0,0.5,0.27888793,113.77778,102.333336,130.11111,-14.666667,-2.3408391,SKY
758,14.0,0.0,0.61111325,0.7123269,112.74074,99.0,130.66667,-12.555555,-2.4089675,SKY
759,41.0,0.0,0.8333333,0.58689624,112.111115,99.0,129.33334,-12.333333,-2.4045534,SKY
760,63.0,0.0,6.222223,5.6751566,105.59259,92.666664,123.22222,-14.111111,-2.3752825,SKY
761,26.0,0.0,0.44444403,0.40368605,112.22222,98.333336,130.88889,-14.333333,-2.38614,SKY
762,58.0,0.0,0.88888806,0.58372843,110.37037,97.666664,128.11111,-15.111111,-2.3572707,SKY
763,50.0,0.0,0.9444453,0.9525792,107.44444,94.666664,125.77778,-16.666666,-2.3372955,SKY
764,79.0,0.0,0.7777786,0.4036864,107.74074,93.888885,126.55556,-14.888889,-2.3779652,SKY
765,215.0,0.0,3.3888893,2.4075494,17.185184,14.444445,15.666667,12.777778,2.2660944,GRASS
766,181.0,0.0,1.4999999,0.50552523,11.666667,9.0,9.777778,13.666667,2.2066422,GRASS
767,229.0,0.0,3.4444447,1.4089648,14.62963,12.0,13.555555,11.111111,2.3504374,GRASS
768,195.0,0.0,0.61111087,0.6804136,16.037037,14.444445,13.333333,12.888889,1.9430399,GRASS
769,199.0,0.0,1.3888893,0.71232533,15.0,13.333333,11.777778,14.666667,1.9053026,GRASS
770,211.0,0.0,2.1666663,1.1498789,17.962963,14.444445,16.333334,15.444445,2.3275452,GRASS
771,174.0,0.0,1.6666666,1.2649112,23.185184,20.666668,19.88889,17.444445,2.0336978,GRASS
772,242.0,0.0,2.4444447,1.1088866,14.814815,11.333333,15.666667,7.888889,2.835614,GRASS
773,156.0,0.0,2.0555558,1.705112,16.925926,13.444445,15.555555,14.555555,2.3635807,GRASS
774,167.0,0.0,1.5,1.130388,19.037037,16.777779,15.666667,16.88889,1.9715719,GRASS
775,176.0,0.0,2.722222,1.5408025,22.74074,19.444445,19.777779,18.777779,2.1269014,GRASS
776,184.0,0.0,2.6666667,1.8973663,13.62963,11.444445,11.333333,13.444445,2.080445,GRASS
777,238.0,0.0,2.166667,1.8226967,13.259259,9.666667,12.666667,12.555555,2.5082257,GRASS
778,172.0,0.0,1.6666673,0.9189365,19.0,16.444445,16.333334,15.666667,2.0838537,GRASS
779,197.0,0.0,2.3888888,1.5834798,12.851851,10.444445,12.777778,7.4444447,2.6282077,GRASS
780,170.0,0.0,1.222222,0.86066276,16.407408,12.777778,16.88889,9.444445,2.7370737,GRASS
781,193.0,0.0,0.888889,0.6206331,14.444445,11.666667,12.555555,14.0,2.2100549,GRASS
782,155.0,0.0,0.8333333,0.349603,23.333334,20.0,20.666668,18.0,2.1693969,GRASS
783,247.0,0.0,2.222222,1.4246507,12.62963,9.555555,12.444445,9.777778,2.55309,GRASS
784,164.0,0.0,1.888889,1.0470407,23.148148,21.777779,19.11111,16.222221,1.7983025,GRASS
785,185.0,0.0,1.4444447,1.0470417,10.740741,8.111112,9.777778,10.777778,2.3628104,GRASS
786,169.0,0.0,1.3888884,0.74286735,17.11111,13.444445,18.0,8.333333,2.8348217,GRASS
787,163.0,0.0,2.5000002,1.3123353,19.814816,17.444445,16.666668,16.555555,2.0016809,GRASS
788,202.0,0.0,1.6111112,0.82775855,15.111111,12.0,14.777778,10.333333,2.5227482,GRASS
789,162.0,0.0,0.9444442,0.5741337,17.333334,13.777778,15.888889,15.0,2.3503675,GRASS
790,207.0,0.0,0.888889,0.27216536,12.148149,9.555555,10.333334,13.222222,2.2172632,GRASS
791,176.0,0.0,2.3888893,1.3066785,22.185184,19.0,19.777779,16.777779,2.1798449,GRASS
792,244.0,0.0,1.1111112,1.2590414,12.814815,9.555555,11.666667,13.222222,2.3917358,GRASS
793,232.0,0.0,1.4999999,1.7224014,8.814815,6.5555553,7.2222223,11.555555,2.2013178,GRASS
794,196.0,0.0,0.9999997,0.8432735,15.333333,14.111111,11.444445,15.333333,1.789167,GRASS
795,162.0,0.0,2.666667,0.73029745,19.0,15.777778,17.333334,14.666667,2.2914152,GRASS
796,182.0,0.0,0.7222228,1.1434194,17.592592,15.444445,14.0,17.222221,1.9375944,GRASS
797,183.0,0.0,2.1666667,1.798147,15.37037,12.666667,12.444445,16.88889,2.0758736,GRASS
798,235.0,0.0,5.277778,3.1369953,15.074074,12.0,15.0,9.444445,2.5860178,GRASS
799,199.0,0.0,1.277778,1.041722,14.518518,11.111111,14.555555,10.111111,2.6341755,GRASS
800,198.0,0.0,1.5000001,0.69121444,14.555555,12.111111,11.777778,15.666667,2.0556724,GRASS
801,227.0,0.0,1.8888887,0.80737346,12.62963,9.444445,11.0,14.444445,2.2918468,GRASS
802,239.0,0.0,2.3333333,2.8205595,10.37037,7.6666665,9.666667,10.222222,2.4263785,GRASS
803,208.0,0.0,2.4444444,1.6953101,14.777778,12.111111,12.222222,15.666667,2.1126173,GRASS
804,195.0,0.0,2.9444447,1.5263131,14.740741,11.666667,12.444445,16.11111,2.1937644,GRASS
805,181.0,0.0,2.055555,2.037609,16.296297,13.555555,13.888889,15.444445,2.141428,GRASS
806,249.0,0.0,4.5555553,3.5381527,18.0,14.666667,15.666667,17.0,2.214996,GRASS
807,219.0,0.0,1.7222223,0.9289575,13.37037,10.888889,12.0,11.555555,2.2553325,GRASS
808,241.0,0.0,1.1666667,1.206464,8.259259,5.888889,7.0,10.888889,2.2773511,GRASS
809,235.0,0.0,1.0555557,0.49065349,9.185185,6.7777777,8.0,10.777778,2.3107576,GRASS
810,237.0,0.0,2.3333333,1.2292727,14.148149,11.111111,13.0,12.555555,2.3784301,GRASS
811,193.0,0.0,3.8888886,3.631141,16.185184,13.333333,14.222222,14.444445,2.2221026,GRASS
812,175.0,0.0,2.8333333,2.1679492,15.37037,12.444445,13.555555,14.222222,2.2421958,GRASS
813,161.0,0.0,0.7777777,0.6206328,15.740741,12.444445,14.333333,14.111111,2.3451326,GRASS
814,241.0,0.0,1.5555559,1.4246509,14.333333,10.888889,14.0,11.333333,2.544142,GRASS
815,151.0,0.0,4.4444447,4.0423675,19.0,15.222222,18.333334,13.333333,2.5052488,GRASS
816,196.0,0.0,1.3333334,0.81649673,13.37037,11.555555,10.444445,14.222222,1.9567721,GRASS
817,157.0,0.0,2.1111114,0.62063295,19.666666,16.444445,18.666668,12.666667,2.4052022,GRASS
818,223.0,0.0,1.7777777,0.9349196,16.518518,13.222222,13.444445,19.11111,2.1195462,GRASS
819,189.0,0.0,1.0000006,1.1925697,17.296297,14.555555,14.111111,17.777779,2.0604427,GRASS
820,173.0,0.0,1.4444447,1.6420407,19.222221,16.444445,16.444445,16.666666,2.0995574,GRASS
823,139.0,0.0,0.22222221,0.27216554,1.3703704,0.8888889,3.2222223,-4.111111,-1.8030714,WINDOW
826,140.0,0.0,0.6666666,0.42163697,3.2222223,2.6666667,5.0,-3.6666667,-1.8531612,WINDOW
827,129.0,0.0,3.4444447,3.804481,2.2962964,2.4444444,2.5555556,-1.2222222,-1.1013936,WINDOW
832,105.0,0.0,1.4999996,0.80966365,22.703703,19.11111,29.555555,-9.777778,-2.1255476,WINDOW
834,138.0,0.0,0.22222222,0.2721655,1.2222222,0.44444445,3.2222223,-3.6666667,-1.9491665,WINDOW
837,145.0,0.0,1.7777778,0.93491936,3.4074075,2.3333335,5.7777777,-3.8888888,-2.0365057,WINDOW
838,133.0,0.0,0.2222222,0.2721655,1.5555556,1.0,3.5555556,-4.3333335,-1.8225629,WINDOW
843,130.0,0.0,0.22222225,0.27216554,1.1851852,0.6666667,2.8888888,-3.5555556,-1.8611541,WINDOW
845,138.0,0.0,0.05555554,0.13608274,1.3703704,1.0,3.1111112,-4.111111,-1.755017,WINDOW
849,133.0,0.0,0.055555556,0.13608277,0.37037036,0.0,1.1111112,-1.1111112,-2.0943952,WINDOW
850,134.0,0.0,0.22222222,0.2721655,1.8518518,1.0,3.8888888,-3.5555556,-1.997796,WINDOW
851,105.0,0.0,0.9444445,0.742867,15.185185,12.666667,19.777779,-6.2222223,-2.1615713,WINDOW
857,131.0,0.0,0.11111111,0.17213261,0.22222222,0.0,0.6666667,-0.6666667,-2.0943952,WINDOW
859,80.0,0.0,2.9444444,1.0835476,14.481482,11.333333,20.333334,-8.111111,-2.1389008,WINDOW
860,133.0,0.0,0.055555556,0.13608277,0.2962963,0.0,0.8888889,-0.8888889,-2.0943952,WINDOW
861,131.0,0.0,0.27777776,0.25092423,1.5555556,0.8888889,3.6666667,-4.3333335,-1.871048,WINDOW
862,140.0,0.0,0.44444445,0.34426528,1.037037,0.7777778,1.8888888,-1.7777778,-1.8388771,WINDOW
863,131.0,0.0,0.0,0.0,0.0,0.0,0.0,0.0,0.0,WINDOW
865,137.0,0.0,0.6111111,0.71232533,0.7407407,0.33333334,1.7777778,-1.8888888,-2.0076063,WINDOW
868,140.0,0.0,0.66666657,0.6666667,2.8888888,2.6666667,3.3333333,-0.6666667,-2.0943952,WINDOW
870,130.0,0.0,0.0,0.0,0.0,0.0,0.0,0.0,0.0,WINDOW
872,104.0,0.0,5.611111,2.2550344,18.518518,16.0,23.333334,-6.888889,-2.1139183,WINDOW
874,135.0,0.0,0.22222221,0.4036867,1.4074074,0.7777778,3.3333333,-3.8888888,-1.8807242,WINDOW
875,131.0,0.0,0.0,0.0,0.0,0.0,0.0,0.0,0.0,WINDOW
878,135.0,0.0,0.11111113,0.17213261,1.2592592,0.7777778,3.0,-3.7777777,-1.8222142,WINDOW
879,131.0,0.0,0.0,0.0,0.0,0.0,0.0,0.0,0.0,WINDOW
882,99.0,0.0,1.722222,1.3402593,51.88889,51.88889,56.0,-12.333333,-1.5674635,CEMENT
883,68.0,0.0,1.1111113,1.344399,38.592594,38.333336,42.333336,-10.444445,-1.6248463,CEMENT
884,75.0,0.0,2.3888886,1.0835471,41.11111,40.333336,45.666668,-11.333333,-1.7222778,CEMENT
885,137.0,0.0,3.4444447,1.0886629,40.851852,39.88889,45.333332,-10.555555,-1.7579898,CEMENT
886,71.0,0.0,0.7777774,0.45541972,38.37037,37.88889,42.11111,-9.777778,-1.6759187,CEMENT
887,120.0,0.0,0.944444,0.4430521,51.074074,48.22222,59.22222,-15.888889,-1.8964247,CEMENT
888,73.0,0.0,0.7777774,1.0036957,46.296295,45.666668,51.11111,-12.555555,-1.6815889,CEMENT
889,66.0,0.0,2.555556,1.8934586,42.11111,41.555557,45.88889,-9.666667,-1.6838505,CEMENT
890,73.0,0.0,0.61111003,0.3896817,43.851852,43.0,48.77778,-12.222222,-1.7204413,CEMENT
891,69.0,0.0,0.7222226,0.85418403,36.962963,36.666668,40.22222,-8.888889,-1.6401336,CEMENT
892,140.0,0.0,1.5,0.7226494,26.444445,23.444445,32.333336,-8.666667,-2.1004875,CEMENT
893,120.0,0.0,1.2777786,0.6469289,60.037037,56.88889,69.333336,-18.444445,-1.8929771,CEMENT
894,137.0,0.0,2.6111104,1.5551589,36.925926,34.88889,42.333336,-10.111111,-1.9409745,CEMENT
895,69.0,0.0,0.944444,0.7428667,40.666668,40.88889,44.555557,-12.333333,-1.5187606,CEMENT
896,121.0,0.0,0.94444436,0.9047208,41.037037,37.444443,49.444443,-14.444445,-1.9955361,CEMENT
897,97.0,0.0,0.5,0.18257418,47.814816,46.0,54.11111,-13.444445,-1.8367767,CEMENT
898,68.0,0.0,1.8333334,0.93689704,37.962963,37.555557,41.666668,-9.888889,-1.6596414,CEMENT
899,66.0,0.0,9.222221,7.073164,42.592594,41.0,47.77778,-10.777778,-1.8380795,CEMENT
900,140.0,0.0,0.6666667,0.29814258,27.666666,24.88889,33.555557,-9.333333,-2.0538902,CEMENT
901,120.0,0.0,1.5555547,1.8338387,47.851852,44.77778,56.333332,-16.222221,-1.9107349,CEMENT
902,66.0,0.0,5.2777767,4.959466,41.62963,40.555557,46.333332,-10.888889,-1.7485459,CEMENT
904,127.0,0.0,15.388888,4.144167,36.51852,35.88889,41.0,-11.555555,-1.6767696,CEMENT
905,65.0,0.0,26.444445,25.537477,56.703705,52.666668,64.44444,-11.111111,-1.9708116,CEMENT
906,77.0,0.0,7.722223,8.373016,32.77778,30.222221,37.666668,-7.0,-2.1233602,CEMENT
907,118.0,0.0,0.8333337,0.6912154,34.333332,30.777779,41.666668,-11.333333,-2.0776675,CEMENT
908,97.0,0.0,0.6111107,0.5741327,47.962963,46.0,54.333332,-13.222222,-1.8407352,CEMENT
909,125.0,0.0,8.555554,5.725834,43.37037,41.666668,49.0,-11.777778,-1.8405788,CEMENT
910,96.0,0.0,0.944444,0.8798158,55.148148,54.11111,61.0,-14.444445,-1.7204678,CEMENT
911,73.0,0.0,1.0,0.81649536,42.25926,40.555557,47.333332,-10.111111,-1.8934947,CEMENT
912,76.0,0.0,15.0,11.481388,29.814816,28.666666,33.444447,-7.4444447,-1.9036244,CEMENT
916,67.0,0.0,0.8888893,0.5837296,122.888885,112.333336,138.44444,-15.0,-2.3171885,SKY
917,27.0,0.0,2.0555573,1.3567389,122.666664,111.55556,138.66667,-14.666667,-2.3345118,SKY
918,20.0,0.0,1.2777799,0.92895854,127.333336,116.77778,142.66667,-14.333333,-2.3269186,SKY
919,30.0,0.0,0.6111107,0.7722024,125.40741,115.111115,141.0,-15.888889,-2.2959888,SKY
921,35.0,0.0,0.88888806,0.5443334,125.18519,113.77778,141.33334,-14.222222,-2.3466358,SKY
922,58.0,0.0,1.0000013,0.4216377,122.0,110.111115,138.77779,-14.666667,-2.3492694,SKY
923,31.0,0.0,0.8888893,0.34426534,126.85185,115.55556,143.11111,-14.888889,-2.3348312,SKY
924,71.0,0.0,0.88888806,0.72008145,122.18519,111.44444,138.33334,-16.222221,-2.3012028,SKY
925,34.0,0.0,1.0000013,0.63245475,123.22222,111.44444,140.0,-15.0,-2.3433814,SKY
926,54.0,0.0,1.2222214,1.0036972,124.37037,112.666664,141.33334,-15.777778,-2.3286614,SKY
927,40.0,0.0,0.8333333,0.72265035,125.111115,114.0,141.55556,-16.0,-2.3136847,SKY
928,25.0,0.0,0.9999962,0.76011676,126.03704,114.333336,142.22223,-13.444445,-2.36518,SKY
929,20.0,0.0,0.8333333,0.7527733,125.0,114.0,140.55556,-13.666667,-2.348006,SKY
930,51.0,0.0,0.8333346,0.7226493,122.96296,110.666664,140.77779,-16.555555,-2.3304648,SKY
931,39.0,0.0,0.77777606,0.58372843,124.18519,113.888885,140.33334,-17.555555,-2.268113,SKY
932,51.0,0.0,2.0555534,0.742867,124.40741,113.22222,141.11111,-16.555555,-2.3053098,SKY
933,21.0,0.0,1.0,0.5163958,127.296295,116.22222,143.11111,-14.222222,-2.3393772,SKY
934,33.0,0.0,1.0555534,0.8541826,125.888885,114.666664,141.77779,-14.0,-2.3480024,SKY
936,21.0,0.0,1.3333321,0.8692265,126.81481,115.0,142.88889,-12.777778,-2.3778136,SKY
937,45.0,0.0,1.1111132,0.45541877,122.85185,110.55556,140.0,-14.555555,-2.3593597,SKY
938,50.0,0.0,0.7777786,0.34426397,121.18519,109.22222,138.88889,-17.222221,-2.3123052,SKY
939,21.0,0.0,2.055556,1.2186847,125.59259,113.44444,142.44444,-14.111111,-2.362526,SKY
940,41.0,0.0,1.111112,1.0255967,123.03704,111.888885,139.77779,-16.777779,-2.2999177,SKY
941,53.0,0.0,0.7222226,0.4906516,123.44444,112.333336,138.22223,-11.0,-2.3932705,SKY
942,40.0,0.0,0.555556,0.17213097,125.14815,114.22222,141.66667,-16.777779,-2.2948995,SKY
943,20.0,0.0,1.1666654,1.1498771,126.55556,115.666664,142.33334,-14.666667,-2.3280342,SKY
944,59.0,0.0,1.3333334,0.8165003,122.03704,110.55556,138.77779,-15.777778,-2.323173,SKY
945,58.0,0.0,1.4444441,1.0036969,122.25926,110.44444,138.77779,-14.111111,-2.357271,SKY
946,15.0,0.0,0.555556,0.6206318,129.25926,118.333336,144.0,-11.444445,-2.3824396,SKY
947,46.0,0.0,2.166668,0.7817352,124.55556,112.77778,141.0,-14.0,-2.357688,SKY
948,34.0,0.0,1.388888,0.8798136,125.48148,113.666664,142.0,-14.111111,-2.3572717,SKY
949,32.0,0.0,1.7777786,1.3109215,126.22222,115.111115,142.22223,-14.666667,-2.333746,SKY
950,57.0,0.0,1.3888906,0.8004639,123.55556,112.22222,139.0,-12.333333,-2.376054,SKY
951,50.0,0.0,1.4444441,0.6885326,122.07407,109.888885,139.77779,-16.555555,-2.3256788,SKY
952,44.0,0.0,1.1666654,1.048809,123.81481,113.44444,138.11111,-11.777778,-2.3672824,SKY
953,23.0,0.0,1.1666654,0.54772294,124.44444,111.888885,141.66667,-14.0,-2.3705504,SKY
954,65.0,0.0,1.5000013,1.224745,123.0,111.666664,140.0,-17.0,-2.3039913,SKY
955,50.0,0.0,0.7777799,0.50185025,124.111115,113.111115,140.88889,-17.333334,-2.2882798,SKY
956,19.0,0.0,1.4444466,0.7793644,126.666664,115.44444,142.44444,-13.666667,-2.3528337,SKY
957,33.0,0.0,0.88888806,0.6206336,124.55556,113.22222,140.88889,-15.0,-2.3335373,SKY
958,57.0,0.0,1.611112,1.1038661,124.25926,113.0,140.33334,-14.444445,-2.3411634,SKY
959,49.0,0.0,1.7777799,1.0680549,124.03704,113.111115,140.44444,-16.444445,-2.303412,SKY
960,23.0,0.0,1.1666654,1.224743,123.0,111.0,139.77779,-14.333333,-2.3562624,SKY
961,17.0,0.0,1.2777786,1.0201668,126.14815,115.0,141.88889,-13.777778,-2.3484151,SKY
962,41.0,0.0,1.8888893,1.2412663,121.48148,110.22222,138.88889,-18.444445,-2.2808032,SKY
963,58.0,0.0,0.88889056,0.8606633,123.0,112.55556,137.44444,-12.0,-2.3653848,SKY
964,59.0,0.0,1.0555559,0.68041223,121.703705,109.22222,139.0,-14.444445,-2.3642159,SKY
965,18.0,0.0,1.2777773,1.2546203,125.62963,114.0,142.0,-14.222222,-2.3521838,SKY
966,62.0,0.0,1.8888868,0.72008234,123.48148,112.333336,139.33334,-14.111111,-2.3434038,SKY
967,51.0,0.0,0.6111107,0.74286705,123.18519,111.77778,138.88889,-12.888889,-2.368498,SKY
968,30.0,0.0,0.83333206,0.54772305,123.333336,112.77778,139.66667,-17.333334,-2.2795098,SKY
969,21.0,0.0,1.1666666,0.4082483,126.77778,115.77778,141.88889,-12.333333,-2.3703718,SKY
970,38.0,0.0,0.88888806,1.0680552,124.85185,113.333336,141.66667,-15.888889,-2.322923,SKY
971,28.0,0.0,1.4444414,1.29386,122.51852,111.0,138.66667,-13.888889,-2.35398,SKY
972,19.0,0.0,0.94444275,0.68041587,127.51852,116.55556,143.11111,-13.888889,-2.344188,SKY
973,216.0,0.0,2.7222226,2.984528,15.074074,11.444445,13.222222,16.444445,2.2845712,GRASS
974,162.0,0.0,1.9444447,1.3567389,24.518518,19.555555,24.11111,16.11111,2.5573888,GRASS
975,160.0,0.0,3.055555,2.3609476,28.037037,21.11111,29.666666,15.888889,2.8271055,GRASS
976,172.0,0.0,2.3333337,1.6996722,30.11111,24.555555,30.11111,16.666666,2.6178014,GRASS
977,201.0,0.0,3.111111,1.7847089,21.296297,16.666668,20.333334,16.777779,2.4679377,GRASS
978,160.0,0.0,1.4444443,1.7722135,23.25926,17.777779,23.444445,15.888889,2.6425967,GRASS
979,156.0,0.0,1.0555553,0.6469302,24.25926,17.222223,26.0,15.888889,2.8434196,GRASS
980,215.0,0.0,4.722222,2.6450515,23.037037,17.11111,22.555555,19.222221,2.5610487,GRASS
981,194.0,0.0,2.055556,2.0266738,18.555555,15.0,15.333333,20.333334,2.1265156,GRASS
982,181.0,0.0,3.277777,1.6113026,21.407408,16.555555,19.666668,19.777779,2.3788457,GRASS
983,249.0,0.11111111,2.666667,1.5055449,22.851852,19.777779,21.222221,14.111111,2.2826295,GRASS
984,201.0,0.0,2.4444447,0.8344436,19.148148,14.666667,17.666668,17.88889,2.389747,GRASS
985,204.0,0.0,1.8888887,1.7722135,19.0,14.333333,17.11111,19.666666,2.3487284,GRASS
986,201.0,0.0,2.0555556,1.306678,17.88889,14.0,14.888889,20.666666,2.1769927,GRASS
987,246.0,0.0,2.7222223,0.77220213,22.814816,18.88889,19.666668,21.222221,2.1589146,GRASS
988,152.0,0.0,2.7777774,1.1088861,25.037037,19.666668,25.777779,13.888889,2.7311342,GRASS
989,187.0,0.0,3.555555,1.8698399,18.666666,14.666667,16.222223,19.333334,2.2543035,GRASS
990,248.0,0.0,3.2222226,1.2590408,19.555555,15.555555,16.666668,20.666666,2.205099,GRASS
991,162.0,0.0,1.4444443,1.3277662,25.11111,19.666668,26.11111,13.333333,2.769038,GRASS
992,158.0,0.0,1.888889,1.29386,22.185184,16.444445,22.222221,17.11111,2.6247067,GRASS
993,180.0,0.0,1.1666673,0.9831922,22.555555,17.444445,22.0,17.0,2.5416608,GRASS
994,161.0,0.0,1.6111113,1.4050179,19.037037,15.111111,17.0,17.88889,2.292736,GRASS
995,170.0,0.0,0.94444436,0.38968262,25.444445,20.11111,25.333334,16.333334,2.6040132,GRASS
996,209.0,0.0,0.7222217,0.7123257,22.518518,17.666668,20.88889,19.444445,2.3893912,GRASS
997,204.0,0.0,3.3333333,1.3824291,19.407408,15.333333,16.88889,19.777779,2.2444103,GRASS
998,175.0,0.0,1.166666,0.88819396,23.74074,18.666668,23.777779,15.111111,2.630157,GRASS
999,211.0,0.0,1.6111113,1.2546215,20.518518,16.11111,19.222221,17.11111,2.4163542,GRASS
1000,246.0,0.0,2.9999993,1.988857,17.518518,14.222222,15.444445,16.11111,2.2328491,GRASS
1001,240.0,0.0,2.1111114,1.3608272,21.148148,17.0,17.88889,22.222221,2.1755219,GRASS
1002,168.0,0.0,0.6666663,0.47140402,25.11111,20.88889,23.0,19.0,2.302124,GRASS
1003,235.0,0.0,1.944445,2.2648687,25.88889,21.11111,24.0,20.0,2.3560238,GRASS
1004,190.0,0.0,2.6111114,1.8429048,19.88889,16.0,17.11111,20.0,2.2044082,GRASS
1005,226.0,0.0,1.111111,0.4554203,18.0,14.0,15.777778,18.666666,2.2730305,GRASS
1006,156.0,0.0,1.9999996,0.55777323,23.703703,17.333334,25.444445,13.888889,2.8649306,GRASS
1007,224.0,0.0,3.0555556,3.0215273,20.25926,15.444445,17.777779,21.88889,2.3041532,GRASS
1008,248.0,0.0,2.111111,1.3770607,26.88889,23.222221,25.11111,16.333334,2.2850983,GRASS
1009,169.0,0.0,0.9999997,0.91893625,25.962963,20.88889,25.0,18.11111,2.4790645,GRASS
1010,246.0,0.0,5.833334,4.113663,25.88889,21.11111,22.444445,24.666666,2.2140112,GRASS
1011,190.0,0.0,1.3333334,1.0954453,20.11111,15.888889,17.555555,20.333334,2.252231,GRASS
1012,215.0,0.0,2.4999998,1.6158936,23.814816,18.11111,22.666666,20.555555,2.4717567,GRASS
1013,240.0,0.11111111,2.0555556,1.7437719,20.444445,15.222222,18.777779,20.666666,2.4207911,GRASS
1014,183.0,0.0,4.722222,1.0201681,19.851852,14.555555,19.0,18.444445,2.5068066,GRASS
1015,194.0,0.0,2.2777777,1.4207466,20.185184,16.555555,17.88889,17.777779,2.224382,GRASS
1016,215.0,0.0,2.5555556,1.2590423,18.074074,14.222222,15.444445,19.444445,2.2240133,GRASS
1017,242.0,0.0,4.6666675,1.9206476,24.074074,19.222221,22.444445,19.444445,2.395778,GRASS
1018,233.0,0.0,1.7222227,0.82775885,26.814816,21.88889,25.11111,19.88889,2.3893497,GRASS
1019,237.0,0.0,2.7222216,2.678446,22.222221,17.555555,19.666668,21.666666,2.2802892,GRASS
1020,240.0,0.0,3.3888886,2.4532666,22.481482,19.555555,19.777779,16.88889,2.1418114,GRASS
1021,203.0,0.0,2.9444437,1.7564695,19.518518,15.444445,17.666668,17.777779,2.320382,GRASS
1022,164.0,0.0,3.222223,1.0470421,19.814816,15.111111,18.777779,17.222221,2.4598064,GRASS
1023,187.0,0.0,6.222222,3.512938,56.148148,49.88889,69.66667,-21.777779,-2.0438795,PATH
1024,189.0,0.0,1.4444441,0.8606628,59.925926,53.444443,74.888885,-25.444445,-2.0059564,PATH
1025,188.0,0.0,3.0555546,2.4981472,61.666668,54.444443,76.55556,-23.0,-2.074028,PATH
1026,197.0,0.0,4.555556,2.1464868,55.444443,49.11111,69.55556,-23.333334,-2.0243213,PATH
1027,201.0,0.0,4.9999995,4.071583,56.444443,51.444443,68.66667,-21.666666,-1.9694558,PATH
1028,202.0,0.0,8.333334,2.5121903,57.333332,50.22222,71.55556,-21.333334,-2.0937457,PATH
1029,186.0,0.11111111,5.5,3.5071344,53.444443,48.22222,65.88889,-21.666666,-1.9882493,PATH
1030,201.0,0.0,2.5000007,1.656637,61.62963,54.88889,76.44444,-24.222221,-2.0341187,PATH
1031,185.0,0.0,1.9444441,2.1542377,57.074074,50.11111,71.111115,-21.222221,-2.0888546,PATH
1032,196.0,0.0,4.444444,1.9962916,51.148148,45.333332,63.333332,-19.11111,-2.059262,PATH
1033,189.0,0.0,4.4444447,3.4555368,61.407406,55.0,75.44444,-22.88889,-2.0358937,PATH
1034,185.0,0.0,2.2222214,1.9512575,56.25926,49.88889,69.88889,-21.777779,-2.0510557,PATH
1035,197.0,0.0,2.6111107,1.9254634,49.592594,44.22222,61.555557,-19.777779,-2.0222743,PATH
1036,197.0,0.11111111,1.2777786,1.1038647,63.22222,56.22222,77.77778,-22.666666,-2.06802,PATH
1037,176.0,0.11111111,3.444444,1.6953092,53.666668,47.11111,67.66667,-22.333334,-2.0522583,PATH
1038,189.0,0.0,3.7777774,1.544405,58.407406,51.333332,72.44444,-20.88889,-2.1013258,PATH
1039,193.0,0.0,2.555556,1.408967,60.703705,54.444443,74.888885,-23.777779,-2.0182114,PATH
1040,205.0,0.0,2.3888893,2.4892375,56.074074,49.77778,69.77778,-22.222221,-2.0382628,PATH
1041,200.0,0.0,4.8333325,2.622552,54.703705,47.88889,69.0,-22.444445,-2.0656626,PATH
1042,198.0,0.0,4.833334,3.0092454,59.77778,53.11111,74.0,-22.666666,-2.0505745,PATH
1043,199.0,0.0,6.3888893,3.4667745,54.962963,47.88889,69.22222,-21.555555,-2.0847538,PATH
1044,199.0,0.0,5.611111,4.6159945,55.666668,49.11111,69.77778,-22.666666,-2.0454311,PATH
1045,193.0,0.0,7.055556,5.4095254,51.74074,46.555557,63.0,-18.222221,-2.0801742,PATH
1046,183.0,0.0,4.0555553,3.0725813,56.333332,50.444443,70.0,-23.333334,-1.9975766,PATH
1047,184.0,0.0,2.4999993,1.9293057,56.25926,51.22222,69.0,-23.11111,-1.958014,PATH
1048,185.0,0.0,2.0,0.21081811,54.22222,48.555557,67.22222,-22.0,-2.0080075,PATH
1049,204.0,0.0,3.222222,2.0834446,55.88889,49.77778,69.22222,-21.666666,-2.0373702,PATH
1050,196.0,0.0,1.3888893,1.35674,53.333332,47.333332,65.66667,-19.0,-2.0791848,PATH
1051,198.0,0.0,4.1111107,3.3444247,48.703705,42.77778,61.0,-19.11111,-2.070717,PATH
1052,184.0,0.11111111,2.7777774,2.0073938,50.592594,45.88889,62.333332,-21.11111,-1.9644797,PATH
1053,191.0,0.0,1.4444447,1.0886624,61.666668,54.77778,76.66667,-24.333334,-2.0412767,PATH
1054,182.0,0.0,3.444444,2.8258078,55.851852,50.11111,69.111115,-22.555555,-2.0015576,PATH
1055,194.0,0.0,4.611112,3.3560352,60.77778,53.444443,76.111115,-24.0,-2.0605488,PATH
1056,196.0,0.0,6.777777,4.1881666,46.074074,40.444443,57.11111,-16.222221,-2.1056774,PATH
1057,182.0,0.0,4.166666,2.1265519,58.0,51.88889,72.44444,-25.0,-1.99159,PATH
1058,192.0,0.0,6.1666675,2.3261807,59.555557,52.555557,74.77778,-24.666666,-2.0381765,PATH
1059,200.0,0.0,4.3333325,2.8828998,56.37037,50.444443,69.66667,-22.11111,-2.0211716,PATH
1060,193.0,0.0,4.5,2.5011096,57.814816,51.11111,72.55556,-24.11111,-2.033804,PATH
1061,181.0,0.0,4.1666675,2.786875,59.074074,52.333332,74.22222,-25.222221,-2.0208647,PATH
1062,190.0,0.0,2.277778,1.4050181,60.444443,53.444443,75.55556,-24.333334,-2.0436168,PATH
1063,182.0,0.0,3.9999993,2.3664315,58.407406,52.555557,72.55556,-24.88889,-1.9784946,PATH
1064,182.0,0.0,3.0,2.0548048,55.074074,49.555557,68.111115,-22.555555,-1.9892213,PATH
1065,181.0,0.0,2.555556,1.4857335,60.62963,53.666668,75.66667,-24.222221,-2.0445633,PATH
1066,183.0,0.0,4.6666665,3.6998506,55.74074,49.666668,69.66667,-23.555555,-2.0051956,PATH
1067,175.0,0.0,3.4444454,2.2574966,57.77778,50.666668,72.66667,-23.333334,-2.0637763,PATH
1068,188.0,0.0,5.0,3.7475924,61.25926,55.11111,75.66667,-24.777779,-1.9977459,PATH
1069,191.0,0.0,5.2222233,3.4297178,59.592594,52.333332,75.22222,-25.11111,-2.047053,PATH
1070,207.0,0.0,3.1111119,3.0086293,52.11111,46.0,64.88889,-20.0,-2.0633535,PATH
1071,194.0,0.0,9.111109,7.7133846,60.814816,54.333332,74.888885,-22.777779,-2.033605,PATH
1072,189.0,0.0,2.1111114,2.8100357,58.62963,51.77778,73.333336,-23.555555,-2.0480576,PATH
1073,196.0,0.0,3.4444447,2.2770991,49.88889,44.333332,61.444443,-18.0,-2.0638638,PATH
1074,186.0,0.0,2.7777774,2.5268927,54.962963,49.11111,67.88889,-21.222221,-2.0286176,PATH
1075,187.0,0.0,2.333334,2.0221,54.77778,49.0,68.0,-22.333334,-2.0096147,PATH
1076,197.0,0.11111111,5.277778,3.2756114,54.851852,48.88889,68.0,-21.555555,-2.0335052,PATH
1077,202.0,0.11111111,4.8333325,4.091997,58.0,52.0,71.0,-21.0,-2.0459433,PATH
1078,210.0,0.11111111,4.444444,2.613356,51.296295,45.444443,64.333336,-21.555555,-2.0208955,PATH
1079,198.0,0.0,5.111111,1.6009259,51.666668,45.555557,64.22222,-19.333334,-2.0726159,PATH
1080,175.0,0.0,7.166668,4.68923,57.851852,50.77778,72.77778,-23.555555,-2.05935,PATH
1081,192.0,0.0,4.944445,3.866763,58.11111,51.77778,72.0,-22.666666,-2.0340476,PATH
1082,178.0,0.0,5.2222214,4.933632,47.962963,42.666668,58.88889,-16.88889,-2.102536,PATH
1083,183.0,0.0,2.333334,1.7888557,52.62963,47.444443,65.111115,-21.88889,-1.9819108,PATH
1084,194.0,0.0,5.222222,4.435546,58.962963,52.88889,71.55556,-19.555555,-2.0818913,PATH
1085,176.0,0.11111111,5.0555553,2.855145,52.925926,46.333332,67.0,-22.444445,-2.0516355,PATH
1086,190.0,0.0,2.6111114,3.234651,53.592594,47.333332,66.88889,-21.11111,-2.052546,PATH
1087,185.0,0.0,2.5,1.656637,50.22222,45.444443,61.333332,-19.0,-2.0071752,PATH
1088,200.0,0.0,3.7777793,1.7847085,61.037037,54.11111,76.44444,-25.444445,-2.0265863,PATH
1089,196.0,0.0,7.3888893,3.6782641,63.51852,56.0,79.111115,-24.222221,-2.0704408,PATH
1090,197.0,0.0,4.9444447,3.1227946,50.333332,44.666668,62.22222,-18.666666,-2.0712209,PATH
1091,190.0,0.0,2.6111114,3.234651,53.592594,47.333332,66.88889,-21.11111,-2.052546,PATH
1092,183.0,0.0,2.944444,1.625037,54.74074,49.22222,67.77778,-22.555555,-1.9917008,PATH
1093,189.0,0.0,4.944445,4.007863,62.074074,54.77778,77.55556,-24.555555,-2.054084,PATH
1094,192.0,0.0,5.9444447,2.489237,60.814816,53.444443,76.44444,-24.777779,-2.055457,PATH
1095,173.0,0.0,3.6111107,2.1125717,55.185184,48.555557,69.55556,-23.222221,-2.0417202,PATH
1096,202.0,0.0,1.4999994,1.1303879,60.48148,53.666668,74.888885,-22.777779,-2.0606136,PATH
1097,198.0,0.0,5.6666665,5.7927146,58.333332,51.88889,72.333336,-22.666666,-2.0358741,PATH
1098,198.0,0.11111111,3.0555553,2.8706684,58.074074,51.444443,71.888885,-21.555555,-2.0648882,PATH
1099,192.0,0.0,4.3333335,3.062316,57.074074,50.333332,72.111115,-24.88889,-2.024748,PATH
1100,202.0,0.0,1.8888887,1.0036967,61.62963,55.0,76.0,-23.222221,-2.0435379,PATH
1101,203.0,0.11111111,5.4444447,2.7460413,54.0,47.666668,67.66667,-22.0,-2.0400128,PATH
1102,199.0,0.0,4.666666,3.025815,57.0,50.555557,71.0,-22.666666,-2.0408664,PATH
1103,201.0,0.0,4.333332,4.7234635,59.333332,52.555557,74.0,-23.666666,-2.042514,PATH
1104,209.0,0.11111111,4.555556,2.6722174,48.77778,43.0,60.77778,-18.666666,-2.0669804,PATH
1105,191.0,0.0,2.8333313,2.896358,63.0,55.11111,79.55556,-26.0,-2.0622857,PATH
1106,201.0,0.11111111,4.444444,2.4555306,58.703705,52.88889,72.22222,-23.11111,-1.9977362,PATH
1107,195.0,0.0,3.1666667,1.8226969,61.74074,55.11111,76.55556,-24.555555,-2.020938,PATH
1108,174.0,0.0,3.1666667,1.545604,56.185184,49.444443,70.88889,-23.88889,-2.0373507,PATH
1109,182.0,0.0,3.5555553,2.561829,58.962963,52.88889,73.333336,-24.88889,-1.992052,PATH
1110,187.0,0.0,2.8333333,1.602082,58.0,52.555557,71.44444,-24.0,-1.9666711,PATH
1111,193.0,0.0,2.8888893,2.1773255,60.11111,53.11111,75.111115,-24.0,-2.047766,PATH
1112,188.0,0.0,4.6111107,2.4075518,61.074074,53.77778,76.0,-22.88889,-2.0790954,PATH
1113,195.0,0.0,4.0555553,2.1230652,61.592594,54.666668,76.66667,-24.444445,-2.0371156,PATH
1114,190.0,0.0,4.5555553,3.7277741,58.11111,51.666668,71.111115,-19.666666,-2.102898,PATH
1115,173.0,0.0,2.3888881,1.2367805,56.77778,49.88889,71.55556,-23.666666,-2.048199,PATH
1116,174.0,0.0,1.3888887,0.85418344,57.851852,50.444443,73.22222,-23.88889,-2.069045,PATH
1117,196.0,0.0,4.444445,4.3902254,50.074074,44.333332,62.22222,-19.222221,-2.0547533,PATH
1118,196.0,0.0,2.222222,1.6688869,61.592594,55.0,75.66667,-22.444445,-2.0487363,PATH
1119,206.0,0.11111111,5.611111,2.8080564,57.62963,50.444443,72.111115,-21.88889,-2.0859342,PATH
1120,203.0,0.0,6.055556,2.4623086,54.51852,48.666668,67.111115,-20.222221,-2.0465353,PATH
1121,185.0,0.0,1.222222,1.9051588,59.148148,52.22222,73.44444,-22.11111,-2.0738695,PATH
1122,191.0,0.0,3.777778,2.9033842,63.074074,55.333332,79.22222,-25.222221,-2.0659478,PATH
1123,204.0,0.0,2.1666667,0.7527733,57.25926,50.88889,71.22222,-22.777779,-2.0373724,PATH
1124,190.0,0.0,6.1111107,5.2182016,57.333332,51.0,70.0,-19.0,-2.1120865,PATH
1125,193.0,0.0,1.8333327,1.8469193,62.703705,54.77778,78.77778,-24.444445,-2.0849354,PATH
1126,176.0,0.11111111,5.111111,2.8414931,60.296295,53.333332,75.66667,-25.222221,-2.0306482,PATH
1127,207.0,0.0,6.444444,2.8021147,56.814816,50.444443,70.111115,-20.777779,-2.0627244,PATH
1128,180.0,0.0,2.222222,1.1088873,60.074074,53.22222,75.44444,-25.555555,-2.0221484,PATH
1129,186.0,0.11111111,6.0555553,2.8159592,50.074074,45.666668,60.22222,-17.222221,-2.0288115,PATH
1130,200.0,0.0,6.0555553,4.327775,58.592594,52.22222,72.66667,-23.11111,-2.02885,PATH
1131,187.0,0.0,2.1111114,1.7847083,59.37037,52.666668,74.111115,-24.11111,-2.03348,PATH
1132,187.0,0.0,1.8333334,1.0697875,60.444443,53.666668,74.77778,-22.666666,-2.0582106,PATH
1133,196.0,0.11111111,6.888888,4.8610306,52.48148,46.88889,65.0,-20.777779,-2.0225987,PATH
1134,178.0,0.0,1.1111094,0.5443307,59.62963,52.444443,75.22222,-25.222221,-2.0405545,PATH
1135,191.0,0.11111111,6.0000014,5.1854515,60.25926,52.444443,76.22222,-24.444445,-2.0776508,PATH
1136,194.0,0.0,3.2222233,1.5006163,61.555557,54.77778,76.22222,-23.666666,-2.0427177,PATH
1137,200.0,0.0,2.5,1.5311577,56.666668,50.666668,70.22222,-22.666666,-2.0153737,PATH
1138,200.0,0.0,3.4444454,1.2049289,55.962963,49.0,70.22222,-21.88889,-2.080206,PATH
1139,182.0,0.0,2.7222226,1.9823296,54.185184,48.555557,67.22222,-22.222221,-2.0040817,PATH
1140,208.0,0.0,6.3333344,3.5527778,55.62963,48.22222,70.333336,-21.88889,-2.0945847,PATH
1141,183.0,0.0,3.3888881,1.5974506,54.037037,48.88889,66.55556,-22.11111,-1.9749589,PATH
1142,195.0,0.0,3.9444447,1.7051116,57.11111,51.333332,70.111115,-21.666666,-2.015595,PATH
1143,200.0,0.0,3.9444447,2.480293,53.555557,46.444443,67.333336,-20.0,-2.1167326,PATH
1144,191.0,0.0,3.277778,2.8001328,59.74074,52.88889,74.77778,-24.555555,-2.03548,PATH
1145,203.0,0.0,3.4444447,4.0368657,58.48148,52.444443,71.66667,-21.444445,-2.0346415,PATH
1146,181.0,0.0,1.8333327,1.3291602,55.333332,49.0,68.77778,-21.333334,-2.0531886,PATH
1147,191.0,0.0,2.8888874,2.7862093,62.037037,54.444443,78.111115,-25.444445,-2.0561104,PATH
1148,188.0,0.0,1.1111113,0.75030893,60.333332,53.555557,74.888885,-23.333334,-2.047211,PATH
1149,187.0,0.0,3.444444,1.6555183,58.666668,52.555557,72.55556,-23.333334,-2.0135245,PATH
1150,204.0,0.0,2.7777774,1.1482679,57.88889,51.444443,72.0,-23.0,-2.0385435,PATH
1151,194.0,0.0,6.4444447,3.9646575,58.814816,51.77778,72.55556,-20.11111,-2.112941,PATH
1152,193.0,0.0,2.222222,1.8094397,61.407406,53.666668,76.55556,-22.222221,-2.1093748,PATH
1153,180.0,0.0,3.3333333,3.19722,62.074074,54.88889,77.55556,-24.88889,-2.0441787,PATH
1154,201.0,0.22222222,5.2222214,3.1245742,53.703705,47.11111,67.22222,-20.777779,-2.0752265,PATH
1155,188.0,0.0,2.3333328,1.2995725,55.77778,49.666668,69.111115,-21.666666,-2.0396667,PATH
1156,176.0,0.0,2.3888893,2.870668,56.925926,50.444443,71.44444,-24.11111,-2.0217843,PATH
1157,210.0,0.0,5.722222,2.184966,49.74074,44.22222,62.22222,-20.88889,-2.0144343,PATH
1158,186.0,0.0,9.444444,7.9321184,51.77778,46.555557,63.666668,-20.0,-2.0141015,PATH
1159,192.0,0.0,7.444444,4.1347656,53.444443,47.333332,65.0,-16.333334,-2.1641955,PATH
1160,182.0,0.0,3.6111114,1.705112,54.925926,49.444443,68.111115,-23.11111,-1.9803478,PATH
1161,205.0,0.0,3.333334,2.5298228,50.25926,44.88889,61.77778,-18.444445,-2.0446525,PATH
1169,142.0,0.0,0.22222225,0.17213261,1.2222222,0.11111111,3.5555556,-3.6666667,-2.0561552,WINDOW
1171,89.0,0.0,6.1666665,4.7034264,17.0,13.0,24.555555,-10.666667,-2.1297464,WINDOW
1172,89.0,0.0,0.9444444,0.80046284,5.037037,2.8888888,9.555555,-7.111111,-2.0653422,WINDOW
1175,94.0,0.0,0.6111111,0.49065334,9.111111,5.888889,15.222222,-8.666667,-2.1293402,WINDOW
1177,134.0,0.0,0.33333334,0.2108186,1.037037,0.0,3.1111112,-3.1111112,-2.0943952,WINDOW
1178,141.0,0.0,0.16666667,0.18257418,0.7777778,0.0,2.3333335,-2.3333333,-2.0943952,WINDOW
1180,142.0,0.0,2.0,2.1081848,1.8148148,0.8888889,3.6666667,-2.7777777,-2.0943952,WINDOW
1182,135.0,0.0,0.055555556,0.13608277,0.4814815,0.0,1.4444444,-1.4444444,-2.0943952,WINDOW
1188,92.0,0.0,0.7777779,0.34426498,9.962963,7.111111,15.555555,-8.222222,-2.0967047,WINDOW
1189,133.0,0.0,2.7222223,3.1581755,2.7037036,1.2222222,5.0,-2.4444444,-2.208419,WINDOW
1193,141.0,0.0,0.33333337,-1.5894573e-08,0.18518518,0.0,0.5555556,-0.5555556,-2.0943952,WINDOW
1194,134.0,0.0,0.055555556,0.01851852,0.5185185,0.0,1.5555556,-1.5555556,-2.0943952,WINDOW
1195,118.0,0.0,1.2222223,0.87407327,19.407408,15.555555,26.555555,-9.888889,-2.14718,WINDOW
1197,141.0,0.0,0.22222225,0.074074075,0.7037037,0.33333334,1.7777778,-2.1111112,-1.9212171,WINDOW
1198,90.0,0.0,3.6111114,8.507409,20.148148,15.666667,29.0,-13.111111,-2.101515,WINDOW
1199,140.0,0.0,0.22222225,0.029629627,0.25925925,0.0,0.7777778,-0.7777778,-2.0943952,WINDOW
1200,135.0,0.0,0.5555555,0.38518512,2.1851852,0.7777778,4.888889,-3.8888888,-2.1109743,WINDOW
1203,141.0,0.0,0.44444445,0.11851848,4.962963,3.1111112,8.777778,-5.888889,-2.0750706,WINDOW
1204,135.0,0.0,0.27777776,0.06296293,2.8888888,1.6666666,6.0,-5.6666665,-1.958546,WINDOW
1205,135.0,0.0,0.22222221,0.029629624,0.7777778,0.0,2.3333335,-2.3333333,-2.0943952,WINDOW
1206,94.0,0.0,0.22222221,0.029629631,1.1851852,0.22222222,3.2222223,-3.2222223,-2.0712416,WINDOW
1207,137.0,0.0,0.27777776,0.1074074,1.3703704,0.0,4.111111,-4.111111,-2.0943952,WINDOW
1208,115.0,0.0,0.16666669,0.033333343,1.2222222,0.44444445,2.8888888,-2.6666667,-2.0655363,WINDOW
1212,134.0,0.0,0.61111116,0.24074072,2.9629629,1.1111112,6.4444447,-4.888889,-2.133095,WINDOW
1213,139.0,0.0,0.11111113,0.029629637,1.2962962,0.0,3.8888888,-3.8888888,-2.0943952,WINDOW
1215,90.0,0.0,0.72222215,0.06296298,5.148148,2.7777777,10.0,-7.4444447,-2.073429,WINDOW
1217,110.0,0.0,0.77777785,0.9629633,4.2222223,2.7777777,7.4444447,-5.3333335,-2.021228,WINDOW
1219,93.0,0.0,0.16666669,0.033333343,2.4444444,1.0,5.4444447,-4.6666665,-2.0750706,WINDOW
1220,134.0,0.0,1.0555555,0.37407416,2.6666667,1.0,6.111111,-5.3333335,-2.0712416,WINDOW
1221,89.0,0.0,0.9444445,0.5518519,1.8148148,0.7777778,4.111111,-3.7777777,-2.0422592,WINDOW
1222,111.0,0.0,2.0555556,0.9518509,19.333334,15.555555,26.222221,-9.333333,-2.1537185,WINDOW
1223,116.0,0.0,0.44444442,0.029629644,1.962963,0.6666667,4.888889,-4.888889,-2.018925,WINDOW
1224,104.0,0.0,1.5,1.0111135,65.296295,59.77778,78.0,-21.555555,-2.0078323,CEMENT
1225,78.0,0.0,4.3333335,6.355548,36.11111,31.333334,46.0,-15.333333,-2.053834,CEMENT
1226,125.0,0.0,2.1111114,1.3185211,66.25926,61.11111,79.111115,-23.11111,-1.9632003,CEMENT
1227,105.0,0.0,2.166666,1.6777797,45.74074,41.22222,56.333332,-18.222221,-1.9960818,CEMENT
1228,104.0,0.0,1.4444441,0.7407405,57.333332,52.77778,68.22222,-19.0,-1.9852214,CEMENT
1229,129.0,0.0,1.1111107,1.0962967,37.88889,33.11111,47.444443,-14.333333,-2.097799,CEMENT
1230,107.0,0.0,13.166667,5.5888996,54.0,49.444443,64.44444,-17.666666,-2.0036066,CEMENT
1232,124.0,0.0,7.388889,70.1963,43.148148,39.22222,52.666668,-16.777779,-1.9809769,CEMENT
1233,85.0,0.0,2.8333328,9.188898,49.148148,45.0,59.555557,-18.777779,-1.9542203,CEMENT
1234,138.0,0.0,1.0555534,0.41852024,69.48148,63.88889,82.55556,-22.444445,-1.9990451,CEMENT
1235,105.0,0.0,0.77777606,0.65185165,65.55556,60.0,78.77778,-23.0,-1.9894751,CEMENT
1236,129.0,0.0,19.833334,11.944499,51.0,46.88889,60.666668,-16.666666,-1.9972415,CEMENT
1237,82.0,0.0,1.3333334,0.48888907,44.88889,41.555557,53.11111,-14.666667,-1.9717809,CEMENT
1238,83.0,0.0,1.5555559,0.78518397,66.25926,60.22222,79.66667,-22.11111,-2.0277708,CEMENT
1239,79.0,0.0,0.88888866,0.6518533,45.814816,42.88889,53.88889,-15.444445,-1.9188883,CEMENT
1242,127.0,0.0,8.555555,59.54075,40.74074,38.0,48.22222,-14.222222,-1.9083478,CEMENT
1243,81.0,0.0,1.2222227,0.7407415,38.25926,34.555557,47.22222,-15.777778,-1.9845657,CEMENT
1244,77.0,0.0,1.5555553,1.5851847,59.555557,54.22222,71.333336,-19.333334,-2.030875,CEMENT
1245,103.0,0.0,1.777778,1.4962941,61.25926,56.0,73.44444,-20.777779,-2.0029202,CEMENT
1246,105.0,0.0,1.1666666,0.52222216,58.62963,53.333332,70.333336,-19.222221,-2.032243,CEMENT
1247,122.0,0.0,11.444444,90.829605,39.22222,35.77778,47.555557,-14.666667,-1.9850266,CEMENT
1248,122.0,0.0,11.444446,103.762955,36.185184,32.666668,44.0,-12.888889,-2.035377,CEMENT
1249,96.0,0.0,1.722222,1.2185229,67.03704,61.0,80.22222,-21.444445,-2.0363362,CEMENT
1250,103.0,0.0,0.8333359,0.43333372,64.44444,58.333332,78.111115,-22.666666,-2.022581,CEMENT
1251,135.0,0.0,0.83333206,0.122224174,69.92593,63.666668,83.888885,-23.11111,-2.0249448,CEMENT
1252,118.0,0.0,1.1666666,1.0555547,55.074074,50.11111,66.333336,-18.88889,-2.0071168,CEMENT
1253,70.0,0.0,0.3888893,0.10740789,55.037037,51.555557,64.88889,-19.11111,-1.9079554,CEMENT
1254,73.0,0.0,0.7777774,0.6518517,58.814816,54.0,70.111115,-19.444445,-1.9969074,CEMENT
1255,107.0,0.0,4.722223,20.196299,49.814816,46.22222,58.333332,-14.777778,-1.9914447,CEMENT
1256,105.0,0.0,0.61111134,0.15185204,50.185184,45.666668,60.88889,-18.555555,-1.9919642,CEMENT
1257,139.0,0.0,1.3888893,0.5962944,64.666664,57.88889,78.77778,-22.0,-2.065471,CEMENT
1258,83.0,0.0,1.666666,3.1111119,49.851852,46.0,59.555557,-17.555555,-1.958524,CEMENT
1259,103.0,0.0,1.9444447,1.3962961,58.185184,53.333332,69.55556,-19.555555,-1.9975892,CEMENT
1260,104.0,0.0,1.9999994,0.7111114,63.62963,58.22222,76.55556,-22.555555,-1.986567,CEMENT
1261,108.0,0.0,22.444443,104.91862,45.592594,41.22222,55.444443,-16.444445,-2.0155542,CEMENT
1262,83.0,0.0,1.5000013,0.5666662,49.444443,45.666668,58.666668,-16.333334,-1.9736155,CEMENT
1263,80.0,0.0,0.6666667,0.9333318,39.703705,36.333336,48.22222,-15.444445,-1.9626464,CEMENT
1264,126.0,0.0,0.94444466,0.59629667,57.814816,52.333332,70.44444,-21.444445,-2.0060287,CEMENT
1265,68.0,0.0,1.5555559,0.96296287,56.77778,52.0,68.22222,-20.0,-1.9843078,CEMENT
1266,78.0,0.0,4.0555553,5.662962,30.185184,25.11111,40.333336,-15.222222,-2.0666955,CEMENT
1267,108.0,0.0,6.833332,16.83333,40.0,36.0,48.22222,-12.666667,-2.080474,CEMENT
1268,82.0,0.0,0.77777797,0.47407353,38.88889,34.555557,48.444443,-15.666667,-2.028043,CEMENT
1269,66.0,0.0,0.94444466,0.41851884,51.592594,47.77778,61.22222,-17.444445,-1.9612544,CEMENT
1270,102.0,0.0,1.7777792,1.229628,51.703705,46.22222,64.333336,-21.444445,-2.0098543,CEMENT
1271,78.0,0.0,2.5555565,2.8740728,43.814816,41.11111,51.88889,-16.11111,-1.8860723,CEMENT
1272,124.0,0.11111111,2.4444447,1.8074036,54.333332,49.444443,65.22222,-18.0,-2.0300786,CEMENT
1273,125.0,0.0,2.1666667,1.9444479,69.333336,63.22222,83.111115,-23.0,-2.0195448,CEMENT
1274,124.0,0.0,1.2777792,1.3518513,38.592594,35.88889,46.22222,-14.777778,-1.9075019,CEMENT
1275,106.0,0.0,7.0,53.244434,37.703705,34.11111,45.77778,-13.444445,-2.0101776,CEMENT
1276,128.0,0.0,1.3333341,0.8444443,35.592594,32.11111,43.77778,-14.111111,-1.9818461,CEMENT
1277,102.0,0.0,0.44444528,0.20740719,56.77778,51.11111,69.111115,-20.0,-2.034054,CEMENT
1278,102.0,0.0,0.6666667,0.177779,63.48148,56.77778,77.111115,-20.777779,-2.0830433,CEMENT
1279,123.0,0.0,2.9999993,1.5555562,44.814816,41.11111,53.77778,-15.777778,-1.9783275,CEMENT
1281,100.0,0.0,1.388889,0.9074066,22.222221,21.777779,28.444445,-17.333334,-1.6233006,BRICKFACE
1282,50.0,0.0,1.0000004,0.48888907,23.037037,21.666666,30.0,-16.777779,-1.7412539,BRICKFACE
1283,55.0,0.0,1.277778,0.862964,21.037037,20.555555,26.666666,-15.444445,-1.634416,BRICKFACE
1284,83.0,0.0,2.444445,0.42963055,19.444445,19.555555,24.444445,-15.333333,-1.5070066,BRICKFACE
1285,109.0,0.0,1.3333336,0.8000008,17.777779,19.222221,21.0,-14.0,-1.2765617,BRICKFACE
1286,107.0,0.0,3.3333333,2.2666647,18.62963,19.444445,23.0,-15.555555,-1.3703691,BRICKFACE
1287,62.0,0.0,1.2222227,1.051853,21.222221,20.777779,27.222221,-16.666666,-1.6203984,BRICKFACE
1288,79.0,0.0,2.111111,0.51851857,16.814816,17.333334,21.0,-14.111111,-1.4531144,BRICKFACE
1289,85.0,0.0,1.777778,0.96296287,17.962963,18.88889,21.88889,-14.555555,-1.386867,BRICKFACE
1290,114.0,0.0,3.8888884,3.7629619,17.222221,19.0,20.11111,-14.0,-1.1766617,BRICKFACE
1291,115.0,0.0,2.2222226,4.9629602,16.555555,15.666667,21.777779,-13.0,-1.5480099,BRICKFACE
1292,60.0,0.0,1.0555553,0.06296298,19.333334,18.88889,24.777779,-15.0,-1.6233917,BRICKFACE
1294,63.0,0.0,1.9444441,2.462962,22.37037,20.333334,29.666666,-15.777778,-1.8138857,BRICKFACE
1295,69.0,0.0,1.6111107,1.4407405,24.333334,22.0,32.555557,-17.666666,-1.8112034,BRICKFACE
1297,89.0,0.0,3.6666667,4.0444417,22.333334,21.666666,28.444445,-16.333334,-1.6255869,BRICKFACE
1299,115.0,0.0,4.166667,4.2111125,22.037037,21.333334,28.0,-15.777778,-1.6195486,BRICKFACE
1300,73.0,0.0,2.611111,3.1296275,19.074074,19.222221,24.11111,-15.555555,-1.5242527,BRICKFACE
1301,118.0,0.0,3.444444,9.496296,22.74074,21.555555,29.0,-15.222222,-1.707392,BRICKFACE
1302,66.0,0.0,2.1666667,5.144446,22.62963,21.222221,29.88889,-17.555555,-1.7335443,BRICKFACE
1303,67.0,0.0,1.8333334,1.5444458,22.25926,22.555555,27.88889,-17.777779,-1.5247713,BRICKFACE
1304,110.0,0.0,2.6666667,1.0222229,17.925926,18.88889,21.444445,-13.444445,-1.3450956,BRICKFACE
1305,91.0,0.0,2.1666663,1.2777776,22.481482,22.0,28.777779,-17.444445,-1.6304086,BRICKFACE
1306,100.0,0.0,1.2222217,1.140741,21.074074,21.666666,26.0,-16.555555,-1.4770186,BRICKFACE
1307,102.0,0.0,2.611111,1.4851857,23.074074,22.11111,29.777779,-17.222221,-1.6854404,BRICKFACE
1308,93.0,0.0,2.1111114,9.1407385,20.37037,18.88889,26.777779,-14.777778,-1.7303063,BRICKFACE
1309,103.0,0.0,1.8333334,2.1666677,21.851852,21.222221,28.0,-16.555555,-1.6343956,BRICKFACE
1310,114.0,0.0,1.9444443,0.59629667,19.851852,20.0,24.666666,-14.888889,-1.5086578,BRICKFACE
1311,34.0,0.0,1.5,2.0333328,20.333334,18.222221,27.88889,-16.333334,-1.8231477,BRICKFACE
1312,109.0,0.0,1.9444443,2.729629,17.25926,19.222221,20.0,-14.111111,-1.1312037,BRICKFACE
1313,111.0,0.0,1.6111107,0.81851804,19.925926,19.777779,24.88889,-14.444445,-1.5814401,BRICKFACE
1314,106.0,0.0,2.1111114,3.1407404,20.0,20.0,25.11111,-15.333333,-1.5576197,BRICKFACE
1315,86.0,0.0,1.7222222,1.3074087,18.592592,18.555555,23.555555,-14.777778,-1.5415015,BRICKFACE
1316,84.0,0.0,1.6111107,2.2851882,23.851852,23.555555,30.0,-17.555555,-1.598867,BRICKFACE
1317,72.0,0.0,1.6666664,0.5777763,26.222221,23.777779,35.444447,-20.333334,-1.8078662,BRICKFACE
1318,73.0,0.0,1.6111116,2.5074077,20.62963,19.777779,26.777779,-15.888889,-1.6754649,BRICKFACE
1319,60.0,0.0,2.444445,1.94074,22.62963,21.333334,30.0,-18.222221,-1.7093887,BRICKFACE
1320,92.0,0.0,2.4999998,0.87777764,19.074074,18.777779,24.11111,-14.222222,-1.5705879,BRICKFACE
1322,94.0,0.0,3.666667,2.8888905,21.222221,20.666668,27.333334,-16.666666,-1.627145,BRICKFACE
1323,92.0,0.0,2.1666667,1.2777781,18.703703,18.777779,23.777779,-15.444445,-1.5482956,BRICKFACE
1324,92.0,0.0,1.9999999,1.0222219,19.37037,20.222221,23.333334,-14.444445,-1.4082419,BRICKFACE
1325,56.0,0.0,1.2777773,1.8407404,26.444445,23.333334,36.0,-19.333334,-1.8631825,BRICKFACE
1326,61.0,0.0,1.5555553,1.940741,21.74074,20.333334,28.777779,-16.88889,-1.7372931,BRICKFACE
1327,57.0,0.0,2.1111107,1.7185175,26.296297,24.666666,34.444447,-19.555555,-1.7390174,BRICKFACE
1328,113.0,0.0,2.944444,1.5296295,20.25926,20.0,25.444445,-14.777778,-1.5856091,BRICKFACE
1329,101.0,0.0,1.2777777,1.2185181,21.296297,21.222221,26.777779,-16.222221,-1.5585992,BRICKFACE
1330,86.0,0.0,1.6666673,2.5777786,24.296297,23.555555,31.333334,-18.88889,-1.6508442,BRICKFACE
1331,106.0,0.0,1.6111113,2.7296302,23.037037,22.0,29.88889,-17.444445,-1.6958038,BRICKFACE
1332,61.0,0.0,0.8333333,0.38888904,23.74074,22.666666,30.666666,-17.555555,-1.7009131,BRICKFACE
1333,54.0,0.0,2.722222,4.3296285,24.592592,22.777779,32.555557,-18.444445,-1.7607523,BRICKFACE
1334,74.0,0.0,0.6666673,0.13333334,22.407408,21.666666,28.88889,-17.222221,-1.6466708,BRICKFACE
1335,89.0,0.0,1.6666666,3.6888885,23.88889,23.11111,30.444445,-17.333334,-1.6640084,BRICKFACE
1337,64.0,0.0,1.6666664,1.4222221,18.88889,17.555555,25.11111,-14.666667,-1.7555053,BRICKFACE
1338,101.0,0.0,1.7777777,0.60740685,16.925926,18.333334,19.88889,-13.111111,-1.2111098,BRICKFACE
1339,108.0,0.0,1.6111107,1.1740738,17.11111,19.0,19.88889,-14.0,-1.1695169,BRICKFACE
1340,121.0,0.0,2.0000002,2.4444427,23.11111,21.666666,30.11111,-16.666666,-1.7407364,BRICKFACE
1341,90.0,0.0,5.111111,3.2740743,22.62963,22.0,29.11111,-17.555555,-1.6223308,BRICKFACE
1342,58.0,0.0,1.3888887,2.285186,20.925926,20.0,27.333334,-16.444445,-1.6850739,BRICKFACE
1343,87.0,0.0,2.722222,4.3740745,17.333334,18.222221,21.0,-13.666667,-1.3183731,BRICKFACE
1344,117.0,0.0,0.9999997,0.44444454,21.222221,21.11111,26.333334,-15.0,-1.5744768,BRICKFACE
1345,57.0,0.0,1.9444447,1.9740733,26.814816,24.0,36.22222,-19.777779,-1.8376745,BRICKFACE
1346,60.0,0.0,1.2777777,0.7296294,19.925926,19.333334,25.777779,-15.777778,-1.650048,BRICKFACE
1348,74.0,0.0,1.3888893,0.9074071,21.148148,21.0,26.88889,-16.777779,-1.5542339,BRICKFACE
1349,116.0,0.0,0.8888893,0.074074045,22.11111,21.333334,28.11111,-15.666667,-1.6703143,BRICKFACE
1350,53.0,0.0,1.1666666,0.43333283,21.555555,20.88889,27.444445,-15.666667,-1.6621771,BRICKFACE
1351,67.0,0.0,2.4444447,3.1851847,20.0,19.555555,25.88889,-16.333334,-1.6232022,BRICKFACE
1352,95.0,0.0,2.4999993,7.188887,21.11111,21.11111,26.222221,-15.333333,-1.555549,BRICKFACE
1353,59.0,0.0,2.944445,2.5518503,25.074074,22.333334,34.333336,-19.555555,-1.8363283,BRICKFACE
1354,86.0,0.0,3.555556,2.1629639,23.814816,23.333334,30.222221,-17.777779,-1.6085904,BRICKFACE
1355,114.0,0.0,2.1111114,1.2740738,14.518518,16.11111,17.11111,-12.555555,-1.1793475,BRICKFACE
1356,40.0,0.0,1.1111115,2.1185184,17.185184,15.666667,23.333334,-13.888889,-1.7836024,BRICKFACE
1357,117.0,0.0,1.611111,2.1518512,19.88889,20.666668,24.11111,-15.0,-1.4200875,BRICKFACE
1358,69.0,0.0,1.8888897,2.562964,25.666666,23.444445,34.444447,-19.666666,-1.7913898,BRICKFACE
1359,104.0,0.0,2.6666663,3.5555563,21.777779,20.88889,28.333334,-17.0,-1.6697525,BRICKFACE
1360,51.0,0.0,2.6666672,0.88888854,25.74074,22.666666,35.11111,-18.88889,-1.8730317,BRICKFACE
1361,61.0,0.0,3.1111107,7.185185,18.962963,18.666668,24.222221,-14.888889,-1.5912062,BRICKFACE
1362,108.0,0.0,0.944444,0.1518519,21.925926,21.0,28.222221,-16.11111,-1.6835289,BRICKFACE
1363,77.0,0.0,3.0555556,5.618516,26.407408,24.555555,34.444447,-18.555555,-1.7688724,BRICKFACE
1364,101.0,0.0,1.611111,0.5962954,22.444445,21.555555,29.222221,-17.666666,-1.6743178,BRICKFACE
1365,102.0,0.0,1.9444443,3.2629614,17.925926,18.555555,21.88889,-13.777778,-1.4470371,BRICKFACE
1366,81.0,0.0,1.8333334,1.0111104,19.851852,20.333334,24.666666,-15.888889,-1.472378,BRICKFACE
1367,64.0,0.0,2.388889,3.440744,22.481482,22.0,28.88889,-17.777779,-1.6256685,BRICKFACE
1368,101.0,0.0,1.7222223,1.8851866,20.074074,20.333334,25.0,-15.555555,-1.5201249,BRICKFACE
1370,56.0,0.0,1.333333,1.5999998,22.74074,21.11111,30.222221,-17.555555,-1.759414,BRICKFACE
1371,108.0,0.0,1.3888888,0.95185167,17.666666,19.0,21.11111,-14.333333,-1.3021333,BRICKFACE
1372,75.0,0.0,1.5000004,2.21111,22.74074,22.0,29.333334,-17.555555,-1.6418817,BRICKFACE
1373,44.0,0.0,2.3888896,1.5296285,18.74074,17.333334,25.222221,-15.222222,-1.7537255,BRICKFACE
1374,86.0,0.0,1.222222,1.3185184,26.481482,24.222221,35.0,-18.777779,-1.8048292,BRICKFACE
1375,103.0,0.0,2.277778,2.1518524,16.148148,17.666668,19.11111,-13.444445,-1.2192107,BRICKFACE
1376,89.0,0.0,2.9444447,4.862958,21.88889,21.333334,27.777779,-16.0,-1.6113652,BRICKFACE
1377,80.0,0.0,2.5000002,1.9,26.0,24.0,34.444447,-19.333334,-1.7735944,BRICKFACE
1378,88.0,0.0,2.9444447,1.040741,20.592592,18.777779,27.333334,-14.777778,-1.7851468,BRICKFACE
1379,83.0,0.0,3.6111107,2.3740723,18.74074,19.11111,23.222221,-14.555555,-1.4568193,BRICKFACE
1382,111.0,0.0,1.333333,1.0222224,18.62963,19.777779,22.222221,-14.222222,-1.3337922,BRICKFACE
1383,65.0,0.0,2.333334,2.3555567,20.814816,20.11111,26.777779,-15.777778,-1.6658529,BRICKFACE
1384,103.0,0.0,1.1111107,1.5407397,18.333334,19.222221,22.555555,-15.333333,-1.3974138,BRICKFACE
1385,88.0,0.0,2.888889,2.3851826,22.148148,21.333334,28.444445,-16.444445,-1.6537874,BRICKFACE
1386,60.0,0.0,2.888889,2.8740742,26.74074,24.666666,35.22222,-19.222221,-1.776113,BRICKFACE
1387,115.0,0.0,3.888889,2.8296306,19.925926,20.555555,24.11111,-14.444445,-1.4409626,BRICKFACE
1388,68.0,0.0,1.7777777,5.0962973,21.592592,20.444445,28.444445,-17.11111,-1.7003236,BRICKFACE
1389,100.0,0.0,2.6666672,3.6444447,20.62963,20.88889,25.555555,-15.555555,-1.519702,BRICKFACE
1390,113.0,0.0,2.777778,2.7851818,14.703704,17.11111,16.88889,-13.777778,-0.97570044,BRICKFACE
1391,85.0,0.0,2.5000007,0.6555552,21.11111,20.777779,27.11111,-17.0,-1.6039575,BRICKFACE
1392,102.0,0.0,1.333333,0.7999998,20.25926,20.333334,25.0,-14.444445,-1.5550972,BRICKFACE
1393,78.0,0.0,2.0,5.8666697,24.592592,24.0,31.222221,-18.11111,-1.610448,BRICKFACE
1394,92.0,0.0,1.777778,0.6518514,22.88889,21.777779,29.777779,-17.333334,-1.6826507,BRICKFACE
1395,92.0,0.0,1.388889,2.240742,23.444445,22.777779,30.0,-17.666666,-1.6539259,BRICKFACE
1396,59.0,0.0,2.0555553,0.86296284,21.814816,20.777779,28.777779,-17.777779,-1.680812,BRICKFACE
1397,63.0,0.0,1.4999999,0.7000005,18.074074,17.222223,23.666666,-14.222222,-1.6838473,BRICKFACE
1398,106.0,0.0,0.7222223,1.1740737,19.11111,19.555555,23.666666,-15.0,-1.4845796,BRICKFACE
1399,104.0,0.0,3.0555563,5.040743,20.185184,20.222221,24.88889,-14.222222,-1.5553759,BRICKFACE
1400,98.0,0.0,1.888889,3.2296317,20.88889,21.0,25.88889,-15.333333,-1.5288948,BRICKFACE
1401,90.0,0.0,1.3333336,1.8222237,18.11111,18.777779,22.11111,-14.0,-1.4258847,BRICKFACE
1402,81.0,0.0,1.3333334,2.3999984,22.703703,22.333334,28.777779,-17.11111,-1.6067939,BRICKFACE
1403,90.0,0.0,2.0,0.399999,24.851852,23.666666,32.22222,-18.555555,-1.7059416,BRICKFACE
1404,67.0,0.0,2.1111114,1.2296311,27.148148,25.11111,35.88889,-20.11111,-1.7683556,BRICKFACE
1405,95.0,0.0,0.944444,0.5518514,21.407408,21.333334,26.666666,-15.555555,-1.5673273,BRICKFACE
1406,107.0,0.0,1.7777777,1.5407407,16.703703,18.777779,19.444445,-14.444445,-1.1319735,BRICKFACE
1407,104.0,0.0,4.0,2.0000021,21.925926,20.555555,28.666666,-16.11111,-1.7287898,BRICKFACE
1408,56.0,0.0,1.4999996,1.2777773,23.703703,22.11111,31.333334,-18.11111,-1.7488347,BRICKFACE
1409,67.0,0.0,1.5555557,1.1851852,23.74074,22.88889,30.777779,-18.555555,-1.6701708,BRICKFACE
1410,107.0,0.0,1.8888894,2.740741,18.88889,19.88889,22.88889,-15.0,-1.3578709,BRICKFACE
1411,88.0,0.0,1.722222,3.3962944,21.148148,21.444445,26.333334,-16.444445,-1.5125551,BRICKFACE
1412,75.0,0.0,0.72222203,0.19629599,21.333334,21.11111,27.11111,-16.666666,-1.5901641,BRICKFACE
1413,77.0,0.0,2.4444447,6.0296316,24.481482,23.444445,31.555555,-18.11111,-1.6895405,BRICKFACE
1415,104.0,0.0,1.4999999,1.3222224,18.703703,19.222221,23.222221,-15.111111,-1.4466414,BRICKFACE
1416,55.0,0.0,1.7777773,0.7851852,23.444445,21.666666,31.11111,-17.666666,-1.7711632,BRICKFACE
1417,75.0,0.0,2.2222223,3.718518,25.962963,23.333334,34.77778,-18.555555,-1.8355997,BRICKFACE
1418,68.0,0.0,2.3888886,1.2185171,17.703703,17.666668,23.0,-15.777778,-1.5639724,BRICKFACE
1419,41.0,0.0,1.6666666,1.7777781,22.481482,20.777779,29.777779,-16.777779,-1.7716596,BRICKFACE
1420,64.0,0.0,2.8888884,4.3407397,23.62963,21.777779,31.222221,-17.222221,-1.7567121,BRICKFACE
1421,116.0,0.0,4.777777,3.0962973,16.185184,17.0,20.0,-13.888889,-1.1628438,BRICKFACE
1422,51.0,0.0,1.611111,2.1074073,19.592592,18.777779,25.666666,-15.777778,-1.6812904,BRICKFACE
1423,45.0,0.0,3.2777777,1.44074,21.925926,20.555555,28.777779,-16.444445,-1.7353698,BRICKFACE
1424,64.0,0.0,1.3888887,0.46296337,24.074074,22.666666,31.88889,-19.222221,-1.7248944,BRICKFACE
1425,81.0,0.0,2.7222216,3.7518525,20.481482,20.11111,26.11111,-15.777778,-1.5663354,BRICKFACE
1426,98.0,0.0,1.055555,0.5518528,17.481482,18.333334,20.777779,-12.444445,-1.3604367,BRICKFACE
1427,89.0,0.0,2.5555556,3.4962957,18.962963,18.777779,23.88889,-14.222222,-1.544214,BRICKFACE
1428,70.0,0.0,1.8333334,1.1444422,23.666666,23.0,30.11111,-17.333334,-1.6496034,BRICKFACE
1429,71.0,0.0,2.8333333,2.077779,22.777779,21.88889,29.666666,-18.0,-1.6679595,BRICKFACE
1430,59.0,0.0,2.055555,1.4851853,23.851852,22.666666,30.88889,-17.555555,-1.6993256,BRICKFACE
1431,66.0,0.0,1.5,1.0111104,18.666666,18.555555,24.0,-15.666667,-1.5692534,BRICKFACE
1432,120.0,0.0,3.222222,4.0296273,23.666666,22.11111,30.444445,-15.666667,-1.7648901,BRICKFACE
1433,42.0,0.0,1.388889,0.5074066,22.592592,20.0,31.11111,-17.777779,-1.8424939,BRICKFACE
1434,60.0,0.0,2.166666,1.3666676,23.777779,22.444445,31.0,-17.666666,-1.7131336,BRICKFACE
1435,56.0,0.0,1.3333336,1.0222219,19.851852,19.444445,25.444445,-15.555555,-1.6222115,BRICKFACE
1436,92.0,0.0,2.3333333,3.822222,23.666666,23.11111,30.333334,-18.333334,-1.6377774,BRICKFACE
1437,116.0,0.0,1.5555557,0.87407404,21.703703,21.222221,27.555555,-16.11111,-1.6322426,BRICKFACE
1438,119.0,0.0,2.5555556,5.585183,21.592592,21.333334,27.333334,-16.444445,-1.5789601,BRICKFACE
1439,96.0,0.0,2.833333,3.855554,21.74074,20.777779,27.777779,-15.222222,-1.6769211,BRICKFACE
1440,70.0,0.0,1.7222223,2.196296,26.037037,24.444445,34.0,-19.11111,-1.7451795,BRICKFACE
1441,63.0,0.0,2.1111114,3.096295,20.925926,19.666668,27.777779,-16.777779,-1.7268302,BRICKFACE
1442,103.0,0.0,1.8888887,1.0962957,18.962963,20.222221,22.777779,-15.222222,-1.3341274,BRICKFACE
1443,118.0,0.0,2.2777777,4.2851844,21.11111,20.222221,27.333334,-16.0,-1.620749,BRICKFACE
1444,96.0,0.0,2.777778,3.3629608,21.88889,22.11111,27.333334,-17.0,-1.5306859,BRICKFACE
1445,62.0,0.0,1.8333334,0.9666677,21.185184,20.555555,27.222221,-16.222221,-1.6501234,BRICKFACE
1446,107.0,0.0,1.6111108,1.92963,17.185184,18.333334,20.666668,-13.888889,-1.3124995,BRICKFACE
1447,80.0,0.0,3.0,3.8666666,24.814816,24.333334,31.555555,-18.777779,-1.620451,BRICKFACE
1448,68.0,0.0,2.1666667,0.8777791,27.185184,24.222221,36.88889,-20.222221,-1.8485235,BRICKFACE
1449,101.0,0.0,2.2222223,0.6518524,19.037037,19.666668,23.555555,-15.444445,-1.4575915,BRICKFACE
1450,91.0,0.0,2.5555556,2.1629624,19.74074,19.777779,24.555555,-14.555555,-1.5522503,BRICKFACE
1451,126.0,0.11111111,1.2222223,6.2962966,1.5185186,0.44444445,3.5555556,-2.8888888,-2.1073034,FOLIAGE
1457,75.0,0.0,10.222221,99.0963,38.037037,29.777779,50.666668,-13.111111,-2.2841873,FOLIAGE
1464,69.0,0.0,4.333333,36.400005,11.074074,6.888889,16.0,-2.2222223,-2.4818742,FOLIAGE
1465,137.0,0.11111111,3.8333333,37.500004,5.0,2.5555556,9.0,-4.6666665,-2.1939669,FOLIAGE
1477,69.0,0.11111111,20.444445,1039.5408,23.814816,19.222221,29.333334,-2.7777777,-2.488979,FOLIAGE
1480,90.0,0.11111111,6.7777786,63.76296,9.0,4.7777777,15.666667,-7.3333335,-2.2663894,FOLIAGE
1484,81.0,0.0,15.166667,110.8778,41.925926,33.11111,55.555557,-14.444445,-2.2744606,FOLIAGE
1487,100.0,0.0,5.777778,68.87406,8.148149,4.666667,13.333333,-5.111111,-2.2898738,FOLIAGE
1494,83.0,0.0,8.333333,121.24443,23.296297,19.777779,28.555555,-5.2222223,-2.3213427,FOLIAGE
1495,79.0,0.0,14.166667,155.3222,32.77778,24.333334,45.77778,-13.666667,-2.2862954,FOLIAGE
1500,86.0,0.11111111,8.777779,105.54074,13.407408,8.777778,19.88889,-5.5555553,-2.363577,FOLIAGE
1501,78.0,0.0,0.7777786,1.2740806,135.55556,128.66667,147.0,-13.666667,-2.2255366,SKY
1502,27.0,0.0,0.5,0.25555483,138.07408,132.55556,146.55556,-8.888889,-2.2645319,SKY
1503,42.0,0.0,1.3888906,1.4407468,135.2963,128.11111,146.44444,-11.888889,-2.2822175,SKY
1504,57.0,0.0,1.3888906,1.0407445,135.77777,129.44444,146.66667,-13.666667,-2.1874216,SKY
1505,13.0,0.0,1.1111145,0.16296056,140.25926,134.33334,149.11111,-8.777778,-2.292384,SKY
1506,107.0,0.0,1.0555547,0.418522,133.66667,125.77778,145.22223,-11.0,-2.3173838,SKY
1507,41.0,0.0,1.1111145,0.87406844,137.14815,130.66667,147.22223,-10.777778,-2.2685292,SKY
1508,54.0,0.0,1.0,0.84444314,134.33333,127.55556,145.55556,-13.333333,-2.231555,SKY
1509,87.0,0.0,0.7777786,0.20740585,135.40741,127.888885,146.44444,-10.555555,-2.312874,SKY
1510,27.0,0.0,1.4444453,0.25185013,137.51852,132.55556,146.55556,-12.222222,-2.146716,SKY
1511,18.0,0.0,0.9444453,0.37407914,138.62962,133.33334,147.55556,-10.888889,-2.2146115,SKY
1512,113.0,0.0,1.3333334,1.0666667,133.11111,124.666664,145.66667,-12.333333,-2.3095512,SKY
1513,16.0,0.0,0.9444478,0.06296336,140.40741,134.66667,149.88889,-11.222222,-2.2328947,SKY
1514,26.0,0.0,1.8888855,1.4074122,137.03703,131.44444,146.77777,-12.444445,-2.1825674,SKY
1515,19.0,0.0,1.6666718,0.31110966,137.77777,131.55556,146.44444,-7.3333335,-2.3586016,SKY
1516,48.0,0.0,1.2777811,1.2629704,134.85185,127.55556,146.11111,-11.888889,-2.2784278,SKY
1517,32.0,0.0,2.6111095,1.0407379,136.2963,129.77779,146.33334,-10.555555,-2.280755,SKY
1518,15.0,0.0,0.77777356,0.11851902,140.77777,134.33334,150.11111,-8.666667,-2.3284721,SKY
1519,18.0,0.0,1.1666692,0.21111068,137.88889,131.44444,147.88889,-10.666667,-2.27511,SKY
1520,47.0,0.0,1.1111094,0.38518983,135.74074,129.0,146.33334,-11.555555,-2.2625546,SKY
1521,97.0,0.0,1.0,0.6666667,134.37038,126.55556,145.44444,-9.777778,-2.3462343,SKY
1522,11.0,0.0,2.8888905,5.051852,143.44444,136.88889,150.88889,-2.6666667,-2.5216477,SKY
1523,34.0,0.0,1.8888906,1.1407446,137.03703,131.44444,146.66667,-12.111111,-2.2000005,SKY
1524,35.0,0.0,0.7222214,0.28518334,136.48148,131.22223,146.22223,-13.444445,-2.146845,SKY
1525,15.0,0.0,1.4444427,1.2296315,140.2963,133.88889,149.55556,-8.555555,-2.330563,SKY
1526,22.0,0.0,1.0,0.48888424,137.62962,132.11111,147.88889,-14.222222,-2.1462038,SKY
1527,26.0,0.0,0.88888806,0.20741068,136.88889,131.0,146.55556,-11.333333,-2.2307248,SKY
1528,31.0,0.0,0.6666641,0.7111098,136.40741,130.77779,145.44444,-10.222222,-2.2515037,SKY
1529,11.0,0.0,2.1666667,3.8555522,141.55556,135.11111,150.11111,-6.3333335,-2.4015868,SKY
1530,101.0,0.0,0.61110944,0.32963282,134.92592,126.44444,147.22223,-11.444445,-2.3287346,SKY
1531,77.0,0.0,1.2777761,1.3518436,135.92592,128.55556,147.33334,-12.111111,-2.2771459,SKY
1532,115.0,0.0,1.4444453,1.2296361,132.77777,123.22222,145.33334,-9.0,-2.4054766,SKY
1533,57.0,0.0,1.1666666,0.38889033,135.96297,129.88889,146.22223,-12.555555,-2.215046,SKY
1534,31.0,0.0,1.3333334,0.7111079,135.92592,129.88889,145.55556,-10.777778,-2.255012,SKY
1535,13.0,0.0,0.9444453,0.68518674,141.81482,137.11111,148.88889,-7.111111,-2.2767668,SKY
1536,27.0,0.0,0.99999744,0.5777743,136.2963,130.33334,145.55556,-9.888889,-2.2641287,SKY
1537,42.0,0.0,1.1666692,0.7444422,137.07408,130.44444,147.44444,-11.222222,-2.26361,SKY
1538,47.0,0.0,0.99999744,0.48888817,134.77777,127.44444,145.77777,-11.0,-2.3024402,SKY
1539,53.0,0.0,0.8333333,0.70000815,134.77777,128.22223,145.77777,-13.333333,-2.2174878,SKY
1540,36.0,0.0,1.0,0.22221552,135.2963,128.55556,146.11111,-12.222222,-2.247156,SKY
1541,46.0,0.0,1.0555598,0.8629481,135.51852,129.44444,145.55556,-11.888889,-2.2326155,SKY
1542,41.0,0.0,0.27777863,0.15185194,135.22223,128.44444,145.88889,-11.666667,-2.2702253,SKY
1543,13.0,0.0,1.6666641,1.2444407,141.59259,134.88889,149.88889,-4.7777777,-2.449265,SKY
1544,22.0,0.0,0.7222214,0.1074089,137.96297,133.0,147.0,-12.222222,-2.1583037,SKY
1545,245.0,0.0,1.0555552,0.5074078,16.11111,11.888889,15.0,16.0,2.432783,GRASS
1546,215.0,0.0,2.777778,2.518517,12.407408,9.222222,11.555555,12.111111,2.437819,GRASS
1547,208.0,0.0,1.9444442,3.0851858,16.851852,13.0,16.0,14.111111,2.4832914,GRASS
1548,249.0,0.0,1.4999999,0.61111146,14.740741,10.777778,15.333333,10.111111,2.7435553,GRASS
1549,197.0,0.0,4.9444447,6.418518,21.25926,17.444445,18.777779,18.88889,2.2430942,GRASS
1550,242.0,0.0,2.222222,3.2740743,11.740741,8.666667,10.777778,12.111111,2.386597,GRASS
1551,239.0,0.0,2.277778,1.3074071,15.148149,12.222222,14.555555,10.555555,2.482445,GRASS
1552,208.0,0.0,2.6666667,2.4444458,16.074074,12.666667,14.444445,15.111111,2.3109324,GRASS
1553,229.0,0.0,1.1666662,0.5666664,17.74074,14.111111,17.88889,10.444445,2.651605,GRASS
1554,216.0,0.0,0.8333333,0.47777775,16.555555,13.111111,14.0,18.0,2.2093086,GRASS
1555,208.0,0.0,2.4999995,1.3222219,18.555555,15.444445,14.888889,20.333334,2.1022124,GRASS
1556,215.0,0.0,1.6111113,1.1296293,17.185184,14.333333,14.333333,17.11111,2.1051967,GRASS
1557,211.0,0.0,1.6666666,1.7333333,15.444445,12.444445,15.222222,9.666667,2.5549645,GRASS
1558,191.0,0.0,3.1111114,4.6074066,15.185185,12.111111,14.888889,10.111111,2.545329,GRASS
1559,210.0,0.0,1.222222,1.0074075,17.481482,13.777778,16.0,15.555555,2.3864515,GRASS
1560,246.0,0.0,1.8333334,2.4333339,15.37037,12.555555,13.111111,15.222222,2.170543,GRASS
1561,196.0,0.0,2.3888886,1.2185196,15.703704,12.444445,15.111111,11.555555,2.511766,GRASS
1562,236.0,0.0,3.7777774,1.3629639,16.592592,12.888889,14.666667,16.88889,2.3066785,GRASS
1563,180.0,0.0,3.277778,3.3962972,21.25926,18.11111,18.11111,18.88889,2.1139183,GRASS
1564,181.0,0.0,2.6666667,2.0888875,19.62963,17.11111,17.88889,12.777778,2.1891353,GRASS
1565,248.0,0.0,1.6666669,1.5999992,13.444445,10.555555,12.111111,12.666667,2.3416765,GRASS
1566,236.0,0.0,3.3333333,7.599998,16.074074,13.111111,16.666668,7.111111,2.7898002,GRASS
1567,178.0,0.0,5.0,10.4,19.555555,17.0,18.11111,12.0,2.2741275,GRASS
1568,245.0,0.0,2.222222,3.940739,14.222222,11.111111,13.111111,12.666667,2.3954313,GRASS
1569,202.0,0.0,2.388889,2.596295,15.148149,11.666667,14.0,13.888889,2.401137,GRASS
1570,232.0,0.0,2.277778,2.3740737,13.555555,11.333333,12.333333,10.333333,2.2831473,GRASS
1571,211.0,0.0,2.0000002,2.311112,13.62963,10.777778,12.888889,10.777778,2.441017,GRASS
1572,177.0,0.0,2.5,0.7888896,24.518518,21.222221,21.444445,19.11111,2.1254158,GRASS
1573,186.0,0.0,0.77777797,0.2074075,18.518518,15.333333,18.222221,10.444445,2.5873964,GRASS
1574,194.0,0.0,1.8888888,0.38518524,16.777779,13.222222,16.666668,11.0,2.5931067,GRASS
1575,211.0,0.0,1.6111113,1.7074069,13.740741,11.111111,12.333333,12.111111,2.2920406,GRASS
1576,238.0,0.0,2.6666665,1.8666656,17.777779,15.0,16.555555,12.0,2.3374724,GRASS
1577,175.0,0.0,2.7222214,4.3296275,23.777779,20.88889,21.777779,14.666667,2.2635381,GRASS
1578,178.0,0.0,2.5000002,1.4555563,23.814816,20.222221,21.11111,18.88889,2.1903052,GRASS
1579,208.0,0.0,1.8333334,3.0555542,19.25926,15.555555,17.666668,15.888889,2.3967707,GRASS
1580,235.0,0.0,2.7222216,2.5518525,15.62963,11.777778,15.888889,10.777778,2.6707714,GRASS
1581,185.0,0.0,1.9444442,2.6851857,18.666666,14.666667,17.11111,16.666666,2.3618267,GRASS
1582,184.0,0.0,4.166667,5.8555503,17.62963,13.555555,17.11111,13.777778,2.524273,GRASS
1583,182.0,0.0,0.6111107,0.37407404,19.88889,16.88889,18.11111,14.333333,2.2716928,GRASS
1584,217.0,0.0,3.944444,12.50741,14.555555,11.444445,13.333333,13.0,2.3638706,GRASS
1585,211.0,0.0,1.6666669,1.8222221,16.37037,13.777778,14.666667,12.888889,2.239034,GRASS
1586,246.0,0.0,2.6666665,5.866666,15.444445,12.0,14.333333,13.666667,2.395692,GRASS
1587,227.0,0.0,3.1666667,8.611113,13.962963,10.111111,14.444445,10.111111,2.7070513,GRASS
1588,222.0,0.0,1.7777778,1.7185186,14.0,10.777778,13.666667,10.666667,2.5573087,GRASS
1589,136.0,0.0,0.22222225,0.029629637,2.5555556,1.0,5.7777777,-5.0,-2.0712416,WINDOW
1590,139.0,0.0,0.27777782,0.06296302,5.2222223,3.2222223,9.555555,-7.0,-2.04457,WINDOW
1591,136.0,0.0,1.1666667,0.47777748,2.4444444,0.6666667,5.7777777,-4.6666665,-2.1303394,WINDOW
1592,130.0,0.0,1.2777777,0.951852,1.6296296,1.1111112,3.0,-2.5555556,-1.9598235,WINDOW
1593,136.0,0.0,0.8333333,0.1222222,6.185185,3.6666667,10.666667,-5.888889,-2.1752956,WINDOW
1594,140.0,0.0,0.33333328,0.044444434,3.0370371,1.7777778,6.111111,-5.4444447,-1.9857694,WINDOW
1595,134.0,0.0,0.94444436,0.1518523,2.1111112,1.0,4.666667,-4.3333335,-2.0131435,WINDOW
1596,138.0,0.0,0.3333334,0.13333334,2.6666667,1.1111112,5.888889,-5.0,-2.0778158,WINDOW
1597,136.0,0.0,0.8333333,0.21111113,2.074074,0.6666667,4.888889,-4.2222223,-2.0943952,WINDOW
1598,134.0,0.0,0.8333333,0.07777786,1.6666666,0.6666667,4.0,-4.0,-2.0131435,WINDOW
1599,135.0,0.0,0.44444445,0.16296294,2.4074075,1.3333334,5.111111,-4.888889,-1.9721864,WINDOW
1600,131.0,0.0,0.72222215,0.5518518,0.8148148,0.33333334,1.8888888,-1.7777778,-2.0561552,WINDOW
1601,137.0,0.0,0.6666667,0.17777774,3.1111112,1.5555556,6.3333335,-5.0,-2.0750706,WINDOW
1603,131.0,0.0,1.7777777,1.8518522,1.4074074,0.7777778,2.7777777,-2.2222223,-2.0513444,WINDOW
1604,140.0,0.0,0.27777776,0.06296294,5.5555553,3.6666667,9.444445,-6.0,-2.0722682,WINDOW
1605,137.0,0.0,1.3888888,1.7518517,1.6666666,0.6666667,3.7777777,-3.3333333,-2.0712416,WINDOW
1606,139.0,0.0,0.72222215,0.28518504,4.185185,1.8888888,8.555555,-6.2222223,-2.127586,WINDOW
1607,138.0,0.0,0.7222223,0.2851852,3.5555556,1.7777778,7.2222223,-5.6666665,-2.0712416,WINDOW
1608,137.0,0.0,0.2777778,0.1518518,3.7037036,2.1111112,7.111111,-5.4444447,-2.0584507,WINDOW
1609,134.0,0.0,0.27777767,0.018518496,6.962963,4.666667,11.222222,-5.888889,-2.1384587,WINDOW
1611,130.0,0.0,2.611111,6.240745,1.7407408,1.0,3.2222223,-2.2222223,-2.0943952,WINDOW
1612,135.0,0.0,0.3333334,0.2666667,6.2222223,4.0,10.444445,-6.0,-2.1255164,WINDOW
1613,138.0,0.0,0.5,0.12222223,3.1851852,1.4444444,6.6666665,-5.2222223,-2.08783,WINDOW
1614,135.0,0.0,0.16666664,0.033333324,1.925926,1.0,4.4444447,-4.7777777,-1.9313321,WINDOW
1615,134.0,0.0,0.72222215,0.1518519,2.1111112,1.0,4.666667,-4.3333335,-2.0131435,WINDOW
1616,137.0,0.0,0.2777778,0.018518511,0.9259259,0.11111111,2.6666667,-2.7777777,-2.0561552,WINDOW
1617,123.0,0.0,1.8333334,2.0777776,21.62963,14.777778,34.22222,-17.222221,-2.149759,CEMENT
1619,153.0,0.0,3.0000002,6.8888917,28.0,21.333334,38.77778,-12.333333,-2.2427413,CEMENT
1622,146.0,0.0,2.5000007,4.6555552,22.74074,18.11111,31.555555,-12.555555,-2.124871,CEMENT
1623,148.0,0.0,1.0555553,0.5074078,29.074074,21.444445,41.555557,-14.555555,-2.2379715,CEMENT
1625,147.0,0.0,2.0555556,2.8185174,27.222221,20.555555,38.666668,-14.333333,-2.2045748,CEMENT
1637,151.0,0.0,1.5555557,2.2518542,30.481482,23.11111,42.77778,-14.777778,-2.2196255,CEMENT
1638,152.0,0.0,2.3888886,3.2629645,26.555555,20.333334,37.666668,-14.666667,-2.1657314,CEMENT
1643,147.0,0.11111111,2.5,1.2777781,27.296297,20.88889,38.666668,-14.888889,-2.1744676,CEMENT
1645,157.0,0.0,1.388889,1.6629623,21.444445,16.88889,30.0,-12.0,-2.1343,CEMENT
1646,129.0,0.0,1.9999996,3.1555579,24.703703,19.11111,34.88889,-13.777778,-2.1610465,CEMENT
1647,154.0,0.0,2.0,1.8666656,28.148148,21.555555,39.555557,-14.444445,-2.1910727,CEMENT
1648,154.0,0.0,0.66666603,0.577778,33.0,25.11111,46.555557,-17.0,-2.2026498,CEMENT
1649,87.0,0.11111111,13.222221,70.02964,17.11111,12.222222,23.444445,-4.3333335,-2.4180744,FOLIAGE
1650,91.0,0.11111111,33.444447,889.3629,42.814816,35.88889,52.666668,-8.777778,-2.3460567,FOLIAGE
1654,91.0,0.11111111,1.0,1.9555557,5.6296296,1.8888888,10.666667,-3.8888888,-2.3839493,FOLIAGE
1662,76.0,0.11111111,7.8333335,201.72226,13.518518,8.444445,19.444445,-2.5555556,-2.5233247,FOLIAGE
1665,102.0,0.11111111,29.888887,488.02975,44.037037,37.444443,52.666668,-6.111111,-2.4168172,FOLIAGE
1667,122.0,0.11111111,4.8333335,42.255566,6.6296296,3.3333333,11.333333,-4.2222223,-2.3490174,FOLIAGE
1671,108.0,0.0,3.388889,10.107411,8.666667,5.111111,14.111111,-5.6666665,-2.275553,FOLIAGE
1675,78.0,0.11111111,43.333332,662.35547,79.666664,70.77778,91.44444,-8.666667,-2.4116454,FOLIAGE
1686,102.0,0.0,9.444444,90.91857,14.37037,10.111111,20.222221,-4.7777777,-2.3789442,FOLIAGE
1687,81.0,0.0,22.111109,263.09634,42.555557,34.88889,51.77778,-4.6666665,-2.476481,FOLIAGE
1689,98.0,0.0,4.6666665,39.288876,5.5185184,2.3333335,10.444445,-5.2222223,-2.2729733,FOLIAGE
1692,68.0,0.0,18.277777,338.64075,47.185184,38.555557,60.11111,-12.888889,-2.3086562,FOLIAGE
1700,89.0,0.0,5.8333335,11.85555,10.481482,5.7777777,17.11111,-5.7777777,-2.356793,FOLIAGE
1707,91.0,0.11111111,25.277779,377.9295,44.296295,38.444443,52.666668,-7.5555553,-2.3202722,FOLIAGE
1711,95.0,0.11111111,1.6111112,1.2185184,4.6296296,1.0,9.222222,-2.8888888,-2.4294486,FOLIAGE
1722,87.0,0.11111111,44.722225,1386.3292,67.44444,58.77778,79.0,-8.666667,-2.4221272,FOLIAGE
1727,81.0,0.0,9.222222,205.36296,21.333334,14.0,30.555555,-5.6666665,-2.438409,FOLIAGE
1730,82.0,0.0,6.222223,66.65185,8.481482,4.3333335,14.555555,-5.7777777,-2.3206284,FOLIAGE
1739,80.0,0.0,16.666666,71.5111,23.62963,17.333334,31.666666,-5.2222223,-2.4315135,FOLIAGE
1740,101.0,0.11111111,6.4444447,59.496284,10.185185,5.7777777,15.555555,-2.8888888,-2.4480398,FOLIAGE
1744,80.0,0.0,34.61111,409.39636,68.77778,60.333332,79.55556,-7.0,-2.4341934,FOLIAGE
1766,105.0,0.11111111,31.222223,650.42957,42.851852,35.77778,52.666668,-8.222222,-2.380238,FOLIAGE
1775,107.0,0.11111111,6.7777786,23.185177,7.962963,4.5555553,13.0,-4.888889,-2.2917624,FOLIAGE
1778,126.0,0.11111111,1.0555555,0.28518513,2.9629629,0.5555556,6.5555553,-3.5555556,-2.2890973,FOLIAGE
1780,120.0,0.0,5.9444447,60.06297,6.962963,3.3333333,12.777778,-6.5555553,-2.240133,FOLIAGE
1785,81.0,0.11111111,5.722223,28.50741,12.481482,7.6666665,18.88889,-4.7777777,-2.388561,FOLIAGE
1795,83.0,0.11111111,12.888889,28.785189,14.37037,9.0,22.666666,-8.777778,-2.2742054,FOLIAGE
1796,59.0,0.0,1.0555559,0.2851855,126.14815,116.55556,140.44444,-14.111111,-2.308637,SKY
1797,17.0,0.0,0.6666667,0.3111077,130.2963,120.77778,143.88889,-12.222222,-2.3394933,SKY
1798,52.0,0.0,1.3333334,0.17777863,125.77778,115.55556,140.22223,-12.666667,-2.3484936,SKY
1799,57.0,0.0,1.2222201,0.8296261,124.703705,114.22222,139.66667,-13.444445,-2.3401897,SKY
1800,66.0,0.0,1.4444427,2.8740733,122.55556,111.0,139.77779,-17.0,-2.3070939,SKY
1801,31.0,0.0,1.2222227,1.1851845,126.81481,117.111115,141.22223,-14.111111,-2.310766,SKY
1802,13.0,0.0,1.1666666,1.011112,132.25926,122.77778,145.44444,-11.111111,-2.3604276,SKY
1803,29.0,0.0,1.0555534,0.90741664,128.44444,119.22222,142.88889,-15.666667,-2.271128,SKY
1804,55.0,0.0,1.1666679,0.70000154,124.111115,113.888885,139.33334,-15.0,-2.3081791,SKY
1805,40.0,0.0,1.2222214,2.1185126,127.40741,117.44444,142.22223,-14.555555,-2.3087664,SKY
1806,49.0,0.0,0.6666692,0.26666775,120.703705,108.111115,139.33334,-18.11111,-2.3154767,SKY
1807,43.0,0.0,0.8333346,0.6111112,126.48148,117.333336,140.55556,-14.777778,-2.2802067,SKY
1808,60.0,0.0,1.0555559,0.32962748,123.666664,114.0,138.33334,-15.0,-2.2933865,SKY
1809,72.0,0.0,1.4999987,0.7444466,125.44444,114.111115,141.11111,-13.0,-2.3661966,SKY
1810,49.0,0.0,1.1666679,0.70000154,127.40741,117.0,143.11111,-15.888889,-2.2978394,SKY
1811,40.0,0.0,1.3333321,0.4888911,124.62963,114.44444,140.55556,-17.222221,-2.2702193,SKY
1812,40.0,0.0,1.4999987,1.5444428,123.77778,113.333336,139.66667,-16.333334,-2.2922006,SKY
1813,32.0,0.0,1.5000013,1.1888878,121.44444,110.22222,138.11111,-16.333334,-2.3093905,SKY
1814,15.0,0.0,1.888888,2.162973,130.14815,119.666664,145.33334,-14.111111,-2.3249698,SKY
1815,13.0,0.0,0.55555725,0.20740579,131.77777,122.111115,144.77777,-10.0,-2.386251,SKY
1816,43.0,0.0,1.1111107,0.7407369,125.25926,115.666664,140.22223,-16.11111,-2.2706535,SKY
1817,56.0,0.0,0.8333333,0.5666677,126.0,115.888885,140.66667,-13.666667,-2.3267827,SKY
1818,75.0,0.0,1.0555586,0.59629595,126.07407,115.888885,141.22223,-14.888889,-2.309804,SKY
1819,62.0,0.0,1.1666679,0.83333385,126.48148,117.55556,140.33334,-14.777778,-2.2754252,SKY
1820,39.0,0.0,1.2222176,0.47407454,127.07407,116.333336,142.44444,-13.888889,-2.3360245,SKY
1821,46.0,0.0,1.7777786,1.8074079,126.03704,116.0,141.0,-14.777778,-2.3044362,SKY
1822,24.0,0.0,0.88888806,1.1407489,127.62963,117.666664,141.66667,-12.222222,-2.349252,SKY
1823,25.0,0.0,1.1111107,0.118517555,128.0,117.77778,142.33334,-12.333333,-2.3545518,SKY
1824,71.0,0.0,1.4999987,0.29999846,125.96296,115.55556,140.88889,-13.555555,-2.339758,SKY
1825,47.0,0.0,1.5555573,0.8296282,123.85185,114.111115,139.77779,-18.555555,-2.2398903,SKY
1826,24.0,0.0,1.6111094,0.41851908,121.62963,110.77778,137.77779,-15.888889,-2.3079143,SKY
1827,48.0,0.0,0.5555547,0.07407382,122.37037,112.22222,138.11111,-16.777779,-2.2786043,SKY
1828,63.0,0.0,0.66666794,0.17777742,120.22222,108.44444,137.55556,-16.666666,-2.3158848,SKY
1829,68.0,0.0,0.7777786,0.6518519,125.77778,115.666664,141.0,-15.333333,-2.3006182,SKY
1830,51.0,0.0,1.4999975,1.9444356,126.333336,117.0,140.22223,-13.666667,-2.306687,SKY
1831,62.0,0.0,1.111112,0.5629625,125.40741,116.333336,138.77779,-12.888889,-2.315962,SKY
1832,21.0,0.0,1.2222214,0.11851781,130.14815,120.77778,143.22223,-11.111111,-2.357178,SKY
1833,21.0,0.0,1.3333334,0.48888856,129.85185,120.666664,142.55556,-10.555555,-2.364884,SKY
1834,47.0,0.0,1.0000013,1.155558,126.37037,116.0,141.66667,-14.777778,-2.3157923,SKY
1835,65.0,0.0,2.0,0.7111089,125.666664,115.333336,141.66667,-17.0,-2.2737436,SKY
1836,42.0,0.0,0.944444,0.7740725,127.03704,117.0,141.77779,-14.111111,-2.3144195,SKY
1837,19.0,0.0,1.4999975,1.2777733,129.92592,121.0,142.66667,-11.444445,-2.3407645,SKY
1838,12.0,0.0,1.7777786,0.78518295,127.44444,115.55556,143.11111,-11.333333,-2.4029171,SKY
1839,15.0,0.0,1.2222214,0.7851845,132.22223,123.0,145.33334,-11.666667,-2.3410408,SKY
1840,62.0,0.0,1.6666692,1.3333359,125.333336,115.77778,139.44444,-13.666667,-2.3142316,SKY
1841,35.0,0.0,1.1111132,0.56296283,124.55556,114.44444,140.11111,-16.333334,-2.2829227,SKY
1842,13.0,0.0,1.3333334,0.40000203,130.40741,119.666664,145.44444,-12.888889,-2.3552437,SKY
1843,49.0,0.0,1.4999987,0.30000052,126.18519,116.333336,141.77779,-17.222221,-2.2637377,SKY
1844,72.0,0.0,1.0555586,0.7296313,125.55556,115.333336,140.55556,-14.333333,-2.3208396,SKY
1845,56.0,0.0,0.7222214,0.10740789,126.44444,116.22222,141.66667,-15.0,-2.3076565,SKY
1846,39.0,0.0,1.1111107,0.42962748,127.51852,116.55556,142.88889,-13.222222,-2.352961,SKY
1847,73.0,0.0,1.6111107,1.218518,125.51852,115.44444,140.55556,-14.888889,-2.3073962,SKY
1848,35.0,0.0,1.4444441,0.82963103,127.55556,117.44444,142.55556,-14.666667,-2.311049,SKY
1849,17.0,0.0,1.8888893,1.1407349,129.55556,118.77778,143.55556,-9.666667,-2.412968,SKY
1850,57.0,0.0,0.8888893,0.34074333,122.333336,111.333336,139.0,-17.0,-2.2971735,SKY
1851,57.0,0.0,0.6666654,0.4888892,126.111115,115.77778,140.44444,-12.0,-2.3625138,SKY
1852,29.0,0.0,1.3888906,1.5740819,128.48148,119.0,142.77777,-14.444445,-2.2977605,SKY
1853,45.0,0.0,1.5555573,0.8296282,121.51852,111.111115,137.33334,-16.222221,-2.292668,SKY
1854,180.0,0.0,3.0,1.8666646,22.333334,18.333334,21.444445,14.666667,2.4538307,GRASS
1855,157.0,0.0,0.77777797,0.16296285,18.333334,13.888889,17.222223,16.666666,2.4386153,GRASS
1856,236.0,0.0,1.9999999,0.93333334,12.518518,9.555555,10.777778,14.111111,2.2671974,GRASS
1857,229.0,0.0,2.0555553,3.218518,10.925926,7.4444447,10.666667,11.222222,2.5574577,GRASS
1858,170.0,0.0,1.1111103,0.56296223,19.555555,15.111111,18.88889,15.333333,2.504391,GRASS
1859,233.0,0.0,1.777778,1.0962962,11.703704,8.333334,11.0,12.222222,2.476615,GRASS
1860,233.0,0.0,1.1666664,0.3444444,12.592592,8.888889,11.888889,13.222222,2.4915802,GRASS
1861,210.0,0.0,1.8333335,0.65555495,15.111111,11.222222,14.222222,14.333333,2.4615993,GRASS
1862,181.0,0.0,1.2777777,1.7074063,19.296297,15.444445,18.444445,14.111111,2.4584713,GRASS
1863,183.0,0.0,1.9999996,1.4666661,18.11111,14.0,17.333334,14.666667,2.4831982,GRASS
1864,149.0,0.0,1.0555553,0.6407406,19.0,14.444445,19.777779,11.333333,2.7416468,GRASS
1865,216.0,0.0,2.1666663,1.1444442,14.555555,10.888889,13.666667,13.666667,2.4475467,GRASS
1866,243.0,0.0,2.0,0.7111104,13.333333,9.888889,12.111111,14.0,2.3683105,GRASS
1867,169.0,0.0,1.833333,2.6111097,19.592592,15.111111,18.666668,16.222221,2.467752,GRASS
1868,249.0,0.0,2.777778,4.2074075,10.518518,7.5555553,8.111112,16.11111,2.1567793,GRASS
1869,218.0,0.0,1.6111108,2.418518,14.925926,11.888889,13.777778,12.555555,2.362146,GRASS
1870,221.0,0.0,1.4444445,1.5851862,14.074074,10.666667,12.444445,15.111111,2.3172119,GRASS
1871,224.0,0.0,3.6111107,5.618522,15.185185,11.666667,13.333333,16.11111,2.2982552,GRASS
1872,220.0,0.0,1.4444448,2.1629636,14.62963,11.555555,13.111111,13.777778,2.3068845,GRASS
1873,183.0,0.0,2.2777774,4.196296,18.185184,14.222222,17.11111,15.111111,2.4280221,GRASS
1874,165.0,0.0,1.7777776,0.9185186,17.333334,12.888889,16.444445,16.0,2.4711971,GRASS
1875,232.0,0.0,2.5555556,0.829629,14.703704,11.222222,13.555555,13.888889,2.402851,GRASS
1876,198.0,0.0,1.111111,1.2296298,15.814815,12.444445,14.222222,14.888889,2.3248901,GRASS
1877,218.0,0.0,1.1666665,0.65555507,13.703704,10.666667,12.666667,12.222222,2.3826835,GRASS
1878,172.0,0.0,1.3333334,0.7111102,16.074074,12.333333,15.0,14.444445,2.4177017,GRASS
1879,181.0,0.0,0.88888866,1.0962963,19.925926,15.888889,18.777779,15.555555,2.420823,GRASS
1881,199.0,0.0,1.0555558,0.4629626,17.518518,13.111111,17.88889,12.111111,2.6901116,GRASS
1882,208.0,0.0,0.611111,0.24074061,16.185184,12.777778,15.0,13.777778,2.3919957,GRASS
1883,169.0,0.0,1.9444443,0.41851807,16.592592,12.777778,15.666667,14.222222,2.44578,GRASS
1884,173.0,0.0,2.1111114,1.9851853,17.148148,13.555555,15.555555,15.555555,2.332739,GRASS
1885,174.0,0.0,2.8888886,4.0296297,19.074074,15.111111,17.777779,15.777778,2.3950183,GRASS
1886,218.0,0.0,1.6666664,1.0222222,8.444445,5.4444447,7.3333335,12.333333,2.361442,GRASS
1887,210.0,0.0,1.5555555,2.1629632,12.962963,9.444445,12.0,13.444445,2.4287496,GRASS
1888,236.0,0.0,3.0555553,5.5296316,11.074074,9.444445,9.444445,9.777778,2.0832295,GRASS
1889,184.0,0.0,1.3333334,0.8444448,19.444445,15.222222,18.222221,16.333334,2.4194453,GRASS
1890,236.0,0.0,1.7222223,1.1296297,13.962963,10.777778,12.444445,14.111111,2.3206298,GRASS
1891,231.0,0.0,2.6666667,3.1555562,12.296296,8.777778,11.111111,14.111111,2.3913069,GRASS
1892,157.0,0.0,2.9444444,7.6185203,24.296297,19.222221,24.222221,15.444445,2.6043034,GRASS
1893,226.0,0.0,1.6111108,1.7518508,13.481482,10.222222,11.888889,14.555555,2.3038533,GRASS
1894,224.0,0.0,0.9444442,0.5518519,13.444445,10.0,11.888889,15.0,2.3281083,GRASS
1895,156.0,0.0,2.0,2.3555562,18.25926,13.444445,17.333334,17.222221,2.47582,GRASS
1896,240.0,0.0,2.4444444,5.007407,14.148149,10.888889,13.0,13.222222,2.3924873,GRASS
1897,150.0,0.0,1.7222223,1.6185163,18.925926,13.444445,20.0,13.222222,2.7916744,GRASS
1898,180.0,0.0,1.9444443,1.2629623,13.851851,9.666667,13.111111,14.777778,2.4879174,GRASS
1899,206.0,0.0,2.166667,1.1000005,16.074074,13.555555,14.555555,12.111111,2.252368,GRASS
1900,166.0,0.0,2.444445,1.0518519,16.962963,12.333333,16.333334,15.777778,2.5158255,GRASS
1901,185.0,0.0,0.94444436,0.95185256,19.25926,14.888889,18.222221,16.222221,2.4518359,GRASS
1902,177.0,0.0,1.4444443,1.71852,19.592592,15.777778,18.444445,14.888889,2.413262,GRASS
1903,196.0,0.0,1.8888887,3.851853,19.62963,15.666667,18.555555,15.111111,2.4373393,GRASS
1904,235.0,0.0,1.7222223,3.574073,10.888889,7.5555553,9.333334,14.666667,2.3162425,GRASS
1905,199.0,0.0,0.8333337,0.2555551,17.962963,15.222222,15.444445,15.777778,2.129513,GRASS
1906,222.0,0.0,1.611111,2.2851844,14.962963,11.666667,13.111111,15.444445,2.2809224,GRASS
1907,219.0,0.0,2.1111112,4.074075,14.888889,11.444445,13.555555,14.333333,2.3586955,GRASS
1908,177.0,0.0,0.88888884,0.5629634,16.25926,12.555555,15.444445,13.555555,2.4621184,GRASS
1909,247.0,0.0,2.6666667,3.555555,8.111111,6.0,5.888889,13.0,2.1178858,GRASS
1910,160.0,0.0,13.166667,139.85553,40.88889,34.11111,51.77778,-12.333333,-2.335837,PATH
1911,159.0,0.0,15.72222,168.95189,35.77778,30.444445,45.0,-11.666667,-2.5493495,PATH
1912,161.0,0.0,11.5,18.922234,40.444443,35.333336,49.666668,-12.333333,-2.198939,PATH
1914,161.0,0.0,9.222222,73.0963,44.074074,38.0,54.555557,-13.222222,-2.2382925,PATH
1915,163.0,0.0,18.777777,1.851823,40.703705,35.22222,48.88889,-8.111111,-2.3884537,PATH
1916,161.0,0.0,11.5,99.63333,42.37037,36.88889,51.666668,-11.444445,-2.395566,PATH
1917,163.0,0.0,18.166666,41.988934,40.0,34.555557,48.0,-7.6666665,-2.5174901,PATH
1919,161.0,0.0,8.999999,31.022234,42.037037,36.0,52.22222,-12.444445,-2.282295,PATH
1920,161.0,0.0,11.777776,93.98522,41.962963,36.555557,51.22222,-11.555555,-2.38829,PATH
1921,163.0,0.0,17.666666,3.2444987,40.444443,35.0,48.555557,-8.0,-2.3927407,PATH
1922,161.0,0.0,11.500001,96.65553,41.814816,35.77778,51.444443,-10.777778,-2.338974,PATH
1923,165.0,0.0,16.444445,23.89629,35.814816,30.777779,42.88889,-6.111111,-2.470153,PATH
1924,162.0,0.0,12.388888,66.818535,44.074074,37.444443,54.666668,-11.888889,-2.3866708,PATH
1926,161.0,0.0,10.499999,91.32222,41.48148,36.0,51.11111,-12.444445,-2.3165061,PATH
1927,162.0,0.0,13.388888,9.662939,42.185184,36.444443,51.333332,-10.222222,-2.3274822,PATH
1928,162.0,0.0,13.944444,155.12964,41.333332,35.0,51.11111,-10.333333,-2.4946074,PATH
1930,162.0,0.0,11.666667,73.1111,43.22222,36.77778,53.666668,-12.0,-2.3916814,PATH
1931,160.0,0.0,5.944443,4.5962973,45.148148,37.88889,58.333332,-17.777779,-2.1629994,PATH
1932,159.0,0.0,14.833333,152.7,36.62963,31.333334,46.22222,-12.888889,-2.316872,PATH
1933,162.0,0.0,14.055556,5.929622,40.296295,34.666668,49.22222,-9.888889,-2.3411982,PATH
1934,162.0,0.0,12.944446,9.396256,41.48148,35.666668,50.555557,-9.777778,-2.3353713,PATH
1935,159.0,0.0,14.833333,152.7,36.62963,31.333334,46.22222,-12.888889,-2.316872,PATH
1936,162.0,0.0,14.166667,210.92223,40.962963,34.88889,50.11111,-9.222222,-2.555683,PATH
1937,163.0,0.0,18.888887,5.5407553,39.296295,33.77778,47.555557,-8.222222,-2.3952131,PATH
1938,160.0,0.0,1.5555553,2.740741,42.814816,36.444443,55.333332,-18.444445,-2.1023183,PATH
1939,161.0,0.0,10.499999,91.32222,41.48148,36.0,51.11111,-12.444445,-2.3165061,PATH
1944,88.0,0.0,0.4444445,0.074074045,12.259259,7.5555553,21.11111,-12.444445,-2.136677,WINDOW
1945,93.0,0.0,1.0555555,0.86296237,14.407408,9.888889,22.88889,-11.888889,-2.1374934,WINDOW
1946,91.0,0.0,0.61111087,0.19629624,12.148149,7.5555553,20.666668,-11.777778,-2.1475708,WINDOW
1947,133.0,0.0,0.11111111,0.029629635,0.5925926,0.0,1.7777778,-1.7777778,-2.0943952,WINDOW
1950,110.0,0.0,0.22222233,0.029629655,9.444445,6.111111,15.888889,-9.333333,-2.1202655,WINDOW
1951,86.0,0.0,0.27777782,0.062963,12.333333,7.7777777,21.11111,-12.666667,-2.1201534,WINDOW
1952,133.0,0.0,0.22222222,0.07407406,0.7407407,0.33333334,1.7777778,-1.8888888,-1.999063,WINDOW
1955,86.0,0.0,0.33333302,0.044444356,12.0,7.5555553,20.444445,-12.0,-2.1283617,WINDOW
1959,133.0,0.0,0.44444466,0.029629659,9.851851,6.2222223,16.666668,-9.555555,-2.1387432,WINDOW
1962,87.0,0.0,0.61111087,0.37407398,11.148149,6.6666665,19.555555,-11.777778,-2.1386166,WINDOW
1963,129.0,0.0,0.0,0.0,0.0,0.0,0.0,0.0,0.0,WINDOW
1964,83.0,0.0,5.8333335,20.922216,9.888889,6.0,17.0,-9.666667,-2.1502569,WINDOW
1965,94.0,0.0,1.2222222,0.962962,15.62963,10.555555,24.88889,-12.555555,-2.1594663,WINDOW
1967,114.0,0.0,0.61111087,0.06296301,16.185184,11.444445,25.0,-12.222222,-2.1416595,WINDOW
1968,135.0,0.0,0.16666667,0.07777778,0.14814815,0.0,0.44444445,-0.44444445,-2.0943952,WINDOW
1969,92.0,0.0,0.44444433,0.118518606,12.074074,7.5555553,20.555555,-11.888889,-2.1378512,WINDOW
1970,89.0,0.0,1.0555557,0.28518525,22.666666,16.444445,33.555557,-14.0,-2.188149,WINDOW
1971,115.0,0.0,0.44444418,0.07407387,14.740741,10.666667,22.222221,-10.222222,-2.1516252,WINDOW
1972,79.0,0.0,1.333334,0.75555575,41.407406,38.0,49.666668,-14.555555,-1.9845829,CEMENT
1973,81.0,0.0,1.8333334,0.34444275,42.925926,39.444443,51.555557,-15.444445,-1.9704217,CEMENT
1974,123.0,0.0,1.1111113,0.5185183,57.48148,52.555557,68.55556,-18.444445,-2.021502,CEMENT
1975,80.0,0.0,1.3333334,0.7111086,40.51852,37.77778,47.666668,-13.222222,-1.942698,CEMENT
1976,100.0,0.0,1.4444447,0.6518514,55.37037,50.333332,66.88889,-19.444445,-2.00619,CEMENT
1977,98.0,0.0,1.2777773,0.5962972,52.851852,47.555557,64.66667,-19.555555,-2.025773,CEMENT
1978,126.0,0.0,14.055554,44.374123,36.185184,33.555557,43.0,-12.555555,-1.9421787,CEMENT
1979,77.0,0.0,1.6666666,0.53333336,40.22222,37.22222,48.22222,-15.0,-1.9320657,CEMENT
1980,120.0,0.0,4.277778,9.262964,49.407406,44.88889,59.333332,-16.222221,-2.035243,CEMENT
1982,102.0,0.0,0.8888893,0.2962955,58.22222,53.444443,69.66667,-20.0,-1.9855843,CEMENT
1983,120.0,0.0,8.333333,53.95558,39.333332,35.444447,47.77778,-13.666667,-2.0467525,CEMENT
1984,116.0,0.0,0.33333325,0.13333334,5.6296296,6.7777777,7.0,-7.5555553,-1.0996237,BRICKFACE
1985,111.0,0.0,0.4444445,0.118518546,5.6666665,7.0,7.0,-8.0,-1.0414338,BRICKFACE
1986,131.0,0.0,0.77777773,0.20740731,5.185185,6.6666665,6.0,-6.888889,-0.87464094,BRICKFACE
1987,124.0,0.0,0.99999994,0.4444444,7.0740743,8.222222,8.777778,-8.555555,-1.1570816,BRICKFACE
1988,122.0,0.0,0.7777776,0.11851851,5.851852,7.3333335,6.888889,-7.5555553,-0.94255877,BRICKFACE
1989,126.0,0.0,0.5555556,0.07407395,4.9259257,6.4444447,5.7777777,-7.111111,-0.877707,BRICKFACE
1990,135.0,0.0,0.888889,0.074073985,5.5185184,7.111111,6.4444447,-7.5555553,-0.89217883,BRICKFACE
1991,123.0,0.0,0.66666675,0.26666668,6.740741,8.222222,8.0,-8.222222,-0.9857293,BRICKFACE
1992,135.0,0.0,0.8333333,0.1222222,5.0,6.888889,5.4444447,-7.0,-0.6920281,BRICKFACE
1993,143.0,0.0,0.4444445,0.074074075,5.037037,6.5555553,5.888889,-7.111111,-0.90741616,BRICKFACE
1994,136.0,0.0,1.0000001,0.4444444,6.259259,7.7777777,7.2222223,-7.4444447,-0.92460656,BRICKFACE
1995,118.0,0.0,0.77777773,0.07407411,5.0,6.2222223,6.2222223,-7.3333335,-1.0471976,BRICKFACE
1996,140.0,0.0,1.0000001,0.57777774,6.3333335,7.888889,7.3333335,-7.6666665,-0.9092674,BRICKFACE
1997,126.0,0.0,0.4444445,0.25185186,5.7777777,7.4444447,6.7777777,-8.0,-0.89580745,BRICKFACE
1998,145.0,0.0,0.50000006,0.12222223,4.0740743,5.3333335,5.0,-6.5555553,-0.9594855,BRICKFACE
1999,111.0,0.0,0.6111111,0.15185188,5.4074073,6.888889,6.3333335,-7.2222223,-0.89785874,BRICKFACE
2000,146.0,0.0,0.6666667,0.26666668,5.111111,5.6666665,6.7777777,-6.6666665,-1.2583578,BRICKFACE
2001,117.0,0.0,1.0,0.31111106,6.4444447,7.3333335,8.222222,-8.0,-1.2332561,BRICKFACE
2002,131.0,0.0,0.33333325,0.08888887,5.2222223,7.2222223,5.4444447,-6.6666665,-0.62122244,BRICKFACE
2003,147.0,0.0,0.72222215,0.41851825,4.5925927,4.111111,7.4444447,-7.111111,-1.5617536,BRICKFACE
2004,111.0,0.0,0.6111111,0.15185188,5.4074073,6.888889,6.3333335,-7.2222223,-0.89785874,BRICKFACE
2005,129.0,0.0,0.8888889,0.8740743,6.6666665,8.444445,7.5555553,-8.0,-0.8439043,BRICKFACE
2006,124.0,0.0,0.611111,0.10740747,6.0,7.4444447,7.2222223,-8.0,-0.98787266,BRICKFACE
2007,113.0,0.0,0.27777782,0.15185188,6.148148,7.2222223,7.7777777,-8.111111,-1.175454,BRICKFACE
2008,145.0,0.0,0.72222215,0.06296298,5.296296,6.3333335,6.5555553,-6.888889,-1.0689679,BRICKFACE
2009,112.0,0.0,0.5555555,0.16296297,5.9259257,7.111111,7.2222223,-7.4444447,-1.0582771,BRICKFACE
2010,111.0,0.0,1.0555555,0.50740737,5.703704,6.888889,7.0,-7.4444447,-1.0650656,BRICKFACE
2011,128.0,0.0,0.33333325,0.044444434,5.962963,7.3333335,7.2222223,-7.888889,-1.0050536,BRICKFACE
2012,147.0,0.0,0.77777785,0.5629629,6.7777777,5.4444447,11.0,-8.666667,-1.7833879,BRICKFACE
2013,115.0,0.0,0.33333334,0.17777777,6.7777777,7.7777777,8.555555,-8.333333,-1.2103575,BRICKFACE
2014,132.0,0.0,0.22222216,0.16296294,5.3703704,7.111111,6.111111,-7.4444447,-0.8083832,BRICKFACE
2015,118.0,0.0,1.0555557,0.10740725,5.6296296,7.0,6.6666665,-7.2222223,-0.96082735,BRICKFACE
2016,134.0,0.0,0.38888893,0.062963024,5.296296,6.7777777,6.2222223,-7.2222223,-0.91263086,BRICKFACE
2017,126.0,0.0,0.66666657,0.35555547,7.296296,8.777778,8.222222,-7.2222223,-0.91367507,BRICKFACE
2018,132.0,0.0,0.9444444,0.3296295,5.740741,7.4444447,6.2222223,-6.5555553,-0.72601837,BRICKFACE
2019,122.0,0.0,0.4999999,0.1666666,6.4074073,8.111112,7.2222223,-7.5555553,-0.8321195,BRICKFACE
2020,123.0,0.0,0.38888893,0.15185189,5.814815,7.111111,6.888889,-7.111111,-0.9884131,BRICKFACE
2021,133.0,0.0,1.1666666,0.21111093,6.4444447,7.7777777,7.888889,-8.333333,-1.0776595,BRICKFACE
2022,111.0,0.0,0.4999999,0.12222217,5.4444447,6.4444447,7.0,-7.6666665,-1.1813879,BRICKFACE
2023,128.0,0.0,0.38888893,0.1518518,5.037037,6.888889,5.4444447,-6.7777777,-0.6886007,BRICKFACE
2024,114.0,0.0,1.0000001,0.53333306,6.2222223,7.5555553,7.4444447,-7.6666665,-1.0108004,BRICKFACE
2025,131.0,0.0,0.77777785,0.20740739,5.962963,7.5555553,6.6666665,-6.888889,-0.8048458,BRICKFACE
2026,113.0,0.0,0.7222221,0.1518519,5.4814816,7.111111,6.3333335,-7.4444447,-0.8512021,BRICKFACE
2027,122.0,0.0,0.5,0.3,6.0,7.2222223,7.3333335,-7.6666665,-1.0514401,BRICKFACE
2028,128.0,0.0,0.88888866,0.2074075,5.9259257,7.888889,6.4444447,-7.4444447,-0.7213002,BRICKFACE
2029,142.0,0.0,0.9444444,0.37407392,5.037037,6.5555553,5.7777777,-6.7777777,-0.8297117,BRICKFACE
2030,123.0,0.0,0.38888893,0.062963024,6.111111,8.0,6.7777777,-7.6666665,-0.7616482,BRICKFACE
2031,118.0,0.0,0.66666657,0.4,6.4444447,7.5555553,8.111112,-8.333333,-1.1345428,BRICKFACE
2032,143.0,0.0,0.6666668,0.31111094,5.296296,6.6666665,6.2222223,-6.888889,-0.9148125,BRICKFACE
2033,142.0,0.0,1.2777777,0.15185152,4.5925927,6.2222223,5.2222223,-6.7777777,-0.7763336,BRICKFACE
2034,144.0,0.0,0.72222215,0.32962963,4.814815,6.0,5.7777777,-6.4444447,-0.9691188,BRICKFACE
2035,114.0,0.0,0.83333325,0.12222214,5.888889,7.0,7.4444447,-8.0,-1.1518371,BRICKFACE
2036,115.0,0.0,0.33333325,0.13333328,6.6666665,8.222222,7.888889,-8.333333,-0.96514446,BRICKFACE
2037,149.0,0.0,0.72222227,0.15185171,5.4444447,4.111111,8.666667,-5.6666665,-1.9857028,BRICKFACE
2038,147.0,0.0,0.72222215,0.10740744,6.037037,5.6666665,9.222222,-8.444445,-1.5083702,BRICKFACE
2039,117.0,0.0,0.50000006,0.2111111,5.888889,6.888889,7.4444447,-7.6666665,-1.1796917,BRICKFACE
2040,145.0,0.0,0.6111111,0.3740741,3.925926,5.5555553,4.0,-5.111111,-0.57094,BRICKFACE
2041,110.0,0.0,1.9444445,2.3740728,4.2222223,4.3333335,6.3333335,-6.6666665,-1.5397619,BRICKFACE
2042,130.0,0.0,0.38888893,0.15185189,5.3333335,6.888889,6.2222223,-7.3333335,-0.8890237,BRICKFACE
2043,117.0,0.0,0.38888893,0.06296291,6.3333335,7.6666665,7.4444447,-7.3333335,-0.98394656,BRICKFACE
2044,131.0,0.0,1.3333334,0.7111112,5.3333335,6.888889,6.111111,-7.0,-0.8507829,BRICKFACE
2045,143.0,0.0,0.44444442,0.1629629,5.4444447,6.7777777,6.7777777,-8.0,-1.048222,BRICKFACE
2046,142.0,0.0,1.7222223,0.15185216,4.814815,6.7777777,5.2222223,-7.111111,-0.675123,BRICKFACE
2047,115.0,0.0,0.7777779,0.60740745,6.296296,7.3333335,7.888889,-7.888889,-1.175454,BRICKFACE
2048,114.0,0.0,0.6666668,0.0444444,5.259259,6.5555553,6.111111,-6.4444447,-0.9106101,BRICKFACE
2049,124.0,0.0,0.6666665,0.31111106,6.185185,7.6666665,7.3333335,-7.888889,-0.9578401,BRICKFACE
2050,116.0,0.0,1.1666669,0.6111109,6.111111,7.111111,7.6666665,-7.6666665,-1.1632453,BRICKFACE
2051,140.0,0.0,1.0000001,0.57777774,6.3333335,7.888889,7.3333335,-7.6666665,-0.9092674,BRICKFACE
2052,120.0,0.0,0.4444445,0.11851845,5.962963,7.7777777,6.7777777,-7.888889,-0.820403,BRICKFACE
2053,116.0,0.0,0.22222225,0.07407413,5.4074073,6.5555553,6.7777777,-7.5555553,-1.093148,BRICKFACE
2054,141.0,0.0,0.7777776,0.38518524,5.4074073,7.0,6.2222223,-7.2222223,-0.84373164,BRICKFACE
2055,129.0,0.0,0.6666667,0.17777774,6.3333335,7.888889,7.3333335,-7.6666665,-0.9327826,BRICKFACE
2056,122.0,0.0,0.33333334,0.17777774,5.5555553,7.0,6.6666665,-7.6666665,-0.95343477,BRICKFACE
2057,128.0,0.0,0.66666657,0.48888892,5.6666665,7.4444447,6.5555553,-8.0,-0.83759844,BRICKFACE
2058,139.0,0.0,0.83333325,0.52222216,6.111111,7.5555553,7.2222223,-7.6666665,-0.96594584,BRICKFACE
2059,118.0,0.0,0.5555556,0.11851845,5.4814816,6.5555553,6.6666665,-6.7777777,-1.053347,BRICKFACE
2060,128.0,0.0,0.66666675,0.31111118,5.5555553,6.888889,6.6666665,-7.3333335,-0.98581076,BRICKFACE
2061,116.0,0.0,0.4444445,0.20740739,6.4814816,7.5555553,8.222222,-8.444445,-1.1910701,BRICKFACE
2062,136.0,0.0,0.44444442,0.074074,5.6296296,7.111111,6.4444447,-6.888889,-0.8965326,BRICKFACE
2063,136.0,0.0,0.66666657,0.08888887,6.814815,8.333334,8.0,-8.111111,-0.96393055,BRICKFACE
2064,124.0,0.0,0.6111111,0.06296294,5.111111,6.888889,5.6666665,-7.0,-0.7526692,BRICKFACE
2065,140.0,0.0,0.50000006,0.388889,6.0,7.4444447,6.888889,-7.0,-0.91962,BRICKFACE
2066,123.0,0.0,0.5,0.12222223,5.814815,7.5555553,6.6666665,-7.7777777,-0.83759767,BRICKFACE
2067,116.0,0.0,0.5555555,0.20740739,6.6296296,7.5555553,8.444445,-8.222222,-1.2339455,BRICKFACE
2068,135.0,0.0,1.0555556,0.37407392,5.703704,7.4444447,6.4444447,-7.4444447,-0.7873758,BRICKFACE
2069,124.0,0.0,0.8888889,0.3407407,5.888889,7.111111,7.111111,-7.3333335,-1.0376626,BRICKFACE
2070,113.0,0.0,0.77777773,0.20740744,5.5925927,7.111111,6.6666665,-7.7777777,-0.942558,BRICKFACE
2071,138.0,0.0,0.50000006,0.077777766,4.962963,6.7777777,5.4444447,-6.888889,-0.72289366,BRICKFACE
2072,125.0,0.0,0.66666675,0.31111118,6.185185,7.3333335,7.6666665,-7.888889,-1.1218182,BRICKFACE
2073,142.0,0.0,1.5000001,0.52222186,4.6666665,6.7777777,4.888889,-7.0,-0.60486406,BRICKFACE
2074,123.0,0.0,0.8888888,1.0962967,6.962963,7.888889,8.444445,-7.2222223,-1.1806802,BRICKFACE
2075,138.0,0.0,0.44444433,0.074074075,5.4444447,7.0,6.3333335,-7.3333335,-0.8805207,BRICKFACE
2076,130.0,0.0,1.0555556,0.685185,5.851852,7.3333335,6.888889,-7.5555553,-0.96304834,BRICKFACE
2077,135.0,0.0,0.66666675,0.35555547,4.148148,5.6666665,4.7777777,-6.4444447,-0.8078477,BRICKFACE
2078,143.0,0.0,0.4999999,0.0333333,5.6666665,7.5555553,6.4444447,-8.0,-0.79691786,BRICKFACE
2079,113.0,0.0,0.44444442,0.11851859,5.5185184,6.888889,6.6666665,-7.5555553,-0.9893081,BRICKFACE
2080,134.0,0.0,0.7777777,0.2962963,6.0740743,7.4444447,7.111111,-7.2222223,-0.96631753,BRICKFACE
2081,134.0,0.0,0.72222215,0.06296298,5.888889,7.6666665,6.6666665,-7.6666665,-0.8060425,BRICKFACE
2082,138.0,0.0,0.83333325,0.29999986,5.740741,7.3333335,6.5555553,-7.2222223,-0.8621077,BRICKFACE
2083,129.0,0.0,1.111111,0.29629606,6.4074073,8.0,7.4444447,-7.888889,-0.9127656,BRICKFACE
2084,149.0,0.0,0.99999994,1.2444444,5.5185184,4.111111,8.777778,-5.5555553,-2.0091076,BRICKFACE
2085,147.0,0.0,0.4999999,0.077777766,4.148148,3.8888888,6.6666665,-6.7777777,-1.4756428,BRICKFACE
2086,130.0,0.0,1.0000001,0.66666657,6.6296296,8.444445,7.2222223,-7.2222223,-0.76407653,BRICKFACE
2087,122.0,0.0,0.55555564,0.11851851,5.6296296,7.0,6.6666665,-7.2222223,-0.9647966,BRICKFACE
2088,130.0,0.0,0.83333325,0.5666664,7.296296,8.555555,8.666667,-7.888889,-1.0566586,BRICKFACE
2089,123.0,0.0,0.4444444,0.118518606,4.5555553,6.0,5.3333335,-6.6666665,-0.85354733,BRICKFACE
2090,137.0,0.0,1.111111,0.47407418,5.851852,7.7777777,6.4444447,-7.5555553,-0.74427164,BRICKFACE
2091,125.0,0.0,0.6666667,0.1777776,5.851852,7.2222223,6.888889,-7.2222223,-0.9442725,BRICKFACE
2092,145.0,0.0,0.72222215,0.06296298,5.296296,6.3333335,6.5555553,-6.888889,-1.0689679,BRICKFACE
2093,143.0,0.0,0.6666667,0.1333334,4.5185184,6.111111,5.4444447,-7.5555553,-0.8782905,BRICKFACE
2094,121.0,0.0,0.6111112,0.10740732,6.4074073,8.0,7.4444447,-7.888889,-0.91432446,BRICKFACE
2095,124.0,0.0,0.8333332,0.38888887,6.2222223,7.5555553,7.4444447,-7.6666665,-1.0114845,BRICKFACE
2096,111.0,0.0,0.61111116,0.1518519,5.9259257,7.6666665,6.888889,-8.111111,-0.87266606,BRICKFACE
2097,124.0,0.0,0.44444442,0.029629659,5.111111,6.6666665,6.0,-7.3333335,-0.877707,BRICKFACE
2098,117.0,0.0,0.5555556,0.07407414,5.7777777,6.3333335,7.5555553,-7.0,-1.353896,BRICKFACE
2099,140.0,0.0,0.66666675,0.08888887,5.0,6.5555553,5.5555553,-6.3333335,-0.7836471,BRICKFACE
2100,134.0,0.0,0.6666667,0.4444444,4.740741,6.4444447,5.2222223,-6.5555553,-0.7304648,BRICKFACE
2101,118.0,0.0,0.7222221,0.19629624,6.0740743,7.6666665,7.0,-7.5555553,-0.8782905,BRICKFACE
2102,114.0,0.0,0.44444433,0.074074075,5.4444447,6.111111,7.3333335,-7.6666665,-1.3145328,BRICKFACE
2103,133.0,0.0,0.5,0.077777736,6.6666665,8.333334,7.7777777,-8.333333,-0.92481726,BRICKFACE
2104,112.0,0.0,1.0000001,0.0888888,6.2222223,7.0,8.111112,-8.0,-1.2739921,BRICKFACE
2105,126.0,0.0,1.0000001,0.8444445,6.4814816,7.6666665,8.0,-8.111111,-1.1181307,BRICKFACE
2106,139.0,0.0,0.7777776,0.20740725,5.3333335,6.5555553,6.4444447,-7.0,-1.004936,BRICKFACE
2107,149.0,0.0,1.0555557,0.50740725,7.5185184,5.5555553,11.888889,-7.2222223,-2.0186307,BRICKFACE
2108,118.0,0.0,0.4444445,0.16296297,6.259259,7.5555553,7.6666665,-8.111111,-1.0761977,BRICKFACE
2109,126.0,0.0,0.6111111,0.41851866,5.4074073,7.6666665,5.6666665,-7.5555553,-0.6128861,BRICKFACE
2110,111.0,0.0,2.5555553,0.38518727,3.8148148,4.111111,5.5555553,-6.111111,-1.4372399,BRICKFACE
2111,124.0,0.0,0.38888875,0.107407376,6.037037,7.4444447,7.3333335,-8.111111,-1.0247301,BRICKFACE
2112,111.0,0.0,0.8888889,0.4296295,6.037037,7.0,7.6666665,-7.7777777,-1.1757725,BRICKFACE
2113,130.0,0.0,0.66666657,0.57777774,5.7777777,7.4444447,6.6666665,-7.6666665,-0.87149525,BRICKFACE
2114,80.0,0.0,1.7222239,1.7074076,111.07407,102.888885,127.333336,-24.222221,-2.0986974,SKY
2115,58.0,0.0,1.0000013,0.7111076,92.703705,76.888885,118.55556,-30.11111,-2.2393005,SKY
2116,13.0,0.0,1.111112,0.29629365,104.111115,88.22222,128.44444,-25.333334,-2.2870803,SKY
2117,47.0,0.0,1.4999987,0.47777686,107.111115,93.22222,128.77779,-23.333334,-2.2710717,SKY
2118,44.0,0.0,1.0,0.7555569,99.0,85.0,121.44444,-25.333334,-2.2545414,SKY
2119,18.0,0.0,0.55555344,0.3851843,114.14815,102.44444,132.33334,-19.444445,-2.2784517,SKY
2120,62.0,0.0,0.88888675,0.60740507,110.18519,100.666664,127.111115,-22.222221,-2.178149,SKY
2121,37.0,0.0,1.0555534,0.95185125,95.92593,80.111115,121.111115,-28.11111,-2.258443,SKY
2122,45.0,0.0,0.61110944,0.2851846,101.22222,87.111115,124.0,-26.0,-2.2478156,SKY
2123,65.0,0.0,0.7222214,0.3296294,97.333336,82.77778,121.111115,-27.666666,-2.2391438,SKY
2124,57.0,0.0,1.6111094,0.41851655,100.44444,86.22222,122.22222,-22.666666,-2.2881315,SKY
2125,36.0,0.0,1.8333346,1.4555568,103.03704,89.55556,125.22222,-26.11111,-2.2323463,SKY
2126,53.0,0.0,1.1111094,0.42962876,113.14815,104.333336,130.22223,-24.777779,-2.117007,SKY
2127,16.0,0.0,1.6666666,1.1555537,102.51852,87.55556,125.0,-22.555555,-2.3024683,SKY
2128,81.0,0.0,0.88889056,0.42962864,112.92593,105.666664,128.88889,-26.11111,-2.0334873,SKY
2129,16.0,0.0,0.88889056,0.3851836,111.81481,99.111115,131.11111,-19.777779,-2.2939334,SKY
2130,58.0,0.0,1.0000013,0.5333344,93.14815,77.333336,118.77778,-29.444445,-2.2463162,SKY
2131,64.0,0.0,0.7777774,0.20740618,92.81481,77.22222,118.666664,-30.777779,-2.2289393,SKY
2132,29.0,0.0,0.7777786,0.4296294,103.25926,88.77778,126.333336,-25.777779,-2.2572172,SKY
2134,35.0,0.0,0.94444656,0.107407376,98.74074,83.333336,122.55556,-25.222221,-2.280843,SKY
2135,19.0,0.0,1.888888,1.9851776,110.296295,97.666664,130.22223,-21.88889,-2.264331,SKY
2136,83.0,0.0,1.0555521,0.50740635,90.62963,74.55556,116.888885,-30.555555,-2.2390528,SKY
2137,39.0,0.0,1.8333334,0.699999,113.37037,102.55556,132.0,-23.444445,-2.1981578,SKY
2138,94.0,0.0,1.2777761,0.5074095,95.296295,80.888885,119.22222,-28.555555,-2.227114,SKY
2139,88.0,0.0,0.50000125,0.21111126,110.59259,101.55556,127.55556,-23.777779,-2.139239,SKY
2140,66.0,0.0,1.1111132,0.60740495,93.44444,79.111115,117.333336,-28.666666,-2.2248445,SKY
2141,28.0,0.0,1.2222214,0.4296262,110.48148,97.888885,131.11111,-24.11111,-2.238865,SKY
2142,94.0,0.0,1.0000013,0.6666645,113.18519,106.888885,127.55556,-24.222221,-2.015307,SKY
2143,80.0,0.0,1.4444453,0.6962941,96.333336,82.44444,119.333336,-27.333334,-2.2287123,SKY
2144,62.0,0.0,1.0000013,0.3555547,99.666664,85.666664,121.44444,-23.333334,-2.2771423,SKY
2145,54.0,0.0,0.944444,0.5518552,116.77778,109.111115,132.44444,-24.0,-2.079152,SKY
2146,48.0,0.0,1.3333308,0.35555676,115.77778,107.44444,132.44444,-25.0,-2.0905566,SKY
2147,57.0,0.0,1.0000013,0.31111082,92.92593,76.44444,119.333336,-29.777779,-2.2542083,SKY
2148,33.0,0.0,0.61110944,0.19629543,109.888885,96.77778,130.55556,-22.666666,-2.2662253,SKY
2149,92.0,0.0,0.7777799,0.2962967,90.333336,74.888885,115.44444,-29.0,-2.2428021,SKY
2150,66.0,0.0,0.88888806,0.60741055,95.111115,80.66667,118.77778,-27.666666,-2.2357008,SKY
2151,74.0,0.0,0.50000125,0.07777796,101.85185,89.111115,123.22222,-25.88889,-2.2205532,SKY
2152,96.0,0.0,0.9444453,0.41851908,90.81481,76.0,115.666664,-30.11111,-2.2199793,SKY
2153,25.0,0.0,0.8333333,0.47777545,102.48148,88.0,125.666664,-26.11111,-2.253408,SKY
2154,75.0,0.0,0.88888806,0.38518703,88.55556,72.0,115.888885,-32.333332,-2.2319996,SKY
2155,98.0,0.0,1.6666666,0.75555366,92.333336,77.333336,116.888885,-28.666666,-2.238522,SKY
2156,79.0,0.0,1.0555534,0.46296528,89.44444,73.55556,115.333336,-30.0,-2.2416325,SKY
2157,33.0,0.0,0.7222214,0.062962785,111.333336,97.77778,132.0,-21.333334,-2.2904212,SKY
2158,55.0,0.0,1.4444466,1.1851842,103.07407,90.0,124.111115,-23.88889,-2.2510118,SKY
2159,34.0,0.0,0.88888675,0.20740815,105.48148,91.22222,127.333336,-22.777779,-2.286636,SKY
2160,90.0,0.0,0.7777786,0.56296283,113.48148,105.888885,128.55556,-22.444445,-2.0978148,SKY
2161,41.0,0.0,1.4999987,0.65555346,113.40741,103.888885,131.22223,-24.88889,-2.1398222,SKY
2162,44.0,0.0,1.3333334,0.31110993,106.0,93.0,126.77778,-23.333334,-2.2555773,SKY
2163,32.0,0.0,0.83333206,0.6555584,112.03704,99.22222,132.55556,-23.11111,-2.2556741,SKY
2164,62.0,0.0,1.6111094,0.86296284,110.03704,100.77778,126.333336,-21.11111,-2.1854193,SKY
2165,35.0,0.0,1.2222214,0.607412,97.92593,83.0,122.0,-27.444445,-2.2482352,SKY
2166,68.0,0.0,0.8888893,0.8296292,105.77778,95.111115,124.888885,-25.333334,-2.1699994,SKY
2167,71.0,0.0,2.2222214,3.7629638,105.666664,96.666664,122.44444,-23.333334,-2.1431594,SKY
2168,49.0,0.0,0.7222252,0.4185201,108.888885,97.111115,128.88889,-24.666666,-2.211659,SKY
2169,76.0,0.0,1.3333334,0.71110994,90.07407,74.55556,116.55556,-32.88889,-2.2080188,SKY
2170,67.0,0.0,1.0555559,0.68518525,108.85185,99.44444,125.55556,-21.88889,-2.1730993,SKY
2171,47.0,0.0,0.6666667,0.4888892,97.111115,82.55556,121.44444,-29.333334,-2.2232175,SKY
2172,25.0,0.0,1.2777761,0.7740752,103.62963,89.111115,126.888885,-26.222221,-2.2521007,SKY
2173,93.0,0.0,1.0555547,1.3962914,112.296295,103.888885,128.0,-21.88889,-2.1414192,SKY
2174,46.0,0.0,1.111112,1.0074095,107.51852,93.888885,128.88889,-23.222221,-2.2708514,SKY
2175,66.0,0.0,1.8333346,2.122228,114.22222,106.888885,128.77779,-21.666666,-2.0989902,SKY
2176,85.0,0.0,0.88888675,0.6074093,101.03704,88.77778,122.55556,-27.777779,-2.186342,SKY
2177,96.0,0.0,0.61111194,0.24074087,111.59259,103.44444,128.11111,-25.11111,-2.0859544,SKY
2178,71.0,0.0,1.3333334,0.71110994,89.14815,72.77778,115.55556,-30.11111,-2.2494755,SKY
2179,43.0,0.0,0.8888893,0.34074003,107.14815,94.111115,128.22223,-24.11111,-2.247952,SKY
2180,60.0,0.0,0.7777774,0.38518456,109.77778,99.55556,128.22223,-24.666666,-2.1669195,SKY
2181,57.0,0.0,0.7777799,0.6962966,98.59259,84.0,121.55556,-25.11111,-2.264402,SKY
2182,52.0,0.0,0.7777774,0.7407436,111.62963,101.0,129.22223,-20.88889,-2.2296848,SKY
2183,45.0,0.0,1.0,0.22221947,101.92593,88.111115,124.55556,-26.444445,-2.238324,SKY
2184,70.0,0.0,1.1111082,0.5629626,112.51852,104.0,127.77778,-20.222221,-2.17166,SKY
2185,20.0,0.0,1.4444427,0.56296283,113.85185,102.666664,132.33334,-21.88889,-2.2318263,SKY
2186,15.0,0.0,1.2222252,0.51851857,106.51852,90.888885,131.11111,-26.88889,-2.2664518,SKY
2187,99.0,0.0,0.7777786,0.47407353,93.40741,79.0,118.0,-30.555555,-2.2077565,SKY
2188,90.0,0.0,1.2777799,0.28518537,113.111115,105.666664,128.33334,-23.333334,-2.0784183,SKY
2189,48.0,0.0,0.99999875,0.35555598,107.888885,94.77778,129.11111,-24.333334,-2.2470357,SKY
2190,81.0,0.0,1.0555573,0.55185294,90.40741,75.66667,116.44444,-33.88889,-2.1823301,SKY
2191,72.0,0.0,1.1666666,1.1444412,93.44444,79.22222,117.111115,-28.333334,-2.2257798,SKY
2192,81.0,0.0,0.83333206,0.07777894,92.18519,77.22222,118.44444,-33.88889,-2.1873991,SKY
2193,85.0,0.0,0.88888806,0.429629,93.55556,79.22222,118.0,-30.333334,-2.2084136,SKY
2194,249.0,0.0,2.8888886,3.8074067,8.555555,8.0,7.5555553,4.6666665,1.9174206,GRASS
2195,195.0,0.0,2.0555556,3.7962956,8.518518,6.3333335,6.888889,11.444445,2.1870224,GRASS
2196,180.0,0.0,1.7222222,1.6629628,13.592592,11.111111,11.888889,12.555555,2.2128983,GRASS
2197,217.0,0.0,2.0555556,0.9074081,6.296296,5.0,4.2222223,10.111111,1.9761382,GRASS
2199,238.0,0.0,1.0555556,2.2851841,8.518518,7.4444447,5.6666665,11.777778,1.8447257,GRASS
2200,201.0,0.0,0.94444424,0.5518518,7.7777777,6.2222223,5.5555553,11.333333,1.9829868,GRASS
2201,234.0,0.0,0.88888884,0.60740733,5.740741,4.0,4.4444447,9.111111,2.1935678,GRASS
2202,223.0,0.0,1.6666666,2.4444442,6.6666665,4.888889,4.666667,11.333333,2.0465877,GRASS
2203,234.0,0.0,1.0555555,0.28518525,7.111111,6.0,4.2222223,12.0,1.8382597,GRASS
2204,184.0,0.0,0.7777777,0.785185,11.851851,9.777778,9.888889,12.111111,2.1286457,GRASS
2205,212.0,0.0,1.5555555,1.985185,8.037037,6.0,6.7777777,9.888889,2.2426493,GRASS
2207,191.0,0.0,1.5,1.0111109,7.3333335,5.3333335,5.4444447,11.666667,2.1224225,GRASS
2208,164.0,0.0,3.0,8.04445,13.666667,11.666667,15.0,2.0,2.87512,GRASS
2209,165.0,0.0,2.4444442,1.140741,14.296296,12.0,14.111111,7.4444447,2.5935428,GRASS
2210,200.0,0.0,0.44444433,0.25185174,7.703704,5.7777777,5.888889,11.222222,2.10726,GRASS
2211,186.0,0.0,1.4999999,1.8111099,12.074074,9.333334,10.777778,12.111111,2.3195195,GRASS
2212,245.0,0.0,3.1666667,3.2777781,6.4074073,6.2222223,6.0,1.7777778,1.7566451,GRASS
2213,220.0,0.0,2.2777777,4.151854,6.4444447,5.6666665,5.3333335,5.6666665,1.9843658,GRASS
2214,237.0,0.0,1.5555553,0.785185,7.4814816,6.111111,5.111111,11.222222,1.9384677,GRASS
2215,214.0,0.0,1.2777777,0.24074058,6.814815,5.0,4.7777777,11.555555,2.0583289,GRASS
2216,179.0,0.0,1.5555557,0.5629631,11.814815,9.777778,9.444445,13.222222,2.04457,GRASS
2217,249.0,0.0,2.3333335,5.5111136,13.37037,12.222222,13.111111,4.2222223,2.5634372,GRASS
2218,243.0,0.0,2.5555556,0.829629,6.4814816,5.111111,4.888889,8.888889,2.0336287,GRASS
2220,244.0,0.0,2.2777777,2.151852,10.37037,9.666667,9.777778,3.8888888,2.32339,GRASS
2222,189.0,0.0,1.1666669,0.92222214,12.0,9.444445,10.111111,13.333333,2.194143,GRASS
2223,197.0,0.0,0.611111,0.06296301,6.0,4.111111,4.0,11.666667,2.0749567,GRASS
2224,174.0,0.0,1.7222222,0.15185165,13.481482,10.888889,12.555555,10.555555,2.3778543,GRASS
2225,226.0,0.0,3.5555556,2.5629618,7.851852,5.7777777,6.5555553,10.111111,2.2593977,GRASS
2226,167.0,0.0,2.0555553,0.99629617,14.592592,12.888889,13.777778,7.5555553,2.3057292,GRASS
2227,215.0,0.0,0.50000006,0.12222217,6.9259257,5.111111,4.4444447,12.888889,1.9911573,GRASS
2228,220.0,0.0,0.88888884,0.47407386,6.6296296,5.3333335,5.0,8.777778,2.0308669,GRASS
2229,176.0,0.0,1.1666666,0.3888888,13.0,10.111111,11.777778,12.333333,2.3406181,GRASS
2230,216.0,0.0,0.8333332,1.1888888,7.0740743,5.111111,5.0,12.111111,2.0792952,GRASS
2231,237.0,0.0,1.7777777,2.074075,5.851852,4.2222223,4.5555553,8.777778,2.1805263,GRASS
2232,219.0,0.0,2.8333333,6.6111126,5.5925927,4.111111,4.3333335,8.222222,2.1483634,GRASS
2233,187.0,0.0,2.0555556,1.0407399,11.62963,9.333334,9.666667,12.777778,2.1566393,GRASS
2234,244.0,0.0,3.6111114,6.9518504,7.740741,6.6666665,7.0,5.4444447,2.340587,GRASS
2235,222.0,0.0,2.6111114,7.26296,9.333333,8.555555,7.6666665,7.3333335,1.9050448,GRASS
2236,192.0,0.0,2.8888886,4.8296304,9.962963,8.666667,7.4444447,11.444445,1.908457,GRASS
2237,237.0,0.0,0.5555555,0.47407398,8.0,6.5555553,5.6666665,11.333333,1.9465016,GRASS
2238,166.0,0.0,0.72222203,0.32962978,13.37037,11.222222,12.111111,10.222222,2.2642767,GRASS
2239,237.0,0.0,1.0000001,0.48888868,5.7777777,4.2222223,4.2222223,9.333333,2.0972314,GRASS
2240,186.0,0.0,3.5555556,4.2074056,35.296295,31.222221,43.88889,-13.555555,-2.0601218,PATH
2242,188.0,0.0,7.38889,37.218513,30.592592,27.444445,37.77778,-12.111111,-2.0145087,PATH
2245,189.0,0.0,5.8333335,21.588884,31.37037,28.444445,38.0,-11.111111,-2.0203454,PATH
2246,189.0,0.0,4.5,15.366663,31.925926,29.0,38.555557,-11.111111,-2.0222268,PATH
2247,178.0,0.0,8.0,12.577775,33.666668,29.666666,41.88889,-12.666667,-2.103758,PATH
2248,188.0,0.0,1.388889,1.7518508,30.777779,27.555555,38.11111,-12.333333,-2.016443,PATH
2249,188.0,0.0,6.611112,38.551857,30.62963,27.333334,38.0,-12.222222,-2.0382204,PATH
2250,180.0,0.0,7.3333325,45.955563,31.444445,28.666666,37.77778,-10.666667,-2.0210319,PATH
2251,175.0,0.0,5.666666,26.133337,33.0,29.0,41.0,-12.0,-2.091209,PATH
2252,184.0,0.0,10.611111,45.085182,31.703703,28.777779,38.0,-10.111111,-2.2154639,PATH
2253,185.0,0.0,9.888888,94.91854,30.88889,27.777779,37.0,-9.0,-2.4505804,PATH
2254,182.0,0.0,8.666666,71.24447,29.777779,27.222221,35.444447,-9.333333,-2.2177355,PATH
2255,189.0,0.0,2.6111114,2.5074077,32.77778,29.0,40.666668,-12.333333,-2.0642734,PATH
2256,186.0,0.0,6.833334,53.58887,30.777779,27.555555,37.88889,-11.666667,-2.0463068,PATH
2257,189.0,0.0,11.722221,114.59634,26.444445,23.444445,33.0,-10.666667,-2.1010017,PATH
2258,182.0,0.0,3.6111107,9.218522,34.925926,31.444445,42.88889,-13.444445,-2.0011246,PATH
2259,188.0,0.0,5.111111,19.007412,29.962963,26.88889,36.444443,-10.222222,-2.083566,PATH
2260,188.0,0.0,3.1111116,7.540742,33.333332,29.666666,41.333336,-13.0,-2.0407205,PATH
2262,184.0,0.0,10.611111,45.085182,31.703703,28.777779,38.0,-10.111111,-2.2154639,PATH
2263,189.0,0.0,2.0,2.8888876,32.11111,28.333334,40.333336,-13.333333,-2.0379822,PATH
2266,179.0,0.0,4.555556,7.274074,35.48148,31.333334,44.11111,-13.444445,-2.0752,PATH
2267,183.0,0.0,6.333334,36.933327,32.25926,29.444445,39.11111,-12.111111,-1.970772,PATH
2268,186.0,0.0,2.333333,3.5555558,34.962963,31.11111,43.444443,-13.888889,-2.0366416,PATH
2269,190.0,0.0,8.555555,73.674065,29.62963,26.11111,36.88889,-11.222222,-2.1606584,PATH
2270,182.0,0.0,2.277777,3.618518,34.51852,31.555555,42.22222,-14.222222,-1.9430385,PATH
2271,190.0,0.0,2.5000007,2.6555543,32.962963,29.333334,41.11111,-13.555555,-2.020042,PATH
2272,180.0,0.0,9.166667,63.944435,30.37037,27.444445,36.333336,-9.111111,-2.2170947,PATH
2273,190.0,0.0,2.5,2.9666677,31.666666,28.0,40.11111,-14.333333,-2.0083811,PATH
2274,182.0,0.0,3.6111107,9.218522,34.925926,31.444445,42.88889,-13.444445,-2.0011246,PATH
2275,189.0,0.0,2.666667,3.822227,34.11111,30.11111,42.77778,-14.0,-2.0442774,PATH
2276,188.0,0.0,5.111111,19.007412,29.962963,26.88889,36.444443,-10.222222,-2.083566,PATH
2279,184.0,0.0,7.944443,63.35185,31.518518,27.777779,38.77778,-10.555555,-2.1831248,PATH
2280,189.0,0.0,5.8888893,14.6074095,29.62963,26.777779,36.555557,-12.222222,-1.9545742,PATH
2281,182.0,0.0,2.277777,3.618518,34.51852,31.555555,42.22222,-14.222222,-1.9430385,PATH
2283,152.0,0.0,2.1111112,4.340741,1.4074074,1.0,2.4444444,-1.8888888,-2.000272,WINDOW
2284,152.0,0.0,2.0555556,3.5740747,1.3703704,1.0,2.3333335,-1.7777778,-2.0073514,WINDOW
2285,154.0,0.0,2.611111,5.7518525,1.8518518,1.5555556,3.0,-2.5555556,-1.9059265,WINDOW
2286,152.0,0.0,2.0555556,3.5740747,1.3703704,1.0,2.3333335,-1.7777778,-2.0073514,WINDOW
2287,154.0,0.0,0.38888893,0.062962964,0.25925925,0.0,0.7777778,-0.7777778,-2.0943952,WINDOW
2288,152.0,0.0,0.8333333,0.16666685,3.5925925,2.6666667,5.7777777,-3.7777777,-1.997796,WINDOW
2294,154.0,0.0,1.6111112,1.2185184,6.3703704,9.666667,4.666667,-4.7777777,-0.0049269386,WINDOW
2296,153.0,0.0,0.11111113,0.029629637,0.37037036,0.0,1.1111112,-1.1111112,-2.0943952,WINDOW
2298,152.0,0.0,1.2222222,0.8296299,1.5185186,1.0,2.8888888,-2.5555556,-1.9332389,WINDOW
2299,154.0,0.0,0.11111111,0.029629635,0.074074075,0.0,0.22222222,-0.22222222,-2.0943952,WINDOW
2301,154.0,0.0,0.16666669,0.07777777,0.7407407,0.44444445,1.5555556,-1.5555556,-1.9196393,WINDOW
2302,154.0,0.0,0.44444445,0.074074075,0.7037037,0.22222222,1.8888888,-2.1111112,-2.0175102,WINDOW
