dataset,kind,rate,handling,arm,classifier,accuracy,macro_f1,accuracy_none,macro_f1_none,delta_accuracy,delta_macro_f1
breast-cancer,pairflip,0.0,relabel,DT hard_vote,DT,63.05361305361305,55.79094697187964,64.91841491841491,57.76743910450271,-1.864801864801862,-1.976492132623065
breast-cancer,pairflip,0.0,relabel,DT hard_vote,LR,66.31701631701632,55.09007276843224,67.36596736596736,55.5825454954721,-1.0489510489510394,-0.49247272703985345
breast-cancer,pairflip,0.0,relabel,DT hard_vote,NB,70.51282051282051,63.41168488947424,70.86247086247086,64.20799605599542,-0.34965034965034647,-0.7963111665211855
breast-cancer,pairflip,0.0,relabel,DT threshold,DT,62.00466200466201,55.11994589958582,64.91841491841491,57.76743910450271,-2.9137529137529015,-2.6474932049168842
breast-cancer,pairflip,0.0,relabel,DT threshold,LR,65.61771561771562,54.85185785499814,67.36596736596736,55.5825454954721,-1.7482517482517466,-0.7306876404739597
breast-cancer,pairflip,0.0,relabel,DT threshold,NB,69.93006993006993,63.03748518055689,70.86247086247086,64.20799605599542,-0.9324009324009239,-1.1705108754385307
breast-cancer,pairflip,0.0,relabel,NB hard_vote,DT,71.2121212121212,64.04900559458535,64.91841491841491,57.76743910450271,6.293706293706293,6.281566490082646
breast-cancer,pairflip,0.0,relabel,NB hard_vote,LR,71.2121212121212,63.757154205891176,67.36596736596736,55.5825454954721,3.8461538461538396,8.17460871041908
breast-cancer,pairflip,0.0,relabel,NB hard_vote,NB,70.86247086247086,64.38107763430575,70.86247086247086,64.20799605599542,0.0,0.173081578310331
breast-cancer,pairflip,0.0,relabel,NB threshold,DT,69.58041958041957,63.77606772924796,64.91841491841491,57.76743910450271,4.662004662004662,6.008628624745256
breast-cancer,pairflip,0.0,relabel,NB threshold,LR,69.81351981351982,63.654720089376475,67.36596736596736,55.5825454954721,2.4475524475524537,8.072174593904379
breast-cancer,pairflip,0.0,relabel,NB threshold,NB,69.93006993006993,64.17040922824448,70.86247086247086,64.20799605599542,-0.9324009324009239,-0.037586827750942575
breast-cancer,pairflip,0.0,relabel,committee consensus,DT,68.41491841491842,58.99836790675523,64.91841491841491,57.76743910450271,3.4965034965035073,1.2309288022525209
breast-cancer,pairflip,0.0,relabel,committee consensus,LR,70.74592074592074,61.695178689682415,67.36596736596736,55.5825454954721,3.3799533799533776,6.112633194210318
breast-cancer,pairflip,0.0,relabel,committee consensus,NB,71.91142191142191,64.64484932745934,70.86247086247086,64.20799605599542,1.0489510489510536,0.4368532714639173
breast-cancer,pairflip,0.0,relabel,dual agreement,DT,68.64801864801865,60.676894824155944,64.91841491841491,57.76743910450271,3.7296037296037383,2.909455719653238
breast-cancer,pairflip,0.0,relabel,dual agreement,LR,70.74592074592074,62.7559904074703,67.36596736596736,55.5825454954721,3.3799533799533776,7.173444911998203
breast-cancer,pairflip,0.0,relabel,dual agreement,NB,71.2121212121212,64.23307676327896,70.86247086247086,64.20799605599542,0.34965034965034647,0.02508070728353573
breast-cancer,pairflip,0.0,relabel,none,DT,64.91841491841491,57.76743910450271,64.91841491841491,57.76743910450271,0.0,0.0
breast-cancer,pairflip,0.0,relabel,none,LR,67.36596736596736,55.5825454954721,67.36596736596736,55.5825454954721,0.0,0.0
breast-cancer,pairflip,0.0,relabel,none,NB,70.86247086247086,64.20799605599542,70.86247086247086,64.20799605599542,0.0,0.0
breast-cancer,pairflip,0.0,relabel,reference labels,DT,64.91841491841491,57.76743910450271,64.91841491841491,57.76743910450271,0.0,0.0
breast-cancer,pairflip,0.0,relabel,reference labels,LR,67.36596736596736,55.5825454954721,67.36596736596736,55.5825454954721,0.0,0.0
breast-cancer,pairflip,0.0,relabel,reference labels,NB,70.86247086247086,64.20799605599542,70.86247086247086,64.20799605599542,0.0,0.0
breast-cancer,pairflip,0.1,relabel,DT hard_vote,DT,59.79020979020979,53.37977543249042,63.75291375291376,57.90359168541252,-3.9627039627039693,-4.523816252922103
breast-cancer,pairflip,0.1,relabel,DT hard_vote,LR,66.43356643356644,55.57952027347833,65.61771561771563,54.29780067630535,0.8158508158508084,1.2817195971729802
breast-cancer,pairflip,0.1,relabel,DT hard_vote,NB,71.56177156177155,64.9736550175551,70.51282051282051,64.25413274270686,1.0489510489510394,0.719522274848245
breast-cancer,pairflip,0.1,relabel,DT threshold,DT,61.421911421911425,54.834153044373124,63.75291375291376,57.90359168541252,-2.3310023310023382,-3.0694386410393975
breast-cancer,pairflip,0.1,relabel,DT threshold,LR,66.0839160839161,55.90673341019056,65.61771561771563,54.29780067630535,0.46620046620046196,1.6089327338852115
breast-cancer,pairflip,0.1,relabel,DT threshold,NB,70.51282051282051,63.9764439262424,70.51282051282051,64.25413274270686,0.0,-0.27768881646445465
breast-cancer,pairflip,0.1,relabel,NB hard_vote,DT,70.3962703962704,63.712517246703555,63.75291375291376,57.90359168541252,6.643356643356633,5.8089255612910335
breast-cancer,pairflip,0.1,relabel,NB hard_vote,LR,71.67832167832168,64.90357752279652,65.61771561771563,54.29780067630535,6.060606060606048,10.605776846491175
breast-cancer,pairflip,0.1,relabel,NB hard_vote,NB,70.97902097902097,64.4795012177724,70.51282051282051,64.25413274270686,0.46620046620046196,0.2253684750655367
breast-cancer,pairflip,0.1,relabel,NB threshold,DT,68.53146853146853,62.97778786801657,63.75291375291376,57.90359168541252,4.778554778554771,5.074196182604048
breast-cancer,pairflip,0.1,relabel,NB threshold,LR,69.34731934731934,63.756575952534796,65.61771561771563,54.29780067630535,3.72960372960371,9.458775276229446
breast-cancer,pairflip,0.1,relabel,NB threshold,NB,70.27972027972028,64.92863267519608,70.51282051282051,64.25413274270686,-0.23310023310023098,0.6744999324892262
breast-cancer,pairflip,0.1,relabel,committee consensus,DT,68.88111888111888,61.90744695004643,63.75291375291376,57.90359168541252,5.128205128205117,4.003855264633906
breast-cancer,pairflip,0.1,relabel,committee consensus,LR,70.62937062937063,62.3887542910602,65.61771561771563,54.29780067630535,5.0116550116549945,8.090953614754852
breast-cancer,pairflip,0.1,relabel,committee consensus,NB,71.67832167832168,64.53816730936956,70.51282051282051,64.25413274270686,1.1655011655011691,0.28403456666269733
breast-cancer,pairflip,0.1,relabel,dual agreement,DT,66.43356643356644,60.10952174275366,63.75291375291376,57.90359168541252,2.6806526806526776,2.205930057341135
breast-cancer,pairflip,0.1,relabel,dual agreement,LR,70.27972027972028,63.174461081239194,65.61771561771563,54.29780067630535,4.662004662004648,8.876660404933844
breast-cancer,pairflip,0.1,relabel,dual agreement,NB,71.32867132867132,65.0267938952379,70.51282051282051,64.25413274270686,0.8158508158508084,0.7726611525310432
breast-cancer,pairflip,0.1,relabel,none,DT,63.75291375291376,57.90359168541252,63.75291375291376,57.90359168541252,0.0,0.0
breast-cancer,pairflip,0.1,relabel,none,LR,65.61771561771563,54.29780067630535,65.61771561771563,54.29780067630535,0.0,0.0
breast-cancer,pairflip,0.1,relabel,none,NB,70.51282051282051,64.25413274270686,70.51282051282051,64.25413274270686,0.0,0.0
breast-cancer,pairflip,0.1,relabel,reference labels,DT,64.91841491841491,57.76743910450271,63.75291375291376,57.90359168541252,1.1655011655011478,-0.1361525809098154
breast-cancer,pairflip,0.1,relabel,reference labels,LR,67.36596736596736,55.5825454954721,65.61771561771563,54.29780067630535,1.7482517482517324,1.2847448191667468
breast-cancer,pairflip,0.1,relabel,reference labels,NB,70.86247086247086,64.20799605599542,70.51282051282051,64.25413274270686,0.34965034965034647,-0.046136686711435004
breast-cancer,pairflip,0.2,relabel,DT hard_vote,DT,58.624708624708624,53.073299641194886,60.48951048951049,55.4987712938159,-1.864801864801862,-2.425471652621013
breast-cancer,pairflip,0.2,relabel,DT hard_vote,LR,62.23776223776224,53.469833425054446,65.15151515151516,54.880149179770505,-2.9137529137529157,-1.4103157547160592
breast-cancer,pairflip,0.2,relabel,DT hard_vote,NB,67.13286713286713,61.26365019104579,70.97902097902097,65.22048357379946,-3.8461538461538396,-3.956833382753665
breast-cancer,pairflip,0.2,relabel,DT threshold,DT,58.85780885780886,53.89212095094448,60.48951048951049,55.4987712938159,-1.631701631701624,-1.6066503428714185
breast-cancer,pairflip,0.2,relabel,DT threshold,LR,61.53846153846154,53.423924363344916,65.15151515151516,54.880149179770505,-3.6130536130536157,-1.456224816425589
breast-cancer,pairflip,0.2,relabel,DT threshold,NB,67.01631701631702,61.41452942523472,70.97902097902097,65.22048357379946,-3.962703962703955,-3.8059541485647372
breast-cancer,pairflip,0.2,relabel,NB hard_vote,DT,68.997668997669,62.42792650990483,60.48951048951049,55.4987712938159,8.508158508158509,6.92915521608893
breast-cancer,pairflip,0.2,relabel,NB hard_vote,LR,69.46386946386947,62.46404012257849,65.15151515151516,54.880149179770505,4.312354312354316,7.583890942807983
breast-cancer,pairflip,0.2,relabel,NB hard_vote,NB,70.51282051282051,64.25671186308479,70.97902097902097,65.22048357379946,-0.46620046620046196,-0.963771710714667
breast-cancer,pairflip,0.2,relabel,NB threshold,DT,66.66666666666667,61.437891481893274,60.48951048951049,55.4987712938159,6.177156177156185,5.939120188077375
breast-cancer,pairflip,0.2,relabel,NB threshold,LR,68.64801864801865,63.61117315056504,65.15151515151516,54.880149179770505,3.496503496503493,8.731023970794531
breast-cancer,pairflip,0.2,relabel,NB threshold,NB,69.81351981351982,64.45491812051034,70.97902097902097,65.22048357379946,-1.165501165501155,-0.7655654532891134
breast-cancer,pairflip,0.2,relabel,committee consensus,DT,66.0839160839161,59.63073133689778,60.48951048951049,55.4987712938159,5.5944055944056075,4.131960043081882
breast-cancer,pairflip,0.2,relabel,committee consensus,LR,67.83216783216783,59.77072161669244,65.15151515151516,54.880149179770505,2.6806526806526705,4.890572436921936
breast-cancer,pairflip,0.2,relabel,committee consensus,NB,70.86247086247086,64.46220018800976,70.97902097902097,65.22048357379946,-0.11655011655011549,-0.7582833857896958
breast-cancer,pairflip,0.2,relabel,dual agreement,DT,63.869463869463864,57.82018718180341,60.48951048951049,55.4987712938159,3.3799533799533776,2.321415887987513
breast-cancer,pairflip,0.2,relabel,dual agreement,LR,66.66666666666667,59.885908635908635,65.15151515151516,54.880149179770505,1.5151515151515156,5.005759456138129
breast-cancer,pairflip,0.2,relabel,dual agreement,NB,69.6969696969697,63.80963699832042,70.97902097902097,65.22048357379946,-1.2820512820512704,-1.4108465754790345
breast-cancer,pairflip,0.2,relabel,none,DT,60.48951048951049,55.4987712938159,60.48951048951049,55.4987712938159,0.0,0.0
breast-cancer,pairflip,0.2,relabel,none,LR,65.15151515151516,54.880149179770505,65.15151515151516,54.880149179770505,0.0,0.0
breast-cancer,pairflip,0.2,relabel,none,NB,70.97902097902097,65.22048357379946,70.97902097902097,65.22048357379946,0.0,0.0
breast-cancer,pairflip,0.2,relabel,reference labels,DT,64.91841491841491,57.76743910450271,60.48951048951049,55.4987712938159,4.428904428904424,2.2686678106868072
breast-cancer,pairflip,0.2,relabel,reference labels,LR,67.36596736596736,55.5825454954721,65.15151515151516,54.880149179770505,2.2144522144522085,0.7023963157015913
breast-cancer,pairflip,0.2,relabel,reference labels,NB,70.86247086247086,64.20799605599542,70.97902097902097,65.22048357379946,-0.11655011655011549,-1.0124875178040327
breast-cancer,pairflip,0.4,relabel,DT hard_vote,DT,54.77855477855477,50.742768491666205,53.613053613053616,50.700353372539944,1.165501165501155,0.04241511912626095
breast-cancer,pairflip,0.4,relabel,DT hard_vote,LR,55.5944055944056,51.10536754319178,58.50815850815851,53.72278555169038,-2.9137529137529086,-2.6174180084985963
breast-cancer,pairflip,0.4,relabel,DT hard_vote,NB,60.37296037296037,55.50949647431356,60.37296037296037,55.796314479163414,0.0,-0.28681800484985587
breast-cancer,pairflip,0.4,relabel,DT threshold,DT,52.214452214452216,48.951137689743625,53.613053613053616,50.700353372539944,-1.3986013986014,-1.7492156827963186
breast-cancer,pairflip,0.4,relabel,DT threshold,LR,55.24475524475525,51.074286484668505,58.50815850815851,53.72278555169038,-3.263403263403262,-2.6484990670218735
breast-cancer,pairflip,0.4,relabel,DT threshold,NB,57.92540792540793,53.63505261263746,60.37296037296037,55.796314479163414,-2.4475524475524395,-2.1612618665259546
breast-cancer,pairflip,0.4,relabel,NB hard_vote,DT,59.44055944055944,54.821584175765715,53.613053613053616,50.700353372539944,5.827505827505824,4.121230803225771
breast-cancer,pairflip,0.4,relabel,NB hard_vote,LR,61.77156177156178,57.159744516631264,58.50815850815851,53.72278555169038,3.2634032634032692,3.436958964940885
breast-cancer,pairflip,0.4,relabel,NB hard_vote,NB,64.8018648018648,60.480305079671304,60.37296037296037,55.796314479163414,4.428904428904424,4.68399060050789
breast-cancer,pairflip,0.4,relabel,NB threshold,DT,58.74125874125874,55.03072146974667,53.613053613053616,50.700353372539944,5.128205128205124,4.33036809720673
breast-cancer,pairflip,0.4,relabel,NB threshold,LR,60.95571095571095,57.11438239081942,58.50815850815851,53.72278555169038,2.4475524475524395,3.3915968391290434
breast-cancer,pairflip,0.4,relabel,NB threshold,NB,64.68531468531468,61.20316165681813,60.37296037296037,55.796314479163414,4.312354312354309,5.4068471776547185
breast-cancer,pairflip,0.4,relabel,committee consensus,DT,56.64335664335664,52.96335290937628,53.613053613053616,50.700353372539944,3.030303030303024,2.2629995368363396
breast-cancer,pairflip,0.4,relabel,committee consensus,LR,61.77156177156177,56.97327045019352,58.50815850815851,53.72278555169038,3.263403263403262,3.2504848985031387
breast-cancer,pairflip,0.4,relabel,committee consensus,NB,63.98601398601398,59.920563762913254,60.37296037296037,55.796314479163414,3.6130536130536086,4.12424928374984
breast-cancer,pairflip,0.4,relabel,dual agreement,DT,57.6923076923077,54.67305135728075,53.613053613053616,50.700353372539944,4.079254079254085,3.9726979847408046
breast-cancer,pairflip,0.4,relabel,dual agreement,LR,60.72261072261072,56.691223883731716,58.50815850815851,53.72278555169038,2.2144522144522085,2.9684383320413374
breast-cancer,pairflip,0.4,relabel,dual agreement,NB,63.28671328671329,59.66302003638949,60.37296037296037,55.796314479163414,2.9137529137529157,3.8667055572260765
breast-cancer,pairflip,0.4,relabel,none,DT,53.613053613053616,50.700353372539944,53.613053613053616,50.700353372539944,0.0,0.0
breast-cancer,pairflip,0.4,relabel,none,LR,58.50815850815851,53.72278555169038,58.50815850815851,53.72278555169038,0.0,0.0
breast-cancer,pairflip,0.4,relabel,none,NB,60.37296037296037,55.796314479163414,60.37296037296037,55.796314479163414,0.0,0.0
breast-cancer,pairflip,0.4,relabel,reference labels,DT,64.91841491841491,57.76743910450271,53.613053613053616,50.700353372539944,11.305361305361295,7.067085731962763
breast-cancer,pairflip,0.4,relabel,reference labels,LR,67.36596736596736,55.5825454954721,58.50815850815851,53.72278555169038,8.857808857808855,1.859759943781718
breast-cancer,pairflip,0.4,relabel,reference labels,NB,70.86247086247086,64.20799605599542,60.37296037296037,55.796314479163414,10.489510489510486,8.41168157683201
breast-cancer,symmetric,0.0,relabel,DT hard_vote,DT,63.05361305361305,55.79094697187964,64.91841491841491,57.76743910450271,-1.864801864801862,-1.976492132623065
breast-cancer,symmetric,0.0,relabel,DT hard_vote,LR,66.31701631701632,55.09007276843224,67.36596736596736,55.5825454954721,-1.0489510489510394,-0.49247272703985345
breast-cancer,symmetric,0.0,relabel,DT hard_vote,NB,70.51282051282051,63.41168488947424,70.86247086247086,64.20799605599542,-0.34965034965034647,-0.7963111665211855
breast-cancer,symmetric,0.0,relabel,DT threshold,DT,62.00466200466201,55.11994589958582,64.91841491841491,57.76743910450271,-2.9137529137529015,-2.6474932049168842
breast-cancer,symmetric,0.0,relabel,DT threshold,LR,65.61771561771562,54.85185785499814,67.36596736596736,55.5825454954721,-1.7482517482517466,-0.7306876404739597
breast-cancer,symmetric,0.0,relabel,DT threshold,NB,69.93006993006993,63.03748518055689,70.86247086247086,64.20799605599542,-0.9324009324009239,-1.1705108754385307
breast-cancer,symmetric,0.0,relabel,NB hard_vote,DT,71.2121212121212,64.04900559458535,64.91841491841491,57.76743910450271,6.293706293706293,6.281566490082646
breast-cancer,symmetric,0.0,relabel,NB hard_vote,LR,71.2121212121212,63.757154205891176,67.36596736596736,55.5825454954721,3.8461538461538396,8.17460871041908
breast-cancer,symmetric,0.0,relabel,NB hard_vote,NB,70.86247086247086,64.38107763430575,70.86247086247086,64.20799605599542,0.0,0.173081578310331
breast-cancer,symmetric,0.0,relabel,NB threshold,DT,69.58041958041957,63.77606772924796,64.91841491841491,57.76743910450271,4.662004662004662,6.008628624745256
breast-cancer,symmetric,0.0,relabel,NB threshold,LR,69.81351981351982,63.654720089376475,67.36596736596736,55.5825454954721,2.4475524475524537,8.072174593904379
breast-cancer,symmetric,0.0,relabel,NB threshold,NB,69.93006993006993,64.17040922824448,70.86247086247086,64.20799605599542,-0.9324009324009239,-0.037586827750942575
breast-cancer,symmetric,0.0,relabel,committee consensus,DT,68.41491841491842,58.99836790675523,64.91841491841491,57.76743910450271,3.4965034965035073,1.2309288022525209
breast-cancer,symmetric,0.0,relabel,committee consensus,LR,70.74592074592074,61.695178689682415,67.36596736596736,55.5825454954721,3.3799533799533776,6.112633194210318
breast-cancer,symmetric,0.0,relabel,committee consensus,NB,71.91142191142191,64.64484932745934,70.86247086247086,64.20799605599542,1.0489510489510536,0.4368532714639173
breast-cancer,symmetric,0.0,relabel,dual agreement,DT,68.64801864801865,60.676894824155944,64.91841491841491,57.76743910450271,3.7296037296037383,2.909455719653238
breast-cancer,symmetric,0.0,relabel,dual agreement,LR,70.74592074592074,62.7559904074703,67.36596736596736,55.5825454954721,3.3799533799533776,7.173444911998203
breast-cancer,symmetric,0.0,relabel,dual agreement,NB,71.2121212121212,64.23307676327896,70.86247086247086,64.20799605599542,0.34965034965034647,0.02508070728353573
breast-cancer,symmetric,0.0,relabel,none,DT,64.91841491841491,57.76743910450271,64.91841491841491,57.76743910450271,0.0,0.0
breast-cancer,symmetric,0.0,relabel,none,LR,67.36596736596736,55.5825454954721,67.36596736596736,55.5825454954721,0.0,0.0
breast-cancer,symmetric,0.0,relabel,none,NB,70.86247086247086,64.20799605599542,70.86247086247086,64.20799605599542,0.0,0.0
breast-cancer,symmetric,0.0,relabel,reference labels,DT,64.91841491841491,57.76743910450271,64.91841491841491,57.76743910450271,0.0,0.0
breast-cancer,symmetric,0.0,relabel,reference labels,LR,67.36596736596736,55.5825454954721,67.36596736596736,55.5825454954721,0.0,0.0
breast-cancer,symmetric,0.0,relabel,reference labels,NB,70.86247086247086,64.20799605599542,70.86247086247086,64.20799605599542,0.0,0.0
breast-cancer,symmetric,0.1,relabel,DT hard_vote,DT,59.79020979020979,53.37977543249042,63.75291375291376,57.90359168541252,-3.9627039627039693,-4.523816252922103
breast-cancer,symmetric,0.1,relabel,DT hard_vote,LR,66.43356643356644,55.57952027347833,65.61771561771563,54.29780067630535,0.8158508158508084,1.2817195971729802
breast-cancer,symmetric,0.1,relabel,DT hard_vote,NB,71.56177156177155,64.9736550175551,70.51282051282051,64.25413274270686,1.0489510489510394,0.719522274848245
breast-cancer,symmetric,0.1,relabel,DT threshold,DT,61.421911421911425,54.834153044373124,63.75291375291376,57.90359168541252,-2.3310023310023382,-3.0694386410393975
breast-cancer,symmetric,0.1,relabel,DT threshold,LR,66.0839160839161,55.90673341019056,65.61771561771563,54.29780067630535,0.46620046620046196,1.6089327338852115
breast-cancer,symmetric,0.1,relabel,DT threshold,NB,70.51282051282051,63.9764439262424,70.51282051282051,64.25413274270686,0.0,-0.27768881646445465
breast-cancer,symmetric,0.1,relabel,NB hard_vote,DT,70.3962703962704,63.712517246703555,63.75291375291376,57.90359168541252,6.643356643356633,5.8089255612910335
breast-cancer,symmetric,0.1,relabel,NB hard_vote,LR,71.67832167832168,64.90357752279652,65.61771561771563,54.29780067630535,6.060606060606048,10.605776846491175
breast-cancer,symmetric,0.1,relabel,NB hard_vote,NB,70.97902097902097,64.4795012177724,70.51282051282051,64.25413274270686,0.46620046620046196,0.2253684750655367
breast-cancer,symmetric,0.1,relabel,NB threshold,DT,68.53146853146853,62.97778786801657,63.75291375291376,57.90359168541252,4.778554778554771,5.074196182604048
breast-cancer,symmetric,0.1,relabel,NB threshold,LR,69.34731934731934,63.756575952534796,65.61771561771563,54.29780067630535,3.72960372960371,9.458775276229446
breast-cancer,symmetric,0.1,relabel,NB threshold,NB,70.27972027972028,64.92863267519608,70.51282051282051,64.25413274270686,-0.23310023310023098,0.6744999324892262
breast-cancer,symmetric,0.1,relabel,committee consensus,DT,68.88111888111888,61.90744695004643,63.75291375291376,57.90359168541252,5.128205128205117,4.003855264633906
breast-cancer,symmetric,0.1,relabel,committee consensus,LR,70.62937062937063,62.3887542910602,65.61771561771563,54.29780067630535,5.0116550116549945,8.090953614754852
breast-cancer,symmetric,0.1,relabel,committee consensus,NB,71.67832167832168,64.53816730936956,70.51282051282051,64.25413274270686,1.1655011655011691,0.28403456666269733
breast-cancer,symmetric,0.1,relabel,dual agreement,DT,66.43356643356644,60.10952174275366,63.75291375291376,57.90359168541252,2.6806526806526776,2.205930057341135
breast-cancer,symmetric,0.1,relabel,dual agreement,LR,70.27972027972028,63.174461081239194,65.61771561771563,54.29780067630535,4.662004662004648,8.876660404933844
breast-cancer,symmetric,0.1,relabel,dual agreement,NB,71.32867132867132,65.0267938952379,70.51282051282051,64.25413274270686,0.8158508158508084,0.7726611525310432
breast-cancer,symmetric,0.1,relabel,none,DT,63.75291375291376,57.90359168541252,63.75291375291376,57.90359168541252,0.0,0.0
breast-cancer,symmetric,0.1,relabel,none,LR,65.61771561771563,54.29780067630535,65.61771561771563,54.29780067630535,0.0,0.0
breast-cancer,symmetric,0.1,relabel,none,NB,70.51282051282051,64.25413274270686,70.51282051282051,64.25413274270686,0.0,0.0
breast-cancer,symmetric,0.1,relabel,reference labels,DT,64.91841491841491,57.76743910450271,63.75291375291376,57.90359168541252,1.1655011655011478,-0.1361525809098154
breast-cancer,symmetric,0.1,relabel,reference labels,LR,67.36596736596736,55.5825454954721,65.61771561771563,54.29780067630535,1.7482517482517324,1.2847448191667468
breast-cancer,symmetric,0.1,relabel,reference labels,NB,70.86247086247086,64.20799605599542,70.51282051282051,64.25413274270686,0.34965034965034647,-0.046136686711435004
breast-cancer,symmetric,0.2,relabel,DT hard_vote,DT,58.624708624708624,53.073299641194886,60.48951048951049,55.4987712938159,-1.864801864801862,-2.425471652621013
breast-cancer,symmetric,0.2,relabel,DT hard_vote,LR,62.23776223776224,53.469833425054446,65.15151515151516,54.880149179770505,-2.9137529137529157,-1.4103157547160592
breast-cancer,symmetric,0.2,relabel,DT hard_vote,NB,67.13286713286713,61.26365019104579,70.97902097902097,65.22048357379946,-3.8461538461538396,-3.956833382753665
breast-cancer,symmetric,0.2,relabel,DT threshold,DT,58.85780885780886,53.89212095094448,60.48951048951049,55.4987712938159,-1.631701631701624,-1.6066503428714185
breast-cancer,symmetric,0.2,relabel,DT threshold,LR,61.53846153846154,53.423924363344916,65.15151515151516,54.880149179770505,-3.6130536130536157,-1.456224816425589
breast-cancer,symmetric,0.2,relabel,DT threshold,NB,67.01631701631702,61.41452942523472,70.97902097902097,65.22048357379946,-3.962703962703955,-3.8059541485647372
breast-cancer,symmetric,0.2,relabel,NB hard_vote,DT,68.997668997669,62.42792650990483,60.48951048951049,55.4987712938159,8.508158508158509,6.92915521608893
breast-cancer,symmetric,0.2,relabel,NB hard_vote,LR,69.46386946386947,62.46404012257849,65.15151515151516,54.880149179770505,4.312354312354316,7.583890942807983
breast-cancer,symmetric,0.2,relabel,NB hard_vote,NB,70.51282051282051,64.25671186308479,70.97902097902097,65.22048357379946,-0.46620046620046196,-0.963771710714667
breast-cancer,symmetric,0.2,relabel,NB threshold,DT,66.66666666666667,61.437891481893274,60.48951048951049,55.4987712938159,6.177156177156185,5.939120188077375
breast-cancer,symmetric,0.2,relabel,NB threshold,LR,68.64801864801865,63.61117315056504,65.15151515151516,54.880149179770505,3.496503496503493,8.731023970794531
breast-cancer,symmetric,0.2,relabel,NB threshold,NB,69.81351981351982,64.45491812051034,70.97902097902097,65.22048357379946,-1.165501165501155,-0.7655654532891134
breast-cancer,symmetric,0.2,relabel,committee consensus,DT,66.0839160839161,59.63073133689778,60.48951048951049,55.4987712938159,5.5944055944056075,4.131960043081882
breast-cancer,symmetric,0.2,relabel,committee consensus,LR,67.83216783216783,59.77072161669244,65.15151515151516,54.880149179770505,2.6806526806526705,4.890572436921936
breast-cancer,symmetric,0.2,relabel,committee consensus,NB,70.86247086247086,64.46220018800976,70.97902097902097,65.22048357379946,-0.11655011655011549,-0.7582833857896958
breast-cancer,symmetric,0.2,relabel,dual agreement,DT,63.869463869463864,57.82018718180341,60.48951048951049,55.4987712938159,3.3799533799533776,2.321415887987513
breast-cancer,symmetric,0.2,relabel,dual agreement,LR,66.66666666666667,59.885908635908635,65.15151515151516,54.880149179770505,1.5151515151515156,5.005759456138129
breast-cancer,symmetric,0.2,relabel,dual agreement,NB,69.6969696969697,63.80963699832042,70.97902097902097,65.22048357379946,-1.2820512820512704,-1.4108465754790345
breast-cancer,symmetric,0.2,relabel,none,DT,60.48951048951049,55.4987712938159,60.48951048951049,55.4987712938159,0.0,0.0
breast-cancer,symmetric,0.2,relabel,none,LR,65.15151515151516,54.880149179770505,65.15151515151516,54.880149179770505,0.0,0.0
breast-cancer,symmetric,0.2,relabel,none,NB,70.97902097902097,65.22048357379946,70.97902097902097,65.22048357379946,0.0,0.0
breast-cancer,symmetric,0.2,relabel,reference labels,DT,64.91841491841491,57.76743910450271,60.48951048951049,55.4987712938159,4.428904428904424,2.2686678106868072
breast-cancer,symmetric,0.2,relabel,reference labels,LR,67.36596736596736,55.5825454954721,65.15151515151516,54.880149179770505,2.2144522144522085,0.7023963157015913
breast-cancer,symmetric,0.2,relabel,reference labels,NB,70.86247086247086,64.20799605599542,70.97902097902097,65.22048357379946,-0.11655011655011549,-1.0124875178040327
breast-cancer,symmetric,0.4,relabel,DT hard_vote,DT,54.77855477855477,50.742768491666205,53.613053613053616,50.700353372539944,1.165501165501155,0.04241511912626095
breast-cancer,symmetric,0.4,relabel,DT hard_vote,LR,55.5944055944056,51.10536754319178,58.50815850815851,53.72278555169038,-2.9137529137529086,-2.6174180084985963
breast-cancer,symmetric,0.4,relabel,DT hard_vote,NB,60.37296037296037,55.50949647431356,60.37296037296037,55.796314479163414,0.0,-0.28681800484985587
breast-cancer,symmetric,0.4,relabel,DT threshold,DT,52.214452214452216,48.951137689743625,53.613053613053616,50.700353372539944,-1.3986013986014,-1.7492156827963186
breast-cancer,symmetric,0.4,relabel,DT threshold,LR,55.24475524475525,51.074286484668505,58.50815850815851,53.72278555169038,-3.263403263403262,-2.6484990670218735
breast-cancer,symmetric,0.4,relabel,DT threshold,NB,57.92540792540793,53.63505261263746,60.37296037296037,55.796314479163414,-2.4475524475524395,-2.1612618665259546
breast-cancer,symmetric,0.4,relabel,NB hard_vote,DT,59.44055944055944,54.821584175765715,53.613053613053616,50.700353372539944,5.827505827505824,4.121230803225771
breast-cancer,symmetric,0.4,relabel,NB hard_vote,LR,61.77156177156178,57.159744516631264,58.50815850815851,53.72278555169038,3.2634032634032692,3.436958964940885
breast-cancer,symmetric,0.4,relabel,NB hard_vote,NB,64.8018648018648,60.480305079671304,60.37296037296037,55.796314479163414,4.428904428904424,4.68399060050789
breast-cancer,symmetric,0.4,relabel,NB threshold,DT,58.74125874125874,55.03072146974667,53.613053613053616,50.700353372539944,5.128205128205124,4.33036809720673
breast-cancer,symmetric,0.4,relabel,NB threshold,LR,60.95571095571095,57.11438239081942,58.50815850815851,53.72278555169038,2.4475524475524395,3.3915968391290434
breast-cancer,symmetric,0.4,relabel,NB threshold,NB,64.68531468531468,61.20316165681813,60.37296037296037,55.796314479163414,4.312354312354309,5.4068471776547185
breast-cancer,symmetric,0.4,relabel,committee consensus,DT,56.64335664335664,52.96335290937628,53.613053613053616,50.700353372539944,3.030303030303024,2.2629995368363396
breast-cancer,symmetric,0.4,relabel,committee consensus,LR,61.77156177156177,56.97327045019352,58.50815850815851,53.72278555169038,3.263403263403262,3.2504848985031387
breast-cancer,symmetric,0.4,relabel,committee consensus,NB,63.98601398601398,59.920563762913254,60.37296037296037,55.796314479163414,3.6130536130536086,4.12424928374984
breast-cancer,symmetric,0.4,relabel,dual agreement,DT,57.6923076923077,54.67305135728075,53.613053613053616,50.700353372539944,4.079254079254085,3.9726979847408046
breast-cancer,symmetric,0.4,relabel,dual agreement,LR,60.72261072261072,56.691223883731716,58.50815850815851,53.72278555169038,2.2144522144522085,2.9684383320413374
breast-cancer,symmetric,0.4,relabel,dual agreement,NB,63.28671328671329,59.66302003638949,60.37296037296037,55.796314479163414,2.9137529137529157,3.8667055572260765
breast-cancer,symmetric,0.4,relabel,none,DT,53.613053613053616,50.700353372539944,53.613053613053616,50.700353372539944,0.0,0.0
breast-cancer,symmetric,0.4,relabel,none,LR,58.50815850815851,53.72278555169038,58.50815850815851,53.72278555169038,0.0,0.0
breast-cancer,symmetric,0.4,relabel,none,NB,60.37296037296037,55.796314479163414,60.37296037296037,55.796314479163414,0.0,0.0
breast-cancer,symmetric,0.4,relabel,reference labels,DT,64.91841491841491,57.76743910450271,53.613053613053616,50.700353372539944,11.305361305361295,7.067085731962763
breast-cancer,symmetric,0.4,relabel,reference labels,LR,67.36596736596736,55.5825454954721,58.50815850815851,53.72278555169038,8.857808857808855,1.859759943781718
breast-cancer,symmetric,0.4,relabel,reference labels,NB,70.86247086247086,64.20799605599542,60.37296037296037,55.796314479163414,10.489510489510486,8.41168157683201
contact-lenses,pairflip,0.0,relabel,DT hard_vote,DT,83.33333333333333,81.61883384105606,79.16666666666667,73.99492234169654,4.166666666666657,7.623911499359522
contact-lenses,pairflip,0.0,relabel,DT hard_vote,LR,84.72222222222223,83.45304900860457,75.0,65.4052429052429,9.722222222222229,18.047806103361665
contact-lenses,pairflip,0.0,relabel,DT hard_vote,NB,86.1111111111111,85.28274194940862,86.1111111111111,84.7651114317781,0.0,0.517630517630522
contact-lenses,pairflip,0.0,relabel,DT threshold,DT,83.33333333333333,81.61883384105606,79.16666666666667,73.99492234169654,4.166666666666657,7.623911499359522
contact-lenses,pairflip,0.0,relabel,DT threshold,LR,84.72222222222223,83.45304900860457,75.0,65.4052429052429,9.722222222222229,18.047806103361665
contact-lenses,pairflip,0.0,relabel,DT threshold,NB,86.1111111111111,85.28274194940862,86.1111111111111,84.7651114317781,0.0,0.517630517630522
contact-lenses,pairflip,0.0,relabel,NB hard_vote,DT,84.72222222222221,82.44187910854578,79.16666666666667,73.99492234169654,5.555555555555543,8.44695676684924
contact-lenses,pairflip,0.0,relabel,NB hard_vote,LR,86.1111111111111,84.27609427609428,75.0,65.4052429052429,11.1111111111111,18.870851370851383
contact-lenses,pairflip,0.0,relabel,NB hard_vote,NB,87.5,86.5993265993266,86.1111111111111,84.7651114317781,1.3888888888889,1.834215167548507
contact-lenses,pairflip,0.0,relabel,NB threshold,DT,80.55555555555556,76.14641033995873,79.16666666666667,73.99492234169654,1.3888888888888857,2.1514879982621977
contact-lenses,pairflip,0.0,relabel,NB threshold,LR,79.16666666666667,73.96615126314794,75.0,65.4052429052429,4.166666666666671,8.560908357905035
contact-lenses,pairflip,0.0,relabel,NB threshold,NB,87.5,86.5993265993266,86.1111111111111,84.7651114317781,1.3888888888889,1.834215167548507
contact-lenses,pairflip,0.0,relabel,committee consensus,DT,84.72222222222221,82.9308962642296,79.16666666666667,73.99492234169654,5.555555555555543,8.935973922533066
contact-lenses,pairflip,0.0,relabel,committee consensus,LR,86.1111111111111,84.7651114317781,75.0,65.4052429052429,11.1111111111111,19.359868526535195
contact-lenses,pairflip,0.0,relabel,committee consensus,NB,87.5,86.5993265993266,86.1111111111111,84.7651114317781,1.3888888888889,1.834215167548507
contact-lenses,pairflip,0.0,relabel,dual agreement,DT,80.55555555555556,76.14641033995873,79.16666666666667,73.99492234169654,1.3888888888888857,2.1514879982621977
contact-lenses,pairflip,0.0,relabel,dual agreement,LR,77.77777777777779,72.19345114367361,75.0,65.4052429052429,2.7777777777777857,6.7882082384307125
contact-lenses,pairflip,0.0,relabel,dual agreement,NB,87.5,86.5993265993266,86.1111111111111,84.7651114317781,1.3888888888889,1.834215167548507
contact-lenses,pairflip,0.0,relabel,none,DT,79.16666666666667,73.99492234169654,79.16666666666667,73.99492234169654,0.0,0.0
contact-lenses,pairflip,0.0,relabel,none,LR,75.0,65.4052429052429,75.0,65.4052429052429,0.0,0.0
contact-lenses,pairflip,0.0,relabel,none,NB,86.1111111111111,84.7651114317781,86.1111111111111,84.7651114317781,0.0,0.0
contact-lenses,pairflip,0.0,relabel,reference labels,DT,79.16666666666667,73.99492234169654,79.16666666666667,73.99492234169654,0.0,0.0
contact-lenses,pairflip,0.0,relabel,reference labels,LR,75.0,65.4052429052429,75.0,65.4052429052429,0.0,0.0
contact-lenses,pairflip,0.0,relabel,reference labels,NB,86.1111111111111,84.7651114317781,86.1111111111111,84.7651114317781,0.0,0.0
contact-lenses,pairflip,0.1,relabel,DT hard_vote,DT,68.05555555555556,65.99449932783266,70.83333333333333,64.48703536949736,-2.7777777777777715,1.5074639583352933
contact-lenses,pairflip,0.1,relabel,DT hard_vote,LR,69.44444444444444,69.28544706322485,66.66666666666667,57.2615131427392,2.7777777777777715,12.023933920485653
contact-lenses,pairflip,0.1,relabel,DT hard_vote,NB,75.0,74.37796413641824,77.77777777777779,73.22112965791126,-2.7777777777777857,1.1568344785069797
contact-lenses,pairflip,0.1,relabel,DT threshold,DT,68.05555555555556,65.99449932783266,70.83333333333333,64.48703536949736,-2.7777777777777715,1.5074639583352933
contact-lenses,pairflip,0.1,relabel,DT threshold,LR,69.44444444444444,69.28544706322485,66.66666666666667,57.2615131427392,2.7777777777777715,12.023933920485653
contact-lenses,pairflip,0.1,relabel,DT threshold,NB,75.0,74.37796413641824,77.77777777777779,73.22112965791126,-2.7777777777777857,1.1568344785069797
contact-lenses,pairflip,0.1,relabel,NB hard_vote,DT,73.6111111111111,70.58663558663558,70.83333333333333,64.48703536949736,2.7777777777777715,6.099600217138217
contact-lenses,pairflip,0.1,relabel,NB hard_vote,LR,70.83333333333333,67.61201761201761,66.66666666666667,57.2615131427392,4.166666666666657,10.350504469278413
contact-lenses,pairflip,0.1,relabel,NB hard_vote,NB,77.77777777777779,74.78632478632478,77.77777777777779,73.22112965791126,0.0,1.5651951284135208
contact-lenses,pairflip,0.1,relabel,NB threshold,DT,76.3888888888889,73.32789532023249,70.83333333333333,64.48703536949736,5.555555555555571,8.840859950735123
contact-lenses,pairflip,0.1,relabel,NB threshold,LR,72.22222222222221,69.74249618694063,66.66666666666667,57.2615131427392,5.555555555555543,12.48098304420143
contact-lenses,pairflip,0.1,relabel,NB threshold,NB,83.33333333333333,81.22630455963788,77.77777777777779,73.22112965791126,5.555555555555543,8.005174901726619
contact-lenses,pairflip,0.1,relabel,committee consensus,DT,73.6111111111111,70.7261632932131,70.83333333333333,64.48703536949736,2.7777777777777715,6.239127923715742
contact-lenses,pairflip,0.1,relabel,committee consensus,LR,72.22222222222223,69.5889295889296,66.66666666666667,57.2615131427392,5.555555555555557,12.327416446190405
contact-lenses,pairflip,0.1,relabel,committee consensus,NB,80.55555555555556,78.96802785691675,77.77777777777779,73.22112965791126,2.7777777777777715,5.746898199005486
contact-lenses,pairflip,0.1,relabel,dual agreement,DT,75.0,71.218000106889,70.83333333333333,64.48703536949736,4.166666666666671,6.730964737391631
contact-lenses,pairflip,0.1,relabel,dual agreement,LR,72.22222222222221,68.67891013484883,66.66666666666667,57.2615131427392,5.555555555555543,11.417396992109637
contact-lenses,pairflip,0.1,relabel,dual agreement,NB,81.94444444444444,79.21062476618032,77.77777777777779,73.22112965791126,4.166666666666657,5.989495108269054
contact-lenses,pairflip,0.1,relabel,none,DT,70.83333333333333,64.48703536949736,70.83333333333333,64.48703536949736,0.0,0.0
contact-lenses,pairflip,0.1,relabel,none,LR,66.66666666666667,57.2615131427392,66.66666666666667,57.2615131427392,0.0,0.0
contact-lenses,pairflip,0.1,relabel,none,NB,77.77777777777779,73.22112965791126,77.77777777777779,73.22112965791126,0.0,0.0
contact-lenses,pairflip,0.1,relabel,reference labels,DT,79.16666666666667,73.99492234169654,70.83333333333333,64.48703536949736,8.333333333333343,9.507886972199174
contact-lenses,pairflip,0.1,relabel,reference labels,LR,75.0,65.4052429052429,66.66666666666667,57.2615131427392,8.333333333333329,8.143729762503703
contact-lenses,pairflip,0.1,relabel,reference labels,NB,86.1111111111111,84.7651114317781,77.77777777777779,73.22112965791126,8.333333333333314,11.543981773866832
contact-lenses,pairflip,0.2,relabel,DT hard_vote,DT,56.94444444444445,57.64130260507071,65.27777777777779,61.4497781522871,-8.333333333333336,-3.808475547216389
contact-lenses,pairflip,0.2,relabel,DT hard_vote,LR,54.166666666666664,54.42222738897931,65.27777777777777,61.27611001174219,-11.111111111111107,-6.853882622762882
contact-lenses,pairflip,0.2,relabel,DT hard_vote,NB,59.72222222222223,60.66045066045066,63.888888888888886,59.68991913436357,-4.166666666666657,0.9705315260870861
contact-lenses,pairflip,0.2,relabel,DT threshold,DT,56.94444444444445,57.64130260507071,65.27777777777779,61.4497781522871,-8.333333333333336,-3.808475547216389
contact-lenses,pairflip,0.2,relabel,DT threshold,LR,54.166666666666664,54.42222738897931,65.27777777777777,61.27611001174219,-11.111111111111107,-6.853882622762882
contact-lenses,pairflip,0.2,relabel,DT threshold,NB,59.72222222222223,60.66045066045066,63.888888888888886,59.68991913436357,-4.166666666666657,0.9705315260870861
contact-lenses,pairflip,0.2,relabel,NB hard_vote,DT,65.27777777777777,64.001554001554,65.27777777777779,61.4497781522871,-1.4210854715202004e-14,2.551775849266896
contact-lenses,pairflip,0.2,relabel,NB hard_vote,LR,56.94444444444445,56.37360224316746,65.27777777777777,61.27611001174219,-8.333333333333321,-4.902507768574729
contact-lenses,pairflip,0.2,relabel,NB hard_vote,NB,66.66666666666667,65.1010101010101,63.888888888888886,59.68991913436357,2.7777777777777857,5.411090966646533
contact-lenses,pairflip,0.2,relabel,NB threshold,DT,62.5,60.11266511266512,65.27777777777779,61.4497781522871,-2.7777777777777857,-1.3371130396219826
contact-lenses,pairflip,0.2,relabel,NB threshold,LR,56.94444444444445,55.25126778749967,65.27777777777777,61.27611001174219,-8.333333333333321,-6.024842224242519
contact-lenses,pairflip,0.2,relabel,NB threshold,NB,68.05555555555556,67.24553224553225,63.888888888888886,59.68991913436357,4.166666666666671,7.555613111168675
contact-lenses,pairflip,0.2,relabel,committee consensus,DT,59.72222222222222,59.848645181978505,65.27777777777779,61.4497781522871,-5.555555555555564,-1.6011329703085977
contact-lenses,pairflip,0.2,relabel,committee consensus,LR,61.11111111111111,59.42483442483442,65.27777777777777,61.27611001174219,-4.166666666666664,-1.851275586907768
contact-lenses,pairflip,0.2,relabel,committee consensus,NB,65.27777777777777,63.65687452643974,63.888888888888886,59.68991913436357,1.3888888888888857,3.966955392076173
contact-lenses,pairflip,0.2,relabel,dual agreement,DT,62.5,60.70022158911047,65.27777777777779,61.4497781522871,-2.7777777777777857,-0.7495565631766326
contact-lenses,pairflip,0.2,relabel,dual agreement,LR,63.88888888888889,62.276279276279276,65.27777777777777,61.27611001174219,-1.3888888888888786,1.0001692645370852
contact-lenses,pairflip,0.2,relabel,dual agreement,NB,66.66666666666667,66.1077939773592,63.888888888888886,59.68991913436357,2.7777777777777857,6.417874842995623
contact-lenses,pairflip,0.2,relabel,none,DT,65.27777777777779,61.4497781522871,65.27777777777779,61.4497781522871,0.0,0.0
contact-lenses,pairflip,0.2,relabel,none,LR,65.27777777777777,61.27611001174219,65.27777777777777,61.27611001174219,0.0,0.0
contact-lenses,pairflip,0.2,relabel,none,NB,63.888888888888886,59.68991913436357,63.888888888888886,59.68991913436357,0.0,0.0
contact-lenses,pairflip,0.2,relabel,reference labels,DT,79.16666666666667,73.99492234169654,65.27777777777779,61.4497781522871,13.888888888888886,12.545144189409434
contact-lenses,pairflip,0.2,relabel,reference labels,LR,75.0,65.4052429052429,65.27777777777777,61.27611001174219,9.722222222222229,4.12913289350071
contact-lenses,pairflip,0.2,relabel,reference labels,NB,86.1111111111111,84.7651114317781,63.888888888888886,59.68991913436357,22.222222222222214,25.075192297414524
contact-lenses,pairflip,0.4,relabel,DT hard_vote,DT,51.388888888888886,46.42653642653642,52.77777777777778,48.70579229199919,-1.3888888888888928,-2.2792558654627655
contact-lenses,pairflip,0.4,relabel,DT hard_vote,LR,50.0,47.82634032634032,52.77777777777777,50.155226416095985,-2.7777777777777715,-2.328886089755663
contact-lenses,pairflip,0.4,relabel,DT hard_vote,NB,48.611111111111114,45.76478713733616,55.555555555555564,52.62022598979121,-6.94444444444445,-6.855438852455052
contact-lenses,pairflip,0.4,relabel,DT threshold,DT,51.388888888888886,46.42653642653642,52.77777777777778,48.70579229199919,-1.3888888888888928,-2.2792558654627655
contact-lenses,pairflip,0.4,relabel,DT threshold,LR,50.0,47.82634032634032,52.77777777777777,50.155226416095985,-2.7777777777777715,-2.328886089755663
contact-lenses,pairflip,0.4,relabel,DT threshold,NB,48.611111111111114,45.76478713733616,55.555555555555564,52.62022598979121,-6.94444444444445,-6.855438852455052
contact-lenses,pairflip,0.4,relabel,NB hard_vote,DT,65.27777777777779,63.166363427232994,52.77777777777778,48.70579229199919,12.500000000000007,14.460571135233806
contact-lenses,pairflip,0.4,relabel,NB hard_vote,LR,50.0,48.22871260069328,52.77777777777777,50.155226416095985,-2.7777777777777715,-1.926513815402707
contact-lenses,pairflip,0.4,relabel,NB hard_vote,NB,52.77777777777778,48.98085630844252,55.555555555555564,52.62022598979121,-2.7777777777777857,-3.6393696813486898
contact-lenses,pairflip,0.4,relabel,NB threshold,DT,62.5,60.71770097857054,52.77777777777778,48.70579229199919,9.722222222222221,12.011908686571353
contact-lenses,pairflip,0.4,relabel,NB threshold,LR,47.22222222222223,45.781622653603335,52.77777777777777,50.155226416095985,-5.555555555555543,-4.37360376249265
contact-lenses,pairflip,0.4,relabel,NB threshold,NB,54.166666666666664,51.69690569115857,55.555555555555564,52.62022598979121,-1.3888888888889,-0.923320298632639
contact-lenses,pairflip,0.4,relabel,committee consensus,DT,63.888888888888886,61.212350362108815,52.77777777777778,48.70579229199919,11.111111111111107,12.506558070109627
contact-lenses,pairflip,0.4,relabel,committee consensus,LR,47.22222222222222,44.06487956487956,52.77777777777777,50.155226416095985,-5.55555555555555,-6.090346851216424
contact-lenses,pairflip,0.4,relabel,committee consensus,NB,51.388888888888886,48.82071595797086,55.555555555555564,52.62022598979121,-4.1666666666666785,-3.799510031820347
contact-lenses,pairflip,0.4,relabel,dual agreement,DT,61.11111111111111,58.2791765400461,52.77777777777778,48.70579229199919,8.333333333333329,9.573384248046914
contact-lenses,pairflip,0.4,relabel,dual agreement,LR,45.833333333333336,42.360602360602364,52.77777777777777,50.155226416095985,-6.944444444444436,-7.794624055493621
contact-lenses,pairflip,0.4,relabel,dual agreement,NB,45.833333333333336,44.602637739892636,55.555555555555564,52.62022598979121,-9.722222222222229,-8.017588249898573
contact-lenses,pairflip,0.4,relabel,none,DT,52.77777777777778,48.70579229199919,52.77777777777778,48.70579229199919,0.0,0.0
contact-lenses,pairflip,0.4,relabel,none,LR,52.77777777777777,50.155226416095985,52.77777777777777,50.155226416095985,0.0,0.0
contact-lenses,pairflip,0.4,relabel,none,NB,55.555555555555564,52.62022598979121,55.555555555555564,52.62022598979121,0.0,0.0
contact-lenses,pairflip,0.4,relabel,reference labels,DT,79.16666666666667,73.99492234169654,52.77777777777778,48.70579229199919,26.388888888888893,25.28913004969735
contact-lenses,pairflip,0.4,relabel,reference labels,LR,75.0,65.4052429052429,52.77777777777777,50.155226416095985,22.22222222222223,15.250016489146915
contact-lenses,pairflip,0.4,relabel,reference labels,NB,86.1111111111111,84.7651114317781,55.555555555555564,52.62022598979121,30.555555555555536,32.14488544198689
contact-lenses,symmetric,0.0,relabel,DT hard_vote,DT,83.33333333333333,81.61883384105606,79.16666666666667,73.99492234169654,4.166666666666657,7.623911499359522
contact-lenses,symmetric,0.0,relabel,DT hard_vote,LR,84.72222222222223,83.45304900860457,75.0,65.4052429052429,9.722222222222229,18.047806103361665
contact-lenses,symmetric,0.0,relabel,DT hard_vote,NB,86.1111111111111,85.28274194940862,86.1111111111111,84.7651114317781,0.0,0.517630517630522
contact-lenses,symmetric,0.0,relabel,DT threshold,DT,83.33333333333333,81.61883384105606,79.16666666666667,73.99492234169654,4.166666666666657,7.623911499359522
contact-lenses,symmetric,0.0,relabel,DT threshold,LR,84.72222222222223,83.45304900860457,75.0,65.4052429052429,9.722222222222229,18.047806103361665
contact-lenses,symmetric,0.0,relabel,DT threshold,NB,86.1111111111111,85.28274194940862,86.1111111111111,84.7651114317781,0.0,0.517630517630522
contact-lenses,symmetric,0.0,relabel,NB hard_vote,DT,84.72222222222221,82.44187910854578,79.16666666666667,73.99492234169654,5.555555555555543,8.44695676684924
contact-lenses,symmetric,0.0,relabel,NB hard_vote,LR,86.1111111111111,84.27609427609428,75.0,65.4052429052429,11.1111111111111,18.870851370851383
contact-lenses,symmetric,0.0,relabel,NB hard_vote,NB,87.5,86.5993265993266,86.1111111111111,84.7651114317781,1.3888888888889,1.834215167548507
contact-lenses,symmetric,0.0,relabel,NB threshold,DT,80.55555555555556,76.14641033995873,79.16666666666667,73.99492234169654,1.3888888888888857,2.1514879982621977
contact-lenses,symmetric,0.0,relabel,NB threshold,LR,79.16666666666667,73.96615126314794,75.0,65.4052429052429,4.166666666666671,8.560908357905035
contact-lenses,symmetric,0.0,relabel,NB threshold,NB,87.5,86.5993265993266,86.1111111111111,84.7651114317781,1.3888888888889,1.834215167548507
contact-lenses,symmetric,0.0,relabel,committee consensus,DT,84.72222222222221,82.9308962642296,79.16666666666667,73.99492234169654,5.555555555555543,8.935973922533066
contact-lenses,symmetric,0.0,relabel,committee consensus,LR,86.1111111111111,84.7651114317781,75.0,65.4052429052429,11.1111111111111,19.359868526535195
contact-lenses,symmetric,0.0,relabel,committee consensus,NB,87.5,86.5993265993266,86.1111111111111,84.7651114317781,1.3888888888889,1.834215167548507
contact-lenses,symmetric,0.0,relabel,dual agreement,DT,80.55555555555556,76.14641033995873,79.16666666666667,73.99492234169654,1.3888888888888857,2.1514879982621977
contact-lenses,symmetric,0.0,relabel,dual agreement,LR,77.77777777777779,72.19345114367361,75.0,65.4052429052429,2.7777777777777857,6.7882082384307125
contact-lenses,symmetric,0.0,relabel,dual agreement,NB,87.5,86.5993265993266,86.1111111111111,84.7651114317781,1.3888888888889,1.834215167548507
contact-lenses,symmetric,0.0,relabel,none,DT,79.16666666666667,73.99492234169654,79.16666666666667,73.99492234169654,0.0,0.0
contact-lenses,symmetric,0.0,relabel,none,LR,75.0,65.4052429052429,75.0,65.4052429052429,0.0,0.0
contact-lenses,symmetric,0.0,relabel,none,NB,86.1111111111111,84.7651114317781,86.1111111111111,84.7651114317781,0.0,0.0
contact-lenses,symmetric,0.0,relabel,reference labels,DT,79.16666666666667,73.99492234169654,79.16666666666667,73.99492234169654,0.0,0.0
contact-lenses,symmetric,0.0,relabel,reference labels,LR,75.0,65.4052429052429,75.0,65.4052429052429,0.0,0.0
contact-lenses,symmetric,0.0,relabel,reference labels,NB,86.1111111111111,84.7651114317781,86.1111111111111,84.7651114317781,0.0,0.0
contact-lenses,symmetric,0.1,relabel,DT hard_vote,DT,63.88888888888889,61.83057683057683,72.22222222222221,66.15626220001452,-8.333333333333321,-4.325685369437693
contact-lenses,symmetric,0.1,relabel,DT hard_vote,LR,66.66666666666667,64.11071698028219,61.111111111111114,49.70483893855541,5.555555555555557,14.40587804172678
contact-lenses,symmetric,0.1,relabel,DT hard_vote,NB,69.44444444444444,66.42733809400475,70.83333333333333,64.11062188839966,-1.3888888888888857,2.31671620560509
contact-lenses,symmetric,0.1,relabel,DT threshold,DT,63.88888888888889,61.83057683057683,72.22222222222221,66.15626220001452,-8.333333333333321,-4.325685369437693
contact-lenses,symmetric,0.1,relabel,DT threshold,LR,66.66666666666667,64.11071698028219,61.111111111111114,49.70483893855541,5.555555555555557,14.40587804172678
contact-lenses,symmetric,0.1,relabel,DT threshold,NB,69.44444444444444,66.42733809400475,70.83333333333333,64.11062188839966,-1.3888888888888857,2.31671620560509
contact-lenses,symmetric,0.1,relabel,NB hard_vote,DT,70.83333333333333,66.41888975222308,72.22222222222221,66.15626220001452,-1.3888888888888857,0.2626275522085564
contact-lenses,symmetric,0.1,relabel,NB hard_vote,LR,69.44444444444444,63.25879881435437,61.111111111111114,49.70483893855541,8.333333333333329,13.55395987579896
contact-lenses,symmetric,0.1,relabel,NB hard_vote,NB,77.77777777777779,74.75783475783476,70.83333333333333,64.11062188839966,6.944444444444457,10.647212869435094
contact-lenses,symmetric,0.1,relabel,NB threshold,DT,66.66666666666667,59.84964588412864,72.22222222222221,66.15626220001452,-5.555555555555543,-6.306616315885883
contact-lenses,symmetric,0.1,relabel,NB threshold,LR,63.888888888888886,54.7874553430109,61.111111111111114,49.70483893855541,2.7777777777777715,5.082616404455486
contact-lenses,symmetric,0.1,relabel,NB threshold,NB,76.3888888888889,72.25885225885226,70.83333333333333,64.11062188839966,5.555555555555571,8.148230370452595
contact-lenses,symmetric,0.1,relabel,committee consensus,DT,70.83333333333333,67.0243748021526,72.22222222222221,66.15626220001452,-1.3888888888888857,0.8681126021380692
contact-lenses,symmetric,0.1,relabel,committee consensus,LR,70.83333333333333,65.12575901464791,61.111111111111114,49.70483893855541,9.722222222222214,15.4209200760925
contact-lenses,symmetric,0.1,relabel,committee consensus,NB,76.3888888888889,71.68954502287836,70.83333333333333,64.11062188839966,5.555555555555571,7.5789231344787
contact-lenses,symmetric,0.1,relabel,dual agreement,DT,69.44444444444444,61.563510165660695,72.22222222222221,66.15626220001452,-2.7777777777777715,-4.592752034353829
contact-lenses,symmetric,0.1,relabel,dual agreement,LR,68.05555555555556,58.99871733205066,61.111111111111114,49.70483893855541,6.944444444444443,9.293878393495248
contact-lenses,symmetric,0.1,relabel,dual agreement,NB,79.16666666666667,76.11674333896555,70.83333333333333,64.11062188839966,8.333333333333343,12.006121450565885
contact-lenses,symmetric,0.1,relabel,none,DT,72.22222222222221,66.15626220001452,72.22222222222221,66.15626220001452,0.0,0.0
contact-lenses,symmetric,0.1,relabel,none,LR,61.111111111111114,49.70483893855541,61.111111111111114,49.70483893855541,0.0,0.0
contact-lenses,symmetric,0.1,relabel,none,NB,70.83333333333333,64.11062188839966,70.83333333333333,64.11062188839966,0.0,0.0
contact-lenses,symmetric,0.1,relabel,reference labels,DT,79.16666666666667,73.99492234169654,72.22222222222221,66.15626220001452,6.944444444444457,7.838660141682013
contact-lenses,symmetric,0.1,relabel,reference labels,LR,75.0,65.4052429052429,61.111111111111114,49.70483893855541,13.888888888888886,15.700403966687489
contact-lenses,symmetric,0.1,relabel,reference labels,NB,86.1111111111111,84.7651114317781,70.83333333333333,64.11062188839966,15.277777777777771,20.654489543378432
contact-lenses,symmetric,0.2,relabel,DT hard_vote,DT,55.555555555555564,51.49988176075133,62.5,57.404961293850185,-6.944444444444436,-5.905079533098856
contact-lenses,symmetric,0.2,relabel,DT hard_vote,LR,47.22222222222222,44.023421559653436,62.5,56.313850758295196,-15.277777777777779,-12.29042919864176
contact-lenses,symmetric,0.2,relabel,DT hard_vote,NB,55.55555555555555,50.469259672158216,68.05555555555556,62.60424349313238,-12.500000000000007,-12.134983820974163
contact-lenses,symmetric,0.2,relabel,DT threshold,DT,55.555555555555564,51.49988176075133,62.5,57.404961293850185,-6.944444444444436,-5.905079533098856
contact-lenses,symmetric,0.2,relabel,DT threshold,LR,47.22222222222222,44.023421559653436,62.5,56.313850758295196,-15.277777777777779,-12.29042919864176
contact-lenses,symmetric,0.2,relabel,DT threshold,NB,55.55555555555555,50.469259672158216,68.05555555555556,62.60424349313238,-12.500000000000007,-12.134983820974163
contact-lenses,symmetric,0.2,relabel,NB hard_vote,DT,59.72222222222223,58.27595592812984,62.5,57.404961293850185,-2.7777777777777715,0.8709946342796542
contact-lenses,symmetric,0.2,relabel,NB hard_vote,LR,62.5,60.54962428875473,62.5,56.313850758295196,0.0,4.235773530459532
contact-lenses,symmetric,0.2,relabel,NB hard_vote,NB,65.27777777777777,62.30754484377673,68.05555555555556,62.60424349313238,-2.7777777777777857,-0.2966986493556476
contact-lenses,symmetric,0.2,relabel,NB threshold,DT,54.166666666666664,51.32181398848065,62.5,57.404961293850185,-8.333333333333336,-6.083147305369536
contact-lenses,symmetric,0.2,relabel,NB threshold,LR,58.333333333333336,55.79862166818689,62.5,56.313850758295196,-4.166666666666664,-0.5152290901083063
contact-lenses,symmetric,0.2,relabel,NB threshold,NB,61.11111111111111,58.61959028625696,68.05555555555556,62.60424349313238,-6.94444444444445,-3.9846532068754215
contact-lenses,symmetric,0.2,relabel,committee consensus,DT,59.72222222222223,53.28948828948828,62.5,57.404961293850185,-2.7777777777777715,-4.1154730043619026
contact-lenses,symmetric,0.2,relabel,committee consensus,LR,65.27777777777779,60.54476030321441,62.5,56.313850758295196,2.7777777777777857,4.230909544919214
contact-lenses,symmetric,0.2,relabel,committee consensus,NB,65.27777777777779,58.81809190987935,68.05555555555556,62.60424349313238,-2.7777777777777715,-3.78615158325303
contact-lenses,symmetric,0.2,relabel,dual agreement,DT,55.555555555555564,47.536907536907535,62.5,57.404961293850185,-6.944444444444436,-9.86805375694265
contact-lenses,symmetric,0.2,relabel,dual agreement,LR,66.66666666666667,61.66660499993833,62.5,56.313850758295196,4.166666666666671,5.352754241643133
contact-lenses,symmetric,0.2,relabel,dual agreement,NB,69.44444444444444,65.32625399292067,68.05555555555556,62.60424349313238,1.3888888888888857,2.72201049978829
contact-lenses,symmetric,0.2,relabel,none,DT,62.5,57.404961293850185,62.5,57.404961293850185,0.0,0.0
contact-lenses,symmetric,0.2,relabel,none,LR,62.5,56.313850758295196,62.5,56.313850758295196,0.0,0.0
contact-lenses,symmetric,0.2,relabel,none,NB,68.05555555555556,62.60424349313238,68.05555555555556,62.60424349313238,0.0,0.0
contact-lenses,symmetric,0.2,relabel,reference labels,DT,79.16666666666667,73.99492234169654,62.5,57.404961293850185,16.66666666666667,16.58996104784635
contact-lenses,symmetric,0.2,relabel,reference labels,LR,75.0,65.4052429052429,62.5,56.313850758295196,12.5,9.091392146947705
contact-lenses,symmetric,0.2,relabel,reference labels,NB,86.1111111111111,84.7651114317781,68.05555555555556,62.60424349313238,18.055555555555543,22.160867938645715
contact-lenses,symmetric,0.4,relabel,DT hard_vote,DT,38.88888888888889,34.97136124587105,43.055555555555564,36.143691699247256,-4.166666666666671,-1.1723304533762047
contact-lenses,symmetric,0.4,relabel,DT hard_vote,LR,51.38888888888889,46.73503093792949,51.38888888888889,44.40966440966441,0.0,2.3253665282650786
contact-lenses,symmetric,0.4,relabel,DT hard_vote,NB,52.77777777777778,48.63514772935063,54.166666666666664,45.924297924297925,-1.3888888888888857,2.7108498050527032
contact-lenses,symmetric,0.4,relabel,DT threshold,DT,38.88888888888889,34.97136124587105,43.055555555555564,36.143691699247256,-4.166666666666671,-1.1723304533762047
contact-lenses,symmetric,0.4,relabel,DT threshold,LR,51.38888888888889,46.73503093792949,51.38888888888889,44.40966440966441,0.0,2.3253665282650786
contact-lenses,symmetric,0.4,relabel,DT threshold,NB,52.77777777777778,48.63514772935063,54.166666666666664,45.924297924297925,-1.3888888888888857,2.7108498050527032
contact-lenses,symmetric,0.4,relabel,NB hard_vote,DT,52.77777777777778,48.63843510220321,43.055555555555564,36.143691699247256,9.722222222222214,12.494743402955955
contact-lenses,symmetric,0.4,relabel,NB hard_vote,LR,45.833333333333336,41.21576357083603,51.38888888888889,44.40966440966441,-5.555555555555557,-3.1939008388283767
contact-lenses,symmetric,0.4,relabel,NB hard_vote,NB,45.833333333333336,42.17184452691699,54.166666666666664,45.924297924297925,-8.333333333333329,-3.7524533973809326
contact-lenses,symmetric,0.4,relabel,NB threshold,DT,54.166666666666664,49.6529278558264,43.055555555555564,36.143691699247256,11.1111111111111,13.509236156579142
contact-lenses,symmetric,0.4,relabel,NB threshold,LR,44.44444444444445,40.18628722166659,51.38888888888889,44.40966440966441,-6.944444444444443,-4.223377187997819
contact-lenses,symmetric,0.4,relabel,NB threshold,NB,45.833333333333336,42.17184452691699,54.166666666666664,45.924297924297925,-8.333333333333329,-3.7524533973809326
contact-lenses,symmetric,0.4,relabel,committee consensus,DT,55.55555555555555,51.93787425671483,43.055555555555564,36.143691699247256,12.499999999999986,15.794182557467572
contact-lenses,symmetric,0.4,relabel,committee consensus,LR,50.0,44.30278256365213,51.38888888888889,44.40966440966441,-1.3888888888888928,-0.10688184601227846
contact-lenses,symmetric,0.4,relabel,committee consensus,NB,51.388888888888886,47.677713590757065,54.166666666666664,45.924297924297925,-2.7777777777777786,1.7534156664591407
contact-lenses,symmetric,0.4,relabel,dual agreement,DT,52.77777777777778,49.15099715099715,43.055555555555564,36.143691699247256,9.722222222222214,13.007305451749893
contact-lenses,symmetric,0.4,relabel,dual agreement,LR,52.77777777777778,44.226164781720335,51.38888888888889,44.40966440966441,1.3888888888888857,-0.18349962794407304
contact-lenses,symmetric,0.4,relabel,dual agreement,NB,56.944444444444436,52.12017612017612,54.166666666666664,45.924297924297925,2.7777777777777715,6.195878195878194
contact-lenses,symmetric,0.4,relabel,none,DT,43.055555555555564,36.143691699247256,43.055555555555564,36.143691699247256,0.0,0.0
contact-lenses,symmetric,0.4,relabel,none,LR,51.38888888888889,44.40966440966441,51.38888888888889,44.40966440966441,0.0,0.0
contact-lenses,symmetric,0.4,relabel,none,NB,54.166666666666664,45.924297924297925,54.166666666666664,45.924297924297925,0.0,0.0
contact-lenses,symmetric,0.4,relabel,reference labels,DT,79.16666666666667,73.99492234169654,43.055555555555564,36.143691699247256,36.11111111111111,37.85123064244928
contact-lenses,symmetric,0.4,relabel,reference labels,LR,75.0,65.4052429052429,51.38888888888889,44.40966440966441,23.611111111111107,20.995578495578492
contact-lenses,symmetric,0.4,relabel,reference labels,NB,86.1111111111111,84.7651114317781,54.166666666666664,45.924297924297925,31.944444444444436,38.84081350748017
diabetes,pairflip,0.0,relabel,DT hard_vote,DT,67.66493055555556,64.59286313002934,69.7482638888889,66.82348369591567,-2.083333333333343,-2.2306205658863263
diabetes,pairflip,0.0,relabel,DT hard_vote,LR,76.82291666666667,73.170174309152,77.34375,73.61529683298362,-0.5208333333333286,-0.4451225238316141
diabetes,pairflip,0.0,relabel,DT hard_vote,NB,75.08680555555556,71.74860456700411,75.52083333333333,72.47804343343934,-0.43402777777777146,-0.7294388664352311
diabetes,pairflip,0.0,relabel,DT threshold,DT,67.66493055555556,64.59286313002934,69.7482638888889,66.82348369591567,-2.083333333333343,-2.2306205658863263
diabetes,pairflip,0.0,relabel,DT threshold,LR,76.82291666666667,73.170174309152,77.34375,73.61529683298362,-0.5208333333333286,-0.4451225238316141
diabetes,pairflip,0.0,relabel,DT threshold,NB,75.08680555555556,71.74860456700411,75.52083333333333,72.47804343343934,-0.43402777777777146,-0.7294388664352311
diabetes,pairflip,0.0,relabel,NB hard_vote,DT,73.65451388888889,70.4631568545963,69.7482638888889,66.82348369591567,3.906249999999986,3.639673158680637
diabetes,pairflip,0.0,relabel,NB hard_vote,LR,76.5625,73.36711367224136,77.34375,73.61529683298362,-0.78125,-0.24818316074225777
diabetes,pairflip,0.0,relabel,NB hard_vote,NB,73.046875,69.78411856620674,75.52083333333333,72.47804343343934,-2.4739583333333286,-2.693924867232596
diabetes,pairflip,0.0,relabel,NB threshold,DT,73.2638888888889,70.20112071520317,69.7482638888889,66.82348369591567,3.515625,3.377637019287505
diabetes,pairflip,0.0,relabel,NB threshold,LR,76.38888888888889,73.8949140305119,77.34375,73.61529683298362,-0.9548611111111143,0.27961719752828174
diabetes,pairflip,0.0,relabel,NB threshold,NB,73.4375,70.90172643996216,75.52083333333333,72.47804343343934,-2.0833333333333286,-1.5763169934771781
diabetes,pairflip,0.0,relabel,committee consensus,DT,74.65277777777777,71.41335771322528,69.7482638888889,66.82348369591567,4.9045138888888715,4.5898740173096115
diabetes,pairflip,0.0,relabel,committee consensus,LR,76.82291666666667,73.40359488368641,77.34375,73.61529683298362,-0.5208333333333286,-0.21170194929720765
diabetes,pairflip,0.0,relabel,committee consensus,NB,74.69618055555556,71.37252605638412,75.52083333333333,72.47804343343934,-0.8246527777777715,-1.1055173770552216
diabetes,pairflip,0.0,relabel,dual agreement,DT,74.47916666666667,71.61073677100717,69.7482638888889,66.82348369591567,4.7309027777777715,4.787253075091499
diabetes,pairflip,0.0,relabel,dual agreement,LR,76.82291666666667,73.85708547081809,77.34375,73.61529683298362,-0.5208333333333286,0.24178863783447468
diabetes,pairflip,0.0,relabel,dual agreement,NB,74.65277777777777,71.71818943574554,75.52083333333333,72.47804343343934,-0.8680555555555571,-0.7598539976937957
diabetes,pairflip,0.0,relabel,none,DT,69.7482638888889,66.82348369591567,69.7482638888889,66.82348369591567,0.0,0.0
diabetes,pairflip,0.0,relabel,none,LR,77.34375,73.61529683298362,77.34375,73.61529683298362,0.0,0.0
diabetes,pairflip,0.0,relabel,none,NB,75.52083333333333,72.47804343343934,75.52083333333333,72.47804343343934,0.0,0.0
diabetes,pairflip,0.0,relabel,reference labels,DT,69.7482638888889,66.82348369591567,69.7482638888889,66.82348369591567,0.0,0.0
diabetes,pairflip,0.0,relabel,reference labels,LR,77.34375,73.61529683298362,77.34375,73.61529683298362,0.0,0.0
diabetes,pairflip,0.0,relabel,reference labels,NB,75.52083333333333,72.47804343343934,75.52083333333333,72.47804343343934,0.0,0.0
diabetes,pairflip,0.1,relabel,DT hard_vote,DT,63.32465277777778,60.495049708155996,65.45138888888889,62.69792218122962,-2.126736111111107,-2.2028724730736258
diabetes,pairflip,0.1,relabel,DT hard_vote,LR,76.171875,72.39254703985324,76.34548611111111,72.54701375222473,-0.17361111111111427,-0.15446671237148735
diabetes,pairflip,0.1,relabel,DT hard_vote,NB,74.7829861111111,71.77082163164643,74.78298611111111,71.76655185207578,-1.4210854715202004e-14,0.0042697795706487796
diabetes,pairflip,0.1,relabel,DT threshold,DT,63.32465277777778,60.495049708155996,65.45138888888889,62.69792218122962,-2.126736111111107,-2.2028724730736258
diabetes,pairflip,0.1,relabel,DT threshold,LR,76.171875,72.39254703985324,76.34548611111111,72.54701375222473,-0.17361111111111427,-0.15446671237148735
diabetes,pairflip,0.1,relabel,DT threshold,NB,74.7829861111111,71.77082163164643,74.78298611111111,71.76655185207578,-1.4210854715202004e-14,0.0042697795706487796
diabetes,pairflip,0.1,relabel,NB hard_vote,DT,73.48090277777777,69.80799108342418,65.45138888888889,62.69792218122962,8.029513888888886,7.110068902194563
diabetes,pairflip,0.1,relabel,NB hard_vote,LR,74.86979166666667,71.52617389002559,76.34548611111111,72.54701375222473,-1.4756944444444429,-1.0208398621991392
diabetes,pairflip,0.1,relabel,NB hard_vote,NB,72.48263888888889,69.3730438095058,74.78298611111111,71.76655185207578,-2.3003472222222285,-2.3935080425699766
diabetes,pairflip,0.1,relabel,NB threshold,DT,73.56770833333333,71.27437884050227,65.45138888888889,62.69792218122962,8.116319444444443,8.576456659272644
diabetes,pairflip,0.1,relabel,NB threshold,LR,75.26041666666667,73.03665044136397,76.34548611111111,72.54701375222473,-1.0850694444444429,0.4896366891392461
diabetes,pairflip,0.1,relabel,NB threshold,NB,72.30902777777777,70.1001730774042,74.78298611111111,71.76655185207578,-2.473958333333343,-1.6663787746715855
diabetes,pairflip,0.1,relabel,committee consensus,DT,72.74305555555556,69.68519426543003,65.45138888888889,62.69792218122962,7.291666666666671,6.987272084200406
diabetes,pairflip,0.1,relabel,committee consensus,LR,76.90972222222223,73.57732839659617,76.34548611111111,72.54701375222473,0.5642361111111143,1.030314644371444
diabetes,pairflip,0.1,relabel,committee consensus,NB,74.4357638888889,71.28667175484607,74.78298611111111,71.76655185207578,-0.3472222222222143,-0.47988009722971015
diabetes,pairflip,0.1,relabel,dual agreement,DT,71.96180555555556,69.48723892212605,65.45138888888889,62.69792218122962,6.510416666666671,6.789316740896432
diabetes,pairflip,0.1,relabel,dual agreement,LR,76.21527777777777,73.39689992063116,76.34548611111111,72.54701375222473,-0.1302083333333428,0.849886168406428
diabetes,pairflip,0.1,relabel,dual agreement,NB,74.08854166666667,71.47887815949849,74.78298611111111,71.76655185207578,-0.6944444444444429,-0.28767369257728603
diabetes,pairflip,0.1,relabel,none,DT,65.45138888888889,62.69792218122962,65.45138888888889,62.69792218122962,0.0,0.0
diabetes,pairflip,0.1,relabel,none,LR,76.34548611111111,72.54701375222473,76.34548611111111,72.54701375222473,0.0,0.0
diabetes,pairflip,0.1,relabel,none,NB,74.78298611111111,71.76655185207578,74.78298611111111,71.76655185207578,0.0,0.0
diabetes,pairflip,0.1,relabel,reference labels,DT,69.7482638888889,66.82348369591567,65.45138888888889,62.69792218122962,4.296875000000014,4.125561514686048
diabetes,pairflip,0.1,relabel,reference labels,LR,77.34375,73.61529683298362,76.34548611111111,72.54701375222473,0.9982638888888857,1.0682830807588886
diabetes,pairflip,0.1,relabel,reference labels,NB,75.52083333333333,72.47804343343934,74.78298611111111,71.76655185207578,0.7378472222222143,0.7114915813635605
diabetes,pairflip,0.2,relabel,DT hard_vote,DT,60.32986111111111,58.14689591378948,60.850694444444436,58.29645028058916,-0.5208333333333286,-0.14955436679968415
diabetes,pairflip,0.2,relabel,DT hard_vote,LR,75.86805555555556,71.8644289322534,76.08506944444444,72.13543525430453,-0.21701388888888573,-0.27100632205112163
diabetes,pairflip,0.2,relabel,DT hard_vote,NB,73.30729166666667,69.99685472199299,74.47916666666667,71.34365043760619,-1.171875,-1.3467957156131973
diabetes,pairflip,0.2,relabel,DT threshold,DT,60.32986111111111,58.14689591378948,60.850694444444436,58.29645028058916,-0.5208333333333286,-0.14955436679968415
diabetes,pairflip,0.2,relabel,DT threshold,LR,75.86805555555556,71.8644289322534,76.08506944444444,72.13543525430453,-0.21701388888888573,-0.27100632205112163
diabetes,pairflip,0.2,relabel,DT threshold,NB,73.30729166666667,69.99685472199299,74.47916666666667,71.34365043760619,-1.171875,-1.3467957156131973
diabetes,pairflip,0.2,relabel,NB hard_vote,DT,72.17881944444444,68.83495721807954,60.850694444444436,58.29645028058916,11.328125000000007,10.538506937490375
diabetes,pairflip,0.2,relabel,NB hard_vote,LR,74.91319444444444,71.39577453056421,76.08506944444444,72.13543525430453,-1.171875,-0.7396607237403146
diabetes,pairflip,0.2,relabel,NB hard_vote,NB,71.83159722222221,68.69333276251483,74.47916666666667,71.34365043760619,-2.647569444444457,-2.650317675091358
diabetes,pairflip,0.2,relabel,NB threshold,DT,71.3107638888889,69.0523915921646,60.850694444444436,58.29645028058916,10.460069444444464,10.755941311575434
diabetes,pairflip,0.2,relabel,NB threshold,LR,73.69791666666667,71.29969443320677,76.08506944444444,72.13543525430453,-2.3871527777777715,-0.8357408210977582
diabetes,pairflip,0.2,relabel,NB threshold,NB,71.91840277777779,69.95560237975239,74.47916666666667,71.34365043760619,-2.5607638888888857,-1.3880480578537941
diabetes,pairflip,0.2,relabel,committee consensus,DT,70.00868055555556,67.07970249922681,60.850694444444436,58.29645028058916,9.157986111111121,8.78325221863765
diabetes,pairflip,0.2,relabel,committee consensus,LR,75.6076388888889,72.04464655609446,76.08506944444444,72.13543525430453,-0.4774305555555429,-0.09078869821006208
diabetes,pairflip,0.2,relabel,committee consensus,NB,72.96006944444444,69.62385115705833,74.47916666666667,71.34365043760619,-1.5190972222222285,-1.7197992805478606
diabetes,pairflip,0.2,relabel,dual agreement,DT,69.140625,66.62778489573292,60.850694444444436,58.29645028058916,8.289930555555564,8.331334615143753
diabetes,pairflip,0.2,relabel,dual agreement,LR,75.34722222222223,72.40645449788143,76.08506944444444,72.13543525430453,-0.7378472222222143,0.27101924357690166
diabetes,pairflip,0.2,relabel,dual agreement,NB,72.82986111111111,70.15179049722836,74.47916666666667,71.34365043760619,-1.6493055555555571,-1.1918599403778245
diabetes,pairflip,0.2,relabel,none,DT,60.850694444444436,58.29645028058916,60.850694444444436,58.29645028058916,0.0,0.0
diabetes,pairflip,0.2,relabel,none,LR,76.08506944444444,72.13543525430453,76.08506944444444,72.13543525430453,0.0,0.0
diabetes,pairflip,0.2,relabel,none,NB,74.47916666666667,71.34365043760619,74.47916666666667,71.34365043760619,0.0,0.0
diabetes,pairflip,0.2,relabel,reference labels,DT,69.7482638888889,66.82348369591567,60.850694444444436,58.29645028058916,8.897569444444464,8.527033415326507
diabetes,pairflip,0.2,relabel,reference labels,LR,77.34375,73.61529683298362,76.08506944444444,72.13543525430453,1.2586805555555571,1.4798615786790918
diabetes,pairflip,0.2,relabel,reference labels,NB,75.52083333333333,72.47804343343934,74.47916666666667,71.34365043760619,1.0416666666666572,1.134392995833153
diabetes,pairflip,0.4,relabel,DT hard_vote,DT,51.649305555555564,50.20191161162476,54.25347222222223,52.49034123213894,-2.6041666666666643,-2.2884296205141794
diabetes,pairflip,0.4,relabel,DT hard_vote,LR,66.23263888888889,62.410218782844105,68.75,64.66630613761374,-2.5173611111111143,-2.2560873547696403
diabetes,pairflip,0.4,relabel,DT hard_vote,NB,66.66666666666667,62.69741776152144,68.9670138888889,65.51658297488841,-2.3003472222222285,-2.819165213366965
diabetes,pairflip,0.4,relabel,DT threshold,DT,51.649305555555564,50.20191161162476,54.25347222222223,52.49034123213894,-2.6041666666666643,-2.2884296205141794
diabetes,pairflip,0.4,relabel,DT threshold,LR,66.23263888888889,62.410218782844105,68.75,64.66630613761374,-2.5173611111111143,-2.2560873547696403
diabetes,pairflip,0.4,relabel,DT threshold,NB,66.66666666666667,62.69741776152144,68.9670138888889,65.51658297488841,-2.3003472222222285,-2.819165213366965
diabetes,pairflip,0.4,relabel,NB hard_vote,DT,68.44618055555556,65.12372512240279,54.25347222222223,52.49034123213894,14.192708333333329,12.63338389026385
diabetes,pairflip,0.4,relabel,NB hard_vote,LR,70.4861111111111,66.4821879075879,68.75,64.66630613761374,1.7361111111111,1.8158817699741547
diabetes,pairflip,0.4,relabel,NB hard_vote,NB,68.96701388888889,65.55358449970284,68.9670138888889,65.51658297488841,-1.4210854715202004e-14,0.03700152481442842
diabetes,pairflip,0.4,relabel,NB threshold,DT,68.40277777777777,65.99165752791896,54.25347222222223,52.49034123213894,14.149305555555543,13.501316295780022
diabetes,pairflip,0.4,relabel,NB threshold,LR,70.44270833333333,67.47549077209806,68.75,64.66630613761374,1.6927083333333286,2.8091846344843105
diabetes,pairflip,0.4,relabel,NB threshold,NB,69.01041666666667,66.25652866497131,68.9670138888889,65.51658297488841,0.04340277777777146,0.7399456900829051
diabetes,pairflip,0.4,relabel,committee consensus,DT,60.9375,58.437882598113184,54.25347222222223,52.49034123213894,6.6840277777777715,5.947541365974246
diabetes,pairflip,0.4,relabel,committee consensus,LR,70.703125,66.52717544689158,68.75,64.66630613761374,1.953125,1.860869309277831
diabetes,pairflip,0.4,relabel,committee consensus,NB,69.18402777777777,65.43327678236174,68.9670138888889,65.51658297488841,0.21701388888887152,-0.08330619252666338
diabetes,pairflip,0.4,relabel,dual agreement,DT,61.154513888888886,58.86791406561276,54.25347222222223,52.49034123213894,6.901041666666657,6.37757283347382
diabetes,pairflip,0.4,relabel,dual agreement,LR,70.57291666666667,67.28610420992702,68.75,64.66630613761374,1.8229166666666714,2.619798072313273
diabetes,pairflip,0.4,relabel,dual agreement,NB,68.92361111111111,65.53634287849695,68.9670138888889,65.51658297488841,-0.04340277777778567,0.01975990360854496
diabetes,pairflip,0.4,relabel,none,DT,54.25347222222223,52.49034123213894,54.25347222222223,52.49034123213894,0.0,0.0
diabetes,pairflip,0.4,relabel,none,LR,68.75,64.66630613761374,68.75,64.66630613761374,0.0,0.0
diabetes,pairflip,0.4,relabel,none,NB,68.9670138888889,65.51658297488841,68.9670138888889,65.51658297488841,0.0,0.0
diabetes,pairflip,0.4,relabel,reference labels,DT,69.7482638888889,66.82348369591567,54.25347222222223,52.49034123213894,15.494791666666671,14.333142463776731
diabetes,pairflip,0.4,relabel,reference labels,LR,77.34375,73.61529683298362,68.75,64.66630613761374,8.59375,8.948990695369872
diabetes,pairflip,0.4,relabel,reference labels,NB,75.52083333333333,72.47804343343934,68.9670138888889,65.51658297488841,6.553819444444429,6.961460458550931
diabetes,symmetric,0.0,relabel,DT hard_vote,DT,67.66493055555556,64.59286313002934,69.7482638888889,66.82348369591567,-2.083333333333343,-2.2306205658863263
diabetes,symmetric,0.0,relabel,DT hard_vote,LR,76.82291666666667,73.170174309152,77.34375,73.61529683298362,-0.5208333333333286,-0.4451225238316141
diabetes,symmetric,0.0,relabel,DT hard_vote,NB,75.08680555555556,71.74860456700411,75.52083333333333,72.47804343343934,-0.43402777777777146,-0.7294388664352311
diabetes,symmetric,0.0,relabel,DT threshold,DT,67.66493055555556,64.59286313002934,69.7482638888889,66.82348369591567,-2.083333333333343,-2.2306205658863263
diabetes,symmetric,0.0,relabel,DT threshold,LR,76.82291666666667,73.170174309152,77.34375,73.61529683298362,-0.5208333333333286,-0.4451225238316141
diabetes,symmetric,0.0,relabel,DT threshold,NB,75.08680555555556,71.74860456700411,75.52083333333333,72.47804343343934,-0.43402777777777146,-0.7294388664352311
diabetes,symmetric,0.0,relabel,NB hard_vote,DT,73.65451388888889,70.4631568545963,69.7482638888889,66.82348369591567,3.906249999999986,3.639673158680637
diabetes,symmetric,0.0,relabel,NB hard_vote,LR,76.5625,73.36711367224136,77.34375,73.61529683298362,-0.78125,-0.24818316074225777
diabetes,symmetric,0.0,relabel,NB hard_vote,NB,73.046875,69.78411856620674,75.52083333333333,72.47804343343934,-2.4739583333333286,-2.693924867232596
diabetes,symmetric,0.0,relabel,NB threshold,DT,73.2638888888889,70.20112071520317,69.7482638888889,66.82348369591567,3.515625,3.377637019287505
diabetes,symmetric,0.0,relabel,NB threshold,LR,76.38888888888889,73.8949140305119,77.34375,73.61529683298362,-0.9548611111111143,0.27961719752828174
diabetes,symmetric,0.0,relabel,NB threshold,NB,73.4375,70.90172643996216,75.52083333333333,72.47804343343934,-2.0833333333333286,-1.5763169934771781
diabetes,symmetric,0.0,relabel,committee consensus,DT,74.65277777777777,71.41335771322528,69.7482638888889,66.82348369591567,4.9045138888888715,4.5898740173096115
diabetes,symmetric,0.0,relabel,committee consensus,LR,76.82291666666667,73.40359488368641,77.34375,73.61529683298362,-0.5208333333333286,-0.21170194929720765
diabetes,symmetric,0.0,relabel,committee consensus,NB,74.69618055555556,71.37252605638412,75.52083333333333,72.47804343343934,-0.8246527777777715,-1.1055173770552216
diabetes,symmetric,0.0,relabel,dual agreement,DT,74.47916666666667,71.61073677100717,69.7482638888889,66.82348369591567,4.7309027777777715,4.787253075091499
diabetes,symmetric,0.0,relabel,dual agreement,LR,76.82291666666667,73.85708547081809,77.34375,73.61529683298362,-0.5208333333333286,0.24178863783447468
diabetes,symmetric,0.0,relabel,dual agreement,NB,74.65277777777777,71.71818943574554,75.52083333333333,72.47804343343934,-0.8680555555555571,-0.7598539976937957
diabetes,symmetric,0.0,relabel,none,DT,69.7482638888889,66.82348369591567,69.7482638888889,66.82348369591567,0.0,0.0
diabetes,symmetric,0.0,relabel,none,LR,77.34375,73.61529683298362,77.34375,73.61529683298362,0.0,0.0
diabetes,symmetric,0.0,relabel,none,NB,75.52083333333333,72.47804343343934,75.52083333333333,72.47804343343934,0.0,0.0
diabetes,symmetric,0.0,relabel,reference labels,DT,69.7482638888889,66.82348369591567,69.7482638888889,66.82348369591567,0.0,0.0
diabetes,symmetric,0.0,relabel,reference labels,LR,77.34375,73.61529683298362,77.34375,73.61529683298362,0.0,0.0
diabetes,symmetric,0.0,relabel,reference labels,NB,75.52083333333333,72.47804343343934,75.52083333333333,72.47804343343934,0.0,0.0
diabetes,symmetric,0.1,relabel,DT hard_vote,DT,63.32465277777778,60.495049708155996,65.45138888888889,62.69792218122962,-2.126736111111107,-2.2028724730736258
diabetes,symmetric,0.1,relabel,DT hard_vote,LR,76.171875,72.39254703985324,76.34548611111111,72.54701375222473,-0.17361111111111427,-0.15446671237148735
diabetes,symmetric,0.1,relabel,DT hard_vote,NB,74.7829861111111,71.77082163164643,74.78298611111111,71.76655185207578,-1.4210854715202004e-14,0.0042697795706487796
diabetes,symmetric,0.1,relabel,DT threshold,DT,63.32465277777778,60.495049708155996,65.45138888888889,62.69792218122962,-2.126736111111107,-2.2028724730736258
diabetes,symmetric,0.1,relabel,DT threshold,LR,76.171875,72.39254703985324,76.34548611111111,72.54701375222473,-0.17361111111111427,-0.15446671237148735
diabetes,symmetric,0.1,relabel,DT threshold,NB,74.7829861111111,71.77082163164643,74.78298611111111,71.76655185207578,-1.4210854715202004e-14,0.0042697795706487796
diabetes,symmetric,0.1,relabel,NB hard_vote,DT,73.48090277777777,69.80799108342418,65.45138888888889,62.69792218122962,8.029513888888886,7.110068902194563
diabetes,symmetric,0.1,relabel,NB hard_vote,LR,74.86979166666667,71.52617389002559,76.34548611111111,72.54701375222473,-1.4756944444444429,-1.0208398621991392
diabetes,symmetric,0.1,relabel,NB hard_vote,NB,72.48263888888889,69.3730438095058,74.78298611111111,71.76655185207578,-2.3003472222222285,-2.3935080425699766
diabetes,symmetric,0.1,relabel,NB threshold,DT,73.56770833333333,71.27437884050227,65.45138888888889,62.69792218122962,8.116319444444443,8.576456659272644
diabetes,symmetric,0.1,relabel,NB threshold,LR,75.26041666666667,73.03665044136397,76.34548611111111,72.54701375222473,-1.0850694444444429,0.4896366891392461
diabetes,symmetric,0.1,relabel,NB threshold,NB,72.30902777777777,70.1001730774042,74.78298611111111,71.76655185207578,-2.473958333333343,-1.6663787746715855
diabetes,symmetric,0.1,relabel,committee consensus,DT,72.74305555555556,69.68519426543003,65.45138888888889,62.69792218122962,7.291666666666671,6.987272084200406
diabetes,symmetric,0.1,relabel,committee consensus,LR,76.90972222222223,73.57732839659617,76.34548611111111,72.54701375222473,0.5642361111111143,1.030314644371444
diabetes,symmetric,0.1,relabel,committee consensus,NB,74.4357638888889,71.28667175484607,74.78298611111111,71.76655185207578,-0.3472222222222143,-0.47988009722971015
diabetes,symmetric,0.1,relabel,dual agreement,DT,71.96180555555556,69.48723892212605,65.45138888888889,62.69792218122962,6.510416666666671,6.789316740896432
diabetes,symmetric,0.1,relabel,dual agreement,LR,76.21527777777777,73.39689992063116,76.34548611111111,72.54701375222473,-0.1302083333333428,0.849886168406428
diabetes,symmetric,0.1,relabel,dual agreement,NB,74.08854166666667,71.47887815949849,74.78298611111111,71.76655185207578,-0.6944444444444429,-0.28767369257728603
diabetes,symmetric,0.1,relabel,none,DT,65.45138888888889,62.69792218122962,65.45138888888889,62.69792218122962,0.0,0.0
diabetes,symmetric,0.1,relabel,none,LR,76.34548611111111,72.54701375222473,76.34548611111111,72.54701375222473,0.0,0.0
diabetes,symmetric,0.1,relabel,none,NB,74.78298611111111,71.76655185207578,74.78298611111111,71.76655185207578,0.0,0.0
diabetes,symmetric,0.1,relabel,reference labels,DT,69.7482638888889,66.82348369591567,65.45138888888889,62.69792218122962,4.296875000000014,4.125561514686048
diabetes,symmetric,0.1,relabel,reference labels,LR,77.34375,73.61529683298362,76.34548611111111,72.54701375222473,0.9982638888888857,1.0682830807588886
diabetes,symmetric,0.1,relabel,reference labels,NB,75.52083333333333,72.47804343343934,74.78298611111111,71.76655185207578,0.7378472222222143,0.7114915813635605
diabetes,symmetric,0.2,relabel,DT hard_vote,DT,60.32986111111111,58.14689591378948,60.850694444444436,58.29645028058916,-0.5208333333333286,-0.14955436679968415
diabetes,symmetric,0.2,relabel,DT hard_vote,LR,75.86805555555556,71.8644289322534,76.08506944444444,72.13543525430453,-0.21701388888888573,-0.27100632205112163
diabetes,symmetric,0.2,relabel,DT hard_vote,NB,73.30729166666667,69.99685472199299,74.47916666666667,71.34365043760619,-1.171875,-1.3467957156131973
diabetes,symmetric,0.2,relabel,DT threshold,DT,60.32986111111111,58.14689591378948,60.850694444444436,58.29645028058916,-0.5208333333333286,-0.14955436679968415
diabetes,symmetric,0.2,relabel,DT threshold,LR,75.86805555555556,71.8644289322534,76.08506944444444,72.13543525430453,-0.21701388888888573,-0.27100632205112163
diabetes,symmetric,0.2,relabel,DT threshold,NB,73.30729166666667,69.99685472199299,74.47916666666667,71.34365043760619,-1.171875,-1.3467957156131973
diabetes,symmetric,0.2,relabel,NB hard_vote,DT,72.17881944444444,68.83495721807954,60.850694444444436,58.29645028058916,11.328125000000007,10.538506937490375
diabetes,symmetric,0.2,relabel,NB hard_vote,LR,74.91319444444444,71.39577453056421,76.08506944444444,72.13543525430453,-1.171875,-0.7396607237403146
diabetes,symmetric,0.2,relabel,NB hard_vote,NB,71.83159722222221,68.69333276251483,74.47916666666667,71.34365043760619,-2.647569444444457,-2.650317675091358
diabetes,symmetric,0.2,relabel,NB threshold,DT,71.3107638888889,69.0523915921646,60.850694444444436,58.29645028058916,10.460069444444464,10.755941311575434
diabetes,symmetric,0.2,relabel,NB threshold,LR,73.69791666666667,71.29969443320677,76.08506944444444,72.13543525430453,-2.3871527777777715,-0.8357408210977582
diabetes,symmetric,0.2,relabel,NB threshold,NB,71.91840277777779,69.95560237975239,74.47916666666667,71.34365043760619,-2.5607638888888857,-1.3880480578537941
diabetes,symmetric,0.2,relabel,committee consensus,DT,70.00868055555556,67.07970249922681,60.850694444444436,58.29645028058916,9.157986111111121,8.78325221863765
diabetes,symmetric,0.2,relabel,committee consensus,LR,75.6076388888889,72.04464655609446,76.08506944444444,72.13543525430453,-0.4774305555555429,-0.09078869821006208
diabetes,symmetric,0.2,relabel,committee consensus,NB,72.96006944444444,69.62385115705833,74.47916666666667,71.34365043760619,-1.5190972222222285,-1.7197992805478606
diabetes,symmetric,0.2,relabel,dual agreement,DT,69.140625,66.62778489573292,60.850694444444436,58.29645028058916,8.289930555555564,8.331334615143753
diabetes,symmetric,0.2,relabel,dual agreement,LR,75.34722222222223,72.40645449788143,76.08506944444444,72.13543525430453,-0.7378472222222143,0.27101924357690166
diabetes,symmetric,0.2,relabel,dual agreement,NB,72.82986111111111,70.15179049722836,74.47916666666667,71.34365043760619,-1.6493055555555571,-1.1918599403778245
diabetes,symmetric,0.2,relabel,none,DT,60.850694444444436,58.29645028058916,60.850694444444436,58.29645028058916,0.0,0.0
diabetes,symmetric,0.2,relabel,none,LR,76.08506944444444,72.13543525430453,76.08506944444444,72.13543525430453,0.0,0.0
diabetes,symmetric,0.2,relabel,none,NB,74.47916666666667,71.34365043760619,74.47916666666667,71.34365043760619,0.0,0.0
diabetes,symmetric,0.2,relabel,reference labels,DT,69.7482638888889,66.82348369591567,60.850694444444436,58.29645028058916,8.897569444444464,8.527033415326507
diabetes,symmetric,0.2,relabel,reference labels,LR,77.34375,73.61529683298362,76.08506944444444,72.13543525430453,1.2586805555555571,1.4798615786790918
diabetes,symmetric,0.2,relabel,reference labels,NB,75.52083333333333,72.47804343343934,74.47916666666667,71.34365043760619,1.0416666666666572,1.134392995833153
diabetes,symmetric,0.4,relabel,DT hard_vote,DT,51.649305555555564,50.20191161162476,54.25347222222223,52.49034123213894,-2.6041666666666643,-2.2884296205141794
diabetes,symmetric,0.4,relabel,DT hard_vote,LR,66.23263888888889,62.410218782844105,68.75,64.66630613761374,-2.5173611111111143,-2.2560873547696403
diabetes,symmetric,0.4,relabel,DT hard_vote,NB,66.66666666666667,62.69741776152144,68.9670138888889,65.51658297488841,-2.3003472222222285,-2.819165213366965
diabetes,symmetric,0.4,relabel,DT threshold,DT,51.649305555555564,50.20191161162476,54.25347222222223,52.49034123213894,-2.6041666666666643,-2.2884296205141794
diabetes,symmetric,0.4,relabel,DT threshold,LR,66.23263888888889,62.410218782844105,68.75,64.66630613761374,-2.5173611111111143,-2.2560873547696403
diabetes,symmetric,0.4,relabel,DT threshold,NB,66.66666666666667,62.69741776152144,68.9670138888889,65.51658297488841,-2.3003472222222285,-2.819165213366965
diabetes,symmetric,0.4,relabel,NB hard_vote,DT,68.44618055555556,65.12372512240279,54.25347222222223,52.49034123213894,14.192708333333329,12.63338389026385
diabetes,symmetric,0.4,relabel,NB hard_vote,LR,70.4861111111111,66.4821879075879,68.75,64.66630613761374,1.7361111111111,1.8158817699741547
diabetes,symmetric,0.4,relabel,NB hard_vote,NB,68.96701388888889,65.55358449970284,68.9670138888889,65.51658297488841,-1.4210854715202004e-14,0.03700152481442842
diabetes,symmetric,0.4,relabel,NB threshold,DT,68.40277777777777,65.99165752791896,54.25347222222223,52.49034123213894,14.149305555555543,13.501316295780022
diabetes,symmetric,0.4,relabel,NB threshold,LR,70.44270833333333,67.47549077209806,68.75,64.66630613761374,1.6927083333333286,2.8091846344843105
diabetes,symmetric,0.4,relabel,NB threshold,NB,69.01041666666667,66.25652866497131,68.9670138888889,65.51658297488841,0.04340277777777146,0.7399456900829051
diabetes,symmetric,0.4,relabel,committee consensus,DT,60.9375,58.437882598113184,54.25347222222223,52.49034123213894,6.6840277777777715,5.947541365974246
diabetes,symmetric,0.4,relabel,committee consensus,LR,70.703125,66.52717544689158,68.75,64.66630613761374,1.953125,1.860869309277831
diabetes,symmetric,0.4,relabel,committee consensus,NB,69.18402777777777,65.43327678236174,68.9670138888889,65.51658297488841,0.21701388888887152,-0.08330619252666338
diabetes,symmetric,0.4,relabel,dual agreement,DT,61.154513888888886,58.86791406561276,54.25347222222223,52.49034123213894,6.901041666666657,6.37757283347382
diabetes,symmetric,0.4,relabel,dual agreement,LR,70.57291666666667,67.28610420992702,68.75,64.66630613761374,1.8229166666666714,2.619798072313273
diabetes,symmetric,0.4,relabel,dual agreement,NB,68.92361111111111,65.53634287849695,68.9670138888889,65.51658297488841,-0.04340277777778567,0.01975990360854496
diabetes,symmetric,0.4,relabel,none,DT,54.25347222222223,52.49034123213894,54.25347222222223,52.49034123213894,0.0,0.0
diabetes,symmetric,0.4,relabel,none,LR,68.75,64.66630613761374,68.75,64.66630613761374,0.0,0.0
diabetes,symmetric,0.4,relabel,none,NB,68.9670138888889,65.51658297488841,68.9670138888889,65.51658297488841,0.0,0.0
diabetes,symmetric,0.4,relabel,reference labels,DT,69.7482638888889,66.82348369591567,54.25347222222223,52.49034123213894,15.494791666666671,14.333142463776731
diabetes,symmetric,0.4,relabel,reference labels,LR,77.34375,73.61529683298362,68.75,64.66630613761374,8.59375,8.948990695369872
diabetes,symmetric,0.4,relabel,reference labels,NB,75.52083333333333,72.47804343343934,68.9670138888889,65.51658297488841,6.553819444444429,6.961460458550931
glass,pairflip,0.0,relabel,DT hard_vote,DT,58.7227414330218,57.21625520286083,68.69158878504673,68.0485807825557,-9.96884735202493,-10.832325579694874
glass,pairflip,0.0,relabel,DT hard_vote,LR,59.968847352024916,51.76365886894704,64.797507788162,56.180997026817046,-4.828660436137078,-4.417338157870006
glass,pairflip,0.0,relabel,DT hard_vote,NB,31.931464174454828,35.57257863685757,46.573208722741434,48.81997378145882,-14.641744548286606,-13.24739514460125
glass,pairflip,0.0,relabel,DT threshold,DT,58.7227414330218,57.21625520286083,68.69158878504673,68.0485807825557,-9.96884735202493,-10.832325579694874
glass,pairflip,0.0,relabel,DT threshold,LR,59.968847352024916,51.76365886894704,64.797507788162,56.180997026817046,-4.828660436137078,-4.417338157870006
glass,pairflip,0.0,relabel,DT threshold,NB,31.931464174454828,35.57257863685757,46.573208722741434,48.81997378145882,-14.641744548286606,-13.24739514460125
glass,pairflip,0.0,relabel,NB hard_vote,DT,43.61370716510904,46.94072383323569,68.69158878504673,68.0485807825557,-25.077881619937692,-21.107856949320016
glass,pairflip,0.0,relabel,NB hard_vote,LR,47.81931464174455,43.84060883854051,64.797507788162,56.180997026817046,-16.978193146417446,-12.340388188276535
glass,pairflip,0.0,relabel,NB hard_vote,NB,33.48909657320872,39.63427711101044,46.573208722741434,48.81997378145882,-13.084112149532714,-9.18569667044838
glass,pairflip,0.0,relabel,NB threshold,DT,43.45794392523364,46.36013262784786,68.69158878504673,68.0485807825557,-25.23364485981309,-21.688448154707842
glass,pairflip,0.0,relabel,NB threshold,LR,46.573208722741434,42.925559032693194,64.797507788162,56.180997026817046,-18.22429906542056,-13.255437994123852
glass,pairflip,0.0,relabel,NB threshold,NB,32.86604361370717,38.830806509125075,46.573208722741434,48.81997378145882,-13.707165109034264,-9.989167272333745
glass,pairflip,0.0,relabel,committee consensus,DT,64.95327102803738,65.15355719146203,68.69158878504673,68.0485807825557,-3.738317757009355,-2.8950235910936755
glass,pairflip,0.0,relabel,committee consensus,LR,61.059190031152646,54.085722129592604,64.797507788162,56.180997026817046,-3.738317757009348,-2.095274897224442
glass,pairflip,0.0,relabel,committee consensus,NB,31.30841121495327,34.75056298580102,46.573208722741434,48.81997378145882,-15.264797507788163,-14.069410795657802
glass,pairflip,0.0,relabel,dual agreement,DT,67.601246105919,65.01190114101864,68.69158878504673,68.0485807825557,-1.0903426791277298,-3.036679641537063
glass,pairflip,0.0,relabel,dual agreement,LR,61.059190031152646,53.58304353116126,64.797507788162,56.180997026817046,-3.738317757009348,-2.597953495655787
glass,pairflip,0.0,relabel,dual agreement,NB,37.38317757009346,44.2019164677883,46.573208722741434,48.81997378145882,-9.190031152647975,-4.618057313670519
glass,pairflip,0.0,relabel,none,DT,68.69158878504673,68.0485807825557,68.69158878504673,68.0485807825557,0.0,0.0
glass,pairflip,0.0,relabel,none,LR,64.797507788162,56.180997026817046,64.797507788162,56.180997026817046,0.0,0.0
glass,pairflip,0.0,relabel,none,NB,46.573208722741434,48.81997378145882,46.573208722741434,48.81997378145882,0.0,0.0
glass,pairflip,0.0,relabel,reference labels,DT,68.69158878504673,68.0485807825557,68.69158878504673,68.0485807825557,0.0,0.0
glass,pairflip,0.0,relabel,reference labels,LR,64.797507788162,56.180997026817046,64.797507788162,56.180997026817046,0.0,0.0
glass,pairflip,0.0,relabel,reference labels,NB,46.573208722741434,48.81997378145882,46.573208722741434,48.81997378145882,0.0,0.0
glass,pairflip,0.1,relabel,DT hard_vote,DT,59.968847352024916,56.44492982902412,65.57632398753894,63.895664515926576,-5.6074766355140255,-7.450734686902457
glass,pairflip,0.1,relabel,DT hard_vote,LR,56.38629283489096,46.99273172946436,61.37071651090343,51.48593090022806,-4.984423676012469,-4.4931991707637025
glass,pairflip,0.1,relabel,DT hard_vote,NB,36.44859813084113,39.2706961311041,32.86604361370716,34.68440140552729,3.582554517133964,4.586294725576813
glass,pairflip,0.1,relabel,DT threshold,DT,59.50155763239875,55.79323538593331,65.57632398753894,63.895664515926576,-6.074766355140191,-8.102429129993268
glass,pairflip,0.1,relabel,DT threshold,LR,56.38629283489096,46.99273172946436,61.37071651090343,51.48593090022806,-4.984423676012469,-4.4931991707637025
glass,pairflip,0.1,relabel,DT threshold,NB,36.137071651090345,38.93113333518402,32.86604361370716,34.68440140552729,3.271028037383182,4.2467319296567325
glass,pairflip,0.1,relabel,NB hard_vote,DT,29.750778816199375,31.98208505607897,65.57632398753894,63.895664515926576,-35.82554517133957,-31.913579459847607
glass,pairflip,0.1,relabel,NB hard_vote,LR,30.373831775700936,33.535833781101694,61.37071651090343,51.48593090022806,-30.996884735202492,-17.95009711912637
glass,pairflip,0.1,relabel,NB hard_vote,NB,25.700934579439252,27.486177843997368,32.86604361370716,34.68440140552729,-7.1651090342679105,-7.198223561529922
glass,pairflip,0.1,relabel,NB threshold,DT,33.177570093457945,35.196655602860055,65.57632398753894,63.895664515926576,-32.398753894081,-28.69900891306652
glass,pairflip,0.1,relabel,NB threshold,LR,30.996884735202496,33.62891044895151,61.37071651090343,51.48593090022806,-30.373831775700932,-17.857020451276554
glass,pairflip,0.1,relabel,NB threshold,NB,26.168224299065418,28.33097505135269,32.86604361370716,34.68440140552729,-6.697819314641745,-6.353426354174598
glass,pairflip,0.1,relabel,committee consensus,DT,60.43613707165108,59.60039371378309,65.57632398753894,63.895664515926576,-5.14018691588786,-4.2952708021434844
glass,pairflip,0.1,relabel,committee consensus,LR,57.78816199376947,50.19694341360196,61.37071651090343,51.48593090022806,-3.582554517133957,-1.2889874866261053
glass,pairflip,0.1,relabel,committee consensus,NB,31.152647975077883,34.16473212310249,32.86604361370716,34.68440140552729,-1.7133956386292795,-0.5196692824248004
glass,pairflip,0.1,relabel,dual agreement,DT,61.52647975077881,61.15979364461098,65.57632398753894,63.895664515926576,-4.04984423676013,-2.7358708713155977
glass,pairflip,0.1,relabel,dual agreement,LR,60.90342679127726,53.280804466347604,61.37071651090343,51.48593090022806,-0.46728971962616583,1.7948735661195414
glass,pairflip,0.1,relabel,dual agreement,NB,30.062305295950154,33.90168078579104,32.86604361370716,34.68440140552729,-2.803738317757009,-0.7827206197362528
glass,pairflip,0.1,relabel,none,DT,65.57632398753894,63.895664515926576,65.57632398753894,63.895664515926576,0.0,0.0
glass,pairflip,0.1,relabel,none,LR,61.37071651090343,51.48593090022806,61.37071651090343,51.48593090022806,0.0,0.0
glass,pairflip,0.1,relabel,none,NB,32.86604361370716,34.68440140552729,32.86604361370716,34.68440140552729,0.0,0.0
glass,pairflip,0.1,relabel,reference labels,DT,68.69158878504673,68.0485807825557,65.57632398753894,63.895664515926576,3.115264797507791,4.152916266629127
glass,pairflip,0.1,relabel,reference labels,LR,64.797507788162,56.180997026817046,61.37071651090343,51.48593090022806,3.426791277258566,4.6950661265889835
glass,pairflip,0.1,relabel,reference labels,NB,46.573208722741434,48.81997378145882,32.86604361370716,34.68440140552729,13.707165109034271,14.135572375931531
glass,pairflip,0.2,relabel,DT hard_vote,DT,51.557632398753896,45.22416784208181,59.50155763239875,55.78822154734502,-7.943925233644855,-10.564053705263206
glass,pairflip,0.2,relabel,DT hard_vote,LR,51.401869158878505,39.817030646514894,57.78816199376947,48.557877790946634,-6.386292834890966,-8.74084714443174
glass,pairflip,0.2,relabel,DT hard_vote,NB,34.26791277258567,34.900562884455134,29.750778816199375,31.083724919796733,4.517133956386292,3.8168379646584008
glass,pairflip,0.2,relabel,DT threshold,DT,50.62305295950156,44.55212723507878,59.50155763239875,55.78822154734502,-8.878504672897193,-11.23609431226624
glass,pairflip,0.2,relabel,DT threshold,LR,51.24610591900312,39.767945139651374,57.78816199376947,48.557877790946634,-6.54205607476635,-8.78993265129526
glass,pairflip,0.2,relabel,DT threshold,NB,34.57943925233645,35.24903726939959,29.750778816199375,31.083724919796733,4.828660436137074,4.1653123496028535
glass,pairflip,0.2,relabel,NB hard_vote,DT,28.19314641744548,29.089542274564675,59.50155763239875,55.78822154734502,-31.30841121495327,-26.698679272780343
glass,pairflip,0.2,relabel,NB hard_vote,LR,27.570093457943926,28.968820668048668,57.78816199376947,48.557877790946634,-30.218068535825545,-19.589057122897966
glass,pairflip,0.2,relabel,NB hard_vote,NB,23.98753894080997,25.67705200858525,29.750778816199375,31.083724919796733,-5.763239875389406,-5.4066729112114835
glass,pairflip,0.2,relabel,NB threshold,DT,30.218068535825548,31.019879501609438,59.50155763239875,55.78822154734502,-29.283489096573202,-24.76834204573558
glass,pairflip,0.2,relabel,NB threshold,LR,29.4392523364486,31.19921960975593,57.78816199376947,48.557877790946634,-28.34890965732087,-17.358658181190705
glass,pairflip,0.2,relabel,NB threshold,NB,24.299065420560748,26.00872409879969,29.750778816199375,31.083724919796733,-5.4517133956386274,-5.075000820997044
glass,pairflip,0.2,relabel,committee consensus,DT,54.3613707165109,51.877396479195035,59.50155763239875,55.78822154734502,-5.140186915887853,-3.9108250681499825
glass,pairflip,0.2,relabel,committee consensus,LR,54.04984423676012,45.0216415468306,57.78816199376947,48.557877790946634,-3.738317757009348,-3.536236244116033
glass,pairflip,0.2,relabel,committee consensus,NB,30.996884735202496,33.15407365021267,29.750778816199375,31.083724919796733,1.2461059190031207,2.0703487304159403
glass,pairflip,0.2,relabel,dual agreement,DT,56.38629283489096,54.003385805507584,59.50155763239875,55.78822154734502,-3.115264797507791,-1.7848357418374334
glass,pairflip,0.2,relabel,dual agreement,LR,54.67289719626168,48.08793170179154,57.78816199376947,48.557877790946634,-3.115264797507791,-0.46994608915509417
glass,pairflip,0.2,relabel,dual agreement,NB,28.19314641744548,30.005553167517036,29.750778816199375,31.083724919796733,-1.5576323987538956,-1.0781717522796974
glass,pairflip,0.2,relabel,none,DT,59.50155763239875,55.78822154734502,59.50155763239875,55.78822154734502,0.0,0.0
glass,pairflip,0.2,relabel,none,LR,57.78816199376947,48.557877790946634,57.78816199376947,48.557877790946634,0.0,0.0
glass,pairflip,0.2,relabel,none,NB,29.750778816199375,31.083724919796733,29.750778816199375,31.083724919796733,0.0,0.0
glass,pairflip,0.2,relabel,reference labels,DT,68.69158878504673,68.0485807825557,59.50155763239875,55.78822154734502,9.190031152647983,12.260359235210686
glass,pairflip,0.2,relabel,reference labels,LR,64.797507788162,56.180997026817046,57.78816199376947,48.557877790946634,7.009345794392523,7.623119235870412
glass,pairflip,0.2,relabel,reference labels,NB,46.573208722741434,48.81997378145882,29.750778816199375,31.083724919796733,16.82242990654206,17.736248861662087
glass,pairflip,0.4,relabel,DT hard_vote,DT,43.45794392523364,40.50256244039471,45.17133956386292,42.720866196016964,-1.7133956386292795,-2.2183037556222516
glass,pairflip,0.4,relabel,DT hard_vote,LR,42.36760124610592,32.23645901885761,44.54828660436137,36.656297092471114,-2.1806853582554524,-4.419838073613505
glass,pairflip,0.4,relabel,DT hard_vote,NB,30.8411214953271,28.792545296036327,27.102803738317757,27.490009170617128,3.7383177570093444,1.3025361254191985
glass,pairflip,0.4,relabel,DT threshold,DT,43.45794392523364,40.50256244039471,45.17133956386292,42.720866196016964,-1.7133956386292795,-2.2183037556222516
glass,pairflip,0.4,relabel,DT threshold,LR,42.36760124610592,32.23645901885761,44.54828660436137,36.656297092471114,-2.1806853582554524,-4.419838073613505
glass,pairflip,0.4,relabel,DT threshold,NB,30.8411214953271,28.792545296036327,27.102803738317757,27.490009170617128,3.7383177570093444,1.3025361254191985
glass,pairflip,0.4,relabel,NB hard_vote,DT,25.856697819314643,26.508222716878567,45.17133956386292,42.720866196016964,-19.31464174454828,-16.212643479138396
glass,pairflip,0.4,relabel,NB hard_vote,LR,27.881619937694705,28.49131016946582,44.54828660436137,36.656297092471114,-16.666666666666668,-8.164986923005294
glass,pairflip,0.4,relabel,NB hard_vote,NB,24.299065420560748,25.87628425124287,27.102803738317757,27.490009170617128,-2.803738317757009,-1.6137249193742598
glass,pairflip,0.4,relabel,NB threshold,DT,27.570093457943926,27.362225189473676,45.17133956386292,42.720866196016964,-17.601246105918996,-15.358641006543287
glass,pairflip,0.4,relabel,NB threshold,LR,27.725856697819314,28.177274449833334,44.54828660436137,36.656297092471114,-16.82242990654206,-8.47902264263778
glass,pairflip,0.4,relabel,NB threshold,NB,23.831775700934582,25.30937746380395,27.102803738317757,27.490009170617128,-3.271028037383175,-2.180631706813177
glass,pairflip,0.4,relabel,committee consensus,DT,44.704049844236756,43.230348689011066,45.17133956386292,42.720866196016964,-0.46728971962616583,0.5094824929941026
glass,pairflip,0.4,relabel,committee consensus,LR,41.43302180685358,33.973160918058646,44.54828660436137,36.656297092471114,-3.115264797507791,-2.6831361744124678
glass,pairflip,0.4,relabel,committee consensus,NB,29.906542056074766,29.292662887991792,27.102803738317757,27.490009170617128,2.803738317757009,1.802653717374664
glass,pairflip,0.4,relabel,dual agreement,DT,47.35202492211838,42.95915350546682,45.17133956386292,42.720866196016964,2.1806853582554595,0.2382873094498592
glass,pairflip,0.4,relabel,dual agreement,LR,43.30218068535826,35.3728961817655,44.54828660436137,36.656297092471114,-1.2461059190031136,-1.2834009107056161
glass,pairflip,0.4,relabel,dual agreement,NB,25.545171339563865,26.489963639891858,27.102803738317757,27.490009170617128,-1.557632398753892,-1.00004553072527
glass,pairflip,0.4,relabel,none,DT,45.17133956386292,42.720866196016964,45.17133956386292,42.720866196016964,0.0,0.0
glass,pairflip,0.4,relabel,none,LR,44.54828660436137,36.656297092471114,44.54828660436137,36.656297092471114,0.0,0.0
glass,pairflip,0.4,relabel,none,NB,27.102803738317757,27.490009170617128,27.102803738317757,27.490009170617128,0.0,0.0
glass,pairflip,0.4,relabel,reference labels,DT,68.69158878504673,68.0485807825557,45.17133956386292,42.720866196016964,23.52024922118381,25.32771458653874
glass,pairflip,0.4,relabel,reference labels,LR,64.797507788162,56.180997026817046,44.54828660436137,36.656297092471114,20.24922118380062,19.524699934345932
glass,pairflip,0.4,relabel,reference labels,NB,46.573208722741434,48.81997378145882,27.102803738317757,27.490009170617128,19.470404984423677,21.329964610841692
glass,symmetric,0.0,relabel,DT hard_vote,DT,58.7227414330218,57.21625520286083,68.69158878504673,68.0485807825557,-9.96884735202493,-10.832325579694874
glass,symmetric,0.0,relabel,DT hard_vote,LR,59.968847352024916,51.76365886894704,64.797507788162,56.180997026817046,-4.828660436137078,-4.417338157870006
glass,symmetric,0.0,relabel,DT hard_vote,NB,31.931464174454828,35.57257863685757,46.573208722741434,48.81997378145882,-14.641744548286606,-13.24739514460125
glass,symmetric,0.0,relabel,DT threshold,DT,58.7227414330218,57.21625520286083,68.69158878504673,68.0485807825557,-9.96884735202493,-10.832325579694874
glass,symmetric,0.0,relabel,DT threshold,LR,59.968847352024916,51.76365886894704,64.797507788162,56.180997026817046,-4.828660436137078,-4.417338157870006
glass,symmetric,0.0,relabel,DT threshold,NB,31.931464174454828,35.57257863685757,46.573208722741434,48.81997378145882,-14.641744548286606,-13.24739514460125
glass,symmetric,0.0,relabel,NB hard_vote,DT,43.61370716510904,46.94072383323569,68.69158878504673,68.0485807825557,-25.077881619937692,-21.107856949320016
glass,symmetric,0.0,relabel,NB hard_vote,LR,47.81931464174455,43.84060883854051,64.797507788162,56.180997026817046,-16.978193146417446,-12.340388188276535
glass,symmetric,0.0,relabel,NB hard_vote,NB,33.48909657320872,39.63427711101044,46.573208722741434,48.81997378145882,-13.084112149532714,-9.18569667044838
glass,symmetric,0.0,relabel,NB threshold,DT,43.45794392523364,46.36013262784786,68.69158878504673,68.0485807825557,-25.23364485981309,-21.688448154707842
glass,symmetric,0.0,relabel,NB threshold,LR,46.573208722741434,42.925559032693194,64.797507788162,56.180997026817046,-18.22429906542056,-13.255437994123852
glass,symmetric,0.0,relabel,NB threshold,NB,32.86604361370717,38.830806509125075,46.573208722741434,48.81997378145882,-13.707165109034264,-9.989167272333745
glass,symmetric,0.0,relabel,committee consensus,DT,64.95327102803738,65.15355719146203,68.69158878504673,68.0485807825557,-3.738317757009355,-2.8950235910936755
glass,symmetric,0.0,relabel,committee consensus,LR,61.059190031152646,54.085722129592604,64.797507788162,56.180997026817046,-3.738317757009348,-2.095274897224442
glass,symmetric,0.0,relabel,committee consensus,NB,31.30841121495327,34.75056298580102,46.573208722741434,48.81997378145882,-15.264797507788163,-14.069410795657802
glass,symmetric,0.0,relabel,dual agreement,DT,67.601246105919,65.01190114101864,68.69158878504673,68.0485807825557,-1.0903426791277298,-3.036679641537063
glass,symmetric,0.0,relabel,dual agreement,LR,61.059190031152646,53.58304353116126,64.797507788162,56.180997026817046,-3.738317757009348,-2.597953495655787
glass,symmetric,0.0,relabel,dual agreement,NB,37.38317757009346,44.2019164677883,46.573208722741434,48.81997378145882,-9.190031152647975,-4.618057313670519
glass,symmetric,0.0,relabel,none,DT,68.69158878504673,68.0485807825557,68.69158878504673,68.0485807825557,0.0,0.0
glass,symmetric,0.0,relabel,none,LR,64.797507788162,56.180997026817046,64.797507788162,56.180997026817046,0.0,0.0
glass,symmetric,0.0,relabel,none,NB,46.573208722741434,48.81997378145882,46.573208722741434,48.81997378145882,0.0,0.0
glass,symmetric,0.0,relabel,reference labels,DT,68.69158878504673,68.0485807825557,68.69158878504673,68.0485807825557,0.0,0.0
glass,symmetric,0.0,relabel,reference labels,LR,64.797507788162,56.180997026817046,64.797507788162,56.180997026817046,0.0,0.0
glass,symmetric,0.0,relabel,reference labels,NB,46.573208722741434,48.81997378145882,46.573208722741434,48.81997378145882,0.0,0.0
glass,symmetric,0.1,relabel,DT hard_vote,DT,54.3613707165109,49.7335709081651,63.39563862928349,61.2790931175343,-9.034267912772592,-11.545522209369203
glass,symmetric,0.1,relabel,DT hard_vote,LR,60.43613707165108,49.756597700365965,63.08411214953271,54.587610626290505,-2.6479750778816253,-4.83101292592454
glass,symmetric,0.1,relabel,DT hard_vote,NB,35.202492211838006,34.39215041878273,36.7601246105919,33.162254403597856,-1.5576323987538956,1.2298960151848704
glass,symmetric,0.1,relabel,DT threshold,DT,54.82866043613708,50.20175048482243,63.39563862928349,61.2790931175343,-8.566978193146412,-11.077342632711868
glass,symmetric,0.1,relabel,DT threshold,LR,60.280373831775705,49.67999874605803,63.08411214953271,54.587610626290505,-2.803738317757002,-4.907611880232473
glass,symmetric,0.1,relabel,DT threshold,NB,35.202492211838006,34.39215041878273,36.7601246105919,33.162254403597856,-1.5576323987538956,1.2298960151848704
glass,symmetric,0.1,relabel,NB hard_vote,DT,35.82554517133956,34.80525943208209,63.39563862928349,61.2790931175343,-27.570093457943926,-26.473833685452213
glass,symmetric,0.1,relabel,NB hard_vote,LR,35.82554517133956,33.025722673165,63.08411214953271,54.587610626290505,-27.258566978193144,-21.561887953125506
glass,symmetric,0.1,relabel,NB hard_vote,NB,28.037383177570092,27.375259584890543,36.7601246105919,33.162254403597856,-8.72274143302181,-5.7869948187073135
glass,symmetric,0.1,relabel,NB threshold,DT,37.69470404984424,36.51855183796983,63.39563862928349,61.2790931175343,-25.70093457943925,-24.76054127956447
glass,symmetric,0.1,relabel,NB threshold,LR,37.850467289719624,34.109505348264356,63.08411214953271,54.587610626290505,-25.233644859813083,-20.47810527802615
glass,symmetric,0.1,relabel,NB threshold,NB,29.28348909657321,28.205710980905305,36.7601246105919,33.162254403597856,-7.476635514018692,-4.956543422692551
glass,symmetric,0.1,relabel,committee consensus,DT,58.411214953271035,55.4426015997232,63.39563862928349,61.2790931175343,-4.9844236760124545,-5.836491517811105
glass,symmetric,0.1,relabel,committee consensus,LR,61.37071651090343,53.592804833041534,63.08411214953271,54.587610626290505,-1.7133956386292795,-0.9948057932489718
glass,symmetric,0.1,relabel,committee consensus,NB,31.61993769470405,32.78791510743741,36.7601246105919,33.162254403597856,-5.140186915887853,-0.3743392961604499
glass,symmetric,0.1,relabel,dual agreement,DT,65.42056074766354,63.68360702945093,63.39563862928349,61.2790931175343,2.0249221183800543,2.4045139119166308
glass,symmetric,0.1,relabel,dual agreement,LR,61.52647975077881,53.872817623652615,63.08411214953271,54.587610626290505,-1.5576323987538956,-0.7147930026378901
glass,symmetric,0.1,relabel,dual agreement,NB,30.373831775700932,31.789399305341746,36.7601246105919,33.162254403597856,-6.38629283489097,-1.3728550982561103
glass,symmetric,0.1,relabel,none,DT,63.39563862928349,61.2790931175343,63.39563862928349,61.2790931175343,0.0,0.0
glass,symmetric,0.1,relabel,none,LR,63.08411214953271,54.587610626290505,63.08411214953271,54.587610626290505,0.0,0.0
glass,symmetric,0.1,relabel,none,NB,36.7601246105919,33.162254403597856,36.7601246105919,33.162254403597856,0.0,0.0
glass,symmetric,0.1,relabel,reference labels,DT,68.69158878504673,68.0485807825557,63.39563862928349,61.2790931175343,5.295950155763244,6.769487665021401
glass,symmetric,0.1,relabel,reference labels,LR,64.797507788162,56.180997026817046,63.08411214953271,54.587610626290505,1.7133956386292866,1.5933864005265406
glass,symmetric,0.1,relabel,reference labels,NB,46.573208722741434,48.81997378145882,36.7601246105919,33.162254403597856,9.813084112149532,15.657719377860964
glass,symmetric,0.2,relabel,DT hard_vote,DT,51.86915887850467,44.48123977018529,58.56697819314642,51.46880275109664,-6.697819314641748,-6.987562980911349
glass,symmetric,0.2,relabel,DT hard_vote,LR,59.50155763239875,46.62506053358117,60.43613707165108,52.92621861269245,-0.9345794392523317,-6.301158079111282
glass,symmetric,0.2,relabel,DT hard_vote,NB,39.56386292834891,35.72487056436553,40.965732087227416,34.51642756224668,-1.4018691588785046,1.2084430021188481
glass,symmetric,0.2,relabel,DT threshold,DT,51.557632398753896,44.02826950670792,58.56697819314642,51.46880275109664,-7.009345794392523,-7.4405332443887175
glass,symmetric,0.2,relabel,DT threshold,LR,58.8785046728972,46.32383708643034,60.43613707165108,52.92621861269245,-1.5576323987538814,-6.602381526262114
glass,symmetric,0.2,relabel,DT threshold,NB,39.56386292834891,36.0180559680986,40.965732087227416,34.51642756224668,-1.4018691588785046,1.5016284058519176
glass,symmetric,0.2,relabel,NB hard_vote,DT,36.7601246105919,33.84248130637209,58.56697819314642,51.46880275109664,-21.806853582554517,-17.626321444724546
glass,symmetric,0.2,relabel,NB hard_vote,LR,38.161993769470406,32.842146540591195,60.43613707165108,52.92621861269245,-22.274143302180676,-20.084072072101257
glass,symmetric,0.2,relabel,NB hard_vote,NB,27.881619937694705,27.63187358884016,40.965732087227416,34.51642756224668,-13.08411214953271,-6.884553973406522
glass,symmetric,0.2,relabel,NB threshold,DT,38.78504672897196,35.96704537516794,58.56697819314642,51.46880275109664,-19.781931464174455,-15.501757375928698
glass,symmetric,0.2,relabel,NB threshold,LR,37.850467289719624,32.667322034445924,60.43613707165108,52.92621861269245,-22.585669781931458,-20.258896578246528
glass,symmetric,0.2,relabel,NB threshold,NB,28.34890965732087,28.054098561389555,40.965732087227416,34.51642756224668,-12.616822429906545,-6.462329000857128
glass,symmetric,0.2,relabel,committee consensus,DT,56.85358255451714,52.2165391004224,58.56697819314642,51.46880275109664,-1.7133956386292795,0.7477363493257627
glass,symmetric,0.2,relabel,committee consensus,LR,57.165109034267914,47.289501809292325,60.43613707165108,52.92621861269245,-3.271028037383168,-5.636716803400127
glass,symmetric,0.2,relabel,committee consensus,NB,31.775700934579444,30.655264823647396,40.965732087227416,34.51642756224668,-9.190031152647972,-3.861162738599287
glass,symmetric,0.2,relabel,dual agreement,DT,57.00934579439252,52.02415909038998,58.56697819314642,51.46880275109664,-1.5576323987538956,0.5553563392933398
glass,symmetric,0.2,relabel,dual agreement,LR,58.099688473520246,47.5918109844521,60.43613707165108,52.92621861269245,-2.3364485981308363,-5.334407628240349
glass,symmetric,0.2,relabel,dual agreement,NB,32.08722741433022,31.001754201538876,40.965732087227416,34.51642756224668,-8.878504672897193,-3.514673360707807
glass,symmetric,0.2,relabel,none,DT,58.56697819314642,51.46880275109664,58.56697819314642,51.46880275109664,0.0,0.0
glass,symmetric,0.2,relabel,none,LR,60.43613707165108,52.92621861269245,60.43613707165108,52.92621861269245,0.0,0.0
glass,symmetric,0.2,relabel,none,NB,40.965732087227416,34.51642756224668,40.965732087227416,34.51642756224668,0.0,0.0
glass,symmetric,0.2,relabel,reference labels,DT,68.69158878504673,68.0485807825557,58.56697819314642,51.46880275109664,10.124610591900314,16.579778031459064
glass,symmetric,0.2,relabel,reference labels,LR,64.797507788162,56.180997026817046,60.43613707165108,52.92621861269245,4.361370716510912,3.254778414124594
glass,symmetric,0.2,relabel,reference labels,NB,46.573208722741434,48.81997378145882,40.965732087227416,34.51642756224668,5.607476635514018,14.303546219212137
glass,symmetric,0.4,relabel,DT hard_vote,DT,35.3582554517134,29.443972181485933,43.45794392523364,36.59099031278166,-8.099688473520246,-7.147018131295731
glass,symmetric,0.4,relabel,DT hard_vote,LR,47.0404984423676,36.81966244537001,52.95950155763239,40.97598263601608,-5.919003115264793,-4.1563201906460705
glass,symmetric,0.4,relabel,DT hard_vote,NB,38.00623052959502,32.32325424108681,41.900311526479754,34.00983136587478,-3.894080996884732,-1.6865771247879735
glass,symmetric,0.4,relabel,DT threshold,DT,35.3582554517134,29.443972181485933,43.45794392523364,36.59099031278166,-8.099688473520246,-7.147018131295731
glass,symmetric,0.4,relabel,DT threshold,LR,47.0404984423676,36.81966244537001,52.95950155763239,40.97598263601608,-5.919003115264793,-4.1563201906460705
glass,symmetric,0.4,relabel,DT threshold,NB,38.00623052959502,32.32325424108681,41.900311526479754,34.00983136587478,-3.894080996884732,-1.6865771247879735
glass,symmetric,0.4,relabel,NB hard_vote,DT,39.09657320872274,34.80320922624461,43.45794392523364,36.59099031278166,-4.361370716510905,-1.787781086537052
glass,symmetric,0.4,relabel,NB hard_vote,LR,41.58878504672897,34.61161907761956,52.95950155763239,40.97598263601608,-11.37071651090342,-6.364363558396519
glass,symmetric,0.4,relabel,NB hard_vote,NB,31.30841121495327,29.164461969751244,41.900311526479754,34.00983136587478,-10.591900311526484,-4.845369396123537
glass,symmetric,0.4,relabel,NB threshold,DT,40.654205607476634,34.942790771598794,43.45794392523364,36.59099031278166,-2.803738317757009,-1.6481995411828692
glass,symmetric,0.4,relabel,NB threshold,LR,41.27725856697819,34.2895193969757,52.95950155763239,40.97598263601608,-11.682242990654203,-6.686463239040378
glass,symmetric,0.4,relabel,NB threshold,NB,33.021806853582554,30.631624616325286,41.900311526479754,34.00983136587478,-8.8785046728972,-3.378206749549495
glass,symmetric,0.4,relabel,committee consensus,DT,46.573208722741434,38.19560047342913,43.45794392523364,36.59099031278166,3.115264797507791,1.6046101606474679
glass,symmetric,0.4,relabel,committee consensus,LR,52.492211838006234,42.042163349766774,52.95950155763239,40.97598263601608,-0.46728971962615873,1.066180713750697
glass,symmetric,0.4,relabel,committee consensus,NB,35.66978193146417,33.18008711920116,41.900311526479754,34.00983136587478,-6.230529595015582,-0.82974424667362
glass,symmetric,0.4,relabel,dual agreement,DT,45.95015576323988,39.55008367921522,43.45794392523364,36.59099031278166,2.4922118380062344,2.9590933664335566
glass,symmetric,0.4,relabel,dual agreement,LR,50.62305295950156,40.06969500541799,52.95950155763239,40.97598263601608,-2.3364485981308363,-0.9062876305980865
glass,symmetric,0.4,relabel,dual agreement,NB,36.29283489096573,31.446058318816366,41.900311526479754,34.00983136587478,-5.6074766355140255,-2.5637730470584152
glass,symmetric,0.4,relabel,none,DT,43.45794392523364,36.59099031278166,43.45794392523364,36.59099031278166,0.0,0.0
glass,symmetric,0.4,relabel,none,LR,52.95950155763239,40.97598263601608,52.95950155763239,40.97598263601608,0.0,0.0
glass,symmetric,0.4,relabel,none,NB,41.900311526479754,34.00983136587478,41.900311526479754,34.00983136587478,0.0,0.0
glass,symmetric,0.4,relabel,reference labels,DT,68.69158878504673,68.0485807825557,43.45794392523364,36.59099031278166,25.23364485981309,31.45759046977404
glass,symmetric,0.4,relabel,reference labels,LR,64.797507788162,56.180997026817046,52.95950155763239,40.97598263601608,11.8380062305296,15.205014390800969
glass,symmetric,0.4,relabel,reference labels,NB,46.573208722741434,48.81997378145882,41.900311526479754,34.00983136587478,4.67289719626168,14.810142415584039
image-segmentation,pairflip,0.0,relabel,DT hard_vote,DT,94.12698412698414,94.12611810437919,96.95526695526695,96.95641762956461,-2.828282828282809,-2.830299525185424
image-segmentation,pairflip,0.0,relabel,DT hard_vote,LR,93.39105339105339,93.41182927168688,93.33333333333333,93.36030455053786,0.05772005772006139,0.05152472114902196
image-segmentation,pairflip,0.0,relabel,DT hard_vote,NB,80.14430014430015,78.36883497026854,79.66810966810966,77.70433597553865,0.4761904761904816,0.6644989947298825
image-segmentation,pairflip,0.0,relabel,DT threshold,DT,94.12698412698414,94.12611810437919,96.95526695526695,96.95641762956461,-2.828282828282809,-2.830299525185424
image-segmentation,pairflip,0.0,relabel,DT threshold,LR,93.39105339105339,93.41182927168688,93.33333333333333,93.36030455053786,0.05772005772006139,0.05152472114902196
image-segmentation,pairflip,0.0,relabel,DT threshold,NB,80.14430014430015,78.36883497026854,79.66810966810966,77.70433597553865,0.4761904761904816,0.6644989947298825
image-segmentation,pairflip,0.0,relabel,NB hard_vote,DT,79.0909090909091,77.20258551332643,96.95526695526695,96.95641762956461,-17.864357864357856,-19.753832116238186
image-segmentation,pairflip,0.0,relabel,NB hard_vote,LR,81.05339105339105,79.04673010874134,93.33333333333333,93.36030455053786,-12.279942279942276,-14.313574441796518
image-segmentation,pairflip,0.0,relabel,NB hard_vote,NB,72.33766233766234,71.9920677132302,79.66810966810966,77.70433597553865,-7.330447330447328,-5.712268262308456
image-segmentation,pairflip,0.0,relabel,NB threshold,DT,81.55844155844156,79.76518444763344,96.95526695526695,96.95641762956461,-15.396825396825392,-17.191233181931167
image-segmentation,pairflip,0.0,relabel,NB threshold,LR,83.21789321789322,81.35597561567509,93.33333333333333,93.36030455053786,-10.115440115440109,-12.00432893486277
image-segmentation,pairflip,0.0,relabel,NB threshold,NB,73.27561327561328,72.86726332870502,79.66810966810966,77.70433597553865,-6.392496392496383,-4.837072646833633
image-segmentation,pairflip,0.0,relabel,committee consensus,DT,95.10822510822511,95.10550625587256,96.95526695526695,96.95641762956461,-1.8470418470418366,-1.8509113736920568
image-segmentation,pairflip,0.0,relabel,committee consensus,LR,93.31890331890332,93.33362769701974,93.33333333333333,93.36030455053786,-0.01443001443000469,-0.026676853518125654
image-segmentation,pairflip,0.0,relabel,committee consensus,NB,79.6969696969697,77.99598783710667,79.66810966810966,77.70433597553865,0.0288600288600378,0.29165186156801326
image-segmentation,pairflip,0.0,relabel,dual agreement,DT,95.64213564213564,95.63635951460236,96.95526695526695,96.95641762956461,-1.3131313131313078,-1.3200581149622508
image-segmentation,pairflip,0.0,relabel,dual agreement,LR,93.26118326118326,93.28895707558642,93.33333333333333,93.36030455053786,-0.07215007215006608,-0.07134747495143756
image-segmentation,pairflip,0.0,relabel,dual agreement,NB,79.56709956709956,77.68659704600437,79.66810966810966,77.70433597553865,-0.10101010101010388,-0.017738929534289127
image-segmentation,pairflip,0.0,relabel,none,DT,96.95526695526695,96.95641762956461,96.95526695526695,96.95641762956461,0.0,0.0
image-segmentation,pairflip,0.0,relabel,none,LR,93.33333333333333,93.36030455053786,93.33333333333333,93.36030455053786,0.0,0.0
image-segmentation,pairflip,0.0,relabel,none,NB,79.66810966810966,77.70433597553865,79.66810966810966,77.70433597553865,0.0,0.0
image-segmentation,pairflip,0.0,relabel,reference labels,DT,96.95526695526695,96.95641762956461,96.95526695526695,96.95641762956461,0.0,0.0
image-segmentation,pairflip,0.0,relabel,reference labels,LR,93.33333333333333,93.36030455053786,93.33333333333333,93.36030455053786,0.0,0.0
image-segmentation,pairflip,0.0,relabel,reference labels,NB,79.66810966810966,77.70433597553865,79.66810966810966,77.70433597553865,0.0,0.0
image-segmentation,pairflip,0.1,relabel,DT hard_vote,DT,83.92496392496393,83.90760508823996,86.19047619047619,86.19905230435279,-2.265512265512257,-2.2914472161128288
image-segmentation,pairflip,0.1,relabel,DT hard_vote,LR,90.5050505050505,90.53326681664124,90.85137085137085,90.89529718898923,-0.3463203463203399,-0.36203037234798785
image-segmentation,pairflip,0.1,relabel,DT hard_vote,NB,74.44444444444444,72.70336697548161,73.96825396825396,71.97303479794168,0.4761904761904816,0.7303321775399354
image-segmentation,pairflip,0.1,relabel,DT threshold,DT,83.79509379509379,83.8028351670153,86.19047619047619,86.19905230435279,-2.3953823953823985,-2.396217137337487
image-segmentation,pairflip,0.1,relabel,DT threshold,LR,90.46176046176045,90.49059030780718,90.85137085137085,90.89529718898923,-0.3896103896103966,-0.4047068811820509
image-segmentation,pairflip,0.1,relabel,DT threshold,NB,74.84848484848486,73.1611028583356,73.96825396825396,71.97303479794168,0.8802308802308971,1.1880680603939169
image-segmentation,pairflip,0.1,relabel,NB hard_vote,DT,73.96825396825398,72.12441162693341,86.19047619047619,86.19905230435279,-12.222222222222214,-14.074640677419382
image-segmentation,pairflip,0.1,relabel,NB hard_vote,LR,74.71861471861472,72.68249645538761,90.85137085137085,90.89529718898923,-16.13275613275613,-18.212800733601625
image-segmentation,pairflip,0.1,relabel,NB hard_vote,NB,71.5007215007215,71.04890302021654,73.96825396825396,71.97303479794168,-2.4675324675324646,-0.9241317777251368
image-segmentation,pairflip,0.1,relabel,NB threshold,DT,78.1096681096681,77.11357733937076,86.19047619047619,86.19905230435279,-8.080808080808083,-9.085474964982026
image-segmentation,pairflip,0.1,relabel,NB threshold,LR,78.62914862914863,77.49170984242227,90.85137085137085,90.89529718898923,-12.222222222222214,-13.403587346566965
image-segmentation,pairflip,0.1,relabel,NB threshold,NB,72.58297258297259,72.14452527304421,73.96825396825396,71.97303479794168,-1.385281385281374,0.17149047510253013
image-segmentation,pairflip,0.1,relabel,committee consensus,DT,91.2121212121212,91.0812529037147,86.19047619047619,86.19905230435279,5.021645021645014,4.882200599361909
image-segmentation,pairflip,0.1,relabel,committee consensus,LR,92.3953823953824,92.35296206824769,90.85137085137085,90.89529718898923,1.5440115440115534,1.4576648792584592
image-segmentation,pairflip,0.1,relabel,committee consensus,NB,77.77777777777779,76.12297893870988,73.96825396825396,71.97303479794168,3.8095238095238244,4.1499441407681985
image-segmentation,pairflip,0.1,relabel,dual agreement,DT,91.94805194805195,91.86766138336242,86.19047619047619,86.19905230435279,5.757575757575765,5.668609079009627
image-segmentation,pairflip,0.1,relabel,dual agreement,LR,92.4963924963925,92.49901741802438,90.85137085137085,90.89529718898923,1.6450216450216573,1.6037202290351473
image-segmentation,pairflip,0.1,relabel,dual agreement,NB,76.86868686868688,75.10990060807312,73.96825396825396,71.97303479794168,2.900432900432918,3.1368658101314395
image-segmentation,pairflip,0.1,relabel,none,DT,86.19047619047619,86.19905230435279,86.19047619047619,86.19905230435279,0.0,0.0
image-segmentation,pairflip,0.1,relabel,none,LR,90.85137085137085,90.89529718898923,90.85137085137085,90.89529718898923,0.0,0.0
image-segmentation,pairflip,0.1,relabel,none,NB,73.96825396825396,71.97303479794168,73.96825396825396,71.97303479794168,0.0,0.0
image-segmentation,pairflip,0.1,relabel,reference labels,DT,96.95526695526695,96.95641762956461,86.19047619047619,86.19905230435279,10.76479076479076,10.757365325211822
image-segmentation,pairflip,0.1,relabel,reference labels,LR,93.33333333333333,93.36030455053786,90.85137085137085,90.89529718898923,2.4819624819624835,2.465007361548629
image-segmentation,pairflip,0.1,relabel,reference labels,NB,79.66810966810966,77.70433597553865,73.96825396825396,71.97303479794168,5.6998556998557035,5.7313011775969755
image-segmentation,pairflip,0.2,relabel,DT hard_vote,DT,73.6940836940837,73.66214784389373,77.24386724386724,77.22214352606463,-3.549783549783541,-3.559995682170893
image-segmentation,pairflip,0.2,relabel,DT hard_vote,LR,87.44588744588744,87.30561875922261,87.77777777777779,87.77714489495948,-0.33189033189034944,-0.4715261357368661
image-segmentation,pairflip,0.2,relabel,DT hard_vote,NB,68.8888888888889,65.35877392981979,68.36940836940836,64.33297784163142,0.5194805194805383,1.0257960881883719
image-segmentation,pairflip,0.2,relabel,DT threshold,DT,73.93939393939394,73.90841436220164,77.24386724386724,77.22214352606463,-3.304473304473305,-3.3137291638629875
image-segmentation,pairflip,0.2,relabel,DT threshold,LR,87.46031746031747,87.39139923601824,87.77777777777779,87.77714489495948,-0.31746031746031633,-0.38574565894123225
image-segmentation,pairflip,0.2,relabel,DT threshold,NB,68.91774891774891,65.48587693574265,68.36940836940836,64.33297784163142,0.5483405483405477,1.152899094111234
image-segmentation,pairflip,0.2,relabel,NB hard_vote,DT,67.92207792207792,63.93587345138835,77.24386724386724,77.22214352606463,-9.321789321789325,-13.286270074676274
image-segmentation,pairflip,0.2,relabel,NB hard_vote,LR,68.73015873015873,64.31675119321478,87.77777777777779,87.77714489495948,-19.04761904761905,-23.460393701744692
image-segmentation,pairflip,0.2,relabel,NB hard_vote,NB,68.36940836940836,66.77942840018399,68.36940836940836,64.33297784163142,0.0,2.44645055855257
image-segmentation,pairflip,0.2,relabel,NB threshold,DT,71.2121212121212,68.77118956550282,77.24386724386724,77.22214352606463,-6.031746031746039,-8.450953960561804
image-segmentation,pairflip,0.2,relabel,NB threshold,LR,71.0966810966811,67.86070243873513,87.77777777777779,87.77714489495948,-16.68109668109669,-19.916442456224345
image-segmentation,pairflip,0.2,relabel,NB threshold,NB,69.61038961038962,68.33953634408758,68.36940836940836,64.33297784163142,1.240981240981256,4.0065585024561585
image-segmentation,pairflip,0.2,relabel,committee consensus,DT,83.33333333333333,82.80422046984252,77.24386724386724,77.22214352606463,6.089466089466086,5.582076943777892
image-segmentation,pairflip,0.2,relabel,committee consensus,LR,88.57142857142857,87.93393258557148,87.77777777777779,87.77714489495948,0.7936507936507837,0.15678769061200626
image-segmentation,pairflip,0.2,relabel,committee consensus,NB,71.90476190476191,69.50147933147379,68.36940836940836,64.33297784163142,3.5353535353535506,5.16850148984237
image-segmentation,pairflip,0.2,relabel,dual agreement,DT,84.73304473304474,84.45823648540966,77.24386724386724,77.22214352606463,7.489177489177493,7.236092959345029
image-segmentation,pairflip,0.2,relabel,dual agreement,LR,88.8023088023088,88.29570025735357,87.77777777777779,87.77714489495948,1.024531024531015,0.5185553623940962
image-segmentation,pairflip,0.2,relabel,dual agreement,NB,71.8903318903319,69.33719129269542,68.36940836940836,64.33297784163142,3.5209235209235317,5.004213451064004
image-segmentation,pairflip,0.2,relabel,none,DT,77.24386724386724,77.22214352606463,77.24386724386724,77.22214352606463,0.0,0.0
image-segmentation,pairflip,0.2,relabel,none,LR,87.77777777777779,87.77714489495948,87.77777777777779,87.77714489495948,0.0,0.0
image-segmentation,pairflip,0.2,relabel,none,NB,68.36940836940836,64.33297784163142,68.36940836940836,64.33297784163142,0.0,0.0
image-segmentation,pairflip,0.2,relabel,reference labels,DT,96.95526695526695,96.95641762956461,77.24386724386724,77.22214352606463,19.711399711399707,19.734274103499985
image-segmentation,pairflip,0.2,relabel,reference labels,LR,93.33333333333333,93.36030455053786,87.77777777777779,87.77714489495948,5.555555555555543,5.583159655578385
image-segmentation,pairflip,0.2,relabel,reference labels,NB,79.66810966810966,77.70433597553865,68.36940836940836,64.33297784163142,11.298701298701303,13.371358133907236
image-segmentation,pairflip,0.4,relabel,DT hard_vote,DT,57.72005772005772,57.62333392707914,59.79797979797979,59.77322986004017,-2.077922077922075,-2.14989593296103
image-segmentation,pairflip,0.4,relabel,DT hard_vote,LR,69.00432900432901,68.20084074462221,68.96103896103897,68.58723964406967,0.04329004329004249,-0.38639889944745676
image-segmentation,pairflip,0.4,relabel,DT hard_vote,NB,57.59018759018759,53.058687408595034,56.06060606060606,50.78761512884836,1.5295815295815274,2.271072279746676
image-segmentation,pairflip,0.4,relabel,DT threshold,DT,57.01298701298702,56.97307934327944,59.79797979797979,59.77322986004017,-2.784992784992774,-2.8001505167607306
image-segmentation,pairflip,0.4,relabel,DT threshold,LR,68.13852813852814,67.51568507698435,68.96103896103897,68.58723964406967,-0.8225108225108215,-1.0715545670853146
image-segmentation,pairflip,0.4,relabel,DT threshold,NB,57.17171717171717,52.59891568565331,56.06060606060606,50.78761512884836,1.1111111111111072,1.8113005568049516
image-segmentation,pairflip,0.4,relabel,NB hard_vote,DT,55.61327561327562,50.47961296633891,59.79797979797979,59.77322986004017,-4.184704184704174,-9.293616893701255
image-segmentation,pairflip,0.4,relabel,NB hard_vote,LR,57.662337662337656,52.51720946772394,68.96103896103897,68.58723964406967,-11.29870129870131,-16.070030176345732
image-segmentation,pairflip,0.4,relabel,NB hard_vote,NB,55.91630591630592,53.220279440470385,56.06060606060606,50.78761512884836,-0.14430014430013927,2.432664311622027
image-segmentation,pairflip,0.4,relabel,NB threshold,DT,56.13275613275613,51.29411044050111,59.79797979797979,59.77322986004017,-3.665223665223664,-8.47911941953906
image-segmentation,pairflip,0.4,relabel,NB threshold,LR,58.513708513708515,53.398505245473416,68.96103896103897,68.58723964406967,-10.447330447330451,-15.188734398596253
image-segmentation,pairflip,0.4,relabel,NB threshold,NB,57.35930735930736,55.119770211823656,56.06060606060606,50.78761512884836,1.298701298701296,4.332155082975298
image-segmentation,pairflip,0.4,relabel,committee consensus,DT,64.63203463203463,63.719621412134615,59.79797979797979,59.77322986004017,4.8340548340548395,3.946391552094447
image-segmentation,pairflip,0.4,relabel,committee consensus,LR,75.3968253968254,72.16217230656257,68.96103896103897,68.58723964406967,6.43578643578644,3.5749326624928983
image-segmentation,pairflip,0.4,relabel,committee consensus,NB,63.621933621933614,58.837301707294095,56.06060606060606,50.78761512884836,7.561327561327552,8.049686578445737
image-segmentation,pairflip,0.4,relabel,dual agreement,DT,65.78643578643579,65.09511785695916,59.79797979797979,59.77322986004017,5.988455988455996,5.321887996918996
image-segmentation,pairflip,0.4,relabel,dual agreement,LR,75.85858585858585,72.83666712557344,68.96103896103897,68.58723964406967,6.8975468975468885,4.249427481503773
image-segmentation,pairflip,0.4,relabel,dual agreement,NB,63.36219336219336,58.50177088321228,56.06060606060606,50.78761512884836,7.301587301587297,7.714155754363922
image-segmentation,pairflip,0.4,relabel,none,DT,59.79797979797979,59.77322986004017,59.79797979797979,59.77322986004017,0.0,0.0
image-segmentation,pairflip,0.4,relabel,none,LR,68.96103896103897,68.58723964406967,68.96103896103897,68.58723964406967,0.0,0.0
image-segmentation,pairflip,0.4,relabel,none,NB,56.06060606060606,50.78761512884836,56.06060606060606,50.78761512884836,0.0,0.0
image-segmentation,pairflip,0.4,relabel,reference labels,DT,96.95526695526695,96.95641762956461,59.79797979797979,59.77322986004017,37.15728715728716,37.183187769524444
image-segmentation,pairflip,0.4,relabel,reference labels,LR,93.33333333333333,93.36030455053786,68.96103896103897,68.58723964406967,24.372294372294363,24.773064906468193
image-segmentation,pairflip,0.4,relabel,reference labels,NB,79.66810966810966,77.70433597553865,56.06060606060606,50.78761512884836,23.607503607503602,26.916720846690296
image-segmentation,symmetric,0.0,relabel,DT hard_vote,DT,94.12698412698414,94.12611810437919,96.95526695526695,96.95641762956461,-2.828282828282809,-2.830299525185424
image-segmentation,symmetric,0.0,relabel,DT hard_vote,LR,93.39105339105339,93.41182927168688,93.33333333333333,93.36030455053786,0.05772005772006139,0.05152472114902196
image-segmentation,symmetric,0.0,relabel,DT hard_vote,NB,80.14430014430015,78.36883497026854,79.66810966810966,77.70433597553865,0.4761904761904816,0.6644989947298825
image-segmentation,symmetric,0.0,relabel,DT threshold,DT,94.12698412698414,94.12611810437919,96.95526695526695,96.95641762956461,-2.828282828282809,-2.830299525185424
image-segmentation,symmetric,0.0,relabel,DT threshold,LR,93.39105339105339,93.41182927168688,93.33333333333333,93.36030455053786,0.05772005772006139,0.05152472114902196
image-segmentation,symmetric,0.0,relabel,DT threshold,NB,80.14430014430015,78.36883497026854,79.66810966810966,77.70433597553865,0.4761904761904816,0.6644989947298825
image-segmentation,symmetric,0.0,relabel,NB hard_vote,DT,79.0909090909091,77.20258551332643,96.95526695526695,96.95641762956461,-17.864357864357856,-19.753832116238186
image-segmentation,symmetric,0.0,relabel,NB hard_vote,LR,81.05339105339105,79.04673010874134,93.33333333333333,93.36030455053786,-12.279942279942276,-14.313574441796518
image-segmentation,symmetric,0.0,relabel,NB hard_vote,NB,72.33766233766234,71.9920677132302,79.66810966810966,77.70433597553865,-7.330447330447328,-5.712268262308456
image-segmentation,symmetric,0.0,relabel,NB threshold,DT,81.55844155844156,79.76518444763344,96.95526695526695,96.95641762956461,-15.396825396825392,-17.191233181931167
image-segmentation,symmetric,0.0,relabel,NB threshold,LR,83.21789321789322,81.35597561567509,93.33333333333333,93.36030455053786,-10.115440115440109,-12.00432893486277
image-segmentation,symmetric,0.0,relabel,NB threshold,NB,73.27561327561328,72.86726332870502,79.66810966810966,77.70433597553865,-6.392496392496383,-4.837072646833633
image-segmentation,symmetric,0.0,relabel,committee consensus,DT,95.10822510822511,95.10550625587256,96.95526695526695,96.95641762956461,-1.8470418470418366,-1.8509113736920568
image-segmentation,symmetric,0.0,relabel,committee consensus,LR,93.31890331890332,93.33362769701974,93.33333333333333,93.36030455053786,-0.01443001443000469,-0.026676853518125654
image-segmentation,symmetric,0.0,relabel,committee consensus,NB,79.6969696969697,77.99598783710667,79.66810966810966,77.70433597553865,0.0288600288600378,0.29165186156801326
image-segmentation,symmetric,0.0,relabel,dual agreement,DT,95.64213564213564,95.63635951460236,96.95526695526695,96.95641762956461,-1.3131313131313078,-1.3200581149622508
image-segmentation,symmetric,0.0,relabel,dual agreement,LR,93.26118326118326,93.28895707558642,93.33333333333333,93.36030455053786,-0.07215007215006608,-0.07134747495143756
image-segmentation,symmetric,0.0,relabel,dual agreement,NB,79.56709956709956,77.68659704600437,79.66810966810966,77.70433597553865,-0.10101010101010388,-0.017738929534289127
image-segmentation,symmetric,0.0,relabel,none,DT,96.95526695526695,96.95641762956461,96.95526695526695,96.95641762956461,0.0,0.0
image-segmentation,symmetric,0.0,relabel,none,LR,93.33333333333333,93.36030455053786,93.33333333333333,93.36030455053786,0.0,0.0
image-segmentation,symmetric,0.0,relabel,none,NB,79.66810966810966,77.70433597553865,79.66810966810966,77.70433597553865,0.0,0.0
image-segmentation,symmetric,0.0,relabel,reference labels,DT,96.95526695526695,96.95641762956461,96.95526695526695,96.95641762956461,0.0,0.0
image-segmentation,symmetric,0.0,relabel,reference labels,LR,93.33333333333333,93.36030455053786,93.33333333333333,93.36030455053786,0.0,0.0
image-segmentation,symmetric,0.0,relabel,reference labels,NB,79.66810966810966,77.70433597553865,79.66810966810966,77.70433597553865,0.0,0.0
image-segmentation,symmetric,0.1,relabel,DT hard_vote,DT,83.01587301587301,83.01180580839178,86.10389610389609,86.09920501614079,-3.0880230880230783,-3.0873992077490016
image-segmentation,symmetric,0.1,relabel,DT hard_vote,LR,91.0966810966811,91.11062788702522,91.24098124098124,91.24642585777478,-0.14430014430014637,-0.13579797074956446
image-segmentation,symmetric,0.1,relabel,DT hard_vote,NB,71.991341991342,69.29872254712977,71.63059163059164,68.6861395250653,0.3607503607503588,0.6125830220644701
image-segmentation,symmetric,0.1,relabel,DT threshold,DT,83.52092352092352,83.5396154976125,86.10389610389609,86.09920501614079,-2.582972582972573,-2.559589518528284
image-segmentation,symmetric,0.1,relabel,DT threshold,LR,91.26984126984127,91.29361950161906,91.24098124098124,91.24642585777478,0.02886002886002359,0.04719364384428104
image-segmentation,symmetric,0.1,relabel,DT threshold,NB,71.91919191919192,69.24811467872233,71.63059163059164,68.6861395250653,0.28860028860027853,0.5619751536570305
image-segmentation,symmetric,0.1,relabel,NB hard_vote,DT,70.63492063492065,67.65360326342746,86.10389610389609,86.09920501614079,-15.468975468975444,-18.44560175271333
image-segmentation,symmetric,0.1,relabel,NB hard_vote,LR,72.45310245310246,69.3756343307618,91.24098124098124,91.24642585777478,-18.787878787878782,-21.870791527012983
image-segmentation,symmetric,0.1,relabel,NB hard_vote,NB,67.24386724386724,66.31145766167383,71.63059163059164,68.6861395250653,-4.386724386724396,-2.374681863391473
image-segmentation,symmetric,0.1,relabel,NB threshold,DT,76.4069264069264,74.46928032020266,86.10389610389609,86.09920501614079,-9.696969696969688,-11.62992469593813
image-segmentation,symmetric,0.1,relabel,NB threshold,LR,78.15295815295815,75.93097967199778,91.24098124098124,91.24642585777478,-13.088023088023093,-15.315446185777006
image-segmentation,symmetric,0.1,relabel,NB threshold,NB,69.71139971139972,69.03759732834702,71.63059163059164,68.6861395250653,-1.919191919191917,0.3514578032817184
image-segmentation,symmetric,0.1,relabel,committee consensus,DT,91.13997113997114,91.02235565022784,86.10389610389609,86.09920501614079,5.036075036075047,4.923150634087051
image-segmentation,symmetric,0.1,relabel,committee consensus,LR,92.3088023088023,92.32102710632661,91.24098124098124,91.24642585777478,1.0678210678210576,1.0746012485518293
image-segmentation,symmetric,0.1,relabel,committee consensus,NB,76.16161616161617,74.26296105468033,71.63059163059164,68.6861395250653,4.531024531024528,5.576821529615032
image-segmentation,symmetric,0.1,relabel,dual agreement,DT,92.15007215007215,92.07675819703333,86.10389610389609,86.09920501614079,6.046176046176058,5.977553180892542
image-segmentation,symmetric,0.1,relabel,dual agreement,LR,92.42424242424242,92.44333756000084,91.24098124098124,91.24642585777478,1.1832611832611803,1.1969117022260605
image-segmentation,symmetric,0.1,relabel,dual agreement,NB,76.002886002886,73.93621704784137,71.63059163059164,68.6861395250653,4.372294372294363,5.250077522776067
image-segmentation,symmetric,0.1,relabel,none,DT,86.10389610389609,86.09920501614079,86.10389610389609,86.09920501614079,0.0,0.0
image-segmentation,symmetric,0.1,relabel,none,LR,91.24098124098124,91.24642585777478,91.24098124098124,91.24642585777478,0.0,0.0
image-segmentation,symmetric,0.1,relabel,none,NB,71.63059163059164,68.6861395250653,71.63059163059164,68.6861395250653,0.0,0.0
image-segmentation,symmetric,0.1,relabel,reference labels,DT,96.95526695526695,96.95641762956461,86.10389610389609,86.09920501614079,10.85137085137086,10.857212613423826
image-segmentation,symmetric,0.1,relabel,reference labels,LR,93.33333333333333,93.36030455053786,91.24098124098124,91.24642585777478,2.092352092352087,2.1138786927630804
image-segmentation,symmetric,0.1,relabel,reference labels,NB,79.66810966810966,77.70433597553865,71.63059163059164,68.6861395250653,8.037518037518026,9.018196450473354
image-segmentation,symmetric,0.2,relabel,DT hard_vote,DT,71.44300144300145,71.41340247261628,75.85858585858585,75.84629257863281,-4.415584415584405,-4.432890106016529
image-segmentation,symmetric,0.2,relabel,DT hard_vote,LR,89.88455988455989,89.80639775088366,90.44733044733044,90.38976275991801,-0.5627705627705524,-0.5833650090343525
image-segmentation,symmetric,0.2,relabel,DT hard_vote,NB,67.6190476190476,64.70807811348472,68.51370851370852,65.34873020908013,-0.894660894660916,-0.6406520955954136
image-segmentation,symmetric,0.2,relabel,DT threshold,DT,71.84704184704185,71.83704789266515,75.85858585858585,75.84629257863281,-4.011544011544004,-4.0092446859676585
image-segmentation,symmetric,0.2,relabel,DT threshold,LR,90.0,89.9296477572545,90.44733044733044,90.38976275991801,-0.4473304473304438,-0.4601150026635139
image-segmentation,symmetric,0.2,relabel,DT threshold,NB,68.22510822510822,65.59807318887877,68.51370851370852,65.34873020908013,-0.28860028860030695,0.24934297979864084
image-segmentation,symmetric,0.2,relabel,NB hard_vote,DT,67.63347763347764,64.38890214794144,75.85858585858585,75.84629257863281,-8.225108225108215,-11.457390430691376
image-segmentation,symmetric,0.2,relabel,NB hard_vote,LR,68.75901875901876,65.4890015552244,90.44733044733044,90.38976275991801,-21.688311688311686,-24.90076120469361
image-segmentation,symmetric,0.2,relabel,NB hard_vote,NB,66.43578643578644,64.85421455148787,68.51370851370852,65.34873020908013,-2.077922077922082,-0.49451565759225957
image-segmentation,symmetric,0.2,relabel,NB threshold,DT,72.9004329004329,70.98945742533697,75.85858585858585,75.84629257863281,-2.958152958152951,-4.856835153295847
image-segmentation,symmetric,0.2,relabel,NB threshold,LR,74.35786435786436,72.16607376694493,90.44733044733044,90.38976275991801,-16.089466089466086,-18.22368899297308
image-segmentation,symmetric,0.2,relabel,NB threshold,NB,68.35497835497836,67.30375489640183,68.51370851370852,65.34873020908013,-0.15873015873016527,1.9550246873216963
image-segmentation,symmetric,0.2,relabel,committee consensus,DT,84.31457431457432,84.05492915228952,75.85858585858585,75.84629257863281,8.45598845598846,8.208636573656705
image-segmentation,symmetric,0.2,relabel,committee consensus,LR,90.80808080808082,90.79562756592048,90.44733044733044,90.38976275991801,0.36075036075037303,0.40586480600246944
image-segmentation,symmetric,0.2,relabel,committee consensus,NB,71.5007215007215,68.96661737396342,68.51370851370852,65.34873020908013,2.9870129870129745,3.6178871648832853
image-segmentation,symmetric,0.2,relabel,dual agreement,DT,85.74314574314575,85.58946912722665,75.85858585858585,75.84629257863281,9.884559884559891,9.743176548593837
image-segmentation,symmetric,0.2,relabel,dual agreement,LR,91.13997113997114,91.1269960914525,90.44733044733044,90.38976275991801,0.6926406926406941,0.7372333315344832
image-segmentation,symmetric,0.2,relabel,dual agreement,NB,71.74603174603175,69.01826130083764,68.51370851370852,65.34873020908013,3.2323232323232247,3.6695310917575057
image-segmentation,symmetric,0.2,relabel,none,DT,75.85858585858585,75.84629257863281,75.85858585858585,75.84629257863281,0.0,0.0
image-segmentation,symmetric,0.2,relabel,none,LR,90.44733044733044,90.38976275991801,90.44733044733044,90.38976275991801,0.0,0.0
image-segmentation,symmetric,0.2,relabel,none,NB,68.51370851370852,65.34873020908013,68.51370851370852,65.34873020908013,0.0,0.0
image-segmentation,symmetric,0.2,relabel,reference labels,DT,96.95526695526695,96.95641762956461,75.85858585858585,75.84629257863281,21.096681096681095,21.1101250509318
image-segmentation,symmetric,0.2,relabel,reference labels,LR,93.33333333333333,93.36030455053786,90.44733044733044,90.38976275991801,2.886002886002885,2.9705417906198477
image-segmentation,symmetric,0.2,relabel,reference labels,NB,79.66810966810966,77.70433597553865,68.51370851370852,65.34873020908013,11.154401154401143,12.355605766458524
image-segmentation,symmetric,0.4,relabel,DT hard_vote,DT,51.61616161616161,51.592282841106794,56.04617604617605,56.03834033901319,-4.430014430014438,-4.446057497906395
image-segmentation,symmetric,0.4,relabel,DT hard_vote,LR,87.01298701298701,86.57470066192656,87.99422799422798,87.66726357557275,-0.9812409812409726,-1.0925629136461907
image-segmentation,symmetric,0.4,relabel,DT hard_vote,NB,58.41269841269841,54.44427954233976,61.45743145743146,58.40931188464108,-3.04473304473305,-3.9650323423013205
image-segmentation,symmetric,0.4,relabel,DT threshold,DT,51.486291486291485,51.46369154917676,56.04617604617605,56.03834033901319,-4.559884559884566,-4.574648789836431
image-segmentation,symmetric,0.4,relabel,DT threshold,LR,87.02741702741703,86.59157497206894,87.99422799422798,87.66726357557275,-0.9668109668109537,-1.0756886035038065
image-segmentation,symmetric,0.4,relabel,DT threshold,NB,58.42712842712842,54.46126837288623,61.45743145743146,58.40931188464108,-3.0303030303030383,-3.9480435117548467
image-segmentation,symmetric,0.4,relabel,NB hard_vote,DT,59.913419913419915,56.68176197107627,56.04617604617605,56.03834033901319,3.8672438672438645,0.643421632063081
image-segmentation,symmetric,0.4,relabel,NB hard_vote,LR,61.65945165945166,58.53423580699884,87.99422799422798,87.66726357557275,-26.334776334776322,-29.133027768573903
image-segmentation,symmetric,0.4,relabel,NB hard_vote,NB,62.97258297258298,61.146904242271525,61.45743145743146,58.40931188464108,1.5151515151515156,2.7375923576304473
image-segmentation,symmetric,0.4,relabel,NB threshold,DT,62.82828282828282,60.390489463372454,56.04617604617605,56.03834033901319,6.782106782106773,4.352149124359265
image-segmentation,symmetric,0.4,relabel,NB threshold,LR,64.31457431457432,61.67281098148174,87.99422799422798,87.66726357557275,-23.67965367965367,-25.99445259409101
image-segmentation,symmetric,0.4,relabel,NB threshold,NB,63.304473304473305,61.6082819727059,61.45743145743146,58.40931188464108,1.8470418470418437,3.1989700880648257
image-segmentation,symmetric,0.4,relabel,committee consensus,DT,66.95526695526695,66.58254849374526,56.04617604617605,56.03834033901319,10.9090909090909,10.544208154732075
image-segmentation,symmetric,0.4,relabel,committee consensus,LR,86.66666666666667,86.2716843740565,87.99422799422798,87.66726357557275,-1.3275613275613125,-1.3955792015162416
image-segmentation,symmetric,0.4,relabel,committee consensus,NB,63.13131313131313,59.03406352018334,61.45743145743146,58.40931188464108,1.6738816738816666,0.6247516355422604
image-segmentation,symmetric,0.4,relabel,dual agreement,DT,68.008658008658,67.80132100201236,56.04617604617605,56.03834033901319,11.962481962481952,11.76298066299917
image-segmentation,symmetric,0.4,relabel,dual agreement,LR,87.07070707070709,86.7302118726721,87.99422799422798,87.66726357557275,-0.923520923520897,-0.9370517029006464
image-segmentation,symmetric,0.4,relabel,dual agreement,NB,63.29004329004329,59.556583059778454,61.45743145743146,58.40931188464108,1.832611832611832,1.1472711751373765
image-segmentation,symmetric,0.4,relabel,none,DT,56.04617604617605,56.03834033901319,56.04617604617605,56.03834033901319,0.0,0.0
image-segmentation,symmetric,0.4,relabel,none,LR,87.99422799422798,87.66726357557275,87.99422799422798,87.66726357557275,0.0,0.0
image-segmentation,symmetric,0.4,relabel,none,NB,61.45743145743146,58.40931188464108,61.45743145743146,58.40931188464108,0.0,0.0
image-segmentation,symmetric,0.4,relabel,reference labels,DT,96.95526695526695,96.95641762956461,56.04617604617605,56.03834033901319,40.9090909090909,40.91807729055142
image-segmentation,symmetric,0.4,relabel,reference labels,LR,93.33333333333333,93.36030455053786,87.99422799422798,87.66726357557275,5.339105339105345,5.693040974965115
image-segmentation,symmetric,0.4,relabel,reference labels,NB,79.66810966810966,77.70433597553865,61.45743145743146,58.40931188464108,18.210678210678203,19.295024090897577
iris,pairflip,0.0,relabel,DT hard_vote,DT,94.0,93.99899968654995,94.66666666666667,94.66413147845331,-0.6666666666666714,-0.665131791903363
iris,pairflip,0.0,relabel,DT hard_vote,LR,95.77777777777777,95.77708865991308,95.33333333333333,95.33286661999533,0.44444444444444287,0.4442220399177472
iris,pairflip,0.0,relabel,DT hard_vote,NB,95.33333333333333,95.33264421546863,95.55555555555554,95.55471086657819,-0.22222222222221433,-0.22206665110955726
iris,pairflip,0.0,relabel,DT threshold,DT,94.0,93.99899968654995,94.66666666666667,94.66413147845331,-0.6666666666666714,-0.665131791903363
iris,pairflip,0.0,relabel,DT threshold,LR,95.77777777777777,95.77708865991308,95.33333333333333,95.33286661999533,0.44444444444444287,0.4442220399177472
iris,pairflip,0.0,relabel,DT threshold,NB,95.33333333333333,95.33264421546863,95.55555555555554,95.55471086657819,-0.22222222222221433,-0.22206665110955726
iris,pairflip,0.0,relabel,NB hard_vote,DT,94.66666666666667,94.666311075552,94.66666666666667,94.66413147845331,0.0,0.002179597098688646
iris,pairflip,0.0,relabel,NB hard_vote,LR,95.1111111111111,95.11079996888577,95.33333333333333,95.33286661999533,-0.22222222222222854,-0.22206665110955726
iris,pairflip,0.0,relabel,NB hard_vote,NB,95.11111111111113,95.11057756435908,95.55555555555554,95.55471086657819,-0.44444444444441444,-0.4441333022191145
iris,pairflip,0.0,relabel,NB threshold,DT,95.1111111111111,95.11084441777511,94.66666666666667,94.66413147845331,0.44444444444442865,0.4467129393217988
iris,pairflip,0.0,relabel,NB threshold,LR,95.77777777777777,95.77655511316102,95.33333333333333,95.33286661999533,0.44444444444444287,0.4436884931656948
iris,pairflip,0.0,relabel,NB threshold,NB,95.55555555555554,95.55471086657819,95.55555555555554,95.55471086657819,0.0,0.0
iris,pairflip,0.0,relabel,committee consensus,DT,95.11111111111113,95.11079996888577,94.66666666666667,94.66413147845331,0.4444444444444571,0.44666849043245804
iris,pairflip,0.0,relabel,committee consensus,LR,95.33333333333333,95.33286661999533,95.33333333333333,95.33286661999533,0.0,0.0
iris,pairflip,0.0,relabel,committee consensus,NB,95.1111111111111,95.11079996888577,95.55555555555554,95.55471086657819,-0.44444444444444287,-0.44391089769241887
iris,pairflip,0.0,relabel,dual agreement,DT,95.1111111111111,95.1102219732444,94.66666666666667,94.66413147845331,0.44444444444442865,0.4460904947910933
iris,pairflip,0.0,relabel,dual agreement,LR,95.55555555555554,95.55471086657819,95.33333333333333,95.33286661999533,0.22222222222221433,0.22184424658286162
iris,pairflip,0.0,relabel,dual agreement,NB,95.1111111111111,95.11079996888577,95.55555555555554,95.55471086657819,-0.44444444444444287,-0.44391089769241887
iris,pairflip,0.0,relabel,none,DT,94.66666666666667,94.66413147845331,94.66666666666667,94.66413147845331,0.0,0.0
iris,pairflip,0.0,relabel,none,LR,95.33333333333333,95.33286661999533,95.33333333333333,95.33286661999533,0.0,0.0
iris,pairflip,0.0,relabel,none,NB,95.55555555555554,95.55471086657819,95.55555555555554,95.55471086657819,0.0,0.0
iris,pairflip,0.0,relabel,reference labels,DT,94.66666666666667,94.66413147845331,94.66666666666667,94.66413147845331,0.0,0.0
iris,pairflip,0.0,relabel,reference labels,LR,95.33333333333333,95.33286661999533,95.33333333333333,95.33286661999533,0.0,0.0
iris,pairflip,0.0,relabel,reference labels,NB,95.55555555555554,95.55471086657819,95.55555555555554,95.55471086657819,0.0,0.0
iris,pairflip,0.1,relabel,DT hard_vote,DT,83.33333333333333,83.260206897039,84.0,83.97699003289692,-0.6666666666666714,-0.7167831358579235
iris,pairflip,0.1,relabel,DT hard_vote,LR,92.66666666666667,92.67699476285827,95.33333333333333,95.32357528136434,-2.666666666666657,-2.6465805185060702
iris,pairflip,0.1,relabel,DT hard_vote,NB,92.0,91.961894795492,92.22222222222223,92.18658484773499,-0.22222222222222854,-0.2246900522429911
iris,pairflip,0.1,relabel,DT threshold,DT,83.55555555555556,83.48885117194256,84.0,83.97699003289692,-0.44444444444444287,-0.4881388609543649
iris,pairflip,0.1,relabel,DT threshold,LR,92.66666666666667,92.67699476285827,95.33333333333333,95.32357528136434,-2.666666666666657,-2.6465805185060702
iris,pairflip,0.1,relabel,DT threshold,NB,92.0,91.961894795492,92.22222222222223,92.18658484773499,-0.22222222222222854,-0.2246900522429911
iris,pairflip,0.1,relabel,NB hard_vote,DT,92.0,91.96891521397424,84.0,83.97699003289692,8.0,7.99192518107732
iris,pairflip,0.1,relabel,NB hard_vote,LR,89.77777777777779,89.70012339897109,95.33333333333333,95.32357528136434,-5.555555555555543,-5.623451882393255
iris,pairflip,0.1,relabel,NB hard_vote,NB,92.66666666666667,92.62701777074619,92.22222222222223,92.18658484773499,0.44444444444444287,0.4404329230112012
iris,pairflip,0.1,relabel,NB threshold,DT,92.8888888888889,92.85218539194189,84.0,83.97699003289692,8.8888888888889,8.875195359044966
iris,pairflip,0.1,relabel,NB threshold,LR,94.22222222222221,94.22097738652083,95.33333333333333,95.32357528136434,-1.1111111111111143,-1.1025978948435124
iris,pairflip,0.1,relabel,NB threshold,NB,94.44444444444444,94.44339962874506,92.22222222222223,92.18658484773499,2.2222222222222143,2.256814781010064
iris,pairflip,0.1,relabel,committee consensus,DT,93.33333333333333,93.3320440487426,84.0,83.97699003289692,9.333333333333329,9.355054015845681
iris,pairflip,0.1,relabel,committee consensus,LR,93.55555555555556,93.55759203617055,95.33333333333333,95.32357528136434,-1.7777777777777715,-1.7659832451937945
iris,pairflip,0.1,relabel,committee consensus,NB,92.88888888888887,92.87895769981306,92.22222222222223,92.18658484773499,0.666666666666643,0.6923728520780656
iris,pairflip,0.1,relabel,dual agreement,DT,93.1111111111111,93.09688333112355,84.0,83.97699003289692,9.1111111111111,9.119893298226629
iris,pairflip,0.1,relabel,dual agreement,LR,94.22222222222223,94.23945139612,95.33333333333333,95.32357528136434,-1.1111111111111,-1.0841238852443382
iris,pairflip,0.1,relabel,dual agreement,NB,94.22222222222223,94.22182218221822,92.22222222222223,92.18658484773499,2.0,2.0352373344832273
iris,pairflip,0.1,relabel,none,DT,84.0,83.97699003289692,84.0,83.97699003289692,0.0,0.0
iris,pairflip,0.1,relabel,none,LR,95.33333333333333,95.32357528136434,95.33333333333333,95.32357528136434,0.0,0.0
iris,pairflip,0.1,relabel,none,NB,92.22222222222223,92.18658484773499,92.22222222222223,92.18658484773499,0.0,0.0
iris,pairflip,0.1,relabel,reference labels,DT,94.66666666666667,94.66413147845331,84.0,83.97699003289692,10.666666666666671,10.687141445556392
iris,pairflip,0.1,relabel,reference labels,LR,95.33333333333333,95.33286661999533,95.33333333333333,95.32357528136434,0.0,0.009291338630987411
iris,pairflip,0.1,relabel,reference labels,NB,95.55555555555554,95.55471086657819,92.22222222222223,92.18658484773499,3.3333333333333144,3.368126018843199
iris,pairflip,0.2,relabel,DT hard_vote,DT,73.55555555555556,73.68736095125105,73.77777777777777,73.76019365363557,-0.22222222222221433,-0.07283270238451678
iris,pairflip,0.2,relabel,DT hard_vote,LR,87.1111111111111,86.95719189869972,90.0,89.92952603448354,-2.8888888888889,-2.972334135783825
iris,pairflip,0.2,relabel,DT hard_vote,NB,87.77777777777777,87.467980943674,88.0,87.70706057668451,-0.22222222222222854,-0.23907963301051893
iris,pairflip,0.2,relabel,DT threshold,DT,74.22222222222223,74.35072925466206,73.77777777777777,73.76019365363557,0.4444444444444571,0.5905356010264882
iris,pairflip,0.2,relabel,DT threshold,LR,87.1111111111111,86.95719189869972,90.0,89.92952603448354,-2.8888888888889,-2.972334135783825
iris,pairflip,0.2,relabel,DT threshold,NB,87.77777777777777,87.467980943674,88.0,87.70706057668451,-0.22222222222222854,-0.23907963301051893
iris,pairflip,0.2,relabel,NB hard_vote,DT,87.33333333333333,87.0269431214161,73.77777777777777,73.76019365363557,13.555555555555557,13.266749467780528
iris,pairflip,0.2,relabel,NB hard_vote,LR,84.66666666666667,84.16061621831285,90.0,89.92952603448354,-5.333333333333329,-5.768909816170691
iris,pairflip,0.2,relabel,NB hard_vote,NB,89.33333333333333,89.13598030250988,88.0,87.70706057668451,1.3333333333333286,1.4289197258253665
iris,pairflip,0.2,relabel,NB threshold,DT,90.8888888888889,90.80252063316972,73.77777777777777,73.76019365363557,17.11111111111113,17.042326979534153
iris,pairflip,0.2,relabel,NB threshold,LR,90.22222222222223,90.15747044342477,90.0,89.92952603448354,0.22222222222222854,0.22794440894122658
iris,pairflip,0.2,relabel,NB threshold,NB,91.77777777777777,91.7402785008275,88.0,87.70706057668451,3.7777777777777715,4.033217924142988
iris,pairflip,0.2,relabel,committee consensus,DT,87.55555555555554,87.5015203237237,73.77777777777777,73.76019365363557,13.777777777777771,13.741326670088128
iris,pairflip,0.2,relabel,committee consensus,LR,90.22222222222223,90.12416343870974,90.0,89.92952603448354,0.22222222222222854,0.19463740422619935
iris,pairflip,0.2,relabel,committee consensus,NB,90.88888888888887,90.75498273488019,88.0,87.70706057668451,2.8888888888888715,3.047922158195675
iris,pairflip,0.2,relabel,dual agreement,DT,88.44444444444444,88.38987914991746,73.77777777777777,73.76019365363557,14.666666666666671,14.629685496281894
iris,pairflip,0.2,relabel,dual agreement,LR,92.44444444444444,92.43689940652682,90.0,89.92952603448354,2.444444444444443,2.5073733720432756
iris,pairflip,0.2,relabel,dual agreement,NB,91.33333333333333,91.2467157744811,88.0,87.70706057668451,3.3333333333333286,3.5396551977965913
iris,pairflip,0.2,relabel,none,DT,73.77777777777777,73.76019365363557,73.77777777777777,73.76019365363557,0.0,0.0
iris,pairflip,0.2,relabel,none,LR,90.0,89.92952603448354,90.0,89.92952603448354,0.0,0.0
iris,pairflip,0.2,relabel,none,NB,88.0,87.70706057668451,88.0,87.70706057668451,0.0,0.0
iris,pairflip,0.2,relabel,reference labels,DT,94.66666666666667,94.66413147845331,73.77777777777777,73.76019365363557,20.8888888888889,20.903937824817746
iris,pairflip,0.2,relabel,reference labels,LR,95.33333333333333,95.33286661999533,90.0,89.92952603448354,5.333333333333329,5.403340585511785
iris,pairflip,0.2,relabel,reference labels,NB,95.55555555555554,95.55471086657819,88.0,87.70706057668451,7.555555555555543,7.847650289893679
iris,pairflip,0.4,relabel,DT hard_vote,DT,58.22222222222223,58.09110230979868,57.111111111111114,57.04854260005063,1.1111111111111143,1.0425597097480477
iris,pairflip,0.4,relabel,DT hard_vote,LR,62.22222222222222,61.35329801262284,65.33333333333333,64.33906606579305,-3.111111111111107,-2.9857680531702115
iris,pairflip,0.4,relabel,DT hard_vote,NB,58.88888888888889,57.28423196200894,64.88888888888889,63.30470540292541,-5.999999999999993,-6.020473440916469
iris,pairflip,0.4,relabel,DT threshold,DT,58.44444444444445,58.32403879200573,57.111111111111114,57.04854260005063,1.3333333333333357,1.2754961919550993
iris,pairflip,0.4,relabel,DT threshold,LR,62.22222222222222,61.35329801262284,65.33333333333333,64.33906606579305,-3.111111111111107,-2.9857680531702115
iris,pairflip,0.4,relabel,DT threshold,NB,58.88888888888889,57.28423196200894,64.88888888888889,63.30470540292541,-5.999999999999993,-6.020473440916469
iris,pairflip,0.4,relabel,NB hard_vote,DT,62.44444444444445,60.93158631193461,57.111111111111114,57.04854260005063,5.333333333333336,3.8830437118839782
iris,pairflip,0.4,relabel,NB hard_vote,LR,61.111111111111114,58.5917442744167,65.33333333333333,64.33906606579305,-4.222222222222214,-5.747321791376351
iris,pairflip,0.4,relabel,NB hard_vote,NB,64.44444444444444,62.05455719362536,64.88888888888889,63.30470540292541,-0.44444444444444287,-1.2501482093000504
iris,pairflip,0.4,relabel,NB threshold,DT,66.44444444444444,65.31516540379472,57.111111111111114,57.04854260005063,9.333333333333329,8.266622803744092
iris,pairflip,0.4,relabel,NB threshold,LR,66.22222222222221,64.8134986987329,65.33333333333333,64.33906606579305,0.8888888888888857,0.47443263293985183
iris,pairflip,0.4,relabel,NB threshold,NB,68.0,66.50851593555949,64.88888888888889,63.30470540292541,3.1111111111111143,3.2038105326340798
iris,pairflip,0.4,relabel,committee consensus,DT,63.333333333333336,63.01419421036061,57.111111111111114,57.04854260005063,6.222222222222221,5.965651610309976
iris,pairflip,0.4,relabel,committee consensus,LR,66.88888888888889,65.6773141113858,65.33333333333333,64.33906606579305,1.5555555555555571,1.3382480455927492
iris,pairflip,0.4,relabel,committee consensus,NB,66.0,64.48974865378175,64.88888888888889,63.30470540292541,1.1111111111111143,1.1850432508563387
iris,pairflip,0.4,relabel,dual agreement,DT,64.66666666666667,64.4763476505683,57.111111111111114,57.04854260005063,7.555555555555557,7.427805050517669
iris,pairflip,0.4,relabel,dual agreement,LR,67.77777777777779,66.67947573478425,65.33333333333333,64.33906606579305,2.444444444444457,2.3404096689911995
iris,pairflip,0.4,relabel,dual agreement,NB,66.8888888888889,65.54197475834583,64.88888888888889,63.30470540292541,2.000000000000014,2.2372693554204233
iris,pairflip,0.4,relabel,none,DT,57.111111111111114,57.04854260005063,57.111111111111114,57.04854260005063,0.0,0.0
iris,pairflip,0.4,relabel,none,LR,65.33333333333333,64.33906606579305,65.33333333333333,64.33906606579305,0.0,0.0
iris,pairflip,0.4,relabel,none,NB,64.88888888888889,63.30470540292541,64.88888888888889,63.30470540292541,0.0,0.0
iris,pairflip,0.4,relabel,reference labels,DT,94.66666666666667,94.66413147845331,57.111111111111114,57.04854260005063,37.55555555555556,37.61558887840268
iris,pairflip,0.4,relabel,reference labels,LR,95.33333333333333,95.33286661999533,65.33333333333333,64.33906606579305,30.0,30.99380055420228
iris,pairflip,0.4,relabel,reference labels,NB,95.55555555555554,95.55471086657819,64.88888888888889,63.30470540292541,30.666666666666657,32.25000546365278
iris,symmetric,0.0,relabel,DT hard_vote,DT,94.0,93.99899968654995,94.66666666666667,94.66413147845331,-0.6666666666666714,-0.665131791903363
iris,symmetric,0.0,relabel,DT hard_vote,LR,95.77777777777777,95.77708865991308,95.33333333333333,95.33286661999533,0.44444444444444287,0.4442220399177472
iris,symmetric,0.0,relabel,DT hard_vote,NB,95.33333333333333,95.33264421546863,95.55555555555554,95.55471086657819,-0.22222222222221433,-0.22206665110955726
iris,symmetric,0.0,relabel,DT threshold,DT,94.0,93.99899968654995,94.66666666666667,94.66413147845331,-0.6666666666666714,-0.665131791903363
iris,symmetric,0.0,relabel,DT threshold,LR,95.77777777777777,95.77708865991308,95.33333333333333,95.33286661999533,0.44444444444444287,0.4442220399177472
iris,symmetric,0.0,relabel,DT threshold,NB,95.33333333333333,95.33264421546863,95.55555555555554,95.55471086657819,-0.22222222222221433,-0.22206665110955726
iris,symmetric,0.0,relabel,NB hard_vote,DT,94.66666666666667,94.666311075552,94.66666666666667,94.66413147845331,0.0,0.002179597098688646
iris,symmetric,0.0,relabel,NB hard_vote,LR,95.1111111111111,95.11079996888577,95.33333333333333,95.33286661999533,-0.22222222222222854,-0.22206665110955726
iris,symmetric,0.0,relabel,NB hard_vote,NB,95.11111111111113,95.11057756435908,95.55555555555554,95.55471086657819,-0.44444444444441444,-0.4441333022191145
iris,symmetric,0.0,relabel,NB threshold,DT,95.1111111111111,95.11084441777511,94.66666666666667,94.66413147845331,0.44444444444442865,0.4467129393217988
iris,symmetric,0.0,relabel,NB threshold,LR,95.77777777777777,95.77655511316102,95.33333333333333,95.33286661999533,0.44444444444444287,0.4436884931656948
iris,symmetric,0.0,relabel,NB threshold,NB,95.55555555555554,95.55471086657819,95.55555555555554,95.55471086657819,0.0,0.0
iris,symmetric,0.0,relabel,committee consensus,DT,95.11111111111113,95.11079996888577,94.66666666666667,94.66413147845331,0.4444444444444571,0.44666849043245804
iris,symmetric,0.0,relabel,committee consensus,LR,95.33333333333333,95.33286661999533,95.33333333333333,95.33286661999533,0.0,0.0
iris,symmetric,0.0,relabel,committee consensus,NB,95.1111111111111,95.11079996888577,95.55555555555554,95.55471086657819,-0.44444444444444287,-0.44391089769241887
iris,symmetric,0.0,relabel,dual agreement,DT,95.1111111111111,95.1102219732444,94.66666666666667,94.66413147845331,0.44444444444442865,0.4460904947910933
iris,symmetric,0.0,relabel,dual agreement,LR,95.55555555555554,95.55471086657819,95.33333333333333,95.33286661999533,0.22222222222221433,0.22184424658286162
iris,symmetric,0.0,relabel,dual agreement,NB,95.1111111111111,95.11079996888577,95.55555555555554,95.55471086657819,-0.44444444444444287,-0.44391089769241887
iris,symmetric,0.0,relabel,none,DT,94.66666666666667,94.66413147845331,94.66666666666667,94.66413147845331,0.0,0.0
iris,symmetric,0.0,relabel,none,LR,95.33333333333333,95.33286661999533,95.33333333333333,95.33286661999533,0.0,0.0
iris,symmetric,0.0,relabel,none,NB,95.55555555555554,95.55471086657819,95.55555555555554,95.55471086657819,0.0,0.0
iris,symmetric,0.0,relabel,reference labels,DT,94.66666666666667,94.66413147845331,94.66666666666667,94.66413147845331,0.0,0.0
iris,symmetric,0.0,relabel,reference labels,LR,95.33333333333333,95.33286661999533,95.33333333333333,95.33286661999533,0.0,0.0
iris,symmetric,0.0,relabel,reference labels,NB,95.55555555555554,95.55471086657819,95.55555555555554,95.55471086657819,0.0,0.0
iris,symmetric,0.1,relabel,DT hard_vote,DT,81.1111111111111,80.99750002839598,84.22222222222221,84.2479720825926,-3.1111111111111143,-3.2504720541966208
iris,symmetric,0.1,relabel,DT hard_vote,LR,87.77777777777777,87.70565540971279,90.66666666666667,90.65650219422014,-2.8888888888889,-2.9508467845073483
iris,symmetric,0.1,relabel,DT hard_vote,NB,91.55555555555554,91.53778219796423,93.33333333333333,93.32121420758854,-1.7777777777777857,-1.7834320096243061
iris,symmetric,0.1,relabel,DT threshold,DT,81.1111111111111,80.99750002839598,84.22222222222221,84.2479720825926,-3.1111111111111143,-3.2504720541966208
iris,symmetric,0.1,relabel,DT threshold,LR,87.77777777777777,87.70565540971279,90.66666666666667,90.65650219422014,-2.8888888888889,-2.9508467845073483
iris,symmetric,0.1,relabel,DT threshold,NB,91.55555555555554,91.53778219796423,93.33333333333333,93.32121420758854,-1.7777777777777857,-1.7834320096243061
iris,symmetric,0.1,relabel,NB hard_vote,DT,91.77777777777777,91.7574651145647,84.22222222222221,84.2479720825926,7.555555555555557,7.509493031972099
iris,symmetric,0.1,relabel,NB hard_vote,LR,90.44444444444446,90.43788038036728,90.66666666666667,90.65650219422014,-0.22222222222221433,-0.21862181385286306
iris,symmetric,0.1,relabel,NB hard_vote,NB,94.0,93.9981993397419,93.33333333333333,93.32121420758854,0.6666666666666714,0.6769851321533622
iris,symmetric,0.1,relabel,NB threshold,DT,92.44444444444444,92.39140534087623,84.22222222222221,84.2479720825926,8.222222222222229,8.143433258283636
iris,symmetric,0.1,relabel,NB threshold,LR,95.1111111111111,95.11460149616403,90.66666666666667,90.65650219422014,4.444444444444429,4.458099301943889
iris,symmetric,0.1,relabel,NB threshold,NB,95.33333333333333,95.33286661999533,93.33333333333333,93.32121420758854,2.0,2.0116524124067894
iris,symmetric,0.1,relabel,committee consensus,DT,90.8888888888889,90.86318531025715,84.22222222222221,84.2479720825926,6.666666666666686,6.6152132276645546
iris,symmetric,0.1,relabel,committee consensus,LR,94.88888888888887,94.8980374227899,90.66666666666667,90.65650219422014,4.2222222222222,4.241535228569759
iris,symmetric,0.1,relabel,committee consensus,NB,94.44444444444444,94.44268823307567,93.33333333333333,93.32121420758854,1.1111111111111143,1.1214740254871316
iris,symmetric,0.1,relabel,dual agreement,DT,91.77777777777777,91.7642077312788,84.22222222222221,84.2479720825926,7.555555555555557,7.516235648686205
iris,symmetric,0.1,relabel,dual agreement,LR,95.1111111111111,95.11759744350503,90.66666666666667,90.65650219422014,4.444444444444429,4.461095249284895
iris,symmetric,0.1,relabel,dual agreement,NB,94.8888888888889,94.88873331777621,93.33333333333333,93.32121420758854,1.5555555555555713,1.5675191101876749
iris,symmetric,0.1,relabel,none,DT,84.22222222222221,84.2479720825926,84.22222222222221,84.2479720825926,0.0,0.0
iris,symmetric,0.1,relabel,none,LR,90.66666666666667,90.65650219422014,90.66666666666667,90.65650219422014,0.0,0.0
iris,symmetric,0.1,relabel,none,NB,93.33333333333333,93.32121420758854,93.33333333333333,93.32121420758854,0.0,0.0
iris,symmetric,0.1,relabel,reference labels,DT,94.66666666666667,94.66413147845331,84.22222222222221,84.2479720825926,10.444444444444457,10.416159395860717
iris,symmetric,0.1,relabel,reference labels,LR,95.33333333333333,95.33286661999533,90.66666666666667,90.65650219422014,4.666666666666657,4.676364425775191
iris,symmetric,0.1,relabel,reference labels,NB,95.55555555555554,95.55471086657819,93.33333333333333,93.32121420758854,2.2222222222222143,2.233496658989651
iris,symmetric,0.2,relabel,DT hard_vote,DT,74.44444444444444,74.46148868723695,73.55555555555556,73.54315011319142,0.8888888888888857,0.918338574045535
iris,symmetric,0.2,relabel,DT hard_vote,LR,84.66666666666667,84.59709775165858,88.22222222222221,88.18079968048727,-3.555555555555543,-3.583701928828688
iris,symmetric,0.2,relabel,DT hard_vote,NB,90.0,89.9946364294549,92.0,91.99483725113977,-2.0,-2.000200821684871
iris,symmetric,0.2,relabel,DT threshold,DT,74.44444444444444,74.47145583549974,73.55555555555556,73.54315011319142,0.8888888888888857,0.9283057223083233
iris,symmetric,0.2,relabel,DT threshold,LR,84.8888888888889,84.8155843195364,88.22222222222221,88.18079968048727,-3.3333333333333144,-3.36521536095087
iris,symmetric,0.2,relabel,DT threshold,NB,90.0,89.9946364294549,92.0,91.99483725113977,-2.0,-2.000200821684871
iris,symmetric,0.2,relabel,NB hard_vote,DT,89.77777777777777,89.74455674797315,73.55555555555556,73.54315011319142,16.222222222222214,16.201406634781733
iris,symmetric,0.2,relabel,NB hard_vote,LR,87.33333333333333,87.36446201558589,88.22222222222221,88.18079968048727,-0.8888888888888857,-0.8163376649013827
iris,symmetric,0.2,relabel,NB hard_vote,NB,92.0,91.9958609108774,92.0,91.99483725113977,0.0,0.0010236597376263035
iris,symmetric,0.2,relabel,NB threshold,DT,91.55555555555554,91.46603071860018,73.55555555555556,73.54315011319142,17.999999999999986,17.922880605408764
iris,symmetric,0.2,relabel,NB threshold,LR,92.44444444444444,92.43374266607486,88.22222222222221,88.18079968048727,4.2222222222222285,4.252942985587595
iris,symmetric,0.2,relabel,NB threshold,NB,93.77777777777777,93.77577613631645,92.0,91.99483725113977,1.7777777777777715,1.7809388851766812
iris,symmetric,0.2,relabel,committee consensus,DT,89.55555555555554,89.53121522636457,73.55555555555556,73.54315011319142,15.999999999999986,15.98806511317315
iris,symmetric,0.2,relabel,committee consensus,LR,91.55555555555554,91.55391062649016,88.22222222222221,88.18079968048727,3.3333333333333286,3.373110946002896
iris,symmetric,0.2,relabel,committee consensus,NB,91.77777777777777,91.7741083421658,92.0,91.99483725113977,-0.22222222222222854,-0.22072890897396746
iris,symmetric,0.2,relabel,dual agreement,DT,87.33333333333333,87.22954679947894,73.55555555555556,73.54315011319142,13.777777777777771,13.686396686287523
iris,symmetric,0.2,relabel,dual agreement,LR,92.8888888888889,92.88162874823178,88.22222222222221,88.18079968048727,4.666666666666686,4.7008290677445075
iris,symmetric,0.2,relabel,dual agreement,NB,92.66666666666667,92.66548850429928,92.0,91.99483725113977,0.6666666666666714,0.6706512531595052
iris,symmetric,0.2,relabel,none,DT,73.55555555555556,73.54315011319142,73.55555555555556,73.54315011319142,0.0,0.0
iris,symmetric,0.2,relabel,none,LR,88.22222222222221,88.18079968048727,88.22222222222221,88.18079968048727,0.0,0.0
iris,symmetric,0.2,relabel,none,NB,92.0,91.99483725113977,92.0,91.99483725113977,0.0,0.0
iris,symmetric,0.2,relabel,reference labels,DT,94.66666666666667,94.66413147845331,73.55555555555556,73.54315011319142,21.111111111111114,21.120981365261898
iris,symmetric,0.2,relabel,reference labels,LR,95.33333333333333,95.33286661999533,88.22222222222221,88.18079968048727,7.111111111111114,7.15206693950806
iris,symmetric,0.2,relabel,reference labels,NB,95.55555555555554,95.55471086657819,92.0,91.99483725113977,3.555555555555543,3.55987361543842
iris,symmetric,0.4,relabel,DT hard_vote,DT,55.111111111111114,54.97510719845669,57.555555555555564,57.4752196121255,-2.44444444444445,-2.500112413668809
iris,symmetric,0.4,relabel,DT hard_vote,LR,70.22222222222223,70.16482880900219,76.0,76.19435655894982,-5.7777777777777715,-6.029527749947633
iris,symmetric,0.4,relabel,DT hard_vote,NB,81.1111111111111,81.09485284048317,85.55555555555556,85.51929461624592,-4.444444444444457,-4.4244417757627446
iris,symmetric,0.4,relabel,DT threshold,DT,55.111111111111114,54.97510719845669,57.555555555555564,57.4752196121255,-2.44444444444445,-2.500112413668809
iris,symmetric,0.4,relabel,DT threshold,LR,70.22222222222223,70.16482880900219,76.0,76.19435655894982,-5.7777777777777715,-6.029527749947633
iris,symmetric,0.4,relabel,DT threshold,NB,80.88888888888889,80.86921412257642,85.55555555555556,85.51929461624592,-4.666666666666671,-4.650080493669492
iris,symmetric,0.4,relabel,NB hard_vote,DT,83.77777777777777,83.83926285835034,57.555555555555564,57.4752196121255,26.222222222222207,26.36404324622484
iris,symmetric,0.4,relabel,NB hard_vote,LR,83.33333333333333,83.37446621259538,76.0,76.19435655894982,7.333333333333329,7.180109653645559
iris,symmetric,0.4,relabel,NB hard_vote,NB,88.8888888888889,88.8738230960073,85.55555555555556,85.51929461624592,3.333333333333343,3.3545284797613846
iris,symmetric,0.4,relabel,NB threshold,DT,86.22222222222223,86.09249314093789,57.555555555555564,57.4752196121255,28.666666666666664,28.61727352881239
iris,symmetric,0.4,relabel,NB threshold,LR,85.33333333333333,85.37312031597135,76.0,76.19435655894982,9.333333333333329,9.178763757021528
iris,symmetric,0.4,relabel,NB threshold,NB,89.55555555555556,89.51821196314783,85.55555555555556,85.51929461624592,4.0,3.9989173469019192
iris,symmetric,0.4,relabel,committee consensus,DT,73.1111111111111,72.92333953905147,57.555555555555564,57.4752196121255,15.555555555555536,15.448119926925969
iris,symmetric,0.4,relabel,committee consensus,LR,81.77777777777777,81.77093394012591,76.0,76.19435655894982,5.7777777777777715,5.576577381176094
iris,symmetric,0.4,relabel,committee consensus,NB,87.55555555555556,87.54259719294566,85.55555555555556,85.51929461624592,2.0,2.0233025766997486
iris,symmetric,0.4,relabel,dual agreement,DT,76.44444444444444,76.42719023134642,57.555555555555564,57.4752196121255,18.88888888888888,18.951970619220916
iris,symmetric,0.4,relabel,dual agreement,LR,82.0,82.04402285325017,76.0,76.19435655894982,6.0,5.849666294300349
iris,symmetric,0.4,relabel,dual agreement,NB,86.8888888888889,86.87782013390152,85.55555555555556,85.51929461624592,1.3333333333333428,1.3585255176556075
iris,symmetric,0.4,relabel,none,DT,57.555555555555564,57.4752196121255,57.555555555555564,57.4752196121255,0.0,0.0
iris,symmetric,0.4,relabel,none,LR,76.0,76.19435655894982,76.0,76.19435655894982,0.0,0.0
iris,symmetric,0.4,relabel,none,NB,85.55555555555556,85.51929461624592,85.55555555555556,85.51929461624592,0.0,0.0
iris,symmetric,0.4,relabel,reference labels,DT,94.66666666666667,94.66413147845331,57.555555555555564,57.4752196121255,37.11111111111111,37.188911866327814
iris,symmetric,0.4,relabel,reference labels,LR,95.33333333333333,95.33286661999533,76.0,76.19435655894982,19.33333333333333,19.13851006104551
iris,symmetric,0.4,relabel,reference labels,NB,95.55555555555554,95.55471086657819,85.55555555555556,85.51929461624592,9.999999999999986,10.035416250332275
nsl-kdd,pairflip,0.0,relabel,DT hard_vote,DT,99.14126177622525,59.49460701662983,99.55541441727532,62.59905288416698,-0.414152641050066,-3.1044458675371516
nsl-kdd,pairflip,0.0,relabel,DT hard_vote,LR,98.8461945591193,63.41381092119249,99.07378003599025,65.75609799043112,-0.22758547687095643,-2.3422870692386226
nsl-kdd,pairflip,0.0,relabel,DT hard_vote,NB,74.3357679686673,31.98550706010947,76.33375674817403,35.93802690308127,-1.997988779506727,-3.952519842971803
nsl-kdd,pairflip,0.0,relabel,DT threshold,DT,99.14126177622525,59.49460701662983,99.55541441727532,62.59905288416698,-0.414152641050066,-3.1044458675371516
nsl-kdd,pairflip,0.0,relabel,DT threshold,LR,98.84222504498784,63.40862535121324,99.07378003599025,65.75609799043112,-0.23155499100241173,-2.3474726392178766
nsl-kdd,pairflip,0.0,relabel,DT threshold,NB,74.33444479729015,31.98415285836145,76.33375674817403,35.93802690308127,-1.9993119508838788,-3.9538740447198215
nsl-kdd,pairflip,0.0,relabel,NB hard_vote,DT,80.08494760241346,42.251435076745786,99.55541441727532,62.59905288416698,-19.47046681486185,-20.347617807421194
nsl-kdd,pairflip,0.0,relabel,NB hard_vote,LR,80.84841748703292,46.580258447151465,99.07378003599025,65.75609799043112,-18.225362548957335,-19.17583954327965
nsl-kdd,pairflip,0.0,relabel,NB hard_vote,NB,69.63586323700646,27.580411767603795,76.33375674817403,35.93802690308127,-6.697893511167564,-8.357615135477477
nsl-kdd,pairflip,0.0,relabel,NB threshold,DT,86.9614692494972,48.594775579156135,99.55541441727532,62.59905288416698,-12.593945167778116,-14.004277305010845
nsl-kdd,pairflip,0.0,relabel,NB threshold,LR,88.57176881549698,54.60208322709034,99.07378003599025,65.75609799043112,-10.502011220493273,-11.154014763340776
nsl-kdd,pairflip,0.0,relabel,NB threshold,NB,71.06488832433577,30.56280134308237,76.33375674817403,35.93802690308127,-5.268868423838256,-5.375225559998903
nsl-kdd,pairflip,0.0,relabel,committee consensus,DT,99.3053350269927,61.17412657263649,99.55541441727532,62.59905288416698,-0.2500793902826217,-1.4249263115304913
nsl-kdd,pairflip,0.0,relabel,committee consensus,LR,98.93352387001164,65.22720274953362,99.07378003599025,65.75609799043112,-0.140256165978613,-0.5288952408974978
nsl-kdd,pairflip,0.0,relabel,committee consensus,NB,77.28379379697259,36.767926707787076,76.33375674817403,35.93802690308127,0.9500370487985634,0.8298998047058035
nsl-kdd,pairflip,0.0,relabel,dual agreement,DT,99.51174976182915,62.33903425709596,99.55541441727532,62.59905288416698,-0.0436646554461646,-0.26001862707101964
nsl-kdd,pairflip,0.0,relabel,dual agreement,LR,99.05525563671007,65.57188294024792,99.07378003599025,65.75609799043112,-0.01852439928018157,-0.18421505018319806
nsl-kdd,pairflip,0.0,relabel,dual agreement,NB,78.58182491796337,38.20403918276099,76.33375674817403,35.93802690308127,2.2480681697893488,2.266012279679714
nsl-kdd,pairflip,0.0,relabel,none,DT,99.55541441727532,62.59905288416698,99.55541441727532,62.59905288416698,0.0,0.0
nsl-kdd,pairflip,0.0,relabel,none,LR,99.07378003599025,65.75609799043112,99.07378003599025,65.75609799043112,0.0,0.0
nsl-kdd,pairflip,0.0,relabel,none,NB,76.33375674817403,35.93802690308127,76.33375674817403,35.93802690308127,0.0,0.0
nsl-kdd,pairflip,0.0,relabel,reference labels,DT,99.55541441727532,62.59905288416698,99.55541441727532,62.59905288416698,0.0,0.0
nsl-kdd,pairflip,0.0,relabel,reference labels,LR,99.07378003599025,65.75609799043112,99.07378003599025,65.75609799043112,0.0,0.0
nsl-kdd,pairflip,0.0,relabel,reference labels,NB,76.33375674817403,35.93802690308127,76.33375674817403,35.93802690308127,0.0,0.0
nsl-kdd,pairflip,0.1,relabel,DT hard_vote,DT,87.9128294696729,49.420974846075666,88.72261035249285,52.29968768109851,-0.8097808828199504,-2.8787128350228457
nsl-kdd,pairflip,0.1,relabel,DT hard_vote,LR,98.58156028368795,58.19752525646402,98.82634698846194,61.929991950439664,-0.24478670477398623,-3.7324666939756455
nsl-kdd,pairflip,0.1,relabel,DT hard_vote,NB,47.008309516248545,26.116963249882208,61.91780459405103,29.090159538085704,-14.909495077802482,-2.9731962882034964
nsl-kdd,pairflip,0.1,relabel,DT threshold,DT,87.89959775590133,49.45677742143502,88.72261035249285,52.29968768109851,-0.8230125965915249,-2.8429102596634905
nsl-kdd,pairflip,0.1,relabel,DT threshold,LR,98.5828834550651,58.08970231539856,98.82634698846194,61.929991950439664,-0.24346353339683446,-3.8402896350411027
nsl-kdd,pairflip,0.1,relabel,DT threshold,NB,47.008309516248545,26.11610245961914,61.91780459405103,29.090159538085704,-14.909495077802482,-2.974057078466565
nsl-kdd,pairflip,0.1,relabel,NB hard_vote,DT,59.82984016089764,29.28204596129071,88.72261035249285,52.29968768109851,-28.89277019159521,-23.017641719807802
nsl-kdd,pairflip,0.1,relabel,NB hard_vote,LR,60.45040753678416,33.81231498749641,98.82634698846194,61.929991950439664,-38.37593945167777,-28.117676962943257
nsl-kdd,pairflip,0.1,relabel,NB hard_vote,NB,46.07944320948449,21.9692191957204,61.91780459405103,29.090159538085704,-15.83836138456654,-7.120940342365305
nsl-kdd,pairflip,0.1,relabel,NB threshold,DT,65.9706785222822,35.88501375728556,88.72261035249285,52.29968768109851,-22.75193183021065,-16.41467392381295
nsl-kdd,pairflip,0.1,relabel,NB threshold,LR,69.14364348470414,40.411661536413185,98.82634698846194,61.929991950439664,-29.682703503757793,-21.51833041402648
nsl-kdd,pairflip,0.1,relabel,NB threshold,NB,46.138985921456545,24.800445057018536,61.91780459405103,29.090159538085704,-15.778818672594483,-4.289714481067168
nsl-kdd,pairflip,0.1,relabel,committee consensus,DT,92.16550227585476,54.2353760462222,88.72261035249285,52.29968768109851,3.4428919233619126,1.9356883651236885
nsl-kdd,pairflip,0.1,relabel,committee consensus,LR,98.71917010691224,60.34461569913845,98.82634698846194,61.929991950439664,-0.10717688154969096,-1.5853762513012128
nsl-kdd,pairflip,0.1,relabel,committee consensus,NB,62.273737694506195,30.653755479934464,61.91780459405103,29.090159538085704,0.355933100455168,1.5635959418487602
nsl-kdd,pairflip,0.1,relabel,dual agreement,DT,91.96702656928126,55.48802644735154,88.72261035249285,52.29968768109851,3.2444162167884087,3.1883387662530254
nsl-kdd,pairflip,0.1,relabel,dual agreement,LR,98.80385307505027,60.77692257755101,98.82634698846194,61.929991950439664,-0.02249391341166529,-1.1530693728886519
nsl-kdd,pairflip,0.1,relabel,dual agreement,NB,61.471895839949184,31.363060063608376,61.91780459405103,29.090159538085704,-0.4459087541018434,2.2729005255226724
nsl-kdd,pairflip,0.1,relabel,none,DT,88.72261035249285,52.29968768109851,88.72261035249285,52.29968768109851,0.0,0.0
nsl-kdd,pairflip,0.1,relabel,none,LR,98.82634698846194,61.929991950439664,98.82634698846194,61.929991950439664,0.0,0.0
nsl-kdd,pairflip,0.1,relabel,none,NB,61.91780459405103,29.090159538085704,61.91780459405103,29.090159538085704,0.0,0.0
nsl-kdd,pairflip,0.1,relabel,reference labels,DT,99.55541441727532,62.59905288416698,88.72261035249285,52.29968768109851,10.832804064782465,10.299365203068469
nsl-kdd,pairflip,0.1,relabel,reference labels,LR,99.07378003599025,65.75609799043112,98.82634698846194,61.929991950439664,0.24743304752831818,3.8261060399914513
nsl-kdd,pairflip,0.1,relabel,reference labels,NB,76.33375674817403,35.93802690308127,61.91780459405103,29.090159538085704,14.415952154122998,6.847867364995569
nsl-kdd,pairflip,0.2,relabel,DT hard_vote,DT,77.5497512437811,44.48558046097509,78.4402455806076,45.97387503035592,-0.8904943368264924,-1.4882945693808267
nsl-kdd,pairflip,0.2,relabel,DT hard_vote,LR,98.33941992166825,56.53409847309006,98.63448713877422,58.82124627380634,-0.2950672171059665,-2.2871478007162764
nsl-kdd,pairflip,0.2,relabel,DT hard_vote,NB,50.899756536466604,24.20471208968823,60.034931724356944,25.546760601378878,-9.13517518789034,-1.342048511690649
nsl-kdd,pairflip,0.2,relabel,DT threshold,DT,77.55769027204404,44.490930203938746,78.4402455806076,45.97387503035592,-0.8825553085635534,-1.4829448264171745
nsl-kdd,pairflip,0.2,relabel,DT threshold,LR,98.33809675029109,56.69575246136208,98.63448713877422,58.82124627380634,-0.2963903884831325,-2.1254938124442546
nsl-kdd,pairflip,0.2,relabel,DT threshold,NB,50.89711019371229,24.20280463258149,60.034931724356944,25.546760601378878,-9.137821530644658,-1.3439559687973883
nsl-kdd,pairflip,0.2,relabel,NB hard_vote,DT,55.52821001376099,26.937851359758625,78.4402455806076,45.97387503035592,-22.912035566846605,-19.036023670597295
nsl-kdd,pairflip,0.2,relabel,NB hard_vote,LR,56.887107018100984,29.657474246228105,98.63448713877422,58.82124627380634,-41.747380120673235,-29.163772027578233
nsl-kdd,pairflip,0.2,relabel,NB hard_vote,NB,41.409971419498255,19.952470601381364,60.034931724356944,25.546760601378878,-18.62496030485869,-5.594289999997514
nsl-kdd,pairflip,0.2,relabel,NB threshold,DT,58.41933947284853,30.01848371859617,78.4402455806076,45.97387503035592,-20.020906107759068,-15.955391311759751
nsl-kdd,pairflip,0.2,relabel,NB threshold,LR,62.68921350693342,34.002823177650136,98.63448713877422,58.82124627380634,-35.9452736318408,-24.818423096156202
nsl-kdd,pairflip,0.2,relabel,NB threshold,NB,41.76590451995342,21.033779988878326,60.034931724356944,25.546760601378878,-18.26902720440352,-4.512980612500552
nsl-kdd,pairflip,0.2,relabel,committee consensus,DT,83.72763840372606,48.63616546408708,78.4402455806076,45.97387503035592,5.287392823118466,2.662290433731158
nsl-kdd,pairflip,0.2,relabel,committee consensus,LR,98.34868212130834,58.18310124932111,98.63448713877422,58.82124627380634,-0.2858050174658757,-0.638145024485226
nsl-kdd,pairflip,0.2,relabel,committee consensus,NB,54.43394728485234,27.900659395331445,60.034931724356944,25.546760601378878,-5.600984439504607,2.353898793952567
nsl-kdd,pairflip,0.2,relabel,dual agreement,DT,82.43622313962105,48.59363026410119,78.4402455806076,45.97387503035592,3.995977559013454,2.6197552337452734
nsl-kdd,pairflip,0.2,relabel,dual agreement,LR,98.48364560177833,58.80459265581334,98.63448713877422,58.82124627380634,-0.15084153699588398,-0.01665361799300058
nsl-kdd,pairflip,0.2,relabel,dual agreement,NB,56.4703080342966,27.699011777634784,60.034931724356944,25.546760601378878,-3.564623690060344,2.1522511762559056
nsl-kdd,pairflip,0.2,relabel,none,DT,78.4402455806076,45.97387503035592,78.4402455806076,45.97387503035592,0.0,0.0
nsl-kdd,pairflip,0.2,relabel,none,LR,98.63448713877422,58.82124627380634,98.63448713877422,58.82124627380634,0.0,0.0
nsl-kdd,pairflip,0.2,relabel,none,NB,60.034931724356944,25.546760601378878,60.034931724356944,25.546760601378878,0.0,0.0
nsl-kdd,pairflip,0.2,relabel,reference labels,DT,99.55541441727532,62.59905288416698,78.4402455806076,45.97387503035592,21.11516883666772,16.62517785381106
nsl-kdd,pairflip,0.2,relabel,reference labels,LR,99.07378003599025,65.75609799043112,98.63448713877422,58.82124627380634,0.4392928972160348,6.934851716624777
nsl-kdd,pairflip,0.2,relabel,reference labels,NB,76.33375674817403,35.93802690308127,60.034931724356944,25.546760601378878,16.29882502381708,10.391266301702395
nsl-kdd,pairflip,0.4,relabel,DT hard_vote,DT,58.84672382767016,35.597375821542585,59.51757171588864,36.82438141025554,-0.6708478882184821,-1.2270055887129558
nsl-kdd,pairflip,0.4,relabel,DT hard_vote,LR,93.05864295543559,47.21486600188749,96.168095691754,49.627659251134844,-3.109452736318417,-2.4127932492473505
nsl-kdd,pairflip,0.4,relabel,DT hard_vote,NB,37.98428072403937,21.235512574988757,40.47581242722557,17.170048903323828,-2.4915317031861974,4.065463671664929
nsl-kdd,pairflip,0.4,relabel,DT threshold,DT,58.866571398327515,35.69530918094855,59.51757171588864,36.82438141025554,-0.6510003175611274,-1.129072229306992
nsl-kdd,pairflip,0.4,relabel,DT threshold,LR,93.05335026992695,47.23144492444889,96.168095691754,49.627659251134844,-3.1147454218270525,-2.396214326685957
nsl-kdd,pairflip,0.4,relabel,DT threshold,NB,37.98428072403937,21.2343516884973,40.47581242722557,17.170048903323828,-2.4915317031861974,4.064302785173471
nsl-kdd,pairflip,0.4,relabel,NB hard_vote,DT,47.04271197205461,19.92530177547522,59.51757171588864,36.82438141025554,-12.474859743834031,-16.89907963478032
nsl-kdd,pairflip,0.4,relabel,NB hard_vote,LR,48.04038319043082,20.28724713633739,96.168095691754,49.627659251134844,-48.12771250132318,-29.340412114797456
nsl-kdd,pairflip,0.4,relabel,NB hard_vote,NB,41.52773367206521,13.600917363876382,40.47581242722557,17.170048903323828,1.0519212448396402,-3.5691315394474454
nsl-kdd,pairflip,0.4,relabel,NB threshold,DT,49.445591192971314,23.219104937126115,59.51757171588864,36.82438141025554,-10.071980522917329,-13.605276473129425
nsl-kdd,pairflip,0.4,relabel,NB threshold,LR,52.130305917222394,24.88967159371931,96.168095691754,49.627659251134844,-44.03778977453161,-24.737987657415534
nsl-kdd,pairflip,0.4,relabel,NB threshold,NB,43.070551497829996,15.601169397510693,40.47581242722557,17.170048903323828,2.594739070604426,-1.5688795058131344
nsl-kdd,pairflip,0.4,relabel,committee consensus,DT,63.13247591828093,36.43024028289049,59.51757171588864,36.82438141025554,3.614904202392289,-0.394141127365053
nsl-kdd,pairflip,0.4,relabel,committee consensus,LR,80.71610034931724,40.53753203481872,96.168095691754,49.627659251134844,-15.45199534243676,-9.090127216316127
nsl-kdd,pairflip,0.4,relabel,committee consensus,NB,41.64152641050069,21.613023821274012,40.47581242722557,17.170048903323828,1.1657139832751184,4.442974917950185
nsl-kdd,pairflip,0.4,relabel,dual agreement,DT,62.40473166084471,37.75518384262318,59.51757171588864,36.82438141025554,2.8871599449560676,0.930802432367642
nsl-kdd,pairflip,0.4,relabel,dual agreement,LR,82.28405843124801,42.195999270001174,96.168095691754,49.627659251134844,-13.884037260505991,-7.43165998113367
nsl-kdd,pairflip,0.4,relabel,dual agreement,NB,42.75431353868953,19.619643485973924,40.47581242722557,17.170048903323828,2.27850111146396,2.4495945826500964
nsl-kdd,pairflip,0.4,relabel,none,DT,59.51757171588864,36.82438141025554,59.51757171588864,36.82438141025554,0.0,0.0
nsl-kdd,pairflip,0.4,relabel,none,LR,96.168095691754,49.627659251134844,96.168095691754,49.627659251134844,0.0,0.0
nsl-kdd,pairflip,0.4,relabel,none,NB,40.47581242722557,17.170048903323828,40.47581242722557,17.170048903323828,0.0,0.0
nsl-kdd,pairflip,0.4,relabel,reference labels,DT,99.55541441727532,62.59905288416698,59.51757171588864,36.82438141025554,40.03784270138667,25.77467147391144
nsl-kdd,pairflip,0.4,relabel,reference labels,LR,99.07378003599025,65.75609799043112,96.168095691754,49.627659251134844,2.905684344236249,16.12843873929627
nsl-kdd,pairflip,0.4,relabel,reference labels,NB,76.33375674817403,35.93802690308127,40.47581242722557,17.170048903323828,35.857944320948455,18.767977999757445
nsl-kdd,symmetric,0.0,relabel,DT hard_vote,DT,99.14126177622525,59.49460701662983,99.55541441727532,62.59905288416698,-0.414152641050066,-3.1044458675371516
nsl-kdd,symmetric,0.0,relabel,DT hard_vote,LR,98.8461945591193,63.41381092119249,99.07378003599025,65.75609799043112,-0.22758547687095643,-2.3422870692386226
nsl-kdd,symmetric,0.0,relabel,DT hard_vote,NB,74.3357679686673,31.98550706010947,76.33375674817403,35.93802690308127,-1.997988779506727,-3.952519842971803
nsl-kdd,symmetric,0.0,relabel,DT threshold,DT,99.14126177622525,59.49460701662983,99.55541441727532,62.59905288416698,-0.414152641050066,-3.1044458675371516
nsl-kdd,symmetric,0.0,relabel,DT threshold,LR,98.84222504498784,63.40862535121324,99.07378003599025,65.75609799043112,-0.23155499100241173,-2.3474726392178766
nsl-kdd,symmetric,0.0,relabel,DT threshold,NB,74.33444479729015,31.98415285836145,76.33375674817403,35.93802690308127,-1.9993119508838788,-3.9538740447198215
nsl-kdd,symmetric,0.0,relabel,NB hard_vote,DT,80.08494760241346,42.251435076745786,99.55541441727532,62.59905288416698,-19.47046681486185,-20.347617807421194
nsl-kdd,symmetric,0.0,relabel,NB hard_vote,LR,80.84841748703292,46.580258447151465,99.07378003599025,65.75609799043112,-18.225362548957335,-19.17583954327965
nsl-kdd,symmetric,0.0,relabel,NB hard_vote,NB,69.63586323700646,27.580411767603795,76.33375674817403,35.93802690308127,-6.697893511167564,-8.357615135477477
nsl-kdd,symmetric,0.0,relabel,NB threshold,DT,86.9614692494972,48.594775579156135,99.55541441727532,62.59905288416698,-12.593945167778116,-14.004277305010845
nsl-kdd,symmetric,0.0,relabel,NB threshold,LR,88.57176881549698,54.60208322709034,99.07378003599025,65.75609799043112,-10.502011220493273,-11.154014763340776
nsl-kdd,symmetric,0.0,relabel,NB threshold,NB,71.06488832433577,30.56280134308237,76.33375674817403,35.93802690308127,-5.268868423838256,-5.375225559998903
nsl-kdd,symmetric,0.0,relabel,committee consensus,DT,99.3053350269927,61.17412657263649,99.55541441727532,62.59905288416698,-0.2500793902826217,-1.4249263115304913
nsl-kdd,symmetric,0.0,relabel,committee consensus,LR,98.93352387001164,65.22720274953362,99.07378003599025,65.75609799043112,-0.140256165978613,-0.5288952408974978
nsl-kdd,symmetric,0.0,relabel,committee consensus,NB,77.28379379697259,36.767926707787076,76.33375674817403,35.93802690308127,0.9500370487985634,0.8298998047058035
nsl-kdd,symmetric,0.0,relabel,dual agreement,DT,99.51174976182915,62.33903425709596,99.55541441727532,62.59905288416698,-0.0436646554461646,-0.26001862707101964
nsl-kdd,symmetric,0.0,relabel,dual agreement,LR,99.05525563671007,65.57188294024792,99.07378003599025,65.75609799043112,-0.01852439928018157,-0.18421505018319806
nsl-kdd,symmetric,0.0,relabel,dual agreement,NB,78.58182491796337,38.20403918276099,76.33375674817403,35.93802690308127,2.2480681697893488,2.266012279679714
nsl-kdd,symmetric,0.0,relabel,none,DT,99.55541441727532,62.59905288416698,99.55541441727532,62.59905288416698,0.0,0.0
nsl-kdd,symmetric,0.0,relabel,none,LR,99.07378003599025,65.75609799043112,99.07378003599025,65.75609799043112,0.0,0.0
nsl-kdd,symmetric,0.0,relabel,none,NB,76.33375674817403,35.93802690308127,76.33375674817403,35.93802690308127,0.0,0.0
nsl-kdd,symmetric,0.0,relabel,reference labels,DT,99.55541441727532,62.59905288416698,99.55541441727532,62.59905288416698,0.0,0.0
nsl-kdd,symmetric,0.0,relabel,reference labels,LR,99.07378003599025,65.75609799043112,99.07378003599025,65.75609799043112,0.0,0.0
nsl-kdd,symmetric,0.0,relabel,reference labels,NB,76.33375674817403,35.93802690308127,76.33375674817403,35.93802690308127,0.0,0.0
nsl-kdd,symmetric,0.1,relabel,DT hard_vote,DT,87.27373769450621,37.372869981357304,88.21715888641897,38.68530078584006,-0.943421191912762,-1.3124308044827586
nsl-kdd,symmetric,0.1,relabel,DT hard_vote,LR,97.7228220599132,52.21314620162334,98.01788927701917,56.38606199463913,-0.2950672171059665,-4.17291579301579
nsl-kdd,symmetric,0.1,relabel,DT hard_vote,NB,44.64512543664656,19.989998441867556,51.21070181009844,19.976112518934794,-6.565576373451883,0.013885922932761474
nsl-kdd,symmetric,0.1,relabel,DT threshold,DT,87.31078649306659,37.43998137312327,88.21715888641897,38.68530078584006,-0.9063723933523846,-1.2453194127167961
nsl-kdd,symmetric,0.1,relabel,DT threshold,LR,97.71752937440458,52.21666427365108,98.01788927701917,56.38606199463913,-0.3003599026145878,-4.1693977209880515
nsl-kdd,symmetric,0.1,relabel,DT threshold,NB,44.64644860802371,19.98925498538016,51.21070181009844,19.976112518934794,-6.564253202074731,0.013142466445366097
nsl-kdd,symmetric,0.1,relabel,NB hard_vote,DT,46.50815073568328,18.830959490244524,88.21715888641897,38.68530078584006,-41.70900815073569,-19.85434129559554
nsl-kdd,symmetric,0.1,relabel,NB hard_vote,LR,48.567005398539216,19.620168457878464,98.01788927701917,56.38606199463913,-49.45088387847995,-36.765893536760665
nsl-kdd,symmetric,0.1,relabel,NB hard_vote,NB,40.83439187043506,16.50840145133547,51.21070181009844,19.976112518934794,-10.376309939663379,-3.467711067599325
nsl-kdd,symmetric,0.1,relabel,NB threshold,DT,55.166984227797194,23.251482188404804,88.21715888641897,38.68530078584006,-33.05017465862178,-15.433818597435259
nsl-kdd,symmetric,0.1,relabel,NB threshold,LR,60.924102889806285,25.39684306145018,98.01788927701917,56.38606199463913,-37.09378638721288,-30.989218933188948
nsl-kdd,symmetric,0.1,relabel,NB threshold,NB,41.406001905366786,17.69812998643361,51.21070181009844,19.976112518934794,-9.804699904731656,-2.277982532501184
nsl-kdd,symmetric,0.1,relabel,committee consensus,DT,91.57007515613422,41.62837310227291,88.21715888641897,38.68530078584006,3.3529162697152515,2.943072316432847
nsl-kdd,symmetric,0.1,relabel,committee consensus,LR,97.87763311104054,54.82759073099324,98.01788927701917,56.38606199463913,-0.14025616597862722,-1.5584712636458846
nsl-kdd,symmetric,0.1,relabel,committee consensus,NB,41.73414840690166,20.11761696521036,51.21070181009844,19.976112518934794,-9.476553403196782,0.14150444627556524
nsl-kdd,symmetric,0.1,relabel,dual agreement,DT,92.41690483751455,42.63126675310876,88.21715888641897,38.68530078584006,4.199745951095579,3.945965967268698
nsl-kdd,symmetric,0.1,relabel,dual agreement,LR,98.10257224515719,57.51157007400247,98.01788927701917,56.38606199463913,0.08468296813802567,1.1255080793633425
nsl-kdd,symmetric,0.1,relabel,dual agreement,NB,42.91177093257119,19.83162828465944,51.21070181009844,19.976112518934794,-8.298930877527255,-0.14448423427535317
nsl-kdd,symmetric,0.1,relabel,none,DT,88.21715888641897,38.68530078584006,88.21715888641897,38.68530078584006,0.0,0.0
nsl-kdd,symmetric,0.1,relabel,none,LR,98.01788927701917,56.38606199463913,98.01788927701917,56.38606199463913,0.0,0.0
nsl-kdd,symmetric,0.1,relabel,none,NB,51.21070181009844,19.976112518934794,51.21070181009844,19.976112518934794,0.0,0.0
nsl-kdd,symmetric,0.1,relabel,reference labels,DT,99.55541441727532,62.59905288416698,88.21715888641897,38.68530078584006,11.338255530856344,23.913752098326917
nsl-kdd,symmetric,0.1,relabel,reference labels,LR,99.07378003599025,65.75609799043112,98.01788927701917,56.38606199463913,1.0558907589710884,9.370035995791987
nsl-kdd,symmetric,0.1,relabel,reference labels,NB,76.33375674817403,35.93802690308127,51.21070181009844,19.976112518934794,25.123054938075583,15.961914384146478
nsl-kdd,symmetric,0.2,relabel,DT hard_vote,DT,77.18190960093152,30.44837434847918,78.16237959140467,31.290009199346617,-0.9804699904731535,-0.8416348508674361
nsl-kdd,symmetric,0.2,relabel,DT hard_vote,LR,97.35630358844078,48.886729214339105,97.51508415369959,54.19104327998004,-0.1587805652588088,-5.304314065640938
nsl-kdd,symmetric,0.2,relabel,DT hard_vote,NB,47.90012702445221,19.1827497589688,62.44839631629088,20.695275421634662,-14.548269291838672,-1.5125256626658619
nsl-kdd,symmetric,0.2,relabel,DT threshold,DT,77.18058642955435,30.424051095344577,78.16237959140467,31.290009199346617,-0.9817931618503195,-0.8659581040020399
nsl-kdd,symmetric,0.2,relabel,DT threshold,LR,97.349687731555,48.85941919456558,97.51508415369959,54.19104327998004,-0.16539642214459604,-5.331624085414461
nsl-kdd,symmetric,0.2,relabel,DT threshold,NB,47.90012702445221,19.182654171844003,62.44839631629088,20.695275421634662,-14.548269291838672,-1.5126212497906586
nsl-kdd,symmetric,0.2,relabel,NB hard_vote,DT,54.17328252355245,19.811616117736705,78.16237959140467,31.290009199346617,-23.98909706785222,-11.478393081609912
nsl-kdd,symmetric,0.2,relabel,NB hard_vote,LR,60.003175611305174,21.064489452336048,97.51508415369959,54.19104327998004,-37.511908542394416,-33.126553827643995
nsl-kdd,symmetric,0.2,relabel,NB hard_vote,NB,45.321266010373655,17.857893699418018,62.44839631629088,20.695275421634662,-17.127130305917227,-2.8373817222166444
nsl-kdd,symmetric,0.2,relabel,NB threshold,DT,58.98168730814015,22.259692384604108,78.16237959140467,31.290009199346617,-19.18069228326452,-9.030316814742509
nsl-kdd,symmetric,0.2,relabel,NB threshold,LR,66.65872763840372,25.20127288794109,97.51508415369959,54.19104327998004,-30.85635651529587,-28.989770392038952
nsl-kdd,symmetric,0.2,relabel,NB threshold,NB,44.71393034825871,17.95577228795128,62.44839631629088,20.695275421634662,-17.734465968032175,-2.7395031336833817
nsl-kdd,symmetric,0.2,relabel,committee consensus,DT,85.64094421509473,35.551666895956764,78.16237959140467,31.290009199346617,7.478564623690062,4.261657696610147
nsl-kdd,symmetric,0.2,relabel,committee consensus,LR,97.4806816978935,52.40657166759595,97.51508415369959,54.19104327998004,-0.03440245580608803,-1.7844716123840954
nsl-kdd,symmetric,0.2,relabel,committee consensus,NB,48.6993225362549,19.668813012933217,62.44839631629088,20.695275421634662,-13.749073780035985,-1.0264624087014447
nsl-kdd,symmetric,0.2,relabel,dual agreement,DT,86.13051762464274,36.46193898104792,78.16237959140467,31.290009199346617,7.968138033238063,5.171929781701305
nsl-kdd,symmetric,0.2,relabel,dual agreement,LR,97.64607812003811,54.776235417203374,97.51508415369959,54.19104327998004,0.13099396633852223,0.5851921372233306
nsl-kdd,symmetric,0.2,relabel,dual agreement,NB,50.43796972583889,19.792257306327027,62.44839631629088,20.695275421634662,-12.010426590451992,-0.9030181153076349
nsl-kdd,symmetric,0.2,relabel,none,DT,78.16237959140467,31.290009199346617,78.16237959140467,31.290009199346617,0.0,0.0
nsl-kdd,symmetric,0.2,relabel,none,LR,97.51508415369959,54.19104327998004,97.51508415369959,54.19104327998004,0.0,0.0
nsl-kdd,symmetric,0.2,relabel,none,NB,62.44839631629088,20.695275421634662,62.44839631629088,20.695275421634662,0.0,0.0
nsl-kdd,symmetric,0.2,relabel,reference labels,DT,99.55541441727532,62.59905288416698,78.16237959140467,31.290009199346617,21.393034825870643,31.309043684820363
nsl-kdd,symmetric,0.2,relabel,reference labels,LR,99.07378003599025,65.75609799043112,97.51508415369959,54.19104327998004,1.5586958822906638,11.565054710451072
nsl-kdd,symmetric,0.2,relabel,reference labels,NB,76.33375674817403,35.93802690308127,62.44839631629088,20.695275421634662,13.885360431883143,15.24275148144661
nsl-kdd,symmetric,0.4,relabel,DT hard_vote,DT,57.864930665819834,20.90144212909028,58.689266433788504,21.385412378861584,-0.8243357679686696,-0.48397024977130343
nsl-kdd,symmetric,0.4,relabel,DT hard_vote,LR,96.46448608023711,44.256594537638,96.83100455170954,47.581876537729954,-0.3665184714724319,-3.3252820000919527
nsl-kdd,symmetric,0.4,relabel,DT hard_vote,NB,49.977506086588335,17.291699554524893,61.502328781623795,19.172489365373067,-11.52482269503546,-1.8807898108481744
nsl-kdd,symmetric,0.4,relabel,DT threshold,DT,57.87683920821425,20.911638882865834,58.689266433788504,21.385412378861584,-0.812427225574254,-0.4737734959957507
nsl-kdd,symmetric,0.4,relabel,DT threshold,LR,96.4618397374828,44.25324354247076,96.83100455170954,47.581876537729954,-0.3691648142267354,-3.3286329952591913
nsl-kdd,symmetric,0.4,relabel,DT threshold,NB,49.978829257965494,17.291839287455343,61.502328781623795,19.172489365373067,-11.523499523658302,-1.8806500779177249
nsl-kdd,symmetric,0.4,relabel,NB hard_vote,DT,55.18815496983169,18.435010306951412,58.689266433788504,21.385412378861584,-3.5011114639568106,-2.9504020719101725
nsl-kdd,symmetric,0.4,relabel,NB hard_vote,LR,59.24102889806287,19.074124189985472,96.83100455170954,47.581876537729954,-37.58997565364667,-28.507752347744482
nsl-kdd,symmetric,0.4,relabel,NB hard_vote,NB,47.42113898592146,16.185515612830347,61.502328781623795,19.172489365373067,-14.081189795702336,-2.9869737525427205
nsl-kdd,symmetric,0.4,relabel,NB threshold,DT,57.34360114322007,19.586740169550424,58.689266433788504,21.385412378861584,-1.3456652905684336,-1.7986722093111602
nsl-kdd,symmetric,0.4,relabel,NB threshold,LR,63.94093362972372,21.950238719725714,96.83100455170954,47.581876537729954,-32.89007092198582,-25.63163781800424
nsl-kdd,symmetric,0.4,relabel,NB threshold,NB,48.020535619773476,16.720768322449548,61.502328781623795,19.172489365373067,-13.48179316185032,-2.45172104292352
nsl-kdd,symmetric,0.4,relabel,committee consensus,DT,70.13866836032604,26.025396647619193,58.689266433788504,21.385412378861584,11.449401926537533,4.639984268757608
nsl-kdd,symmetric,0.4,relabel,committee consensus,LR,96.09002858050174,43.531610647348494,96.83100455170954,47.581876537729954,-0.7409759712078028,-4.050265890381461
nsl-kdd,symmetric,0.4,relabel,committee consensus,NB,51.481951942415584,18.813792206846944,61.502328781623795,19.172489365373067,-10.020376839208211,-0.35869715852612316
nsl-kdd,symmetric,0.4,relabel,dual agreement,DT,70.53694294485022,26.364229475939187,58.689266433788504,21.385412378861584,11.84767651106172,4.978817097077602
nsl-kdd,symmetric,0.4,relabel,dual agreement,LR,96.32555308563565,46.22273112671086,96.83100455170954,47.581876537729954,-0.5054514660738931,-1.3591454110190924
nsl-kdd,symmetric,0.4,relabel,dual agreement,NB,56.54308246004023,19.58716899341557,61.502328781623795,19.172489365373067,-4.959246321583564,0.4146796280425029
nsl-kdd,symmetric,0.4,relabel,none,DT,58.689266433788504,21.385412378861584,58.689266433788504,21.385412378861584,0.0,0.0
nsl-kdd,symmetric,0.4,relabel,none,LR,96.83100455170954,47.581876537729954,96.83100455170954,47.581876537729954,0.0,0.0
nsl-kdd,symmetric,0.4,relabel,none,NB,61.502328781623795,19.172489365373067,61.502328781623795,19.172489365373067,0.0,0.0
nsl-kdd,symmetric,0.4,relabel,reference labels,DT,99.55541441727532,62.59905288416698,58.689266433788504,21.385412378861584,40.86614798348681,41.21364050530539
nsl-kdd,symmetric,0.4,relabel,reference labels,LR,99.07378003599025,65.75609799043112,96.83100455170954,47.581876537729954,2.2427754842807133,18.17422145270116
nsl-kdd,symmetric,0.4,relabel,reference labels,NB,76.33375674817403,35.93802690308127,61.502328781623795,19.172489365373067,14.83142796655023,16.765537537708205
soybean,pairflip,0.0,relabel,DT hard_vote,DT,88.33577354807223,92.57697988171678,92.48413860419718,95.39073136149285,-4.148365056124959,-2.813751479776073
soybean,pairflip,0.0,relabel,DT hard_vote,LR,90.23914104441191,93.91991297628302,94.04587603709126,96.32272371967302,-3.8067349926793526,-2.402810743390006
soybean,pairflip,0.0,relabel,DT hard_vote,NB,88.82381649585163,92.67468927627112,89.94631527574427,93.35393002295739,-1.1224987798926378,-0.6792407466862613
soybean,pairflip,0.0,relabel,DT threshold,DT,88.38457784285016,92.59536080844452,92.48413860419718,95.39073136149285,-4.099560761347021,-2.795370553048329
soybean,pairflip,0.0,relabel,DT threshold,LR,90.19033674963396,93.90083561974437,94.04587603709126,96.32272371967302,-3.8555392874573045,-2.421888099928651
soybean,pairflip,0.0,relabel,DT threshold,NB,88.82381649585163,92.67468927627112,89.94631527574427,93.35393002295739,-1.1224987798926378,-0.6792407466862613
soybean,pairflip,0.0,relabel,NB hard_vote,DT,87.99414348462665,91.62222276673492,92.48413860419718,95.39073136149285,-4.489995119570537,-3.7685085947579324
soybean,pairflip,0.0,relabel,NB hard_vote,LR,89.21425085407516,92.71762421317756,94.04587603709126,96.32272371967302,-4.831625183016101,-3.6050995064954634
soybean,pairflip,0.0,relabel,NB hard_vote,NB,87.75012201073696,91.79107011105594,89.94631527574427,93.35393002295739,-2.1961932650073095,-1.562859911901441
soybean,pairflip,0.0,relabel,NB threshold,DT,90.82479258174719,94.2137420592736,92.48413860419718,95.39073136149285,-1.659346022449995,-1.1769893022192548
soybean,pairflip,0.0,relabel,NB threshold,LR,92.33772571986334,95.25487525200053,94.04587603709126,96.32272371967302,-1.7081503172279184,-1.0678484676724906
soybean,pairflip,0.0,relabel,NB threshold,NB,89.0190336749634,93.03763200693123,89.94631527574427,93.35393002295739,-0.9272816007808729,-0.3162980160261526
soybean,pairflip,0.0,relabel,committee consensus,DT,90.72718399219131,94.22634802835388,92.48413860419718,95.39073136149285,-1.7569546120058703,-1.1643833331389715
soybean,pairflip,0.0,relabel,committee consensus,LR,92.53294289897512,95.18101436400345,94.04587603709126,96.32272371967302,-1.5129331381161393,-1.141709355669576
soybean,pairflip,0.0,relabel,committee consensus,NB,89.11664226451929,93.0310977979422,89.94631527574427,93.35393002295739,-0.8296730112249833,-0.3228322250151905
soybean,pairflip,0.0,relabel,dual agreement,DT,91.41044411908247,94.63376591218518,92.48413860419718,95.39073136149285,-1.0736944851147143,-0.7569654493076712
soybean,pairflip,0.0,relabel,dual agreement,LR,93.5090287945339,95.9123406903246,94.04587603709126,96.32272371967302,-0.5368472425573572,-0.41038302934842363
soybean,pairflip,0.0,relabel,dual agreement,NB,89.65348950707663,93.32129242108591,89.94631527574427,93.35393002295739,-0.2928257686676403,-0.032637601871471134
soybean,pairflip,0.0,relabel,none,DT,92.48413860419718,95.39073136149285,92.48413860419718,95.39073136149285,0.0,0.0
soybean,pairflip,0.0,relabel,none,LR,94.04587603709126,96.32272371967302,94.04587603709126,96.32272371967302,0.0,0.0
soybean,pairflip,0.0,relabel,none,NB,89.94631527574427,93.35393002295739,89.94631527574427,93.35393002295739,0.0,0.0
soybean,pairflip,0.0,relabel,reference labels,DT,92.48413860419718,95.39073136149285,92.48413860419718,95.39073136149285,0.0,0.0
soybean,pairflip,0.0,relabel,reference labels,LR,94.04587603709126,96.32272371967302,94.04587603709126,96.32272371967302,0.0,0.0
soybean,pairflip,0.0,relabel,reference labels,NB,89.94631527574427,93.35393002295739,89.94631527574427,93.35393002295739,0.0,0.0
soybean,pairflip,0.1,relabel,DT hard_vote,DT,77.59882869692534,76.12907217388162,82.08882381649585,82.32852927754868,-4.489995119570509,-6.199457103667058
soybean,pairflip,0.1,relabel,DT hard_vote,LR,82.43045387994142,82.15575288575741,89.45827232796485,89.56599837087226,-7.0278184480234245,-7.4102454851148565
soybean,pairflip,0.1,relabel,DT hard_vote,NB,87.16447047340166,87.83268085112354,88.62859931673988,90.07513272042176,-1.4641288433382158,-2.242451869298222
soybean,pairflip,0.1,relabel,DT threshold,DT,77.11078574914592,75.893544620753,82.08882381649585,82.32852927754868,-4.978038067349928,-6.434984656795677
soybean,pairflip,0.1,relabel,DT threshold,LR,82.13762811127378,81.8798496606177,89.45827232796485,89.56599837087226,-7.320644216691065,-7.686148710254571
soybean,pairflip,0.1,relabel,DT threshold,NB,87.16447047340166,87.8833611431176,88.62859931673988,90.07513272042176,-1.4641288433382158,-2.1917715773041664
soybean,pairflip,0.1,relabel,NB hard_vote,DT,85.11469009272817,86.49509942166317,82.08882381649585,82.32852927754868,3.025866276232321,4.166570144114488
soybean,pairflip,0.1,relabel,NB hard_vote,LR,87.2132747681796,89.02128771120913,89.45827232796485,89.56599837087226,-2.244997559785247,-0.5447106596631386
soybean,pairflip,0.1,relabel,NB hard_vote,NB,86.48121034651051,89.45809131360188,88.62859931673988,90.07513272042176,-2.147388970229372,-0.6170414068198795
soybean,pairflip,0.1,relabel,NB threshold,DT,86.43240605173257,88.04497716408184,82.08882381649585,82.32852927754868,4.343582235236724,5.71644788653316
soybean,pairflip,0.1,relabel,NB threshold,LR,88.72620790629576,90.48017434627666,89.45827232796485,89.56599837087226,-0.7320644216690937,0.9141759754043903
soybean,pairflip,0.1,relabel,NB threshold,NB,88.14055636896046,91.09842559269559,88.62859931673988,90.07513272042176,-0.4880429477794195,1.023292872273828
soybean,pairflip,0.1,relabel,committee consensus,DT,87.75012201073694,89.76272764562815,82.08882381649585,82.32852927754868,5.661298194241098,7.434198368079464
soybean,pairflip,0.1,relabel,committee consensus,LR,90.5807711078575,92.71027792142009,89.45827232796485,89.56599837087226,1.122498779892652,3.1442795505478216
soybean,pairflip,0.1,relabel,committee consensus,NB,89.11664226451927,92.63971602198554,88.62859931673988,90.07513272042176,0.48804294777939106,2.564583301563772
soybean,pairflip,0.1,relabel,dual agreement,DT,89.11664226451927,91.55767177641223,82.08882381649585,82.32852927754868,7.0278184480234245,9.229142498863553
soybean,pairflip,0.1,relabel,dual agreement,LR,91.55685700341628,93.58096439507557,89.45827232796485,89.56599837087226,2.098584675451434,4.014966024203304
soybean,pairflip,0.1,relabel,dual agreement,NB,89.31185944363104,92.69859190203232,88.62859931673988,90.07513272042176,0.683260126891156,2.6234591816105564
soybean,pairflip,0.1,relabel,none,DT,82.08882381649585,82.32852927754868,82.08882381649585,82.32852927754868,0.0,0.0
soybean,pairflip,0.1,relabel,none,LR,89.45827232796485,89.56599837087226,89.45827232796485,89.56599837087226,0.0,0.0
soybean,pairflip,0.1,relabel,none,NB,88.62859931673988,90.07513272042176,88.62859931673988,90.07513272042176,0.0,0.0
soybean,pairflip,0.1,relabel,reference labels,DT,92.48413860419718,95.39073136149285,82.08882381649585,82.32852927754868,10.395314787701338,13.062202083944172
soybean,pairflip,0.1,relabel,reference labels,LR,94.04587603709126,96.32272371967302,89.45827232796485,89.56599837087226,4.587603709126412,6.756725348800757
soybean,pairflip,0.1,relabel,reference labels,NB,89.94631527574427,93.35393002295739,88.62859931673988,90.07513272042176,1.3177159590043885,3.2787973025356223
soybean,pairflip,0.2,relabel,DT hard_vote,DT,69.15568570034164,67.86072299827168,73.01122498779893,72.11293413986128,-3.8555392874572902,-4.252211141589598
soybean,pairflip,0.2,relabel,DT hard_vote,LR,74.86578818936067,71.98769034124813,81.25915080527086,78.91199725736547,-6.393362615910192,-6.924306916117345
soybean,pairflip,0.2,relabel,DT hard_vote,NB,80.96632503660322,76.09976315075087,82.08882381649585,76.65402176739867,-1.1224987798926236,-0.5542586166478003
soybean,pairflip,0.2,relabel,DT threshold,DT,68.42362127867251,67.26709982730542,73.01122498779893,72.11293413986128,-4.587603709126412,-4.845834312555866
soybean,pairflip,0.2,relabel,DT threshold,LR,74.96339677891655,71.99238374463788,81.25915080527086,78.91199725736547,-6.295754026354317,-6.919613512727594
soybean,pairflip,0.2,relabel,DT threshold,NB,80.67349926793558,75.63128851352423,82.08882381649585,76.65402176739867,-1.415324548560264,-1.0227332538744491
soybean,pairflip,0.2,relabel,NB hard_vote,DT,79.35578330893118,75.40682792184434,73.01122498779893,72.11293413986128,6.344558321132254,3.2938937819830585
soybean,pairflip,0.2,relabel,NB hard_vote,LR,81.6495851634944,77.90481366741234,81.25915080527086,78.91199725736547,0.3904343582235299,-1.0071835899531294
soybean,pairflip,0.2,relabel,NB hard_vote,NB,81.16154221571497,77.00576494295991,82.08882381649585,76.65402176739867,-0.9272816007808729,0.35174317556123924
soybean,pairflip,0.2,relabel,NB threshold,DT,80.72230356271352,77.44421457231954,73.01122498779893,72.11293413986128,7.711078574914595,5.331280432458257
soybean,pairflip,0.2,relabel,NB threshold,LR,83.26012689116642,80.2356021788464,81.25915080527086,78.91199725736547,2.0009760858955588,1.3236049214809356
soybean,pairflip,0.2,relabel,NB threshold,NB,82.91849682772084,79.8437378562755,82.08882381649585,76.65402176739867,0.8296730112249975,3.1897160888768212
soybean,pairflip,0.2,relabel,committee consensus,DT,82.18643240605174,82.39810382447949,73.01122498779893,72.11293413986128,9.17520741825281,10.28516968461821
soybean,pairflip,0.2,relabel,committee consensus,LR,86.67642752562226,86.37303185846918,81.25915080527086,78.91199725736547,5.417276720351396,7.461034601103705
soybean,pairflip,0.2,relabel,committee consensus,NB,86.23718887262079,87.1481432867375,82.08882381649585,76.65402176739867,4.148365056124945,10.494121519338819
soybean,pairflip,0.2,relabel,dual agreement,DT,83.30893118594436,83.6490155756283,73.01122498779893,72.11293413986128,10.297706198145434,11.536081435767017
soybean,pairflip,0.2,relabel,dual agreement,LR,87.70131771595901,87.90362189050781,81.25915080527086,78.91199725736547,6.442166910688144,8.991624633142337
soybean,pairflip,0.2,relabel,dual agreement,NB,86.87164470473402,87.83937838530353,82.08882381649585,76.65402176739867,4.782820888238177,11.185356617904858
soybean,pairflip,0.2,relabel,none,DT,73.01122498779893,72.11293413986128,73.01122498779893,72.11293413986128,0.0,0.0
soybean,pairflip,0.2,relabel,none,LR,81.25915080527086,78.91199725736547,81.25915080527086,78.91199725736547,0.0,0.0
soybean,pairflip,0.2,relabel,none,NB,82.08882381649585,76.65402176739867,82.08882381649585,76.65402176739867,0.0,0.0
soybean,pairflip,0.2,relabel,reference labels,DT,92.48413860419718,95.39073136149285,73.01122498779893,72.11293413986128,19.47291361639826,23.277797221631573
soybean,pairflip,0.2,relabel,reference labels,LR,94.04587603709126,96.32272371967302,81.25915080527086,78.91199725736547,12.786725231820398,17.41072646230755
soybean,pairflip,0.2,relabel,reference labels,NB,89.94631527574427,93.35393002295739,82.08882381649585,76.65402176739867,7.857491459248422,16.69990825555871
soybean,pairflip,0.4,relabel,DT hard_vote,DT,54.026354319180086,51.54383292789603,55.734504636408,54.82194297627726,-1.7081503172279113,-3.2781100483812367
soybean,pairflip,0.4,relabel,DT hard_vote,LR,57.5402635431918,55.33602864180597,60.17569546120058,57.72354063582344,-2.635431918008784,-2.3875119940174727
soybean,pairflip,0.4,relabel,DT hard_vote,NB,64.32406051732552,55.7311043809496,64.86090775988286,55.339978731984786,-0.536847242557343,0.3911256489648167
soybean,pairflip,0.4,relabel,DT threshold,DT,54.95363591996096,51.86592916727877,55.734504636408,54.82194297627726,-0.7808687164470385,-2.9560138089984918
soybean,pairflip,0.4,relabel,DT threshold,LR,57.19863347974621,55.12397702567998,60.17569546120058,57.72354063582344,-2.9770619814543693,-2.5995636101434627
soybean,pairflip,0.4,relabel,DT threshold,NB,63.73840897999023,54.83863297926019,64.86090775988286,55.339978731984786,-1.1224987798926307,-0.5013457527245961
soybean,pairflip,0.4,relabel,NB hard_vote,DT,61.688628599316736,55.29519666214461,55.734504636408,54.82194297627726,5.954123962908739,0.4732536858673484
soybean,pairflip,0.4,relabel,NB hard_vote,LR,63.59199609565641,56.763046952847624,60.17569546120058,57.72354063582344,3.4163006344558298,-0.9604936829758159
soybean,pairflip,0.4,relabel,NB hard_vote,NB,65.3977550024402,58.64163506493288,64.86090775988286,55.339978731984786,0.536847242557343,3.3016563329480917
soybean,pairflip,0.4,relabel,NB threshold,DT,63.543191800878475,58.490905975125656,55.734504636408,54.82194297627726,7.808687164470477,3.668962998848393
soybean,pairflip,0.4,relabel,NB threshold,LR,65.54416788677403,58.30646517243438,60.17569546120058,57.72354063582344,5.368472425573451,0.582924536610939
soybean,pairflip,0.4,relabel,NB threshold,NB,66.32503660322108,59.62313117477479,64.86090775988286,55.339978731984786,1.4641288433382158,4.283152442790005
soybean,pairflip,0.4,relabel,committee consensus,DT,63.34797462176672,60.24692830204723,55.734504636408,54.82194297627726,7.613469985358719,5.424985325769967
soybean,pairflip,0.4,relabel,committee consensus,LR,67.44753538311372,63.42820878287091,60.17569546120058,57.72354063582344,7.271839921913134,5.704668147047471
soybean,pairflip,0.4,relabel,committee consensus,NB,69.05807711078575,60.847085441301864,64.86090775988286,55.339978731984786,4.1971693509028825,5.507106709317078
soybean,pairflip,0.4,relabel,dual agreement,DT,64.08003904343582,61.740097485749025,55.734504636408,54.82194297627726,8.34553440702782,6.918154509471762
soybean,pairflip,0.4,relabel,dual agreement,LR,69.30209858467545,65.59374483892456,60.17569546120058,57.72354063582344,9.126403123474866,7.870204203101125
soybean,pairflip,0.4,relabel,dual agreement,NB,69.5949243533431,61.771318228245626,64.86090775988286,55.339978731984786,4.73401659346024,6.43133949626084
soybean,pairflip,0.4,relabel,none,DT,55.734504636408,54.82194297627726,55.734504636408,54.82194297627726,0.0,0.0
soybean,pairflip,0.4,relabel,none,LR,60.17569546120058,57.72354063582344,60.17569546120058,57.72354063582344,0.0,0.0
soybean,pairflip,0.4,relabel,none,NB,64.86090775988286,55.339978731984786,64.86090775988286,55.339978731984786,0.0,0.0
soybean,pairflip,0.4,relabel,reference labels,DT,92.48413860419718,95.39073136149285,55.734504636408,54.82194297627726,36.74963396778919,40.56878838521559
soybean,pairflip,0.4,relabel,reference labels,LR,94.04587603709126,96.32272371967302,60.17569546120058,57.72354063582344,33.87018057589068,38.59918308384958
soybean,pairflip,0.4,relabel,reference labels,NB,89.94631527574427,93.35393002295739,64.86090775988286,55.339978731984786,25.085407515861405,38.0139512909726
soybean,symmetric,0.0,relabel,DT hard_vote,DT,88.33577354807223,92.57697988171678,92.48413860419718,95.39073136149285,-4.148365056124959,-2.813751479776073
soybean,symmetric,0.0,relabel,DT hard_vote,LR,90.23914104441191,93.91991297628302,94.04587603709126,96.32272371967302,-3.8067349926793526,-2.402810743390006
soybean,symmetric,0.0,relabel,DT hard_vote,NB,88.82381649585163,92.67468927627112,89.94631527574427,93.35393002295739,-1.1224987798926378,-0.6792407466862613
soybean,symmetric,0.0,relabel,DT threshold,DT,88.38457784285016,92.59536080844452,92.48413860419718,95.39073136149285,-4.099560761347021,-2.795370553048329
soybean,symmetric,0.0,relabel,DT threshold,LR,90.19033674963396,93.90083561974437,94.04587603709126,96.32272371967302,-3.8555392874573045,-2.421888099928651
soybean,symmetric,0.0,relabel,DT threshold,NB,88.82381649585163,92.67468927627112,89.94631527574427,93.35393002295739,-1.1224987798926378,-0.6792407466862613
soybean,symmetric,0.0,relabel,NB hard_vote,DT,87.99414348462665,91.62222276673492,92.48413860419718,95.39073136149285,-4.489995119570537,-3.7685085947579324
soybean,symmetric,0.0,relabel,NB hard_vote,LR,89.21425085407516,92.71762421317756,94.04587603709126,96.32272371967302,-4.831625183016101,-3.6050995064954634
soybean,symmetric,0.0,relabel,NB hard_vote,NB,87.75012201073696,91.79107011105594,89.94631527574427,93.35393002295739,-2.1961932650073095,-1.562859911901441
soybean,symmetric,0.0,relabel,NB threshold,DT,90.82479258174719,94.2137420592736,92.48413860419718,95.39073136149285,-1.659346022449995,-1.1769893022192548
soybean,symmetric,0.0,relabel,NB threshold,LR,92.33772571986334,95.25487525200053,94.04587603709126,96.32272371967302,-1.7081503172279184,-1.0678484676724906
soybean,symmetric,0.0,relabel,NB threshold,NB,89.0190336749634,93.03763200693123,89.94631527574427,93.35393002295739,-0.9272816007808729,-0.3162980160261526
soybean,symmetric,0.0,relabel,committee consensus,DT,90.72718399219131,94.22634802835388,92.48413860419718,95.39073136149285,-1.7569546120058703,-1.1643833331389715
soybean,symmetric,0.0,relabel,committee consensus,LR,92.53294289897512,95.18101436400345,94.04587603709126,96.32272371967302,-1.5129331381161393,-1.141709355669576
soybean,symmetric,0.0,relabel,committee consensus,NB,89.11664226451929,93.0310977979422,89.94631527574427,93.35393002295739,-0.8296730112249833,-0.3228322250151905
soybean,symmetric,0.0,relabel,dual agreement,DT,91.41044411908247,94.63376591218518,92.48413860419718,95.39073136149285,-1.0736944851147143,-0.7569654493076712
soybean,symmetric,0.0,relabel,dual agreement,LR,93.5090287945339,95.9123406903246,94.04587603709126,96.32272371967302,-0.5368472425573572,-0.41038302934842363
soybean,symmetric,0.0,relabel,dual agreement,NB,89.65348950707663,93.32129242108591,89.94631527574427,93.35393002295739,-0.2928257686676403,-0.032637601871471134
soybean,symmetric,0.0,relabel,none,DT,92.48413860419718,95.39073136149285,92.48413860419718,95.39073136149285,0.0,0.0
soybean,symmetric,0.0,relabel,none,LR,94.04587603709126,96.32272371967302,94.04587603709126,96.32272371967302,0.0,0.0
soybean,symmetric,0.0,relabel,none,NB,89.94631527574427,93.35393002295739,89.94631527574427,93.35393002295739,0.0,0.0
soybean,symmetric,0.0,relabel,reference labels,DT,92.48413860419718,95.39073136149285,92.48413860419718,95.39073136149285,0.0,0.0
soybean,symmetric,0.0,relabel,reference labels,LR,94.04587603709126,96.32272371967302,94.04587603709126,96.32272371967302,0.0,0.0
soybean,symmetric,0.0,relabel,reference labels,NB,89.94631527574427,93.35393002295739,89.94631527574427,93.35393002295739,0.0,0.0
soybean,symmetric,0.1,relabel,DT hard_vote,DT,74.81698389458272,73.67453902018234,81.0639336261591,80.94963975146793,-6.246949731576379,-7.27510073128559
soybean,symmetric,0.1,relabel,DT hard_vote,LR,82.47925817471936,82.42514831435143,89.2630551488531,89.86092073059058,-6.783796974133736,-7.435772416239146
soybean,symmetric,0.1,relabel,DT hard_vote,NB,86.77403611517813,90.0686053938046,89.11664226451927,92.97235026561482,-2.3426061493411368,-2.9037448718102183
soybean,symmetric,0.1,relabel,DT threshold,DT,75.15861395802831,74.16499071868112,81.0639336261591,80.94963975146793,-5.905319668130787,-6.7846490327868025
soybean,symmetric,0.1,relabel,DT threshold,LR,83.06490971205466,82.94310292969334,89.2630551488531,89.86092073059058,-6.198145436798441,-6.9178178008972395
soybean,symmetric,0.1,relabel,DT threshold,NB,87.2132747681796,90.48245276501832,89.11664226451927,92.97235026561482,-1.9033674963396692,-2.4898975005964985
soybean,symmetric,0.1,relabel,NB hard_vote,DT,86.48121034651051,90.01394899092462,81.0639336261591,80.94963975146793,5.41727672035141,9.06430923945669
soybean,symmetric,0.1,relabel,NB hard_vote,LR,87.70131771595901,91.32018200053007,89.2630551488531,89.86092073059058,-1.5617374328940912,1.4592612699394891
soybean,symmetric,0.1,relabel,NB hard_vote,NB,86.3836017569546,90.36908581173294,89.11664226451927,92.97235026561482,-2.7330405075646667,-2.603264453881877
soybean,symmetric,0.1,relabel,NB threshold,DT,87.94533918984871,91.03339399199912,81.0639336261591,80.94963975146793,6.881405563689611,10.083754240531192
soybean,symmetric,0.1,relabel,NB threshold,LR,89.21425085407516,92.24738721632987,89.2630551488531,89.86092073059058,-0.048804294777937685,2.386466485739291
soybean,symmetric,0.1,relabel,NB threshold,NB,88.4333821376281,92.58275605653073,89.11664226451927,92.97235026561482,-0.6832601268911702,-0.3895942090840947
soybean,symmetric,0.1,relabel,committee consensus,DT,87.89653489507077,89.66611299756214,81.0639336261591,80.94963975146793,6.832601268911674,8.71647324609421
soybean,symmetric,0.1,relabel,committee consensus,LR,91.02000976085895,93.29726832001597,89.2630551488531,89.86092073059058,1.7569546120058561,3.436347589425395
soybean,symmetric,0.1,relabel,committee consensus,NB,88.97022938018546,92.94780166860396,89.11664226451927,92.97235026561482,-0.14641288433381305,-0.024548597010863205
soybean,symmetric,0.1,relabel,dual agreement,DT,88.57979502196194,90.0541006774052,81.0639336261591,80.94963975146793,7.515861395802844,9.104460925937275
soybean,symmetric,0.1,relabel,dual agreement,LR,92.19131283552952,94.27500928741641,89.2630551488531,89.86092073059058,2.9282576866764174,4.414088556825831
soybean,symmetric,0.1,relabel,dual agreement,NB,89.0190336749634,92.85469285350456,89.11664226451927,92.97235026561482,-0.09760858955587537,-0.11765741211026182
soybean,symmetric,0.1,relabel,none,DT,81.0639336261591,80.94963975146793,81.0639336261591,80.94963975146793,0.0,0.0
soybean,symmetric,0.1,relabel,none,LR,89.2630551488531,89.86092073059058,89.2630551488531,89.86092073059058,0.0,0.0
soybean,symmetric,0.1,relabel,none,NB,89.11664226451927,92.97235026561482,89.11664226451927,92.97235026561482,0.0,0.0
soybean,symmetric,0.1,relabel,reference labels,DT,92.48413860419718,95.39073136149285,81.0639336261591,80.94963975146793,11.420204978038086,14.441091610024927
soybean,symmetric,0.1,relabel,reference labels,LR,94.04587603709126,96.32272371967302,89.2630551488531,89.86092073059058,4.782820888238163,6.461802989082443
soybean,symmetric,0.1,relabel,reference labels,NB,89.94631527574427,93.35393002295739,89.11664226451927,92.97235026561482,0.8296730112249975,0.3815797573425641
soybean,symmetric,0.2,relabel,DT hard_vote,DT,62.76232308443142,60.490207671099256,69.49731576378721,67.83711319677374,-6.734992679355791,-7.346905525674487
soybean,symmetric,0.2,relabel,DT hard_vote,LR,74.47535383113713,71.38099271743181,83.3577354807223,80.87140486653648,-8.88238164958517,-9.490412149104671
soybean,symmetric,0.2,relabel,DT hard_vote,NB,84.38262567105905,85.55524344751736,87.89653489507077,90.49722322007138,-3.5139092240117265,-4.941979772554021
soybean,symmetric,0.2,relabel,DT threshold,DT,63.29917032698878,60.69394084397455,69.49731576378721,67.83711319677374,-6.198145436798434,-7.143172352799191
soybean,symmetric,0.2,relabel,DT threshold,LR,74.47535383113714,70.92222478689776,83.3577354807223,80.87140486653648,-8.882381649585156,-9.949180079638722
soybean,symmetric,0.2,relabel,DT threshold,NB,84.38262567105905,85.5858445058095,87.89653489507077,90.49722322007138,-3.5139092240117265,-4.911378714261872
soybean,symmetric,0.2,relabel,NB hard_vote,DT,85.01708150317228,86.81693737710624,69.49731576378721,67.83711319677374,15.519765739385065,18.9798241803325
soybean,symmetric,0.2,relabel,NB hard_vote,LR,86.1395802830649,88.17914750508454,83.3577354807223,80.87140486653648,2.7818448023426043,7.3077426385480635
soybean,symmetric,0.2,relabel,NB hard_vote,NB,85.70034163006345,88.49423528763835,87.89653489507077,90.49722322007138,-2.1961932650073237,-2.0029879324330295
soybean,symmetric,0.2,relabel,NB threshold,DT,85.60273304050757,87.14437048651502,69.49731576378721,67.83711319677374,16.10541727672036,19.307257289741273
soybean,symmetric,0.2,relabel,NB threshold,LR,87.40849194729135,89.91551401809194,83.3577354807223,80.87140486653648,4.050756466569055,9.04410915155546
soybean,symmetric,0.2,relabel,NB threshold,NB,86.87164470473401,90.14645489404093,87.89653489507077,90.49722322007138,-1.0248901903367624,-0.3507683260304475
soybean,symmetric,0.2,relabel,committee consensus,DT,82.47925817471938,82.17492004329854,69.49731576378721,67.83711319677374,12.981942410932163,14.3378068465248
soybean,symmetric,0.2,relabel,committee consensus,LR,87.65251342118107,88.78948834558382,83.3577354807223,80.87140486653648,4.294777940458772,7.91808347904734
soybean,symmetric,0.2,relabel,committee consensus,NB,88.23816495851635,91.73598548798081,87.89653489507077,90.49722322007138,0.341630063445578,1.2387622679094363
soybean,symmetric,0.2,relabel,dual agreement,DT,83.60175695461201,83.3490148704983,69.49731576378721,67.83711319677374,14.1044411908248,15.511901673724552
soybean,symmetric,0.2,relabel,dual agreement,LR,89.11664226451929,89.93395481183045,83.3577354807223,80.87140486653648,5.758906783796988,9.062549945293966
soybean,symmetric,0.2,relabel,dual agreement,NB,88.48218643240604,91.97072080032335,87.89653489507077,90.49722322007138,0.5856515373352664,1.4734975802519727
soybean,symmetric,0.2,relabel,none,DT,69.49731576378721,67.83711319677374,69.49731576378721,67.83711319677374,0.0,0.0
soybean,symmetric,0.2,relabel,none,LR,83.3577354807223,80.87140486653648,83.3577354807223,80.87140486653648,0.0,0.0
soybean,symmetric,0.2,relabel,none,NB,87.89653489507077,90.49722322007138,87.89653489507077,90.49722322007138,0.0,0.0
soybean,symmetric,0.2,relabel,reference labels,DT,92.48413860419718,95.39073136149285,69.49731576378721,67.83711319677374,22.98682284040997,27.55361816471911
soybean,symmetric,0.2,relabel,reference labels,LR,94.04587603709126,96.32272371967302,83.3577354807223,80.87140486653648,10.688140556368964,15.451318853136542
soybean,symmetric,0.2,relabel,reference labels,NB,89.94631527574427,93.35393002295739,87.89653489507077,90.49722322007138,2.0497803806734964,2.856706802886009
soybean,symmetric,0.4,relabel,DT hard_vote,DT,44.65592972181552,42.46579445888525,50.26842362127868,46.95567777898984,-5.612493899463161,-4.489883320104589
soybean,symmetric,0.4,relabel,DT hard_vote,LR,59.004392386530014,54.169801124632336,72.66959492435335,66.94116423563229,-13.665202537823333,-12.77136311099995
soybean,symmetric,0.4,relabel,DT hard_vote,NB,78.33089311859443,75.57522089190742,83.69936554416789,82.66167183588055,-5.368472425573458,-7.086450943973134
soybean,symmetric,0.4,relabel,DT threshold,DT,44.85114690092728,42.665411577299984,50.26842362127868,46.95567777898984,-5.417276720351396,-4.290266201689853
soybean,symmetric,0.4,relabel,DT threshold,LR,59.248413860419724,54.499847602520084,72.66959492435335,66.94116423563229,-13.421181063933624,-12.441316633112201
soybean,symmetric,0.4,relabel,DT threshold,NB,78.37969741337237,75.63042443049288,83.69936554416789,82.66167183588055,-5.31966813079552,-7.031247405387674
soybean,symmetric,0.4,relabel,NB hard_vote,DT,79.89263055148854,79.18364525800811,50.26842362127868,46.95567777898984,29.62420693020986,32.227967479018275
soybean,symmetric,0.4,relabel,NB hard_vote,LR,82.57686676427525,82.81810843602831,72.66959492435335,66.94116423563229,9.907271839921904,15.876944200396025
soybean,symmetric,0.4,relabel,NB hard_vote,NB,82.52806246949733,82.94116753298012,83.69936554416789,82.66167183588055,-1.1713030746705613,0.2794956970995628
soybean,symmetric,0.4,relabel,NB threshold,DT,80.91752074182529,79.39720198175895,50.26842362127868,46.95567777898984,30.649097120546607,32.441524202769116
soybean,symmetric,0.4,relabel,NB threshold,LR,83.74816983894583,83.35577746051892,72.66959492435335,66.94116423563229,11.07857491459248,16.414613224886637
soybean,symmetric,0.4,relabel,NB threshold,NB,83.8457784285017,84.3439310476659,83.69936554416789,82.66167183588055,0.14641288433381305,1.6822592117853503
soybean,symmetric,0.4,relabel,committee consensus,DT,67.30112249877989,64.32604792206702,50.26842362127868,46.95567777898984,17.03269887750121,17.37037014307718
soybean,symmetric,0.4,relabel,committee consensus,LR,76.13469985358712,73.04882365137455,72.66959492435335,66.94116423563229,3.4651049292337746,6.107659415742262
soybean,symmetric,0.4,relabel,committee consensus,NB,84.62664714494876,85.73099865337463,83.69936554416789,82.66167183588055,0.9272816007808729,3.0693268174940727
soybean,symmetric,0.4,relabel,dual agreement,DT,68.61883845778429,66.02711946799819,50.26842362127868,46.95567777898984,18.350414836505614,19.071441689008353
soybean,symmetric,0.4,relabel,dual agreement,LR,79.64860907759883,77.05906581963667,72.66959492435335,66.94116423563229,6.979014153245487,10.117901584004386
soybean,symmetric,0.4,relabel,dual agreement,NB,85.45632015617373,86.86367567936288,83.69936554416789,82.66167183588055,1.756954612005842,4.202003843482331
soybean,symmetric,0.4,relabel,none,DT,50.26842362127868,46.95567777898984,50.26842362127868,46.95567777898984,0.0,0.0
soybean,symmetric,0.4,relabel,none,LR,72.66959492435335,66.94116423563229,72.66959492435335,66.94116423563229,0.0,0.0
soybean,symmetric,0.4,relabel,none,NB,83.69936554416789,82.66167183588055,83.69936554416789,82.66167183588055,0.0,0.0
soybean,symmetric,0.4,relabel,reference labels,DT,92.48413860419718,95.39073136149285,50.26842362127868,46.95567777898984,42.215714982918506,48.435053582503016
soybean,symmetric,0.4,relabel,reference labels,LR,94.04587603709126,96.32272371967302,72.66959492435335,66.94116423563229,21.376281112737914,29.381559484040736
soybean,symmetric,0.4,relabel,reference labels,NB,89.94631527574427,93.35393002295739,83.69936554416789,82.66167183588055,6.246949731576379,10.692258187076831
tic-tac-toe,pairflip,0.0,relabel,DT hard_vote,DT,88.41336116910229,87.28277956392965,93.66736256089075,92.98313985408815,-5.254001391788464,-5.7003602901585
tic-tac-toe,pairflip,0.0,relabel,DT hard_vote,LR,98.29505915100906,98.09515333120915,98.32985386221294,98.13451727226702,-0.034794711203886663,-0.03936394105787144
tic-tac-toe,pairflip,0.0,relabel,DT hard_vote,NB,67.91927627000696,63.48101860881076,68.82393876130828,64.02058922757205,-0.9046624913013233,-0.5395706187612888
tic-tac-toe,pairflip,0.0,relabel,DT threshold,DT,88.41336116910229,87.28277956392965,93.66736256089075,92.98313985408815,-5.254001391788464,-5.7003602901585
tic-tac-toe,pairflip,0.0,relabel,DT threshold,LR,98.29505915100906,98.09515333120915,98.32985386221294,98.13451727226702,-0.034794711203886663,-0.03936394105787144
tic-tac-toe,pairflip,0.0,relabel,DT threshold,NB,67.91927627000696,63.48101860881076,68.82393876130828,64.02058922757205,-0.9046624913013233,-0.5395706187612888
tic-tac-toe,pairflip,0.0,relabel,NB hard_vote,DT,68.12804453723034,63.411935569430604,93.66736256089075,92.98313985408815,-25.539318023660414,-29.571204284657547
tic-tac-toe,pairflip,0.0,relabel,NB hard_vote,LR,67.95407098121086,62.98497789027462,98.32985386221294,98.13451727226702,-30.37578288100208,-35.1495393819924
tic-tac-toe,pairflip,0.0,relabel,NB hard_vote,NB,68.09324982602645,62.81199375885861,68.82393876130828,64.02058922757205,-0.7306889352818331,-1.2085954687134333
tic-tac-toe,pairflip,0.0,relabel,NB threshold,DT,72.92971468336812,70.22522271760502,93.66736256089075,92.98313985408815,-20.737647877522633,-22.75791713648313
tic-tac-toe,pairflip,0.0,relabel,NB threshold,LR,73.2428670842032,70.65757755221351,98.32985386221294,98.13451727226702,-25.086986778009745,-27.476939720053508
tic-tac-toe,pairflip,0.0,relabel,NB threshold,NB,66.04036186499651,62.43824204659762,68.82393876130828,64.02058922757205,-2.7835768963117715,-1.5823471809744234
tic-tac-toe,pairflip,0.0,relabel,committee consensus,DT,89.80514961725818,88.79295620176772,93.66736256089075,92.98313985408815,-3.8622129436325707,-4.190183652320428
tic-tac-toe,pairflip,0.0,relabel,committee consensus,LR,98.05149617258178,97.82814220707773,98.32985386221294,98.13451727226702,-0.27835768963116436,-0.30637506518928603
tic-tac-toe,pairflip,0.0,relabel,committee consensus,NB,67.98886569241476,63.519242263677285,68.82393876130828,64.02058922757205,-0.8350730688935215,-0.5013469638947612
tic-tac-toe,pairflip,0.0,relabel,dual agreement,DT,90.64022268615172,89.7451816388131,93.66736256089075,92.98313985408815,-3.027139874739035,-3.2379582152750572
tic-tac-toe,pairflip,0.0,relabel,dual agreement,LR,98.01670146137788,97.79213224885454,98.32985386221294,98.13451727226702,-0.31315240083506524,-0.3423850234124757
tic-tac-toe,pairflip,0.0,relabel,dual agreement,NB,67.91927627000696,63.61985739973047,68.82393876130828,64.02058922757205,-0.9046624913013233,-0.40073182784157524
tic-tac-toe,pairflip,0.0,relabel,none,DT,93.66736256089075,92.98313985408815,93.66736256089075,92.98313985408815,0.0,0.0
tic-tac-toe,pairflip,0.0,relabel,none,LR,98.32985386221294,98.13451727226702,98.32985386221294,98.13451727226702,0.0,0.0
tic-tac-toe,pairflip,0.0,relabel,none,NB,68.82393876130828,64.02058922757205,68.82393876130828,64.02058922757205,0.0,0.0
tic-tac-toe,pairflip,0.0,relabel,reference labels,DT,93.66736256089075,92.98313985408815,93.66736256089075,92.98313985408815,0.0,0.0
tic-tac-toe,pairflip,0.0,relabel,reference labels,LR,98.32985386221294,98.13451727226702,98.32985386221294,98.13451727226702,0.0,0.0
tic-tac-toe,pairflip,0.0,relabel,reference labels,NB,68.82393876130828,64.02058922757205,68.82393876130828,64.02058922757205,0.0,0.0
tic-tac-toe,pairflip,0.1,relabel,DT hard_vote,DT,76.20041753653446,74.3499127855706,83.8204592901879,82.59499605015998,-7.620041753653439,-8.245083264589383
tic-tac-toe,pairflip,0.1,relabel,DT hard_vote,LR,97.80793319415449,97.54572210069703,98.32985386221294,98.13451727226702,-0.5219206680584563,-0.5887951715699842
tic-tac-toe,pairflip,0.1,relabel,DT hard_vote,NB,67.67571329157967,63.92197621486343,68.5107863604732,64.45410200454232,-0.8350730688935357,-0.5321257896788936
tic-tac-toe,pairflip,0.1,relabel,DT threshold,DT,76.20041753653446,74.3499127855706,83.8204592901879,82.59499605015998,-7.620041753653439,-8.245083264589383
tic-tac-toe,pairflip,0.1,relabel,DT threshold,LR,97.80793319415449,97.54572210069703,98.32985386221294,98.13451727226702,-0.5219206680584563,-0.5887951715699842
tic-tac-toe,pairflip,0.1,relabel,DT threshold,NB,67.67571329157967,63.92197621486343,68.5107863604732,64.45410200454232,-0.8350730688935357,-0.5321257896788936
tic-tac-toe,pairflip,0.1,relabel,NB hard_vote,DT,67.60612386917188,63.47032534495356,83.8204592901879,82.59499605015998,-16.214335421016017,-19.12467070520642
tic-tac-toe,pairflip,0.1,relabel,NB hard_vote,LR,67.29297146833682,62.908837918575045,98.32985386221294,98.13451727226702,-31.036882393876127,-35.22567935369197
tic-tac-toe,pairflip,0.1,relabel,NB hard_vote,NB,66.97981906750174,62.06077166452325,68.5107863604732,64.45410200454232,-1.530967292971468,-2.3933303400190695
tic-tac-toe,pairflip,0.1,relabel,NB threshold,DT,69.58942240779402,67.39095579757937,83.8204592901879,82.59499605015998,-14.23103688239388,-15.204040252580612
tic-tac-toe,pairflip,0.1,relabel,NB threshold,LR,70.59846903270703,68.24057101104178,98.32985386221294,98.13451727226702,-27.731384829505913,-29.89394626122524
tic-tac-toe,pairflip,0.1,relabel,NB threshold,NB,65.86638830897704,62.80127773295288,68.5107863604732,64.45410200454232,-2.644398051496168,-1.652824271589438
tic-tac-toe,pairflip,0.1,relabel,committee consensus,DT,83.71607515657621,81.798339264397,83.8204592901879,82.59499605015998,-0.10438413361168841,-0.7966567857629769
tic-tac-toe,pairflip,0.1,relabel,committee consensus,LR,93.18023660403618,92.33415512048157,98.32985386221294,98.13451727226702,-5.149617258176761,-5.80036215178545
tic-tac-toe,pairflip,0.1,relabel,committee consensus,NB,68.12804453723034,63.953741558893995,68.5107863604732,64.45410200454232,-0.382741823242867,-0.5003604456483259
tic-tac-toe,pairflip,0.1,relabel,dual agreement,DT,84.06402226861518,82.6187044620281,83.8204592901879,82.59499605015998,0.2435629784272777,0.02370841186812811
tic-tac-toe,pairflip,0.1,relabel,dual agreement,LR,94.1196938065414,93.51535011139136,98.32985386221294,98.13451727226702,-4.210160055671537,-4.619167160875662
tic-tac-toe,pairflip,0.1,relabel,dual agreement,NB,67.18858733472513,63.54185018031226,68.5107863604732,64.45410200454232,-1.322199025748077,-0.9122518242300615
tic-tac-toe,pairflip,0.1,relabel,none,DT,83.8204592901879,82.59499605015998,83.8204592901879,82.59499605015998,0.0,0.0
tic-tac-toe,pairflip,0.1,relabel,none,LR,98.32985386221294,98.13451727226702,98.32985386221294,98.13451727226702,0.0,0.0
tic-tac-toe,pairflip,0.1,relabel,none,NB,68.5107863604732,64.45410200454232,68.5107863604732,64.45410200454232,0.0,0.0
tic-tac-toe,pairflip,0.1,relabel,reference labels,DT,93.66736256089075,92.98313985408815,83.8204592901879,82.59499605015998,9.846903270702853,10.388143803928173
tic-tac-toe,pairflip,0.1,relabel,reference labels,LR,98.32985386221294,98.13451727226702,98.32985386221294,98.13451727226702,0.0,0.0
tic-tac-toe,pairflip,0.1,relabel,reference labels,NB,68.82393876130828,64.02058922757205,68.5107863604732,64.45410200454232,0.31315240083507945,-0.4335127769702751
tic-tac-toe,pairflip,0.2,relabel,DT hard_vote,DT,66.66666666666667,64.60748536595163,75.46972860125261,74.02765122042904,-8.80306193458594,-9.420165854477403
tic-tac-toe,pairflip,0.2,relabel,DT hard_vote,LR,95.4418928322895,94.86459381875977,98.32985386221294,98.13451727226702,-2.8879610299234457,-3.2699234535072463
tic-tac-toe,pairflip,0.2,relabel,DT hard_vote,NB,67.3625608907446,63.62986866736401,68.44119693806542,64.8472440291497,-1.0786360473208134,-1.2173753617856988
tic-tac-toe,pairflip,0.2,relabel,DT threshold,DT,66.66666666666667,64.60748536595163,75.46972860125261,74.02765122042904,-8.80306193458594,-9.420165854477403
tic-tac-toe,pairflip,0.2,relabel,DT threshold,LR,95.4418928322895,94.86459381875977,98.32985386221294,98.13451727226702,-2.8879610299234457,-3.2699234535072463
tic-tac-toe,pairflip,0.2,relabel,DT threshold,NB,67.3625608907446,63.62986866736401,68.44119693806542,64.8472440291497,-1.0786360473208134,-1.2173753617856988
tic-tac-toe,pairflip,0.2,relabel,NB hard_vote,DT,67.67571329157968,64.05342658333231,75.46972860125261,74.02765122042904,-7.794015309672929,-9.974224637096725
tic-tac-toe,pairflip,0.2,relabel,NB hard_vote,LR,67.22338204592903,63.35337241258199,98.32985386221294,98.13451727226702,-31.106471816283914,-34.78114485968503
tic-tac-toe,pairflip,0.2,relabel,NB hard_vote,NB,67.32776617954072,63.20326000177116,68.44119693806542,64.8472440291497,-1.1134307585247,-1.6439840273785435
tic-tac-toe,pairflip,0.2,relabel,NB threshold,DT,67.5365344467641,65.65271270671745,75.46972860125261,74.02765122042904,-7.933194154488518,-8.374938513711584
tic-tac-toe,pairflip,0.2,relabel,NB threshold,LR,68.82393876130828,66.79895478560657,98.32985386221294,98.13451727226702,-29.50591510090466,-31.33556248666045
tic-tac-toe,pairflip,0.2,relabel,NB threshold,NB,65.44885177453027,62.913996612352214,68.44119693806542,64.8472440291497,-2.9923451635351483,-1.9332474167974922
tic-tac-toe,pairflip,0.2,relabel,committee consensus,DT,75.74808629088379,73.43538690720328,75.46972860125261,74.02765122042904,0.2783576896311786,-0.5922643132257548
tic-tac-toe,pairflip,0.2,relabel,committee consensus,LR,87.40431454418929,85.7181300900249,98.32985386221294,98.13451727226702,-10.925539318023652,-12.416387182242119
tic-tac-toe,pairflip,0.2,relabel,committee consensus,NB,67.29297146833682,63.45927993116849,68.44119693806542,64.8472440291497,-1.148225469728601,-1.387964097981218
tic-tac-toe,pairflip,0.2,relabel,dual agreement,DT,76.6527487821851,74.95318360681684,75.46972860125261,74.02765122042904,1.1830201809324876,0.9255323863878004
tic-tac-toe,pairflip,0.2,relabel,dual agreement,LR,87.85664578983994,86.61478371441069,98.32985386221294,98.13451727226702,-10.473208072372998,-11.519733557856327
tic-tac-toe,pairflip,0.2,relabel,dual agreement,NB,66.49269311064718,63.36819801197501,68.44119693806542,64.8472440291497,-1.9485038274182358,-1.4790460171746957
tic-tac-toe,pairflip,0.2,relabel,none,DT,75.46972860125261,74.02765122042904,75.46972860125261,74.02765122042904,0.0,0.0
tic-tac-toe,pairflip,0.2,relabel,none,LR,98.32985386221294,98.13451727226702,98.32985386221294,98.13451727226702,0.0,0.0
tic-tac-toe,pairflip,0.2,relabel,none,NB,68.44119693806542,64.8472440291497,68.44119693806542,64.8472440291497,0.0,0.0
tic-tac-toe,pairflip,0.2,relabel,reference labels,DT,93.66736256089075,92.98313985408815,75.46972860125261,74.02765122042904,18.19763395963814,18.955488633659115
tic-tac-toe,pairflip,0.2,relabel,reference labels,LR,98.32985386221294,98.13451727226702,98.32985386221294,98.13451727226702,0.0,0.0
tic-tac-toe,pairflip,0.2,relabel,reference labels,NB,68.82393876130828,64.02058922757205,68.44119693806542,64.8472440291497,0.382741823242867,-0.8266548015776607
tic-tac-toe,pairflip,0.4,relabel,DT hard_vote,DT,53.54906054279749,51.76460646327697,57.02853166318719,55.57615362083638,-3.4794711203896966,-3.81154715755941
tic-tac-toe,pairflip,0.4,relabel,DT hard_vote,LR,71.92066805845512,69.4467828117835,87.75226165622826,86.54936491270996,-15.831593597773136,-17.102582100926455
tic-tac-toe,pairflip,0.4,relabel,DT hard_vote,NB,60.12526096033403,57.55132597750841,61.5866388308977,58.687747365018765,-1.4613778705636662,-1.136421387510353
tic-tac-toe,pairflip,0.4,relabel,DT threshold,DT,53.54906054279749,51.76460646327697,57.02853166318719,55.57615362083638,-3.4794711203896966,-3.81154715755941
tic-tac-toe,pairflip,0.4,relabel,DT threshold,LR,71.92066805845512,69.4467828117835,87.75226165622826,86.54936491270996,-15.831593597773136,-17.102582100926455
tic-tac-toe,pairflip,0.4,relabel,DT threshold,NB,60.12526096033403,57.55132597750841,61.5866388308977,58.687747365018765,-1.4613778705636662,-1.136421387510353
tic-tac-toe,pairflip,0.4,relabel,NB hard_vote,DT,59.151009046624914,56.075529350274955,57.02853166318719,55.57615362083638,2.122477383437726,0.4993757294385759
tic-tac-toe,pairflip,0.4,relabel,NB hard_vote,LR,60.64718162839248,57.627997216959365,87.75226165622826,86.54936491270996,-27.105080027835776,-28.921367695750597
tic-tac-toe,pairflip,0.4,relabel,NB hard_vote,NB,60.438413361169104,57.49178314441088,61.5866388308977,58.687747365018765,-1.1482254697285939,-1.195964220607884
tic-tac-toe,pairflip,0.4,relabel,NB threshold,DT,59.67292971468337,57.780957296508014,57.02853166318719,55.57615362083638,2.6443980514961822,2.2048036756716343
tic-tac-toe,pairflip,0.4,relabel,NB threshold,LR,59.18580375782881,57.28856973416571,87.75226165622826,86.54936491270996,-28.56645789839945,-29.26079517854425
tic-tac-toe,pairflip,0.4,relabel,NB threshold,NB,59.88169798190675,57.97000485299905,61.5866388308977,58.687747365018765,-1.704940848990951,-0.7177425120197185
tic-tac-toe,pairflip,0.4,relabel,committee consensus,DT,58.315935977731385,56.02645938982988,57.02853166318719,55.57615362083638,1.2874043145441973,0.45030576899350194
tic-tac-toe,pairflip,0.4,relabel,committee consensus,LR,67.81489213639527,65.02273822470653,87.75226165622826,86.54936491270996,-19.937369519832984,-21.526626688003432
tic-tac-toe,pairflip,0.4,relabel,committee consensus,NB,61.169102296450944,58.59816493140392,61.5866388308977,58.687747365018765,-0.41753653444675365,-0.08958243361484364
tic-tac-toe,pairflip,0.4,relabel,dual agreement,DT,59.08141962421712,57.201178747703665,57.02853166318719,55.57615362083638,2.0528879610299313,1.6250251268672855
tic-tac-toe,pairflip,0.4,relabel,dual agreement,LR,66.91022964509393,64.65856512036072,87.75226165622826,86.54936491270996,-20.84203201113432,-21.89079979234924
tic-tac-toe,pairflip,0.4,relabel,dual agreement,NB,59.77731384829506,57.846310942547255,61.5866388308977,58.687747365018765,-1.8093249826026394,-0.8414364224715101
tic-tac-toe,pairflip,0.4,relabel,none,DT,57.02853166318719,55.57615362083638,57.02853166318719,55.57615362083638,0.0,0.0
tic-tac-toe,pairflip,0.4,relabel,none,LR,87.75226165622826,86.54936491270996,87.75226165622826,86.54936491270996,0.0,0.0
tic-tac-toe,pairflip,0.4,relabel,none,NB,61.5866388308977,58.687747365018765,61.5866388308977,58.687747365018765,0.0,0.0
tic-tac-toe,pairflip,0.4,relabel,reference labels,DT,93.66736256089075,92.98313985408815,57.02853166318719,55.57615362083638,36.63883089770356,37.40698623325177
tic-tac-toe,pairflip,0.4,relabel,reference labels,LR,98.32985386221294,98.13451727226702,87.75226165622826,86.54936491270996,10.577592205984686,11.585152359557057
tic-tac-toe,pairflip,0.4,relabel,reference labels,NB,68.82393876130828,64.02058922757205,61.5866388308977,58.687747365018765,7.237299930410586,5.3328418625532805
tic-tac-toe,symmetric,0.0,relabel,DT hard_vote,DT,88.41336116910229,87.28277956392965,93.66736256089075,92.98313985408815,-5.254001391788464,-5.7003602901585
tic-tac-toe,symmetric,0.0,relabel,DT hard_vote,LR,98.29505915100906,98.09515333120915,98.32985386221294,98.13451727226702,-0.034794711203886663,-0.03936394105787144
tic-tac-toe,symmetric,0.0,relabel,DT hard_vote,NB,67.91927627000696,63.48101860881076,68.82393876130828,64.02058922757205,-0.9046624913013233,-0.5395706187612888
tic-tac-toe,symmetric,0.0,relabel,DT threshold,DT,88.41336116910229,87.28277956392965,93.66736256089075,92.98313985408815,-5.254001391788464,-5.7003602901585
tic-tac-toe,symmetric,0.0,relabel,DT threshold,LR,98.29505915100906,98.09515333120915,98.32985386221294,98.13451727226702,-0.034794711203886663,-0.03936394105787144
tic-tac-toe,symmetric,0.0,relabel,DT threshold,NB,67.91927627000696,63.48101860881076,68.82393876130828,64.02058922757205,-0.9046624913013233,-0.5395706187612888
tic-tac-toe,symmetric,0.0,relabel,NB hard_vote,DT,68.12804453723034,63.411935569430604,93.66736256089075,92.98313985408815,-25.539318023660414,-29.571204284657547
tic-tac-toe,symmetric,0.0,relabel,NB hard_vote,LR,67.95407098121086,62.98497789027462,98.32985386221294,98.13451727226702,-30.37578288100208,-35.1495393819924
tic-tac-toe,symmetric,0.0,relabel,NB hard_vote,NB,68.09324982602645,62.81199375885861,68.82393876130828,64.02058922757205,-0.7306889352818331,-1.2085954687134333
tic-tac-toe,symmetric,0.0,relabel,NB threshold,DT,72.92971468336812,70.22522271760502,93.66736256089075,92.98313985408815,-20.737647877522633,-22.75791713648313
tic-tac-toe,symmetric,0.0,relabel,NB threshold,LR,73.2428670842032,70.65757755221351,98.32985386221294,98.13451727226702,-25.086986778009745,-27.476939720053508
tic-tac-toe,symmetric,0.0,relabel,NB threshold,NB,66.04036186499651,62.43824204659762,68.82393876130828,64.02058922757205,-2.7835768963117715,-1.5823471809744234
tic-tac-toe,symmetric,0.0,relabel,committee consensus,DT,89.80514961725818,88.79295620176772,93.66736256089075,92.98313985408815,-3.8622129436325707,-4.190183652320428
tic-tac-toe,symmetric,0.0,relabel,committee consensus,LR,98.05149617258178,97.82814220707773,98.32985386221294,98.13451727226702,-0.27835768963116436,-0.30637506518928603
tic-tac-toe,symmetric,0.0,relabel,committee consensus,NB,67.98886569241476,63.519242263677285,68.82393876130828,64.02058922757205,-0.8350730688935215,-0.5013469638947612
tic-tac-toe,symmetric,0.0,relabel,dual agreement,DT,90.64022268615172,89.7451816388131,93.66736256089075,92.98313985408815,-3.027139874739035,-3.2379582152750572
tic-tac-toe,symmetric,0.0,relabel,dual agreement,LR,98.01670146137788,97.79213224885454,98.32985386221294,98.13451727226702,-0.31315240083506524,-0.3423850234124757
tic-tac-toe,symmetric,0.0,relabel,dual agreement,NB,67.91927627000696,63.61985739973047,68.82393876130828,64.02058922757205,-0.9046624913013233,-0.40073182784157524
tic-tac-toe,symmetric,0.0,relabel,none,DT,93.66736256089075,92.98313985408815,93.66736256089075,92.98313985408815,0.0,0.0
tic-tac-toe,symmetric,0.0,relabel,none,LR,98.32985386221294,98.13451727226702,98.32985386221294,98.13451727226702,0.0,0.0
tic-tac-toe,symmetric,0.0,relabel,none,NB,68.82393876130828,64.02058922757205,68.82393876130828,64.02058922757205,0.0,0.0
tic-tac-toe,symmetric,0.0,relabel,reference labels,DT,93.66736256089075,92.98313985408815,93.66736256089075,92.98313985408815,0.0,0.0
tic-tac-toe,symmetric,0.0,relabel,reference labels,LR,98.32985386221294,98.13451727226702,98.32985386221294,98.13451727226702,0.0,0.0
tic-tac-toe,symmetric,0.0,relabel,reference labels,NB,68.82393876130828,64.02058922757205,68.82393876130828,64.02058922757205,0.0,0.0
tic-tac-toe,symmetric,0.1,relabel,DT hard_vote,DT,76.20041753653446,74.3499127855706,83.8204592901879,82.59499605015998,-7.620041753653439,-8.245083264589383
tic-tac-toe,symmetric,0.1,relabel,DT hard_vote,LR,97.80793319415449,97.54572210069703,98.32985386221294,98.13451727226702,-0.5219206680584563,-0.5887951715699842
tic-tac-toe,symmetric,0.1,relabel,DT hard_vote,NB,67.67571329157967,63.92197621486343,68.5107863604732,64.45410200454232,-0.8350730688935357,-0.5321257896788936
tic-tac-toe,symmetric,0.1,relabel,DT threshold,DT,76.20041753653446,74.3499127855706,83.8204592901879,82.59499605015998,-7.620041753653439,-8.245083264589383
tic-tac-toe,symmetric,0.1,relabel,DT threshold,LR,97.80793319415449,97.54572210069703,98.32985386221294,98.13451727226702,-0.5219206680584563,-0.5887951715699842
tic-tac-toe,symmetric,0.1,relabel,DT threshold,NB,67.67571329157967,63.92197621486343,68.5107863604732,64.45410200454232,-0.8350730688935357,-0.5321257896788936
tic-tac-toe,symmetric,0.1,relabel,NB hard_vote,DT,67.60612386917188,63.47032534495356,83.8204592901879,82.59499605015998,-16.214335421016017,-19.12467070520642
tic-tac-toe,symmetric,0.1,relabel,NB hard_vote,LR,67.29297146833682,62.908837918575045,98.32985386221294,98.13451727226702,-31.036882393876127,-35.22567935369197
tic-tac-toe,symmetric,0.1,relabel,NB hard_vote,NB,66.97981906750174,62.06077166452325,68.5107863604732,64.45410200454232,-1.530967292971468,-2.3933303400190695
tic-tac-toe,symmetric,0.1,relabel,NB threshold,DT,69.58942240779402,67.39095579757937,83.8204592901879,82.59499605015998,-14.23103688239388,-15.204040252580612
tic-tac-toe,symmetric,0.1,relabel,NB threshold,LR,70.59846903270703,68.24057101104178,98.32985386221294,98.13451727226702,-27.731384829505913,-29.89394626122524
tic-tac-toe,symmetric,0.1,relabel,NB threshold,NB,65.86638830897704,62.80127773295288,68.5107863604732,64.45410200454232,-2.644398051496168,-1.652824271589438
tic-tac-toe,symmetric,0.1,relabel,committee consensus,DT,83.71607515657621,81.798339264397,83.8204592901879,82.59499605015998,-0.10438413361168841,-0.7966567857629769
tic-tac-toe,symmetric,0.1,relabel,committee consensus,LR,93.18023660403618,92.33415512048157,98.32985386221294,98.13451727226702,-5.149617258176761,-5.80036215178545
tic-tac-toe,symmetric,0.1,relabel,committee consensus,NB,68.12804453723034,63.953741558893995,68.5107863604732,64.45410200454232,-0.382741823242867,-0.5003604456483259
tic-tac-toe,symmetric,0.1,relabel,dual agreement,DT,84.06402226861518,82.6187044620281,83.8204592901879,82.59499605015998,0.2435629784272777,0.02370841186812811
tic-tac-toe,symmetric,0.1,relabel,dual agreement,LR,94.1196938065414,93.51535011139136,98.32985386221294,98.13451727226702,-4.210160055671537,-4.619167160875662
tic-tac-toe,symmetric,0.1,relabel,dual agreement,NB,67.18858733472513,63.54185018031226,68.5107863604732,64.45410200454232,-1.322199025748077,-0.9122518242300615
tic-tac-toe,symmetric,0.1,relabel,none,DT,83.8204592901879,82.59499605015998,83.8204592901879,82.59499605015998,0.0,0.0
tic-tac-toe,symmetric,0.1,relabel,none,LR,98.32985386221294,98.13451727226702,98.32985386221294,98.13451727226702,0.0,0.0
tic-tac-toe,symmetric,0.1,relabel,none,NB,68.5107863604732,64.45410200454232,68.5107863604732,64.45410200454232,0.0,0.0
tic-tac-toe,symmetric,0.1,relabel,reference labels,DT,93.66736256089075,92.98313985408815,83.8204592901879,82.59499605015998,9.846903270702853,10.388143803928173
tic-tac-toe,symmetric,0.1,relabel,reference labels,LR,98.32985386221294,98.13451727226702,98.32985386221294,98.13451727226702,0.0,0.0
tic-tac-toe,symmetric,0.1,relabel,reference labels,NB,68.82393876130828,64.02058922757205,68.5107863604732,64.45410200454232,0.31315240083507945,-0.4335127769702751
tic-tac-toe,symmetric,0.2,relabel,DT hard_vote,DT,66.66666666666667,64.60748536595163,75.46972860125261,74.02765122042904,-8.80306193458594,-9.420165854477403
tic-tac-toe,symmetric,0.2,relabel,DT hard_vote,LR,95.4418928322895,94.86459381875977,98.32985386221294,98.13451727226702,-2.8879610299234457,-3.2699234535072463
tic-tac-toe,symmetric,0.2,relabel,DT hard_vote,NB,67.3625608907446,63.62986866736401,68.44119693806542,64.8472440291497,-1.0786360473208134,-1.2173753617856988
tic-tac-toe,symmetric,0.2,relabel,DT threshold,DT,66.66666666666667,64.60748536595163,75.46972860125261,74.02765122042904,-8.80306193458594,-9.420165854477403
tic-tac-toe,symmetric,0.2,relabel,DT threshold,LR,95.4418928322895,94.86459381875977,98.32985386221294,98.13451727226702,-2.8879610299234457,-3.2699234535072463
tic-tac-toe,symmetric,0.2,relabel,DT threshold,NB,67.3625608907446,63.62986866736401,68.44119693806542,64.8472440291497,-1.0786360473208134,-1.2173753617856988
tic-tac-toe,symmetric,0.2,relabel,NB hard_vote,DT,67.67571329157968,64.05342658333231,75.46972860125261,74.02765122042904,-7.794015309672929,-9.974224637096725
tic-tac-toe,symmetric,0.2,relabel,NB hard_vote,LR,67.22338204592903,63.35337241258199,98.32985386221294,98.13451727226702,-31.106471816283914,-34.78114485968503
tic-tac-toe,symmetric,0.2,relabel,NB hard_vote,NB,67.32776617954072,63.20326000177116,68.44119693806542,64.8472440291497,-1.1134307585247,-1.6439840273785435
tic-tac-toe,symmetric,0.2,relabel,NB threshold,DT,67.5365344467641,65.65271270671745,75.46972860125261,74.02765122042904,-7.933194154488518,-8.374938513711584
tic-tac-toe,symmetric,0.2,relabel,NB threshold,LR,68.82393876130828,66.79895478560657,98.32985386221294,98.13451727226702,-29.50591510090466,-31.33556248666045
tic-tac-toe,symmetric,0.2,relabel,NB threshold,NB,65.44885177453027,62.913996612352214,68.44119693806542,64.8472440291497,-2.9923451635351483,-1.9332474167974922
tic-tac-toe,symmetric,0.2,relabel,committee consensus,DT,75.74808629088379,73.43538690720328,75.46972860125261,74.02765122042904,0.2783576896311786,-0.5922643132257548
tic-tac-toe,symmetric,0.2,relabel,committee consensus,LR,87.40431454418929,85.7181300900249,98.32985386221294,98.13451727226702,-10.925539318023652,-12.416387182242119
tic-tac-toe,symmetric,0.2,relabel,committee consensus,NB,67.29297146833682,63.45927993116849,68.44119693806542,64.8472440291497,-1.148225469728601,-1.387964097981218
tic-tac-toe,symmetric,0.2,relabel,dual agreement,DT,76.6527487821851,74.95318360681684,75.46972860125261,74.02765122042904,1.1830201809324876,0.9255323863878004
tic-tac-toe,symmetric,0.2,relabel,dual agreement,LR,87.85664578983994,86.61478371441069,98.32985386221294,98.13451727226702,-10.473208072372998,-11.519733557856327
tic-tac-toe,symmetric,0.2,relabel,dual agreement,NB,66.49269311064718,63.36819801197501,68.44119693806542,64.8472440291497,-1.9485038274182358,-1.4790460171746957
tic-tac-toe,symmetric,0.2,relabel,none,DT,75.46972860125261,74.02765122042904,75.46972860125261,74.02765122042904,0.0,0.0
tic-tac-toe,symmetric,0.2,relabel,none,LR,98.32985386221294,98.13451727226702,98.32985386221294,98.13451727226702,0.0,0.0
tic-tac-toe,symmetric,0.2,relabel,none,NB,68.44119693806542,64.8472440291497,68.44119693806542,64.8472440291497,0.0,0.0
tic-tac-toe,symmetric,0.2,relabel,reference labels,DT,93.66736256089075,92.98313985408815,75.46972860125261,74.02765122042904,18.19763395963814,18.955488633659115
tic-tac-toe,symmetric,0.2,relabel,reference labels,LR,98.32985386221294,98.13451727226702,98.32985386221294,98.13451727226702,0.0,0.0
tic-tac-toe,symmetric,0.2,relabel,reference labels,NB,68.82393876130828,64.02058922757205,68.44119693806542,64.8472440291497,0.382741823242867,-0.8266548015776607
tic-tac-toe,symmetric,0.4,relabel,DT hard_vote,DT,53.54906054279749,51.76460646327697,57.02853166318719,55.57615362083638,-3.4794711203896966,-3.81154715755941
tic-tac-toe,symmetric,0.4,relabel,DT hard_vote,LR,71.92066805845512,69.4467828117835,87.75226165622826,86.54936491270996,-15.831593597773136,-17.102582100926455
tic-tac-toe,symmetric,0.4,relabel,DT hard_vote,NB,60.12526096033403,57.55132597750841,61.5866388308977,58.687747365018765,-1.4613778705636662,-1.136421387510353
tic-tac-toe,symmetric,0.4,relabel,DT threshold,DT,53.54906054279749,51.76460646327697,57.02853166318719,55.57615362083638,-3.4794711203896966,-3.81154715755941
tic-tac-toe,symmetric,0.4,relabel,DT threshold,LR,71.92066805845512,69.4467828117835,87.75226165622826,86.54936491270996,-15.831593597773136,-17.102582100926455
tic-tac-toe,symmetric,0.4,relabel,DT threshold,NB,60.12526096033403,57.55132597750841,61.5866388308977,58.687747365018765,-1.4613778705636662,-1.136421387510353
tic-tac-toe,symmetric,0.4,relabel,NB hard_vote,DT,59.151009046624914,56.075529350274955,57.02853166318719,55.57615362083638,2.122477383437726,0.4993757294385759
tic-tac-toe,symmetric,0.4,relabel,NB hard_vote,LR,60.64718162839248,57.627997216959365,87.75226165622826,86.54936491270996,-27.105080027835776,-28.921367695750597
tic-tac-toe,symmetric,0.4,relabel,NB hard_vote,NB,60.438413361169104,57.49178314441088,61.5866388308977,58.687747365018765,-1.1482254697285939,-1.195964220607884
tic-tac-toe,symmetric,0.4,relabel,NB threshold,DT,59.67292971468337,57.780957296508014,57.02853166318719,55.57615362083638,2.6443980514961822,2.2048036756716343
tic-tac-toe,symmetric,0.4,relabel,NB threshold,LR,59.18580375782881,57.28856973416571,87.75226165622826,86.54936491270996,-28.56645789839945,-29.26079517854425
tic-tac-toe,symmetric,0.4,relabel,NB threshold,NB,59.88169798190675,57.97000485299905,61.5866388308977,58.687747365018765,-1.704940848990951,-0.7177425120197185
tic-tac-toe,symmetric,0.4,relabel,committee consensus,DT,58.315935977731385,56.02645938982988,57.02853166318719,55.57615362083638,1.2874043145441973,0.45030576899350194
tic-tac-toe,symmetric,0.4,relabel,committee consensus,LR,67.81489213639527,65.02273822470653,87.75226165622826,86.54936491270996,-19.937369519832984,-21.526626688003432
tic-tac-toe,symmetric,0.4,relabel,committee consensus,NB,61.169102296450944,58.59816493140392,61.5866388308977,58.687747365018765,-0.41753653444675365,-0.08958243361484364
tic-tac-toe,symmetric,0.4,relabel,dual agreement,DT,59.08141962421712,57.201178747703665,57.02853166318719,55.57615362083638,2.0528879610299313,1.6250251268672855
tic-tac-toe,symmetric,0.4,relabel,dual agreement,LR,66.91022964509393,64.65856512036072,87.75226165622826,86.54936491270996,-20.84203201113432,-21.89079979234924
tic-tac-toe,symmetric,0.4,relabel,dual agreement,NB,59.77731384829506,57.846310942547255,61.5866388308977,58.687747365018765,-1.8093249826026394,-0.8414364224715101
tic-tac-toe,symmetric,0.4,relabel,none,DT,57.02853166318719,55.57615362083638,57.02853166318719,55.57615362083638,0.0,0.0
tic-tac-toe,symmetric,0.4,relabel,none,LR,87.75226165622826,86.54936491270996,87.75226165622826,86.54936491270996,0.0,0.0
tic-tac-toe,symmetric,0.4,relabel,none,NB,61.5866388308977,58.687747365018765,61.5866388308977,58.687747365018765,0.0,0.0
tic-tac-toe,symmetric,0.4,relabel,reference labels,DT,93.66736256089075,92.98313985408815,57.02853166318719,55.57615362083638,36.63883089770356,37.40698623325177
tic-tac-toe,symmetric,0.4,relabel,reference labels,LR,98.32985386221294,98.13451727226702,87.75226165622826,86.54936491270996,10.577592205984686,11.585152359557057
tic-tac-toe,symmetric,0.4,relabel,reference labels,NB,68.82393876130828,64.02058922757205,61.5866388308977,58.687747365018765,7.237299930410586,5.3328418625532805
vote,pairflip,0.0,relabel,DT hard_vote,DT,93.33333333333333,92.99042986477876,94.25287356321839,93.9496833234982,-0.9195402298850581,-0.959253458719445
vote,pairflip,0.0,relabel,DT hard_vote,LR,94.55938697318008,94.27240816759002,96.16858237547892,95.968082286555,-1.6091954022988375,-1.6956741189649875
vote,pairflip,0.0,relabel,DT hard_vote,NB,90.26819923371647,89.91574160659604,90.19157088122604,89.82056946127828,0.07662835249043098,0.09517214531776119
vote,pairflip,0.0,relabel,DT threshold,DT,93.33333333333333,92.99042986477876,94.25287356321839,93.9496833234982,-0.9195402298850581,-0.959253458719445
vote,pairflip,0.0,relabel,DT threshold,LR,94.55938697318008,94.27240816759002,96.16858237547892,95.968082286555,-1.6091954022988375,-1.6956741189649875
vote,pairflip,0.0,relabel,DT threshold,NB,90.26819923371647,89.91574160659604,90.19157088122604,89.82056946127828,0.07662835249043098,0.09517214531776119
vote,pairflip,0.0,relabel,NB hard_vote,DT,90.57471264367815,90.22696090467525,94.25287356321839,93.9496833234982,-3.6781609195402325,-3.722722418822954
vote,pairflip,0.0,relabel,NB hard_vote,LR,90.42145593869732,90.06773249710982,96.16858237547892,95.968082286555,-5.747126436781599,-5.900349789445187
vote,pairflip,0.0,relabel,NB hard_vote,NB,88.8888888888889,88.52602201645185,90.19157088122604,89.82056946127828,-1.302681992337142,-1.294547444826435
vote,pairflip,0.0,relabel,NB threshold,DT,90.65134099616859,90.30464952531908,94.25287356321839,93.9496833234982,-3.6015325670498015,-3.645033798179128
vote,pairflip,0.0,relabel,NB threshold,LR,91.57088122605364,91.25658908371607,96.16858237547892,95.968082286555,-4.597701149425276,-4.711493202838938
vote,pairflip,0.0,relabel,NB threshold,NB,88.96551724137932,88.60805335779536,90.19157088122604,89.82056946127828,-1.2260536398467252,-1.2125161034829262
vote,pairflip,0.0,relabel,committee consensus,DT,94.6360153256705,94.38287835437866,94.25287356321839,93.9496833234982,0.3831417624521123,0.4331950308804551
vote,pairflip,0.0,relabel,committee consensus,LR,94.94252873563217,94.70120878901473,96.16858237547892,95.968082286555,-1.2260536398467536,-1.2668734975402742
vote,pairflip,0.0,relabel,committee consensus,NB,90.4214559386973,90.06850561061152,90.19157088122604,89.82056946127828,0.22988505747126453,0.24793614933324193
vote,pairflip,0.0,relabel,dual agreement,DT,95.0191570881226,94.78623624219627,94.25287356321839,93.9496833234982,0.7662835249042104,0.8365529186980609
vote,pairflip,0.0,relabel,dual agreement,LR,95.09578544061303,94.86480902714364,96.16858237547892,95.968082286555,-1.0727969348658917,-1.1032732594113668
vote,pairflip,0.0,relabel,dual agreement,NB,90.57471264367815,90.2330399790229,90.19157088122604,89.82056946127828,0.3831417624521123,0.41247051774462307
vote,pairflip,0.0,relabel,none,DT,94.25287356321839,93.9496833234982,94.25287356321839,93.9496833234982,0.0,0.0
vote,pairflip,0.0,relabel,none,LR,96.16858237547892,95.968082286555,96.16858237547892,95.968082286555,0.0,0.0
vote,pairflip,0.0,relabel,none,NB,90.19157088122604,89.82056946127828,90.19157088122604,89.82056946127828,0.0,0.0
vote,pairflip,0.0,relabel,reference labels,DT,94.25287356321839,93.9496833234982,94.25287356321839,93.9496833234982,0.0,0.0
vote,pairflip,0.0,relabel,reference labels,LR,96.16858237547892,95.968082286555,96.16858237547892,95.968082286555,0.0,0.0
vote,pairflip,0.0,relabel,reference labels,NB,90.19157088122604,89.82056946127828,90.19157088122604,89.82056946127828,0.0,0.0
vote,pairflip,0.1,relabel,DT hard_vote,DT,84.44444444444444,83.63933345437692,86.74329501915709,86.1404909747526,-2.2988505747126453,-2.5011575203756706
vote,pairflip,0.1,relabel,DT hard_vote,LR,92.72030651340997,92.41416894086088,94.02298850574714,93.76038559920347,-1.3026819923371704,-1.3462166583425983
vote,pairflip,0.1,relabel,DT hard_vote,NB,89.11877394636015,88.78540305010893,89.42528735632185,89.10113371813524,-0.3065134099616955,-0.315730668026319
vote,pairflip,0.1,relabel,DT threshold,DT,84.9808429118774,84.34737359594882,86.74329501915709,86.1404909747526,-1.7624521072796853,-1.793117378803771
vote,pairflip,0.1,relabel,DT threshold,LR,92.95019157088122,92.65993101017149,94.02298850574714,93.76038559920347,-1.07279693486592,-1.1004545890319832
vote,pairflip,0.1,relabel,DT threshold,NB,89.34865900383143,89.03703613473327,89.42528735632185,89.10113371813524,-0.07662835249041677,-0.06409758340197413
vote,pairflip,0.1,relabel,NB hard_vote,DT,89.27203065134101,88.96152242717442,86.74329501915709,86.1404909747526,2.528735632183924,2.8210314524218205
vote,pairflip,0.1,relabel,NB hard_vote,LR,89.80842911877396,89.49343983223854,94.02298850574714,93.76038559920347,-4.214559386973178,-4.2669457669649375
vote,pairflip,0.1,relabel,NB hard_vote,NB,88.81226053639847,88.51177576704065,89.42528735632185,89.10113371813524,-0.6130268199233768,-0.5893579510945983
vote,pairflip,0.1,relabel,NB threshold,DT,89.19540229885058,88.86894412910857,86.74329501915709,86.1404909747526,2.452107279693493,2.728453154355975
vote,pairflip,0.1,relabel,NB threshold,LR,90.57471264367815,90.28900574929803,94.02298850574714,93.76038559920347,-3.448275862068982,-3.4713798499054462
vote,pairflip,0.1,relabel,NB threshold,NB,88.73563218390807,88.43043347794655,89.42528735632185,89.10113371813524,-0.6896551724137794,-0.6707002401886939
vote,pairflip,0.1,relabel,committee consensus,DT,92.64367816091954,92.30379383933807,86.74329501915709,86.1404909747526,5.900383141762447,6.163302864585475
vote,pairflip,0.1,relabel,committee consensus,LR,93.86973180076627,93.59284838393741,94.02298850574714,93.76038559920347,-0.15325670498086197,-0.1675372152660657
vote,pairflip,0.1,relabel,committee consensus,NB,89.34865900383143,89.00088882358443,89.42528735632185,89.10113371813524,-0.07662835249041677,-0.10024489455081209
vote,pairflip,0.1,relabel,dual agreement,DT,92.64367816091954,92.29697570017235,86.74329501915709,86.1404909747526,5.900383141762447,6.156484725419759
vote,pairflip,0.1,relabel,dual agreement,LR,94.17624521072797,93.9153582753079,94.02298850574714,93.76038559920347,0.15325670498083355,0.15497267610442123
vote,pairflip,0.1,relabel,dual agreement,NB,89.42528735632185,89.08318762619295,89.42528735632185,89.10113371813524,0.0,-0.01794609194229224
vote,pairflip,0.1,relabel,none,DT,86.74329501915709,86.1404909747526,86.74329501915709,86.1404909747526,0.0,0.0
vote,pairflip,0.1,relabel,none,LR,94.02298850574714,93.76038559920347,94.02298850574714,93.76038559920347,0.0,0.0
vote,pairflip,0.1,relabel,none,NB,89.42528735632185,89.10113371813524,89.42528735632185,89.10113371813524,0.0,0.0
vote,pairflip,0.1,relabel,reference labels,DT,94.25287356321839,93.9496833234982,86.74329501915709,86.1404909747526,7.5095785440612985,7.809192348745611
vote,pairflip,0.1,relabel,reference labels,LR,96.16858237547892,95.968082286555,94.02298850574714,93.76038559920347,2.1455938697317833,2.207696687351529
vote,pairflip,0.1,relabel,reference labels,NB,90.19157088122604,89.82056946127828,89.42528735632185,89.10113371813524,0.7662835249041962,0.7194357431430376
vote,pairflip,0.2,relabel,DT hard_vote,DT,75.0191570881226,73.87903213058011,75.78544061302682,74.86911932438043,-0.7662835249042246,-0.9900871938003206
vote,pairflip,0.2,relabel,DT hard_vote,LR,89.11877394636015,88.73681773866105,92.41379310344827,92.13377777396784,-3.29501915708812,-3.3969600353067904
vote,pairflip,0.2,relabel,DT hard_vote,NB,89.11877394636015,88.82650300360426,89.34865900383143,89.05372767434254,-0.22988505747127874,-0.22722467073828057
vote,pairflip,0.2,relabel,DT threshold,DT,76.62835249042145,75.79608029643283,75.78544061302682,74.86911932438043,0.8429118773946271,0.9269609720523988
vote,pairflip,0.2,relabel,DT threshold,LR,89.19540229885058,88.86224301948522,92.41379310344827,92.13377777396784,-3.2183908045976892,-3.271534754482616
vote,pairflip,0.2,relabel,DT threshold,NB,88.96551724137932,88.6629533055363,89.34865900383143,89.05372767434254,-0.3831417624521123,-0.39077436880623395
vote,pairflip,0.2,relabel,NB hard_vote,DT,88.96551724137932,88.67999599982197,75.78544061302682,74.86911932438043,13.180076628352495,13.810876675441534
vote,pairflip,0.2,relabel,NB hard_vote,LR,89.50191570881226,89.21697270889062,92.41379310344827,92.13377777396784,-2.911877394636008,-2.916805065077213
vote,pairflip,0.2,relabel,NB hard_vote,NB,88.42911877394636,88.15067106356044,89.34865900383143,89.05372767434254,-0.9195402298850723,-0.9030566107821016
vote,pairflip,0.2,relabel,NB threshold,DT,88.65900383141764,88.38348068880816,75.78544061302682,74.86911932438043,12.873563218390814,13.514361364427728
vote,pairflip,0.2,relabel,NB threshold,LR,89.88505747126437,89.60226285265975,92.41379310344827,92.13377777396784,-2.5287356321838956,-2.531514921308087
vote,pairflip,0.2,relabel,NB threshold,NB,88.73563218390807,88.45905490334353,89.34865900383143,89.05372767434254,-0.6130268199233626,-0.5946727709990114
vote,pairflip,0.2,relabel,committee consensus,DT,86.81992337164752,86.32177754789137,75.78544061302682,74.86911932438043,11.034482758620697,11.452658223510937
vote,pairflip,0.2,relabel,committee consensus,LR,92.5670498084291,92.25442264202991,92.41379310344827,92.13377777396784,0.15325670498083355,0.12064486806207242
vote,pairflip,0.2,relabel,committee consensus,NB,89.11877394636015,88.79158559142576,89.34865900383143,89.05372767434254,-0.22988505747127874,-0.26214208291678176
vote,pairflip,0.2,relabel,dual agreement,DT,86.0536398467433,85.56171611869611,75.78544061302682,74.86911932438043,10.268199233716473,10.692596794315676
vote,pairflip,0.2,relabel,dual agreement,LR,92.72030651340997,92.41565628259623,92.41379310344827,92.13377777396784,0.3065134099616955,0.28187850862839525
vote,pairflip,0.2,relabel,dual agreement,NB,89.11877394636015,88.80937216144639,89.34865900383143,89.05372767434254,-0.22988505747127874,-0.2443555128961492
vote,pairflip,0.2,relabel,none,DT,75.78544061302682,74.86911932438043,75.78544061302682,74.86911932438043,0.0,0.0
vote,pairflip,0.2,relabel,none,LR,92.41379310344827,92.13377777396784,92.41379310344827,92.13377777396784,0.0,0.0
vote,pairflip,0.2,relabel,none,NB,89.34865900383143,89.05372767434254,89.34865900383143,89.05372767434254,0.0,0.0
vote,pairflip,0.2,relabel,reference labels,DT,94.25287356321839,93.9496833234982,75.78544061302682,74.86911932438043,18.467432950191565,19.08056399911777
vote,pairflip,0.2,relabel,reference labels,LR,96.16858237547892,95.968082286555,92.41379310344827,92.13377777396784,3.7547892720306493,3.834304512587167
vote,pairflip,0.2,relabel,reference labels,NB,90.19157088122604,89.82056946127828,89.34865900383143,89.05372767434254,0.8429118773946129,0.7668417869357427
vote,pairflip,0.4,relabel,DT hard_vote,DT,56.24521072796935,54.73297021574326,58.77394636015325,57.73081038322119,-2.5287356321839027,-2.997840167477932
vote,pairflip,0.4,relabel,DT hard_vote,LR,70.80459770114942,69.5017280562079,77.31800766283526,76.70083703709174,-6.513409961685838,-7.1991089808838495
vote,pairflip,0.4,relabel,DT hard_vote,NB,84.75095785440614,84.38968210178685,88.50574712643679,88.22630239624188,-3.7547892720306493,-3.836620294455031
vote,pairflip,0.4,relabel,DT threshold,DT,56.70498084291188,55.71985596311989,58.77394636015325,57.73081038322119,-2.0689655172413737,-2.0109544201012994
vote,pairflip,0.4,relabel,DT threshold,LR,72.18390804597702,71.51364552871603,77.31800766283526,76.70083703709174,-5.1340996168582365,-5.187191508375719
vote,pairflip,0.4,relabel,DT threshold,NB,85.51724137931035,85.21914491904083,88.50574712643679,88.22630239624188,-2.988505747126439,-3.007157477201048
vote,pairflip,0.4,relabel,NB hard_vote,DT,86.81992337164752,86.51280955265183,58.77394636015325,57.73081038322119,28.045977011494266,28.78199916943064
vote,pairflip,0.4,relabel,NB hard_vote,LR,87.89272030651341,87.62189099638253,77.31800766283526,76.70083703709174,10.574712643678154,10.921053959290788
vote,pairflip,0.4,relabel,NB hard_vote,NB,87.89272030651341,87.62733664307513,88.50574712643679,88.22630239624188,-0.6130268199233768,-0.5989657531667518
vote,pairflip,0.4,relabel,NB threshold,DT,86.66666666666667,86.38712724327182,58.77394636015325,57.73081038322119,27.892720306513418,28.65631686005063
vote,pairflip,0.4,relabel,NB threshold,LR,87.81609195402298,87.5280021890306,77.31800766283526,76.70083703709174,10.498084291187723,10.827165151938857
vote,pairflip,0.4,relabel,NB threshold,NB,87.89272030651341,87.63872162685732,88.50574712643679,88.22630239624188,-0.6130268199233768,-0.5875807693845587
vote,pairflip,0.4,relabel,committee consensus,DT,74.48275862068965,73.64223746694643,58.77394636015325,57.73081038322119,15.708812260536398,15.911427083725236
vote,pairflip,0.4,relabel,committee consensus,LR,87.35632183908046,86.97593906848051,77.31800766283526,76.70083703709174,10.038314176245208,10.27510203138877
vote,pairflip,0.4,relabel,committee consensus,NB,88.12260536398469,87.84274269888407,88.50574712643679,88.22630239624188,-0.3831417624520981,-0.3835596973578106
vote,pairflip,0.4,relabel,dual agreement,DT,75.0191570881226,74.29248560041624,58.77394636015325,57.73081038322119,16.245210727969344,16.561675217195052
vote,pairflip,0.4,relabel,dual agreement,LR,86.0536398467433,85.71046739298419,77.31800766283526,76.70083703709174,8.735632183908038,9.00963035589244
vote,pairflip,0.4,relabel,dual agreement,NB,88.12260536398469,87.84836058562051,88.50574712643679,88.22630239624188,-0.3831417624520981,-0.37794181062136545
vote,pairflip,0.4,relabel,none,DT,58.77394636015325,57.73081038322119,58.77394636015325,57.73081038322119,0.0,0.0
vote,pairflip,0.4,relabel,none,LR,77.31800766283526,76.70083703709174,77.31800766283526,76.70083703709174,0.0,0.0
vote,pairflip,0.4,relabel,none,NB,88.50574712643679,88.22630239624188,88.50574712643679,88.22630239624188,0.0,0.0
vote,pairflip,0.4,relabel,reference labels,DT,94.25287356321839,93.9496833234982,58.77394636015325,57.73081038322119,35.47892720306513,36.218872940277016
vote,pairflip,0.4,relabel,reference labels,LR,96.16858237547892,95.968082286555,77.31800766283526,76.70083703709174,18.850574712643663,19.267245249463258
vote,pairflip,0.4,relabel,reference labels,NB,90.19157088122604,89.82056946127828,88.50574712643679,88.22630239624188,1.6858237547892543,1.594267065036405
vote,symmetric,0.0,relabel,DT hard_vote,DT,93.33333333333333,92.99042986477876,94.25287356321839,93.9496833234982,-0.9195402298850581,-0.959253458719445
vote,symmetric,0.0,relabel,DT hard_vote,LR,94.55938697318008,94.27240816759002,96.16858237547892,95.968082286555,-1.6091954022988375,-1.6956741189649875
vote,symmetric,0.0,relabel,DT hard_vote,NB,90.26819923371647,89.91574160659604,90.19157088122604,89.82056946127828,0.07662835249043098,0.09517214531776119
vote,symmetric,0.0,relabel,DT threshold,DT,93.33333333333333,92.99042986477876,94.25287356321839,93.9496833234982,-0.9195402298850581,-0.959253458719445
vote,symmetric,0.0,relabel,DT threshold,LR,94.55938697318008,94.27240816759002,96.16858237547892,95.968082286555,-1.6091954022988375,-1.6956741189649875
vote,symmetric,0.0,relabel,DT threshold,NB,90.26819923371647,89.91574160659604,90.19157088122604,89.82056946127828,0.07662835249043098,0.09517214531776119
vote,symmetric,0.0,relabel,NB hard_vote,DT,90.57471264367815,90.22696090467525,94.25287356321839,93.9496833234982,-3.6781609195402325,-3.722722418822954
vote,symmetric,0.0,relabel,NB hard_vote,LR,90.42145593869732,90.06773249710982,96.16858237547892,95.968082286555,-5.747126436781599,-5.900349789445187
vote,symmetric,0.0,relabel,NB hard_vote,NB,88.8888888888889,88.52602201645185,90.19157088122604,89.82056946127828,-1.302681992337142,-1.294547444826435
vote,symmetric,0.0,relabel,NB threshold,DT,90.65134099616859,90.30464952531908,94.25287356321839,93.9496833234982,-3.6015325670498015,-3.645033798179128
vote,symmetric,0.0,relabel,NB threshold,LR,91.57088122605364,91.25658908371607,96.16858237547892,95.968082286555,-4.597701149425276,-4.711493202838938
vote,symmetric,0.0,relabel,NB threshold,NB,88.96551724137932,88.60805335779536,90.19157088122604,89.82056946127828,-1.2260536398467252,-1.2125161034829262
vote,symmetric,0.0,relabel,committee consensus,DT,94.6360153256705,94.38287835437866,94.25287356321839,93.9496833234982,0.3831417624521123,0.4331950308804551
vote,symmetric,0.0,relabel,committee consensus,LR,94.94252873563217,94.70120878901473,96.16858237547892,95.968082286555,-1.2260536398467536,-1.2668734975402742
vote,symmetric,0.0,relabel,committee consensus,NB,90.4214559386973,90.06850561061152,90.19157088122604,89.82056946127828,0.22988505747126453,0.24793614933324193
vote,symmetric,0.0,relabel,dual agreement,DT,95.0191570881226,94.78623624219627,94.25287356321839,93.9496833234982,0.7662835249042104,0.8365529186980609
vote,symmetric,0.0,relabel,dual agreement,LR,95.09578544061303,94.86480902714364,96.16858237547892,95.968082286555,-1.0727969348658917,-1.1032732594113668
vote,symmetric,0.0,relabel,dual agreement,NB,90.57471264367815,90.2330399790229,90.19157088122604,89.82056946127828,0.3831417624521123,0.41247051774462307
vote,symmetric,0.0,relabel,none,DT,94.25287356321839,93.9496833234982,94.25287356321839,93.9496833234982,0.0,0.0
vote,symmetric,0.0,relabel,none,LR,96.16858237547892,95.968082286555,96.16858237547892,95.968082286555,0.0,0.0
vote,symmetric,0.0,relabel,none,NB,90.19157088122604,89.82056946127828,90.19157088122604,89.82056946127828,0.0,0.0
vote,symmetric,0.0,relabel,reference labels,DT,94.25287356321839,93.9496833234982,94.25287356321839,93.9496833234982,0.0,0.0
vote,symmetric,0.0,relabel,reference labels,LR,96.16858237547892,95.968082286555,96.16858237547892,95.968082286555,0.0,0.0
vote,symmetric,0.0,relabel,reference labels,NB,90.19157088122604,89.82056946127828,90.19157088122604,89.82056946127828,0.0,0.0
vote,symmetric,0.1,relabel,DT hard_vote,DT,84.44444444444444,83.63933345437692,86.74329501915709,86.1404909747526,-2.2988505747126453,-2.5011575203756706
vote,symmetric,0.1,relabel,DT hard_vote,LR,92.72030651340997,92.41416894086088,94.02298850574714,93.76038559920347,-1.3026819923371704,-1.3462166583425983
vote,symmetric,0.1,relabel,DT hard_vote,NB,89.11877394636015,88.78540305010893,89.42528735632185,89.10113371813524,-0.3065134099616955,-0.315730668026319
vote,symmetric,0.1,relabel,DT threshold,DT,84.9808429118774,84.34737359594882,86.74329501915709,86.1404909747526,-1.7624521072796853,-1.793117378803771
vote,symmetric,0.1,relabel,DT threshold,LR,92.95019157088122,92.65993101017149,94.02298850574714,93.76038559920347,-1.07279693486592,-1.1004545890319832
vote,symmetric,0.1,relabel,DT threshold,NB,89.34865900383143,89.03703613473327,89.42528735632185,89.10113371813524,-0.07662835249041677,-0.06409758340197413
vote,symmetric,0.1,relabel,NB hard_vote,DT,89.27203065134101,88.96152242717442,86.74329501915709,86.1404909747526,2.528735632183924,2.8210314524218205
vote,symmetric,0.1,relabel,NB hard_vote,LR,89.80842911877396,89.49343983223854,94.02298850574714,93.76038559920347,-4.214559386973178,-4.2669457669649375
vote,symmetric,0.1,relabel,NB hard_vote,NB,88.81226053639847,88.51177576704065,89.42528735632185,89.10113371813524,-0.6130268199233768,-0.5893579510945983
vote,symmetric,0.1,relabel,NB threshold,DT,89.19540229885058,88.86894412910857,86.74329501915709,86.1404909747526,2.452107279693493,2.728453154355975
vote,symmetric,0.1,relabel,NB threshold,LR,90.57471264367815,90.28900574929803,94.02298850574714,93.76038559920347,-3.448275862068982,-3.4713798499054462
vote,symmetric,0.1,relabel,NB threshold,NB,88.73563218390807,88.43043347794655,89.42528735632185,89.10113371813524,-0.6896551724137794,-0.6707002401886939
vote,symmetric,0.1,relabel,committee consensus,DT,92.64367816091954,92.30379383933807,86.74329501915709,86.1404909747526,5.900383141762447,6.163302864585475
vote,symmetric,0.1,relabel,committee consensus,LR,93.86973180076627,93.59284838393741,94.02298850574714,93.76038559920347,-0.15325670498086197,-0.1675372152660657
vote,symmetric,0.1,relabel,committee consensus,NB,89.34865900383143,89.00088882358443,89.42528735632185,89.10113371813524,-0.07662835249041677,-0.10024489455081209
vote,symmetric,0.1,relabel,dual agreement,DT,92.64367816091954,92.29697570017235,86.74329501915709,86.1404909747526,5.900383141762447,6.156484725419759
vote,symmetric,0.1,relabel,dual agreement,LR,94.17624521072797,93.9153582753079,94.02298850574714,93.76038559920347,0.15325670498083355,0.15497267610442123
vote,symmetric,0.1,relabel,dual agreement,NB,89.42528735632185,89.08318762619295,89.42528735632185,89.10113371813524,0.0,-0.01794609194229224
vote,symmetric,0.1,relabel,none,DT,86.74329501915709,86.1404909747526,86.74329501915709,86.1404909747526,0.0,0.0
vote,symmetric,0.1,relabel,none,LR,94.02298850574714,93.76038559920347,94.02298850574714,93.76038559920347,0.0,0.0
vote,symmetric,0.1,relabel,none,NB,89.42528735632185,89.10113371813524,89.42528735632185,89.10113371813524,0.0,0.0
vote,symmetric,0.1,relabel,reference labels,DT,94.25287356321839,93.9496833234982,86.74329501915709,86.1404909747526,7.5095785440612985,7.809192348745611
vote,symmetric,0.1,relabel,reference labels,LR,96.16858237547892,95.968082286555,94.02298850574714,93.76038559920347,2.1455938697317833,2.207696687351529
vote,symmetric,0.1,relabel,reference labels,NB,90.19157088122604,89.82056946127828,89.42528735632185,89.10113371813524,0.7662835249041962,0.7194357431430376
vote,symmetric,0.2,relabel,DT hard_vote,DT,75.0191570881226,73.87903213058011,75.78544061302682,74.86911932438043,-0.7662835249042246,-0.9900871938003206
vote,symmetric,0.2,relabel,DT hard_vote,LR,89.11877394636015,88.73681773866105,92.41379310344827,92.13377777396784,-3.29501915708812,-3.3969600353067904
vote,symmetric,0.2,relabel,DT hard_vote,NB,89.11877394636015,88.82650300360426,89.34865900383143,89.05372767434254,-0.22988505747127874,-0.22722467073828057
vote,symmetric,0.2,relabel,DT threshold,DT,76.62835249042145,75.79608029643283,75.78544061302682,74.86911932438043,0.8429118773946271,0.9269609720523988
vote,symmetric,0.2,relabel,DT threshold,LR,89.19540229885058,88.86224301948522,92.41379310344827,92.13377777396784,-3.2183908045976892,-3.271534754482616
vote,symmetric,0.2,relabel,DT threshold,NB,88.96551724137932,88.6629533055363,89.34865900383143,89.05372767434254,-0.3831417624521123,-0.39077436880623395
vote,symmetric,0.2,relabel,NB hard_vote,DT,88.96551724137932,88.67999599982197,75.78544061302682,74.86911932438043,13.180076628352495,13.810876675441534
vote,symmetric,0.2,relabel,NB hard_vote,LR,89.50191570881226,89.21697270889062,92.41379310344827,92.13377777396784,-2.911877394636008,-2.916805065077213
vote,symmetric,0.2,relabel,NB hard_vote,NB,88.42911877394636,88.15067106356044,89.34865900383143,89.05372767434254,-0.9195402298850723,-0.9030566107821016
vote,symmetric,0.2,relabel,NB threshold,DT,88.65900383141764,88.38348068880816,75.78544061302682,74.86911932438043,12.873563218390814,13.514361364427728
vote,symmetric,0.2,relabel,NB threshold,LR,89.88505747126437,89.60226285265975,92.41379310344827,92.13377777396784,-2.5287356321838956,-2.531514921308087
vote,symmetric,0.2,relabel,NB threshold,NB,88.73563218390807,88.45905490334353,89.34865900383143,89.05372767434254,-0.6130268199233626,-0.5946727709990114
vote,symmetric,0.2,relabel,committee consensus,DT,86.81992337164752,86.32177754789137,75.78544061302682,74.86911932438043,11.034482758620697,11.452658223510937
vote,symmetric,0.2,relabel,committee consensus,LR,92.5670498084291,92.25442264202991,92.41379310344827,92.13377777396784,0.15325670498083355,0.12064486806207242
vote,symmetric,0.2,relabel,committee consensus,NB,89.11877394636015,88.79158559142576,89.34865900383143,89.05372767434254,-0.22988505747127874,-0.26214208291678176
vote,symmetric,0.2,relabel,dual agreement,DT,86.0536398467433,85.56171611869611,75.78544061302682,74.86911932438043,10.268199233716473,10.692596794315676
vote,symmetric,0.2,relabel,dual agreement,LR,92.72030651340997,92.41565628259623,92.41379310344827,92.13377777396784,0.3065134099616955,0.28187850862839525
vote,symmetric,0.2,relabel,dual agreement,NB,89.11877394636015,88.80937216144639,89.34865900383143,89.05372767434254,-0.22988505747127874,-0.2443555128961492
vote,symmetric,0.2,relabel,none,DT,75.78544061302682,74.86911932438043,75.78544061302682,74.86911932438043,0.0,0.0
vote,symmetric,0.2,relabel,none,LR,92.41379310344827,92.13377777396784,92.41379310344827,92.13377777396784,0.0,0.0
vote,symmetric,0.2,relabel,none,NB,89.34865900383143,89.05372767434254,89.34865900383143,89.05372767434254,0.0,0.0
vote,symmetric,0.2,relabel,reference labels,DT,94.25287356321839,93.9496833234982,75.78544061302682,74.86911932438043,18.467432950191565,19.08056399911777
vote,symmetric,0.2,relabel,reference labels,LR,96.16858237547892,95.968082286555,92.41379310344827,92.13377777396784,3.7547892720306493,3.834304512587167
vote,symmetric,0.2,relabel,reference labels,NB,90.19157088122604,89.82056946127828,89.34865900383143,89.05372767434254,0.8429118773946129,0.7668417869357427
vote,symmetric,0.4,relabel,DT hard_vote,DT,56.24521072796935,54.73297021574326,58.77394636015325,57.73081038322119,-2.5287356321839027,-2.997840167477932
vote,symmetric,0.4,relabel,DT hard_vote,LR,70.80459770114942,69.5017280562079,77.31800766283526,76.70083703709174,-6.513409961685838,-7.1991089808838495
vote,symmetric,0.4,relabel,DT hard_vote,NB,84.75095785440614,84.38968210178685,88.50574712643679,88.22630239624188,-3.7547892720306493,-3.836620294455031
vote,symmetric,0.4,relabel,DT threshold,DT,56.70498084291188,55.71985596311989,58.77394636015325,57.73081038322119,-2.0689655172413737,-2.0109544201012994
vote,symmetric,0.4,relabel,DT threshold,LR,72.18390804597702,71.51364552871603,77.31800766283526,76.70083703709174,-5.1340996168582365,-5.187191508375719
vote,symmetric,0.4,relabel,DT threshold,NB,85.51724137931035,85.21914491904083,88.50574712643679,88.22630239624188,-2.988505747126439,-3.007157477201048
vote,symmetric,0.4,relabel,NB hard_vote,DT,86.81992337164752,86.51280955265183,58.77394636015325,57.73081038322119,28.045977011494266,28.78199916943064
vote,symmetric,0.4,relabel,NB hard_vote,LR,87.89272030651341,87.62189099638253,77.31800766283526,76.70083703709174,10.574712643678154,10.921053959290788
vote,symmetric,0.4,relabel,NB hard_vote,NB,87.89272030651341,87.62733664307513,88.50574712643679,88.22630239624188,-0.6130268199233768,-0.5989657531667518
vote,symmetric,0.4,relabel,NB threshold,DT,86.66666666666667,86.38712724327182,58.77394636015325,57.73081038322119,27.892720306513418,28.65631686005063
vote,symmetric,0.4,relabel,NB threshold,LR,87.81609195402298,87.5280021890306,77.31800766283526,76.70083703709174,10.498084291187723,10.827165151938857
vote,symmetric,0.4,relabel,NB threshold,NB,87.89272030651341,87.63872162685732,88.50574712643679,88.22630239624188,-0.6130268199233768,-0.5875807693845587
vote,symmetric,0.4,relabel,committee consensus,DT,74.48275862068965,73.64223746694643,58.77394636015325,57.73081038322119,15.708812260536398,15.911427083725236
vote,symmetric,0.4,relabel,committee consensus,LR,87.35632183908046,86.97593906848051,77.31800766283526,76.70083703709174,10.038314176245208,10.27510203138877
vote,symmetric,0.4,relabel,committee consensus,NB,88.12260536398469,87.84274269888407,88.50574712643679,88.22630239624188,-0.3831417624520981,-0.3835596973578106
vote,symmetric,0.4,relabel,dual agreement,DT,75.0191570881226,74.29248560041624,58.77394636015325,57.73081038322119,16.245210727969344,16.561675217195052
vote,symmetric,0.4,relabel,dual agreement,LR,86.0536398467433,85.71046739298419,77.31800766283526,76.70083703709174,8.735632183908038,9.00963035589244
vote,symmetric,0.4,relabel,dual agreement,NB,88.12260536398469,87.84836058562051,88.50574712643679,88.22630239624188,-0.3831417624520981,-0.37794181062136545
vote,symmetric,0.4,relabel,none,DT,58.77394636015325,57.73081038322119,58.77394636015325,57.73081038322119,0.0,0.0
vote,symmetric,0.4,relabel,none,LR,77.31800766283526,76.70083703709174,77.31800766283526,76.70083703709174,0.0,0.0
vote,symmetric,0.4,relabel,none,NB,88.50574712643679,88.22630239624188,88.50574712643679,88.22630239624188,0.0,0.0
vote,symmetric,0.4,relabel,reference labels,DT,94.25287356321839,93.9496833234982,58.77394636015325,57.73081038322119,35.47892720306513,36.218872940277016
vote,symmetric,0.4,relabel,reference labels,LR,96.16858237547892,95.968082286555,77.31800766283526,76.70083703709174,18.850574712643663,19.267245249463258
vote,symmetric,0.4,relabel,reference labels,NB,90.19157088122604,89.82056946127828,88.50574712643679,88.22630239624188,1.6858237547892543,1.594267065036405
