dataset,kind,rate,handling,arm,seed,fold_seed,tp,fp,fn,tn,precision,recall,f1,auroc,flagged_pct,false_positive_rate,true_noise_pct,post_noise_pct,corrected,newly_wrong,rows_after,rescued_by_floor,fold
breast-cancer,pairflip,0.0,relabel,DT hard_vote,1.0,1004.5,0.0,884.0,0.0,1690.0,0.0,,0.0,,34.34234207060195,0.3434343434343434,0.0,34.34234207060195,0.0,88.39999999999999,257.4,0.0,4.5
breast-cancer,pairflip,0.0,relabel,DT threshold,1.0,1004.5,0.0,865.6666666666666,0.0,1708.3333333333333,0.0,,0.0,,33.63018932424416,0.3363118363118363,0.0,33.63018932424416,0.0,86.56666666666666,257.4,0.0,4.5
breast-cancer,pairflip,0.0,relabel,NB hard_vote,1.0,1004.5,0.0,751.0,0.0,1823.0,0.0,,0.0,,29.176142933268988,0.2917637917637918,0.0,29.17614293326898,0.0,75.10000000000001,257.4,0.0,4.5
breast-cancer,pairflip,0.0,relabel,NB threshold,1.0,1004.5,0.0,642.6666666666666,0.0,1931.3333333333333,0.0,,0.0,,24.967474034526788,0.24967624967624968,0.0,24.967474034526788,0.0,64.26666666666667,257.4,0.0,4.5
breast-cancer,pairflip,0.0,relabel,committee consensus,1.0,1004.5,0.0,448.3333333333333,0.0,2125.6666666666665,0.0,,0.0,,17.416825023376465,0.17417767417767416,0.0,17.416825023376465,0.0,44.833333333333336,257.4,0.0,4.5
breast-cancer,pairflip,0.0,relabel,dual agreement,1.0,1004.5,0.0,365.3333333333333,0.0,2208.6666666666665,0.0,,0.0,,14.192531595934005,0.14193214193214193,0.0,14.192531595934001,0.0,36.53333333333333,257.4,0.0,4.5
breast-cancer,pairflip,0.0,relabel,none,1.0,1004.5,0.0,0.0,0.0,2574.0,,,,,0.0,0.0,0.0,0.0,0.0,0.0,257.4,0.0,4.5
breast-cancer,pairflip,0.1,relabel,DT hard_vote,1.0,1004.5,155.33333333333334,876.0,95.0,1447.6666666666667,0.1507109813986073,0.6216708496368168,0.24241349131902787,0.6195045817037708,40.068219065142415,0.37699046347781073,9.725062588604349,37.72428840024533,15.533333333333333,87.60000000000001,257.4,0.0,4.5
breast-cancer,pairflip,0.1,relabel,DT threshold,1.0,1004.5,150.66666666666666,859.6666666666666,99.66666666666667,1464.0,0.14924332596092973,0.6028854876185966,0.23907222758133898,0.6195045817037708,39.25215415397299,0.3699659033574991,9.725062588604349,37.270684402618166,15.066666666666668,85.96666666666665,257.4,0.0,4.5
breast-cancer,pairflip,0.1,relabel,NB hard_vote,1.0,1004.5,170.66666666666666,683.3333333333334,79.66666666666667,1640.3333333333333,0.1997530817178911,0.6826584602732532,0.3088896217489072,0.732491034737904,33.17809348575795,0.2940952031972786,9.725062588604349,29.6419127479665,17.066666666666666,68.33333333333333,257.4,0.0,4.5
breast-cancer,pairflip,0.1,relabel,NB threshold,1.0,1004.5,155.0,597.0,95.33333333333333,1726.6666666666667,0.20595034761688993,0.6195774387006995,0.3089861140477042,0.732491034737904,29.215556158819215,0.2569478909658843,9.725062588604349,26.89645984777647,15.5,59.699999999999996,257.4,0.0,4.5
breast-cancer,pairflip,0.1,relabel,committee consensus,1.0,1004.5,125.0,410.0,125.33333333333333,1913.6666666666667,0.233564929839746,0.4999063175602747,0.3182393388813543,0.7165036337315066,20.784846016951708,0.17647640093434372,9.725062588604349,20.79706210599343,12.5,41.0,257.4,0.0,4.5
breast-cancer,pairflip,0.1,relabel,dual agreement,1.0,1004.5,111.0,344.3333333333333,139.33333333333334,1979.3333333333333,0.2436691562368122,0.44312209120090357,0.3143468051556287,0.7165036337315066,17.68934938014659,0.14822039104473114,9.725062588604349,18.78904875375783,11.1,34.43333333333333,257.4,0.0,4.5
breast-cancer,pairflip,0.1,relabel,none,1.0,1004.5,0.0,0.0,250.33333333333334,2323.6666666666665,,0.0,0.0,,0.0,0.0,9.725062588604349,9.725062588604349,0.0,0.0,257.4,0.0,4.5
breast-cancer,pairflip,0.2,relabel,DT hard_vote,1.0,1004.5,287.0,850.0,217.66666666666666,1219.3333333333333,0.2524429556962042,0.5697568461602972,0.34952516355424823,0.5766123908513058,44.17156818387476,0.4107224206026596,19.605515840698178,41.47784514221941,28.7,85.0,257.4,0.0,4.5
breast-cancer,pairflip,0.2,relabel,DT threshold,1.0,1004.5,278.6666666666667,835.6666666666666,226.0,1233.6666666666667,0.2500766168401037,0.5533195894147834,0.3441650724026742,0.5766123908513058,43.29085351752983,0.40383119283562485,19.605515840698178,41.24493509888497,27.866666666666664,83.56666666666666,257.4,0.0,4.5
breast-cancer,pairflip,0.2,relabel,NB hard_vote,1.0,1004.5,355.3333333333333,634.0,149.33333333333334,1435.3333333333333,0.3593176597537995,0.705550991662444,0.47565097372162923,0.7262960598674842,38.4360389708322,0.3063197397391471,19.605515840698178,30.432389225711095,35.53333333333334,63.4,257.4,0.0,4.5
breast-cancer,pairflip,0.2,relabel,NB threshold,1.0,1004.5,313.0,558.0,191.66666666666666,1511.3333333333333,0.359480577032377,0.6216078045929697,0.45510442692690095,0.7262960598674842,33.83911963723745,0.2696355007113665,19.605515840698178,29.124061170934755,31.3,55.79999999999999,257.4,0.0,4.5
breast-cancer,pairflip,0.2,relabel,committee consensus,1.0,1004.5,234.33333333333334,378.0,270.3333333333333,1691.3333333333333,0.38251048891781153,0.4656307932677061,0.4195982211975348,0.6790504332748638,23.788897937843732,0.18268602667917647,19.605515840698178,25.187112277420848,23.433333333333334,37.800000000000004,257.4,0.0,4.5
breast-cancer,pairflip,0.2,relabel,dual agreement,1.0,1004.5,202.66666666666666,323.3333333333333,302.0,1746.0,0.38509579338092426,0.403017990841621,0.39357520848084876,0.6790504332748638,20.435254728078906,0.15631650022479912,19.605515840698178,24.293678802320557,20.266666666666666,32.333333333333336,257.4,0.0,4.5
breast-cancer,pairflip,0.2,relabel,none,1.0,1004.5,0.0,0.0,504.6666666666667,2069.3333333333335,,0.0,0.0,,0.0,0.0,19.605515840698178,19.605515840698178,0.0,0.0,257.4,0.0,4.5
breast-cancer,pairflip,0.4,relabel,DT hard_vote,1.0,1004.5,536.3333333333334,715.0,479.3333333333333,843.3333333333334,0.4286378190937615,0.528756527636487,0.4732281607407869,0.5299479061087652,48.61370011763642,0.4589015703930975,39.457917332770286,46.398365155491206,53.63333333333333,71.5,257.4,0.0,4.5
breast-cancer,pairflip,0.4,relabel,DT threshold,1.0,1004.5,519.3333333333334,705.6666666666666,496.3333333333333,852.6666666666666,0.4239735896512549,0.511927700737092,0.4636104846502758,0.5299479061087652,47.590414140500094,0.4529227008864057,39.457917332770286,46.69602549794388,51.93333333333334,70.56666666666666,257.4,0.0,4.5
breast-cancer,pairflip,0.4,relabel,NB hard_vote,1.0,1004.5,596.0,626.6666666666666,419.6666666666667,931.6666666666666,0.48772813926578507,0.5871189469094914,0.532495502095455,0.6223744342885543,47.50062839964206,0.4018984032307344,39.457917332770286,40.64679918358319,59.6,62.666666666666664,257.4,0.0,4.5
breast-cancer,pairflip,0.4,relabel,NB threshold,1.0,1004.5,544.0,589.6666666666666,471.6666666666667,968.6666666666666,0.4802406930177374,0.5361630474966664,0.5061814469607114,0.6223744342885543,44.0422184015524,0.3781449929776414,39.457917332770286,41.2303562271891,54.4,58.96666666666667,257.4,0.0,4.5
breast-cancer,pairflip,0.4,relabel,committee consensus,1.0,1004.5,372.6666666666667,382.3333333333333,643.0,1176.0,0.49356860097790767,0.3675645063829462,0.42108225601952526,0.5857558108420219,29.331483324787097,0.24538454794373052,39.457917332770286,39.83113644818468,37.26666666666667,38.23333333333333,257.4,0.0,4.5
breast-cancer,pairflip,0.4,relabel,dual agreement,1.0,1004.5,334.6666666666667,357.0,681.0,1201.3333333333333,0.48382339590633294,0.33018780674983494,0.3922118798265301,0.5857558108420219,26.870318422666628,0.22911950845434484,39.457917332770286,40.323248775877495,33.46666666666667,35.699999999999996,257.4,0.0,4.5
breast-cancer,pairflip,0.4,relabel,none,1.0,1004.5,0.0,0.0,1015.6666666666666,1558.3333333333333,,0.0,0.0,,0.0,0.0,39.457917332770286,39.457917332770286,0.0,0.0,257.4,0.0,4.5
breast-cancer,symmetric,0.0,relabel,DT hard_vote,1.0,1004.5,0.0,884.0,0.0,1690.0,0.0,,0.0,,34.34234207060195,0.3434343434343434,0.0,34.34234207060195,0.0,88.39999999999999,257.4,0.0,4.5
breast-cancer,symmetric,0.0,relabel,DT threshold,1.0,1004.5,0.0,865.6666666666666,0.0,1708.3333333333333,0.0,,0.0,,33.63018932424416,0.3363118363118363,0.0,33.63018932424416,0.0,86.56666666666666,257.4,0.0,4.5
breast-cancer,symmetric,0.0,relabel,NB hard_vote,1.0,1004.5,0.0,751.0,0.0,1823.0,0.0,,0.0,,29.176142933268988,0.2917637917637918,0.0,29.17614293326898,0.0,75.10000000000001,257.4,0.0,4.5
breast-cancer,symmetric,0.0,relabel,NB threshold,1.0,1004.5,0.0,642.6666666666666,0.0,1931.3333333333333,0.0,,0.0,,24.967474034526788,0.24967624967624968,0.0,24.967474034526788,0.0,64.26666666666667,257.4,0.0,4.5
breast-cancer,symmetric,0.0,relabel,committee consensus,1.0,1004.5,0.0,448.3333333333333,0.0,2125.6666666666665,0.0,,0.0,,17.416825023376465,0.17417767417767416,0.0,17.416825023376465,0.0,44.833333333333336,257.4,0.0,4.5
breast-cancer,symmetric,0.0,relabel,dual agreement,1.0,1004.5,0.0,365.3333333333333,0.0,2208.6666666666665,0.0,,0.0,,14.192531595934005,0.14193214193214193,0.0,14.192531595934001,0.0,36.53333333333333,257.4,0.0,4.5
breast-cancer,symmetric,0.0,relabel,none,1.0,1004.5,0.0,0.0,0.0,2574.0,,,,,0.0,0.0,0.0,0.0,0.0,0.0,257.4,0.0,4.5
breast-cancer,symmetric,0.1,relabel,DT hard_vote,1.0,1004.5,155.33333333333334,876.0,95.0,1447.6666666666667,0.1507109813986073,0.6216708496368168,0.24241349131902787,0.6195045817037708,40.068219065142415,0.37699046347781073,9.725062588604349,37.72428840024533,15.533333333333333,87.60000000000001,257.4,0.0,4.5
breast-cancer,symmetric,0.1,relabel,DT threshold,1.0,1004.5,150.66666666666666,859.6666666666666,99.66666666666667,1464.0,0.14924332596092973,0.6028854876185966,0.23907222758133898,0.6195045817037708,39.25215415397299,0.3699659033574991,9.725062588604349,37.270684402618166,15.066666666666668,85.96666666666665,257.4,0.0,4.5
breast-cancer,symmetric,0.1,relabel,NB hard_vote,1.0,1004.5,170.66666666666666,683.3333333333334,79.66666666666667,1640.3333333333333,0.1997530817178911,0.6826584602732532,0.3088896217489072,0.732491034737904,33.17809348575795,0.2940952031972786,9.725062588604349,29.6419127479665,17.066666666666666,68.33333333333333,257.4,0.0,4.5
breast-cancer,symmetric,0.1,relabel,NB threshold,1.0,1004.5,155.0,597.0,95.33333333333333,1726.6666666666667,0.20595034761688993,0.6195774387006995,0.3089861140477042,0.732491034737904,29.215556158819215,0.2569478909658843,9.725062588604349,26.89645984777647,15.5,59.699999999999996,257.4,0.0,4.5
breast-cancer,symmetric,0.1,relabel,committee consensus,1.0,1004.5,125.0,410.0,125.33333333333333,1913.6666666666667,0.233564929839746,0.4999063175602747,0.3182393388813543,0.7165036337315066,20.784846016951708,0.17647640093434372,9.725062588604349,20.79706210599343,12.5,41.0,257.4,0.0,4.5
breast-cancer,symmetric,0.1,relabel,dual agreement,1.0,1004.5,111.0,344.3333333333333,139.33333333333334,1979.3333333333333,0.2436691562368122,0.44312209120090357,0.3143468051556287,0.7165036337315066,17.68934938014659,0.14822039104473114,9.725062588604349,18.78904875375783,11.1,34.43333333333333,257.4,0.0,4.5
breast-cancer,symmetric,0.1,relabel,none,1.0,1004.5,0.0,0.0,250.33333333333334,2323.6666666666665,,0.0,0.0,,0.0,0.0,9.725062588604349,9.725062588604349,0.0,0.0,257.4,0.0,4.5
breast-cancer,symmetric,0.2,relabel,DT hard_vote,1.0,1004.5,287.0,850.0,217.66666666666666,1219.3333333333333,0.2524429556962042,0.5697568461602972,0.34952516355424823,0.5766123908513058,44.17156818387476,0.4107224206026596,19.605515840698178,41.47784514221941,28.7,85.0,257.4,0.0,4.5
breast-cancer,symmetric,0.2,relabel,DT threshold,1.0,1004.5,278.6666666666667,835.6666666666666,226.0,1233.6666666666667,0.2500766168401037,0.5533195894147834,0.3441650724026742,0.5766123908513058,43.29085351752983,0.40383119283562485,19.605515840698178,41.24493509888497,27.866666666666664,83.56666666666666,257.4,0.0,4.5
breast-cancer,symmetric,0.2,relabel,NB hard_vote,1.0,1004.5,355.3333333333333,634.0,149.33333333333334,1435.3333333333333,0.3593176597537995,0.705550991662444,0.47565097372162923,0.7262960598674842,38.4360389708322,0.3063197397391471,19.605515840698178,30.432389225711095,35.53333333333334,63.4,257.4,0.0,4.5
breast-cancer,symmetric,0.2,relabel,NB threshold,1.0,1004.5,313.0,558.0,191.66666666666666,1511.3333333333333,0.359480577032377,0.6216078045929697,0.45510442692690095,0.7262960598674842,33.83911963723745,0.2696355007113665,19.605515840698178,29.124061170934755,31.3,55.79999999999999,257.4,0.0,4.5
breast-cancer,symmetric,0.2,relabel,committee consensus,1.0,1004.5,234.33333333333334,378.0,270.3333333333333,1691.3333333333333,0.38251048891781153,0.4656307932677061,0.4195982211975348,0.6790504332748638,23.788897937843732,0.18268602667917647,19.605515840698178,25.187112277420848,23.433333333333334,37.800000000000004,257.4,0.0,4.5
breast-cancer,symmetric,0.2,relabel,dual agreement,1.0,1004.5,202.66666666666666,323.3333333333333,302.0,1746.0,0.38509579338092426,0.403017990841621,0.39357520848084876,0.6790504332748638,20.435254728078906,0.15631650022479912,19.605515840698178,24.293678802320557,20.266666666666666,32.333333333333336,257.4,0.0,4.5
breast-cancer,symmetric,0.2,relabel,none,1.0,1004.5,0.0,0.0,504.6666666666667,2069.3333333333335,,0.0,0.0,,0.0,0.0,19.605515840698178,19.605515840698178,0.0,0.0,257.4,0.0,4.5
breast-cancer,symmetric,0.4,relabel,DT hard_vote,1.0,1004.5,536.3333333333334,715.0,479.3333333333333,843.3333333333334,0.4286378190937615,0.528756527636487,0.4732281607407869,0.5299479061087652,48.61370011763642,0.4589015703930975,39.457917332770286,46.398365155491206,53.63333333333333,71.5,257.4,0.0,4.5
breast-cancer,symmetric,0.4,relabel,DT threshold,1.0,1004.5,519.3333333333334,705.6666666666666,496.3333333333333,852.6666666666666,0.4239735896512549,0.511927700737092,0.4636104846502758,0.5299479061087652,47.590414140500094,0.4529227008864057,39.457917332770286,46.69602549794388,51.93333333333334,70.56666666666666,257.4,0.0,4.5
breast-cancer,symmetric,0.4,relabel,NB hard_vote,1.0,1004.5,596.0,626.6666666666666,419.6666666666667,931.6666666666666,0.48772813926578507,0.5871189469094914,0.532495502095455,0.6223744342885543,47.50062839964206,0.4018984032307344,39.457917332770286,40.64679918358319,59.6,62.666666666666664,257.4,0.0,4.5
breast-cancer,symmetric,0.4,relabel,NB threshold,1.0,1004.5,544.0,589.6666666666666,471.6666666666667,968.6666666666666,0.4802406930177374,0.5361630474966664,0.5061814469607114,0.6223744342885543,44.0422184015524,0.3781449929776414,39.457917332770286,41.2303562271891,54.4,58.96666666666667,257.4,0.0,4.5
breast-cancer,symmetric,0.4,relabel,committee consensus,1.0,1004.5,372.6666666666667,382.3333333333333,643.0,1176.0,0.49356860097790767,0.3675645063829462,0.42108225601952526,0.5857558108420219,29.331483324787097,0.24538454794373052,39.457917332770286,39.83113644818468,37.26666666666667,38.23333333333333,257.4,0.0,4.5
breast-cancer,symmetric,0.4,relabel,dual agreement,1.0,1004.5,334.6666666666667,357.0,681.0,1201.3333333333333,0.48382339590633294,0.33018780674983494,0.3922118798265301,0.5857558108420219,26.870318422666628,0.22911950845434484,39.457917332770286,40.323248775877495,33.46666666666667,35.699999999999996,257.4,0.0,4.5
breast-cancer,symmetric,0.4,relabel,none,1.0,1004.5,0.0,0.0,1015.6666666666666,1558.3333333333333,,0.0,0.0,,0.0,0.0,39.457917332770286,39.457917332770286,0.0,0.0,257.4,0.0,4.5
contact-lenses,pairflip,0.0,relabel,DT hard_vote,1.0,1004.5,0.0,24.0,0.0,192.0,0.0,,0.0,,11.118326118326118,0.1111111111111111,0.0,11.118326118326118,0.0,2.4,21.600000000000005,2.566666666666667,4.5
contact-lenses,pairflip,0.0,relabel,DT threshold,1.0,1004.5,0.0,24.0,0.0,192.0,0.0,,0.0,,11.118326118326118,0.1111111111111111,0.0,11.118326118326118,0.0,2.4,21.600000000000005,2.566666666666667,4.5
contact-lenses,pairflip,0.0,relabel,NB hard_vote,1.0,1004.5,0.0,26.666666666666668,0.0,189.33333333333334,0.0,,0.0,,12.337662337662337,0.12345679012345678,0.0,12.337662337662337,0.0,2.6666666666666665,21.600000000000005,1.0666666666666667,4.5
contact-lenses,pairflip,0.0,relabel,NB threshold,1.0,1004.5,0.0,15.0,0.0,201.0,0.0,,0.0,,6.955266955266954,0.06944444444444443,0.0,6.955266955266954,0.0,1.5,21.600000000000005,0.06666666666666667,4.5
contact-lenses,pairflip,0.0,relabel,committee consensus,1.0,1004.5,0.0,22.0,0.0,194.0,0.0,,0.0,,10.187590187590189,0.10185185185185185,0.0,10.187590187590189,0.0,2.2,21.600000000000005,0.8666666666666667,4.5
contact-lenses,pairflip,0.0,relabel,dual agreement,1.0,1004.5,0.0,13.0,0.0,203.0,0.0,,0.0,,6.024531024531025,0.06018518518518518,0.0,6.024531024531025,0.0,1.3,21.600000000000005,0.06666666666666667,4.5
contact-lenses,pairflip,0.0,relabel,none,1.0,1004.5,0.0,0.0,0.0,216.0,,,,,0.0,0.0,0.0,0.0,0.0,0.0,21.600000000000005,0.0,4.5
contact-lenses,pairflip,0.1,relabel,DT hard_vote,1.0,1004.5,5.333333333333333,35.0,15.666666666666666,160.0,0.133005733005733,0.2492753623188406,0.17310637705374546,0.7711887345906524,18.593073593073594,0.1794173628000423,9.725829725829726,23.88167388167388,0.43333333333333335,3.5,21.600000000000005,3.6333333333333333,4.5
contact-lenses,pairflip,0.1,relabel,DT threshold,1.0,1004.5,5.333333333333333,35.0,15.666666666666666,160.0,0.133005733005733,0.2492753623188406,0.17310637705374546,0.7711887345906524,18.593073593073594,0.1794173628000423,9.725829725829726,23.88167388167388,0.43333333333333335,3.5,21.600000000000005,3.6333333333333333,4.5
contact-lenses,pairflip,0.1,relabel,NB hard_vote,1.0,1004.5,8.0,30.333333333333332,13.0,164.66666666666666,0.2037866743749097,0.3739130434782609,0.26365249774519217,0.8917843033358026,17.698412698412696,0.15560783899051847,9.725829725829726,20.223665223665225,0.7666666666666666,3.033333333333333,21.600000000000005,2.966666666666667,4.5
contact-lenses,pairflip,0.1,relabel,NB threshold,1.0,1004.5,7.666666666666667,21.666666666666668,13.333333333333334,173.33333333333334,0.25619478560655035,0.35942028985507246,0.29894482583269766,0.8917843033358026,13.506493506493506,0.11115223291389094,9.725829725829726,16.190476190476193,0.7666666666666666,2.1666666666666665,21.600000000000005,1.5999999999999999,4.5
contact-lenses,pairflip,0.1,relabel,committee consensus,1.0,1004.5,7.0,23.0,14.0,172.0,0.2340372046254399,0.3282608695652174,0.2723240057120287,0.885160644288038,13.831168831168831,0.11787564766839377,9.725829725829726,17.438672438672437,0.6333333333333333,2.3000000000000003,21.600000000000005,2.1999999999999997,4.5
contact-lenses,pairflip,0.1,relabel,dual agreement,1.0,1004.5,6.666666666666667,16.333333333333332,14.333333333333334,178.66666666666666,0.28833333333333333,0.31376811594202897,0.29988179669030735,0.885160644288038,10.584415584415583,0.08372986500299602,9.725829725829726,14.191919191919192,0.6666666666666666,1.6333333333333335,21.600000000000005,1.0666666666666667,4.5
contact-lenses,pairflip,0.1,relabel,none,1.0,1004.5,0.0,0.0,21.0,195.0,,0.0,0.0,,0.0,0.0,9.725829725829726,9.725829725829726,0.0,0.0,21.600000000000005,0.0,4.5
contact-lenses,pairflip,0.2,relabel,DT hard_vote,1.0,1004.5,14.0,40.666666666666664,29.666666666666668,131.66666666666666,0.25732600732600736,0.3240167633784655,0.2867510904741804,0.6320789892655219,25.31024531024531,0.23632777478931324,20.28860028860029,34.119769119769124,1.0666666666666667,4.066666666666666,21.600000000000005,4.7,4.5
contact-lenses,pairflip,0.2,relabel,DT threshold,1.0,1004.5,14.0,40.666666666666664,29.666666666666668,131.66666666666666,0.25732600732600736,0.3240167633784655,0.2867510904741804,0.6320789892655219,25.31024531024531,0.23632777478931324,20.28860028860029,34.119769119769124,1.0666666666666667,4.066666666666666,21.600000000000005,4.7,4.5
contact-lenses,pairflip,0.2,relabel,NB hard_vote,1.0,1004.5,17.0,32.0,26.666666666666668,140.33333333333334,0.3471838590508667,0.3930206318504191,0.36810279667422524,0.8051377973591597,22.66233766233766,0.18588518666783427,20.28860028860029,28.124098124098122,1.5,3.1999999999999997,21.600000000000005,3.8000000000000003,4.5
contact-lenses,pairflip,0.2,relabel,NB threshold,1.0,1004.5,15.666666666666666,29.333333333333332,28.0,143.0,0.34930629197596325,0.3616860090264346,0.35469316245470034,0.8051377973591597,20.815295815295816,0.17040059671991692,20.28860028860029,27.359307359307362,1.4000000000000001,2.9333333333333336,21.600000000000005,2.4,4.5
contact-lenses,pairflip,0.2,relabel,committee consensus,1.0,1004.5,15.0,24.666666666666668,28.666666666666668,147.66666666666666,0.38098938098938095,0.3470180528691167,0.36269068484258354,0.7636411814688389,18.362193362193363,0.14347392321453145,20.28860028860029,25.670995670995676,1.3,2.466666666666667,21.600000000000005,2.8000000000000003,4.5
contact-lenses,pairflip,0.2,relabel,dual agreement,1.0,1004.5,13.0,21.333333333333332,30.666666666666668,151.0,0.3858585858585859,0.30025789813023857,0.3369250213841617,0.7636411814688389,15.880230880230881,0.12415740937655072,20.28860028860029,24.595959595959595,1.2,2.1333333333333333,21.600000000000005,1.5999999999999999,4.5
contact-lenses,pairflip,0.2,relabel,none,1.0,1004.5,0.0,0.0,43.666666666666664,172.33333333333334,,0.0,0.0,,0.0,0.0,20.28860028860029,20.28860028860029,0.0,0.0,21.600000000000005,0.0,4.5
contact-lenses,pairflip,0.4,relabel,DT hard_vote,1.0,1004.5,27.666666666666668,34.333333333333336,61.666666666666664,92.33333333333333,0.44522261775782895,0.3135254101640656,0.36486948486948484,0.5515315798036386,28.744588744588743,0.27021606934920434,41.450216450216445,46.58008658008658,2.3333333333333335,3.4333333333333336,21.600000000000005,4.7,4.5
contact-lenses,pairflip,0.4,relabel,DT threshold,1.0,1004.5,27.666666666666668,34.333333333333336,61.666666666666664,92.33333333333333,0.44522261775782895,0.3135254101640656,0.36486948486948484,0.5515315798036386,28.744588744588743,0.27021606934920434,41.450216450216445,46.58008658008658,2.3333333333333335,3.4333333333333336,21.600000000000005,4.7,4.5
contact-lenses,pairflip,0.4,relabel,NB hard_vote,1.0,1004.5,26.333333333333332,34.333333333333336,63.0,92.33333333333333,0.4298554391368516,0.2999199679871949,0.3507295942578781,0.5754228881223088,28.1024531024531,0.2710570578341312,41.450216450216445,46.51515151515152,2.3333333333333335,3.4333333333333336,21.600000000000005,4.666666666666667,4.5
contact-lenses,pairflip,0.4,relabel,NB threshold,1.0,1004.5,24.666666666666668,33.666666666666664,64.66666666666667,93.0,0.4216401301147064,0.27979191676670667,0.3340807695112331,0.5754228881223088,27.03463203463203,0.26540734032000685,41.450216450216445,46.65945165945166,2.2333333333333334,3.3666666666666667,21.600000000000005,3.9,4.5
contact-lenses,pairflip,0.4,relabel,committee consensus,1.0,1004.5,24.0,27.666666666666668,65.33333333333333,99.0,0.45859013915220004,0.2735094037615046,0.3402095757442312,0.5797611325145066,23.961038961038962,0.21904515461249838,41.450216450216445,45.32467532467532,1.9333333333333333,2.766666666666667,21.600000000000005,3.1333333333333333,4.5
contact-lenses,pairflip,0.4,relabel,dual agreement,1.0,1004.5,22.0,25.333333333333332,67.33333333333333,101.33333333333333,0.4618231625575567,0.24893957583033213,0.3210274472358621,0.5797611325145066,21.976911976911975,0.20011213179799026,41.450216450216445,44.4011544011544,1.9000000000000001,2.533333333333333,21.600000000000005,2.3333333333333335,4.5
contact-lenses,pairflip,0.4,relabel,none,1.0,1004.5,0.0,0.0,89.33333333333333,126.66666666666667,,0.0,0.0,,0.0,0.0,41.450216450216445,41.450216450216445,0.0,0.0,21.600000000000005,0.0,4.5
contact-lenses,symmetric,0.0,relabel,DT hard_vote,1.0,1004.5,0.0,24.0,0.0,192.0,0.0,,0.0,,11.118326118326118,0.1111111111111111,0.0,11.118326118326118,0.0,2.4,21.600000000000005,2.566666666666667,4.5
contact-lenses,symmetric,0.0,relabel,DT threshold,1.0,1004.5,0.0,24.0,0.0,192.0,0.0,,0.0,,11.118326118326118,0.1111111111111111,0.0,11.118326118326118,0.0,2.4,21.600000000000005,2.566666666666667,4.5
contact-lenses,symmetric,0.0,relabel,NB hard_vote,1.0,1004.5,0.0,26.666666666666668,0.0,189.33333333333334,0.0,,0.0,,12.337662337662337,0.12345679012345678,0.0,12.337662337662337,0.0,2.6666666666666665,21.600000000000005,1.0666666666666667,4.5
contact-lenses,symmetric,0.0,relabel,NB threshold,1.0,1004.5,0.0,15.0,0.0,201.0,0.0,,0.0,,6.955266955266954,0.06944444444444443,0.0,6.955266955266954,0.0,1.5,21.600000000000005,0.06666666666666667,4.5
contact-lenses,symmetric,0.0,relabel,committee consensus,1.0,1004.5,0.0,22.0,0.0,194.0,0.0,,0.0,,10.187590187590189,0.10185185185185185,0.0,10.187590187590189,0.0,2.2,21.600000000000005,0.8666666666666667,4.5
contact-lenses,symmetric,0.0,relabel,dual agreement,1.0,1004.5,0.0,13.0,0.0,203.0,0.0,,0.0,,6.024531024531025,0.06018518518518518,0.0,6.024531024531025,0.0,1.3,21.600000000000005,0.06666666666666667,4.5
contact-lenses,symmetric,0.0,relabel,none,1.0,1004.5,0.0,0.0,0.0,216.0,,,,,0.0,0.0,0.0,0.0,0.0,0.0,21.600000000000005,0.0,4.5
contact-lenses,symmetric,0.1,relabel,DT hard_vote,1.0,1004.5,5.0,38.0,16.0,157.0,0.11587301587301586,0.23913043478260868,0.15583126550868487,0.7619968585224863,19.877344877344875,0.19485566247224276,9.725829725829726,25.909090909090907,0.3,3.8000000000000003,21.600000000000005,3.6,4.5
contact-lenses,symmetric,0.1,relabel,DT threshold,1.0,1004.5,5.0,38.0,16.0,157.0,0.11587301587301586,0.23913043478260868,0.15583126550868487,0.7619968585224863,19.877344877344875,0.19485566247224276,9.725829725829726,25.909090909090907,0.3,3.8000000000000003,21.600000000000005,3.6,4.5
contact-lenses,symmetric,0.1,relabel,NB hard_vote,1.0,1004.5,7.666666666666667,28.0,13.333333333333334,167.0,0.21561969439728354,0.36594202898550726,0.27088898495143304,0.8991951177265362,16.50793650793651,0.1436502061964682,9.725829725829726,19.415584415584416,0.7000000000000001,2.8000000000000003,21.600000000000005,3.0666666666666664,4.5
contact-lenses,symmetric,0.1,relabel,NB threshold,1.0,1004.5,6.666666666666667,21.666666666666668,14.333333333333334,173.33333333333334,0.2348214285714286,0.3181159420289855,0.27003367003367,0.8991951177265362,13.102453102453103,0.11120510380317931,9.725829725829726,16.948051948051944,0.6,2.1666666666666665,21.600000000000005,2.1,4.5
contact-lenses,symmetric,0.1,relabel,committee consensus,1.0,1004.5,6.333333333333333,23.666666666666668,14.666666666666666,171.33333333333334,0.20961416824794435,0.2992753623188406,0.24607269808508195,0.882587535772377,13.874458874458874,0.12143562088047655,9.725829725829726,18.51370851370851,0.4666666666666666,2.3666666666666667,21.600000000000005,2.4,4.5
contact-lenses,symmetric,0.1,relabel,dual agreement,1.0,1004.5,4.333333333333333,16.666666666666668,16.666666666666668,178.33333333333334,0.2051370255704621,0.2036231884057971,0.20335412335412337,0.882587535772377,9.668109668109668,0.08558915794296994,9.725829725829726,15.562770562770565,0.39999999999999997,1.6666666666666667,21.600000000000005,1.4333333333333333,4.5
contact-lenses,symmetric,0.1,relabel,none,1.0,1004.5,0.0,0.0,21.0,195.0,,0.0,0.0,,0.0,0.0,9.725829725829726,9.725829725829726,0.0,0.0,21.600000000000005,0.0,4.5
contact-lenses,symmetric,0.2,relabel,DT hard_vote,1.0,1004.5,10.666666666666666,40.0,33.0,132.33333333333334,0.20996913580246912,0.2421985815602837,0.2247779850448813,0.6829417001843473,23.46320346320346,0.23211873100066302,20.28860028860029,35.20923520923521,0.7666666666666666,4.0,21.600000000000005,5.366666666666667,4.5
contact-lenses,symmetric,0.2,relabel,DT threshold,1.0,1004.5,10.666666666666666,40.0,33.0,132.33333333333334,0.20996913580246912,0.2421985815602837,0.2247779850448813,0.6829417001843473,23.46320346320346,0.23211873100066302,20.28860028860029,35.20923520923521,0.7666666666666666,4.0,21.600000000000005,5.366666666666667,4.5
contact-lenses,symmetric,0.2,relabel,NB hard_vote,1.0,1004.5,14.0,29.333333333333332,29.666666666666668,143.0,0.3227572477292522,0.32001934235976787,0.3213066318493046,0.8112659300862347,20.07936507936508,0.1704983299348237,20.28860028860029,28.600288600288604,1.1333333333333335,2.9333333333333336,21.600000000000005,4.3,4.5
contact-lenses,symmetric,0.2,relabel,NB threshold,1.0,1004.5,13.0,26.333333333333332,30.666666666666668,146.0,0.3308943089430894,0.298742746615087,0.3138548273431994,0.8112659300862347,18.217893217893216,0.15308539850131977,20.28860028860029,27.525252525252522,1.0666666666666667,2.6333333333333333,21.600000000000005,2.9333333333333336,4.5
contact-lenses,symmetric,0.2,relabel,committee consensus,1.0,1004.5,12.666666666666666,23.666666666666668,31.0,148.66666666666666,0.3493761140819964,0.28868471953578334,0.31585123442903956,0.7891583037848516,16.839826839826838,0.13754712044068038,20.28860028860029,26.59451659451659,1.0,2.3666666666666667,21.600000000000005,3.466666666666667,4.5
contact-lenses,symmetric,0.2,relabel,dual agreement,1.0,1004.5,10.333333333333334,17.0,33.333333333333336,155.33333333333334,0.38514957264957267,0.23758865248226949,0.2932414239190114,0.7891583037848516,12.662337662337661,0.09888933368360918,20.28860028860029,23.98989898989899,0.9,1.7000000000000002,21.600000000000005,2.1333333333333333,4.5
contact-lenses,symmetric,0.2,relabel,none,1.0,1004.5,0.0,0.0,43.666666666666664,172.33333333333334,,0.0,0.0,,0.0,0.0,20.28860028860029,20.28860028860029,0.0,0.0,21.600000000000005,0.0,4.5
contact-lenses,symmetric,0.4,relabel,DT hard_vote,1.0,1004.5,21.0,40.666666666666664,68.33333333333333,86.0,0.3397166752005461,0.23353341336534617,0.2765868766297124,0.5660901761637055,28.528138528138527,0.3208047612886531,41.450216450216445,53.694083694083695,1.4000000000000001,4.066666666666666,21.600000000000005,6.766666666666667,4.5
contact-lenses,symmetric,0.4,relabel,DT threshold,1.0,1004.5,21.0,40.666666666666664,68.33333333333333,86.0,0.3397166752005461,0.23353341336534617,0.2765868766297124,0.5660901761637055,28.528138528138527,0.3208047612886531,41.450216450216445,53.694083694083695,1.4000000000000001,4.066666666666666,21.600000000000005,6.766666666666667,4.5
contact-lenses,symmetric,0.4,relabel,NB hard_vote,1.0,1004.5,28.666666666666668,29.666666666666668,60.666666666666664,97.0,0.4917151419002292,0.32372949179671867,0.38853415338738234,0.7035423299962069,26.998556998556996,0.2337516711950662,41.450216450216445,46.52958152958153,1.8666666666666665,2.966666666666667,21.600000000000005,6.866666666666667,4.5
contact-lenses,symmetric,0.4,relabel,NB threshold,1.0,1004.5,28.0,29.333333333333332,61.333333333333336,97.33333333333333,0.48888888888888893,0.31588635454181674,0.38222222222222224,0.7035423299962069,26.544011544011543,0.23120714193297967,41.450216450216445,46.37806637806637,1.8666666666666665,2.9333333333333336,21.600000000000005,6.333333333333333,4.5
contact-lenses,symmetric,0.4,relabel,committee consensus,1.0,1004.5,22.666666666666668,25.333333333333332,66.66666666666667,101.33333333333333,0.4741343345848978,0.25470188075230094,0.33063477916419093,0.6669078533087318,22.2005772005772,0.19983180230301464,41.450216450216445,45.25974025974026,1.7,2.533333333333333,21.600000000000005,5.2,4.5
contact-lenses,symmetric,0.4,relabel,dual agreement,1.0,1004.5,20.666666666666668,19.0,68.66666666666667,107.66666666666667,0.520940170940171,0.2322128851540616,0.32097615708274896,0.6669078533087318,18.354978354978353,0.1503644283434683,41.450216450216445,43.275613275613274,1.5,1.8999999999999997,21.600000000000005,3.366666666666667,4.5
contact-lenses,symmetric,0.4,relabel,none,1.0,1004.5,0.0,0.0,89.33333333333333,126.66666666666667,,0.0,0.0,,0.0,0.0,41.450216450216445,41.450216450216445,0.0,0.0,21.600000000000005,0.0,4.5
diabetes,pairflip,0.0,relabel,DT hard_vote,1.0,1004.5,0.0,2061.0,0.0,4851.0,0.0,,0.0,,29.818078013769107,0.2981770833333333,0.0,29.818078013769107,0.0,206.1,691.2000000000002,0.0,4.5
diabetes,pairflip,0.0,relabel,DT threshold,1.0,1004.5,0.0,2061.0,0.0,4851.0,0.0,,0.0,,29.818078013769107,0.2981770833333333,0.0,29.818078013769107,0.0,206.1,691.2000000000002,0.0,4.5
diabetes,pairflip,0.0,relabel,NB hard_vote,1.0,1004.5,0.0,1698.6666666666667,0.0,5213.333333333333,0.0,,0.0,,24.5756756982843,0.2457561728395062,0.0,24.5756756982843,0.0,169.86666666666667,691.2000000000002,0.0,4.5
diabetes,pairflip,0.0,relabel,NB threshold,1.0,1004.5,0.0,1176.0,0.0,5736.0,0.0,,0.0,,17.01392664843055,0.17013888888888892,0.0,17.01392664843055,0.0,117.59999999999998,691.2000000000002,0.0,4.5
diabetes,pairflip,0.0,relabel,committee consensus,1.0,1004.5,0.0,1025.0,0.0,5887.0,0.0,,0.0,,14.829350108329217,0.14829282407407407,0.0,14.829350108329217,0.0,102.5,691.2000000000002,0.0,4.5
diabetes,pairflip,0.0,relabel,dual agreement,1.0,1004.5,0.0,747.6666666666666,0.0,6164.333333333333,0.0,,0.0,,10.816993327366163,0.10816936728395062,0.0,10.816993327366163,0.0,74.76666666666667,691.2000000000002,0.0,4.5
diabetes,pairflip,0.0,relabel,none,1.0,1004.5,0.0,0.0,0.0,6912.0,,,,,0.0,0.0,0.0,0.0,0.0,0.0,691.2000000000002,0.0,4.5
diabetes,pairflip,0.1,relabel,DT hard_vote,1.0,1004.5,438.0,2188.6666666666665,235.0,4050.3333333333335,0.16673979290156257,0.650697909568505,0.2654561343085872,0.6495873748199464,38.001918417082834,0.35080442406892615,9.736566200725541,35.0648720544072,43.800000000000004,218.86666666666667,691.2000000000002,0.0,4.5
diabetes,pairflip,0.1,relabel,DT threshold,1.0,1004.5,438.0,2188.6666666666665,235.0,4050.3333333333335,0.16673979290156257,0.650697909568505,0.2654561343085872,0.6495873748199464,38.001918417082834,0.35080442406892615,9.736566200725541,35.0648720544072,43.800000000000004,218.86666666666667,691.2000000000002,0.0,4.5
diabetes,pairflip,0.1,relabel,NB hard_vote,1.0,1004.5,516.6666666666666,1579.0,156.33333333333334,4660.0,0.2465041028890723,0.7676492354135068,0.3731733964606178,0.825274344754955,30.319396925513548,0.25308624142062436,9.736566200725541,25.106098502909692,51.666666666666664,157.9,691.2000000000002,0.0,4.5
diabetes,pairflip,0.1,relabel,NB threshold,1.0,1004.5,446.0,1154.3333333333333,227.0,5084.666666666667,0.27869216582133977,0.6627305299716441,0.39236599420448187,0.825274344754955,23.153154095179143,0.1850188723945387,9.736566200725541,19.984503484101953,44.6,115.43333333333334,691.2000000000002,0.0,4.5
diabetes,pairflip,0.1,relabel,committee consensus,1.0,1004.5,375.3333333333333,921.3333333333334,297.6666666666667,5317.666666666667,0.28938665398880553,0.5576271807384287,0.38102923073988615,0.7847293469074543,18.759797729687225,0.14767266398546156,9.736566200725541,17.63593434998285,37.53333333333333,92.13333333333333,691.2000000000002,0.0,4.5
diabetes,pairflip,0.1,relabel,dual agreement,1.0,1004.5,333.0,700.0,340.0,5539.0,0.32233069768360917,0.4947728221924252,0.39034567091938643,0.7847293469074543,14.94514526153769,0.112196748369278,9.736566200725541,15.046140998078796,33.300000000000004,70.0,691.2000000000002,0.0,4.5
diabetes,pairflip,0.1,relabel,none,1.0,1004.5,0.0,0.0,673.0,6239.0,,0.0,0.0,,0.0,0.0,9.736566200725541,9.736566200725541,0.0,0.0,691.2000000000002,0.0,4.5
diabetes,pairflip,0.2,relabel,DT hard_vote,1.0,1004.5,846.3333333333334,2145.6666666666665,530.3333333333334,3389.6666666666665,0.2828572452973099,0.6147495485636089,0.38744414212328854,0.6141121002257887,43.28726901616991,0.3876416345418899,19.916982452618168,38.71530885678515,84.63333333333334,214.5666666666667,691.2000000000002,0.0,4.5
diabetes,pairflip,0.2,relabel,DT threshold,1.0,1004.5,846.3333333333334,2145.6666666666665,530.3333333333334,3389.6666666666665,0.2828572452973099,0.6147495485636089,0.38744414212328854,0.6141121002257887,43.28726901616991,0.3876416345418899,19.916982452618168,38.71530885678515,84.63333333333334,214.5666666666667,691.2000000000002,0.0,4.5
diabetes,pairflip,0.2,relabel,NB hard_vote,1.0,1004.5,1023.3333333333334,1450.6666666666667,353.3333333333333,4084.6666666666665,0.41359397990365737,0.7432764918483104,0.5314563433931533,0.8093327120124281,35.793110707723024,0.26207612754921367,19.916982452618168,26.09959038449205,102.33333333333333,145.06666666666666,691.2000000000002,0.0,4.5
diabetes,pairflip,0.2,relabel,NB threshold,1.0,1004.5,897.0,1125.6666666666667,479.6666666666667,4409.666666666667,0.44344058447439333,0.6515176371787216,0.5276956091992339,0.8093327120124281,29.263431010877536,0.20336213303254247,19.916982452618168,23.225289923570042,89.7,112.56666666666666,691.2000000000002,0.0,4.5
diabetes,pairflip,0.2,relabel,committee consensus,1.0,1004.5,688.3333333333334,805.0,688.3333333333334,4730.333333333333,0.4609215010995437,0.49997485301186395,0.4796538147276346,0.7525843281840222,21.605203427497496,0.14543316448099083,19.916982452618168,21.60488973284369,68.83333333333333,80.5,691.2000000000002,0.0,4.5
diabetes,pairflip,0.2,relabel,dual agreement,1.0,1004.5,618.3333333333334,637.6666666666666,758.3333333333334,4897.666666666667,0.49229158310261173,0.44912559143702097,0.46971630383362406,0.7525843281840222,18.171515688915285,0.1152020943679055,19.916982452618168,20.196707460913643,61.833333333333336,63.76666666666667,691.2000000000002,0.0,4.5
diabetes,pairflip,0.2,relabel,none,1.0,1004.5,0.0,0.0,1376.6666666666667,5535.333333333333,,0.0,0.0,,0.0,0.0,19.916982452618168,19.916982452618168,0.0,0.0,691.2000000000002,0.0,4.5
diabetes,pairflip,0.4,relabel,DT hard_vote,1.0,1004.5,1481.6666666666667,1944.0,1260.3333333333333,2226.0,0.43251588604801894,0.5404372319985953,0.48047311230971923,0.5371887389805936,49.56094599154,0.4662401722588531,39.66999322419547,46.3593365288362,148.16666666666666,194.4,691.2000000000002,0.0,4.5
diabetes,pairflip,0.4,relabel,DT threshold,1.0,1004.5,1481.6666666666667,1944.0,1260.3333333333333,2226.0,0.43251588604801894,0.5404372319985953,0.48047311230971923,0.5371887389805936,49.56094599154,0.4662401722588531,39.66999322419547,46.3593365288362,148.16666666666666,194.4,691.2000000000002,0.0,4.5
diabetes,pairflip,0.4,relabel,NB hard_vote,1.0,1004.5,1884.6666666666667,1277.0,857.3333333333334,2893.0,0.5960933192137496,0.687377658758635,0.6384674158045521,0.7305968060585427,45.74193665319871,0.3062645450997043,39.66999322419547,30.878916652027584,188.46666666666667,127.7,691.2000000000002,0.0,4.5
diabetes,pairflip,0.4,relabel,NB threshold,1.0,1004.5,1739.0,1103.6666666666667,1003.0,3066.3333333333335,0.6117465824764042,0.6341518198871195,0.6227415898584375,0.7305968060585427,41.12717460105011,0.26474105460011294,39.66999322419547,30.47848194094733,173.9,110.36666666666667,691.2000000000002,0.0,4.5
diabetes,pairflip,0.4,relabel,committee consensus,1.0,1004.5,1082.6666666666667,687.3333333333334,1659.3333333333333,3482.6666666666665,0.6116909070869336,0.3949031341565425,0.47991303229185706,0.6502935561853592,25.60756380549259,0.16481742264270027,39.66999322419547,33.950949309732344,108.26666666666667,68.73333333333333,691.2000000000002,0.0,4.5
diabetes,pairflip,0.4,relabel,dual agreement,1.0,1004.5,1003.6666666666666,600.3333333333334,1738.3333333333333,3569.6666666666665,0.6257588972481917,0.36604630264385113,0.4618780029273139,0.6502935561853592,23.2062172886186,0.14398450418238243,39.66999322419547,33.835112330570034,100.36666666666667,60.03333333333333,691.2000000000002,0.0,4.5
diabetes,pairflip,0.4,relabel,none,1.0,1004.5,0.0,0.0,2742.0,4170.0,,0.0,0.0,,0.0,0.0,39.66999322419547,39.66999322419547,0.0,0.0,691.2000000000002,0.0,4.5
diabetes,symmetric,0.0,relabel,DT hard_vote,1.0,1004.5,0.0,2061.0,0.0,4851.0,0.0,,0.0,,29.818078013769107,0.2981770833333333,0.0,29.818078013769107,0.0,206.1,691.2000000000002,0.0,4.5
diabetes,symmetric,0.0,relabel,DT threshold,1.0,1004.5,0.0,2061.0,0.0,4851.0,0.0,,0.0,,29.818078013769107,0.2981770833333333,0.0,29.818078013769107,0.0,206.1,691.2000000000002,0.0,4.5
diabetes,symmetric,0.0,relabel,NB hard_vote,1.0,1004.5,0.0,1698.6666666666667,0.0,5213.333333333333,0.0,,0.0,,24.5756756982843,0.2457561728395062,0.0,24.5756756982843,0.0,169.86666666666667,691.2000000000002,0.0,4.5
diabetes,symmetric,0.0,relabel,NB threshold,1.0,1004.5,0.0,1176.0,0.0,5736.0,0.0,,0.0,,17.01392664843055,0.17013888888888892,0.0,17.01392664843055,0.0,117.59999999999998,691.2000000000002,0.0,4.5
diabetes,symmetric,0.0,relabel,committee consensus,1.0,1004.5,0.0,1025.0,0.0,5887.0,0.0,,0.0,,14.829350108329217,0.14829282407407407,0.0,14.829350108329217,0.0,102.5,691.2000000000002,0.0,4.5
diabetes,symmetric,0.0,relabel,dual agreement,1.0,1004.5,0.0,747.6666666666666,0.0,6164.333333333333,0.0,,0.0,,10.816993327366163,0.10816936728395062,0.0,10.816993327366163,0.0,74.76666666666667,691.2000000000002,0.0,4.5
diabetes,symmetric,0.0,relabel,none,1.0,1004.5,0.0,0.0,0.0,6912.0,,,,,0.0,0.0,0.0,0.0,0.0,0.0,691.2000000000002,0.0,4.5
diabetes,symmetric,0.1,relabel,DT hard_vote,1.0,1004.5,438.0,2188.6666666666665,235.0,4050.3333333333335,0.16673979290156257,0.650697909568505,0.2654561343085872,0.6495873748199464,38.001918417082834,0.35080442406892615,9.736566200725541,35.0648720544072,43.800000000000004,218.86666666666667,691.2000000000002,0.0,4.5
diabetes,symmetric,0.1,relabel,DT threshold,1.0,1004.5,438.0,2188.6666666666665,235.0,4050.3333333333335,0.16673979290156257,0.650697909568505,0.2654561343085872,0.6495873748199464,38.001918417082834,0.35080442406892615,9.736566200725541,35.0648720544072,43.800000000000004,218.86666666666667,691.2000000000002,0.0,4.5
diabetes,symmetric,0.1,relabel,NB hard_vote,1.0,1004.5,516.6666666666666,1579.0,156.33333333333334,4660.0,0.2465041028890723,0.7676492354135068,0.3731733964606178,0.825274344754955,30.319396925513548,0.25308624142062436,9.736566200725541,25.106098502909692,51.666666666666664,157.9,691.2000000000002,0.0,4.5
diabetes,symmetric,0.1,relabel,NB threshold,1.0,1004.5,446.0,1154.3333333333333,227.0,5084.666666666667,0.27869216582133977,0.6627305299716441,0.39236599420448187,0.825274344754955,23.153154095179143,0.1850188723945387,9.736566200725541,19.984503484101953,44.6,115.43333333333334,691.2000000000002,0.0,4.5
diabetes,symmetric,0.1,relabel,committee consensus,1.0,1004.5,375.3333333333333,921.3333333333334,297.6666666666667,5317.666666666667,0.28938665398880553,0.5576271807384287,0.38102923073988615,0.7847293469074543,18.759797729687225,0.14767266398546156,9.736566200725541,17.63593434998285,37.53333333333333,92.13333333333333,691.2000000000002,0.0,4.5
diabetes,symmetric,0.1,relabel,dual agreement,1.0,1004.5,333.0,700.0,340.0,5539.0,0.32233069768360917,0.4947728221924252,0.39034567091938643,0.7847293469074543,14.94514526153769,0.112196748369278,9.736566200725541,15.046140998078796,33.300000000000004,70.0,691.2000000000002,0.0,4.5
diabetes,symmetric,0.1,relabel,none,1.0,1004.5,0.0,0.0,673.0,6239.0,,0.0,0.0,,0.0,0.0,9.736566200725541,9.736566200725541,0.0,0.0,691.2000000000002,0.0,4.5
diabetes,symmetric,0.2,relabel,DT hard_vote,1.0,1004.5,846.3333333333334,2145.6666666666665,530.3333333333334,3389.6666666666665,0.2828572452973099,0.6147495485636089,0.38744414212328854,0.6141121002257887,43.28726901616991,0.3876416345418899,19.916982452618168,38.71530885678515,84.63333333333334,214.5666666666667,691.2000000000002,0.0,4.5
diabetes,symmetric,0.2,relabel,DT threshold,1.0,1004.5,846.3333333333334,2145.6666666666665,530.3333333333334,3389.6666666666665,0.2828572452973099,0.6147495485636089,0.38744414212328854,0.6141121002257887,43.28726901616991,0.3876416345418899,19.916982452618168,38.71530885678515,84.63333333333334,214.5666666666667,691.2000000000002,0.0,4.5
diabetes,symmetric,0.2,relabel,NB hard_vote,1.0,1004.5,1023.3333333333334,1450.6666666666667,353.3333333333333,4084.6666666666665,0.41359397990365737,0.7432764918483104,0.5314563433931533,0.8093327120124281,35.793110707723024,0.26207612754921367,19.916982452618168,26.09959038449205,102.33333333333333,145.06666666666666,691.2000000000002,0.0,4.5
diabetes,symmetric,0.2,relabel,NB threshold,1.0,1004.5,897.0,1125.6666666666667,479.6666666666667,4409.666666666667,0.44344058447439333,0.6515176371787216,0.5276956091992339,0.8093327120124281,29.263431010877536,0.20336213303254247,19.916982452618168,23.225289923570042,89.7,112.56666666666666,691.2000000000002,0.0,4.5
diabetes,symmetric,0.2,relabel,committee consensus,1.0,1004.5,688.3333333333334,805.0,688.3333333333334,4730.333333333333,0.4609215010995437,0.49997485301186395,0.4796538147276346,0.7525843281840222,21.605203427497496,0.14543316448099083,19.916982452618168,21.60488973284369,68.83333333333333,80.5,691.2000000000002,0.0,4.5
diabetes,symmetric,0.2,relabel,dual agreement,1.0,1004.5,618.3333333333334,637.6666666666666,758.3333333333334,4897.666666666667,0.49229158310261173,0.44912559143702097,0.46971630383362406,0.7525843281840222,18.171515688915285,0.1152020943679055,19.916982452618168,20.196707460913643,61.833333333333336,63.76666666666667,691.2000000000002,0.0,4.5
diabetes,symmetric,0.2,relabel,none,1.0,1004.5,0.0,0.0,1376.6666666666667,5535.333333333333,,0.0,0.0,,0.0,0.0,19.916982452618168,19.916982452618168,0.0,0.0,691.2000000000002,0.0,4.5
diabetes,symmetric,0.4,relabel,DT hard_vote,1.0,1004.5,1481.6666666666667,1944.0,1260.3333333333333,2226.0,0.43251588604801894,0.5404372319985953,0.48047311230971923,0.5371887389805936,49.56094599154,0.4662401722588531,39.66999322419547,46.3593365288362,148.16666666666666,194.4,691.2000000000002,0.0,4.5
diabetes,symmetric,0.4,relabel,DT threshold,1.0,1004.5,1481.6666666666667,1944.0,1260.3333333333333,2226.0,0.43251588604801894,0.5404372319985953,0.48047311230971923,0.5371887389805936,49.56094599154,0.4662401722588531,39.66999322419547,46.3593365288362,148.16666666666666,194.4,691.2000000000002,0.0,4.5
diabetes,symmetric,0.4,relabel,NB hard_vote,1.0,1004.5,1884.6666666666667,1277.0,857.3333333333334,2893.0,0.5960933192137496,0.687377658758635,0.6384674158045521,0.7305968060585427,45.74193665319871,0.3062645450997043,39.66999322419547,30.878916652027584,188.46666666666667,127.7,691.2000000000002,0.0,4.5
diabetes,symmetric,0.4,relabel,NB threshold,1.0,1004.5,1739.0,1103.6666666666667,1003.0,3066.3333333333335,0.6117465824764042,0.6341518198871195,0.6227415898584375,0.7305968060585427,41.12717460105011,0.26474105460011294,39.66999322419547,30.47848194094733,173.9,110.36666666666667,691.2000000000002,0.0,4.5
diabetes,symmetric,0.4,relabel,committee consensus,1.0,1004.5,1082.6666666666667,687.3333333333334,1659.3333333333333,3482.6666666666665,0.6116909070869336,0.3949031341565425,0.47991303229185706,0.6502935561853592,25.60756380549259,0.16481742264270027,39.66999322419547,33.950949309732344,108.26666666666667,68.73333333333333,691.2000000000002,0.0,4.5
diabetes,symmetric,0.4,relabel,dual agreement,1.0,1004.5,1003.6666666666666,600.3333333333334,1738.3333333333333,3569.6666666666665,0.6257588972481917,0.36604630264385113,0.4618780029273139,0.6502935561853592,23.2062172886186,0.14398450418238243,39.66999322419547,33.835112330570034,100.36666666666667,60.03333333333333,691.2000000000002,0.0,4.5
diabetes,symmetric,0.4,relabel,none,1.0,1004.5,0.0,0.0,2742.0,4170.0,,0.0,0.0,,0.0,0.0,39.66999322419547,39.66999322419547,0.0,0.0,691.2000000000002,0.0,4.5
glass,pairflip,0.0,relabel,DT hard_vote,1.0,1004.5,0.0,625.3333333333334,0.0,1300.6666666666667,0.0,,0.0,,32.468696027633854,0.3246798200069228,0.0,32.468696027633854,0.0,62.53333333333333,192.6,0.5333333333333333,4.5
glass,pairflip,0.0,relabel,DT threshold,1.0,1004.5,0.0,625.3333333333334,0.0,1300.6666666666667,0.0,,0.0,,32.468696027633854,0.3246798200069228,0.0,32.468696027633854,0.0,62.53333333333333,192.6,0.5333333333333333,4.5
glass,pairflip,0.0,relabel,NB hard_vote,1.0,1004.5,0.0,1064.0,0.0,862.0,0.0,,0.0,,55.24809297639609,0.5524402907580478,0.0,55.24809297639609,0.0,106.39999999999999,192.6,3.233333333333333,4.5
glass,pairflip,0.0,relabel,NB threshold,1.0,1004.5,0.0,1031.0,0.0,895.0,0.0,,0.0,,53.53501007484167,0.5353063343717549,0.0,53.53501007484167,0.0,103.10000000000001,192.6,2.466666666666667,4.5
glass,pairflip,0.0,relabel,committee consensus,1.0,1004.5,0.0,422.6666666666667,0.0,1503.3333333333333,0.0,,0.0,,21.946783246977546,0.21945309795777088,0.0,21.946783246977546,0.0,42.26666666666667,192.6,0.03333333333333333,4.5
glass,pairflip,0.0,relabel,dual agreement,1.0,1004.5,0.0,227.0,0.0,1699.0,0.0,,0.0,,11.784686240644788,0.11786085150571131,0.0,11.784686240644788,0.0,22.7,192.6,0.0,4.5
glass,pairflip,0.0,relabel,none,1.0,1004.5,0.0,0.0,0.0,1926.0,,,,,0.0,0.0,0.0,0.0,0.0,0.0,192.6,0.0,4.5
glass,pairflip,0.1,relabel,DT hard_vote,1.0,1004.5,154.0,653.3333333333334,33.0,1085.6666666666667,0.19070091915288642,0.8257837691202674,0.3096976078898253,0.7449255242035046,41.915929044329296,0.37575300322517674,9.708909038572251,37.69493019573978,11.433333333333332,65.33333333333333,192.6,1.4666666666666668,4.5
glass,pairflip,0.1,relabel,DT threshold,1.0,1004.5,153.66666666666666,652.6666666666666,33.333333333333336,1086.3333333333333,0.190531377540712,0.8241417329954727,0.30936172699440734,0.7449255242035046,41.86393566493955,0.37537335250384035,9.708909038572251,37.66020797351756,11.433333333333332,65.26666666666667,192.6,1.4666666666666668,4.5
glass,pairflip,0.1,relabel,NB hard_vote,1.0,1004.5,142.33333333333334,1132.0,44.666666666666664,607.0,0.11148777581928648,0.7603653787266924,0.19444297323468204,0.6557046405259398,66.17057066781807,0.6511778019291453,9.708909038572251,65.26932210708118,6.2,113.2,192.6,4.433333333333334,4.5
glass,pairflip,0.1,relabel,NB threshold,1.0,1004.5,136.33333333333334,1068.0,50.666666666666664,671.0,0.11314047268808326,0.730415687918601,0.19588673175105922,0.6557046405259398,62.53526194588371,0.6143052324707811,9.708909038572251,61.96288500287853,6.166666666666667,106.8,192.6,3.033333333333333,4.5
glass,pairflip,0.1,relabel,committee consensus,1.0,1004.5,127.66666666666667,490.6666666666667,59.333333333333336,1248.3333333333333,0.20631244388019457,0.6834695873947524,0.3168746430764974,0.791231213188647,32.10456246401842,0.28224014513571904,9.708909038572251,30.373938543465744,9.266666666666667,49.06666666666666,192.6,0.5,4.5
glass,pairflip,0.1,relabel,dual agreement,1.0,1004.5,55.0,175.33333333333334,132.0,1563.6666666666667,0.23971655755087262,0.2970045685185299,0.26352069257871075,0.791231213188647,11.957847582037994,0.10075522679889254,9.708909038572251,16.561150690846286,4.333333333333333,17.53333333333333,192.6,0.0,4.5
glass,pairflip,0.1,relabel,none,1.0,1004.5,0.0,0.0,187.0,1739.0,,0.0,0.0,,0.0,0.0,9.708909038572251,9.708909038572251,0.0,0.0,192.6,0.0,4.5
glass,pairflip,0.2,relabel,DT hard_vote,1.0,1004.5,279.6666666666667,661.3333333333334,96.66666666666667,888.3333333333334,0.29720697420491576,0.7442981673313969,0.42443625662247014,0.6765143327547434,48.85596574553828,0.42679608803410796,19.53952576280944,43.508833477259635,19.966666666666665,66.13333333333334,192.6,1.9000000000000001,4.5
glass,pairflip,0.2,relabel,DT threshold,1.0,1004.5,279.0,660.6666666666666,97.33333333333333,889.0,0.29692928307061084,0.7425320274856553,0.4238557802992076,0.6765143327547434,48.78679116292458,0.42635604402970745,19.53952576280944,43.50874352331606,19.900000000000002,66.06666666666666,192.6,1.9000000000000001,4.5
glass,pairflip,0.2,relabel,NB hard_vote,1.0,1004.5,284.3333333333333,1050.0,92.0,499.6666666666667,0.21282360359367683,0.7550176235175162,0.331902124073009,0.6165303860744697,69.28189766839378,0.6777757859308338,19.53952576280944,68.8662204951065,10.0,105.0,192.6,7.166666666666667,4.5
glass,pairflip,0.2,relabel,NB threshold,1.0,1004.5,265.0,991.0,111.33333333333333,558.6666666666666,0.2105464517388815,0.7030136470955964,0.3239607596196687,0.6165303860744697,65.21355066206102,0.639828111256761,19.53952576280944,65.81912061024754,9.966666666666667,99.10000000000001,192.6,4.566666666666666,4.5
glass,pairflip,0.2,relabel,committee consensus,1.0,1004.5,232.0,508.0,144.33333333333334,1041.6666666666667,0.3133253659386102,0.617439958377442,0.4154050359009382,0.7164618040741056,38.4214881980426,0.3279025026257762,19.53952576280944,37.41589306275187,16.366666666666664,50.800000000000004,192.6,0.7000000000000001,4.5
glass,pairflip,0.2,relabel,dual agreement,1.0,1004.5,88.0,175.0,288.3333333333333,1374.6666666666667,0.33488858787663567,0.23522503952512527,0.275338065483324,0.7164618040741056,13.652220063327576,0.1128417488140893,19.53952576280944,25.161827144502013,6.666666666666667,17.5,192.6,0.06666666666666667,4.5
glass,pairflip,0.2,relabel,none,1.0,1004.5,0.0,0.0,376.3333333333333,1549.6666666666667,,0.0,0.0,,0.0,0.0,19.53952576280944,19.539525762809443,0.0,0.0,192.6,0.0,4.5
glass,pairflip,0.4,relabel,DT hard_vote,1.0,1004.5,474.0,632.6666666666666,290.0,529.3333333333334,0.4282846638999675,0.6208383165692629,0.5067672476295407,0.5606455312913781,57.458531232009214,0.5450209589995283,39.66806994818652,56.316026194588375,31.2,63.26666666666667,192.6,3.9,4.5
glass,pairflip,0.4,relabel,DT threshold,1.0,1004.5,474.0,632.6666666666666,290.0,529.3333333333334,0.4282846638999675,0.6208383165692629,0.5067672476295407,0.5606455312913781,57.458531232009214,0.5450209589995283,39.66806994818652,56.316026194588375,31.2,63.26666666666667,192.6,3.9,4.5
glass,pairflip,0.4,relabel,NB hard_vote,1.0,1004.5,535.0,785.0,229.0,377.0,0.4056406300572284,0.7012252624802907,0.5133603036503827,0.5312367231446249,68.53716896948761,0.6751115374225011,39.66806994818652,70.9586391767415,18.233333333333334,78.5,192.6,9.066666666666666,4.5
glass,pairflip,0.4,relabel,NB threshold,1.0,1004.5,517.3333333333334,754.0,246.66666666666666,408.0,0.4071319790488816,0.6780822976702522,0.5081918545296488,0.5312367231446249,66.01117227979275,0.6485791886869176,39.66806994818652,69.40126655152562,18.133333333333333,75.39999999999999,192.6,6.166666666666667,4.5
glass,pairflip,0.4,relabel,committee consensus,1.0,1004.5,380.6666666666667,478.3333333333333,383.3333333333333,683.6666666666666,0.44315676085502004,0.49891896013980014,0.4689859093425277,0.5712659928688921,44.60033462867012,0.41162150045318474,39.66806994818652,51.83281160046056,24.400000000000002,47.833333333333336,192.6,2.2333333333333334,4.5
glass,pairflip,0.4,relabel,dual agreement,1.0,1004.5,141.33333333333334,158.33333333333334,622.6666666666666,1003.6666666666666,0.47122509104595434,0.18506071209483066,0.265538037895752,0.5712659928688921,15.558074265975819,0.13676342929213187,39.66806994818652,42.41778209556707,10.533333333333333,15.833333333333334,192.6,0.13333333333333333,4.5
glass,pairflip,0.4,relabel,none,1.0,1004.5,0.0,0.0,764.0,1162.0,,0.0,0.0,,0.0,0.0,39.66806994818652,39.66806994818653,0.0,0.0,192.6,0.0,4.5
glass,symmetric,0.0,relabel,DT hard_vote,1.0,1004.5,0.0,625.3333333333334,0.0,1300.6666666666667,0.0,,0.0,,32.468696027633854,0.3246798200069228,0.0,32.468696027633854,0.0,62.53333333333333,192.6,0.5333333333333333,4.5
glass,symmetric,0.0,relabel,DT threshold,1.0,1004.5,0.0,625.3333333333334,0.0,1300.6666666666667,0.0,,0.0,,32.468696027633854,0.3246798200069228,0.0,32.468696027633854,0.0,62.53333333333333,192.6,0.5333333333333333,4.5
glass,symmetric,0.0,relabel,NB hard_vote,1.0,1004.5,0.0,1064.0,0.0,862.0,0.0,,0.0,,55.24809297639609,0.5524402907580478,0.0,55.24809297639609,0.0,106.39999999999999,192.6,3.233333333333333,4.5
glass,symmetric,0.0,relabel,NB threshold,1.0,1004.5,0.0,1031.0,0.0,895.0,0.0,,0.0,,53.53501007484167,0.5353063343717549,0.0,53.53501007484167,0.0,103.10000000000001,192.6,2.466666666666667,4.5
glass,symmetric,0.0,relabel,committee consensus,1.0,1004.5,0.0,422.6666666666667,0.0,1503.3333333333333,0.0,,0.0,,21.946783246977546,0.21945309795777088,0.0,21.946783246977546,0.0,42.26666666666667,192.6,0.03333333333333333,4.5
glass,symmetric,0.0,relabel,dual agreement,1.0,1004.5,0.0,227.0,0.0,1699.0,0.0,,0.0,,11.784686240644788,0.11786085150571131,0.0,11.784686240644788,0.0,22.7,192.6,0.0,4.5
glass,symmetric,0.0,relabel,none,1.0,1004.5,0.0,0.0,0.0,1926.0,,,,,0.0,0.0,0.0,0.0,0.0,0.0,192.6,0.0,4.5
glass,symmetric,0.1,relabel,DT hard_vote,1.0,1004.5,157.66666666666666,673.0,29.333333333333332,1066.0,0.18969712530405358,0.8447281186869464,0.309749106907346,0.7597547970485242,43.127788572251006,0.3871234951291774,9.708909038572251,38.78481217616581,11.299999999999999,67.3,192.6,1.5999999999999999,4.5
glass,symmetric,0.1,relabel,DT threshold,1.0,1004.5,157.33333333333334,672.3333333333334,29.666666666666668,1066.6666666666667,0.1895158545170231,0.8427673343732209,0.30938155955440055,0.7597547970485242,43.07588514680484,0.38674384440784104,9.708909038572251,38.76745106505469,11.266666666666666,67.23333333333333,192.6,1.5999999999999999,4.5
glass,symmetric,0.1,relabel,NB hard_vote,1.0,1004.5,154.0,1080.3333333333333,33.0,658.6666666666666,0.12464071388994054,0.8240590146550183,0.21648564955969807,0.7546723969493728,64.0836391767415,0.6213998142676661,9.708909038572251,62.820146085204364,5.733333333333333,108.03333333333335,192.6,6.8,4.5
glass,symmetric,0.1,relabel,NB threshold,1.0,1004.5,147.0,1013.6666666666666,40.0,725.3333333333334,0.1265887612086476,0.7874408897821784,0.21801798137034878,0.7546723969493728,60.255829015544045,0.5829702113680549,9.708909038572251,59.39038212435233,5.666666666666667,101.36666666666667,192.6,5.1000000000000005,4.5
glass,symmetric,0.1,relabel,committee consensus,1.0,1004.5,147.66666666666666,493.0,39.333333333333336,1246.0,0.2303912190863351,0.7911747237412939,0.3567726781204256,0.8464441179599431,33.26298934945308,0.2835823881691514,9.708909038572251,29.94108016695452,10.333333333333334,49.300000000000004,192.6,0.6666666666666666,4.5
glass,symmetric,0.1,relabel,dual agreement,1.0,1004.5,52.333333333333336,158.66666666666666,134.66666666666666,1580.3333333333333,0.24891998002592963,0.2819382191614724,0.2629026584250465,0.8464441179599431,10.955041018998273,0.09118041890738794,9.708909038572251,15.765687967760506,4.2,15.866666666666667,192.6,0.0,4.5
glass,symmetric,0.1,relabel,none,1.0,1004.5,0.0,0.0,187.0,1739.0,,0.0,0.0,,0.0,0.0,9.708909038572251,9.708909038572251,0.0,0.0,192.6,0.0,4.5
glass,symmetric,0.2,relabel,DT hard_vote,1.0,1004.5,314.0,687.0,62.333333333333336,862.6666666666666,0.3136125079143804,0.8362632871652513,0.455970824737379,0.7313156035183553,51.97376943005182,0.44357128589629197,19.53952576280944,45.20878310305124,19.266666666666666,68.7,192.6,3.0666666666666664,4.5
glass,symmetric,0.2,relabel,DT threshold,1.0,1004.5,314.6666666666667,685.3333333333334,61.666666666666664,864.3333333333334,0.3145867177215799,0.8379776595401186,0.4572623002631082,0.7313156035183553,51.92186600460565,0.44250034644951036,19.53952576280944,45.08743523316062,19.333333333333332,68.53333333333335,192.6,2.966666666666667,4.5
glass,symmetric,0.2,relabel,NB hard_vote,1.0,1004.5,312.0,925.0,64.33333333333333,624.6666666666666,0.25281576616640095,0.8295128467497142,0.386870309354775,0.7517922842997479,64.22900474956822,0.5965447908627713,19.53952576280944,60.32059585492228,13.966666666666667,92.5,192.6,7.6000000000000005,4.5
glass,symmetric,0.2,relabel,NB threshold,1.0,1004.5,303.0,878.0,73.33333333333333,671.6666666666666,0.2568189387859758,0.8046635727478727,0.38886874018899653,0.7517922842997479,61.320703799654574,0.566404636842262,19.53952576280944,57.98341249280369,13.766666666666667,87.8,192.6,5.133333333333333,4.5
glass,symmetric,0.2,relabel,committee consensus,1.0,1004.5,297.6666666666667,477.0,78.66666666666667,1072.6666666666667,0.3841989275838073,0.7914438232914737,0.5168288927725689,0.8302528266361255,40.22272596430628,0.30776101864184463,19.53952576280944,35.15364133563616,17.633333333333333,47.699999999999996,192.6,1.2,4.5
glass,symmetric,0.2,relabel,dual agreement,1.0,1004.5,118.0,155.0,258.3333333333333,1394.6666666666667,0.43220376136505173,0.3131189861525983,0.3630669381923533,0.8302528266361255,14.173773028209558,0.10021437093120587,19.53952576280944,23.01948402417962,8.799999999999999,15.5,192.6,0.0,4.5
glass,symmetric,0.2,relabel,none,1.0,1004.5,0.0,0.0,376.3333333333333,1549.6666666666667,,0.0,0.0,,0.0,0.0,19.53952576280944,19.539525762809443,0.0,0.0,192.6,0.0,4.5
glass,symmetric,0.4,relabel,DT hard_vote,1.0,1004.5,622.3333333333334,692.0,141.66666666666666,470.0,0.4730975810439492,0.8139743259282374,0.5983336324259335,0.6422441664227081,68.24212003454231,0.5959760958169126,39.66806994818652,60.52200273459988,29.03333333333333,69.2,192.6,5.3999999999999995,4.5
glass,symmetric,0.4,relabel,DT threshold,1.0,1004.5,622.3333333333334,692.0,141.66666666666666,470.0,0.4730975810439492,0.8139743259282374,0.5983336324259335,0.6422441664227081,68.24212003454231,0.5959760958169126,39.66806994818652,60.52200273459988,29.03333333333333,69.2,192.6,5.3999999999999995,4.5
glass,symmetric,0.4,relabel,NB hard_vote,1.0,1004.5,634.3333333333334,647.6666666666666,129.66666666666666,514.3333333333334,0.4946012608870951,0.8303887096992516,0.6198637784948332,0.7622806865407314,66.56258995394359,0.5579555154000343,39.66806994818652,58.67227979274612,28.166666666666668,64.76666666666667,192.6,9.433333333333332,4.5
glass,symmetric,0.4,relabel,NB threshold,1.0,1004.5,611.3333333333334,605.0,152.66666666666666,557.0,0.5023777146248442,0.8002567844730698,0.617195221621829,0.7622806865407314,63.15297567645366,0.5212652374564041,39.66806994818652,56.715151842256766,27.666666666666668,60.5,192.6,4.966666666666667,4.5
glass,symmetric,0.4,relabel,committee consensus,1.0,1004.5,593.6666666666666,430.6666666666667,170.33333333333334,731.3333333333334,0.579211657070453,0.7768692832652779,0.6635993859053718,0.7846011526603499,53.18490932642487,0.37098572602285884,39.66806994818652,47.853249136442145,27.3,43.06666666666666,192.6,2.9666666666666663,4.5
glass,symmetric,0.4,relabel,dual agreement,1.0,1004.5,218.33333333333334,126.66666666666667,545.6666666666666,1035.3333333333333,0.6324423240311091,0.2861265578098111,0.3936699931788719,0.7846011526603499,17.914777633851468,0.10908858320370295,39.66806994818652,38.716177317213585,14.5,12.666666666666666,192.6,0.0,4.5
glass,symmetric,0.4,relabel,none,1.0,1004.5,0.0,0.0,764.0,1162.0,,0.0,0.0,,0.0,0.0,39.66806994818652,39.66806994818653,0.0,0.0,192.6,0.0,4.5
image-segmentation,pairflip,0.0,relabel,DT hard_vote,1.0,1004.5,0.0,784.6666666666666,0.0,20005.333333333332,0.0,,0.0,,3.7742504409171076,0.037742504409171075,0.0,3.7742504409171076,0.0,78.46666666666665,2079.0,0.0,4.5
image-segmentation,pairflip,0.0,relabel,DT threshold,1.0,1004.5,0.0,784.6666666666666,0.0,20005.333333333332,0.0,,0.0,,3.7742504409171076,0.037742504409171075,0.0,3.7742504409171076,0.0,78.46666666666665,2079.0,0.0,4.5
image-segmentation,pairflip,0.0,relabel,NB hard_vote,1.0,1004.5,0.0,4191.333333333333,0.0,16598.666666666668,0.0,,0.0,,20.160333493666826,0.20160333493666827,0.0,20.160333493666826,0.0,419.1333333333334,2079.0,0.0,4.5
image-segmentation,pairflip,0.0,relabel,NB threshold,1.0,1004.5,0.0,3520.3333333333335,0.0,17269.666666666668,0.0,,0.0,,16.9328202661536,0.169328202661536,0.0,16.9328202661536,0.0,352.0333333333333,2079.0,0.0,4.5
image-segmentation,pairflip,0.0,relabel,committee consensus,1.0,1004.5,0.0,447.6666666666667,0.0,20342.333333333332,0.0,,0.0,,2.1532788199454864,0.021532788199454866,0.0,2.1532788199454864,0.0,44.76666666666667,2079.0,0.0,4.5
image-segmentation,pairflip,0.0,relabel,dual agreement,1.0,1004.5,0.0,244.33333333333334,0.0,20545.666666666668,0.0,,0.0,,1.175244508577842,0.01175244508577842,0.0,1.175244508577842,0.0,24.433333333333334,2079.0,0.0,4.5
image-segmentation,pairflip,0.0,relabel,none,1.0,1004.5,0.0,0.0,0.0,20790.0,,,,,0.0,0.0,0.0,0.0,0.0,0.0,2079.0,0.0,4.5
image-segmentation,pairflip,0.1,relabel,DT hard_vote,1.0,1004.5,1848.0,2630.3333333333335,206.33333333333334,16105.333333333334,0.41272152165672665,0.8996075914974107,0.5658111801231472,0.87998978992474,21.540804874138207,0.1403915909901378,9.881353214686548,13.961840628507295,178.20000000000002,263.03333333333336,2079.0,0.0,4.5
image-segmentation,pairflip,0.1,relabel,DT threshold,1.0,1004.5,1825.3333333333333,2581.6666666666665,229.0,16154.0,0.4142707160958108,0.8885553655331844,0.5650468075972638,0.87998978992474,21.197691197691196,0.13779448707382722,9.881353214686548,13.833573833573835,176.0,258.1666666666667,2079.0,0.0,4.5
image-segmentation,pairflip,0.1,relabel,NB hard_vote,1.0,1004.5,1865.6666666666667,4832.666666666667,188.66666666666666,13903.0,0.27851714782961695,0.908111323087784,0.4262885452526968,0.9424235983424994,32.219015552348885,0.2579392041496377,9.881353214686548,25.727112393779063,153.83333333333334,483.26666666666665,2079.0,0.0,4.5
image-segmentation,pairflip,0.1,relabel,NB threshold,1.0,1004.5,1770.0,3822.0,284.3333333333333,14913.666666666666,0.3165132014505866,0.8615599111616552,0.46294746938325826,0.9424235983424994,26.8975468975469,0.2039963676410643,9.881353214686548,20.944364277697613,152.20000000000002,382.2,2079.0,0.0,4.5
image-segmentation,pairflip,0.1,relabel,committee consensus,1.0,1004.5,1679.0,976.3333333333334,375.3333333333333,17759.333333333332,0.6323133990489362,0.8172855181488862,0.7129842551984472,0.9696270457280578,12.772166105499439,0.05211022474707854,9.881353214686548,6.743626743626744,162.63333333333333,97.39999999999999,2079.0,0.0,4.5
image-segmentation,pairflip,0.1,relabel,dual agreement,1.0,1004.5,1334.3333333333333,297.6666666666667,720.0,18438.0,0.8175876663296346,0.6495095328720112,0.7239158777110383,0.9696270457280578,7.849927849927849,0.015887461719138154,9.881353214686548,4.936668270001603,132.56666666666666,29.766666666666666,2079.0,0.0,4.5
image-segmentation,pairflip,0.1,relabel,none,1.0,1004.5,0.0,0.0,2054.3333333333335,18735.666666666668,,0.0,0.0,,0.0,0.0,9.881353214686548,9.881353214686548,0.0,0.0,2079.0,0.0,4.5
image-segmentation,pairflip,0.2,relabel,DT hard_vote,1.0,1004.5,3301.6666666666665,3885.0,853.0,12750.333333333334,0.45941537456868525,0.7946978009315427,0.5822375262330274,0.779049712621259,34.567901234567906,0.233540095903213,19.98396665063332,23.42793009459676,316.90000000000003,388.5,2079.0,0.0,4.5
image-segmentation,pairflip,0.2,relabel,DT threshold,1.0,1004.5,3228.6666666666665,3823.6666666666665,926.0,12811.666666666666,0.45781301318143974,0.7771173164387344,0.5761852808992579,0.779049712621259,33.92175725509059,0.22985347984666238,19.98396665063332,23.47442680776014,309.8,382.3666666666666,2079.0,0.0,4.5
image-segmentation,pairflip,0.2,relabel,NB hard_vote,1.0,1004.5,3619.0,5218.666666666667,535.6666666666666,11416.666666666666,0.4094899374068204,0.8710436391943853,0.5570852498447318,0.8919638027300839,42.50921917588584,0.3137099943361102,19.98396665063332,31.279461279461277,287.03333333333336,521.8666666666667,2079.0,0.7000000000000001,4.5
image-segmentation,pairflip,0.2,relabel,NB threshold,1.0,1004.5,3473.6666666666665,4458.0,681.0,12177.333333333334,0.43794754696162436,0.8360739133974305,0.5748036902362506,0.8919638027300839,38.15135481802148,0.2679857821476887,19.98396665063332,27.797017797017798,283.3666666666666,445.8,2079.0,0.0,4.5
image-segmentation,pairflip,0.2,relabel,committee consensus,1.0,1004.5,2880.3333333333335,1521.6666666666667,1274.3333333333333,15113.666666666666,0.6543700276284959,0.6932727147176404,0.673251397030619,0.9090552300371512,21.173641173641176,0.09147219652672135,19.98396665063332,13.934583934583934,277.8333333333333,152.06666666666666,2079.0,0.0,4.5
image-segmentation,pairflip,0.2,relabel,dual agreement,1.0,1004.5,2180.0,493.6666666666667,1974.6666666666667,16141.666666666666,0.8153877290753249,0.5247092091195896,0.6385217367658987,0.9090552300371512,12.860349527016192,0.029676299785509706,19.98396665063332,11.973705307038642,215.9,49.36666666666667,2079.0,0.0,4.5
image-segmentation,pairflip,0.2,relabel,none,1.0,1004.5,0.0,0.0,4154.666666666667,16635.333333333332,,0.0,0.0,,0.0,0.0,19.98396665063332,19.98396665063332,0.0,0.0,2079.0,0.0,4.5
image-segmentation,pairflip,0.4,relabel,DT hard_vote,1.0,1004.5,5095.333333333333,5208.0,3198.6666666666665,7288.0,0.49453240485858413,0.614351302217054,0.5479562507644018,0.5910682438334589,49.55908289241623,0.4167676223786367,39.89417989417989,41.82940516273849,480.56666666666666,520.8000000000001,2079.0,0.0,4.5
image-segmentation,pairflip,0.4,relabel,DT threshold,1.0,1004.5,4975.0,5176.333333333333,3319.0,7319.666666666667,0.4900819473791079,0.599845692195978,0.5394214781797738,0.5910682438334589,48.82796216129549,0.4142337203015916,39.89417989417989,42.23665223665224,468.93333333333334,517.6333333333333,2079.0,0.0,4.5
image-segmentation,pairflip,0.4,relabel,NB hard_vote,1.0,1004.5,6375.666666666667,5484.0,1918.3333333333333,7012.0,0.5375951566322363,0.7687141592086961,0.6327081745415252,0.6741792792302839,57.04505371172038,0.4388657141243923,39.89417989417989,43.86083052749719,465.93333333333334,548.4,2079.0,3.6666666666666665,4.5
image-segmentation,pairflip,0.4,relabel,NB threshold,1.0,1004.5,6220.666666666667,5222.333333333333,2073.3333333333335,7273.666666666667,0.5436218165011417,0.75001960064901,0.6303555036978068,0.6741792792302839,55.04088504088504,0.4179272248789556,39.89417989417989,42.951739618406286,458.6666666666667,522.2333333333332,2079.0,0.13333333333333333,4.5
image-segmentation,pairflip,0.4,relabel,committee consensus,1.0,1004.5,3956.6666666666665,2470.3333333333335,4337.333333333333,10025.666666666666,0.6156152764352043,0.47705346038053653,0.5375374044225479,0.6751637798559273,30.913900913900914,0.19768590090223018,39.89417989417989,33.81112714446048,373.5,247.03333333333333,2079.0,0.0,4.5
image-segmentation,pairflip,0.4,relabel,dual agreement,1.0,1004.5,2719.3333333333335,1145.6666666666667,5574.666666666667,11350.333333333334,0.7035245323454505,0.3278571889082904,0.4472585112748328,0.6751637798559273,18.59066859066859,0.09168345537397275,39.89417989417989,32.57014590347924,266.8333333333333,114.56666666666666,2079.0,0.0,4.5
image-segmentation,pairflip,0.4,relabel,none,1.0,1004.5,0.0,0.0,8294.0,12496.0,,0.0,0.0,,0.0,0.0,39.89417989417989,39.89417989417989,0.0,0.0,2079.0,0.0,4.5
image-segmentation,symmetric,0.0,relabel,DT hard_vote,1.0,1004.5,0.0,784.6666666666666,0.0,20005.333333333332,0.0,,0.0,,3.7742504409171076,0.037742504409171075,0.0,3.7742504409171076,0.0,78.46666666666665,2079.0,0.0,4.5
image-segmentation,symmetric,0.0,relabel,DT threshold,1.0,1004.5,0.0,784.6666666666666,0.0,20005.333333333332,0.0,,0.0,,3.7742504409171076,0.037742504409171075,0.0,3.7742504409171076,0.0,78.46666666666665,2079.0,0.0,4.5
image-segmentation,symmetric,0.0,relabel,NB hard_vote,1.0,1004.5,0.0,4191.333333333333,0.0,16598.666666666668,0.0,,0.0,,20.160333493666826,0.20160333493666827,0.0,20.160333493666826,0.0,419.1333333333334,2079.0,0.0,4.5
image-segmentation,symmetric,0.0,relabel,NB threshold,1.0,1004.5,0.0,3520.3333333333335,0.0,17269.666666666668,0.0,,0.0,,16.9328202661536,0.169328202661536,0.0,16.9328202661536,0.0,352.0333333333333,2079.0,0.0,4.5
image-segmentation,symmetric,0.0,relabel,committee consensus,1.0,1004.5,0.0,447.6666666666667,0.0,20342.333333333332,0.0,,0.0,,2.1532788199454864,0.021532788199454866,0.0,2.1532788199454864,0.0,44.76666666666667,2079.0,0.0,4.5
image-segmentation,symmetric,0.0,relabel,dual agreement,1.0,1004.5,0.0,244.33333333333334,0.0,20545.666666666668,0.0,,0.0,,1.175244508577842,0.01175244508577842,0.0,1.175244508577842,0.0,24.433333333333334,2079.0,0.0,4.5
image-segmentation,symmetric,0.0,relabel,none,1.0,1004.5,0.0,0.0,0.0,20790.0,,,,,0.0,0.0,0.0,0.0,0.0,0.0,2079.0,0.0,4.5
image-segmentation,symmetric,0.1,relabel,DT hard_vote,1.0,1004.5,2002.6666666666667,2757.6666666666665,51.666666666666664,15978.0,0.4208177988158525,0.9748447251560769,0.5878114283025067,0.9178439289136072,22.897226230559568,0.14718518959063306,9.881353214686548,14.750681417348083,174.53333333333333,275.76666666666665,2079.0,0.0,4.5
image-segmentation,symmetric,0.1,relabel,DT threshold,1.0,1004.5,1976.6666666666667,2600.3333333333335,77.66666666666667,16135.333333333334,0.4320049041644101,0.962165192642948,0.5962199291463417,0.9178439289136072,22.015392015392013,0.13878839425048536,9.881353214686548,14.053230719897385,173.29999999999998,260.03333333333336,2079.0,0.0,4.5
image-segmentation,symmetric,0.1,relabel,NB hard_vote,1.0,1004.5,1948.3333333333333,5335.0,106.0,13400.666666666666,0.2674990539829338,0.9483823152767895,0.41729364802528096,0.9559311454160694,35.0328683662017,0.28475129837717156,9.881353214686548,28.427128427128427,147.9333333333333,533.5,2079.0,0.0,4.5
image-segmentation,symmetric,0.1,relabel,NB threshold,1.0,1004.5,1801.6666666666667,4010.6666666666665,252.66666666666666,14725.0,0.3099789243305722,0.8769794090438529,0.45804069679236514,0.9559311454160694,27.957351290684624,0.21406590520277183,9.881353214686548,22.169312169312168,145.6,401.06666666666666,2079.0,0.0,4.5
image-segmentation,symmetric,0.1,relabel,committee consensus,1.0,1004.5,1901.3333333333333,993.0,153.0,17742.666666666668,0.6569734102674384,0.9255054415259371,0.7684164426536498,0.98603914818864,13.921757255090588,0.0529986917247125,9.881353214686548,6.612153278819945,166.96666666666667,99.0,2079.0,0.0,4.5
image-segmentation,symmetric,0.1,relabel,dual agreement,1.0,1004.5,1273.3333333333333,239.66666666666666,781.0,18496.0,0.8414280726648572,0.6197496097221444,0.7137652218825128,0.98603914818864,7.277537277537277,0.012791300909527558,9.881353214686548,5.0120250120250125,125.2,23.96666666666667,2079.0,0.0,4.5
image-segmentation,symmetric,0.1,relabel,none,1.0,1004.5,0.0,0.0,2054.3333333333335,18735.666666666668,,0.0,0.0,,0.0,0.0,9.881353214686548,9.881353214686548,0.0,0.0,2079.0,0.0,4.5
image-segmentation,symmetric,0.2,relabel,DT hard_vote,1.0,1004.5,3976.3333333333335,4224.333333333333,178.33333333333334,12411.0,0.48492297437434617,0.9571030637176071,0.6436986785363593,0.856969595740424,39.44524611191278,0.2539405108837637,19.98396665063332,25.32627865961199,311.3666666666667,422.43333333333334,2079.0,0.0,4.5
image-segmentation,symmetric,0.2,relabel,DT threshold,1.0,1004.5,3879.6666666666665,3991.0,275.0,12644.333333333334,0.49297185975140634,0.9338493454208013,0.6452894163902442,0.856969595740424,37.85794452461119,0.23991473046293277,19.98396665063332,24.43322109988777,306.59999999999997,399.09999999999997,2079.0,0.0,4.5
image-segmentation,symmetric,0.2,relabel,NB hard_vote,1.0,1004.5,3929.0,5281.333333333333,225.66666666666666,11354.0,0.4266659490189361,0.9456813349207432,0.5880123274535394,0.940442172504547,44.30174763508097,0.3174806154149484,19.98396665063332,31.811768478435145,282.23333333333335,528.1333333333333,2079.0,0.0,4.5
image-segmentation,symmetric,0.2,relabel,NB threshold,1.0,1004.5,3609.0,4043.3333333333335,545.6666666666666,12592.0,0.47169635596122245,0.8686652693835715,0.6113727732007977,0.940442172504547,36.807760141093475,0.24306093963134054,19.98396665063332,26.11191277857945,276.93333333333334,404.3333333333333,2079.0,0.0,4.5
image-segmentation,symmetric,0.2,relabel,committee consensus,1.0,1004.5,3763.3333333333335,1543.6666666666667,391.3333333333333,15091.666666666666,0.7091326888441972,0.905835451653965,0.7955021377055177,0.9696560535563589,25.526695526695523,0.09279545912368477,19.98396665063332,13.01426968093635,298.7,153.79999999999998,2079.0,0.0,4.5
image-segmentation,symmetric,0.2,relabel,dual agreement,1.0,1004.5,2147.6666666666665,283.3333333333333,2007.0,16352.0,0.8834412386032201,0.5169749617550436,0.6522111920874902,0.9696560535563589,11.693121693121691,0.017031857345851022,19.98396665063332,11.292287958954624,209.03333333333333,28.333333333333332,2079.0,0.0,4.5
image-segmentation,symmetric,0.2,relabel,none,1.0,1004.5,0.0,0.0,4154.666666666667,16635.333333333332,,0.0,0.0,,0.0,0.0,19.98396665063332,19.98396665063332,0.0,0.0,2079.0,0.0,4.5
image-segmentation,symmetric,0.4,relabel,DT hard_vote,1.0,1004.5,7646.333333333333,5514.666666666667,647.6666666666666,6981.333333333333,0.5810029731463792,0.9219173398903494,0.7127824688279919,0.7472004230421069,63.304473304473305,0.441301464654324,39.89417989417989,44.271284271284266,460.4666666666667,551.4666666666667,2079.0,0.0,4.5
image-segmentation,symmetric,0.4,relabel,DT threshold,1.0,1004.5,7644.666666666667,5514.0,649.3333333333334,6982.0,0.5809791002522656,0.9217165151337574,0.7127045370665233,0.7472004230421069,63.293249959916615,0.44124818642378666,39.89417989417989,44.26807760141094,460.4666666666667,551.4,2079.0,0.0,4.5
image-segmentation,symmetric,0.4,relabel,NB hard_vote,1.0,1004.5,7754.333333333333,4937.666666666667,539.6666666666666,7558.333333333333,0.6109902904246,0.9349396351137403,0.7390143133400503,0.9084796950549979,61.04858104858105,0.3951374393391928,39.89417989417989,39.472502805836136,502.5333333333333,493.76666666666665,2079.0,0.06666666666666667,4.5
image-segmentation,symmetric,0.4,relabel,NB threshold,1.0,1004.5,7306.666666666667,4179.333333333333,987.3333333333334,8316.666666666666,0.6361535498948092,0.880942277654522,0.7387918651968105,0.9084796950549979,55.247715247715256,0.33446893561274865,39.89417989417989,36.03495270161937,498.1666666666667,417.93333333333334,2079.0,0.0,4.5
image-segmentation,symmetric,0.4,relabel,committee consensus,1.0,1004.5,7152.333333333333,2259.3333333333335,1141.6666666666667,10236.666666666666,0.760004442797583,0.8623613581030654,0.8079240527939252,0.9233414132310617,45.2701619368286,0.18078805700676195,39.89417989417989,29.50296616963284,440.7,224.66666666666666,2079.0,0.0,4.5
image-segmentation,symmetric,0.4,relabel,dual agreement,1.0,1004.5,3043.3333333333335,347.0,5250.666666666667,12149.0,0.8976256600058438,0.36691861553243327,0.5208891556388114,0.9233414132310617,16.307519640852973,0.027771377057286977,39.89417989417989,27.923681257014593,283.56666666666666,34.699999999999996,2079.0,0.0,4.5
image-segmentation,symmetric,0.4,relabel,none,1.0,1004.5,0.0,0.0,8294.0,12496.0,,0.0,0.0,,0.0,0.0,39.89417989417989,39.89417989417989,0.0,0.0,2079.0,0.0,4.5
iris,pairflip,0.0,relabel,DT hard_vote,1.0,1004.5,0.0,75.0,0.0,1275.0,0.0,,0.0,,5.5555555555555545,0.05555555555555556,0.0,5.5555555555555545,0.0,7.5,135.0,0.0,4.5
iris,pairflip,0.0,relabel,DT threshold,1.0,1004.5,0.0,75.0,0.0,1275.0,0.0,,0.0,,5.5555555555555545,0.05555555555555556,0.0,5.5555555555555545,0.0,7.5,135.0,0.0,4.5
iris,pairflip,0.0,relabel,NB hard_vote,1.0,1004.5,0.0,61.666666666666664,0.0,1288.3333333333333,0.0,,0.0,,4.567901234567901,0.04567901234567901,0.0,4.567901234567901,0.0,6.166666666666667,135.0,0.0,4.5
iris,pairflip,0.0,relabel,NB threshold,1.0,1004.5,0.0,27.666666666666668,0.0,1322.3333333333333,0.0,,0.0,,2.0493827160493825,0.020493827160493826,0.0,2.0493827160493825,0.0,2.766666666666667,135.0,0.0,4.5
iris,pairflip,0.0,relabel,committee consensus,1.0,1004.5,0.0,45.0,0.0,1305.0,0.0,,0.0,,3.3333333333333335,0.03333333333333333,0.0,3.3333333333333335,0.0,4.5,135.0,0.0,4.5
iris,pairflip,0.0,relabel,dual agreement,1.0,1004.5,0.0,25.666666666666668,0.0,1324.3333333333333,0.0,,0.0,,1.9012345679012348,0.019012345679012346,0.0,1.9012345679012348,0.0,2.5666666666666664,135.0,0.0,4.5
iris,pairflip,0.0,relabel,none,1.0,1004.5,0.0,0.0,0.0,1350.0,,,,,0.0,0.0,0.0,0.0,0.0,0.0,135.0,0.0,4.5
iris,pairflip,0.1,relabel,DT hard_vote,1.0,1004.5,116.66666666666667,186.66666666666666,17.0,1029.6666666666667,0.38707256670884876,0.8733087579322998,0.5360664621875384,0.8631940789786166,22.46913580246914,0.1536000866145739,9.901234567901234,15.407407407407407,11.233333333333334,18.666666666666668,135.0,0.0,4.5
iris,pairflip,0.1,relabel,DT threshold,1.0,1004.5,116.66666666666667,186.33333333333334,17.0,1030.0,0.38749207120001444,0.8733087579322998,0.5364661867470856,0.8631940789786166,22.444444444444446,0.15332505911182362,9.901234567901234,15.382716049382717,11.233333333333334,18.633333333333336,135.0,0.0,4.5
iris,pairflip,0.1,relabel,NB hard_vote,1.0,1004.5,126.33333333333333,94.0,7.333333333333333,1122.3333333333333,0.572831721303337,0.9447449039707788,0.713111892380185,0.9910604378364871,16.320987654320987,0.07728198803432244,9.901234567901234,7.8271604938271615,12.200000000000001,9.4,135.0,0.0,4.5
iris,pairflip,0.1,relabel,NB threshold,1.0,1004.5,117.0,31.333333333333332,16.666666666666668,1185.0,0.789439938665764,0.8749970543183693,0.8297369026988378,0.9910604378364871,10.987654320987653,0.02577526367884621,9.901234567901234,3.728395061728395,11.466666666666667,3.1333333333333333,135.0,0.0,4.5
iris,pairflip,0.1,relabel,committee consensus,1.0,1004.5,111.66666666666667,51.666666666666664,22.0,1164.6666666666667,0.6838067317531875,0.8357765658401926,0.7521475725847345,0.9769479996379,12.098765432098766,0.04249333468576908,9.901234567901234,5.753086419753086,10.766666666666666,5.166666666666667,135.0,0.0,4.5
iris,pairflip,0.1,relabel,dual agreement,1.0,1004.5,102.33333333333333,22.666666666666668,31.333333333333332,1193.6666666666667,0.8201430232027098,0.76573414802471,0.7914981937752336,0.9769479996379,9.25925925925926,0.018647809435311167,9.901234567901234,4.1234567901234565,10.066666666666668,2.2666666666666666,135.0,0.0,4.5
iris,pairflip,0.1,relabel,none,1.0,1004.5,0.0,0.0,133.66666666666666,1216.3333333333333,,0.0,0.0,,0.0,0.0,9.901234567901234,9.901234567901234,0.0,0.0,135.0,0.0,4.5
iris,pairflip,0.2,relabel,DT hard_vote,1.0,1004.5,207.0,263.3333333333333,60.666666666666664,819.0,0.44006647004063026,0.7727307781937429,0.5607466842911912,0.7668105021937787,34.83950617283951,0.24351535936755128,19.82716049382716,24.71604938271605,19.733333333333334,26.333333333333332,135.0,0.0,4.5
iris,pairflip,0.2,relabel,DT threshold,1.0,1004.5,207.0,261.0,60.666666666666664,821.3333333333334,0.44222530606938903,0.7727307781937429,0.5625034682260397,0.7668105021937787,34.666666666666664,0.24136199117626309,19.82716049382716,24.543209876543212,19.733333333333334,26.099999999999998,135.0,0.0,4.5
iris,pairflip,0.2,relabel,NB hard_vote,1.0,1004.5,237.0,135.66666666666666,30.666666666666668,946.6666666666666,0.6359175407209325,0.8852776022080984,0.7400901903074978,0.9648565707300144,27.60493827160494,0.12545576318547003,19.82716049382716,12.790123456790122,23.066666666666666,13.566666666666668,135.0,0.0,4.5
iris,pairflip,0.2,relabel,NB threshold,1.0,1004.5,233.0,59.666666666666664,34.666666666666664,1022.6666666666666,0.7961196193632829,0.8707397342033393,0.8316831788643869,0.9648565707300144,21.679012345679013,0.05516258432735993,19.82716049382716,7.45679012345679,22.666666666666668,5.966666666666666,135.0,0.0,4.5
iris,pairflip,0.2,relabel,committee consensus,1.0,1004.5,185.0,55.666666666666664,82.66666666666667,1026.6666666666667,0.7676911157024794,0.6903353222537222,0.7269567515776257,0.929412249321607,17.82716049382716,0.05142581473970507,19.82716049382716,10.864197530864198,17.666666666666668,5.566666666666666,135.0,0.0,4.5
iris,pairflip,0.2,relabel,dual agreement,1.0,1004.5,175.33333333333334,26.333333333333332,92.33333333333333,1056.0,0.8685774384772663,0.6543124756554244,0.7463691097936839,0.929412249321607,14.938271604938272,0.024318963866006002,19.82716049382716,9.037037037037036,17.2,2.6333333333333333,135.0,0.0,4.5
iris,pairflip,0.2,relabel,none,1.0,1004.5,0.0,0.0,267.6666666666667,1082.3333333333333,,0.0,0.0,,0.0,0.0,19.82716049382716,19.82716049382716,0.0,0.0,135.0,0.0,4.5
iris,pairflip,0.4,relabel,DT hard_vote,1.0,1004.5,317.3333333333333,346.6666666666667,223.0,463.0,0.4782511706672159,0.5882548444582051,0.5270561592097959,0.5821126791659513,49.18518518518518,0.4280415191978573,40.02469135802469,43.67901234567901,29.733333333333334,34.666666666666664,135.0,0.0,4.5
iris,pairflip,0.4,relabel,DT threshold,1.0,1004.5,317.3333333333333,346.3333333333333,223.0,463.3333333333333,0.47850102167349656,0.5882548444582051,0.5272102326137579,0.5821126791659513,49.16049382716049,0.4276355102656608,40.02469135802469,43.65432098765432,29.733333333333334,34.63333333333333,135.0,0.0,4.5
iris,pairflip,0.4,relabel,NB hard_vote,1.0,1004.5,334.6666666666667,283.6666666666667,205.66666666666666,526.0,0.542754998368766,0.6223825425654721,0.5797876715846574,0.7039487483606869,45.80246913580246,0.3522084351245259,40.02469135802469,36.34567901234568,33.333333333333336,28.366666666666664,135.0,0.8666666666666667,4.5
iris,pairflip,0.4,relabel,NB threshold,1.0,1004.5,323.0,227.33333333333334,217.33333333333334,582.3333333333334,0.5886338853625639,0.6010310506387305,0.5947059297322997,0.7039487483606869,40.76543209876544,0.28259229760316656,40.02469135802469,33.01234567901235,32.199999999999996,22.733333333333334,135.0,0.43333333333333335,4.5
iris,pairflip,0.4,relabel,committee consensus,1.0,1004.5,216.0,152.66666666666666,324.3333333333333,657.0,0.5878110621090925,0.40208601637306157,0.47744262514060937,0.6742807012206238,27.308641975308642,0.18979453424372608,40.02469135802469,36.41975308641975,20.133333333333333,15.266666666666666,135.0,0.0,4.5
iris,pairflip,0.4,relabel,dual agreement,1.0,1004.5,195.66666666666666,118.0,344.6666666666667,691.6666666666666,0.6235662049400453,0.3647546645277521,0.45998690177032947,0.6742807012206238,23.23456790123457,0.1466488902242723,40.02469135802469,34.32098765432099,19.5,11.799999999999999,135.0,0.0,4.5
iris,pairflip,0.4,relabel,none,1.0,1004.5,0.0,0.0,540.3333333333334,809.6666666666666,,0.0,0.0,,0.0,0.0,40.02469135802469,40.02469135802469,0.0,0.0,135.0,0.0,4.5
iris,symmetric,0.0,relabel,DT hard_vote,1.0,1004.5,0.0,75.0,0.0,1275.0,0.0,,0.0,,5.5555555555555545,0.05555555555555556,0.0,5.5555555555555545,0.0,7.5,135.0,0.0,4.5
iris,symmetric,0.0,relabel,DT threshold,1.0,1004.5,0.0,75.0,0.0,1275.0,0.0,,0.0,,5.5555555555555545,0.05555555555555556,0.0,5.5555555555555545,0.0,7.5,135.0,0.0,4.5
iris,symmetric,0.0,relabel,NB hard_vote,1.0,1004.5,0.0,61.666666666666664,0.0,1288.3333333333333,0.0,,0.0,,4.567901234567901,0.04567901234567901,0.0,4.567901234567901,0.0,6.166666666666667,135.0,0.0,4.5
iris,symmetric,0.0,relabel,NB threshold,1.0,1004.5,0.0,27.666666666666668,0.0,1322.3333333333333,0.0,,0.0,,2.0493827160493825,0.020493827160493826,0.0,2.0493827160493825,0.0,2.766666666666667,135.0,0.0,4.5
iris,symmetric,0.0,relabel,committee consensus,1.0,1004.5,0.0,45.0,0.0,1305.0,0.0,,0.0,,3.3333333333333335,0.03333333333333333,0.0,3.3333333333333335,0.0,4.5,135.0,0.0,4.5
iris,symmetric,0.0,relabel,dual agreement,1.0,1004.5,0.0,25.666666666666668,0.0,1324.3333333333333,0.0,,0.0,,1.9012345679012348,0.019012345679012346,0.0,1.9012345679012348,0.0,2.5666666666666664,135.0,0.0,4.5
iris,symmetric,0.0,relabel,none,1.0,1004.5,0.0,0.0,0.0,1350.0,,,,,0.0,0.0,0.0,0.0,0.0,0.0,135.0,0.0,4.5
iris,symmetric,0.1,relabel,DT hard_vote,1.0,1004.5,120.66666666666667,200.33333333333334,13.0,1016.0,0.37597813412200515,0.903005436886667,0.5308908045977011,0.8714934155274531,23.777777777777782,0.16476635105164217,9.901234567901234,16.691358024691358,10.866666666666667,20.033333333333335,135.0,0.0,4.5
iris,symmetric,0.1,relabel,DT threshold,1.0,1004.5,120.66666666666667,200.0,13.0,1016.3333333333334,0.3763454196792959,0.903005436886667,0.531259048624609,0.8714934155274531,23.75308641975309,0.16449086895797826,9.901234567901234,16.666666666666668,10.866666666666667,20.0,135.0,0.0,4.5
iris,symmetric,0.1,relabel,NB hard_vote,1.0,1004.5,128.33333333333334,92.0,5.333333333333333,1124.3333333333333,0.5823461832265054,0.9603469171337676,0.7249592416506768,0.9916453717825382,16.320987654320987,0.07565626756051912,9.901234567901234,7.62962962962963,12.266666666666666,9.200000000000001,135.0,0.0,4.5
iris,symmetric,0.1,relabel,NB threshold,1.0,1004.5,114.0,28.0,19.666666666666668,1188.3333333333333,0.8026351223412088,0.8529103334511605,0.8269936950045036,0.9916453717825382,10.518518518518519,0.023025168709358154,9.901234567901234,3.6790123456790127,11.200000000000001,2.8000000000000003,135.0,0.0,4.5
iris,symmetric,0.1,relabel,committee consensus,1.0,1004.5,116.33333333333333,47.0,17.333333333333332,1169.3333333333333,0.712533708686188,0.8705642242757832,0.7835768341593257,0.981178347234639,12.098765432098766,0.038657942255661444,9.901234567901234,5.530864197530864,10.6,4.7,135.0,0.0,4.5
iris,symmetric,0.1,relabel,dual agreement,1.0,1004.5,96.66666666666667,19.0,37.0,1197.3333333333333,0.8353668772899003,0.7231109764513795,0.7749871456768008,0.981178347234639,8.567901234567902,0.01561841558683541,9.901234567901234,4.271604938271605,9.5,1.9000000000000001,135.0,0.0,4.5
iris,symmetric,0.1,relabel,none,1.0,1004.5,0.0,0.0,133.66666666666666,1216.3333333333333,,0.0,0.0,,0.0,0.0,9.901234567901234,9.901234567901234,0.0,0.0,135.0,0.0,4.5
iris,symmetric,0.2,relabel,DT hard_vote,1.0,1004.5,229.33333333333334,273.6666666666667,38.333333333333336,808.6666666666666,0.4564746775740569,0.8568600429302794,0.595455916470514,0.8013181428559831,37.25925925925927,0.2531637088630944,19.82716049382716,25.580246913580243,19.599999999999998,27.366666666666664,135.0,0.0,4.5
iris,symmetric,0.2,relabel,DT threshold,1.0,1004.5,229.33333333333334,272.3333333333333,38.333333333333336,810.0,0.45767282919303603,0.8568600429302794,0.5964818595903091,0.8013181428559831,37.1604938271605,0.251930677050127,19.82716049382716,25.48148148148148,19.599999999999998,27.233333333333334,135.0,0.0,4.5
iris,symmetric,0.2,relabel,NB hard_vote,1.0,1004.5,252.33333333333334,116.0,15.333333333333334,966.3333333333334,0.6847068296036075,0.9430654773380991,0.7932394321929008,0.9837197036673923,27.28395061728395,0.10718691206362756,19.82716049382716,10.839506172839506,23.733333333333334,11.6,135.0,0.0,4.5
iris,symmetric,0.2,relabel,NB threshold,1.0,1004.5,230.0,56.333333333333336,37.666666666666664,1026.0,0.8044417641978617,0.859266698073614,0.8308681141349358,0.9837197036673923,21.209876543209877,0.05216306569494986,19.82716049382716,7.604938271604937,22.133333333333336,5.633333333333333,135.0,0.0,4.5
iris,symmetric,0.2,relabel,committee consensus,1.0,1004.5,218.33333333333334,51.0,49.333333333333336,1031.3333333333333,0.8103429615089168,0.8161467615357663,0.8131528008252124,0.9555949423641614,19.95061728395062,0.04713682828274789,19.82716049382716,9.80246913580247,18.633333333333336,5.1000000000000005,135.0,0.0,4.5
iris,symmetric,0.2,relabel,dual agreement,1.0,1004.5,171.33333333333334,21.666666666666668,96.33333333333333,1060.6666666666667,0.8878706800445931,0.6410250177013356,0.7444377008039383,0.9555949423641614,14.296296296296296,0.020041785622278548,19.82716049382716,9.06172839506173,16.7,2.1666666666666665,135.0,0.0,4.5
iris,symmetric,0.2,relabel,none,1.0,1004.5,0.0,0.0,267.6666666666667,1082.3333333333333,,0.0,0.0,,0.0,0.0,19.82716049382716,19.82716049382716,0.0,0.0,135.0,0.0,4.5
iris,symmetric,0.4,relabel,DT hard_vote,1.0,1004.5,417.6666666666667,348.6666666666667,122.66666666666667,461.0,0.5449919474792052,0.774060287352024,0.6393006145622037,0.6722541323847874,56.76543209876542,0.4308249897005399,40.02469135802469,44.22222222222222,29.2,34.86666666666667,135.0,0.0,4.5
iris,symmetric,0.4,relabel,DT threshold,1.0,1004.5,417.6666666666667,348.3333333333333,122.66666666666667,461.3333333333333,0.5452335770243305,0.774060287352024,0.6394580908116874,0.6722541323847874,56.74074074074074,0.43039376934693924,40.02469135802469,44.197530864197525,29.2,34.833333333333336,135.0,0.0,4.5
iris,symmetric,0.4,relabel,NB hard_vote,1.0,1004.5,496.6666666666667,111.66666666666667,43.666666666666664,698.0,0.816364932383317,0.9194586040520353,0.86475040675787,0.9620010219189994,45.06172839506173,0.13807702141448258,40.02469135802469,14.518518518518517,45.6,11.166666666666666,135.0,0.09999999999999999,4.5
iris,symmetric,0.4,relabel,NB threshold,1.0,1004.5,482.0,90.66666666666667,58.333333333333336,719.0,0.8419765890913254,0.892314067208904,0.8662541647592175,0.9620010219189994,42.41975308641975,0.11223802998682819,40.02469135802469,13.580246913580247,44.76666666666667,9.066666666666668,135.0,0.03333333333333333,4.5
iris,symmetric,0.4,relabel,committee consensus,1.0,1004.5,387.6666666666667,59.666666666666664,152.66666666666666,750.0,0.866598157104165,0.7185633931920034,0.7853492182852144,0.8820958233921997,33.135802469135804,0.07365655841207523,40.02469135802469,24.271604938271608,27.166666666666668,5.8999999999999995,135.0,0.0,4.5
iris,symmetric,0.4,relabel,dual agreement,1.0,1004.5,269.0,27.0,271.3333333333333,782.6666666666666,0.9090566084379607,0.49958725679105326,0.6438895002759831,0.8820958233921997,21.925925925925924,0.03329917431053784,40.02469135802469,23.23456790123457,25.366666666666664,2.6999999999999997,135.0,0.0,4.5
iris,symmetric,0.4,relabel,none,1.0,1004.5,0.0,0.0,540.3333333333334,809.6666666666666,,0.0,0.0,,0.0,0.0,40.02469135802469,40.02469135802469,0.0,0.0,135.0,0.0,4.5
nsl-kdd,pairflip,0.0,relabel,DT hard_vote,1.0,1004.5,0.0,1307.0,0.0,225421.0,0.0,,0.0,,0.5764618372800335,0.005764616633146325,0.0,0.5764618372800335,0.0,130.70000000000002,22672.8,12.866666666666665,4.5
nsl-kdd,pairflip,0.0,relabel,DT threshold,1.0,1004.5,0.0,1304.0,0.0,225424.0,0.0,,0.0,,0.5751386516364522,0.005751384919374758,0.0,0.5751386516364523,0.0,130.4,22672.8,12.866666666666665,4.5
nsl-kdd,pairflip,0.0,relabel,NB hard_vote,1.0,1004.5,0.0,44916.0,0.0,181812.0,0.0,,0.0,,19.81051857339915,0.19810521858791152,0.0,19.81051857339915,0.0,4491.599999999999,22672.8,15.333333333333334,4.5
nsl-kdd,pairflip,0.0,relabel,NB threshold,1.0,1004.5,0.0,28910.0,0.0,197818.0,0.0,,0.0,,12.750960613634845,0.12750961504534067,0.0,12.750960613634845,0.0,2891.0,22672.8,14.5,4.5
nsl-kdd,pairflip,0.0,relabel,committee consensus,1.0,1004.5,0.0,856.0,0.0,225872.0,0.0,,0.0,,0.3775450579559618,0.0037754489961539816,0.0,0.37754505795596177,0.0,85.59999999999998,22672.8,11.466666666666667,4.5
nsl-kdd,pairflip,0.0,relabel,dual agreement,1.0,1004.5,0.0,178.66666666666666,0.0,226549.33333333334,0.0,,0.0,,0.078802250581257,0.0007880220646178092,0.0,0.07880225058125702,0.0,17.866666666666667,22672.8,3.8333333333333335,4.5
nsl-kdd,pairflip,0.0,relabel,none,1.0,1004.5,0.0,0.0,0.0,226728.0,,,,,0.0,0.0,0.0,0.0,0.0,0.0,22672.8,0.0,4.5
nsl-kdd,pairflip,0.1,relabel,DT hard_vote,1.0,1004.5,20229.0,23485.0,2576.3333333333335,180437.66666666666,0.4627518376263491,0.8870268592134817,0.6082069118845932,0.8872735441255135,19.28037171584846,0.11516655754266047,10.05845499985511,11.555109145216525,2009.1666666666667,2348.5,22672.8,11.533333333333333,4.5
nsl-kdd,pairflip,0.1,relabel,DT threshold,1.0,1004.5,20228.666666666668,23481.0,2576.6666666666665,180441.66666666666,0.46279012345995046,0.887012291722295,0.6082365735121035,0.8872735441255135,19.278460465709262,0.11514694547073179,10.05845499985511,11.553344912822368,2009.1666666666667,2348.1,22672.8,11.533333333333333,4.5
nsl-kdd,pairflip,0.1,relabel,NB hard_vote,1.0,1004.5,18608.333333333332,81577.33333333333,4197.0,122345.33333333333,0.18704512337431733,0.815794301899103,0.3041227138139297,0.7455558421879142,44.18759612633869,0.4000253304841867,10.05845499985511,40.06665150500779,1354.0333333333335,8157.733333333334,22672.8,18.833333333333332,4.5
nsl-kdd,pairflip,0.1,relabel,NB threshold,1.0,1004.5,15690.333333333334,66335.0,7115.0,137587.66666666666,0.1928642907466024,0.687789707859617,0.30100623361001183,0.7455558421879142,36.177868050598555,0.3252835745565789,10.05845499985511,33.90362888766094,1227.1333333333332,6633.5,22672.8,14.0,4.5
nsl-kdd,pairflip,0.1,relabel,committee consensus,1.0,1004.5,16625.333333333332,9968.0,6180.0,193954.66666666666,0.6248163906253499,0.7288625004213071,0.672826677555867,0.9341108347608326,11.729178323944376,0.04887987042961999,10.05845499985511,7.177028393297431,1650.1000000000001,996.8000000000001,22672.8,8.366666666666667,4.5
nsl-kdd,pairflip,0.1,relabel,dual agreement,1.0,1004.5,10993.666666666666,4200.333333333333,11811.666666666666,199722.33333333334,0.7242671781957156,0.48192138765642073,0.5786936599345023,0.9341108347608326,6.701422622605044,0.020595897990164685,10.05845499985511,7.070880919953009,1097.3999999999999,420.0333333333333,22672.8,2.0,4.5
nsl-kdd,pairflip,0.1,relabel,none,1.0,1004.5,0.0,0.0,22805.333333333332,203922.66666666666,,0.0,0.0,,0.0,0.0,10.05845499985511,10.05845499985511,0.0,0.0,22672.8,0.0,4.5
nsl-kdd,pairflip,0.2,relabel,DT hard_vote,1.0,1004.5,35894.666666666664,38820.666666666664,9470.0,142542.66666666666,0.48041993445095343,0.79125648717504,0.5978487976146641,0.7888058963426534,32.95373072727832,0.21405038154887868,20.008409555082697,21.4205286656434,3561.9,3882.066666666667,22672.8,7.433333333333334,4.5
nsl-kdd,pairflip,0.2,relabel,DT threshold,1.0,1004.5,35893.0,38816.0,9471.666666666666,142547.33333333334,0.4804384504315249,0.791219819673643,0.5978526824634582,0.7888058963426534,32.950937357699765,0.21402467004402226,20.008409555082697,21.418470384790055,3561.9,3881.6,22672.8,7.433333333333334,4.5
nsl-kdd,pairflip,0.2,relabel,NB hard_vote,1.0,1004.5,36159.666666666664,80417.33333333333,9205.0,100946.0,0.31073751769554564,0.7970666153452767,0.4470700349376114,0.6824321890860233,51.41713362049624,0.44339501503804385,20.008409555082697,44.3446467041677,2524.0333333333333,8041.733333333334,22672.8,17.233333333333334,4.5
nsl-kdd,pairflip,0.2,relabel,NB threshold,1.0,1004.5,28509.0,68640.33333333333,16855.666666666668,112723.0,0.29381503218653443,0.628373242995986,0.4003819551438914,0.6824321890860233,42.84844055699576,0.3784655170285834,20.008409555082697,41.266376552514394,2044.2666666666667,6864.033333333333,22672.8,9.533333333333333,4.5
nsl-kdd,pairflip,0.2,relabel,committee consensus,1.0,1004.5,28705.0,17655.0,16659.666666666668,163708.33333333334,0.6190678018498462,0.632748690441033,0.6258290873737257,0.8478703133713851,20.447408419539215,0.09734521485637208,20.008409555082697,15.243826051011132,2845.7666666666664,1765.5,22672.8,7.033333333333334,4.5
nsl-kdd,pairflip,0.2,relabel,dual agreement,1.0,1004.5,16220.0,7882.666666666667,29144.666666666668,173480.66666666666,0.6728149428238623,0.3575086018819515,0.4669040256291243,0.8478703133713851,10.63065353651912,0.0434630293683117,20.008409555082697,16.341176719656033,1619.7333333333333,788.2666666666668,22672.8,1.1333333333333333,4.5
nsl-kdd,pairflip,0.2,relabel,none,1.0,1004.5,0.0,0.0,45364.666666666664,181363.33333333334,,0.0,0.0,,0.0,0.0,20.008409555082697,20.008409555082697,0.0,0.0,22672.8,0.0,4.5
nsl-kdd,pairflip,0.4,relabel,DT hard_vote,1.0,1004.5,53876.0,55342.666666666664,36713.333333333336,80796.0,0.4932861807227513,0.5947288440759017,0.5392783472256587,0.5941484493659862,48.17167003484632,0.4065200650307676,39.95506998423361,40.83997864953732,5333.633333333333,5534.266666666666,22672.8,7.833333333333333,4.5
nsl-kdd,pairflip,0.4,relabel,DT threshold,1.0,1004.5,53873.0,55339.666666666664,36716.333333333336,80799.0,0.4932858109138123,0.5946957043139017,0.5392645051978185,0.5941484493659862,48.16902369598191,0.40649804623471186,39.95506998423361,40.83865547686285,5333.633333333333,5533.966666666667,22672.8,7.833333333333333,4.5
nsl-kdd,pairflip,0.4,relabel,NB hard_vote,1.0,1004.5,64062.333333333336,72069.0,26527.0,64069.666666666664,0.4707570778481828,0.7072231891215163,0.5652483397096941,0.5332470388865356,60.04169917242498,0.5294193953374845,39.95506998423361,52.93540653332334,4263.900000000001,7206.900000000001,22672.8,16.266666666666666,4.5
nsl-kdd,pairflip,0.4,relabel,NB threshold,1.0,1004.5,53717.666666666664,61377.0,36871.666666666664,74761.66666666667,0.46691133611731667,0.5930122499389013,0.522418913651299,0.5332470388865356,50.763340961603745,0.4508667083475159,39.95506998423361,50.40873465987331,3767.566666666667,6137.7,22672.8,9.033333333333333,4.5
nsl-kdd,pairflip,0.4,relabel,committee consensus,1.0,1004.5,38222.333333333336,29569.666666666668,52367.0,106569.0,0.5639295739545361,0.4219581660953205,0.4827196653897516,0.6096702162521237,29.900144162467452,0.21722059110201034,39.95506998423361,36.343855831442255,3775.7333333333336,2956.9666666666667,22672.8,6.933333333333334,4.5
nsl-kdd,pairflip,0.4,relabel,dual agreement,1.0,1004.5,22447.333333333332,15228.666666666666,68142.0,120910.0,0.5959883381472948,0.24781585332294664,0.3500294609035665,0.6096702162521237,16.617269845613627,0.11187082999253257,39.95506998423361,36.792991073999694,2239.7999999999997,1522.8666666666668,22672.8,1.1333333333333333,4.5
nsl-kdd,pairflip,0.4,relabel,none,1.0,1004.5,0.0,0.0,90589.33333333333,136138.66666666666,,0.0,0.0,,0.0,0.0,39.95506998423361,39.955069984233624,0.0,0.0,22672.8,0.0,4.5
nsl-kdd,symmetric,0.0,relabel,DT hard_vote,1.0,1004.5,0.0,1307.0,0.0,225421.0,0.0,,0.0,,0.5764618372800335,0.005764616633146325,0.0,0.5764618372800335,0.0,130.70000000000002,22672.8,12.866666666666665,4.5
nsl-kdd,symmetric,0.0,relabel,DT threshold,1.0,1004.5,0.0,1304.0,0.0,225424.0,0.0,,0.0,,0.5751386516364522,0.005751384919374758,0.0,0.5751386516364523,0.0,130.4,22672.8,12.866666666666665,4.5
nsl-kdd,symmetric,0.0,relabel,NB hard_vote,1.0,1004.5,0.0,44916.0,0.0,181812.0,0.0,,0.0,,19.81051857339915,0.19810521858791152,0.0,19.81051857339915,0.0,4491.599999999999,22672.8,15.333333333333334,4.5
nsl-kdd,symmetric,0.0,relabel,NB threshold,1.0,1004.5,0.0,28910.0,0.0,197818.0,0.0,,0.0,,12.750960613634845,0.12750961504534067,0.0,12.750960613634845,0.0,2891.0,22672.8,14.5,4.5
nsl-kdd,symmetric,0.0,relabel,committee consensus,1.0,1004.5,0.0,856.0,0.0,225872.0,0.0,,0.0,,0.3775450579559618,0.0037754489961539816,0.0,0.37754505795596177,0.0,85.59999999999998,22672.8,11.466666666666667,4.5
nsl-kdd,symmetric,0.0,relabel,dual agreement,1.0,1004.5,0.0,178.66666666666666,0.0,226549.33333333334,0.0,,0.0,,0.078802250581257,0.0007880220646178092,0.0,0.07880225058125702,0.0,17.866666666666667,22672.8,3.8333333333333335,4.5
nsl-kdd,symmetric,0.0,relabel,none,1.0,1004.5,0.0,0.0,0.0,226728.0,,,,,0.0,0.0,0.0,0.0,0.0,0.0,22672.8,0.0,4.5
nsl-kdd,symmetric,0.1,relabel,DT hard_vote,1.0,1004.5,22319.666666666668,23763.0,485.6666666666667,180159.66666666666,0.48433648750317043,0.978704779609768,0.6479956778548411,0.9390744618272978,20.325088410630585,0.11653006313996302,10.05845499985511,11.787104586462895,1984.3666666666668,2376.2999999999997,22672.8,36.36666666666667,4.5
nsl-kdd,symmetric,0.1,relabel,DT threshold,1.0,1004.5,22319.666666666668,23758.0,485.6666666666667,180164.66666666666,0.4843889769393013,0.978704779609768,0.6480426506549527,0.9390744618272978,20.322883131485856,0.11650554011229457,10.05845499985511,11.784752289573126,1984.3999999999999,2375.7999999999997,22672.8,36.333333333333336,4.5
nsl-kdd,symmetric,0.1,relabel,NB hard_vote,1.0,1004.5,21863.666666666668,108730.33333333333,941.6666666666666,95192.33333333333,0.167506575079338,0.9587085378219783,0.28517020057484505,0.9022868801123614,57.599403313126324,0.5332041195122001,10.05845499985511,53.359371951450356,1055.5,10873.033333333333,22672.8,40.5,4.5
nsl-kdd,symmetric,0.1,relabel,NB threshold,1.0,1004.5,19744.333333333332,88047.0,3061.0,115875.66666666667,0.18316796490054732,0.8658613580818132,0.302362162915595,0.9022868801123614,47.54212140100793,0.43177022993804615,10.05845499985511,44.340191175515606,1032.0666666666666,8804.699999999999,22672.8,0.7000000000000001,4.5
nsl-kdd,symmetric,0.1,relabel,committee consensus,1.0,1004.5,21851.333333333332,13552.666666666666,954.0,190370.0,0.6172956568593237,0.9581728777030141,0.7508428475289421,0.9859442859919142,15.615184911957897,0.06646145116294429,10.05845499985511,7.464890071864701,1943.2666666666667,1355.2333333333333,22672.8,25.133333333333336,4.5
nsl-kdd,symmetric,0.1,relabel,dual agreement,1.0,1004.5,9290.0,696.0,13515.333333333334,203226.66666666666,0.9302634270481573,0.40746364534599033,0.566491475600149,0.9859442859919142,4.404397920417915,0.003413074342909285,10.05845499985511,6.29800029513527,922.1999999999999,69.60000000000001,22672.8,0.0,4.5
nsl-kdd,symmetric,0.1,relabel,none,1.0,1004.5,0.0,0.0,22805.333333333332,203922.66666666666,,0.0,0.0,,0.0,0.0,10.05845499985511,10.05845499985511,0.0,0.0,22672.8,0.0,4.5
nsl-kdd,symmetric,0.2,relabel,DT hard_vote,1.0,1004.5,44662.0,39224.0,702.6666666666666,142139.33333333334,0.5324156809414577,0.9845107517870838,0.6910932964648904,0.88664177462757,36.99851923587127,0.21627504267605457,20.008409555082697,21.697806201364116,3539.366666666667,3922.4,22672.8,22.900000000000002,4.5
nsl-kdd,symmetric,0.2,relabel,DT threshold,1.0,1004.5,44661.333333333336,39221.333333333336,703.3333333333334,142142.0,0.5324288675591281,0.9844960194016138,0.691100777492523,0.88664177462757,36.99704903248266,0.21626033782504958,20.008409555082697,21.696630052919232,3539.366666666667,3922.133333333333,22672.8,22.866666666666664,4.5
nsl-kdd,symmetric,0.2,relabel,NB hard_vote,1.0,1004.5,43973.0,82552.66666666667,1391.6666666666667,98810.66666666667,0.34770834019192703,0.969318425590826,0.5117654176048746,0.9149866348005293,55.80502697038977,0.45516633637862514,20.008409555082697,45.537358184291634,2467.133333333333,8255.266666666668,22672.8,41.63333333333333,4.5
nsl-kdd,symmetric,0.2,relabel,NB threshold,1.0,1004.5,40667.333333333336,70671.66666666667,4697.333333333333,110691.66666666667,0.3653864399478768,0.8964492182014298,0.519117504045655,0.9149866348005293,49.10682455646215,0.3896559746420302,20.008409555082697,40.6286730832494,2391.9666666666667,7067.166666666667,22672.8,0.0,4.5
nsl-kdd,symmetric,0.2,relabel,committee consensus,1.0,1004.5,43745.666666666664,19081.333333333332,1619.0,162282.0,0.6963091412595684,0.9643085139504094,0.8086730568096222,0.9768060655377867,27.710291486231437,0.10520897235309436,20.008409555082697,13.121150809308823,3469.633333333333,1908.1000000000001,22672.8,15.4,4.5
nsl-kdd,symmetric,0.2,relabel,dual agreement,1.0,1004.5,19274.666666666668,939.3333333333334,26090.0,180424.0,0.9534805471953538,0.42485118333552907,0.5877107202403836,0.9768060655377867,8.915533563969625,0.005179067699122891,20.008409555082697,12.01938929705421,1905.2666666666667,93.93333333333334,22672.8,0.0,4.5
nsl-kdd,symmetric,0.2,relabel,none,1.0,1004.5,0.0,0.0,45364.666666666664,181363.33333333334,,0.0,0.0,,0.0,0.0,20.008409555082697,20.008409555082697,0.0,0.0,22672.8,0.0,4.5
nsl-kdd,symmetric,0.4,relabel,DT hard_vote,1.0,1004.5,88740.33333333333,56276.666666666664,1849.0,79862.0,0.6119319647887952,0.9795905122244828,0.753294288011214,0.783175512034529,63.9607820425305,0.41338071118047237,39.95506998423361,41.36968957664834,5306.933333333333,5627.666666666667,22672.8,1.3,4.5
nsl-kdd,symmetric,0.4,relabel,DT threshold,1.0,1004.5,88738.66666666667,56276.333333333336,1850.6666666666667,79862.33333333333,0.6119289013627394,0.9795721053508603,0.7532865275298568,0.783175512034529,63.95989993606025,0.41337826020008017,39.95506998423361,41.36968957664834,5306.900000000001,5627.633333333334,22672.8,1.3,4.5
nsl-kdd,symmetric,0.4,relabel,NB hard_vote,1.0,1004.5,88223.0,60646.333333333336,2366.3333333333335,75492.33333333333,0.5929742754376464,0.9738791010740219,0.7370352936626844,0.9198914506954473,65.65988873360897,0.4454927136396627,39.95506998423361,44.59927033054392,5011.666666666667,6064.633333333334,22672.8,43.800000000000004,4.5
nsl-kdd,symmetric,0.4,relabel,NB threshold,1.0,1004.5,81321.33333333333,52950.0,9268.0,83188.66666666667,0.6060258402605089,0.897684158200303,0.7234764260276734,0.9198914506954473,59.2213351425335,0.3889656540275596,39.95506998423361,42.23299094565746,4778.533333333334,5295.0,22672.8,0.0,4.5
nsl-kdd,symmetric,0.4,relabel,committee consensus,1.0,1004.5,86806.66666666667,26171.333333333332,3782.6666666666665,109967.33333333333,0.7684846436127891,0.9582466776975688,0.8529099699902695,0.9563214188923319,49.82975460549168,0.19224939534955973,39.95506998423361,28.57683029985509,5196.866666666667,2617.1,22672.8,0.7666666666666666,4.5
nsl-kdd,symmetric,0.4,relabel,dual agreement,1.0,1004.5,29495.333333333332,1220.6666666666667,61094.0,134918.0,0.9600797053642364,0.32561461337130587,0.48613049399814434,0.9563214188923319,13.547510109752535,0.008966412333843954,39.95506998423361,27.828500270219028,2871.5,122.06666666666666,22672.8,0.0,4.5
nsl-kdd,symmetric,0.4,relabel,none,1.0,1004.5,0.0,0.0,90589.33333333333,136138.66666666666,,0.0,0.0,,0.0,0.0,39.95506998423361,39.955069984233624,0.0,0.0,22672.8,0.0,4.5
soybean,pairflip,0.0,relabel,DT hard_vote,1.0,1004.5,0.0,531.0,0.0,5616.0,0.0,,0.0,,8.638462964434202,0.08638360175695463,0.0,8.638462964434204,0.0,53.1,614.7,0.0,4.5
soybean,pairflip,0.0,relabel,DT threshold,1.0,1004.5,0.0,530.0,0.0,5617.0,0.0,,0.0,,8.622185146932901,0.08622092077436148,0.0,8.622185146932901,0.0,53.0,614.7,0.0,4.5
soybean,pairflip,0.0,relabel,NB hard_vote,1.0,1004.5,0.0,645.0,0.0,5502.0,0.0,,0.0,,10.492951281304345,0.10492923377257198,0.0,10.492951281304343,0.0,64.5,614.7,0.0,4.5
soybean,pairflip,0.0,relabel,NB threshold,1.0,1004.5,0.0,290.3333333333333,0.0,5856.666666666667,0.0,,0.0,,4.7231182083807814,0.047231711946206824,0.0,4.7231182083807814,0.0,29.03333333333333,614.7,0.0,4.5
soybean,pairflip,0.0,relabel,committee consensus,1.0,1004.5,0.0,261.6666666666667,0.0,5885.333333333333,0.0,,0.0,,4.256843480486922,0.04256819044520362,0.0,4.256843480486922,0.0,26.166666666666668,614.7,0.0,4.5
soybean,pairflip,0.0,relabel,dual agreement,1.0,1004.5,0.0,139.66666666666666,0.0,6007.333333333333,0.0,,0.0,,2.272097313807014,0.022721110568841168,0.0,2.272097313807014,0.0,13.966666666666667,614.7,0.0,4.5
soybean,pairflip,0.0,relabel,none,1.0,1004.5,0.0,0.0,0.0,6147.0,,,,,0.0,0.0,0.0,0.0,0.0,0.0,614.7,0.0,4.5
soybean,pairflip,0.1,relabel,DT hard_vote,1.0,1004.5,530.0,1049.0,68.66666666666667,4499.333333333333,0.3356907472761131,0.8853100971375146,0.48677943888235203,0.8509859848345617,25.68729641693811,0.1890651562329583,9.739069410238077,19.06082995683377,47.6,104.89999999999999,614.7,0.4666666666666666,4.5
soybean,pairflip,0.1,relabel,DT threshold,1.0,1004.5,523.0,1043.6666666666667,75.66666666666667,4504.666666666667,0.33384970983373136,0.8736313453746193,0.48305962016466225,0.8509859848345617,25.48666613701967,0.1881038704591528,9.739069410238077,19.082483691286424,46.93333333333334,104.36666666666667,614.7,0.43333333333333335,4.5
soybean,pairflip,0.1,relabel,NB hard_vote,1.0,1004.5,589.6666666666666,693.0,9.0,4855.333333333333,0.4597540590227919,0.98496094365353,0.6268811288161339,0.9832562902760769,20.86626413495405,0.1249023685060117,9.739069410238077,12.618424653301908,51.6,69.3,614.7,2.8333333333333335,4.5
soybean,pairflip,0.1,relabel,NB threshold,1.0,1004.5,550.6666666666666,475.6666666666667,48.0,5072.666666666667,0.5366712243845388,0.9198130934770309,0.6777975323521325,0.9832562902760769,16.69597380012888,0.08573151648257621,9.739069410238077,9.332159282504877,50.06666666666666,47.56666666666666,614.7,1.7666666666666666,4.5
soybean,pairflip,0.1,relabel,committee consensus,1.0,1004.5,530.0,314.3333333333333,68.66666666666667,5234.0,0.6277745583266836,0.8853035861928825,0.7346104735385728,0.9738666424398161,13.735529602853033,0.05665397021863991,9.739069410238077,7.114492024399072,47.56666666666666,31.433333333333334,614.7,0.3333333333333333,4.5
soybean,pairflip,0.1,relabel,dual agreement,1.0,1004.5,437.0,114.33333333333333,161.66666666666666,5434.0,0.7927963960956425,0.7299576718688975,0.7599843324168898,0.9738666424398161,8.969033305968239,0.020606825920557733,9.739069410238077,4.750324408781547,42.1,11.433333333333332,614.7,0.0,4.5
soybean,pairflip,0.1,relabel,none,1.0,1004.5,0.0,0.0,598.6666666666666,5548.333333333333,,0.0,0.0,,0.0,0.0,9.739069410238077,9.739069410238077,0.0,0.0,614.7,0.0,4.5
soybean,pairflip,0.2,relabel,DT hard_vote,1.0,1004.5,961.0,1370.3333333333333,269.0,3546.6666666666665,0.4122906806192519,0.781575602393383,0.539728060302139,0.7491322001258971,37.926184864454505,0.27869273735399475,20.00974550462117,28.409514225435412,85.39999999999999,137.03333333333333,614.7,0.7333333333333334,4.5
soybean,pairflip,0.2,relabel,DT threshold,1.0,1004.5,940.3333333333334,1366.6666666666667,289.6666666666667,3550.3333333333335,0.4076900944766499,0.764742371206215,0.5317542719535172,0.7491322001258971,37.530370841167695,0.2779463471084628,20.00974550462117,28.675211638109868,83.39999999999999,136.66666666666666,614.7,0.7000000000000001,4.5
soybean,pairflip,0.2,relabel,NB hard_vote,1.0,1004.5,1153.0,851.3333333333334,77.0,4065.6666666666665,0.5752204475115009,0.9373630566945627,0.7129286657343253,0.9549121866737654,32.60665766266783,0.17314131962347382,20.00974550462117,17.99769603559228,97.5,85.13333333333334,614.7,10.766666666666666,4.5
soybean,pairflip,0.2,relabel,NB threshold,1.0,1004.5,1092.3333333333333,676.6666666666666,137.66666666666666,4240.333333333333,0.6174400984566698,0.8880452577557447,0.7284139025855673,0.9549121866737654,28.77816618557065,0.13762123939862103,20.00974550462117,15.421925619907663,95.86666666666667,67.66666666666667,614.7,5.566666666666666,4.5
soybean,pairflip,0.2,relabel,committee consensus,1.0,1004.5,939.6666666666666,412.3333333333333,290.3333333333333,4504.666666666667,0.6950547794927836,0.7641782169618284,0.7279205965063286,0.9194384993764881,21.994306294854482,0.08386666431049015,20.00974550462117,13.17168507189958,83.26666666666667,41.233333333333334,614.7,0.5666666666666667,4.5
soybean,pairflip,0.2,relabel,dual agreement,1.0,1004.5,735.0,126.0,495.0,4791.0,0.8536319421175736,0.5977735841155584,0.7030776385410115,0.9194384993764881,14.006779481475597,0.025626125847812157,20.00974550462117,10.433224755700325,71.46666666666667,12.6,614.7,0.06666666666666667,4.5
soybean,pairflip,0.2,relabel,none,1.0,1004.5,0.0,0.0,1230.0,4917.0,,0.0,0.0,,0.0,0.0,20.00974550462117,20.00974550462117,0.0,0.0,614.7,0.0,4.5
soybean,pairflip,0.4,relabel,DT hard_vote,1.0,1004.5,1523.0,1631.3333333333333,909.3333333333334,2083.3333333333335,0.48282706857621466,0.626270615479986,0.5452507907204104,0.58214500270519,51.314477900479325,0.43924207718726915,39.56942347925108,44.850639548740766,130.66666666666666,163.13333333333333,614.7,3.0,4.5
soybean,pairflip,0.4,relabel,DT threshold,1.0,1004.5,1500.6666666666667,1630.3333333333333,931.6666666666666,2084.3333333333335,0.4792864592777981,0.6170721633635953,0.5394987664112928,0.58214500270519,50.934809282946254,0.43897130151245367,39.56942347925108,45.197770186170914,128.43333333333334,163.03333333333333,614.7,2.9,4.5
soybean,pairflip,0.4,relabel,NB hard_vote,1.0,1004.5,1891.3333333333333,1272.6666666666667,541.0,2442.0,0.5978158373821847,0.7776075045905327,0.6759570229567656,0.7640189669840982,51.47234801338241,0.3427486666040392,39.56942347925108,36.31526354351492,147.26666666666668,127.26666666666667,614.7,16.3,4.5
soybean,pairflip,0.4,relabel,NB threshold,1.0,1004.5,1795.0,1121.0,637.3333333333334,2593.6666666666665,0.6156431520331727,0.7379812116855261,0.6712720535410218,0.7640189669840982,47.437779719816746,0.3019194021181924,39.56942347925108,34.18413177617118,145.20000000000002,112.10000000000001,614.7,9.533333333333333,4.5
soybean,pairflip,0.4,relabel,committee consensus,1.0,1004.5,1306.3333333333333,714.0,1126.0,3000.6666666666665,0.6466186408795884,0.5372065763379397,0.586834001760644,0.7117555596067446,32.8665995780479,0.19229088920774232,39.56942347925108,33.25128218708897,110.23333333333333,71.39999999999999,614.7,1.4666666666666668,4.5
soybean,pairflip,0.4,relabel,dual agreement,1.0,1004.5,921.6666666666666,353.6666666666667,1510.6666666666667,3361.0,0.7229326826896174,0.37895835960884816,0.49724805847713166,0.7117555596067446,20.747137699390024,0.09528551294761017,39.56942347925108,30.898104746519778,88.66666666666667,35.36666666666667,614.7,0.43333333333333335,4.5
soybean,pairflip,0.4,relabel,none,1.0,1004.5,0.0,0.0,2432.3333333333335,3714.6666666666665,,0.0,0.0,,0.0,0.0,39.56942347925108,39.56942347925108,0.0,0.0,614.7,0.0,4.5
soybean,symmetric,0.0,relabel,DT hard_vote,1.0,1004.5,0.0,531.0,0.0,5616.0,0.0,,0.0,,8.638462964434202,0.08638360175695463,0.0,8.638462964434204,0.0,53.1,614.7,0.0,4.5
soybean,symmetric,0.0,relabel,DT threshold,1.0,1004.5,0.0,530.0,0.0,5617.0,0.0,,0.0,,8.622185146932901,0.08622092077436148,0.0,8.622185146932901,0.0,53.0,614.7,0.0,4.5
soybean,symmetric,0.0,relabel,NB hard_vote,1.0,1004.5,0.0,645.0,0.0,5502.0,0.0,,0.0,,10.492951281304345,0.10492923377257198,0.0,10.492951281304343,0.0,64.5,614.7,0.0,4.5
soybean,symmetric,0.0,relabel,NB threshold,1.0,1004.5,0.0,290.3333333333333,0.0,5856.666666666667,0.0,,0.0,,4.7231182083807814,0.047231711946206824,0.0,4.7231182083807814,0.0,29.03333333333333,614.7,0.0,4.5
soybean,symmetric,0.0,relabel,committee consensus,1.0,1004.5,0.0,261.6666666666667,0.0,5885.333333333333,0.0,,0.0,,4.256843480486922,0.04256819044520362,0.0,4.256843480486922,0.0,26.166666666666668,614.7,0.0,4.5
soybean,symmetric,0.0,relabel,dual agreement,1.0,1004.5,0.0,139.66666666666666,0.0,6007.333333333333,0.0,,0.0,,2.272097313807014,0.022721110568841168,0.0,2.272097313807014,0.0,13.966666666666667,614.7,0.0,4.5
soybean,symmetric,0.0,relabel,none,1.0,1004.5,0.0,0.0,0.0,6147.0,,,,,0.0,0.0,0.0,0.0,0.0,0.0,614.7,0.0,4.5
soybean,symmetric,0.1,relabel,DT hard_vote,1.0,1004.5,590.0,1110.6666666666667,8.666666666666666,4437.666666666667,0.3469520639393992,0.9855360413643063,0.5132201712159418,0.8992732637006641,27.66614584712622,0.20018054404457075,9.739069410238077,20.07983545633502,47.5,111.06666666666666,614.7,0.6,4.5
soybean,symmetric,0.1,relabel,DT threshold,1.0,1004.5,581.3333333333334,1064.3333333333333,17.333333333333332,4484.0,0.3532549052129426,0.9710590421967004,0.5180512116916343,0.8992732637006641,26.771519115842626,0.1918296513504079,9.739069410238077,19.402090340121642,47.03333333333333,106.43333333333334,614.7,0.5666666666666667,4.5
soybean,symmetric,0.1,relabel,NB hard_vote,1.0,1004.5,595.0,659.0,3.6666666666666665,4889.333333333333,0.4744911271114905,0.993875876320948,0.6423226395765796,0.9892106516377984,20.399980579610357,0.11877426112574947,9.739069410238077,11.826840743977472,53.06666666666666,65.89999999999999,614.7,0.39999999999999997,4.5
soybean,symmetric,0.1,relabel,NB threshold,1.0,1004.5,563.6666666666666,466.3333333333333,35.0,5082.0,0.5473419946801994,0.9415364757379926,0.692206717167878,0.9892106516377984,16.75608873352577,0.08404899032731143,9.739069410238077,8.90957160385936,51.73333333333333,46.63333333333333,614.7,0.3,4.5
soybean,symmetric,0.1,relabel,committee consensus,1.0,1004.5,590.6666666666666,307.0,8.0,5241.333333333333,0.6581262600684187,0.9866480892684532,0.7895399034196126,0.9951347387236834,14.603153165082139,0.0553321509110663,9.739069410238077,6.875868400377815,48.300000000000004,30.7,614.7,0.16666666666666666,4.5
soybean,symmetric,0.1,relabel,dual agreement,1.0,1004.5,452.3333333333333,125.66666666666667,146.33333333333334,5422.666666666667,0.7825274924661966,0.7555522464856278,0.7687488463629166,0.9951347387236834,9.402884810607064,0.02264930105419889,9.739069410238077,4.696000282478395,43.56666666666666,12.566666666666668,614.7,0.0,4.5
soybean,symmetric,0.1,relabel,none,1.0,1004.5,0.0,0.0,598.6666666666666,5548.333333333333,,0.0,0.0,,0.0,0.0,9.739069410238077,9.739069410238077,0.0,0.0,614.7,0.0,4.5
soybean,symmetric,0.2,relabel,DT hard_vote,1.0,1004.5,1185.0,1507.6666666666667,45.0,3409.3333333333335,0.44008658130589184,0.9634959682864478,0.6041949657837188,0.8412497444647332,43.804657362534535,0.3066429714540339,20.00974550462117,31.24007132579469,81.73333333333333,150.76666666666668,614.7,2.733333333333333,4.5
soybean,symmetric,0.2,relabel,DT threshold,1.0,1004.5,1162.0,1459.6666666666667,68.0,3457.3333333333335,0.4432287937565034,0.9447836931912866,0.6033810613711759,0.8412497444647332,42.649735617877354,0.29687848047294435,20.00974550462117,30.621893841088248,80.73333333333333,145.96666666666667,614.7,2.5,4.5
soybean,symmetric,0.2,relabel,NB hard_vote,1.0,1004.5,1216.6666666666667,643.3333333333334,13.333333333333334,4273.666666666667,0.6541881294155231,0.9892367541032773,0.787475622686765,0.9863130769427212,30.25878551945129,0.13082497985886168,20.00974550462117,13.12308113309146,106.66666666666667,64.33333333333333,614.7,2.6999999999999997,4.5
soybean,symmetric,0.2,relabel,NB threshold,1.0,1004.5,1157.3333333333333,494.6666666666667,72.66666666666667,4422.333333333333,0.7005883019862776,0.9409510351245988,0.8031412162525559,0.9863130769427212,26.874923863245147,0.10060468207658625,20.00974550462117,11.040685716303416,104.60000000000001,49.46666666666667,614.7,1.7,4.5
soybean,symmetric,0.2,relabel,committee consensus,1.0,1004.5,1192.3333333333333,356.6666666666667,37.666666666666664,4560.333333333333,0.7698052319011127,0.969472205932593,0.8581451944845715,0.9884499646705637,25.199465056539818,0.07254126715279284,20.00974550462117,12.016772154692234,84.8,35.666666666666664,614.7,1.2,4.5
soybean,symmetric,0.2,relabel,dual agreement,1.0,1004.5,759.3333333333334,112.33333333333333,470.6666666666667,4804.666666666667,0.8710597765151123,0.617232858071196,0.7224877771657621,0.9884499646705637,14.180380109990026,0.02284719191749295,20.00974550462117,9.815056098443721,73.89999999999999,11.233333333333334,614.7,0.0,4.5
soybean,symmetric,0.2,relabel,none,1.0,1004.5,0.0,0.0,1230.0,4917.0,,0.0,0.0,,0.0,0.0,20.00974550462117,20.00974550462117,0.0,0.0,614.7,0.0,4.5
soybean,symmetric,0.4,relabel,DT hard_vote,1.0,1004.5,2269.6666666666665,1815.6666666666667,162.66666666666666,1899.0,0.5555174655720946,0.9330747476092646,0.6964130369030856,0.7443832371642807,66.46051040314963,0.4888660186507494,39.56942347925108,50.00269237220059,117.43333333333334,181.5666666666667,614.7,12.166666666666666,4.5
soybean,symmetric,0.4,relabel,DT threshold,1.0,1004.5,2265.0,1804.3333333333333,167.33333333333334,1910.3333333333333,0.5565432820294417,0.9311190621053268,0.6966730797092938,0.7443832371642807,66.20024187212556,0.48581966769420837,39.56942347925108,49.829162363284865,117.36666666666667,180.4333333333333,614.7,11.9,4.5
soybean,symmetric,0.4,relabel,NB hard_vote,1.0,1004.5,2386.3333333333335,580.6666666666666,46.0,3134.0,0.8042580746385127,0.9811313203832918,0.8839230298455508,0.9808628000951033,48.26750703989125,0.15632282484021062,39.56942347925108,17.043236849306602,196.53333333333333,58.06666666666666,614.7,10.933333333333332,4.5
soybean,symmetric,0.4,relabel,NB threshold,1.0,1004.5,2303.3333333333335,494.3333333333333,129.0,3220.3333333333335,0.8232887020820087,0.9469678201091386,0.8808073009927311,0.9808628000951033,45.51263649444312,0.13310505910439765,39.56942347925108,15.899058111102283,194.9333333333333,49.43333333333334,614.7,6.633333333333333,4.5
soybean,symmetric,0.4,relabel,committee consensus,1.0,1004.5,2324.0,427.3333333333333,108.33333333333333,3287.3333333333335,0.8446558792572442,0.9554617428199123,0.8966376744084892,0.972720229659333,44.75902827432183,0.11504023123073098,39.56942347925108,25.823053767996964,127.2,42.699999999999996,614.7,5.366666666666667,4.5
soybean,symmetric,0.4,relabel,dual agreement,1.0,1004.5,1116.6666666666667,86.33333333333333,1315.6666666666667,3628.3333333333335,0.9282705580763855,0.45921850623427085,0.6144193862962123,0.972720229659333,19.57059753007954,0.023254205226187374,39.56942347925108,23.6265723895024,106.63333333333333,8.633333333333333,614.7,0.0,4.5
soybean,symmetric,0.4,relabel,none,1.0,1004.5,0.0,0.0,2432.3333333333335,3714.6666666666665,,0.0,0.0,,0.0,0.0,39.56942347925108,39.56942347925108,0.0,0.0,614.7,0.0,4.5
tic-tac-toe,pairflip,0.0,relabel,DT hard_vote,1.0,1004.5,0.0,575.6666666666666,0.0,8046.333333333333,0.0,,0.0,,6.6766455260028374,0.0667671847212557,0.0,6.6766455260028374,0.0,57.56666666666666,862.2000000000002,0.0,4.5
tic-tac-toe,pairflip,0.0,relabel,DT threshold,1.0,1004.5,0.0,575.6666666666666,0.0,8046.333333333333,0.0,,0.0,,6.6766455260028374,0.0667671847212557,0.0,6.6766455260028374,0.0,57.56666666666666,862.2000000000002,0.0,4.5
tic-tac-toe,pairflip,0.0,relabel,NB hard_vote,1.0,1004.5,0.0,2689.6666666666665,0.0,5932.333333333333,0.0,,0.0,,31.19548706422586,0.31195391633805,0.0,31.19548706422586,0.0,268.96666666666664,862.2000000000002,0.0,4.5
tic-tac-toe,pairflip,0.0,relabel,NB threshold,1.0,1004.5,0.0,1985.6666666666667,0.0,6636.333333333333,0.0,,0.0,,23.030279811338172,0.23030232737957165,0.0,23.030279811338172,0.0,198.5666666666667,862.2000000000002,0.0,4.5
tic-tac-toe,pairflip,0.0,relabel,committee consensus,1.0,1004.5,0.0,322.6666666666667,0.0,8299.333333333334,0.0,,0.0,,3.7422873320016237,0.03742364493930256,0.0,3.7422873320016237,0.0,32.26666666666667,862.2000000000002,0.0,4.5
tic-tac-toe,pairflip,0.0,relabel,dual agreement,1.0,1004.5,0.0,260.0,0.0,8362.0,0.0,,0.0,,3.0154974777279206,0.03015541637671074,0.0,3.0154974777279206,0.0,26.0,862.2000000000002,0.0,4.5
tic-tac-toe,pairflip,0.0,relabel,none,1.0,1004.5,0.0,0.0,0.0,8622.0,,,,,0.0,0.0,0.0,0.0,0.0,0.0,862.2000000000002,0.0,4.5
tic-tac-toe,pairflip,0.1,relabel,DT hard_vote,1.0,1004.5,684.6666666666666,1355.3333333333333,151.33333333333334,6430.666666666667,0.33560487540244205,0.8193296069158743,0.47610495065613545,0.8233808056169831,23.660386303287424,0.1740711949707405,9.696099596812859,17.474667498312957,68.46666666666665,135.53333333333333,862.2000000000002,0.0,4.5
tic-tac-toe,pairflip,0.1,relabel,DT threshold,1.0,1004.5,684.6666666666666,1355.3333333333333,151.33333333333334,6430.666666666667,0.33560487540244205,0.8193296069158743,0.47610495065613545,0.8233808056169831,23.660386303287424,0.1740711949707405,9.696099596812859,17.474667498312957,68.46666666666665,135.53333333333333,862.2000000000002,0.0,4.5
tic-tac-toe,pairflip,0.1,relabel,NB hard_vote,1.0,1004.5,570.3333333333334,2434.3333333333335,265.6666666666667,5351.666666666667,0.18982064349864092,0.6825067898523907,0.29699567451688713,0.781214115473918,34.84868607951363,0.31265084486620237,9.696099596812859,31.315166163466888,57.03333333333333,243.4333333333333,862.2000000000002,0.0,4.5
tic-tac-toe,pairflip,0.1,relabel,NB threshold,1.0,1004.5,466.6666666666667,1871.6666666666667,369.3333333333333,5914.333333333333,0.1995513924012653,0.5585788322796198,0.29400203969658306,0.781214115473918,27.120460559981144,0.24038504190585472,9.696099596812859,25.991608258749537,46.666666666666664,187.16666666666666,862.2000000000002,0.0,4.5
tic-tac-toe,pairflip,0.1,relabel,committee consensus,1.0,1004.5,479.0,574.0,357.0,7212.0,0.4548332531215109,0.5734369893571238,0.5072008880796174,0.8947699608440537,12.212945363168643,0.07372365880589492,9.696099596812859,10.797990606340049,47.9,57.4,862.2000000000002,0.0,4.5
tic-tac-toe,pairflip,0.1,relabel,dual agreement,1.0,1004.5,394.0,452.3333333333333,442.0,7333.666666666667,0.46534782437507455,0.471752335277309,0.46842246098970614,0.8947699608440537,9.815957930168596,0.05809727690848321,9.696099596812859,10.372668052146373,39.4,45.23333333333333,862.2000000000002,0.0,4.5
tic-tac-toe,pairflip,0.1,relabel,none,1.0,1004.5,0.0,0.0,836.0,7786.0,,0.0,0.0,,0.0,0.0,9.696099596812859,9.696099596812859,0.0,0.0,862.2000000000002,0.0,4.5
tic-tac-toe,pairflip,0.2,relabel,DT hard_vote,1.0,1004.5,1231.6666666666667,1922.6666666666667,487.0,4980.666666666667,0.39046877583022005,0.7166564078903369,0.5054990370468911,0.7190299778948827,36.58474323368812,0.27851000938969794,19.93353550941472,27.94780523345692,123.16666666666667,192.26666666666665,862.2000000000002,0.0,4.5
tic-tac-toe,pairflip,0.2,relabel,DT threshold,1.0,1004.5,1231.6666666666667,1922.6666666666667,487.0,4980.666666666667,0.39046877583022005,0.7166564078903369,0.5054990370468911,0.7190299778948827,36.58474323368812,0.27851000938969794,19.93353550941472,27.94780523345692,123.16666666666667,192.26666666666665,862.2000000000002,0.0,4.5
tic-tac-toe,pairflip,0.2,relabel,NB hard_vote,1.0,1004.5,1169.3333333333333,2205.6666666666665,549.3333333333334,4697.666666666667,0.34649185687354983,0.6804373319434359,0.45913257718520367,0.7651422129511163,39.14399579158299,0.31950138922155086,19.93353550941472,31.95302901172997,116.93333333333334,220.5666666666667,862.2000000000002,0.0,4.5
tic-tac-toe,pairflip,0.2,relabel,NB threshold,1.0,1004.5,970.0,1761.0,748.6666666666666,5142.333333333333,0.35516377713757175,0.5645134679141816,0.435933875523627,0.7651422129511163,31.674660508182484,0.25508735778596503,19.93353550941472,29.107530610946366,97.0,176.1,862.2000000000002,0.0,4.5
tic-tac-toe,pairflip,0.2,relabel,committee consensus,1.0,1004.5,877.6666666666666,755.3333333333334,841.0,6148.0,0.5374603994429565,0.5107179869727051,0.523728987303758,0.8162062272281178,18.939996003079244,0.1094184491775267,19.93353550941472,18.514633121209755,87.76666666666665,75.53333333333333,862.2000000000002,0.0,4.5
tic-tac-toe,pairflip,0.2,relabel,dual agreement,1.0,1004.5,730.6666666666666,617.6666666666666,988.0,6285.666666666667,0.541896358637175,0.42522978226416536,0.4764088604921528,0.8162062272281178,15.638337818667054,0.08947332572565521,19.93353550941472,18.622939815872797,73.06666666666666,61.76666666666667,862.2000000000002,0.0,4.5
tic-tac-toe,pairflip,0.2,relabel,none,1.0,1004.5,0.0,0.0,1718.6666666666667,6903.333333333333,,0.0,0.0,,0.0,0.0,19.93353550941472,19.93353550941472,0.0,0.0,862.2000000000002,0.0,4.5
tic-tac-toe,pairflip,0.4,relabel,DT hard_vote,1.0,1004.5,1925.6666666666667,2260.0,1498.0,2938.3333333333335,0.460003324399011,0.5623803028774645,0.5060658710121245,0.5638068523946913,48.546505427657074,0.43475325120607217,39.708475712433206,43.586210264916986,192.5666666666667,226.0,862.2000000000002,0.0,4.5
tic-tac-toe,pairflip,0.4,relabel,DT threshold,1.0,1004.5,1925.6666666666667,2260.0,1498.0,2938.3333333333335,0.460003324399011,0.5623803028774645,0.5060658710121245,0.5638068523946913,48.546505427657074,0.43475325120607217,39.708475712433206,43.586210264916986,192.5666666666667,226.0,862.2000000000002,0.0,4.5
tic-tac-toe,pairflip,0.4,relabel,NB hard_vote,1.0,1004.5,2077.3333333333335,2021.0,1346.3333333333333,3177.3333333333335,0.5068462128695468,0.6066818054752224,0.552275383115545,0.6499953834163419,47.53359071352205,0.3888205389935356,39.708475712433206,39.055476543183325,207.73333333333335,202.1,862.2000000000002,0.0,4.5
tic-tac-toe,pairflip,0.4,relabel,NB threshold,1.0,1004.5,1850.6666666666667,1851.6666666666667,1573.0,3346.6666666666665,0.49968699049037374,0.5403622393116765,0.5191045405953849,0.6499953834163419,42.940626907163,0.3562647472159713,39.708475712433206,39.72043510873686,185.0666666666667,185.16666666666666,862.2000000000002,0.0,4.5
tic-tac-toe,pairflip,0.4,relabel,committee consensus,1.0,1004.5,1255.0,1009.3333333333334,2168.6666666666665,4189.0,0.5540591820290911,0.3664939119134798,0.44114035668520324,0.6333712282265748,26.26245789118518,0.1941717138232104,39.708475712433206,36.85941503361985,125.5,100.93333333333334,862.2000000000002,0.0,4.5
tic-tac-toe,pairflip,0.4,relabel,dual agreement,1.0,1004.5,1126.0,931.6666666666666,2297.6666666666665,4266.666666666667,0.5468747025934962,0.3287624087505971,0.41059931393716464,0.6333712282265748,23.86543461136219,0.17924001192458916,39.708475712433206,37.4547949158451,112.60000000000001,93.16666666666667,862.2000000000002,0.0,4.5
tic-tac-toe,pairflip,0.4,relabel,none,1.0,1004.5,0.0,0.0,3423.6666666666665,5198.333333333333,,0.0,0.0,,0.0,0.0,39.708475712433206,39.708475712433206,0.0,0.0,862.2000000000002,0.0,4.5
tic-tac-toe,symmetric,0.0,relabel,DT hard_vote,1.0,1004.5,0.0,575.6666666666666,0.0,8046.333333333333,0.0,,0.0,,6.6766455260028374,0.0667671847212557,0.0,6.6766455260028374,0.0,57.56666666666666,862.2000000000002,0.0,4.5
tic-tac-toe,symmetric,0.0,relabel,DT threshold,1.0,1004.5,0.0,575.6666666666666,0.0,8046.333333333333,0.0,,0.0,,6.6766455260028374,0.0667671847212557,0.0,6.6766455260028374,0.0,57.56666666666666,862.2000000000002,0.0,4.5
tic-tac-toe,symmetric,0.0,relabel,NB hard_vote,1.0,1004.5,0.0,2689.6666666666665,0.0,5932.333333333333,0.0,,0.0,,31.19548706422586,0.31195391633805,0.0,31.19548706422586,0.0,268.96666666666664,862.2000000000002,0.0,4.5
tic-tac-toe,symmetric,0.0,relabel,NB threshold,1.0,1004.5,0.0,1985.6666666666667,0.0,6636.333333333333,0.0,,0.0,,23.030279811338172,0.23030232737957165,0.0,23.030279811338172,0.0,198.5666666666667,862.2000000000002,0.0,4.5
tic-tac-toe,symmetric,0.0,relabel,committee consensus,1.0,1004.5,0.0,322.6666666666667,0.0,8299.333333333334,0.0,,0.0,,3.7422873320016237,0.03742364493930256,0.0,3.7422873320016237,0.0,32.26666666666667,862.2000000000002,0.0,4.5
tic-tac-toe,symmetric,0.0,relabel,dual agreement,1.0,1004.5,0.0,260.0,0.0,8362.0,0.0,,0.0,,3.0154974777279206,0.03015541637671074,0.0,3.0154974777279206,0.0,26.0,862.2000000000002,0.0,4.5
tic-tac-toe,symmetric,0.0,relabel,none,1.0,1004.5,0.0,0.0,0.0,8622.0,,,,,0.0,0.0,0.0,0.0,0.0,0.0,862.2000000000002,0.0,4.5
tic-tac-toe,symmetric,0.1,relabel,DT hard_vote,1.0,1004.5,684.6666666666666,1355.3333333333333,151.33333333333334,6430.666666666667,0.33560487540244205,0.8193296069158743,0.47610495065613545,0.8233808056169831,23.660386303287424,0.1740711949707405,9.696099596812859,17.474667498312957,68.46666666666665,135.53333333333333,862.2000000000002,0.0,4.5
tic-tac-toe,symmetric,0.1,relabel,DT threshold,1.0,1004.5,684.6666666666666,1355.3333333333333,151.33333333333334,6430.666666666667,0.33560487540244205,0.8193296069158743,0.47610495065613545,0.8233808056169831,23.660386303287424,0.1740711949707405,9.696099596812859,17.474667498312957,68.46666666666665,135.53333333333333,862.2000000000002,0.0,4.5
tic-tac-toe,symmetric,0.1,relabel,NB hard_vote,1.0,1004.5,570.3333333333334,2434.3333333333335,265.6666666666667,5351.666666666667,0.18982064349864092,0.6825067898523907,0.29699567451688713,0.781214115473918,34.84868607951363,0.31265084486620237,9.696099596812859,31.315166163466888,57.03333333333333,243.4333333333333,862.2000000000002,0.0,4.5
tic-tac-toe,symmetric,0.1,relabel,NB threshold,1.0,1004.5,466.6666666666667,1871.6666666666667,369.3333333333333,5914.333333333333,0.1995513924012653,0.5585788322796198,0.29400203969658306,0.781214115473918,27.120460559981144,0.24038504190585472,9.696099596812859,25.991608258749537,46.666666666666664,187.16666666666666,862.2000000000002,0.0,4.5
tic-tac-toe,symmetric,0.1,relabel,committee consensus,1.0,1004.5,479.0,574.0,357.0,7212.0,0.4548332531215109,0.5734369893571238,0.5072008880796174,0.8947699608440537,12.212945363168643,0.07372365880589492,9.696099596812859,10.797990606340049,47.9,57.4,862.2000000000002,0.0,4.5
tic-tac-toe,symmetric,0.1,relabel,dual agreement,1.0,1004.5,394.0,452.3333333333333,442.0,7333.666666666667,0.46534782437507455,0.471752335277309,0.46842246098970614,0.8947699608440537,9.815957930168596,0.05809727690848321,9.696099596812859,10.372668052146373,39.4,45.23333333333333,862.2000000000002,0.0,4.5
tic-tac-toe,symmetric,0.1,relabel,none,1.0,1004.5,0.0,0.0,836.0,7786.0,,0.0,0.0,,0.0,0.0,9.696099596812859,9.696099596812859,0.0,0.0,862.2000000000002,0.0,4.5
tic-tac-toe,symmetric,0.2,relabel,DT hard_vote,1.0,1004.5,1231.6666666666667,1922.6666666666667,487.0,4980.666666666667,0.39046877583022005,0.7166564078903369,0.5054990370468911,0.7190299778948827,36.58474323368812,0.27851000938969794,19.93353550941472,27.94780523345692,123.16666666666667,192.26666666666665,862.2000000000002,0.0,4.5
tic-tac-toe,symmetric,0.2,relabel,DT threshold,1.0,1004.5,1231.6666666666667,1922.6666666666667,487.0,4980.666666666667,0.39046877583022005,0.7166564078903369,0.5054990370468911,0.7190299778948827,36.58474323368812,0.27851000938969794,19.93353550941472,27.94780523345692,123.16666666666667,192.26666666666665,862.2000000000002,0.0,4.5
tic-tac-toe,symmetric,0.2,relabel,NB hard_vote,1.0,1004.5,1169.3333333333333,2205.6666666666665,549.3333333333334,4697.666666666667,0.34649185687354983,0.6804373319434359,0.45913257718520367,0.7651422129511163,39.14399579158299,0.31950138922155086,19.93353550941472,31.95302901172997,116.93333333333334,220.5666666666667,862.2000000000002,0.0,4.5
tic-tac-toe,symmetric,0.2,relabel,NB threshold,1.0,1004.5,970.0,1761.0,748.6666666666666,5142.333333333333,0.35516377713757175,0.5645134679141816,0.435933875523627,0.7651422129511163,31.674660508182484,0.25508735778596503,19.93353550941472,29.107530610946366,97.0,176.1,862.2000000000002,0.0,4.5
tic-tac-toe,symmetric,0.2,relabel,committee consensus,1.0,1004.5,877.6666666666666,755.3333333333334,841.0,6148.0,0.5374603994429565,0.5107179869727051,0.523728987303758,0.8162062272281178,18.939996003079244,0.1094184491775267,19.93353550941472,18.514633121209755,87.76666666666665,75.53333333333333,862.2000000000002,0.0,4.5
tic-tac-toe,symmetric,0.2,relabel,dual agreement,1.0,1004.5,730.6666666666666,617.6666666666666,988.0,6285.666666666667,0.541896358637175,0.42522978226416536,0.4764088604921528,0.8162062272281178,15.638337818667054,0.08947332572565521,19.93353550941472,18.622939815872797,73.06666666666666,61.76666666666667,862.2000000000002,0.0,4.5
tic-tac-toe,symmetric,0.2,relabel,none,1.0,1004.5,0.0,0.0,1718.6666666666667,6903.333333333333,,0.0,0.0,,0.0,0.0,19.93353550941472,19.93353550941472,0.0,0.0,862.2000000000002,0.0,4.5
tic-tac-toe,symmetric,0.4,relabel,DT hard_vote,1.0,1004.5,1925.6666666666667,2260.0,1498.0,2938.3333333333335,0.460003324399011,0.5623803028774645,0.5060658710121245,0.5638068523946913,48.546505427657074,0.43475325120607217,39.708475712433206,43.586210264916986,192.5666666666667,226.0,862.2000000000002,0.0,4.5
tic-tac-toe,symmetric,0.4,relabel,DT threshold,1.0,1004.5,1925.6666666666667,2260.0,1498.0,2938.3333333333335,0.460003324399011,0.5623803028774645,0.5060658710121245,0.5638068523946913,48.546505427657074,0.43475325120607217,39.708475712433206,43.586210264916986,192.5666666666667,226.0,862.2000000000002,0.0,4.5
tic-tac-toe,symmetric,0.4,relabel,NB hard_vote,1.0,1004.5,2077.3333333333335,2021.0,1346.3333333333333,3177.3333333333335,0.5068462128695468,0.6066818054752224,0.552275383115545,0.6499953834163419,47.53359071352205,0.3888205389935356,39.708475712433206,39.055476543183325,207.73333333333335,202.1,862.2000000000002,0.0,4.5
tic-tac-toe,symmetric,0.4,relabel,NB threshold,1.0,1004.5,1850.6666666666667,1851.6666666666667,1573.0,3346.6666666666665,0.49968699049037374,0.5403622393116765,0.5191045405953849,0.6499953834163419,42.940626907163,0.3562647472159713,39.708475712433206,39.72043510873686,185.0666666666667,185.16666666666666,862.2000000000002,0.0,4.5
tic-tac-toe,symmetric,0.4,relabel,committee consensus,1.0,1004.5,1255.0,1009.3333333333334,2168.6666666666665,4189.0,0.5540591820290911,0.3664939119134798,0.44114035668520324,0.6333712282265748,26.26245789118518,0.1941717138232104,39.708475712433206,36.85941503361985,125.5,100.93333333333334,862.2000000000002,0.0,4.5
tic-tac-toe,symmetric,0.4,relabel,dual agreement,1.0,1004.5,1126.0,931.6666666666666,2297.6666666666665,4266.666666666667,0.5468747025934962,0.3287624087505971,0.41059931393716464,0.6333712282265748,23.86543461136219,0.17924001192458916,39.708475712433206,37.4547949158451,112.60000000000001,93.16666666666667,862.2000000000002,0.0,4.5
tic-tac-toe,symmetric,0.4,relabel,none,1.0,1004.5,0.0,0.0,3423.6666666666665,5198.333333333333,,0.0,0.0,,0.0,0.0,39.708475712433206,39.708475712433206,0.0,0.0,862.2000000000002,0.0,4.5
vote,pairflip,0.0,relabel,DT hard_vote,1.0,1004.5,0.0,233.33333333333334,0.0,3681.6666666666665,0.0,,0.0,,5.960101431877098,0.05959982971477224,0.0,5.960101431877098,0.0,23.333333333333332,391.5,0.0,4.5
vote,pairflip,0.0,relabel,DT threshold,1.0,1004.5,0.0,233.33333333333334,0.0,3681.6666666666665,0.0,,0.0,,5.960101431877098,0.05959982971477224,0.0,5.960101431877098,0.0,23.333333333333332,391.5,0.0,4.5
vote,pairflip,0.0,relabel,NB hard_vote,1.0,1004.5,0.0,386.6666666666667,0.0,3528.3333333333335,0.0,,0.0,,9.876646310698193,0.09876543209876543,0.0,9.876646310698193,0.0,38.666666666666664,391.5,0.0,4.5
vote,pairflip,0.0,relabel,NB threshold,1.0,1004.5,0.0,343.6666666666667,0.0,3571.3333333333335,0.0,,0.0,,8.778467908902693,0.0877820349084717,0.0,8.778467908902693,0.0,34.36666666666667,391.5,0.0,4.5
vote,pairflip,0.0,relabel,committee consensus,1.0,1004.5,0.0,134.33333333333334,0.0,3780.6666666666665,0.0,,0.0,,3.4315247838265743,0.03431247339293316,0.0,3.4315247838265743,0.0,13.433333333333332,391.5,0.0,4.5
vote,pairflip,0.0,relabel,dual agreement,1.0,1004.5,0.0,123.33333333333333,0.0,3791.6666666666665,0.0,,0.0,,3.150586321485116,0.031502767134951044,0.0,3.150586321485116,0.0,12.333333333333334,391.5,0.0,4.5
vote,pairflip,0.0,relabel,none,1.0,1004.5,0.0,0.0,0.0,3915.0,,,,,0.0,0.0,0.0,0.0,0.0,0.0,391.5,0.0,4.5
vote,pairflip,0.1,relabel,DT hard_vote,1.0,1004.5,326.3333333333333,518.6666666666666,54.333333333333336,3015.6666666666665,0.38626867702916695,0.8571869624663697,0.532546006263774,0.8555277318719114,21.583176748960454,0.14677017200698597,9.72297614698053,14.635702106929728,32.63333333333333,51.86666666666667,391.5,0.0,4.5
vote,pairflip,0.1,relabel,DT threshold,1.0,1004.5,311.3333333333333,482.3333333333333,69.33333333333333,3052.0,0.39238462678987984,0.8176916253791832,0.53026745053663,0.8555277318719114,20.272130591366984,0.13649032450782783,9.72297614698053,14.090918976286167,31.133333333333336,48.23333333333333,391.5,0.0,4.5
vote,pairflip,0.1,relabel,NB hard_vote,1.0,1004.5,345.3333333333333,377.0,35.333333333333336,3157.3333333333335,0.4779910903297071,0.9071770251558252,0.6260479414186753,0.9651379585930963,18.45009743027646,0.1066668346993614,9.72297614698053,10.53227812864276,34.53333333333333,37.699999999999996,391.5,0.0,4.5
vote,pairflip,0.1,relabel,NB threshold,1.0,1004.5,340.3333333333333,336.3333333333333,40.333333333333336,3198.0,0.5028440798118083,0.8939722724532851,0.6436022998382939,0.9651379585930963,17.283587347982674,0.09515978370827184,9.72297614698053,9.6212615480975,34.03333333333333,33.63333333333333,391.5,0.0,4.5
vote,pairflip,0.1,relabel,committee consensus,1.0,1004.5,303.6666666666667,132.33333333333334,77.0,3402.0,0.6965796746134402,0.797757325975912,0.7437131620941964,0.9603581471508247,11.136432834003166,0.037444978533999924,9.72297614698053,5.347030116394383,30.366666666666664,13.233333333333334,391.5,0.0,4.5
vote,pairflip,0.1,relabel,dual agreement,1.0,1004.5,284.3333333333333,119.66666666666667,96.33333333333333,3414.6666666666665,0.703874460046297,0.7468044604094826,0.7246661342797657,0.9603581471508247,10.318975416253458,0.03386074262427254,9.72297614698053,5.517272126241802,28.433333333333334,11.966666666666667,391.5,0.0,4.5
vote,pairflip,0.1,relabel,none,1.0,1004.5,0.0,0.0,380.6666666666667,3534.3333333333335,,0.0,0.0,,0.0,0.0,9.72297614698053,9.72297614698053,0.0,0.0,391.5,0.0,4.5
vote,pairflip,0.2,relabel,DT hard_vote,1.0,1004.5,587.0,731.6666666666666,187.33333333333334,2409.0,0.44506411603247265,0.7582052968440736,0.5608713151482241,0.7643195967373759,33.68099413678515,0.23303202854033012,19.778259129738853,23.473519842719696,58.699999999999996,73.16666666666667,391.5,0.0,4.5
vote,pairflip,0.2,relabel,DT threshold,1.0,1004.5,564.3333333333334,666.0,210.0,2474.6666666666665,0.4585684107582904,0.729140786711944,0.5629934555890513,0.7643195967373759,31.42485254971554,0.21211725351704228,19.778259129738853,22.375232701776365,56.43333333333334,66.60000000000001,391.5,0.0,4.5
vote,pairflip,0.2,relabel,NB hard_vote,1.0,1004.5,691.3333333333334,339.0,83.0,2801.6666666666665,0.6708287542724628,0.8928837696395832,0.7660268796532854,0.9569779211048868,26.31709205421299,0.10795131104778634,19.778259129738853,10.779181237712477,69.13333333333333,33.9,391.5,0.0,4.5
vote,pairflip,0.2,relabel,NB threshold,1.0,1004.5,680.0,305.6666666666667,94.33333333333333,2835.0,0.689659867995925,0.8781365123708514,0.772485512449865,0.9569779211048868,25.176179167319102,0.0973148384652716,19.778259129738853,10.217195573881726,68.0,30.566666666666666,391.5,0.0,4.5
vote,pairflip,0.2,relabel,committee consensus,1.0,1004.5,539.0,136.66666666666666,235.33333333333334,3004.0,0.7974807068796924,0.6961813153340429,0.7431293378097884,0.9256358786085563,17.257511700332305,0.04351479628762698,19.778259129738853,9.502366163856848,53.9,13.666666666666666,391.5,0.0,4.5
vote,pairflip,0.2,relabel,dual agreement,1.0,1004.5,508.3333333333333,123.66666666666667,266.0,3017.0,0.8039456513021023,0.6566049158427906,0.7224378836345924,0.9256358786085563,16.14223950449745,0.0393631631182012,19.778259129738853,9.953546636045722,50.833333333333336,12.366666666666667,391.5,0.0,4.5
vote,pairflip,0.2,relabel,none,1.0,1004.5,0.0,0.0,774.3333333333334,3140.6666666666665,,0.0,0.0,,0.0,0.0,19.778259129738853,19.778259129738853,0.0,0.0,391.5,0.0,4.5
vote,pairflip,0.4,relabel,DT hard_vote,1.0,1004.5,923.3333333333334,971.0,629.0,1391.6666666666667,0.48754511855462934,0.5950392986267237,0.5359399970954667,0.5913116249967576,48.38600657654367,0.4113176592629045,39.65044713537589,40.8681951041286,92.33333333333333,97.10000000000001,391.5,0.0,4.5
vote,pairflip,0.4,relabel,DT threshold,1.0,1004.5,876.6666666666666,913.3333333333334,675.6666666666666,1449.3333333333333,0.4899403397562618,0.5649936464438386,0.5247809957131832,0.5913116249967576,45.72150599370183,0.38691938167118795,39.65044713537589,40.58703916349148,87.66666666666667,91.33333333333333,391.5,0.0,4.5
vote,pairflip,0.4,relabel,NB hard_vote,1.0,1004.5,1370.0,288.3333333333333,182.33333333333334,2074.3333333333335,0.8261054900497234,0.882554038748129,0.8533957411819278,0.9417856492971759,42.35772569897525,0.12209915083057617,39.65044713537589,12.021917462637228,137.0,28.833333333333332,391.5,0.0,4.5
vote,pairflip,0.4,relabel,NB threshold,1.0,1004.5,1345.6666666666667,270.3333333333333,206.66666666666666,2092.3333333333335,0.832692877078589,0.8669009458886494,0.8494463132145436,0.9417856492971759,41.27655409990083,0.11447240629305272,39.65044713537589,12.183677818953669,134.5666666666667,27.03333333333333,391.5,0.0,4.5
vote,pairflip,0.4,relabel,committee consensus,1.0,1004.5,836.0,139.0,716.3333333333334,2223.6666666666665,0.857318677393196,0.5388454274328119,0.6616510828529995,0.8341353058532421,24.90367886284949,0.058875833289709745,39.65044713537589,21.847347634706058,83.60000000000001,13.9,391.5,0.0,4.5
vote,pairflip,0.4,relabel,dual agreement,1.0,1004.5,776.3333333333334,131.66666666666666,776.0,2231.0,0.8549038924549346,0.5004486667735443,0.6311803805606284,0.8341353058532421,23.192690119526066,0.05576557302331575,39.65044713537589,23.183795257233328,77.63333333333334,13.166666666666666,391.5,0.0,4.5
vote,pairflip,0.4,relabel,none,1.0,1004.5,0.0,0.0,1552.3333333333333,2362.6666666666665,,0.0,0.0,,0.0,0.0,39.65044713537589,39.65044713537589,0.0,0.0,391.5,0.0,4.5
vote,symmetric,0.0,relabel,DT hard_vote,1.0,1004.5,0.0,233.33333333333334,0.0,3681.6666666666665,0.0,,0.0,,5.960101431877098,0.05959982971477224,0.0,5.960101431877098,0.0,23.333333333333332,391.5,0.0,4.5
vote,symmetric,0.0,relabel,DT threshold,1.0,1004.5,0.0,233.33333333333334,0.0,3681.6666666666665,0.0,,0.0,,5.960101431877098,0.05959982971477224,0.0,5.960101431877098,0.0,23.333333333333332,391.5,0.0,4.5
vote,symmetric,0.0,relabel,NB hard_vote,1.0,1004.5,0.0,386.6666666666667,0.0,3528.3333333333335,0.0,,0.0,,9.876646310698193,0.09876543209876543,0.0,9.876646310698193,0.0,38.666666666666664,391.5,0.0,4.5
vote,symmetric,0.0,relabel,NB threshold,1.0,1004.5,0.0,343.6666666666667,0.0,3571.3333333333335,0.0,,0.0,,8.778467908902693,0.0877820349084717,0.0,8.778467908902693,0.0,34.36666666666667,391.5,0.0,4.5
vote,symmetric,0.0,relabel,committee consensus,1.0,1004.5,0.0,134.33333333333334,0.0,3780.6666666666665,0.0,,0.0,,3.4315247838265743,0.03431247339293316,0.0,3.4315247838265743,0.0,13.433333333333332,391.5,0.0,4.5
vote,symmetric,0.0,relabel,dual agreement,1.0,1004.5,0.0,123.33333333333333,0.0,3791.6666666666665,0.0,,0.0,,3.150586321485116,0.031502767134951044,0.0,3.150586321485116,0.0,12.333333333333334,391.5,0.0,4.5
vote,symmetric,0.0,relabel,none,1.0,1004.5,0.0,0.0,0.0,3915.0,,,,,0.0,0.0,0.0,0.0,0.0,0.0,391.5,0.0,4.5
vote,symmetric,0.1,relabel,DT hard_vote,1.0,1004.5,326.3333333333333,518.6666666666666,54.333333333333336,3015.6666666666665,0.38626867702916695,0.8571869624663697,0.532546006263774,0.8555277318719114,21.583176748960454,0.14677017200698597,9.72297614698053,14.635702106929728,32.63333333333333,51.86666666666667,391.5,0.0,4.5
vote,symmetric,0.1,relabel,DT threshold,1.0,1004.5,311.3333333333333,482.3333333333333,69.33333333333333,3052.0,0.39238462678987984,0.8176916253791832,0.53026745053663,0.8555277318719114,20.272130591366984,0.13649032450782783,9.72297614698053,14.090918976286167,31.133333333333336,48.23333333333333,391.5,0.0,4.5
vote,symmetric,0.1,relabel,NB hard_vote,1.0,1004.5,345.3333333333333,377.0,35.333333333333336,3157.3333333333335,0.4779910903297071,0.9071770251558252,0.6260479414186753,0.9651379585930963,18.45009743027646,0.1066668346993614,9.72297614698053,10.53227812864276,34.53333333333333,37.699999999999996,391.5,0.0,4.5
vote,symmetric,0.1,relabel,NB threshold,1.0,1004.5,340.3333333333333,336.3333333333333,40.333333333333336,3198.0,0.5028440798118083,0.8939722724532851,0.6436022998382939,0.9651379585930963,17.283587347982674,0.09515978370827184,9.72297614698053,9.6212615480975,34.03333333333333,33.63333333333333,391.5,0.0,4.5
vote,symmetric,0.1,relabel,committee consensus,1.0,1004.5,303.6666666666667,132.33333333333334,77.0,3402.0,0.6965796746134402,0.797757325975912,0.7437131620941964,0.9603581471508247,11.136432834003166,0.037444978533999924,9.72297614698053,5.347030116394383,30.366666666666664,13.233333333333334,391.5,0.0,4.5
vote,symmetric,0.1,relabel,dual agreement,1.0,1004.5,284.3333333333333,119.66666666666667,96.33333333333333,3414.6666666666665,0.703874460046297,0.7468044604094826,0.7246661342797657,0.9603581471508247,10.318975416253458,0.03386074262427254,9.72297614698053,5.517272126241802,28.433333333333334,11.966666666666667,391.5,0.0,4.5
vote,symmetric,0.1,relabel,none,1.0,1004.5,0.0,0.0,380.6666666666667,3534.3333333333335,,0.0,0.0,,0.0,0.0,9.72297614698053,9.72297614698053,0.0,0.0,391.5,0.0,4.5
vote,symmetric,0.2,relabel,DT hard_vote,1.0,1004.5,587.0,731.6666666666666,187.33333333333334,2409.0,0.44506411603247265,0.7582052968440736,0.5608713151482241,0.7643195967373759,33.68099413678515,0.23303202854033012,19.778259129738853,23.473519842719696,58.699999999999996,73.16666666666667,391.5,0.0,4.5
vote,symmetric,0.2,relabel,DT threshold,1.0,1004.5,564.3333333333334,666.0,210.0,2474.6666666666665,0.4585684107582904,0.729140786711944,0.5629934555890513,0.7643195967373759,31.42485254971554,0.21211725351704228,19.778259129738853,22.375232701776365,56.43333333333334,66.60000000000001,391.5,0.0,4.5
vote,symmetric,0.2,relabel,NB hard_vote,1.0,1004.5,691.3333333333334,339.0,83.0,2801.6666666666665,0.6708287542724628,0.8928837696395832,0.7660268796532854,0.9569779211048868,26.31709205421299,0.10795131104778634,19.778259129738853,10.779181237712477,69.13333333333333,33.9,391.5,0.0,4.5
vote,symmetric,0.2,relabel,NB threshold,1.0,1004.5,680.0,305.6666666666667,94.33333333333333,2835.0,0.689659867995925,0.8781365123708514,0.772485512449865,0.9569779211048868,25.176179167319102,0.0973148384652716,19.778259129738853,10.217195573881726,68.0,30.566666666666666,391.5,0.0,4.5
vote,symmetric,0.2,relabel,committee consensus,1.0,1004.5,539.0,136.66666666666666,235.33333333333334,3004.0,0.7974807068796924,0.6961813153340429,0.7431293378097884,0.9256358786085563,17.257511700332305,0.04351479628762698,19.778259129738853,9.502366163856848,53.9,13.666666666666666,391.5,0.0,4.5
vote,symmetric,0.2,relabel,dual agreement,1.0,1004.5,508.3333333333333,123.66666666666667,266.0,3017.0,0.8039456513021023,0.6566049158427906,0.7224378836345924,0.9256358786085563,16.14223950449745,0.0393631631182012,19.778259129738853,9.953546636045722,50.833333333333336,12.366666666666667,391.5,0.0,4.5
vote,symmetric,0.2,relabel,none,1.0,1004.5,0.0,0.0,774.3333333333334,3140.6666666666665,,0.0,0.0,,0.0,0.0,19.778259129738853,19.778259129738853,0.0,0.0,391.5,0.0,4.5
vote,symmetric,0.4,relabel,DT hard_vote,1.0,1004.5,923.3333333333334,971.0,629.0,1391.6666666666667,0.48754511855462934,0.5950392986267237,0.5359399970954667,0.5913116249967576,48.38600657654367,0.4113176592629045,39.65044713537589,40.8681951041286,92.33333333333333,97.10000000000001,391.5,0.0,4.5
vote,symmetric,0.4,relabel,DT threshold,1.0,1004.5,876.6666666666666,913.3333333333334,675.6666666666666,1449.3333333333333,0.4899403397562618,0.5649936464438386,0.5247809957131832,0.5913116249967576,45.72150599370183,0.38691938167118795,39.65044713537589,40.58703916349148,87.66666666666667,91.33333333333333,391.5,0.0,4.5
vote,symmetric,0.4,relabel,NB hard_vote,1.0,1004.5,1370.0,288.3333333333333,182.33333333333334,2074.3333333333335,0.8261054900497234,0.882554038748129,0.8533957411819278,0.9417856492971759,42.35772569897525,0.12209915083057617,39.65044713537589,12.021917462637228,137.0,28.833333333333332,391.5,0.0,4.5
vote,symmetric,0.4,relabel,NB threshold,1.0,1004.5,1345.6666666666667,270.3333333333333,206.66666666666666,2092.3333333333335,0.832692877078589,0.8669009458886494,0.8494463132145436,0.9417856492971759,41.27655409990083,0.11447240629305272,39.65044713537589,12.183677818953669,134.5666666666667,27.03333333333333,391.5,0.0,4.5
vote,symmetric,0.4,relabel,committee consensus,1.0,1004.5,836.0,139.0,716.3333333333334,2223.6666666666665,0.857318677393196,0.5388454274328119,0.6616510828529995,0.8341353058532421,24.90367886284949,0.058875833289709745,39.65044713537589,21.847347634706058,83.60000000000001,13.9,391.5,0.0,4.5
vote,symmetric,0.4,relabel,dual agreement,1.0,1004.5,776.3333333333334,131.66666666666666,776.0,2231.0,0.8549038924549346,0.5004486667735443,0.6311803805606284,0.8341353058532421,23.192690119526066,0.05576557302331575,39.65044713537589,23.183795257233328,77.63333333333334,13.166666666666666,391.5,0.0,4.5
vote,symmetric,0.4,relabel,none,1.0,1004.5,0.0,0.0,1552.3333333333333,2362.6666666666665,,0.0,0.0,,0.0,0.0,39.65044713537589,39.65044713537589,0.0,0.0,391.5,0.0,4.5
