dataset,kind,rate,handling,arm,seed,fold_seed,tp,fp,fn,tn,precision,recall,f1,auroc,flagged_pct,false_positive_rate,true_noise_pct,post_noise_pct,corrected,newly_wrong,rows_after,rescued_by_floor,fold
breast-cancer,pairflip,0.0,relabel,DT hard_vote,0.0,4.5,0,897,0,1677,0.0,,0.0,,34.84797755859198,0.3484848484848485,0.0,34.84797755859198,0.0,89.7,257.4,0.0,4.5
breast-cancer,pairflip,0.0,relabel,DT hard_vote,1.0,1004.5,0,879,0,1695,0.0,,0.0,,34.14683437396313,0.3414918414918415,0.0,34.14683437396313,0.0,87.9,257.4,0.0,4.5
breast-cancer,pairflip,0.0,relabel,DT hard_vote,2.0,2004.5,0,876,0,1698,0.0,,0.0,,34.03221427925074,0.34032634032634035,0.0,34.03221427925074,0.0,87.6,257.4,0.0,4.5
breast-cancer,pairflip,0.0,relabel,DT threshold,0.0,4.5,0,878,0,1696,0.0,,0.0,,34.110186106837986,0.3411033411033411,0.0,34.110186106837986,0.0,87.8,257.4,0.0,4.5
breast-cancer,pairflip,0.0,relabel,DT threshold,1.0,1004.5,0,861,0,1713,0.0,,0.0,,33.44735016438934,0.3344988344988345,0.0,33.44735016438934,0.0,86.1,257.4,0.0,4.5
breast-cancer,pairflip,0.0,relabel,DT threshold,2.0,2004.5,0,858,0,1716,0.0,,0.0,,33.33303170150514,0.3333333333333333,0.0,33.33303170150514,0.0,85.8,257.4,0.0,4.5
breast-cancer,pairflip,0.0,relabel,NB hard_vote,0.0,4.5,0,746,0,1828,0.0,,0.0,,28.981238500286555,0.2898212898212898,0.0,28.981238500286548,0.0,74.6,257.4,0.0,4.5
breast-cancer,pairflip,0.0,relabel,NB hard_vote,1.0,1004.5,0,748,0,1826,0.0,,0.0,,29.06056767110066,0.2905982905982906,0.0,29.060567671100653,0.0,74.8,257.4,0.0,4.5
breast-cancer,pairflip,0.0,relabel,NB hard_vote,2.0,2004.5,0,759,0,1815,0.0,,0.0,,29.486622628419745,0.2948717948717949,0.0,29.486622628419745,0.0,75.9,257.4,0.0,4.5
breast-cancer,pairflip,0.0,relabel,NB threshold,0.0,4.5,0,635,0,1939,0.0,,0.0,,24.669109884475006,0.2466977466977467,0.0,24.669109884475013,0.0,63.5,257.4,0.0,4.5
breast-cancer,pairflip,0.0,relabel,NB threshold,1.0,1004.5,0,650,0,1924,0.0,,0.0,,25.252918287937742,0.25252525252525254,0.0,25.252918287937742,0.0,65.0,257.4,0.0,4.5
breast-cancer,pairflip,0.0,relabel,NB threshold,2.0,2004.5,0,643,0,1931,0.0,,0.0,,24.98039393116762,0.2498057498057498,0.0,24.980393931167615,0.0,64.3,257.4,0.0,4.5
breast-cancer,pairflip,0.0,relabel,committee consensus,0.0,4.5,0,455,0,2119,0.0,,0.0,,17.67577594787802,0.17676767676767677,0.0,17.67577594787802,0.0,45.5,257.4,0.0,4.5
breast-cancer,pairflip,0.0,relabel,committee consensus,1.0,1004.5,0,442,0,2132,0.0,,0.0,,17.17024100383072,0.1717171717171717,0.0,17.17024100383072,0.0,44.2,257.4,0.0,4.5
breast-cancer,pairflip,0.0,relabel,committee consensus,2.0,2004.5,0,448,0,2126,0.0,,0.0,,17.404458118420656,0.17404817404817405,0.0,17.404458118420656,0.0,44.8,257.4,0.0,4.5
breast-cancer,pairflip,0.0,relabel,dual agreement,0.0,4.5,0,365,0,2209,0.0,,0.0,,14.180013875064096,0.1418026418026418,0.0,14.180013875064096,0.0,36.5,257.4,0.0,4.5
breast-cancer,pairflip,0.0,relabel,dual agreement,1.0,1004.5,0,371,0,2203,0.0,,0.0,,14.411516303200315,0.14413364413364413,0.0,14.411516303200312,0.0,37.1,257.4,0.0,4.5
breast-cancer,pairflip,0.0,relabel,dual agreement,2.0,2004.5,0,360,0,2214,0.0,,0.0,,13.986064609537598,0.13986013986013987,0.0,13.986064609537598,0.0,36.0,257.4,0.0,4.5
breast-cancer,pairflip,0.0,relabel,none,0.0,4.5,0,0,0,2574,,,,,0.0,0.0,0.0,0.0,0.0,0.0,257.4,0.0,4.5
breast-cancer,pairflip,0.0,relabel,none,1.0,1004.5,0,0,0,2574,,,,,0.0,0.0,0.0,0.0,0.0,0.0,257.4,0.0,4.5
breast-cancer,pairflip,0.0,relabel,none,2.0,2004.5,0,0,0,2574,,,,,0.0,0.0,0.0,0.0,0.0,0.0,257.4,0.0,4.5
breast-cancer,pairflip,0.1,relabel,DT hard_vote,0.0,4.5,151,860,82,1481,0.1493570722057369,0.648068669527897,0.2427652733118971,0.6393188548277122,39.276686875999154,0.3673643741990602,9.05242361173951,36.595632371127806,15.1,86.0,257.4,0.0,4.5
breast-cancer,pairflip,0.1,relabel,DT hard_vote,1.0,1004.5,165,859,109,1441,0.1611328125,0.6021897810218978,0.2542372881355932,0.6108382498352553,39.78538895424245,0.3734782608695652,10.644134769100834,37.60986939341839,16.5,85.9,257.4,0.0,4.5
breast-cancer,pairflip,0.1,relabel,DT hard_vote,2.0,2004.5,150,909,94,1421,0.141643059490085,0.6147540983606558,0.23023791250959325,0.6083566404483448,41.14258136518565,0.39012875536480685,9.478629384972702,38.967363436189785,15.0,90.9,257.4,0.0,4.5
breast-cancer,pairflip,0.1,relabel,DT threshold,0.0,4.5,147,840,86,1501,0.14893617021276595,0.630901287553648,0.24098360655737705,0.6393188548277122,38.34389044731999,0.3588210166595472,9.05242361173951,35.97351672548487,14.7,84.0,257.4,0.0,4.5
breast-cancer,pairflip,0.1,relabel,DT threshold,1.0,1004.5,161,844,113,1456,0.16019900497512438,0.5875912408759124,0.2517591868647381,0.6108382498352553,39.04684342291799,0.36695652173913046,10.644134769100834,37.18230627695835,16.1,84.4,257.4,0.0,4.5
breast-cancer,pairflip,0.1,relabel,DT threshold,2.0,2004.5,144,895,100,1435,0.13859480269489893,0.5901639344262295,0.2244738893219018,0.6083566404483448,40.36572859168099,0.38412017167381973,9.478629384972702,38.65623020541128,14.4,89.5,257.4,0.0,4.5
breast-cancer,pairflip,0.1,relabel,NB hard_vote,0.0,4.5,164,683,69,1658,0.1936245572609209,0.703862660944206,0.3037037037037037,0.7458720180634375,32.904714505474615,0.2917556599743699,9.05242361173951,29.21349500799325,16.4,68.3,257.4,0.0,4.5
breast-cancer,pairflip,0.1,relabel,NB hard_vote,1.0,1004.5,183,685,91,1615,0.2108294930875576,0.6678832116788321,0.3204903677758319,0.7208481596888248,33.72274002352728,0.29782608695652174,10.644134769100834,30.147950411727443,18.3,68.5,257.4,0.0,4.5
breast-cancer,pairflip,0.1,relabel,NB hard_vote,2.0,2004.5,165,682,79,1648,0.19480519480519481,0.6762295081967213,0.30247479376718606,0.7307529264614494,32.90682592827195,0.2927038626609442,9.478629384972702,29.564292824178814,16.5,68.2,257.4,0.0,4.5
breast-cancer,pairflip,0.1,relabel,NB threshold,0.0,4.5,149,593,84,1748,0.20080862533692723,0.6394849785407726,0.30564102564102563,0.7458720180634375,28.825747292854345,0.2533105510465613,9.05242361173951,26.30063644315748,14.9,59.3,257.4,0.0,4.5
breast-cancer,pairflip,0.1,relabel,NB threshold,1.0,1004.5,169,602,105,1698,0.2191958495460441,0.6167883211678832,0.32344497607655504,0.7208481596888248,29.954604409857332,0.2617391304347826,10.644134769100834,27.46629264319971,16.9,60.2,257.4,0.0,4.5
breast-cancer,pairflip,0.1,relabel,NB threshold,2.0,2004.5,147,596,97,1734,0.19784656796769853,0.6024590163934426,0.2978723404255319,0.7307529264614494,28.866316773745968,0.255793991416309,9.478629384972702,26.92245045697222,14.7,59.6,257.4,0.0,4.5
breast-cancer,pairflip,0.1,relabel,committee consensus,0.0,4.5,121,395,112,1946,0.23449612403100775,0.51931330472103,0.32309746328437916,0.7388185143068341,20.04584803788496,0.1687313114053823,9.05242361173951,19.69520103761349,12.1,39.5,257.4,0.0,4.5
breast-cancer,pairflip,0.1,relabel,committee consensus,1.0,1004.5,135,416,139,1884,0.24500907441016334,0.4927007299270073,0.32727272727272727,0.7041300592318968,21.4081681899074,0.1808695652173913,10.644134769100834,21.562452870026846,13.5,41.6,257.4,0.0,4.5
breast-cancer,pairflip,0.1,relabel,committee consensus,2.0,2004.5,119,419,125,1911,0.2211895910780669,0.48770491803278687,0.30434782608695654,0.706562327655789,20.90052182306277,0.17982832618025751,9.478629384972702,21.133532410339946,11.9,41.9,257.4,0.0,4.5
breast-cancer,pairflip,0.1,relabel,dual agreement,0.0,4.5,107,323,126,2018,0.24883720930232558,0.4592274678111588,0.32277526395173456,0.7388185143068341,16.70437064519048,0.1379752242631354,9.05242361173951,17.44170964920218,10.7,32.3,257.4,0.0,4.5
breast-cancer,pairflip,0.1,relabel,dual agreement,1.0,1004.5,125,351,149,1949,0.26260504201680673,0.4562043795620438,0.3333333333333333,0.7041300592318968,18.493650650016587,0.15260869565217391,10.644134769100834,19.42433565589841,12.5,35.1,257.4,0.0,4.5
breast-cancer,pairflip,0.1,relabel,dual agreement,2.0,2004.5,101,359,143,1971,0.21956521739130436,0.4139344262295082,0.2869318181818182,0.706562327655789,17.870026845232708,0.15407725321888413,9.478629384972702,19.5011009561729,10.1,35.9,257.4,0.0,4.5
breast-cancer,pairflip,0.1,relabel,none,0.0,4.5,0,0,233,2341,,0.0,0.0,,0.0,0.0,9.05242361173951,9.05242361173951,0.0,0.0,257.4,0.0,4.5
breast-cancer,pairflip,0.1,relabel,none,1.0,1004.5,0,0,274,2300,,0.0,0.0,,0.0,0.0,10.644134769100834,10.644134769100834,0.0,0.0,257.4,0.0,4.5
breast-cancer,pairflip,0.1,relabel,none,2.0,2004.5,0,0,244,2330,,0.0,0.0,,0.0,0.0,9.478629384972702,9.478629384972702,0.0,0.0,257.4,0.0,4.5
breast-cancer,pairflip,0.2,relabel,DT hard_vote,0.0,4.5,294,861,189,1230,0.2545454545454545,0.6086956521739131,0.358974358974359,0.5929295985525357,44.86818689108075,0.4117647058823529,18.764063583989383,40.788767230718186,29.4,86.1,257.4,0.0,4.5
breast-cancer,pairflip,0.2,relabel,DT hard_vote,1.0,1004.5,298,825,249,1202,0.2653606411398041,0.5447897623400365,0.3568862275449102,0.5663303839825025,43.6299882363587,0.4070054267390232,21.25011311193557,41.725334057249725,29.8,82.5,257.4,0.0,4.5
breast-cancer,pairflip,0.2,relabel,DT hard_vote,2.0,2004.5,269,864,215,1226,0.23742277140335394,0.5557851239669421,0.3327149041434756,0.5705771900188791,44.01652942418484,0.4133971291866029,18.80237082616958,41.91943413869031,26.9,86.4,257.4,0.0,4.5
breast-cancer,pairflip,0.2,relabel,DT threshold,0.0,4.5,285,841,198,1250,0.2531083481349911,0.5900621118012422,0.35425730267246736,0.5929295985525357,43.74174282870329,0.4021999043519847,18.764063583989383,40.3621090097427,28.5,84.1,257.4,0.0,4.5
breast-cancer,pairflip,0.2,relabel,DT threshold,1.0,1004.5,288,818,259,1209,0.2603978300180832,0.526508226691042,0.3484573502722323,0.5663303839825025,42.96926371670738,0.4035520473606315,21.25011311193557,41.84191475884536,28.8,81.8,257.4,0.0,4.5
breast-cancer,pairflip,0.2,relabel,DT threshold,2.0,2004.5,263,848,221,1242,0.23672367236723674,0.5433884297520661,0.32978056426332286,0.5705771900188791,43.161554007178836,0.40574162679425835,18.80237082616958,41.53078152806684,26.3,84.8,257.4,0.0,4.5
breast-cancer,pairflip,0.2,relabel,NB hard_vote,0.0,4.5,352,634,131,1457,0.35699797160243407,0.7287784679089027,0.4792375765827093,0.7417291764969944,38.304979941483424,0.3032042085126734,18.764063583989383,29.720085663439203,35.2,63.4,257.4,0.0,4.5
breast-cancer,pairflip,0.2,relabel,NB hard_vote,1.0,1004.5,367,609,180,1418,0.3760245901639344,0.6709323583180987,0.4819435325016415,0.7084170458487119,37.91934364914186,0.3004440059200789,21.25011311193557,30.652580460290164,36.7,60.9,257.4,0.0,4.5
breast-cancer,pairflip,0.2,relabel,NB hard_vote,2.0,2004.5,347,659,137,1431,0.34493041749502984,0.7169421487603306,0.4657718120805369,0.7287419572567462,39.08379332187132,0.315311004784689,18.80237082616958,30.924501553403918,34.7,65.9,257.4,0.0,4.5
breast-cancer,pairflip,0.2,relabel,NB threshold,0.0,4.5,319,548,164,1543,0.3679354094579008,0.660455486542443,0.4725925925925926,0.7417291764969944,33.68156727897927,0.2620755619320899,18.764063583989383,27.661448436038974,31.9,54.8,257.4,0.0,4.5
breast-cancer,pairflip,0.2,relabel,NB threshold,1.0,1004.5,322,543,225,1484,0.3722543352601156,0.5886654478976234,0.45609065155807366,0.7084170458487119,33.607516665158506,0.26788357178095706,21.25011311193557,29.836666365034837,32.2,54.3,257.4,0.0,4.5
breast-cancer,pairflip,0.2,relabel,NB threshold,2.0,2004.5,298,583,186,1507,0.33825198637911463,0.6157024793388429,0.43663003663003663,0.7287419572567462,34.22827496757458,0.2789473684210526,18.80237082616958,29.874068711730462,29.8,58.3,257.4,0.0,4.5
breast-cancer,pairflip,0.2,relabel,committee consensus,0.0,4.5,245,382,238,1709,0.39074960127591707,0.5072463768115942,0.44144144144144143,0.6990766337854473,24.358278285524687,0.18268770923003347,18.764063583989383,24.086960456067324,24.5,38.2,257.4,0.0,4.5
breast-cancer,pairflip,0.2,relabel,committee consensus,1.0,1004.5,238,374,309,1653,0.3888888888888889,0.4351005484460695,0.41069887834339946,0.6626485622646016,23.776128857117,0.18450912678835718,21.25011311193557,26.533194582692364,23.8,37.4,257.4,0.0,4.5
breast-cancer,pairflip,0.2,relabel,committee consensus,2.0,2004.5,220,378,264,1712,0.36789297658862874,0.45454545454545453,0.4066543438077634,0.6754261037745427,23.232286670889515,0.18086124401913875,18.80237082616958,24.941181793502853,22.0,37.8,257.4,0.0,4.5
breast-cancer,pairflip,0.2,relabel,dual agreement,0.0,4.5,216,318,267,1773,0.4044943820224719,0.4472049689440994,0.4247787610619469,0.6990766337854473,20.745332247458755,0.15208034433285508,18.764063583989383,22.728109070069074,21.6,31.8,257.4,0.0,4.5
breast-cancer,pairflip,0.2,relabel,dual agreement,1.0,1004.5,202,330,345,1697,0.37969924812030076,0.3692870201096892,0.3744207599629286,0.6626485622646016,20.668868579012457,0.1628021706956093,21.25011311193557,26.22266461557024,20.2,33.0,257.4,0.0,4.5
breast-cancer,pairflip,0.2,relabel,dual agreement,2.0,2004.5,190,322,294,1768,0.37109375,0.3925619834710744,0.3815261044176707,0.6754261037745427,19.89156335776551,0.15406698564593302,18.80237082616958,23.93026272132235,19.0,32.2,257.4,0.0,4.5
breast-cancer,pairflip,0.2,relabel,none,0.0,4.5,0,0,483,2091,,0.0,0.0,,0.0,0.0,18.764063583989383,18.764063583989383,0.0,0.0,257.4,0.0,4.5
breast-cancer,pairflip,0.2,relabel,none,1.0,1004.5,0,0,547,2027,,0.0,0.0,,0.0,0.0,21.25011311193557,21.25011311193557,0.0,0.0,257.4,0.0,4.5
breast-cancer,pairflip,0.2,relabel,none,2.0,2004.5,0,0,484,2090,,0.0,0.0,,0.0,0.0,18.80237082616958,18.80237082616958,0.0,0.0,257.4,0.0,4.5
breast-cancer,pairflip,0.4,relabel,DT hard_vote,0.0,4.5,541,726,459,848,0.42699289660615625,0.541,0.4772827525363917,0.5341942540965577,49.22375049015172,0.46124523506988563,38.849727023195484,46.03655777757669,54.1,72.6,257.4,0.0,4.5
breast-cancer,pairflip,0.4,relabel,DT hard_vote,1.0,1004.5,532,699,532,811,0.4321689683184403,0.5,0.4636165577342048,0.5133429490222798,47.82402799143366,0.4629139072847682,41.33668144662626,47.823575543691376,53.2,69.9,257.4,0.0,4.5
breast-cancer,pairflip,0.4,relabel,DT hard_vote,2.0,2004.5,536,720,447,871,0.4267515923566879,0.5452695829094608,0.4787851719517642,0.542306515207458,48.79332187132387,0.4525455688246386,38.18734352848913,45.33496214520556,53.6,72.0,257.4,0.0,4.5
breast-cancer,pairflip,0.4,relabel,DT threshold,0.0,4.5,523,716,477,858,0.42211460855528654,0.523,0.46717284502009826,0.5341942540965577,48.13531203812626,0.4548919949174079,38.849727023195484,46.3476910083552,52.3,71.6,257.4,0.0,4.5
breast-cancer,pairflip,0.4,relabel,DT threshold,1.0,1004.5,518,691,546,819,0.4284532671629446,0.4868421052631579,0.4557853057633084,0.5133429490222798,46.96950502216994,0.45761589403973507,41.33668144662626,48.05613368322626,51.8,69.1,257.4,0.0,4.5
breast-cancer,pairflip,0.4,relabel,DT threshold,2.0,2004.5,517,710,466,881,0.4213528932355338,0.525940996948118,0.4678733031674208,0.542306515207458,47.666425361204105,0.4462602137020742,38.18734352848913,45.684251802250174,51.7,71.0,257.4,0.0,4.5
breast-cancer,pairflip,0.4,relabel,NB hard_vote,0.0,4.5,588,642,412,932,0.47804878048780486,0.588,0.5273542600896861,0.6292792506310562,47.783307694627936,0.4078780177890724,38.849727023195484,40.94757638826049,58.8,64.2,257.4,0.0,4.5
breast-cancer,pairflip,0.4,relabel,NB hard_vote,1.0,1004.5,612,584,452,926,0.5117056856187291,0.575187969924812,0.5415929203539823,0.6135499100168207,46.46547823726359,0.38675496688741723,41.33668144662626,40.2447742285766,61.2,58.4,257.4,0.0,4.5
breast-cancer,pairflip,0.4,relabel,NB hard_vote,2.0,2004.5,588,654,395,937,0.47342995169082125,0.5981688708036622,0.5285393258426966,0.6242941422177862,48.253099267034656,0.4110622250157134,38.18734352848913,40.74804693391248,58.8,65.4,257.4,0.0,4.5
breast-cancer,pairflip,0.4,relabel,NB threshold,0.0,4.5,533,586,467,988,0.47631814119749777,0.533,0.5030674846625767,0.6292792506310562,43.469520103761354,0.37229987293519695,38.849727023195484,40.909419961994395,53.3,58.6,257.4,0.0,4.5
breast-cancer,pairflip,0.4,relabel,NB threshold,1.0,1004.5,549,551,515,959,0.4990909090909091,0.5159774436090225,0.5073937153419593,0.6135499100168207,42.73489578620335,0.3649006622516556,41.33668144662626,41.41178777184568,54.9,55.1,257.4,0.0,4.5
breast-cancer,pairflip,0.4,relabel,NB threshold,2.0,2004.5,550,632,433,959,0.4653130287648054,0.5595116988809766,0.5080831408775982,0.6242941422177862,45.92223931469249,0.39723444374607164,38.18734352848913,41.369860947727204,55.0,63.2,257.4,0.0,4.5
breast-cancer,pairflip,0.4,relabel,committee consensus,0.0,4.5,382,385,618,1189,0.4980443285528031,0.382,0.43237125070741367,0.5916764438436893,29.798509938768735,0.2445997458703939,38.849727023195484,38.96615690887703,38.2,38.5,257.4,0.0,4.5
breast-cancer,pairflip,0.4,relabel,committee consensus,1.0,1004.5,362,374,702,1136,0.49184782608695654,0.34022556390977443,0.4022222222222222,0.567634416606643,28.59243507374898,0.247682119205298,41.33668144662626,41.799837118812775,36.2,37.4,257.4,0.0,4.5
breast-cancer,pairflip,0.4,relabel,committee consensus,2.0,2004.5,374,388,609,1203,0.49081364829396323,0.38046795523906407,0.42865329512893985,0.5979565720757332,29.603504961843576,0.24387177875549967,38.18734352848913,38.72741531686423,37.4,38.8,257.4,0.0,4.5
breast-cancer,pairflip,0.4,relabel,dual agreement,0.0,4.5,339,353,661,1221,0.48988439306358383,0.339,0.40070921985815605,0.5916764438436893,26.883238319307452,0.22426937738246505,38.849727023195484,39.39356920942298,33.9,35.3,257.4,0.0,4.5
breast-cancer,pairflip,0.4,relabel,dual agreement,1.0,1004.5,322,350,742,1160,0.4791666666666667,0.3026315789473684,0.3709677419354839,0.567634416606643,26.105782282146414,0.23178807947019867,41.33668144662626,42.42150031671342,32.2,35.0,257.4,0.0,4.5
breast-cancer,pairflip,0.4,relabel,dual agreement,2.0,2004.5,343,368,640,1223,0.48241912798874825,0.34893184130213634,0.4049586776859504,0.5979565720757332,27.621934666546014,0.23130106851037083,38.18734352848913,39.154676801496095,34.3,36.8,257.4,0.0,4.5
breast-cancer,pairflip,0.4,relabel,none,0.0,4.5,0,0,1000,1574,,0.0,0.0,,0.0,0.0,38.849727023195484,38.849727023195484,0.0,0.0,257.4,0.0,4.5
breast-cancer,pairflip,0.4,relabel,none,1.0,1004.5,0,0,1064,1510,,0.0,0.0,,0.0,0.0,41.33668144662626,41.33668144662626,0.0,0.0,257.4,0.0,4.5
breast-cancer,pairflip,0.4,relabel,none,2.0,2004.5,0,0,983,1591,,0.0,0.0,,0.0,0.0,38.18734352848913,38.18734352848913,0.0,0.0,257.4,0.0,4.5
breast-cancer,symmetric,0.0,relabel,DT hard_vote,0.0,4.5,0,897,0,1677,0.0,,0.0,,34.84797755859198,0.3484848484848485,0.0,34.84797755859198,0.0,89.7,257.4,0.0,4.5
breast-cancer,symmetric,0.0,relabel,DT hard_vote,1.0,1004.5,0,879,0,1695,0.0,,0.0,,34.14683437396313,0.3414918414918415,0.0,34.14683437396313,0.0,87.9,257.4,0.0,4.5
breast-cancer,symmetric,0.0,relabel,DT hard_vote,2.0,2004.5,0,876,0,1698,0.0,,0.0,,34.03221427925074,0.34032634032634035,0.0,34.03221427925074,0.0,87.6,257.4,0.0,4.5
breast-cancer,symmetric,0.0,relabel,DT threshold,0.0,4.5,0,878,0,1696,0.0,,0.0,,34.110186106837986,0.3411033411033411,0.0,34.110186106837986,0.0,87.8,257.4,0.0,4.5
breast-cancer,symmetric,0.0,relabel,DT threshold,1.0,1004.5,0,861,0,1713,0.0,,0.0,,33.44735016438934,0.3344988344988345,0.0,33.44735016438934,0.0,86.1,257.4,0.0,4.5
breast-cancer,symmetric,0.0,relabel,DT threshold,2.0,2004.5,0,858,0,1716,0.0,,0.0,,33.33303170150514,0.3333333333333333,0.0,33.33303170150514,0.0,85.8,257.4,0.0,4.5
breast-cancer,symmetric,0.0,relabel,NB hard_vote,0.0,4.5,0,746,0,1828,0.0,,0.0,,28.981238500286555,0.2898212898212898,0.0,28.981238500286548,0.0,74.6,257.4,0.0,4.5
breast-cancer,symmetric,0.0,relabel,NB hard_vote,1.0,1004.5,0,748,0,1826,0.0,,0.0,,29.06056767110066,0.2905982905982906,0.0,29.060567671100653,0.0,74.8,257.4,0.0,4.5
breast-cancer,symmetric,0.0,relabel,NB hard_vote,2.0,2004.5,0,759,0,1815,0.0,,0.0,,29.486622628419745,0.2948717948717949,0.0,29.486622628419745,0.0,75.9,257.4,0.0,4.5
breast-cancer,symmetric,0.0,relabel,NB threshold,0.0,4.5,0,635,0,1939,0.0,,0.0,,24.669109884475006,0.2466977466977467,0.0,24.669109884475013,0.0,63.5,257.4,0.0,4.5
breast-cancer,symmetric,0.0,relabel,NB threshold,1.0,1004.5,0,650,0,1924,0.0,,0.0,,25.252918287937742,0.25252525252525254,0.0,25.252918287937742,0.0,65.0,257.4,0.0,4.5
breast-cancer,symmetric,0.0,relabel,NB threshold,2.0,2004.5,0,643,0,1931,0.0,,0.0,,24.98039393116762,0.2498057498057498,0.0,24.980393931167615,0.0,64.3,257.4,0.0,4.5
breast-cancer,symmetric,0.0,relabel,committee consensus,0.0,4.5,0,455,0,2119,0.0,,0.0,,17.67577594787802,0.17676767676767677,0.0,17.67577594787802,0.0,45.5,257.4,0.0,4.5
breast-cancer,symmetric,0.0,relabel,committee consensus,1.0,1004.5,0,442,0,2132,0.0,,0.0,,17.17024100383072,0.1717171717171717,0.0,17.17024100383072,0.0,44.2,257.4,0.0,4.5
breast-cancer,symmetric,0.0,relabel,committee consensus,2.0,2004.5,0,448,0,2126,0.0,,0.0,,17.404458118420656,0.17404817404817405,0.0,17.404458118420656,0.0,44.8,257.4,0.0,4.5
breast-cancer,symmetric,0.0,relabel,dual agreement,0.0,4.5,0,365,0,2209,0.0,,0.0,,14.180013875064096,0.1418026418026418,0.0,14.180013875064096,0.0,36.5,257.4,0.0,4.5
breast-cancer,symmetric,0.0,relabel,dual agreement,1.0,1004.5,0,371,0,2203,0.0,,0.0,,14.411516303200315,0.14413364413364413,0.0,14.411516303200312,0.0,37.1,257.4,0.0,4.5
breast-cancer,symmetric,0.0,relabel,dual agreement,2.0,2004.5,0,360,0,2214,0.0,,0.0,,13.986064609537598,0.13986013986013987,0.0,13.986064609537598,0.0,36.0,257.4,0.0,4.5
breast-cancer,symmetric,0.0,relabel,none,0.0,4.5,0,0,0,2574,,,,,0.0,0.0,0.0,0.0,0.0,0.0,257.4,0.0,4.5
breast-cancer,symmetric,0.0,relabel,none,1.0,1004.5,0,0,0,2574,,,,,0.0,0.0,0.0,0.0,0.0,0.0,257.4,0.0,4.5
breast-cancer,symmetric,0.0,relabel,none,2.0,2004.5,0,0,0,2574,,,,,0.0,0.0,0.0,0.0,0.0,0.0,257.4,0.0,4.5
breast-cancer,symmetric,0.1,relabel,DT hard_vote,0.0,4.5,151,860,82,1481,0.1493570722057369,0.648068669527897,0.2427652733118971,0.6393188548277122,39.276686875999154,0.3673643741990602,9.05242361173951,36.595632371127806,15.1,86.0,257.4,0.0,4.5
breast-cancer,symmetric,0.1,relabel,DT hard_vote,1.0,1004.5,165,859,109,1441,0.1611328125,0.6021897810218978,0.2542372881355932,0.6108382498352553,39.78538895424245,0.3734782608695652,10.644134769100834,37.60986939341839,16.5,85.9,257.4,0.0,4.5
breast-cancer,symmetric,0.1,relabel,DT hard_vote,2.0,2004.5,150,909,94,1421,0.141643059490085,0.6147540983606558,0.23023791250959325,0.6083566404483448,41.14258136518565,0.39012875536480685,9.478629384972702,38.967363436189785,15.0,90.9,257.4,0.0,4.5
breast-cancer,symmetric,0.1,relabel,DT threshold,0.0,4.5,147,840,86,1501,0.14893617021276595,0.630901287553648,0.24098360655737705,0.6393188548277122,38.34389044731999,0.3588210166595472,9.05242361173951,35.97351672548487,14.7,84.0,257.4,0.0,4.5
breast-cancer,symmetric,0.1,relabel,DT threshold,1.0,1004.5,161,844,113,1456,0.16019900497512438,0.5875912408759124,0.2517591868647381,0.6108382498352553,39.04684342291799,0.36695652173913046,10.644134769100834,37.18230627695835,16.1,84.4,257.4,0.0,4.5
breast-cancer,symmetric,0.1,relabel,DT threshold,2.0,2004.5,144,895,100,1435,0.13859480269489893,0.5901639344262295,0.2244738893219018,0.6083566404483448,40.36572859168099,0.38412017167381973,9.478629384972702,38.65623020541128,14.4,89.5,257.4,0.0,4.5
breast-cancer,symmetric,0.1,relabel,NB hard_vote,0.0,4.5,164,683,69,1658,0.1936245572609209,0.703862660944206,0.3037037037037037,0.7458720180634375,32.904714505474615,0.2917556599743699,9.05242361173951,29.21349500799325,16.4,68.3,257.4,0.0,4.5
breast-cancer,symmetric,0.1,relabel,NB hard_vote,1.0,1004.5,183,685,91,1615,0.2108294930875576,0.6678832116788321,0.3204903677758319,0.7208481596888248,33.72274002352728,0.29782608695652174,10.644134769100834,30.147950411727443,18.3,68.5,257.4,0.0,4.5
breast-cancer,symmetric,0.1,relabel,NB hard_vote,2.0,2004.5,165,682,79,1648,0.19480519480519481,0.6762295081967213,0.30247479376718606,0.7307529264614494,32.90682592827195,0.2927038626609442,9.478629384972702,29.564292824178814,16.5,68.2,257.4,0.0,4.5
breast-cancer,symmetric,0.1,relabel,NB threshold,0.0,4.5,149,593,84,1748,0.20080862533692723,0.6394849785407726,0.30564102564102563,0.7458720180634375,28.825747292854345,0.2533105510465613,9.05242361173951,26.30063644315748,14.9,59.3,257.4,0.0,4.5
breast-cancer,symmetric,0.1,relabel,NB threshold,1.0,1004.5,169,602,105,1698,0.2191958495460441,0.6167883211678832,0.32344497607655504,0.7208481596888248,29.954604409857332,0.2617391304347826,10.644134769100834,27.46629264319971,16.9,60.2,257.4,0.0,4.5
breast-cancer,symmetric,0.1,relabel,NB threshold,2.0,2004.5,147,596,97,1734,0.19784656796769853,0.6024590163934426,0.2978723404255319,0.7307529264614494,28.866316773745968,0.255793991416309,9.478629384972702,26.92245045697222,14.7,59.6,257.4,0.0,4.5
breast-cancer,symmetric,0.1,relabel,committee consensus,0.0,4.5,121,395,112,1946,0.23449612403100775,0.51931330472103,0.32309746328437916,0.7388185143068341,20.04584803788496,0.1687313114053823,9.05242361173951,19.69520103761349,12.1,39.5,257.4,0.0,4.5
breast-cancer,symmetric,0.1,relabel,committee consensus,1.0,1004.5,135,416,139,1884,0.24500907441016334,0.4927007299270073,0.32727272727272727,0.7041300592318968,21.4081681899074,0.1808695652173913,10.644134769100834,21.562452870026846,13.5,41.6,257.4,0.0,4.5
breast-cancer,symmetric,0.1,relabel,committee consensus,2.0,2004.5,119,419,125,1911,0.2211895910780669,0.48770491803278687,0.30434782608695654,0.706562327655789,20.90052182306277,0.17982832618025751,9.478629384972702,21.133532410339946,11.9,41.9,257.4,0.0,4.5
breast-cancer,symmetric,0.1,relabel,dual agreement,0.0,4.5,107,323,126,2018,0.24883720930232558,0.4592274678111588,0.32277526395173456,0.7388185143068341,16.70437064519048,0.1379752242631354,9.05242361173951,17.44170964920218,10.7,32.3,257.4,0.0,4.5
breast-cancer,symmetric,0.1,relabel,dual agreement,1.0,1004.5,125,351,149,1949,0.26260504201680673,0.4562043795620438,0.3333333333333333,0.7041300592318968,18.493650650016587,0.15260869565217391,10.644134769100834,19.42433565589841,12.5,35.1,257.4,0.0,4.5
breast-cancer,symmetric,0.1,relabel,dual agreement,2.0,2004.5,101,359,143,1971,0.21956521739130436,0.4139344262295082,0.2869318181818182,0.706562327655789,17.870026845232708,0.15407725321888413,9.478629384972702,19.5011009561729,10.1,35.9,257.4,0.0,4.5
breast-cancer,symmetric,0.1,relabel,none,0.0,4.5,0,0,233,2341,,0.0,0.0,,0.0,0.0,9.05242361173951,9.05242361173951,0.0,0.0,257.4,0.0,4.5
breast-cancer,symmetric,0.1,relabel,none,1.0,1004.5,0,0,274,2300,,0.0,0.0,,0.0,0.0,10.644134769100834,10.644134769100834,0.0,0.0,257.4,0.0,4.5
breast-cancer,symmetric,0.1,relabel,none,2.0,2004.5,0,0,244,2330,,0.0,0.0,,0.0,0.0,9.478629384972702,9.478629384972702,0.0,0.0,257.4,0.0,4.5
breast-cancer,symmetric,0.2,relabel,DT hard_vote,0.0,4.5,294,861,189,1230,0.2545454545454545,0.6086956521739131,0.358974358974359,0.5929295985525357,44.86818689108075,0.4117647058823529,18.764063583989383,40.788767230718186,29.4,86.1,257.4,0.0,4.5
breast-cancer,symmetric,0.2,relabel,DT hard_vote,1.0,1004.5,298,825,249,1202,0.2653606411398041,0.5447897623400365,0.3568862275449102,0.5663303839825025,43.6299882363587,0.4070054267390232,21.25011311193557,41.725334057249725,29.8,82.5,257.4,0.0,4.5
breast-cancer,symmetric,0.2,relabel,DT hard_vote,2.0,2004.5,269,864,215,1226,0.23742277140335394,0.5557851239669421,0.3327149041434756,0.5705771900188791,44.01652942418484,0.4133971291866029,18.80237082616958,41.91943413869031,26.9,86.4,257.4,0.0,4.5
breast-cancer,symmetric,0.2,relabel,DT threshold,0.0,4.5,285,841,198,1250,0.2531083481349911,0.5900621118012422,0.35425730267246736,0.5929295985525357,43.74174282870329,0.4021999043519847,18.764063583989383,40.3621090097427,28.5,84.1,257.4,0.0,4.5
breast-cancer,symmetric,0.2,relabel,DT threshold,1.0,1004.5,288,818,259,1209,0.2603978300180832,0.526508226691042,0.3484573502722323,0.5663303839825025,42.96926371670738,0.4035520473606315,21.25011311193557,41.84191475884536,28.8,81.8,257.4,0.0,4.5
breast-cancer,symmetric,0.2,relabel,DT threshold,2.0,2004.5,263,848,221,1242,0.23672367236723674,0.5433884297520661,0.32978056426332286,0.5705771900188791,43.161554007178836,0.40574162679425835,18.80237082616958,41.53078152806684,26.3,84.8,257.4,0.0,4.5
breast-cancer,symmetric,0.2,relabel,NB hard_vote,0.0,4.5,352,634,131,1457,0.35699797160243407,0.7287784679089027,0.4792375765827093,0.7417291764969944,38.304979941483424,0.3032042085126734,18.764063583989383,29.720085663439203,35.2,63.4,257.4,0.0,4.5
breast-cancer,symmetric,0.2,relabel,NB hard_vote,1.0,1004.5,367,609,180,1418,0.3760245901639344,0.6709323583180987,0.4819435325016415,0.7084170458487119,37.91934364914186,0.3004440059200789,21.25011311193557,30.652580460290164,36.7,60.9,257.4,0.0,4.5
breast-cancer,symmetric,0.2,relabel,NB hard_vote,2.0,2004.5,347,659,137,1431,0.34493041749502984,0.7169421487603306,0.4657718120805369,0.7287419572567462,39.08379332187132,0.315311004784689,18.80237082616958,30.924501553403918,34.7,65.9,257.4,0.0,4.5
breast-cancer,symmetric,0.2,relabel,NB threshold,0.0,4.5,319,548,164,1543,0.3679354094579008,0.660455486542443,0.4725925925925926,0.7417291764969944,33.68156727897927,0.2620755619320899,18.764063583989383,27.661448436038974,31.9,54.8,257.4,0.0,4.5
breast-cancer,symmetric,0.2,relabel,NB threshold,1.0,1004.5,322,543,225,1484,0.3722543352601156,0.5886654478976234,0.45609065155807366,0.7084170458487119,33.607516665158506,0.26788357178095706,21.25011311193557,29.836666365034837,32.2,54.3,257.4,0.0,4.5
breast-cancer,symmetric,0.2,relabel,NB threshold,2.0,2004.5,298,583,186,1507,0.33825198637911463,0.6157024793388429,0.43663003663003663,0.7287419572567462,34.22827496757458,0.2789473684210526,18.80237082616958,29.874068711730462,29.8,58.3,257.4,0.0,4.5
breast-cancer,symmetric,0.2,relabel,committee consensus,0.0,4.5,245,382,238,1709,0.39074960127591707,0.5072463768115942,0.44144144144144143,0.6990766337854473,24.358278285524687,0.18268770923003347,18.764063583989383,24.086960456067324,24.5,38.2,257.4,0.0,4.5
breast-cancer,symmetric,0.2,relabel,committee consensus,1.0,1004.5,238,374,309,1653,0.3888888888888889,0.4351005484460695,0.41069887834339946,0.6626485622646016,23.776128857117,0.18450912678835718,21.25011311193557,26.533194582692364,23.8,37.4,257.4,0.0,4.5
breast-cancer,symmetric,0.2,relabel,committee consensus,2.0,2004.5,220,378,264,1712,0.36789297658862874,0.45454545454545453,0.4066543438077634,0.6754261037745427,23.232286670889515,0.18086124401913875,18.80237082616958,24.941181793502853,22.0,37.8,257.4,0.0,4.5
breast-cancer,symmetric,0.2,relabel,dual agreement,0.0,4.5,216,318,267,1773,0.4044943820224719,0.4472049689440994,0.4247787610619469,0.6990766337854473,20.745332247458755,0.15208034433285508,18.764063583989383,22.728109070069074,21.6,31.8,257.4,0.0,4.5
breast-cancer,symmetric,0.2,relabel,dual agreement,1.0,1004.5,202,330,345,1697,0.37969924812030076,0.3692870201096892,0.3744207599629286,0.6626485622646016,20.668868579012457,0.1628021706956093,21.25011311193557,26.22266461557024,20.2,33.0,257.4,0.0,4.5
breast-cancer,symmetric,0.2,relabel,dual agreement,2.0,2004.5,190,322,294,1768,0.37109375,0.3925619834710744,0.3815261044176707,0.6754261037745427,19.89156335776551,0.15406698564593302,18.80237082616958,23.93026272132235,19.0,32.2,257.4,0.0,4.5
breast-cancer,symmetric,0.2,relabel,none,0.0,4.5,0,0,483,2091,,0.0,0.0,,0.0,0.0,18.764063583989383,18.764063583989383,0.0,0.0,257.4,0.0,4.5
breast-cancer,symmetric,0.2,relabel,none,1.0,1004.5,0,0,547,2027,,0.0,0.0,,0.0,0.0,21.25011311193557,21.25011311193557,0.0,0.0,257.4,0.0,4.5
breast-cancer,symmetric,0.2,relabel,none,2.0,2004.5,0,0,484,2090,,0.0,0.0,,0.0,0.0,18.80237082616958,18.80237082616958,0.0,0.0,257.4,0.0,4.5
breast-cancer,symmetric,0.4,relabel,DT hard_vote,0.0,4.5,541,726,459,848,0.42699289660615625,0.541,0.4772827525363917,0.5341942540965577,49.22375049015172,0.46124523506988563,38.849727023195484,46.03655777757669,54.1,72.6,257.4,0.0,4.5
breast-cancer,symmetric,0.4,relabel,DT hard_vote,1.0,1004.5,532,699,532,811,0.4321689683184403,0.5,0.4636165577342048,0.5133429490222798,47.82402799143366,0.4629139072847682,41.33668144662626,47.823575543691376,53.2,69.9,257.4,0.0,4.5
breast-cancer,symmetric,0.4,relabel,DT hard_vote,2.0,2004.5,536,720,447,871,0.4267515923566879,0.5452695829094608,0.4787851719517642,0.542306515207458,48.79332187132387,0.4525455688246386,38.18734352848913,45.33496214520556,53.6,72.0,257.4,0.0,4.5
breast-cancer,symmetric,0.4,relabel,DT threshold,0.0,4.5,523,716,477,858,0.42211460855528654,0.523,0.46717284502009826,0.5341942540965577,48.13531203812626,0.4548919949174079,38.849727023195484,46.3476910083552,52.3,71.6,257.4,0.0,4.5
breast-cancer,symmetric,0.4,relabel,DT threshold,1.0,1004.5,518,691,546,819,0.4284532671629446,0.4868421052631579,0.4557853057633084,0.5133429490222798,46.96950502216994,0.45761589403973507,41.33668144662626,48.05613368322626,51.8,69.1,257.4,0.0,4.5
breast-cancer,symmetric,0.4,relabel,DT threshold,2.0,2004.5,517,710,466,881,0.4213528932355338,0.525940996948118,0.4678733031674208,0.542306515207458,47.666425361204105,0.4462602137020742,38.18734352848913,45.684251802250174,51.7,71.0,257.4,0.0,4.5
breast-cancer,symmetric,0.4,relabel,NB hard_vote,0.0,4.5,588,642,412,932,0.47804878048780486,0.588,0.5273542600896861,0.6292792506310562,47.783307694627936,0.4078780177890724,38.849727023195484,40.94757638826049,58.8,64.2,257.4,0.0,4.5
breast-cancer,symmetric,0.4,relabel,NB hard_vote,1.0,1004.5,612,584,452,926,0.5117056856187291,0.575187969924812,0.5415929203539823,0.6135499100168207,46.46547823726359,0.38675496688741723,41.33668144662626,40.2447742285766,61.2,58.4,257.4,0.0,4.5
breast-cancer,symmetric,0.4,relabel,NB hard_vote,2.0,2004.5,588,654,395,937,0.47342995169082125,0.5981688708036622,0.5285393258426966,0.6242941422177862,48.253099267034656,0.4110622250157134,38.18734352848913,40.74804693391248,58.8,65.4,257.4,0.0,4.5
breast-cancer,symmetric,0.4,relabel,NB threshold,0.0,4.5,533,586,467,988,0.47631814119749777,0.533,0.5030674846625767,0.6292792506310562,43.469520103761354,0.37229987293519695,38.849727023195484,40.909419961994395,53.3,58.6,257.4,0.0,4.5
breast-cancer,symmetric,0.4,relabel,NB threshold,1.0,1004.5,549,551,515,959,0.4990909090909091,0.5159774436090225,0.5073937153419593,0.6135499100168207,42.73489578620335,0.3649006622516556,41.33668144662626,41.41178777184568,54.9,55.1,257.4,0.0,4.5
breast-cancer,symmetric,0.4,relabel,NB threshold,2.0,2004.5,550,632,433,959,0.4653130287648054,0.5595116988809766,0.5080831408775982,0.6242941422177862,45.92223931469249,0.39723444374607164,38.18734352848913,41.369860947727204,55.0,63.2,257.4,0.0,4.5
breast-cancer,symmetric,0.4,relabel,committee consensus,0.0,4.5,382,385,618,1189,0.4980443285528031,0.382,0.43237125070741367,0.5916764438436893,29.798509938768735,0.2445997458703939,38.849727023195484,38.96615690887703,38.2,38.5,257.4,0.0,4.5
breast-cancer,symmetric,0.4,relabel,committee consensus,1.0,1004.5,362,374,702,1136,0.49184782608695654,0.34022556390977443,0.4022222222222222,0.567634416606643,28.59243507374898,0.247682119205298,41.33668144662626,41.799837118812775,36.2,37.4,257.4,0.0,4.5
breast-cancer,symmetric,0.4,relabel,committee consensus,2.0,2004.5,374,388,609,1203,0.49081364829396323,0.38046795523906407,0.42865329512893985,0.5979565720757332,29.603504961843576,0.24387177875549967,38.18734352848913,38.72741531686423,37.4,38.8,257.4,0.0,4.5
breast-cancer,symmetric,0.4,relabel,dual agreement,0.0,4.5,339,353,661,1221,0.48988439306358383,0.339,0.40070921985815605,0.5916764438436893,26.883238319307452,0.22426937738246505,38.849727023195484,39.39356920942298,33.9,35.3,257.4,0.0,4.5
breast-cancer,symmetric,0.4,relabel,dual agreement,1.0,1004.5,322,350,742,1160,0.4791666666666667,0.3026315789473684,0.3709677419354839,0.567634416606643,26.105782282146414,0.23178807947019867,41.33668144662626,42.42150031671342,32.2,35.0,257.4,0.0,4.5
breast-cancer,symmetric,0.4,relabel,dual agreement,2.0,2004.5,343,368,640,1223,0.48241912798874825,0.34893184130213634,0.4049586776859504,0.5979565720757332,27.621934666546014,0.23130106851037083,38.18734352848913,39.154676801496095,34.3,36.8,257.4,0.0,4.5
breast-cancer,symmetric,0.4,relabel,none,0.0,4.5,0,0,1000,1574,,0.0,0.0,,0.0,0.0,38.849727023195484,38.849727023195484,0.0,0.0,257.4,0.0,4.5
breast-cancer,symmetric,0.4,relabel,none,1.0,1004.5,0,0,1064,1510,,0.0,0.0,,0.0,0.0,41.33668144662626,41.33668144662626,0.0,0.0,257.4,0.0,4.5
breast-cancer,symmetric,0.4,relabel,none,2.0,2004.5,0,0,983,1591,,0.0,0.0,,0.0,0.0,38.18734352848913,38.18734352848913,0.0,0.0,257.4,0.0,4.5
contact-lenses,pairflip,0.0,relabel,DT hard_vote,0.0,4.5,0,25,0,191,0.0,,0.0,,11.666666666666668,0.11574074074074074,0.0,11.666666666666668,0.0,2.5,21.6,3.0,4.5
contact-lenses,pairflip,0.0,relabel,DT hard_vote,1.0,1004.5,0,22,0,194,0.0,,0.0,,10.173160173160174,0.10185185185185185,0.0,10.173160173160174,0.0,2.2,21.6,2.5,4.5
contact-lenses,pairflip,0.0,relabel,DT hard_vote,2.0,2004.5,0,25,0,191,0.0,,0.0,,11.515151515151517,0.11574074074074074,0.0,11.515151515151517,0.0,2.5,21.6,2.2,4.5
contact-lenses,pairflip,0.0,relabel,DT threshold,0.0,4.5,0,25,0,191,0.0,,0.0,,11.666666666666668,0.11574074074074074,0.0,11.666666666666668,0.0,2.5,21.6,3.0,4.5
contact-lenses,pairflip,0.0,relabel,DT threshold,1.0,1004.5,0,22,0,194,0.0,,0.0,,10.173160173160174,0.10185185185185185,0.0,10.173160173160174,0.0,2.2,21.6,2.5,4.5
contact-lenses,pairflip,0.0,relabel,DT threshold,2.0,2004.5,0,25,0,191,0.0,,0.0,,11.515151515151517,0.11574074074074074,0.0,11.515151515151517,0.0,2.5,21.6,2.2,4.5
contact-lenses,pairflip,0.0,relabel,NB hard_vote,0.0,4.5,0,25,0,191,0.0,,0.0,,11.601731601731604,0.11574074074074074,0.0,11.601731601731604,0.0,2.5,21.6,0.8,4.5
contact-lenses,pairflip,0.0,relabel,NB hard_vote,1.0,1004.5,0,27,0,189,0.0,,0.0,,12.467532467532468,0.125,0.0,12.467532467532468,0.0,2.7,21.6,1.2,4.5
contact-lenses,pairflip,0.0,relabel,NB hard_vote,2.0,2004.5,0,28,0,188,0.0,,0.0,,12.943722943722943,0.12962962962962962,0.0,12.943722943722943,0.0,2.8,21.6,1.2,4.5
contact-lenses,pairflip,0.0,relabel,NB threshold,0.0,4.5,0,16,0,200,0.0,,0.0,,7.424242424242424,0.07407407407407407,0.0,7.424242424242425,0.0,1.6,21.6,0.1,4.5
contact-lenses,pairflip,0.0,relabel,NB threshold,1.0,1004.5,0,14,0,202,0.0,,0.0,,6.493506493506493,0.06481481481481481,0.0,6.493506493506493,0.0,1.4,21.6,0.0,4.5
contact-lenses,pairflip,0.0,relabel,NB threshold,2.0,2004.5,0,15,0,201,0.0,,0.0,,6.948051948051948,0.06944444444444445,0.0,6.948051948051948,0.0,1.5,21.6,0.1,4.5
contact-lenses,pairflip,0.0,relabel,committee consensus,0.0,4.5,0,22,0,194,0.0,,0.0,,10.238095238095239,0.10185185185185185,0.0,10.238095238095239,0.0,2.2,21.6,0.7,4.5
contact-lenses,pairflip,0.0,relabel,committee consensus,1.0,1004.5,0,22,0,194,0.0,,0.0,,10.173160173160174,0.10185185185185185,0.0,10.173160173160174,0.0,2.2,21.6,0.9,4.5
contact-lenses,pairflip,0.0,relabel,committee consensus,2.0,2004.5,0,22,0,194,0.0,,0.0,,10.151515151515152,0.10185185185185185,0.0,10.151515151515152,0.0,2.2,21.6,1.0,4.5
contact-lenses,pairflip,0.0,relabel,dual agreement,0.0,4.5,0,16,0,200,0.0,,0.0,,7.424242424242424,0.07407407407407407,0.0,7.424242424242425,0.0,1.6,21.6,0.1,4.5
contact-lenses,pairflip,0.0,relabel,dual agreement,1.0,1004.5,0,11,0,205,0.0,,0.0,,5.108225108225108,0.05092592592592592,0.0,5.108225108225108,0.0,1.1,21.6,0.0,4.5
contact-lenses,pairflip,0.0,relabel,dual agreement,2.0,2004.5,0,12,0,204,0.0,,0.0,,5.541125541125541,0.05555555555555555,0.0,5.541125541125542,0.0,1.2,21.6,0.1,4.5
contact-lenses,pairflip,0.0,relabel,none,0.0,4.5,0,0,0,216,,,,,0.0,0.0,0.0,0.0,0.0,0.0,21.6,0.0,4.5
contact-lenses,pairflip,0.0,relabel,none,1.0,1004.5,0,0,0,216,,,,,0.0,0.0,0.0,0.0,0.0,0.0,21.6,0.0,4.5
contact-lenses,pairflip,0.0,relabel,none,2.0,2004.5,0,0,0,216,,,,,0.0,0.0,0.0,0.0,0.0,0.0,21.6,0.0,4.5
contact-lenses,pairflip,0.1,relabel,DT hard_vote,0.0,4.5,8,32,15,161,0.2,0.34782608695652173,0.25396825396825395,0.7748596027104799,18.463203463203463,0.16580310880829016,10.692640692640692,22.662337662337663,0.6,3.2,21.6,3.7,4.5
contact-lenses,pairflip,0.1,relabel,DT hard_vote,1.0,1004.5,4,40,16,156,0.09090909090909091,0.2,0.125,0.7278084918177798,20.25974025974026,0.20408163265306123,9.220779220779221,25.844155844155846,0.4,4.0,21.6,3.6,4.5
contact-lenses,pairflip,0.1,relabel,DT hard_vote,2.0,2004.5,4,33,16,163,0.10810810810810811,0.2,0.14035087719298245,0.8108981092436975,17.056277056277057,0.1683673469387755,9.264069264069265,23.138528138528137,0.3,3.3,21.6,3.6,4.5
contact-lenses,pairflip,0.1,relabel,DT threshold,0.0,4.5,8,32,15,161,0.2,0.34782608695652173,0.25396825396825395,0.7748596027104799,18.463203463203463,0.16580310880829016,10.692640692640692,22.662337662337663,0.6,3.2,21.6,3.7,4.5
contact-lenses,pairflip,0.1,relabel,DT threshold,1.0,1004.5,4,40,16,156,0.09090909090909091,0.2,0.125,0.7278084918177798,20.25974025974026,0.20408163265306123,9.220779220779221,25.844155844155846,0.4,4.0,21.6,3.6,4.5
contact-lenses,pairflip,0.1,relabel,DT threshold,2.0,2004.5,4,33,16,163,0.10810810810810811,0.2,0.14035087719298245,0.8108981092436975,17.056277056277057,0.1683673469387755,9.264069264069265,23.138528138528137,0.3,3.3,21.6,3.6,4.5
contact-lenses,pairflip,0.1,relabel,NB hard_vote,0.0,4.5,12,32,11,161,0.2727272727272727,0.5217391304347826,0.3582089552238806,0.8615191528203225,20.346320346320343,0.16580310880829016,10.692640692640692,20.38961038961039,1.1,3.2,21.6,3.0,4.5
contact-lenses,pairflip,0.1,relabel,NB hard_vote,1.0,1004.5,6,31,14,165,0.16216216216216217,0.3,0.21052631578947367,0.8803695820433437,17.034632034632033,0.15816326530612246,9.220779220779221,20.800865800865804,0.6,3.1,21.6,2.7,4.5
contact-lenses,pairflip,0.1,relabel,NB hard_vote,2.0,2004.5,6,28,14,168,0.17647058823529413,0.3,0.2222222222222222,0.9334641751437417,15.714285714285714,0.14285714285714285,9.264069264069265,19.48051948051948,0.6,2.8,21.6,3.2,4.5
contact-lenses,pairflip,0.1,relabel,NB threshold,0.0,4.5,11,23,12,170,0.3235294117647059,0.4782608695652174,0.38596491228070173,0.8615191528203225,15.692640692640694,0.11917098445595854,10.692640692640692,16.21212121212121,1.1,2.3,21.6,1.4,4.5
contact-lenses,pairflip,0.1,relabel,NB threshold,1.0,1004.5,6,22,14,174,0.21428571428571427,0.3,0.25,0.8803695820433437,12.79220779220779,0.11224489795918367,9.220779220779221,16.55844155844156,0.6,2.2,21.6,1.4,4.5
contact-lenses,pairflip,0.1,relabel,NB threshold,2.0,2004.5,6,20,14,176,0.23076923076923078,0.3,0.2608695652173913,0.9334641751437417,12.034632034632034,0.10204081632653061,9.264069264069265,15.800865800865802,0.6,2.0,21.6,2.0,4.5
contact-lenses,pairflip,0.1,relabel,committee consensus,0.0,4.5,10,20,13,173,0.3333333333333333,0.43478260869565216,0.37735849056603776,0.8638908227358519,13.831168831168833,0.10362694300518134,10.692640692640692,16.21212121212121,0.8,2.0,21.6,2.4,4.5
contact-lenses,pairflip,0.1,relabel,committee consensus,1.0,1004.5,6,28,14,168,0.17647058823529413,0.3,0.2222222222222222,0.8669504643962849,15.670995670995671,0.14285714285714285,9.220779220779221,19.43722943722944,0.6,2.8,21.6,1.9,4.5
contact-lenses,pairflip,0.1,relabel,committee consensus,2.0,2004.5,5,21,15,175,0.19230769230769232,0.25,0.21739130434782608,0.924640645731977,11.991341991341992,0.10714285714285714,9.264069264069265,16.666666666666664,0.5,2.1,21.6,2.3,4.5
contact-lenses,pairflip,0.1,relabel,dual agreement,0.0,4.5,9,15,14,178,0.375,0.391304347826087,0.3829787234042553,0.8638908227358519,11.082251082251082,0.07772020725388601,10.692640692640692,13.463203463203461,0.9,1.5,21.6,1.1,4.5
contact-lenses,pairflip,0.1,relabel,dual agreement,1.0,1004.5,6,19,14,177,0.24,0.3,0.26666666666666666,0.8669504643962849,11.428571428571427,0.09693877551020408,9.220779220779221,15.194805194805195,0.6,1.9,21.6,0.7,4.5
contact-lenses,pairflip,0.1,relabel,dual agreement,2.0,2004.5,5,15,15,181,0.25,0.25,0.25,0.924640645731977,9.242424242424242,0.07653061224489796,9.264069264069265,13.917748917748918,0.5,1.5,21.6,1.4,4.5
contact-lenses,pairflip,0.1,relabel,none,0.0,4.5,0,0,23,193,,0.0,0.0,,0.0,0.0,10.692640692640692,10.692640692640692,0.0,0.0,21.6,0.0,4.5
contact-lenses,pairflip,0.1,relabel,none,1.0,1004.5,0,0,20,196,,0.0,0.0,,0.0,0.0,9.220779220779221,9.220779220779221,0.0,0.0,21.6,0.0,4.5
contact-lenses,pairflip,0.1,relabel,none,2.0,2004.5,0,0,20,196,,0.0,0.0,,0.0,0.0,9.264069264069265,9.264069264069265,0.0,0.0,21.6,0.0,4.5
contact-lenses,pairflip,0.2,relabel,DT hard_vote,0.0,4.5,16,36,24,140,0.3076923076923077,0.4,0.34782608695652173,0.6379592363261095,24.06926406926407,0.20454545454545456,18.59307359307359,29.71861471861472,1.2,3.6,21.6,4.7,4.5
contact-lenses,pairflip,0.2,relabel,DT hard_vote,1.0,1004.5,13,43,34,126,0.23214285714285715,0.2765957446808511,0.2524271844660194,0.601184293217962,25.93073593073593,0.25443786982248523,21.7965367965368,36.991341991342,1.0,4.3,21.6,4.6,4.5
contact-lenses,pairflip,0.2,relabel,DT hard_vote,2.0,2004.5,13,43,31,129,0.23214285714285715,0.29545454545454547,0.26,0.657093438252494,25.93073593073593,0.25,20.476190476190474,35.64935064935065,1.0,4.3,21.6,4.8,4.5
contact-lenses,pairflip,0.2,relabel,DT threshold,0.0,4.5,16,36,24,140,0.3076923076923077,0.4,0.34782608695652173,0.6379592363261095,24.06926406926407,0.20454545454545456,18.59307359307359,29.71861471861472,1.2,3.6,21.6,4.7,4.5
contact-lenses,pairflip,0.2,relabel,DT threshold,1.0,1004.5,13,43,34,126,0.23214285714285715,0.2765957446808511,0.2524271844660194,0.601184293217962,25.93073593073593,0.25443786982248523,21.7965367965368,36.991341991342,1.0,4.3,21.6,4.6,4.5
contact-lenses,pairflip,0.2,relabel,DT threshold,2.0,2004.5,13,43,31,129,0.23214285714285715,0.29545454545454547,0.26,0.657093438252494,25.93073593073593,0.25,20.476190476190474,35.64935064935065,1.0,4.3,21.6,4.8,4.5
contact-lenses,pairflip,0.2,relabel,NB hard_vote,0.0,4.5,19,31,21,145,0.38,0.475,0.4222222222222222,0.7993054122233688,23.095238095238095,0.17613636363636365,18.59307359307359,25.519480519480517,1.6,3.1,21.6,3.9,4.5
contact-lenses,pairflip,0.2,relabel,NB hard_vote,1.0,1004.5,16,35,31,134,0.3137254901960784,0.3404255319148936,0.32653061224489793,0.7763649744648197,23.614718614718612,0.20710059171597633,21.7965367965368,30.97402597402597,1.5,3.5,21.6,3.9,4.5
contact-lenses,pairflip,0.2,relabel,NB hard_vote,2.0,2004.5,16,30,28,142,0.34782608695652173,0.36363636363636365,0.35555555555555557,0.8397430053892903,21.277056277056275,0.1744186046511628,20.476190476190474,27.878787878787882,1.4,3.0,21.6,3.6,4.5
contact-lenses,pairflip,0.2,relabel,NB threshold,0.0,4.5,17,29,23,147,0.3695652173913043,0.425,0.3953488372093023,0.7993054122233688,21.21212121212121,0.16477272727272727,18.59307359307359,25.064935064935064,1.5,2.9,21.6,2.2,4.5
contact-lenses,pairflip,0.2,relabel,NB threshold,1.0,1004.5,15,33,32,136,0.3125,0.3191489361702128,0.3157894736842105,0.7763649744648197,22.22943722943723,0.1952662721893491,21.7965367965368,30.497835497835503,1.4,3.3,21.6,2.5,4.5
contact-lenses,pairflip,0.2,relabel,NB threshold,2.0,2004.5,15,26,29,146,0.36585365853658536,0.3409090909090909,0.35294117647058826,0.8397430053892903,19.004329004329,0.1511627906976744,20.476190476190474,26.51515151515152,1.3,2.6,21.6,2.5,4.5
contact-lenses,pairflip,0.2,relabel,committee consensus,0.0,4.5,17,22,23,154,0.4358974358974359,0.425,0.43037974683544306,0.7733030902419447,18.030303030303028,0.125,18.59307359307359,22.770562770562773,1.3,2.2,21.6,3.0,4.5
contact-lenses,pairflip,0.2,relabel,committee consensus,1.0,1004.5,14,30,33,139,0.3181818181818182,0.2978723404255319,0.3076923076923077,0.7202237966711651,20.38961038961039,0.17751479289940827,21.7965367965368,29.632034632034635,1.3,3.0,21.6,2.7,4.5
contact-lenses,pairflip,0.2,relabel,committee consensus,2.0,2004.5,14,22,30,150,0.3888888888888889,0.3181818181818182,0.35,0.7973966574934067,16.666666666666664,0.12790697674418605,20.476190476190474,24.61038961038961,1.3,2.2,21.6,2.7,4.5
contact-lenses,pairflip,0.2,relabel,dual agreement,0.0,4.5,14,19,26,157,0.42424242424242425,0.35,0.3835616438356164,0.7733030902419447,15.238095238095237,0.10795454545454546,18.59307359307359,21.861471861471863,1.2,1.9,21.6,1.4,4.5
contact-lenses,pairflip,0.2,relabel,dual agreement,1.0,1004.5,12,28,35,141,0.3,0.2553191489361702,0.27586206896551724,0.7202237966711651,18.528138528138527,0.16568047337278108,21.7965367965368,29.155844155844154,1.2,2.8,21.6,1.6,4.5
contact-lenses,pairflip,0.2,relabel,dual agreement,2.0,2004.5,13,17,31,155,0.43333333333333335,0.29545454545454547,0.35135135135135137,0.7973966574934067,13.874458874458876,0.09883720930232558,20.476190476190474,22.77056277056277,1.2,1.7,21.6,1.8,4.5
contact-lenses,pairflip,0.2,relabel,none,0.0,4.5,0,0,40,176,,0.0,0.0,,0.0,0.0,18.59307359307359,18.59307359307359,0.0,0.0,21.6,0.0,4.5
contact-lenses,pairflip,0.2,relabel,none,1.0,1004.5,0,0,47,169,,0.0,0.0,,0.0,0.0,21.7965367965368,21.7965367965368,0.0,0.0,21.6,0.0,4.5
contact-lenses,pairflip,0.2,relabel,none,2.0,2004.5,0,0,44,172,,0.0,0.0,,0.0,0.0,20.476190476190474,20.476190476190474,0.0,0.0,21.6,0.0,4.5
contact-lenses,pairflip,0.4,relabel,DT hard_vote,0.0,4.5,33,38,52,93,0.4647887323943662,0.38823529411764707,0.4230769230769231,0.5742490434402198,32.943722943722946,0.2900763358778626,39.39393939393939,44.17748917748918,2.8,3.8,21.6,4.3,4.5
contact-lenses,pairflip,0.4,relabel,DT hard_vote,1.0,1004.5,23,29,75,89,0.4423076923076923,0.23469387755102042,0.30666666666666664,0.5146275946275948,24.134199134199136,0.2457627118644068,45.47619047619047,48.59307359307359,2.2,2.9,21.6,5.0,4.5
contact-lenses,pairflip,0.4,relabel,DT hard_vote,2.0,2004.5,27,36,58,95,0.42857142857142855,0.3176470588235294,0.36486486486486486,0.5657181013431013,29.155844155844157,0.2748091603053435,39.480519480519476,46.96969696969697,2.0,3.6,21.6,4.8,4.5
contact-lenses,pairflip,0.4,relabel,DT threshold,0.0,4.5,33,38,52,93,0.4647887323943662,0.38823529411764707,0.4230769230769231,0.5742490434402198,32.943722943722946,0.2900763358778626,39.39393939393939,44.17748917748918,2.8,3.8,21.6,4.3,4.5
contact-lenses,pairflip,0.4,relabel,DT threshold,1.0,1004.5,23,29,75,89,0.4423076923076923,0.23469387755102042,0.30666666666666664,0.5146275946275948,24.134199134199136,0.2457627118644068,45.47619047619047,48.59307359307359,2.2,2.9,21.6,5.0,4.5
contact-lenses,pairflip,0.4,relabel,DT threshold,2.0,2004.5,27,36,58,95,0.42857142857142855,0.3176470588235294,0.36486486486486486,0.5657181013431013,29.155844155844157,0.2748091603053435,39.480519480519476,46.96969696969697,2.0,3.6,21.6,4.8,4.5
contact-lenses,pairflip,0.4,relabel,NB hard_vote,0.0,4.5,31,38,54,93,0.4492753623188406,0.36470588235294116,0.4025974025974026,0.5917812767545387,32.03463203463203,0.2900763358778626,39.39393939393939,44.069264069264065,2.8,3.8,21.6,4.6,4.5
contact-lenses,pairflip,0.4,relabel,NB hard_vote,1.0,1004.5,19,32,79,86,0.37254901960784315,0.19387755102040816,0.2550335570469799,0.5134401709401709,23.571428571428573,0.2711864406779661,45.47619047619047,52.294372294372295,1.7,3.2,21.6,5.3,4.5
contact-lenses,pairflip,0.4,relabel,NB hard_vote,2.0,2004.5,29,33,56,98,0.46774193548387094,0.3411764705882353,0.3945578231292517,0.6210472166722166,28.701298701298697,0.25190839694656486,39.480519480519476,43.18181818181819,2.5,3.3,21.6,4.1,4.5
contact-lenses,pairflip,0.4,relabel,NB threshold,0.0,4.5,28,38,57,93,0.42424242424242425,0.32941176470588235,0.3708609271523179,0.5917812767545387,30.670995670995666,0.2900763358778626,39.39393939393939,44.97835497835498,2.6,3.8,21.6,4.0,4.5
contact-lenses,pairflip,0.4,relabel,NB threshold,1.0,1004.5,20,30,78,88,0.4,0.20408163265306123,0.2702702702702703,0.5134401709401709,23.095238095238095,0.2542372881355932,45.47619047619047,50.90909090909091,1.8,3.0,21.6,4.5,4.5
contact-lenses,pairflip,0.4,relabel,NB threshold,2.0,2004.5,26,33,59,98,0.4406779661016949,0.3058823529411765,0.3611111111111111,0.6210472166722166,27.337662337662334,0.25190839694656486,39.480519480519476,44.09090909090909,2.3,3.3,21.6,3.2,4.5
contact-lenses,pairflip,0.4,relabel,committee consensus,0.0,4.5,31,30,54,101,0.5081967213114754,0.36470588235294116,0.4246575342465753,0.5993900699716208,28.333333333333332,0.22900763358778625,39.39393939393939,41.77489177489177,2.5,3.0,21.6,3.0,4.5
contact-lenses,pairflip,0.4,relabel,committee consensus,1.0,1004.5,17,28,81,90,0.37777777777777777,0.17346938775510204,0.23776223776223776,0.5225300889586604,20.822510822510825,0.23728813559322035,45.47619047619047,51.42857142857142,1.5,2.8,21.6,3.6,4.5
contact-lenses,pairflip,0.4,relabel,committee consensus,2.0,2004.5,24,25,61,106,0.4897959183673469,0.2823529411764706,0.3582089552238806,0.6173632386132386,22.727272727272727,0.19083969465648856,39.480519480519476,42.77056277056277,1.8,2.5,21.6,2.8,4.5
contact-lenses,pairflip,0.4,relabel,dual agreement,0.0,4.5,28,29,57,102,0.49122807017543857,0.32941176470588235,0.39436619718309857,0.5993900699716208,26.515151515151512,0.22137404580152673,39.39393939393939,41.753246753246756,2.4,2.9,21.6,2.3,4.5
contact-lenses,pairflip,0.4,relabel,dual agreement,1.0,1004.5,19,24,79,94,0.4418604651162791,0.19387755102040816,0.2695035460992908,0.5225300889586604,19.870129870129873,0.2033898305084746,45.47619047619047,48.18181818181818,1.8,2.4,21.6,2.6,4.5
contact-lenses,pairflip,0.4,relabel,dual agreement,2.0,2004.5,19,23,66,108,0.4523809523809524,0.2235294117647059,0.2992125984251969,0.6173632386132386,19.545454545454543,0.17557251908396945,39.480519480519476,43.268398268398265,1.5,2.3,21.6,2.1,4.5
contact-lenses,pairflip,0.4,relabel,none,0.0,4.5,0,0,85,131,,0.0,0.0,,0.0,0.0,39.39393939393939,39.39393939393939,0.0,0.0,21.6,0.0,4.5
contact-lenses,pairflip,0.4,relabel,none,1.0,1004.5,0,0,98,118,,0.0,0.0,,0.0,0.0,45.47619047619047,45.47619047619047,0.0,0.0,21.6,0.0,4.5
contact-lenses,pairflip,0.4,relabel,none,2.0,2004.5,0,0,85,131,,0.0,0.0,,0.0,0.0,39.480519480519476,39.480519480519476,0.0,0.0,21.6,0.0,4.5
contact-lenses,symmetric,0.0,relabel,DT hard_vote,0.0,4.5,0,25,0,191,0.0,,0.0,,11.666666666666668,0.11574074074074074,0.0,11.666666666666668,0.0,2.5,21.6,3.0,4.5
contact-lenses,symmetric,0.0,relabel,DT hard_vote,1.0,1004.5,0,22,0,194,0.0,,0.0,,10.173160173160174,0.10185185185185185,0.0,10.173160173160174,0.0,2.2,21.6,2.5,4.5
contact-lenses,symmetric,0.0,relabel,DT hard_vote,2.0,2004.5,0,25,0,191,0.0,,0.0,,11.515151515151517,0.11574074074074074,0.0,11.515151515151517,0.0,2.5,21.6,2.2,4.5
contact-lenses,symmetric,0.0,relabel,DT threshold,0.0,4.5,0,25,0,191,0.0,,0.0,,11.666666666666668,0.11574074074074074,0.0,11.666666666666668,0.0,2.5,21.6,3.0,4.5
contact-lenses,symmetric,0.0,relabel,DT threshold,1.0,1004.5,0,22,0,194,0.0,,0.0,,10.173160173160174,0.10185185185185185,0.0,10.173160173160174,0.0,2.2,21.6,2.5,4.5
contact-lenses,symmetric,0.0,relabel,DT threshold,2.0,2004.5,0,25,0,191,0.0,,0.0,,11.515151515151517,0.11574074074074074,0.0,11.515151515151517,0.0,2.5,21.6,2.2,4.5
contact-lenses,symmetric,0.0,relabel,NB hard_vote,0.0,4.5,0,25,0,191,0.0,,0.0,,11.601731601731604,0.11574074074074074,0.0,11.601731601731604,0.0,2.5,21.6,0.8,4.5
contact-lenses,symmetric,0.0,relabel,NB hard_vote,1.0,1004.5,0,27,0,189,0.0,,0.0,,12.467532467532468,0.125,0.0,12.467532467532468,0.0,2.7,21.6,1.2,4.5
contact-lenses,symmetric,0.0,relabel,NB hard_vote,2.0,2004.5,0,28,0,188,0.0,,0.0,,12.943722943722943,0.12962962962962962,0.0,12.943722943722943,0.0,2.8,21.6,1.2,4.5
contact-lenses,symmetric,0.0,relabel,NB threshold,0.0,4.5,0,16,0,200,0.0,,0.0,,7.424242424242424,0.07407407407407407,0.0,7.424242424242425,0.0,1.6,21.6,0.1,4.5
contact-lenses,symmetric,0.0,relabel,NB threshold,1.0,1004.5,0,14,0,202,0.0,,0.0,,6.493506493506493,0.06481481481481481,0.0,6.493506493506493,0.0,1.4,21.6,0.0,4.5
contact-lenses,symmetric,0.0,relabel,NB threshold,2.0,2004.5,0,15,0,201,0.0,,0.0,,6.948051948051948,0.06944444444444445,0.0,6.948051948051948,0.0,1.5,21.6,0.1,4.5
contact-lenses,symmetric,0.0,relabel,committee consensus,0.0,4.5,0,22,0,194,0.0,,0.0,,10.238095238095239,0.10185185185185185,0.0,10.238095238095239,0.0,2.2,21.6,0.7,4.5
contact-lenses,symmetric,0.0,relabel,committee consensus,1.0,1004.5,0,22,0,194,0.0,,0.0,,10.173160173160174,0.10185185185185185,0.0,10.173160173160174,0.0,2.2,21.6,0.9,4.5
contact-lenses,symmetric,0.0,relabel,committee consensus,2.0,2004.5,0,22,0,194,0.0,,0.0,,10.151515151515152,0.10185185185185185,0.0,10.151515151515152,0.0,2.2,21.6,1.0,4.5
contact-lenses,symmetric,0.0,relabel,dual agreement,0.0,4.5,0,16,0,200,0.0,,0.0,,7.424242424242424,0.07407407407407407,0.0,7.424242424242425,0.0,1.6,21.6,0.1,4.5
contact-lenses,symmetric,0.0,relabel,dual agreement,1.0,1004.5,0,11,0,205,0.0,,0.0,,5.108225108225108,0.05092592592592592,0.0,5.108225108225108,0.0,1.1,21.6,0.0,4.5
contact-lenses,symmetric,0.0,relabel,dual agreement,2.0,2004.5,0,12,0,204,0.0,,0.0,,5.541125541125541,0.05555555555555555,0.0,5.541125541125542,0.0,1.2,21.6,0.1,4.5
contact-lenses,symmetric,0.0,relabel,none,0.0,4.5,0,0,0,216,,,,,0.0,0.0,0.0,0.0,0.0,0.0,21.6,0.0,4.5
contact-lenses,symmetric,0.0,relabel,none,1.0,1004.5,0,0,0,216,,,,,0.0,0.0,0.0,0.0,0.0,0.0,21.6,0.0,4.5
contact-lenses,symmetric,0.0,relabel,none,2.0,2004.5,0,0,0,216,,,,,0.0,0.0,0.0,0.0,0.0,0.0,21.6,0.0,4.5
contact-lenses,symmetric,0.1,relabel,DT hard_vote,0.0,4.5,5,37,18,156,0.11904761904761904,0.21739130434782608,0.15384615384615385,0.8011405829388285,19.37229437229437,0.19170984455958548,10.692640692640692,26.38528138528138,0.3,3.7,21.6,4.3,4.5
contact-lenses,symmetric,0.1,relabel,DT hard_vote,1.0,1004.5,4,38,16,158,0.09523809523809523,0.2,0.12903225806451613,0.7794629035824856,19.415584415584412,0.19387755102040816,9.220779220779221,25.41125541125541,0.3,3.8,21.6,3.3,4.5
contact-lenses,symmetric,0.1,relabel,DT hard_vote,2.0,2004.5,6,39,14,157,0.13333333333333333,0.3,0.18461538461538463,0.7053870890461448,20.844155844155843,0.1989795918367347,9.264069264069265,25.93073593073593,0.3,3.9,21.6,3.2,4.5
contact-lenses,symmetric,0.1,relabel,DT threshold,0.0,4.5,5,37,18,156,0.11904761904761904,0.21739130434782608,0.15384615384615385,0.8011405829388285,19.37229437229437,0.19170984455958548,10.692640692640692,26.38528138528138,0.3,3.7,21.6,4.3,4.5
contact-lenses,symmetric,0.1,relabel,DT threshold,1.0,1004.5,4,38,16,158,0.09523809523809523,0.2,0.12903225806451613,0.7794629035824856,19.415584415584412,0.19387755102040816,9.220779220779221,25.41125541125541,0.3,3.8,21.6,3.3,4.5
contact-lenses,symmetric,0.1,relabel,DT threshold,2.0,2004.5,6,39,14,157,0.13333333333333333,0.3,0.18461538461538463,0.7053870890461448,20.844155844155843,0.1989795918367347,9.264069264069265,25.93073593073593,0.3,3.9,21.6,3.2,4.5
contact-lenses,symmetric,0.1,relabel,NB hard_vote,0.0,4.5,8,30,15,163,0.21052631578947367,0.34782608695652173,0.26229508196721313,0.8807767876481326,17.51082251082251,0.15544041450777202,10.692640692640692,20.8008658008658,0.8,3.0,21.6,3.7,4.5
contact-lenses,symmetric,0.1,relabel,NB hard_vote,1.0,1004.5,7,24,13,172,0.22580645161290322,0.35,0.27450980392156865,0.9261222910216719,14.350649350649352,0.12244897959183673,9.220779220779221,18.00865800865801,0.5,2.4,21.6,3.1,4.5
contact-lenses,symmetric,0.1,relabel,NB hard_vote,2.0,2004.5,8,30,12,166,0.21052631578947367,0.4,0.27586206896551724,0.890686274509804,17.662337662337663,0.15306122448979592,9.264069264069265,19.437229437229433,0.8,3.0,21.6,2.4,4.5
contact-lenses,symmetric,0.1,relabel,NB threshold,0.0,4.5,7,25,16,168,0.21875,0.30434782608695654,0.2545454545454545,0.8807767876481326,14.74025974025974,0.12953367875647667,10.692640692640692,18.98268398268398,0.7,2.5,21.6,2.6,4.5
contact-lenses,symmetric,0.1,relabel,NB threshold,1.0,1004.5,5,20,15,176,0.2,0.25,0.2222222222222222,0.9261222910216719,11.536796536796535,0.10204081632653061,9.220779220779221,17.056277056277054,0.3,2.0,21.6,2.1,4.5
contact-lenses,symmetric,0.1,relabel,NB threshold,2.0,2004.5,8,20,12,176,0.2857142857142857,0.4,0.3333333333333333,0.890686274509804,13.030303030303028,0.10204081632653061,9.264069264069265,14.805194805194805,0.8,2.0,21.6,1.6,4.5
contact-lenses,symmetric,0.1,relabel,committee consensus,0.0,4.5,8,26,15,167,0.23529411764705882,0.34782608695652173,0.2807017543859649,0.8866815959652218,15.69264069264069,0.13471502590673576,10.692640692640692,19.935064935064933,0.6,2.6,21.6,3.0,4.5
contact-lenses,symmetric,0.1,relabel,committee consensus,1.0,1004.5,5,20,15,176,0.2,0.25,0.2222222222222222,0.9066369969040248,11.55844155844156,0.10204081632653061,9.220779220779221,16.6017316017316,0.4,2.0,21.6,2.2,4.5
contact-lenses,symmetric,0.1,relabel,committee consensus,2.0,2004.5,6,25,14,171,0.1935483870967742,0.3,0.23529411764705882,0.8544440144478844,14.372294372294371,0.12755102040816327,9.264069264069265,19.004329004329,0.4,2.5,21.6,2.0,4.5
contact-lenses,symmetric,0.1,relabel,dual agreement,0.0,4.5,6,21,17,172,0.2222222222222222,0.2608695652173913,0.24,0.8866815959652218,12.424242424242426,0.10880829015544041,10.692640692640692,17.61904761904762,0.6,2.1,21.6,1.8,4.5
contact-lenses,symmetric,0.1,relabel,dual agreement,1.0,1004.5,3,16,17,180,0.15789473684210525,0.15,0.15384615384615385,0.9066369969040248,8.744588744588745,0.08163265306122448,9.220779220779221,15.649350649350652,0.2,1.6,21.6,1.2,4.5
contact-lenses,symmetric,0.1,relabel,dual agreement,2.0,2004.5,4,13,16,183,0.23529411764705882,0.2,0.21621621621621623,0.8544440144478844,7.8354978354978355,0.0663265306122449,9.264069264069265,13.419913419913419,0.4,1.3,21.6,1.3,4.5
contact-lenses,symmetric,0.1,relabel,none,0.0,4.5,0,0,23,193,,0.0,0.0,,0.0,0.0,10.692640692640692,10.692640692640692,0.0,0.0,21.6,0.0,4.5
contact-lenses,symmetric,0.1,relabel,none,1.0,1004.5,0,0,20,196,,0.0,0.0,,0.0,0.0,9.220779220779221,9.220779220779221,0.0,0.0,21.6,0.0,4.5
contact-lenses,symmetric,0.1,relabel,none,2.0,2004.5,0,0,20,196,,0.0,0.0,,0.0,0.0,9.264069264069265,9.264069264069265,0.0,0.0,21.6,0.0,4.5
contact-lenses,symmetric,0.2,relabel,DT hard_vote,0.0,4.5,8,42,32,134,0.16,0.2,0.17777777777777778,0.6935711214310286,23.07359307359307,0.23863636363636365,18.59307359307359,34.74025974025974,0.7,4.2,21.6,5.5,4.5
contact-lenses,symmetric,0.2,relabel,DT hard_vote,1.0,1004.5,13,41,34,128,0.24074074074074073,0.2765957446808511,0.25742574257425743,0.6779135078457834,24.97835497835498,0.24260355029585798,21.7965367965368,36.99134199134199,0.8,4.1,21.6,5.3,4.5
contact-lenses,symmetric,0.2,relabel,DT hard_vote,2.0,2004.5,11,37,33,135,0.22916666666666666,0.25,0.2391304347826087,0.6773404712762299,22.337662337662334,0.21511627906976744,20.476190476190474,33.896103896103895,0.8,3.7,21.6,5.3,4.5
contact-lenses,symmetric,0.2,relabel,DT threshold,0.0,4.5,8,42,32,134,0.16,0.2,0.17777777777777778,0.6935711214310286,23.07359307359307,0.23863636363636365,18.59307359307359,34.74025974025974,0.7,4.2,21.6,5.5,4.5
contact-lenses,symmetric,0.2,relabel,DT threshold,1.0,1004.5,13,41,34,128,0.24074074074074073,0.2765957446808511,0.25742574257425743,0.6779135078457834,24.97835497835498,0.24260355029585798,21.7965367965368,36.99134199134199,0.8,4.1,21.6,5.3,4.5
contact-lenses,symmetric,0.2,relabel,DT threshold,2.0,2004.5,11,37,33,135,0.22916666666666666,0.25,0.2391304347826087,0.6773404712762299,22.337662337662334,0.21511627906976744,20.476190476190474,33.896103896103895,0.8,3.7,21.6,5.3,4.5
contact-lenses,symmetric,0.2,relabel,NB hard_vote,0.0,4.5,12,26,28,150,0.3157894736842105,0.3,0.3076923076923077,0.8250382696938425,17.532467532467532,0.14772727272727273,18.59307359307359,25.51948051948052,1.1,2.6,21.6,4.3,4.5
contact-lenses,symmetric,0.2,relabel,NB hard_vote,1.0,1004.5,15,32,32,137,0.3191489361702128,0.3191489361702128,0.3191489361702128,0.8158865702151307,21.7965367965368,0.1893491124260355,21.7965367965368,31.493506493506494,1.1,3.2,21.6,4.7,4.5
contact-lenses,symmetric,0.2,relabel,NB hard_vote,2.0,2004.5,15,30,29,142,0.3333333333333333,0.3409090909090909,0.33707865168539325,0.7928729503497306,20.90909090909091,0.1744186046511628,20.476190476190474,28.78787878787879,1.2,3.0,21.6,3.9,4.5
contact-lenses,symmetric,0.2,relabel,NB threshold,0.0,4.5,12,23,28,153,0.34285714285714286,0.3,0.32,0.8250382696938425,16.125541125541126,0.13068181818181818,18.59307359307359,24.112554112554115,1.1,2.3,21.6,3.0,4.5
contact-lenses,symmetric,0.2,relabel,NB threshold,1.0,1004.5,12,29,35,140,0.2926829268292683,0.2553191489361702,0.2727272727272727,0.8158865702151307,18.98268398268398,0.17159763313609466,21.7965367965368,31.038961038961038,0.9,2.9,21.6,3.1,4.5
contact-lenses,symmetric,0.2,relabel,NB threshold,2.0,2004.5,15,27,29,145,0.35714285714285715,0.3409090909090909,0.3488372093023256,0.7928729503497306,19.545454545454547,0.1569767441860465,20.476190476190474,27.42424242424242,1.2,2.7,21.6,2.7,4.5
contact-lenses,symmetric,0.2,relabel,committee consensus,0.0,4.5,10,23,30,153,0.30303030303030304,0.25,0.273972602739726,0.8087395367503726,15.238095238095237,0.13068181818181818,18.59307359307359,25.08658008658009,0.9,2.3,21.6,3.4,4.5
contact-lenses,symmetric,0.2,relabel,committee consensus,1.0,1004.5,14,28,33,141,0.3333333333333333,0.2978723404255319,0.3146067415730337,0.7825862804636025,19.48051948051948,0.16568047337278108,21.7965367965368,31.017316017316016,0.8,2.8,21.6,3.4,4.5
contact-lenses,symmetric,0.2,relabel,committee consensus,2.0,2004.5,14,20,30,152,0.4117647058823529,0.3181818181818182,0.358974358974359,0.7761490941405802,15.800865800865799,0.11627906976744186,20.476190476190474,23.679653679653676,1.3,2.0,21.6,3.6,4.5
contact-lenses,symmetric,0.2,relabel,dual agreement,0.0,4.5,10,16,30,160,0.38461538461538464,0.25,0.30303030303030304,0.8087395367503726,11.991341991341992,0.09090909090909091,18.59307359307359,21.83982683982684,0.9,1.6,21.6,2.2,4.5
contact-lenses,symmetric,0.2,relabel,dual agreement,1.0,1004.5,10,22,37,147,0.3125,0.2127659574468085,0.25316455696202533,0.7825862804636025,14.848484848484844,0.1301775147928994,21.7965367965368,28.72294372294372,0.7,2.2,21.6,2.1,4.5
contact-lenses,symmetric,0.2,relabel,dual agreement,2.0,2004.5,11,13,33,159,0.4583333333333333,0.25,0.3235294117647059,0.7761490941405802,11.147186147186147,0.0755813953488372,20.476190476190474,21.406926406926406,1.1,1.3,21.6,2.1,4.5
contact-lenses,symmetric,0.2,relabel,none,0.0,4.5,0,0,40,176,,0.0,0.0,,0.0,0.0,18.59307359307359,18.59307359307359,0.0,0.0,21.6,0.0,4.5
contact-lenses,symmetric,0.2,relabel,none,1.0,1004.5,0,0,47,169,,0.0,0.0,,0.0,0.0,21.7965367965368,21.7965367965368,0.0,0.0,21.6,0.0,4.5
contact-lenses,symmetric,0.2,relabel,none,2.0,2004.5,0,0,44,172,,0.0,0.0,,0.0,0.0,20.476190476190474,20.476190476190474,0.0,0.0,21.6,0.0,4.5
contact-lenses,symmetric,0.4,relabel,DT hard_vote,0.0,4.5,18,42,67,89,0.3,0.21176470588235294,0.2482758620689655,0.5592986670192552,27.77056277056277,0.32061068702290074,39.39393939393939,52.316017316017316,1.4,4.2,21.6,6.9,4.5
contact-lenses,symmetric,0.4,relabel,DT hard_vote,1.0,1004.5,26,37,72,81,0.4126984126984127,0.2653061224489796,0.32298136645962733,0.5961080586080586,29.17748917748917,0.3135593220338983,45.47619047619047,54.54545454545455,1.7,3.7,21.6,7.8,4.5
contact-lenses,symmetric,0.4,relabel,DT hard_vote,2.0,2004.5,19,43,66,88,0.3064516129032258,0.2235294117647059,0.2585034013605442,0.5428638028638029,28.636363636363637,0.3282442748091603,39.480519480519476,54.22077922077922,1.1,4.3,21.6,5.6,4.5
contact-lenses,symmetric,0.4,relabel,DT threshold,0.0,4.5,18,42,67,89,0.3,0.21176470588235294,0.2482758620689655,0.5592986670192552,27.77056277056277,0.32061068702290074,39.39393939393939,52.316017316017316,1.4,4.2,21.6,6.9,4.5
contact-lenses,symmetric,0.4,relabel,DT threshold,1.0,1004.5,26,37,72,81,0.4126984126984127,0.2653061224489796,0.32298136645962733,0.5961080586080586,29.17748917748917,0.3135593220338983,45.47619047619047,54.54545454545455,1.7,3.7,21.6,7.8,4.5
contact-lenses,symmetric,0.4,relabel,DT threshold,2.0,2004.5,19,43,66,88,0.3064516129032258,0.2235294117647059,0.2585034013605442,0.5428638028638029,28.636363636363637,0.3282442748091603,39.480519480519476,54.22077922077922,1.1,4.3,21.6,5.6,4.5
contact-lenses,symmetric,0.4,relabel,NB hard_vote,0.0,4.5,28,33,57,98,0.45901639344262296,0.32941176470588235,0.3835616438356164,0.7473841448707759,28.225108225108226,0.25190839694656486,39.39393939393939,44.069264069264065,2.3,3.3,21.6,6.7,4.5
contact-lenses,symmetric,0.4,relabel,NB hard_vote,1.0,1004.5,26,26,72,92,0.5,0.2653061224489796,0.3466666666666667,0.6848778998778998,24.06926406926407,0.22033898305084745,45.47619047619047,48.61471861471861,1.9,2.6,21.6,7.9,4.5
contact-lenses,symmetric,0.4,relabel,NB hard_vote,2.0,2004.5,32,30,53,101,0.5161290322580645,0.3764705882352941,0.43537414965986393,0.6783649452399452,28.701298701298704,0.22900763358778625,39.480519480519476,46.904761904761905,1.4,3.0,21.6,6.0,4.5
contact-lenses,symmetric,0.4,relabel,NB threshold,0.0,4.5,27,33,58,98,0.45,0.3176470588235294,0.3724137931034483,0.7473841448707759,27.77056277056277,0.25190839694656486,39.39393939393939,44.069264069264065,2.3,3.3,21.6,6.2,4.5
contact-lenses,symmetric,0.4,relabel,NB threshold,1.0,1004.5,26,26,72,92,0.5,0.2653061224489796,0.3466666666666667,0.6848778998778998,24.06926406926407,0.22033898305084745,45.47619047619047,48.61471861471861,1.9,2.6,21.6,7.2,4.5
contact-lenses,symmetric,0.4,relabel,NB threshold,2.0,2004.5,31,29,54,102,0.5166666666666667,0.36470588235294116,0.42758620689655175,0.6783649452399452,27.79220779220779,0.22137404580152673,39.480519480519476,46.45021645021645,1.4,2.9,21.6,5.6,4.5
contact-lenses,symmetric,0.4,relabel,committee consensus,0.0,4.5,21,30,64,101,0.4117647058823529,0.24705882352941178,0.3088235294117647,0.6897478887719529,23.614718614718612,0.22900763358778625,39.39393939393939,44.502164502164504,1.9,3.0,21.6,4.5,4.5
contact-lenses,symmetric,0.4,relabel,committee consensus,1.0,1004.5,23,23,75,95,0.5,0.23469387755102042,0.3194444444444444,0.678036804465376,21.277056277056275,0.19491525423728814,45.47619047619047,48.138528138528144,1.7,2.3,21.6,6.5,4.5
contact-lenses,symmetric,0.4,relabel,committee consensus,2.0,2004.5,24,23,61,108,0.5106382978723404,0.2823529411764706,0.36363636363636365,0.6329388666888666,21.709956709956714,0.17557251908396945,39.480519480519476,43.138528138528144,1.5,2.3,21.6,4.6,4.5
contact-lenses,symmetric,0.4,relabel,dual agreement,0.0,4.5,21,19,64,112,0.525,0.24705882352941178,0.336,0.6897478887719529,18.528138528138523,0.1450381679389313,39.39393939393939,39.45887445887446,1.9,1.9,21.6,2.9,4.5
contact-lenses,symmetric,0.4,relabel,dual agreement,1.0,1004.5,21,19,77,99,0.525,0.21428571428571427,0.30434782608695654,0.678036804465376,18.549783549783548,0.16101694915254236,45.47619047619047,47.22943722943723,1.5,1.9,21.6,4.2,4.5
contact-lenses,symmetric,0.4,relabel,dual agreement,2.0,2004.5,20,19,65,112,0.5128205128205128,0.23529411764705882,0.3225806451612903,0.6329388666888666,17.987012987012985,0.1450381679389313,39.480519480519476,43.13852813852814,1.1,1.9,21.6,3.0,4.5
contact-lenses,symmetric,0.4,relabel,none,0.0,4.5,0,0,85,131,,0.0,0.0,,0.0,0.0,39.39393939393939,39.39393939393939,0.0,0.0,21.6,0.0,4.5
contact-lenses,symmetric,0.4,relabel,none,1.0,1004.5,0,0,98,118,,0.0,0.0,,0.0,0.0,45.47619047619047,45.47619047619047,0.0,0.0,21.6,0.0,4.5
contact-lenses,symmetric,0.4,relabel,none,2.0,2004.5,0,0,85,131,,0.0,0.0,,0.0,0.0,39.480519480519476,39.480519480519476,0.0,0.0,21.6,0.0,4.5
diabetes,pairflip,0.0,relabel,DT hard_vote,0.0,4.5,0,2053,0,4859,0.0,,0.0,,29.702387425445238,0.29701967592592593,0.0,29.702387425445238,0.0,205.3,691.2,0.0,4.5
diabetes,pairflip,0.0,relabel,DT hard_vote,1.0,1004.5,0,2099,0,4813,0.0,,0.0,,30.367880177007436,0.30367476851851855,0.0,30.367880177007436,0.0,209.9,691.2,0.0,4.5
diabetes,pairflip,0.0,relabel,DT hard_vote,2.0,2004.5,0,2031,0,4881,0.0,,0.0,,29.38396643885464,0.2938368055555556,0.0,29.38396643885464,0.0,203.1,691.2,0.0,4.5
diabetes,pairflip,0.0,relabel,DT threshold,0.0,4.5,0,2053,0,4859,0.0,,0.0,,29.702387425445238,0.29701967592592593,0.0,29.702387425445238,0.0,205.3,691.2,0.0,4.5
diabetes,pairflip,0.0,relabel,DT threshold,1.0,1004.5,0,2099,0,4813,0.0,,0.0,,30.367880177007436,0.30367476851851855,0.0,30.367880177007436,0.0,209.9,691.2,0.0,4.5
diabetes,pairflip,0.0,relabel,DT threshold,2.0,2004.5,0,2031,0,4881,0.0,,0.0,,29.38396643885464,0.2938368055555556,0.0,29.38396643885464,0.0,203.1,691.2,0.0,4.5
diabetes,pairflip,0.0,relabel,NB hard_vote,0.0,4.5,0,1704,0,5208,0.0,,0.0,,24.652907322051483,0.2465277777777778,0.0,24.652907322051483,0.0,170.4,691.2,0.0,4.5
diabetes,pairflip,0.0,relabel,NB hard_vote,1.0,1004.5,0,1688,0,5224,0.0,,0.0,,24.421442493496066,0.24421296296296297,0.0,24.421442493496066,0.0,168.8,691.2,0.0,4.5
diabetes,pairflip,0.0,relabel,NB hard_vote,2.0,2004.5,0,1704,0,5208,0.0,,0.0,,24.652677279305358,0.2465277777777778,0.0,24.652677279305358,0.0,170.4,691.2,0.0,4.5
diabetes,pairflip,0.0,relabel,NB threshold,0.0,4.5,0,1171,0,5741,0.0,,0.0,,16.941539864316606,0.16941550925925927,0.0,16.941539864316603,0.0,117.1,691.2,0.0,4.5
diabetes,pairflip,0.0,relabel,NB threshold,1.0,1004.5,0,1171,0,5741,0.0,,0.0,,16.941686255155044,0.16941550925925927,0.0,16.941686255155044,0.0,117.1,691.2,0.0,4.5
diabetes,pairflip,0.0,relabel,NB threshold,2.0,2004.5,0,1186,0,5726,0.0,,0.0,,17.15855382582,0.17158564814814814,0.0,17.15855382582,0.0,118.6,691.2,0.0,4.5
diabetes,pairflip,0.0,relabel,committee consensus,0.0,4.5,0,1019,0,5893,0.0,,0.0,,14.742623993040159,0.14742476851851852,0.0,14.742623993040159,0.0,101.9,691.2,0.0,4.5
diabetes,pairflip,0.0,relabel,committee consensus,1.0,1004.5,0,1025,0,5887,0.0,,0.0,,14.829412847259983,0.14829282407407407,0.0,14.829412847259983,0.0,102.5,691.2,0.0,4.5
diabetes,pairflip,0.0,relabel,committee consensus,2.0,2004.5,0,1031,0,5881,0.0,,0.0,,14.916013484687516,0.14916087962962962,0.0,14.916013484687516,0.0,103.1,691.2,0.0,4.5
diabetes,pairflip,0.0,relabel,dual agreement,0.0,4.5,0,738,0,6174,0.0,,0.0,,10.6770576277992,0.10677083333333333,0.0,10.6770576277992,0.0,73.8,691.2,0.0,4.5
diabetes,pairflip,0.0,relabel,dual agreement,1.0,1004.5,0,748,0,6164,0.0,,0.0,,10.821942731904002,0.10821759259259259,0.0,10.821942731904002,0.0,74.8,691.2,0.0,4.5
diabetes,pairflip,0.0,relabel,dual agreement,2.0,2004.5,0,757,0,6155,0.0,,0.0,,10.951979622395289,0.10951967592592593,0.0,10.951979622395289,0.0,75.7,691.2,0.0,4.5
diabetes,pairflip,0.0,relabel,none,0.0,4.5,0,0,0,6912,,,,,0.0,0.0,0.0,0.0,0.0,0.0,691.2,0.0,4.5
diabetes,pairflip,0.0,relabel,none,1.0,1004.5,0,0,0,6912,,,,,0.0,0.0,0.0,0.0,0.0,0.0,691.2,0.0,4.5
diabetes,pairflip,0.0,relabel,none,2.0,2004.5,0,0,0,6912,,,,,0.0,0.0,0.0,0.0,0.0,0.0,691.2,0.0,4.5
diabetes,pairflip,0.1,relabel,DT hard_vote,0.0,4.5,414,2214,256,4028,0.15753424657534246,0.6179104477611941,0.2510612492419648,0.632000516858287,38.02129777569577,0.3546940083306632,9.693332106438689,35.73513296470726,41.4,221.4,691.2,0.0,4.5
diabetes,pairflip,0.1,relabel,DT hard_vote,1.0,1004.5,440,2161,230,4081,0.16916570549788543,0.6567164179104478,0.26903087740752063,0.6531314165968543,37.630162368352806,0.3462031400192246,9.69299749880796,34.59200873325916,44.0,216.1,691.2,0.0,4.5
diabetes,pairflip,0.1,relabel,DT hard_vote,2.0,2004.5,460,2191,219,4042,0.17351942663145983,0.6774668630338734,0.27627627627627627,0.663630191004698,38.35429510719992,0.35151612385689074,9.823368996929974,34.867474465255185,46.0,219.1,691.2,0.0,4.5
diabetes,pairflip,0.1,relabel,DT threshold,0.0,4.5,414,2214,256,4028,0.15753424657534246,0.6179104477611941,0.2510612492419648,0.632000516858287,38.02129777569577,0.3546940083306632,9.693332106438689,35.73513296470726,41.4,221.4,691.2,0.0,4.5
diabetes,pairflip,0.1,relabel,DT threshold,1.0,1004.5,440,2161,230,4081,0.16916570549788543,0.6567164179104478,0.26903087740752063,0.6531314165968543,37.630162368352806,0.3462031400192246,9.69299749880796,34.59200873325916,44.0,216.1,691.2,0.0,4.5
diabetes,pairflip,0.1,relabel,DT threshold,2.0,2004.5,460,2191,219,4042,0.17351942663145983,0.6774668630338734,0.27627627627627627,0.663630191004698,38.35429510719992,0.35151612385689074,9.823368996929974,34.867474465255185,46.0,219.1,691.2,0.0,4.5
diabetes,pairflip,0.1,relabel,NB hard_vote,0.0,4.5,499,1571,171,4671,0.24106280193236715,0.744776119402985,0.36423357664233574,0.8221139441317235,29.9478221225835,0.25168215315603976,9.693332106438689,25.20241670361293,49.9,157.1,691.2,0.0,4.5
diabetes,pairflip,0.1,relabel,NB hard_vote,1.0,1004.5,521,1578,149,4664,0.24821343496903286,0.7776119402985074,0.37630913687251716,0.8263038523408307,30.36773378616899,0.2528035885933996,9.69299749880796,24.985737349740255,52.1,157.8,691.2,0.0,4.5
diabetes,pairflip,0.1,relabel,NB hard_vote,2.0,2004.5,530,1588,149,4645,0.2502360717658168,0.780559646539028,0.37897747586700037,0.8274052377923106,30.64263486778816,0.2547729825124338,9.823368996929974,25.13014145537589,53.0,158.8,691.2,0.0,4.5
diabetes,pairflip,0.1,relabel,NB threshold,0.0,4.5,440,1140,230,5102,0.27848101265822783,0.6567164179104478,0.39111111111111113,0.8221139441317235,22.858783032047047,0.18263377122717078,9.693332106438689,19.820378441230353,44.0,114.0,691.2,0.0,4.5
diabetes,pairflip,0.1,relabel,NB threshold,1.0,1004.5,452,1171,218,5071,0.2784966112138016,0.6746268656716418,0.39424334932402966,0.8263038523408307,23.481236877106983,0.18760012816404997,9.69299749880796,20.09550956559564,45.2,117.1,691.2,0.0,4.5
diabetes,pairflip,0.1,relabel,NB threshold,2.0,2004.5,446,1152,233,5081,0.27909887359199,0.6568483063328424,0.39174352217830477,0.8274052377923106,23.119442376383393,0.1848227177923953,9.823368996929974,20.037622445479872,44.6,115.2,691.2,0.0,4.5
diabetes,pairflip,0.1,relabel,committee consensus,0.0,4.5,351,934,319,5308,0.2731517509727626,0.5238805970149254,0.359079283887468,0.7707836149887447,18.590967267008526,0.14963152835629606,9.693332106438689,18.12787030608233,35.1,93.4,691.2,0.0,4.5
diabetes,pairflip,0.1,relabel,committee consensus,1.0,1004.5,385,917,285,5325,0.2956989247311828,0.5746268656716418,0.39046653144016225,0.7861058786210157,18.836673832846753,0.14690804229413648,9.69299749880796,17.38983043758313,38.5,91.7,691.2,0.0,4.5
diabetes,pairflip,0.1,relabel,committee consensus,2.0,2004.5,390,913,289,5320,0.2993092862624712,0.5743740795287187,0.39354187689202824,0.7972985471126025,18.851752089206393,0.14647842130595218,9.823368996929974,17.390102306283097,39.0,91.3,691.2,0.0,4.5
diabetes,pairflip,0.1,relabel,dual agreement,0.0,4.5,318,709,352,5533,0.30963972736124634,0.4746268656716418,0.37477902180318207,0.7707836149887447,14.858272755410187,0.11358538929830182,9.693332106438689,15.34997866876354,31.8,70.9,691.2,0.0,4.5
diabetes,pairflip,0.1,relabel,dual agreement,1.0,1004.5,341,701,329,5541,0.3272552783109405,0.508955223880597,0.3983644859813084,0.7861058786210157,15.075203065005898,0.11230374879846203,9.69299749880796,14.90124892298169,34.1,70.1,691.2,0.0,4.5
diabetes,pairflip,0.1,relabel,dual agreement,2.0,2004.5,340,690,339,5543,0.3300970873786408,0.5007363770250368,0.3978935049736688,0.7972985471126025,14.901959964196985,0.11070110701107011,9.823368996929974,14.887195402491153,34.0,69.0,691.2,0.0,4.5
diabetes,pairflip,0.1,relabel,none,0.0,4.5,0,0,670,6242,,0.0,0.0,,0.0,0.0,9.693332106438689,9.693332106438689,0.0,0.0,691.2,0.0,4.5
diabetes,pairflip,0.1,relabel,none,1.0,1004.5,0,0,670,6242,,0.0,0.0,,0.0,0.0,9.69299749880796,9.69299749880796,0.0,0.0,691.2,0.0,4.5
diabetes,pairflip,0.1,relabel,none,2.0,2004.5,0,0,679,6233,,0.0,0.0,,0.0,0.0,9.823368996929974,9.823368996929974,0.0,0.0,691.2,0.0,4.5
diabetes,pairflip,0.2,relabel,DT hard_vote,0.0,4.5,859,2153,524,3376,0.2851925630810093,0.6211135213304411,0.39089874857792944,0.616115886743642,43.57653731293342,0.38940133839754026,20.008825276260428,38.72974578185256,85.9,215.3,691.2,0.0,4.5
diabetes,pairflip,0.2,relabel,DT hard_vote,1.0,1004.5,850,2167,538,3357,0.2817368246602585,0.6123919308357348,0.3859250851305335,0.6100990991396178,43.64868708330893,0.3922881969587256,20.080786829843653,39.13460010205533,85.0,216.7,691.2,0.0,4.5
diabetes,pairflip,0.2,relabel,DT hard_vote,2.0,2004.5,830,2117,529,3436,0.2816423481506617,0.6107431935246505,0.3855085926614027,0.6161213147941063,42.636582652267386,0.3812353682694039,19.661335251750415,38.281580686447555,83.0,211.7,691.2,0.0,4.5
diabetes,pairflip,0.2,relabel,DT threshold,0.0,4.5,859,2153,524,3376,0.2851925630810093,0.6211135213304411,0.39089874857792944,0.616115886743642,43.57653731293342,0.38940133839754026,20.008825276260428,38.72974578185256,85.9,215.3,691.2,0.0,4.5
diabetes,pairflip,0.2,relabel,DT threshold,1.0,1004.5,850,2167,538,3357,0.2817368246602585,0.6123919308357348,0.3859250851305335,0.6100990991396178,43.64868708330893,0.3922881969587256,20.080786829843653,39.13460010205533,85.0,216.7,691.2,0.0,4.5
diabetes,pairflip,0.2,relabel,DT threshold,2.0,2004.5,830,2117,529,3436,0.2816423481506617,0.6107431935246505,0.3855085926614027,0.6161213147941063,42.636582652267386,0.3812353682694039,19.661335251750415,38.281580686447555,83.0,211.7,691.2,0.0,4.5
diabetes,pairflip,0.2,relabel,NB hard_vote,0.0,4.5,1043,1457,340,4072,0.4172,0.7541576283441793,0.5372134947205769,0.8129659248945845,36.16895175794484,0.26351962380177246,20.008825276260428,25.998134562458695,104.3,145.7,691.2,0.0,4.5
diabetes,pairflip,0.2,relabel,NB hard_vote,1.0,1004.5,1032,1448,356,4076,0.4161290322580645,0.7435158501440923,0.5336091003102379,0.8089722499454425,35.87976711308902,0.2621288921071687,20.080786829843653,26.099667065407424,103.2,144.8,691.2,0.0,4.5
diabetes,pairflip,0.2,relabel,NB hard_vote,2.0,2004.5,995,1447,364,4106,0.40745290745290746,0.7321559970566593,0.5235464351486451,0.8060599611972574,35.330613252135215,0.2605798667386998,19.661335251750415,26.20096952561003,99.5,144.7,691.2,0.0,4.5
diabetes,pairflip,0.2,relabel,NB threshold,0.0,4.5,916,1143,467,4386,0.4448761534725595,0.6623282718727405,0.5322486926205694,0.8129659248945845,29.78873710714973,0.20672816060770483,20.008825276260428,23.29270639016923,91.6,114.3,691.2,0.0,4.5
diabetes,pairflip,0.2,relabel,NB threshold,1.0,1004.5,903,1114,485,4410,0.4476945959345563,0.6505763688760807,0.5303964757709251,0.8089722499454425,29.18169612608015,0.20166545981173062,20.080786829843653,23.133809591527733,90.3,111.4,691.2,0.0,4.5
diabetes,pairflip,0.2,relabel,NB threshold,2.0,2004.5,872,1120,487,4433,0.43775100401606426,0.6416482707873437,0.5204416592062071,0.8060599611972574,28.819859799402725,0.20169277867819196,19.661335251750415,23.24935378901316,87.2,112.0,691.2,0.0,4.5
diabetes,pairflip,0.2,relabel,committee consensus,0.0,4.5,695,807,688,4722,0.4627163781624501,0.502530730296457,0.48180242634315423,0.7572885836352337,21.73056975314322,0.14595767769940315,20.008825276260428,21.62909998912525,69.5,80.7,691.2,0.0,4.5
diabetes,pairflip,0.2,relabel,committee consensus,1.0,1004.5,696,813,692,4711,0.46123260437375746,0.5014409221902018,0.4804970659302727,0.7490940346471799,21.83155851869202,0.14717595944967415,20.080786829843653,21.77344135583012,69.6,81.3,691.2,0.0,4.5
diabetes,pairflip,0.2,relabel,committee consensus,2.0,2004.5,674,795,685,4758,0.45881552076242343,0.49595290654893304,0.4766619519094767,0.7513703662696527,21.25348201065725,0.1431658562938952,19.661335251750415,21.4121278535757,67.4,79.5,691.2,0.0,4.5
diabetes,pairflip,0.2,relabel,dual agreement,0.0,4.5,622,648,761,4881,0.48976377952755906,0.4497469269703543,0.4689031285337354,0.7572885836352337,18.374057870389734,0.11720021703743896,20.008825276260428,20.384882427243753,62.2,64.8,691.2,0.0,4.5
diabetes,pairflip,0.2,relabel,dual agreement,1.0,1004.5,628,636,760,4888,0.49683544303797467,0.45244956772334294,0.473604826546003,0.7490940346471799,18.287310842123752,0.11513396089790007,20.080786829843653,20.1965610700752,62.8,63.6,691.2,0.0,4.5
diabetes,pairflip,0.2,relabel,dual agreement,2.0,2004.5,605,629,754,4924,0.49027552674230146,0.4451802796173657,0.46664095642113385,0.7513703662696527,17.85317835423237,0.11327210516837745,19.661335251750415,20.00867888542198,60.5,62.9,691.2,0.0,4.5
diabetes,pairflip,0.2,relabel,none,0.0,4.5,0,0,1383,5529,,0.0,0.0,,0.0,0.0,20.008825276260428,20.008825276260428,0.0,0.0,691.2,0.0,4.5
diabetes,pairflip,0.2,relabel,none,1.0,1004.5,0,0,1388,5524,,0.0,0.0,,0.0,0.0,20.080786829843653,20.080786829843653,0.0,0.0,691.2,0.0,4.5
diabetes,pairflip,0.2,relabel,none,2.0,2004.5,0,0,1359,5553,,0.0,0.0,,0.0,0.0,19.661335251750415,19.661335251750415,0.0,0.0,691.2,0.0,4.5
diabetes,pairflip,0.4,relabel,DT hard_vote,0.0,4.5,1470,1932,1286,2224,0.43209876543209874,0.5333817126269956,0.4774277362780123,0.5345676553850931,49.21910944179082,0.46487006737247355,39.87245175376224,46.557159348518944,147.0,193.2,691.2,0.0,4.5
diabetes,pairflip,0.4,relabel,DT hard_vote,1.0,1004.5,1498,1960,1283,2171,0.4331983805668016,0.5386551600143833,0.48020516108350697,0.5317689713767799,50.02819069288874,0.47446138949406924,40.23412077662431,46.91832645993492,149.8,196.0,691.2,0.0,4.5
diabetes,pairflip,0.4,relabel,DT hard_vote,2.0,2004.5,1477,1940,1212,2283,0.4322505121451566,0.5492748233544068,0.4837864395676384,0.5452295901799077,49.435537839940444,0.45938905991001655,38.90340714219987,45.60252377805476,147.7,194.0,691.2,0.0,4.5
diabetes,pairflip,0.4,relabel,DT threshold,0.0,4.5,1470,1932,1286,2224,0.43209876543209874,0.5333817126269956,0.4774277362780123,0.5345676553850931,49.21910944179082,0.46487006737247355,39.87245175376224,46.557159348518944,147.0,193.2,691.2,0.0,4.5
diabetes,pairflip,0.4,relabel,DT threshold,1.0,1004.5,1498,1960,1283,2171,0.4331983805668016,0.5386551600143833,0.48020516108350697,0.5317689713767799,50.02819069288874,0.47446138949406924,40.23412077662431,46.91832645993492,149.8,196.0,691.2,0.0,4.5
diabetes,pairflip,0.4,relabel,DT threshold,2.0,2004.5,1477,1940,1212,2283,0.4322505121451566,0.5492748233544068,0.4837864395676384,0.5452295901799077,49.435537839940444,0.45938905991001655,38.90340714219987,45.60252377805476,147.7,194.0,691.2,0.0,4.5
diabetes,pairflip,0.4,relabel,NB hard_vote,0.0,4.5,1910,1296,846,2860,0.5957579538365565,0.693033381712627,0.6407245890640725,0.7337505556691453,46.383267945425494,0.31183830606352264,39.87245175376224,30.98945567703671,191.0,129.6,691.2,0.0,4.5
diabetes,pairflip,0.4,relabel,NB hard_vote,1.0,1004.5,1889,1265,892,2866,0.5989220038046924,0.6792520676015822,0.6365627632687447,0.7152277007768352,45.630777209874275,0.3062212539336722,40.23412077662431,31.206490551517028,188.9,126.5,691.2,0.0,4.5
diabetes,pairflip,0.4,relabel,NB hard_vote,2.0,2004.5,1855,1270,834,2953,0.5936,0.6898475269616958,0.6381148950808394,0.7428121617296476,45.21176480429636,0.3007340753019181,38.90340714219987,30.44080372752901,185.5,127.0,691.2,0.0,4.5
diabetes,pairflip,0.4,relabel,NB threshold,0.0,4.5,1765,1101,991,3055,0.6158408932309839,0.6404208998548622,0.6278904304517965,0.7337505556691453,41.4645148607614,0.2649181905678537,39.87245175376224,30.265887588566454,176.5,110.1,691.2,0.0,4.5
diabetes,pairflip,0.4,relabel,NB threshold,1.0,1004.5,1765,1134,1016,2997,0.6088306312521559,0.6346637900035959,0.6214788732394366,0.7152277007768352,41.94216725362422,0.27450980392156865,40.23412077662431,31.105167178337503,176.5,113.4,691.2,0.0,4.5
diabetes,pairflip,0.4,relabel,NB threshold,2.0,2004.5,1687,1076,1002,3147,0.6105682229460732,0.6273707698029007,0.6188554658840792,0.7428121617296476,39.974841688764705,0.2547951693109164,38.90340714219987,30.064391055938035,168.7,107.6,691.2,0.0,4.5
diabetes,pairflip,0.4,relabel,committee consensus,0.0,4.5,1076,682,1680,3474,0.6120591581342435,0.3904208998548621,0.4767390341160833,0.6494067097697698,25.434488008499038,0.16410009624639077,39.87245175376224,34.172619894096684,107.6,68.2,691.2,0.0,4.5
diabetes,pairflip,0.4,relabel,committee consensus,1.0,1004.5,1093,677,1688,3454,0.6175141242937853,0.39302409205321825,0.48033399252911446,0.6379757163935642,25.607040981069577,0.16388283708545145,40.23412077662431,34.21572153952971,109.3,67.7,691.2,0.0,4.5
diabetes,pairflip,0.4,relabel,committee consensus,2.0,2004.5,1079,703,1610,3520,0.6054994388327721,0.40126441056154705,0.4826660702303735,0.6634982423927439,25.781162426909145,0.1664693345962586,38.90340714219987,33.464506495570625,107.9,70.3,691.2,0.0,4.5
diabetes,pairflip,0.4,relabel,dual agreement,0.0,4.5,998,583,1758,3573,0.6312460468058191,0.3621190130624093,0.460225962646991,0.6494067097697698,22.873777636499,0.14027911453320502,39.87245175376224,33.868628861581186,99.8,58.3,691.2,0.0,4.5
diabetes,pairflip,0.4,relabel,dual agreement,1.0,1004.5,1023,617,1758,3514,0.623780487804878,0.36785329018338725,0.4627912237050441,0.6379757163935642,23.726817965083693,0.149358508835633,40.23412077662431,34.36041842684222,102.3,61.7,691.2,0.0,4.5
diabetes,pairflip,0.4,relabel,dual agreement,2.0,2004.5,990,601,1699,3622,0.6222501571338781,0.3681666046857568,0.46261682242990654,0.6634982423927439,23.018056264273106,0.14231588917830926,38.90340714219987,33.27628970328668,99.0,60.1,691.2,0.0,4.5
diabetes,pairflip,0.4,relabel,none,0.0,4.5,0,0,2756,4156,,0.0,0.0,,0.0,0.0,39.87245175376224,39.872451753762235,0.0,0.0,691.2,0.0,4.5
diabetes,pairflip,0.4,relabel,none,1.0,1004.5,0,0,2781,4131,,0.0,0.0,,0.0,0.0,40.23412077662431,40.23412077662431,0.0,0.0,691.2,0.0,4.5
diabetes,pairflip,0.4,relabel,none,2.0,2004.5,0,0,2689,4223,,0.0,0.0,,0.0,0.0,38.90340714219987,38.903407142199875,0.0,0.0,691.2,0.0,4.5
diabetes,symmetric,0.0,relabel,DT hard_vote,0.0,4.5,0,2053,0,4859,0.0,,0.0,,29.702387425445238,0.29701967592592593,0.0,29.702387425445238,0.0,205.3,691.2,0.0,4.5
diabetes,symmetric,0.0,relabel,DT hard_vote,1.0,1004.5,0,2099,0,4813,0.0,,0.0,,30.367880177007436,0.30367476851851855,0.0,30.367880177007436,0.0,209.9,691.2,0.0,4.5
diabetes,symmetric,0.0,relabel,DT hard_vote,2.0,2004.5,0,2031,0,4881,0.0,,0.0,,29.38396643885464,0.2938368055555556,0.0,29.38396643885464,0.0,203.1,691.2,0.0,4.5
diabetes,symmetric,0.0,relabel,DT threshold,0.0,4.5,0,2053,0,4859,0.0,,0.0,,29.702387425445238,0.29701967592592593,0.0,29.702387425445238,0.0,205.3,691.2,0.0,4.5
diabetes,symmetric,0.0,relabel,DT threshold,1.0,1004.5,0,2099,0,4813,0.0,,0.0,,30.367880177007436,0.30367476851851855,0.0,30.367880177007436,0.0,209.9,691.2,0.0,4.5
diabetes,symmetric,0.0,relabel,DT threshold,2.0,2004.5,0,2031,0,4881,0.0,,0.0,,29.38396643885464,0.2938368055555556,0.0,29.38396643885464,0.0,203.1,691.2,0.0,4.5
diabetes,symmetric,0.0,relabel,NB hard_vote,0.0,4.5,0,1704,0,5208,0.0,,0.0,,24.652907322051483,0.2465277777777778,0.0,24.652907322051483,0.0,170.4,691.2,0.0,4.5
diabetes,symmetric,0.0,relabel,NB hard_vote,1.0,1004.5,0,1688,0,5224,0.0,,0.0,,24.421442493496066,0.24421296296296297,0.0,24.421442493496066,0.0,168.8,691.2,0.0,4.5
diabetes,symmetric,0.0,relabel,NB hard_vote,2.0,2004.5,0,1704,0,5208,0.0,,0.0,,24.652677279305358,0.2465277777777778,0.0,24.652677279305358,0.0,170.4,691.2,0.0,4.5
diabetes,symmetric,0.0,relabel,NB threshold,0.0,4.5,0,1171,0,5741,0.0,,0.0,,16.941539864316606,0.16941550925925927,0.0,16.941539864316603,0.0,117.1,691.2,0.0,4.5
diabetes,symmetric,0.0,relabel,NB threshold,1.0,1004.5,0,1171,0,5741,0.0,,0.0,,16.941686255155044,0.16941550925925927,0.0,16.941686255155044,0.0,117.1,691.2,0.0,4.5
diabetes,symmetric,0.0,relabel,NB threshold,2.0,2004.5,0,1186,0,5726,0.0,,0.0,,17.15855382582,0.17158564814814814,0.0,17.15855382582,0.0,118.6,691.2,0.0,4.5
diabetes,symmetric,0.0,relabel,committee consensus,0.0,4.5,0,1019,0,5893,0.0,,0.0,,14.742623993040159,0.14742476851851852,0.0,14.742623993040159,0.0,101.9,691.2,0.0,4.5
diabetes,symmetric,0.0,relabel,committee consensus,1.0,1004.5,0,1025,0,5887,0.0,,0.0,,14.829412847259983,0.14829282407407407,0.0,14.829412847259983,0.0,102.5,691.2,0.0,4.5
diabetes,symmetric,0.0,relabel,committee consensus,2.0,2004.5,0,1031,0,5881,0.0,,0.0,,14.916013484687516,0.14916087962962962,0.0,14.916013484687516,0.0,103.1,691.2,0.0,4.5
diabetes,symmetric,0.0,relabel,dual agreement,0.0,4.5,0,738,0,6174,0.0,,0.0,,10.6770576277992,0.10677083333333333,0.0,10.6770576277992,0.0,73.8,691.2,0.0,4.5
diabetes,symmetric,0.0,relabel,dual agreement,1.0,1004.5,0,748,0,6164,0.0,,0.0,,10.821942731904002,0.10821759259259259,0.0,10.821942731904002,0.0,74.8,691.2,0.0,4.5
diabetes,symmetric,0.0,relabel,dual agreement,2.0,2004.5,0,757,0,6155,0.0,,0.0,,10.951979622395289,0.10951967592592593,0.0,10.951979622395289,0.0,75.7,691.2,0.0,4.5
diabetes,symmetric,0.0,relabel,none,0.0,4.5,0,0,0,6912,,,,,0.0,0.0,0.0,0.0,0.0,0.0,691.2,0.0,4.5
diabetes,symmetric,0.0,relabel,none,1.0,1004.5,0,0,0,6912,,,,,0.0,0.0,0.0,0.0,0.0,0.0,691.2,0.0,4.5
diabetes,symmetric,0.0,relabel,none,2.0,2004.5,0,0,0,6912,,,,,0.0,0.0,0.0,0.0,0.0,0.0,691.2,0.0,4.5
diabetes,symmetric,0.1,relabel,DT hard_vote,0.0,4.5,414,2214,256,4028,0.15753424657534246,0.6179104477611941,0.2510612492419648,0.632000516858287,38.02129777569577,0.3546940083306632,9.693332106438689,35.73513296470726,41.4,221.4,691.2,0.0,4.5
diabetes,symmetric,0.1,relabel,DT hard_vote,1.0,1004.5,440,2161,230,4081,0.16916570549788543,0.6567164179104478,0.26903087740752063,0.6531314165968543,37.630162368352806,0.3462031400192246,9.69299749880796,34.59200873325916,44.0,216.1,691.2,0.0,4.5
diabetes,symmetric,0.1,relabel,DT hard_vote,2.0,2004.5,460,2191,219,4042,0.17351942663145983,0.6774668630338734,0.27627627627627627,0.663630191004698,38.35429510719992,0.35151612385689074,9.823368996929974,34.867474465255185,46.0,219.1,691.2,0.0,4.5
diabetes,symmetric,0.1,relabel,DT threshold,0.0,4.5,414,2214,256,4028,0.15753424657534246,0.6179104477611941,0.2510612492419648,0.632000516858287,38.02129777569577,0.3546940083306632,9.693332106438689,35.73513296470726,41.4,221.4,691.2,0.0,4.5
diabetes,symmetric,0.1,relabel,DT threshold,1.0,1004.5,440,2161,230,4081,0.16916570549788543,0.6567164179104478,0.26903087740752063,0.6531314165968543,37.630162368352806,0.3462031400192246,9.69299749880796,34.59200873325916,44.0,216.1,691.2,0.0,4.5
diabetes,symmetric,0.1,relabel,DT threshold,2.0,2004.5,460,2191,219,4042,0.17351942663145983,0.6774668630338734,0.27627627627627627,0.663630191004698,38.35429510719992,0.35151612385689074,9.823368996929974,34.867474465255185,46.0,219.1,691.2,0.0,4.5
diabetes,symmetric,0.1,relabel,NB hard_vote,0.0,4.5,499,1571,171,4671,0.24106280193236715,0.744776119402985,0.36423357664233574,0.8221139441317235,29.9478221225835,0.25168215315603976,9.693332106438689,25.20241670361293,49.9,157.1,691.2,0.0,4.5
diabetes,symmetric,0.1,relabel,NB hard_vote,1.0,1004.5,521,1578,149,4664,0.24821343496903286,0.7776119402985074,0.37630913687251716,0.8263038523408307,30.36773378616899,0.2528035885933996,9.69299749880796,24.985737349740255,52.1,157.8,691.2,0.0,4.5
diabetes,symmetric,0.1,relabel,NB hard_vote,2.0,2004.5,530,1588,149,4645,0.2502360717658168,0.780559646539028,0.37897747586700037,0.8274052377923106,30.64263486778816,0.2547729825124338,9.823368996929974,25.13014145537589,53.0,158.8,691.2,0.0,4.5
diabetes,symmetric,0.1,relabel,NB threshold,0.0,4.5,440,1140,230,5102,0.27848101265822783,0.6567164179104478,0.39111111111111113,0.8221139441317235,22.858783032047047,0.18263377122717078,9.693332106438689,19.820378441230353,44.0,114.0,691.2,0.0,4.5
diabetes,symmetric,0.1,relabel,NB threshold,1.0,1004.5,452,1171,218,5071,0.2784966112138016,0.6746268656716418,0.39424334932402966,0.8263038523408307,23.481236877106983,0.18760012816404997,9.69299749880796,20.09550956559564,45.2,117.1,691.2,0.0,4.5
diabetes,symmetric,0.1,relabel,NB threshold,2.0,2004.5,446,1152,233,5081,0.27909887359199,0.6568483063328424,0.39174352217830477,0.8274052377923106,23.119442376383393,0.1848227177923953,9.823368996929974,20.037622445479872,44.6,115.2,691.2,0.0,4.5
diabetes,symmetric,0.1,relabel,committee consensus,0.0,4.5,351,934,319,5308,0.2731517509727626,0.5238805970149254,0.359079283887468,0.7707836149887447,18.590967267008526,0.14963152835629606,9.693332106438689,18.12787030608233,35.1,93.4,691.2,0.0,4.5
diabetes,symmetric,0.1,relabel,committee consensus,1.0,1004.5,385,917,285,5325,0.2956989247311828,0.5746268656716418,0.39046653144016225,0.7861058786210157,18.836673832846753,0.14690804229413648,9.69299749880796,17.38983043758313,38.5,91.7,691.2,0.0,4.5
diabetes,symmetric,0.1,relabel,committee consensus,2.0,2004.5,390,913,289,5320,0.2993092862624712,0.5743740795287187,0.39354187689202824,0.7972985471126025,18.851752089206393,0.14647842130595218,9.823368996929974,17.390102306283097,39.0,91.3,691.2,0.0,4.5
diabetes,symmetric,0.1,relabel,dual agreement,0.0,4.5,318,709,352,5533,0.30963972736124634,0.4746268656716418,0.37477902180318207,0.7707836149887447,14.858272755410187,0.11358538929830182,9.693332106438689,15.34997866876354,31.8,70.9,691.2,0.0,4.5
diabetes,symmetric,0.1,relabel,dual agreement,1.0,1004.5,341,701,329,5541,0.3272552783109405,0.508955223880597,0.3983644859813084,0.7861058786210157,15.075203065005898,0.11230374879846203,9.69299749880796,14.90124892298169,34.1,70.1,691.2,0.0,4.5
diabetes,symmetric,0.1,relabel,dual agreement,2.0,2004.5,340,690,339,5543,0.3300970873786408,0.5007363770250368,0.3978935049736688,0.7972985471126025,14.901959964196985,0.11070110701107011,9.823368996929974,14.887195402491153,34.0,69.0,691.2,0.0,4.5
diabetes,symmetric,0.1,relabel,none,0.0,4.5,0,0,670,6242,,0.0,0.0,,0.0,0.0,9.693332106438689,9.693332106438689,0.0,0.0,691.2,0.0,4.5
diabetes,symmetric,0.1,relabel,none,1.0,1004.5,0,0,670,6242,,0.0,0.0,,0.0,0.0,9.69299749880796,9.69299749880796,0.0,0.0,691.2,0.0,4.5
diabetes,symmetric,0.1,relabel,none,2.0,2004.5,0,0,679,6233,,0.0,0.0,,0.0,0.0,9.823368996929974,9.823368996929974,0.0,0.0,691.2,0.0,4.5
diabetes,symmetric,0.2,relabel,DT hard_vote,0.0,4.5,859,2153,524,3376,0.2851925630810093,0.6211135213304411,0.39089874857792944,0.616115886743642,43.57653731293342,0.38940133839754026,20.008825276260428,38.72974578185256,85.9,215.3,691.2,0.0,4.5
diabetes,symmetric,0.2,relabel,DT hard_vote,1.0,1004.5,850,2167,538,3357,0.2817368246602585,0.6123919308357348,0.3859250851305335,0.6100990991396178,43.64868708330893,0.3922881969587256,20.080786829843653,39.13460010205533,85.0,216.7,691.2,0.0,4.5
diabetes,symmetric,0.2,relabel,DT hard_vote,2.0,2004.5,830,2117,529,3436,0.2816423481506617,0.6107431935246505,0.3855085926614027,0.6161213147941063,42.636582652267386,0.3812353682694039,19.661335251750415,38.281580686447555,83.0,211.7,691.2,0.0,4.5
diabetes,symmetric,0.2,relabel,DT threshold,0.0,4.5,859,2153,524,3376,0.2851925630810093,0.6211135213304411,0.39089874857792944,0.616115886743642,43.57653731293342,0.38940133839754026,20.008825276260428,38.72974578185256,85.9,215.3,691.2,0.0,4.5
diabetes,symmetric,0.2,relabel,DT threshold,1.0,1004.5,850,2167,538,3357,0.2817368246602585,0.6123919308357348,0.3859250851305335,0.6100990991396178,43.64868708330893,0.3922881969587256,20.080786829843653,39.13460010205533,85.0,216.7,691.2,0.0,4.5
diabetes,symmetric,0.2,relabel,DT threshold,2.0,2004.5,830,2117,529,3436,0.2816423481506617,0.6107431935246505,0.3855085926614027,0.6161213147941063,42.636582652267386,0.3812353682694039,19.661335251750415,38.281580686447555,83.0,211.7,691.2,0.0,4.5
diabetes,symmetric,0.2,relabel,NB hard_vote,0.0,4.5,1043,1457,340,4072,0.4172,0.7541576283441793,0.5372134947205769,0.8129659248945845,36.16895175794484,0.26351962380177246,20.008825276260428,25.998134562458695,104.3,145.7,691.2,0.0,4.5
diabetes,symmetric,0.2,relabel,NB hard_vote,1.0,1004.5,1032,1448,356,4076,0.4161290322580645,0.7435158501440923,0.5336091003102379,0.8089722499454425,35.87976711308902,0.2621288921071687,20.080786829843653,26.099667065407424,103.2,144.8,691.2,0.0,4.5
diabetes,symmetric,0.2,relabel,NB hard_vote,2.0,2004.5,995,1447,364,4106,0.40745290745290746,0.7321559970566593,0.5235464351486451,0.8060599611972574,35.330613252135215,0.2605798667386998,19.661335251750415,26.20096952561003,99.5,144.7,691.2,0.0,4.5
diabetes,symmetric,0.2,relabel,NB threshold,0.0,4.5,916,1143,467,4386,0.4448761534725595,0.6623282718727405,0.5322486926205694,0.8129659248945845,29.78873710714973,0.20672816060770483,20.008825276260428,23.29270639016923,91.6,114.3,691.2,0.0,4.5
diabetes,symmetric,0.2,relabel,NB threshold,1.0,1004.5,903,1114,485,4410,0.4476945959345563,0.6505763688760807,0.5303964757709251,0.8089722499454425,29.18169612608015,0.20166545981173062,20.080786829843653,23.133809591527733,90.3,111.4,691.2,0.0,4.5
diabetes,symmetric,0.2,relabel,NB threshold,2.0,2004.5,872,1120,487,4433,0.43775100401606426,0.6416482707873437,0.5204416592062071,0.8060599611972574,28.819859799402725,0.20169277867819196,19.661335251750415,23.24935378901316,87.2,112.0,691.2,0.0,4.5
diabetes,symmetric,0.2,relabel,committee consensus,0.0,4.5,695,807,688,4722,0.4627163781624501,0.502530730296457,0.48180242634315423,0.7572885836352337,21.73056975314322,0.14595767769940315,20.008825276260428,21.62909998912525,69.5,80.7,691.2,0.0,4.5
diabetes,symmetric,0.2,relabel,committee consensus,1.0,1004.5,696,813,692,4711,0.46123260437375746,0.5014409221902018,0.4804970659302727,0.7490940346471799,21.83155851869202,0.14717595944967415,20.080786829843653,21.77344135583012,69.6,81.3,691.2,0.0,4.5
diabetes,symmetric,0.2,relabel,committee consensus,2.0,2004.5,674,795,685,4758,0.45881552076242343,0.49595290654893304,0.4766619519094767,0.7513703662696527,21.25348201065725,0.1431658562938952,19.661335251750415,21.4121278535757,67.4,79.5,691.2,0.0,4.5
diabetes,symmetric,0.2,relabel,dual agreement,0.0,4.5,622,648,761,4881,0.48976377952755906,0.4497469269703543,0.4689031285337354,0.7572885836352337,18.374057870389734,0.11720021703743896,20.008825276260428,20.384882427243753,62.2,64.8,691.2,0.0,4.5
diabetes,symmetric,0.2,relabel,dual agreement,1.0,1004.5,628,636,760,4888,0.49683544303797467,0.45244956772334294,0.473604826546003,0.7490940346471799,18.287310842123752,0.11513396089790007,20.080786829843653,20.1965610700752,62.8,63.6,691.2,0.0,4.5
diabetes,symmetric,0.2,relabel,dual agreement,2.0,2004.5,605,629,754,4924,0.49027552674230146,0.4451802796173657,0.46664095642113385,0.7513703662696527,17.85317835423237,0.11327210516837745,19.661335251750415,20.00867888542198,60.5,62.9,691.2,0.0,4.5
diabetes,symmetric,0.2,relabel,none,0.0,4.5,0,0,1383,5529,,0.0,0.0,,0.0,0.0,20.008825276260428,20.008825276260428,0.0,0.0,691.2,0.0,4.5
diabetes,symmetric,0.2,relabel,none,1.0,1004.5,0,0,1388,5524,,0.0,0.0,,0.0,0.0,20.080786829843653,20.080786829843653,0.0,0.0,691.2,0.0,4.5
diabetes,symmetric,0.2,relabel,none,2.0,2004.5,0,0,1359,5553,,0.0,0.0,,0.0,0.0,19.661335251750415,19.661335251750415,0.0,0.0,691.2,0.0,4.5
diabetes,symmetric,0.4,relabel,DT hard_vote,0.0,4.5,1470,1932,1286,2224,0.43209876543209874,0.5333817126269956,0.4774277362780123,0.5345676553850931,49.21910944179082,0.46487006737247355,39.87245175376224,46.557159348518944,147.0,193.2,691.2,0.0,4.5
diabetes,symmetric,0.4,relabel,DT hard_vote,1.0,1004.5,1498,1960,1283,2171,0.4331983805668016,0.5386551600143833,0.48020516108350697,0.5317689713767799,50.02819069288874,0.47446138949406924,40.23412077662431,46.91832645993492,149.8,196.0,691.2,0.0,4.5
diabetes,symmetric,0.4,relabel,DT hard_vote,2.0,2004.5,1477,1940,1212,2283,0.4322505121451566,0.5492748233544068,0.4837864395676384,0.5452295901799077,49.435537839940444,0.45938905991001655,38.90340714219987,45.60252377805476,147.7,194.0,691.2,0.0,4.5
diabetes,symmetric,0.4,relabel,DT threshold,0.0,4.5,1470,1932,1286,2224,0.43209876543209874,0.5333817126269956,0.4774277362780123,0.5345676553850931,49.21910944179082,0.46487006737247355,39.87245175376224,46.557159348518944,147.0,193.2,691.2,0.0,4.5
diabetes,symmetric,0.4,relabel,DT threshold,1.0,1004.5,1498,1960,1283,2171,0.4331983805668016,0.5386551600143833,0.48020516108350697,0.5317689713767799,50.02819069288874,0.47446138949406924,40.23412077662431,46.91832645993492,149.8,196.0,691.2,0.0,4.5
diabetes,symmetric,0.4,relabel,DT threshold,2.0,2004.5,1477,1940,1212,2283,0.4322505121451566,0.5492748233544068,0.4837864395676384,0.5452295901799077,49.435537839940444,0.45938905991001655,38.90340714219987,45.60252377805476,147.7,194.0,691.2,0.0,4.5
diabetes,symmetric,0.4,relabel,NB hard_vote,0.0,4.5,1910,1296,846,2860,0.5957579538365565,0.693033381712627,0.6407245890640725,0.7337505556691453,46.383267945425494,0.31183830606352264,39.87245175376224,30.98945567703671,191.0,129.6,691.2,0.0,4.5
diabetes,symmetric,0.4,relabel,NB hard_vote,1.0,1004.5,1889,1265,892,2866,0.5989220038046924,0.6792520676015822,0.6365627632687447,0.7152277007768352,45.630777209874275,0.3062212539336722,40.23412077662431,31.206490551517028,188.9,126.5,691.2,0.0,4.5
diabetes,symmetric,0.4,relabel,NB hard_vote,2.0,2004.5,1855,1270,834,2953,0.5936,0.6898475269616958,0.6381148950808394,0.7428121617296476,45.21176480429636,0.3007340753019181,38.90340714219987,30.44080372752901,185.5,127.0,691.2,0.0,4.5
diabetes,symmetric,0.4,relabel,NB threshold,0.0,4.5,1765,1101,991,3055,0.6158408932309839,0.6404208998548622,0.6278904304517965,0.7337505556691453,41.4645148607614,0.2649181905678537,39.87245175376224,30.265887588566454,176.5,110.1,691.2,0.0,4.5
diabetes,symmetric,0.4,relabel,NB threshold,1.0,1004.5,1765,1134,1016,2997,0.6088306312521559,0.6346637900035959,0.6214788732394366,0.7152277007768352,41.94216725362422,0.27450980392156865,40.23412077662431,31.105167178337503,176.5,113.4,691.2,0.0,4.5
diabetes,symmetric,0.4,relabel,NB threshold,2.0,2004.5,1687,1076,1002,3147,0.6105682229460732,0.6273707698029007,0.6188554658840792,0.7428121617296476,39.974841688764705,0.2547951693109164,38.90340714219987,30.064391055938035,168.7,107.6,691.2,0.0,4.5
diabetes,symmetric,0.4,relabel,committee consensus,0.0,4.5,1076,682,1680,3474,0.6120591581342435,0.3904208998548621,0.4767390341160833,0.6494067097697698,25.434488008499038,0.16410009624639077,39.87245175376224,34.172619894096684,107.6,68.2,691.2,0.0,4.5
diabetes,symmetric,0.4,relabel,committee consensus,1.0,1004.5,1093,677,1688,3454,0.6175141242937853,0.39302409205321825,0.48033399252911446,0.6379757163935642,25.607040981069577,0.16388283708545145,40.23412077662431,34.21572153952971,109.3,67.7,691.2,0.0,4.5
diabetes,symmetric,0.4,relabel,committee consensus,2.0,2004.5,1079,703,1610,3520,0.6054994388327721,0.40126441056154705,0.4826660702303735,0.6634982423927439,25.781162426909145,0.1664693345962586,38.90340714219987,33.464506495570625,107.9,70.3,691.2,0.0,4.5
diabetes,symmetric,0.4,relabel,dual agreement,0.0,4.5,998,583,1758,3573,0.6312460468058191,0.3621190130624093,0.460225962646991,0.6494067097697698,22.873777636499,0.14027911453320502,39.87245175376224,33.868628861581186,99.8,58.3,691.2,0.0,4.5
diabetes,symmetric,0.4,relabel,dual agreement,1.0,1004.5,1023,617,1758,3514,0.623780487804878,0.36785329018338725,0.4627912237050441,0.6379757163935642,23.726817965083693,0.149358508835633,40.23412077662431,34.36041842684222,102.3,61.7,691.2,0.0,4.5
diabetes,symmetric,0.4,relabel,dual agreement,2.0,2004.5,990,601,1699,3622,0.6222501571338781,0.3681666046857568,0.46261682242990654,0.6634982423927439,23.018056264273106,0.14231588917830926,38.90340714219987,33.27628970328668,99.0,60.1,691.2,0.0,4.5
diabetes,symmetric,0.4,relabel,none,0.0,4.5,0,0,2756,4156,,0.0,0.0,,0.0,0.0,39.87245175376224,39.872451753762235,0.0,0.0,691.2,0.0,4.5
diabetes,symmetric,0.4,relabel,none,1.0,1004.5,0,0,2781,4131,,0.0,0.0,,0.0,0.0,40.23412077662431,40.23412077662431,0.0,0.0,691.2,0.0,4.5
diabetes,symmetric,0.4,relabel,none,2.0,2004.5,0,0,2689,4223,,0.0,0.0,,0.0,0.0,38.90340714219987,38.903407142199875,0.0,0.0,691.2,0.0,4.5
glass,pairflip,0.0,relabel,DT hard_vote,0.0,4.5,0,601,0,1325,0.0,,0.0,,31.205742659758208,0.31204569055036346,0.0,31.205742659758208,0.0,60.1,192.6,0.3,4.5
glass,pairflip,0.0,relabel,DT hard_vote,1.0,1004.5,0,634,0,1292,0.0,,0.0,,32.920444732297064,0.3291796469366563,0.0,32.920444732297064,0.0,63.4,192.6,0.9,4.5
glass,pairflip,0.0,relabel,DT hard_vote,2.0,2004.5,0,641,0,1285,0.0,,0.0,,33.27990069084629,0.3328141225337487,0.0,33.27990069084628,0.0,64.1,192.6,0.4,4.5
glass,pairflip,0.0,relabel,DT threshold,0.0,4.5,0,601,0,1325,0.0,,0.0,,31.205742659758208,0.31204569055036346,0.0,31.205742659758208,0.0,60.1,192.6,0.3,4.5
glass,pairflip,0.0,relabel,DT threshold,1.0,1004.5,0,634,0,1292,0.0,,0.0,,32.920444732297064,0.3291796469366563,0.0,32.920444732297064,0.0,63.4,192.6,0.9,4.5
glass,pairflip,0.0,relabel,DT threshold,2.0,2004.5,0,641,0,1285,0.0,,0.0,,33.27990069084629,0.3328141225337487,0.0,33.27990069084628,0.0,64.1,192.6,0.4,4.5
glass,pairflip,0.0,relabel,NB hard_vote,0.0,4.5,0,1038,0,888,0.0,,0.0,,53.89815414507772,0.5389408099688473,0.0,53.89815414507772,0.0,103.8,192.6,3.5,4.5
glass,pairflip,0.0,relabel,NB hard_vote,1.0,1004.5,0,1084,0,842,0.0,,0.0,,56.28535189982729,0.5628245067497404,0.0,56.28535189982729,0.0,108.4,192.6,3.0,4.5
glass,pairflip,0.0,relabel,NB hard_vote,2.0,2004.5,0,1070,0,856,0.0,,0.0,,55.560772884283246,0.5555555555555556,0.0,55.560772884283246,0.0,107.0,192.6,3.2,4.5
glass,pairflip,0.0,relabel,NB threshold,0.0,4.5,0,1007,0,919,0.0,,0.0,,52.28761873920553,0.5228452751817237,0.0,52.28761873920553,0.0,100.7,192.6,2.6,4.5
glass,pairflip,0.0,relabel,NB threshold,1.0,1004.5,0,1043,0,883,0.0,,0.0,,54.15749136442141,0.5415368639667705,0.0,54.15749136442141,0.0,104.3,192.6,2.5,4.5
glass,pairflip,0.0,relabel,NB threshold,2.0,2004.5,0,1043,0,883,0.0,,0.0,,54.15992012089809,0.5415368639667705,0.0,54.15992012089809,0.0,104.3,192.6,2.3,4.5
glass,pairflip,0.0,relabel,committee consensus,0.0,4.5,0,386,0,1540,0.0,,0.0,,20.043447754749565,0.20041536863966772,0.0,20.043447754749565,0.0,38.6,192.6,0.0,4.5
glass,pairflip,0.0,relabel,committee consensus,1.0,1004.5,0,452,0,1474,0.0,,0.0,,23.469613557858374,0.23468328141225336,0.0,23.469613557858377,0.0,45.2,192.6,0.1,4.5
glass,pairflip,0.0,relabel,committee consensus,2.0,2004.5,0,430,0,1496,0.0,,0.0,,22.3272884283247,0.2232606438213915,0.0,22.3272884283247,0.0,43.0,192.6,0.0,4.5
glass,pairflip,0.0,relabel,dual agreement,0.0,4.5,0,205,0,1721,0.0,,0.0,,10.643350604490502,0.10643821391484942,0.0,10.643350604490502,0.0,20.5,192.6,0.0,4.5
glass,pairflip,0.0,relabel,dual agreement,1.0,1004.5,0,229,0,1697,0.0,,0.0,,11.888223229706389,0.11889927310488058,0.0,11.888223229706389,0.0,22.9,192.6,0.0,4.5
glass,pairflip,0.0,relabel,dual agreement,2.0,2004.5,0,247,0,1679,0.0,,0.0,,12.822484887737478,0.12824506749740394,0.0,12.822484887737478,0.0,24.7,192.6,0.0,4.5
glass,pairflip,0.0,relabel,none,0.0,4.5,0,0,0,1926,,,,,0.0,0.0,0.0,0.0,0.0,0.0,192.6,0.0,4.5
glass,pairflip,0.0,relabel,none,1.0,1004.5,0,0,0,1926,,,,,0.0,0.0,0.0,0.0,0.0,0.0,192.6,0.0,4.5
glass,pairflip,0.0,relabel,none,2.0,2004.5,0,0,0,1926,,,,,0.0,0.0,0.0,0.0,0.0,0.0,192.6,0.0,4.5
glass,pairflip,0.1,relabel,DT hard_vote,0.0,4.5,147,646,23,1110,0.1853720050441362,0.8647058823529412,0.3052959501557632,0.7647333799624605,41.17551813471503,0.3678815489749431,8.826101036269431,36.91925734024179,10.5,64.6,192.6,0.6,4.5
glass,pairflip,0.1,relabel,DT hard_vote,1.0,1004.5,160,666,43,1057,0.1937046004842615,0.7881773399014779,0.3109815354713314,0.7290853196084524,42.88698186528497,0.3865351131746953,10.53972366148532,38.89005829015544,12.0,66.6,192.6,2.1,4.5
glass,pairflip,0.1,relabel,DT hard_vote,2.0,2004.5,155,648,33,1090,0.1930261519302615,0.824468085106383,0.31281533804238143,0.7409578730396009,41.6852871329879,0.37284234752589185,9.760902417962003,37.27547495682211,11.8,64.8,192.6,1.7,4.5
glass,pairflip,0.1,relabel,DT threshold,0.0,4.5,147,644,23,1112,0.18584070796460178,0.8647058823529412,0.3059313215400624,0.7647333799624605,41.071351468048356,0.36674259681093396,8.826101036269431,36.81509067357513,10.5,64.4,192.6,0.6,4.5
glass,pairflip,0.1,relabel,DT threshold,1.0,1004.5,159,666,44,1057,0.19272727272727272,0.7832512315270936,0.3093385214007782,0.7290853196084524,42.83516839378238,0.3865351131746953,10.53972366148532,38.89005829015544,12.0,66.6,192.6,2.1,4.5
glass,pairflip,0.1,relabel,DT threshold,2.0,2004.5,155,648,33,1090,0.1930261519302615,0.824468085106383,0.31281533804238143,0.7409578730396009,41.6852871329879,0.37284234752589185,9.760902417962003,37.27547495682211,11.8,64.8,192.6,1.7,4.5
glass,pairflip,0.1,relabel,NB hard_vote,0.0,4.5,127,1083,43,673,0.10495867768595041,0.7470588235294118,0.18405797101449275,0.6597098768245754,62.83381908462867,0.6167425968109339,8.826101036269431,61.94921200345423,6.0,108.3,192.6,4.0,4.5
glass,pairflip,0.1,relabel,NB hard_vote,1.0,1004.5,157,1188,46,535,0.11672862453531599,0.7733990147783252,0.20284237726098192,0.6508797625889902,69.83187607944731,0.689495066744051,10.53972366148532,69.1048683074266,6.0,118.8,192.6,4.4,4.5
glass,pairflip,0.1,relabel,NB hard_vote,2.0,2004.5,143,1125,45,613,0.11277602523659307,0.7606382978723404,0.19642857142857142,0.6565242821642536,65.84601683937824,0.6472957422324511,9.760902417962003,64.7538860103627,6.6,112.5,192.6,4.9,4.5
glass,pairflip,0.1,relabel,NB threshold,0.0,4.5,127,1033,43,723,0.10948275862068965,0.7470588235294118,0.19097744360902255,0.6597098768245754,60.23801813471503,0.5882687927107062,8.826101036269431,59.353141191709845,6.0,103.3,192.6,2.6,4.5
glass,pairflip,0.1,relabel,NB threshold,1.0,1004.5,142,1100,61,623,0.1143317230273752,0.6995073891625616,0.19653979238754327,0.6508797625889902,64.47970639032816,0.6384213580963436,10.53972366148532,64.53205958549222,6.0,110.0,192.6,2.9,4.5
glass,pairflip,0.1,relabel,NB threshold,2.0,2004.5,140,1071,48,667,0.11560693641618497,0.7446808510638298,0.20014295925661185,0.6565242821642536,62.88806131260795,0.6162255466052935,9.760902417962003,62.00345423143352,6.5,107.1,192.6,3.6,4.5
glass,pairflip,0.1,relabel,committee consensus,0.0,4.5,119,473,51,1283,0.20101351351351351,0.7,0.3123359580052493,0.8101247528729182,30.739691278065628,0.2693621867881549,8.826101036269431,29.026608376511227,8.4,47.3,192.6,0.0,4.5
glass,pairflip,0.1,relabel,committee consensus,1.0,1004.5,137,511,66,1212,0.21141975308641975,0.6748768472906403,0.3219741480611046,0.7780327357477675,33.643404576856646,0.2965757399883923,10.53972366148532,31.878238341968917,10.0,51.1,192.6,1.0,4.5
glass,pairflip,0.1,relabel,committee consensus,2.0,2004.5,127,488,61,1250,0.20650406504065041,0.675531914893617,0.3163138231631382,0.7855361509452552,31.93059153713299,0.2807825086306099,9.760902417962003,30.2169689119171,9.4,48.8,192.6,0.5,4.5
glass,pairflip,0.1,relabel,dual agreement,0.0,4.5,60,192,110,1564,0.23809523809523808,0.35294117647058826,0.2843601895734597,0.8101247528729182,13.082901554404142,0.10933940774487472,8.826101036269431,16.457793609671846,4.5,19.2,192.6,0.0,4.5
glass,pairflip,0.1,relabel,dual agreement,1.0,1004.5,52,150,151,1573,0.25742574257425743,0.2561576354679803,0.25679012345679014,0.7780327357477675,10.487640328151986,0.08705745792222867,10.53972366148532,16.146103195164077,4.2,15.0,192.6,0.0,4.5
glass,pairflip,0.1,relabel,dual agreement,2.0,2004.5,53,184,135,1554,0.22362869198312235,0.28191489361702127,0.24941176470588236,0.7855361509452552,12.303000863557859,0.10586881472957423,9.760902417962003,17.079555267702936,4.3,18.4,192.6,0.0,4.5
glass,pairflip,0.1,relabel,none,0.0,4.5,0,0,170,1756,,0.0,0.0,,0.0,0.0,8.826101036269431,8.826101036269431,0.0,0.0,192.6,0.0,4.5
glass,pairflip,0.1,relabel,none,1.0,1004.5,0,0,203,1723,,0.0,0.0,,0.0,0.0,10.53972366148532,10.53972366148532,0.0,0.0,192.6,0.0,4.5
glass,pairflip,0.1,relabel,none,2.0,2004.5,0,0,188,1738,,0.0,0.0,,0.0,0.0,9.760902417962003,9.760902417962003,0.0,0.0,192.6,0.0,4.5
glass,pairflip,0.2,relabel,DT hard_vote,0.0,4.5,265,682,84,895,0.27983104540654696,0.7593123209169055,0.4089506172839506,0.6824271673864883,49.16882556131261,0.4324667089410273,18.120412348877373,43.77104922279793,18.8,68.2,192.6,2.1,4.5
glass,pairflip,0.2,relabel,DT hard_vote,1.0,1004.5,296,657,115,858,0.310598111227702,0.7201946472019465,0.4340175953079179,0.6659647664557568,49.47862694300518,0.43366336633663366,21.34148316062176,44.44300518134715,21.2,65.7,192.6,2.3,4.5
glass,pairflip,0.2,relabel,DT hard_vote,2.0,2004.5,278,645,91,912,0.30119176598049835,0.7533875338753387,0.43034055727554177,0.681151064421985,47.920444732297064,0.4142581888246628,19.156681778929187,42.31244602763385,19.9,64.5,192.6,1.3,4.5
glass,pairflip,0.2,relabel,DT threshold,0.0,4.5,264,682,85,895,0.27906976744186046,0.7564469914040115,0.40772200772200773,0.6824271673864883,49.11701208981002,0.4324667089410273,18.120412348877373,43.82286269430052,18.7,68.2,192.6,2.1,4.5
glass,pairflip,0.2,relabel,DT threshold,1.0,1004.5,295,655,116,860,0.3105263157894737,0.7177615571776156,0.43350477590007347,0.6659647664557568,49.32291666666667,0.43234323432343236,21.34148316062176,44.39092184801381,21.1,65.5,192.6,2.3,4.5
glass,pairflip,0.2,relabel,DT threshold,2.0,2004.5,278,645,91,912,0.30119176598049835,0.7533875338753387,0.43034055727554177,0.681151064421985,47.920444732297064,0.4142581888246628,19.156681778929187,42.31244602763385,19.9,64.5,192.6,1.3,4.5
glass,pairflip,0.2,relabel,NB hard_vote,0.0,4.5,267,1051,82,526,0.20257966616084977,0.7650429799426934,0.3203359328134373,0.6443930142620156,68.44073834196891,0.6664552948636652,18.120412348877373,67.34968696027634,10.3,105.1,192.6,6.0,4.5
glass,pairflip,0.2,relabel,NB hard_vote,1.0,1004.5,318,1054,93,461,0.23177842565597667,0.7737226277372263,0.3567021873247336,0.5950844779000686,71.23164939550949,0.6957095709570957,21.34148316062176,70.87084412780656,10.0,105.4,192.6,8.0,4.5
glass,pairflip,0.2,relabel,NB hard_vote,2.0,2004.5,268,1045,101,512,0.2041127189642041,0.7262872628726287,0.31866825208085614,0.6101136660613252,68.17330526770294,0.6711624919717405,19.156681778929187,68.37813039723662,9.7,104.5,192.6,7.5,4.5
glass,pairflip,0.2,relabel,NB threshold,0.0,4.5,246,977,103,600,0.20114472608340148,0.7048710601719198,0.31297709923664124,0.6443930142620156,63.50226683937824,0.6195307545973368,18.120412348877373,63.65851683937823,10.0,97.7,192.6,3.7,4.5
glass,pairflip,0.2,relabel,NB threshold,1.0,1004.5,302,1011,109,504,0.23000761614623,0.7347931873479319,0.3503480278422274,0.5950844779000686,68.1635902417962,0.6673267326732674,21.34148316062176,68.68631260794473,9.9,101.1,192.6,6.1,4.5
glass,pairflip,0.2,relabel,NB threshold,2.0,2004.5,247,985,122,572,0.200487012987013,0.6693766937669376,0.30855715178013743,0.6101136660613252,63.974794905008636,0.6326268464996788,19.156681778929187,65.11253238341969,10.0,98.5,192.6,3.9,4.5
glass,pairflip,0.2,relabel,committee consensus,0.0,4.5,226,513,123,1064,0.30581867388362655,0.6475644699140402,0.41544117647058826,0.7346598314061189,38.37462219343696,0.3253012048192771,18.120412348877373,36.50205094991365,15.9,51.3,192.6,0.7,4.5
glass,pairflip,0.2,relabel,committee consensus,1.0,1004.5,249,510,162,1005,0.32806324110671936,0.6058394160583942,0.4256410256410256,0.6966855214598681,39.40360535405872,0.33663366336633666,21.34148316062176,38.522776338514674,17.9,51.0,192.6,1.1,4.5
glass,pairflip,0.2,relabel,committee consensus,2.0,2004.5,221,501,148,1056,0.3060941828254848,0.5989159891598916,0.40513290559120074,0.7180400593563299,37.48623704663212,0.3217726396917148,19.156681778929187,37.22285189982729,15.3,50.1,192.6,0.3,4.5
glass,pairflip,0.2,relabel,dual agreement,0.0,4.5,94,192,255,1385,0.32867132867132864,0.2693409742120344,0.29606299212598425,0.7346598314061189,14.84294041450777,0.12175015852885225,18.120412348877373,24.34747409326425,7.2,19.2,192.6,0.0,4.5
glass,pairflip,0.2,relabel,dual agreement,1.0,1004.5,88,163,323,1352,0.350597609561753,0.2141119221411192,0.26586102719033233,0.6966855214598681,13.025690846286702,0.1075907590759076,21.34148316062176,26.47830310880829,6.4,16.3,192.6,0.2,4.5
glass,pairflip,0.2,relabel,dual agreement,2.0,2004.5,82,170,287,1387,0.3253968253968254,0.2222222222222222,0.2640901771336554,0.7180400593563299,13.088028929188255,0.10918432883750803,19.156681778929187,24.659704231433505,6.4,17.0,192.6,0.0,4.5
glass,pairflip,0.2,relabel,none,0.0,4.5,0,0,349,1577,,0.0,0.0,,0.0,0.0,18.120412348877373,18.120412348877373,0.0,0.0,192.6,0.0,4.5
glass,pairflip,0.2,relabel,none,1.0,1004.5,0,0,411,1515,,0.0,0.0,,0.0,0.0,21.34148316062176,21.34148316062176,0.0,0.0,192.6,0.0,4.5
glass,pairflip,0.2,relabel,none,2.0,2004.5,0,0,369,1557,,0.0,0.0,,0.0,0.0,19.156681778929187,19.15668177892919,0.0,0.0,192.6,0.0,4.5
glass,pairflip,0.4,relabel,DT hard_vote,0.0,4.5,461,647,276,542,0.41606498194945846,0.6255088195386703,0.4997289972899729,0.5693432169573397,57.5259067357513,0.5441547518923465,38.265328151986175,55.59990284974093,31.3,64.7,192.6,4.3,4.5
glass,pairflip,0.4,relabel,DT hard_vote,1.0,1004.5,494,637,319,476,0.4367816091954023,0.6076260762607626,0.5082304526748971,0.5396240527285083,58.724363126079446,0.5723270440251572,42.21718480138169,58.7246329879102,31.9,63.7,192.6,4.6,4.5
glass,pairflip,0.4,relabel,DT hard_vote,2.0,2004.5,467,614,275,570,0.4320074005550416,0.6293800539083558,0.5123422929237521,0.5729693241882863,56.12532383419689,0.518581081081081,38.52169689119171,54.62354274611399,30.4,61.4,192.6,2.8,4.5
glass,pairflip,0.4,relabel,DT threshold,0.0,4.5,461,647,276,542,0.41606498194945846,0.6255088195386703,0.4997289972899729,0.5693432169573397,57.5259067357513,0.5441547518923465,38.265328151986175,55.59990284974093,31.3,64.7,192.6,4.3,4.5
glass,pairflip,0.4,relabel,DT threshold,1.0,1004.5,494,637,319,476,0.4367816091954023,0.6076260762607626,0.5082304526748971,0.5396240527285083,58.724363126079446,0.5723270440251572,42.21718480138169,58.7246329879102,31.9,63.7,192.6,4.6,4.5
glass,pairflip,0.4,relabel,DT threshold,2.0,2004.5,467,614,275,570,0.4320074005550416,0.6293800539083558,0.5123422929237521,0.5729693241882863,56.12532383419689,0.518581081081081,38.52169689119171,54.62354274611399,30.4,61.4,192.6,2.8,4.5
glass,pairflip,0.4,relabel,NB hard_vote,0.0,4.5,545,819,192,370,0.39956011730205276,0.7394843962008141,0.5188005711565921,0.5366513380081328,70.82604706390329,0.6888141295206055,38.265328151986175,71.13557858376512,18.6,81.9,192.6,9.3,4.5
glass,pairflip,0.4,relabel,NB hard_vote,1.0,1004.5,547,728,266,385,0.42901960784313725,0.6728167281672817,0.5239463601532567,0.5203183253066428,66.19710708117444,0.6540880503144654,42.21718480138169,69.51910621761657,20.2,72.8,192.6,10.1,4.5
glass,pairflip,0.4,relabel,NB hard_vote,2.0,2004.5,513,808,229,376,0.3883421650264951,0.6913746630727763,0.4973339796412991,0.536740506119099,68.58835276338513,0.6824324324324325,38.52169689119171,72.22123272884282,15.9,80.8,192.6,7.8,4.5
glass,pairflip,0.4,relabel,NB threshold,0.0,4.5,532,796,205,393,0.4006024096385542,0.7218453188602443,0.5152542372881356,0.5366513380081328,68.95941278065631,0.6694701429772918,38.265328151986175,69.99487262521589,18.5,79.6,192.6,7.2,4.5
glass,pairflip,0.4,relabel,NB threshold,1.0,1004.5,529,707,284,406,0.4279935275080906,0.6506765067650676,0.51634943875061,0.5203183253066428,64.17233376511226,0.6352201257861635,42.21718480138169,68.58349525043178,19.9,70.7,192.6,7.3,4.5
glass,pairflip,0.4,relabel,NB threshold,2.0,2004.5,491,759,251,425,0.3928,0.6617250673854448,0.4929718875502008,0.536740506119099,64.90177029360967,0.6410472972972973,38.52169689119171,69.62543177892918,16.0,75.9,192.6,4.0,4.5
glass,pairflip,0.4,relabel,committee consensus,0.0,4.5,391,493,346,696,0.4423076923076923,0.5305291723202171,0.4824182603331277,0.582207968412164,45.89890975820379,0.4146341463414634,38.265328151986175,50.306023316062166,26.1,49.3,192.6,2.3,4.5
glass,pairflip,0.4,relabel,committee consensus,1.0,1004.5,390,457,423,656,0.4604486422668241,0.4797047970479705,0.46987951807228917,0.5492829260427836,43.978033246977546,0.4106019766397125,42.21718480138169,53.37678108808291,24.2,45.7,192.6,3.2,4.5
glass,pairflip,0.4,relabel,committee consensus,2.0,2004.5,361,485,381,699,0.42671394799054374,0.4865229110512129,0.45465994962216627,0.5823070841517287,43.92406088082902,0.4096283783783784,38.52169689119171,51.81563039723661,22.9,48.5,192.6,1.2,4.5
glass,pairflip,0.4,relabel,dual agreement,0.0,4.5,154,151,583,1038,0.5049180327868853,0.208955223880597,0.29558541266794625,0.582207968412164,15.83036485319516,0.12699747687132043,38.265328151986175,40.079339378238345,11.6,15.1,192.6,0.3,4.5
glass,pairflip,0.4,relabel,dual agreement,1.0,1004.5,150,179,663,934,0.45592705167173253,0.18450184501845018,0.2626970227670753,0.5492829260427836,17.084682642487046,0.16082659478885894,42.21718480138169,45.69111614853195,11.2,17.9,192.6,0.0,4.5
glass,pairflip,0.4,relabel,dual agreement,2.0,2004.5,120,145,622,1039,0.4528301886792453,0.16172506738544473,0.23833167825223436,0.5823070841517287,13.75917530224525,0.12246621621621621,38.52169689119171,41.48289075993092,8.8,14.5,192.6,0.1,4.5
glass,pairflip,0.4,relabel,none,0.0,4.5,0,0,737,1189,,0.0,0.0,,0.0,0.0,38.265328151986175,38.26532815198618,0.0,0.0,192.6,0.0,4.5
glass,pairflip,0.4,relabel,none,1.0,1004.5,0,0,813,1113,,0.0,0.0,,0.0,0.0,42.21718480138169,42.21718480138169,0.0,0.0,192.6,0.0,4.5
glass,pairflip,0.4,relabel,none,2.0,2004.5,0,0,742,1184,,0.0,0.0,,0.0,0.0,38.52169689119171,38.52169689119171,0.0,0.0,192.6,0.0,4.5
glass,symmetric,0.0,relabel,DT hard_vote,0.0,4.5,0,601,0,1325,0.0,,0.0,,31.205742659758208,0.31204569055036346,0.0,31.205742659758208,0.0,60.1,192.6,0.3,4.5
glass,symmetric,0.0,relabel,DT hard_vote,1.0,1004.5,0,634,0,1292,0.0,,0.0,,32.920444732297064,0.3291796469366563,0.0,32.920444732297064,0.0,63.4,192.6,0.9,4.5
glass,symmetric,0.0,relabel,DT hard_vote,2.0,2004.5,0,641,0,1285,0.0,,0.0,,33.27990069084629,0.3328141225337487,0.0,33.27990069084628,0.0,64.1,192.6,0.4,4.5
glass,symmetric,0.0,relabel,DT threshold,0.0,4.5,0,601,0,1325,0.0,,0.0,,31.205742659758208,0.31204569055036346,0.0,31.205742659758208,0.0,60.1,192.6,0.3,4.5
glass,symmetric,0.0,relabel,DT threshold,1.0,1004.5,0,634,0,1292,0.0,,0.0,,32.920444732297064,0.3291796469366563,0.0,32.920444732297064,0.0,63.4,192.6,0.9,4.5
glass,symmetric,0.0,relabel,DT threshold,2.0,2004.5,0,641,0,1285,0.0,,0.0,,33.27990069084629,0.3328141225337487,0.0,33.27990069084628,0.0,64.1,192.6,0.4,4.5
glass,symmetric,0.0,relabel,NB hard_vote,0.0,4.5,0,1038,0,888,0.0,,0.0,,53.89815414507772,0.5389408099688473,0.0,53.89815414507772,0.0,103.8,192.6,3.5,4.5
glass,symmetric,0.0,relabel,NB hard_vote,1.0,1004.5,0,1084,0,842,0.0,,0.0,,56.28535189982729,0.5628245067497404,0.0,56.28535189982729,0.0,108.4,192.6,3.0,4.5
glass,symmetric,0.0,relabel,NB hard_vote,2.0,2004.5,0,1070,0,856,0.0,,0.0,,55.560772884283246,0.5555555555555556,0.0,55.560772884283246,0.0,107.0,192.6,3.2,4.5
glass,symmetric,0.0,relabel,NB threshold,0.0,4.5,0,1007,0,919,0.0,,0.0,,52.28761873920553,0.5228452751817237,0.0,52.28761873920553,0.0,100.7,192.6,2.6,4.5
glass,symmetric,0.0,relabel,NB threshold,1.0,1004.5,0,1043,0,883,0.0,,0.0,,54.15749136442141,0.5415368639667705,0.0,54.15749136442141,0.0,104.3,192.6,2.5,4.5
glass,symmetric,0.0,relabel,NB threshold,2.0,2004.5,0,1043,0,883,0.0,,0.0,,54.15992012089809,0.5415368639667705,0.0,54.15992012089809,0.0,104.3,192.6,2.3,4.5
glass,symmetric,0.0,relabel,committee consensus,0.0,4.5,0,386,0,1540,0.0,,0.0,,20.043447754749565,0.20041536863966772,0.0,20.043447754749565,0.0,38.6,192.6,0.0,4.5
glass,symmetric,0.0,relabel,committee consensus,1.0,1004.5,0,452,0,1474,0.0,,0.0,,23.469613557858374,0.23468328141225336,0.0,23.469613557858377,0.0,45.2,192.6,0.1,4.5
glass,symmetric,0.0,relabel,committee consensus,2.0,2004.5,0,430,0,1496,0.0,,0.0,,22.3272884283247,0.2232606438213915,0.0,22.3272884283247,0.0,43.0,192.6,0.0,4.5
glass,symmetric,0.0,relabel,dual agreement,0.0,4.5,0,205,0,1721,0.0,,0.0,,10.643350604490502,0.10643821391484942,0.0,10.643350604490502,0.0,20.5,192.6,0.0,4.5
glass,symmetric,0.0,relabel,dual agreement,1.0,1004.5,0,229,0,1697,0.0,,0.0,,11.888223229706389,0.11889927310488058,0.0,11.888223229706389,0.0,22.9,192.6,0.0,4.5
glass,symmetric,0.0,relabel,dual agreement,2.0,2004.5,0,247,0,1679,0.0,,0.0,,12.822484887737478,0.12824506749740394,0.0,12.822484887737478,0.0,24.7,192.6,0.0,4.5
glass,symmetric,0.0,relabel,none,0.0,4.5,0,0,0,1926,,,,,0.0,0.0,0.0,0.0,0.0,0.0,192.6,0.0,4.5
glass,symmetric,0.0,relabel,none,1.0,1004.5,0,0,0,1926,,,,,0.0,0.0,0.0,0.0,0.0,0.0,192.6,0.0,4.5
glass,symmetric,0.0,relabel,none,2.0,2004.5,0,0,0,1926,,,,,0.0,0.0,0.0,0.0,0.0,0.0,192.6,0.0,4.5
glass,symmetric,0.1,relabel,DT hard_vote,0.0,4.5,151,647,19,1109,0.18922305764411027,0.888235294117647,0.3119834710743802,0.7873719872526336,41.43161701208981,0.3684510250569476,8.826101036269431,36.91466968911917,10.6,64.7,192.6,1.0,4.5
glass,symmetric,0.1,relabel,DT hard_vote,1.0,1004.5,170,700,33,1023,0.19540229885057472,0.8374384236453202,0.3168685927306617,0.7502233497872771,45.16920336787565,0.4062681369704005,10.53972366148532,40.705688687392055,11.9,70.0,192.6,1.9,4.5
glass,symmetric,0.1,relabel,DT hard_vote,2.0,2004.5,152,672,36,1066,0.18446601941747573,0.8085106382978723,0.30039525691699603,0.7416690541056621,42.78254533678757,0.3866513233601841,9.760902417962003,38.73407815198618,11.4,67.2,192.6,1.9,4.5
glass,symmetric,0.1,relabel,DT threshold,0.0,4.5,150,645,20,1111,0.18867924528301888,0.8823529411764706,0.31088082901554404,0.7873719872526336,41.2759067357513,0.3673120728929385,8.826101036269431,36.86258635578584,10.5,64.5,192.6,1.0,4.5
glass,symmetric,0.1,relabel,DT threshold,1.0,1004.5,170,700,33,1023,0.19540229885057472,0.8374384236453202,0.3168685927306617,0.7502233497872771,45.16920336787565,0.4062681369704005,10.53972366148532,40.705688687392055,11.9,70.0,192.6,1.9,4.5
glass,symmetric,0.1,relabel,DT threshold,2.0,2004.5,152,672,36,1066,0.18446601941747573,0.8085106382978723,0.30039525691699603,0.7416690541056621,42.78254533678757,0.3866513233601841,9.760902417962003,38.73407815198618,11.4,67.2,192.6,1.9,4.5
glass,symmetric,0.1,relabel,NB hard_vote,0.0,4.5,142,1050,28,706,0.11912751677852348,0.8352941176470589,0.20851688693098386,0.7411961066240952,61.888223229706384,0.5979498861047836,8.826101036269431,60.33139032815198,5.8,105.0,192.6,6.9,4.5
glass,symmetric,0.1,relabel,NB hard_vote,1.0,1004.5,166,1119,37,604,0.12918287937743192,0.8177339901477833,0.22311827956989247,0.7446423212965139,66.71767055267702,0.6494486360998258,10.53972366148532,65.52407167530224,6.0,111.9,192.6,6.8,4.5
glass,symmetric,0.1,relabel,NB hard_vote,2.0,2004.5,154,1072,34,666,0.12561174551386622,0.8191489361702128,0.21782178217821782,0.7781787629275094,63.64502374784111,0.616800920598389,9.760902417962003,62.60497625215889,5.4,107.2,192.6,6.7,4.5
glass,symmetric,0.1,relabel,NB threshold,0.0,4.5,139,1009,31,747,0.1210801393728223,0.8176470588235294,0.2109256449165402,0.7411961066240952,59.604112694300525,0.5746013667425968,8.826101036269431,58.25453367875648,5.7,100.9,192.6,5.8,4.5
glass,symmetric,0.1,relabel,NB threshold,1.0,1004.5,157,1028,46,695,0.13248945147679325,0.7733990147783252,0.22622478386167147,0.7446423212965139,61.51959196891191,0.5966337782936738,10.53972366148532,60.793663644214156,6.0,102.8,192.6,4.7,4.5
glass,symmetric,0.1,relabel,NB threshold,2.0,2004.5,145,1004,43,734,0.12619669277632725,0.7712765957446809,0.2169035153328347,0.7781787629275094,59.64378238341969,0.5776754890678941,9.760902417962003,59.12294905008635,5.3,100.4,192.6,4.8,4.5
glass,symmetric,0.1,relabel,committee consensus,0.0,4.5,140,474,30,1282,0.2280130293159609,0.8235294117647058,0.35714285714285715,0.8579031272114641,31.87769861830743,0.26993166287015946,8.826101036269431,28.503616148531954,9.5,47.4,192.6,0.3,4.5
glass,symmetric,0.1,relabel,committee consensus,1.0,1004.5,157,512,46,1211,0.23467862481315396,0.7733990147783252,0.36009174311926606,0.8400331990751745,34.734725820379964,0.2971561230412072,10.53972366148532,31.51770293609672,10.8,51.2,192.6,0.8,4.5
glass,symmetric,0.1,relabel,committee consensus,2.0,2004.5,146,493,42,1245,0.22848200312989045,0.776595744680851,0.35308343409915355,0.841396027593191,33.176543609671846,0.2836593785960875,9.760902417962003,29.801921416234887,10.7,49.3,192.6,0.9,4.5
glass,symmetric,0.1,relabel,dual agreement,0.0,4.5,56,176,114,1580,0.2413793103448276,0.32941176470588235,0.27860696517412936,0.8579031272114641,12.044203367875648,0.10022779043280182,8.826101036269431,15.67978195164076,4.4,17.6,192.6,0.0,4.5
glass,symmetric,0.1,relabel,dual agreement,1.0,1004.5,53,140,150,1583,0.27461139896373055,0.26108374384236455,0.2676767676767677,0.8400331990751745,10.021049222797929,0.0812536273940801,10.53972366148532,15.679242227979273,4.1,14.0,192.6,0.0,4.5
glass,symmetric,0.1,relabel,dual agreement,2.0,2004.5,48,160,140,1578,0.23076923076923078,0.2553191489361702,0.24242424242424243,0.841396027593191,10.799870466321243,0.09205983889528194,9.760902417962003,15.938039723661484,4.1,16.0,192.6,0.0,4.5
glass,symmetric,0.1,relabel,none,0.0,4.5,0,0,170,1756,,0.0,0.0,,0.0,0.0,8.826101036269431,8.826101036269431,0.0,0.0,192.6,0.0,4.5
glass,symmetric,0.1,relabel,none,1.0,1004.5,0,0,203,1723,,0.0,0.0,,0.0,0.0,10.53972366148532,10.53972366148532,0.0,0.0,192.6,0.0,4.5
glass,symmetric,0.1,relabel,none,2.0,2004.5,0,0,188,1738,,0.0,0.0,,0.0,0.0,9.760902417962003,9.760902417962003,0.0,0.0,192.6,0.0,4.5
glass,symmetric,0.2,relabel,DT hard_vote,0.0,4.5,303,669,46,908,0.3117283950617284,0.8681948424068768,0.4587433762301287,0.7481729145341443,50.4668609671848,0.42422320862396956,18.120412348877373,42.576101036269435,19.8,66.9,192.6,2.3,4.5
glass,symmetric,0.2,relabel,DT hard_vote,1.0,1004.5,329,700,82,815,0.3197278911564626,0.8004866180048662,0.45694444444444443,0.7161105692297666,53.43156303972366,0.46204620462046203,21.34148316062176,47.35724309153713,19.9,70.0,192.6,4.2,4.5
glass,symmetric,0.2,relabel,DT hard_vote,2.0,2004.5,310,692,59,865,0.3093812375249501,0.8401084010840109,0.4522246535375638,0.7296633267911553,52.02288428324698,0.4444444444444444,19.156681778929187,45.69300518134715,18.1,69.2,192.6,2.7,4.5
glass,symmetric,0.2,relabel,DT threshold,0.0,4.5,303,667,46,910,0.31237113402061856,0.8681948424068768,0.45943896891584535,0.7481729145341443,50.36323402417962,0.4229549778059607,18.120412348877373,42.472474093264246,19.8,66.7,192.6,2.3,4.5
glass,symmetric,0.2,relabel,DT threshold,1.0,1004.5,330,699,81,816,0.3206997084548105,0.8029197080291971,0.4583333333333333,0.7161105692297666,53.43156303972366,0.4613861386138614,21.34148316062176,47.253076424870464,20.0,69.9,192.6,4.0,4.5
glass,symmetric,0.2,relabel,DT threshold,2.0,2004.5,311,690,58,867,0.3106893106893107,0.8428184281842819,0.454014598540146,0.7296633267911553,51.970800949913645,0.44315992292870904,19.156681778929187,45.53675518134715,18.2,69.0,192.6,2.6,4.5
glass,symmetric,0.2,relabel,NB hard_vote,0.0,4.5,288,950,61,627,0.23263327948303716,0.8252148997134671,0.3629489603024575,0.7527419358658827,64.29269214162349,0.6024096385542169,18.120412348877373,60.093911917098445,14.2,95.0,192.6,7.4,4.5
glass,symmetric,0.2,relabel,NB hard_vote,1.0,1004.5,335,848,76,667,0.28317836010143704,0.8150851581508516,0.4203262233375157,0.7612865166905255,61.414885578583764,0.5597359735973597,21.34148316062176,56.94894214162349,16.2,84.8,192.6,8.5,4.5
glass,symmetric,0.2,relabel,NB hard_vote,2.0,2004.5,313,977,56,580,0.24263565891472869,0.8482384823848238,0.377335744424352,0.7413484003428356,66.9794365284974,0.6274887604367373,19.156681778929187,63.9189335060449,11.5,97.7,192.6,6.9,4.5
glass,symmetric,0.2,relabel,NB threshold,0.0,4.5,272,874,77,703,0.23734729493891799,0.7793696275071633,0.36387959866220737,0.7527419358658827,59.512359671848,0.5542168674698795,18.120412348877373,56.35173791018999,13.8,87.4,192.6,4.6,4.5
glass,symmetric,0.2,relabel,NB threshold,1.0,1004.5,331,821,80,694,0.2873263888888889,0.805352798053528,0.4235444657709533,0.7612865166905255,59.80569948186528,0.5419141914191419,21.34148316062176,55.5996329879102,16.1,82.1,192.6,6.2,4.5
glass,symmetric,0.2,relabel,NB threshold,2.0,2004.5,306,939,63,618,0.2457831325301205,0.8292682926829268,0.379182156133829,0.7413484003428356,64.64405224525044,0.603082851637765,19.156681778929187,61.99886658031088,11.4,93.9,192.6,4.6,4.5
glass,symmetric,0.2,relabel,committee consensus,0.0,4.5,278,478,71,1099,0.36772486772486773,0.7965616045845272,0.5031674208144796,0.8407278195111374,39.25545120898101,0.30310716550412176,18.120412348877373,33.65177029360968,17.9,47.8,192.6,0.8,4.5
glass,symmetric,0.2,relabel,committee consensus,1.0,1004.5,321,455,90,1060,0.41365979381443296,0.781021897810219,0.5408593091828138,0.8243742291645189,40.29280008635579,0.30033003300330036,21.34148316062176,35.30683290155441,18.6,45.5,192.6,1.9,4.5
glass,symmetric,0.2,relabel,committee consensus,2.0,2004.5,294,498,75,1059,0.3712121212121212,0.7967479674796748,0.5064599483204134,0.8256564312327205,41.119926597582044,0.3198458574181118,19.156681778929187,36.50232081174438,16.4,49.8,192.6,0.9,4.5
glass,symmetric,0.2,relabel,dual agreement,0.0,4.5,112,138,237,1439,0.448,0.3209169054441261,0.3739565943238731,0.8407278195111374,12.974956822107083,0.08750792644261256,18.120412348877373,20.561852331606215,9.1,13.8,192.6,0.0,4.5
glass,symmetric,0.2,relabel,dual agreement,1.0,1004.5,135,175,276,1340,0.43548387096774194,0.3284671532846715,0.37447988904299584,0.8243742291645189,16.099417098445596,0.11551155115511551,21.34148316062176,25.133851468048363,10.2,17.5,192.6,0.0,4.5
glass,symmetric,0.2,relabel,dual agreement,2.0,2004.5,107,152,262,1405,0.41312741312741313,0.2899728997289973,0.34076433121019106,0.8256564312327205,13.446945164075993,0.09762363519588953,19.156681778929187,23.362748272884282,7.1,15.2,192.6,0.0,4.5
glass,symmetric,0.2,relabel,none,0.0,4.5,0,0,349,1577,,0.0,0.0,,0.0,0.0,18.120412348877373,18.120412348877373,0.0,0.0,192.6,0.0,4.5
glass,symmetric,0.2,relabel,none,1.0,1004.5,0,0,411,1515,,0.0,0.0,,0.0,0.0,21.34148316062176,21.34148316062176,0.0,0.0,192.6,0.0,4.5
glass,symmetric,0.2,relabel,none,2.0,2004.5,0,0,369,1557,,0.0,0.0,,0.0,0.0,19.156681778929187,19.15668177892919,0.0,0.0,192.6,0.0,4.5
glass,symmetric,0.4,relabel,DT hard_vote,0.0,4.5,594,709,143,480,0.45587106676899464,0.8059701492537313,0.5823529411764706,0.6470524129647248,67.65301165803109,0.5962994112699748,38.265328151986175,60.5939658894646,27.9,70.9,192.6,6.3,4.5
glass,symmetric,0.4,relabel,DT hard_vote,1.0,1004.5,677,688,136,425,0.495970695970696,0.8327183271832719,0.6216712580348944,0.629780006239119,70.87354274611398,0.6181491464510332,42.21718480138169,61.78135794473229,31.1,68.8,192.6,4.2,4.5
glass,symmetric,0.4,relabel,DT hard_vote,2.0,2004.5,596,679,146,505,0.4674509803921569,0.8032345013477089,0.5909766980664353,0.6499000800642805,66.19980569948187,0.5734797297297297,38.52169689119171,59.190684369602764,28.1,67.9,192.6,5.7,4.5
glass,symmetric,0.4,relabel,DT threshold,0.0,4.5,594,709,143,480,0.45587106676899464,0.8059701492537313,0.5823529411764706,0.6470524129647248,67.65301165803109,0.5962994112699748,38.265328151986175,60.5939658894646,27.9,70.9,192.6,6.3,4.5
glass,symmetric,0.4,relabel,DT threshold,1.0,1004.5,677,688,136,425,0.495970695970696,0.8327183271832719,0.6216712580348944,0.629780006239119,70.87354274611398,0.6181491464510332,42.21718480138169,61.78135794473229,31.1,68.8,192.6,4.2,4.5
glass,symmetric,0.4,relabel,DT threshold,2.0,2004.5,596,679,146,505,0.4674509803921569,0.8032345013477089,0.5909766980664353,0.6499000800642805,66.19980569948187,0.5734797297297297,38.52169689119171,59.190684369602764,28.1,67.9,192.6,5.7,4.5
glass,symmetric,0.4,relabel,NB hard_vote,0.0,4.5,609,635,128,554,0.4895498392282958,0.8263229308005428,0.6148409893992933,0.7674770326516678,64.5919689119171,0.5340622371740958,38.265328151986175,56.080256908462864,29.2,63.5,192.6,9.5,4.5
glass,symmetric,0.4,relabel,NB hard_vote,1.0,1004.5,672,651,141,462,0.5079365079365079,0.8265682656826568,0.6292134831460674,0.7623629291819747,68.69197970639033,0.5849056603773585,42.21718480138169,60.2795768566494,30.3,65.1,192.6,10.1,4.5
glass,symmetric,0.4,relabel,NB hard_vote,2.0,2004.5,622,657,120,527,0.48631743549648165,0.8382749326145552,0.615536862939139,0.7570020977885521,66.40382124352331,0.5548986486486487,38.52169689119171,59.65700561312609,25.0,65.7,192.6,8.7,4.5
glass,symmetric,0.4,relabel,NB threshold,0.0,4.5,584,596,153,593,0.49491525423728816,0.7924016282225237,0.6092853416797078,0.7674770326516678,61.26916018998272,0.5012615643397813,38.265328151986175,54.72824913644214,27.9,59.6,192.6,4.9,4.5
glass,symmetric,0.4,relabel,NB threshold,1.0,1004.5,648,612,165,501,0.5142857142857142,0.7970479704797048,0.6251808972503617,0.7623629291819747,65.42449265975822,0.5498652291105122,42.21718480138169,58.153065630397236,30.5,61.2,192.6,4.2,4.5
glass,symmetric,0.4,relabel,NB threshold,2.0,2004.5,602,607,140,577,0.49793217535153017,0.8113207547169812,0.6171194259354177,0.7570020977885521,62.76527417962003,0.512668918918919,38.52169689119171,57.26414075993091,24.6,60.7,192.6,5.8,4.5
glass,symmetric,0.4,relabel,committee consensus,0.0,4.5,568,432,169,757,0.568,0.7706919945725916,0.6540011514104779,0.7872293078791686,51.92222582037996,0.3633305298570227,38.265328151986175,46.730893782383426,26.9,43.2,192.6,4.1,4.5
glass,symmetric,0.4,relabel,committee consensus,1.0,1004.5,636,432,177,681,0.5955056179775281,0.7822878228782287,0.6762360446570973,0.7813715850114142,55.453367875647665,0.3881401617250674,42.21718480138169,49.68803972366148,28.8,43.2,192.6,2.0,4.5
glass,symmetric,0.4,relabel,committee consensus,2.0,2004.5,577,428,165,756,0.5741293532338309,0.7776280323450134,0.6605609616485404,0.7852025650904666,52.17913428324698,0.3614864864864865,38.52169689119171,47.14081390328152,26.2,42.8,192.6,2.8,4.5
glass,symmetric,0.4,relabel,dual agreement,0.0,4.5,231,132,506,1057,0.6363636363636364,0.31343283582089554,0.42,0.7872293078791686,18.84768998272884,0.11101766190075694,38.265328151986175,36.91601899827289,15.8,13.2,192.6,0.0,4.5
glass,symmetric,0.4,relabel,dual agreement,1.0,1004.5,225,126,588,987,0.6410256410256411,0.2767527675276753,0.3865979381443299,0.7813715850114142,18.227817357512954,0.11320754716981132,42.21718480138169,40.8141731433506,15.3,12.6,192.6,0.0,4.5
glass,symmetric,0.4,relabel,dual agreement,2.0,2004.5,199,122,543,1062,0.6199376947040498,0.26819407008086255,0.374412041392286,0.7852025650904666,16.668825561312605,0.10304054054054054,38.52169689119171,38.41833981001728,12.4,12.2,192.6,0.0,4.5
glass,symmetric,0.4,relabel,none,0.0,4.5,0,0,737,1189,,0.0,0.0,,0.0,0.0,38.265328151986175,38.26532815198618,0.0,0.0,192.6,0.0,4.5
glass,symmetric,0.4,relabel,none,1.0,1004.5,0,0,813,1113,,0.0,0.0,,0.0,0.0,42.21718480138169,42.21718480138169,0.0,0.0,192.6,0.0,4.5
glass,symmetric,0.4,relabel,none,2.0,2004.5,0,0,742,1184,,0.0,0.0,,0.0,0.0,38.52169689119171,38.52169689119171,0.0,0.0,192.6,0.0,4.5
image-segmentation,pairflip,0.0,relabel,DT hard_vote,0.0,4.5,0,776,0,20014,0.0,,0.0,,3.732563732563733,0.037325637325637324,0.0,3.732563732563733,0.0,77.6,2079.0,0.0,4.5
image-segmentation,pairflip,0.0,relabel,DT hard_vote,1.0,1004.5,0,792,0,19998,0.0,,0.0,,3.8095238095238093,0.0380952380952381,0.0,3.8095238095238093,0.0,79.2,2079.0,0.0,4.5
image-segmentation,pairflip,0.0,relabel,DT hard_vote,2.0,2004.5,0,786,0,20004,0.0,,0.0,,3.780663780663781,0.03780663780663781,0.0,3.780663780663781,0.0,78.6,2079.0,0.0,4.5
image-segmentation,pairflip,0.0,relabel,DT threshold,0.0,4.5,0,776,0,20014,0.0,,0.0,,3.732563732563733,0.037325637325637324,0.0,3.732563732563733,0.0,77.6,2079.0,0.0,4.5
image-segmentation,pairflip,0.0,relabel,DT threshold,1.0,1004.5,0,792,0,19998,0.0,,0.0,,3.8095238095238093,0.0380952380952381,0.0,3.8095238095238093,0.0,79.2,2079.0,0.0,4.5
image-segmentation,pairflip,0.0,relabel,DT threshold,2.0,2004.5,0,786,0,20004,0.0,,0.0,,3.780663780663781,0.03780663780663781,0.0,3.780663780663781,0.0,78.6,2079.0,0.0,4.5
image-segmentation,pairflip,0.0,relabel,NB hard_vote,0.0,4.5,0,4211,0,16579,0.0,,0.0,,20.254930254930255,0.20254930254930256,0.0,20.254930254930255,0.0,421.1,2079.0,0.0,4.5
image-segmentation,pairflip,0.0,relabel,NB hard_vote,1.0,1004.5,0,4180,0,16610,0.0,,0.0,,20.105820105820108,0.20105820105820105,0.0,20.105820105820108,0.0,418.0,2079.0,0.0,4.5
image-segmentation,pairflip,0.0,relabel,NB hard_vote,2.0,2004.5,0,4183,0,16607,0.0,,0.0,,20.12025012025012,0.20120250120250122,0.0,20.12025012025012,0.0,418.3,2079.0,0.0,4.5
image-segmentation,pairflip,0.0,relabel,NB threshold,0.0,4.5,0,3539,0,17251,0.0,,0.0,,17.022607022607023,0.17022607022607023,0.0,17.022607022607023,0.0,353.9,2079.0,0.0,4.5
image-segmentation,pairflip,0.0,relabel,NB threshold,1.0,1004.5,0,3505,0,17285,0.0,,0.0,,16.859066859066857,0.1685906685906686,0.0,16.859066859066857,0.0,350.5,2079.0,0.0,4.5
image-segmentation,pairflip,0.0,relabel,NB threshold,2.0,2004.5,0,3517,0,17273,0.0,,0.0,,16.91678691678692,0.16916786916786916,0.0,16.91678691678692,0.0,351.7,2079.0,0.0,4.5
image-segmentation,pairflip,0.0,relabel,committee consensus,0.0,4.5,0,453,0,20337,0.0,,0.0,,2.1789321789321785,0.02178932178932179,0.0,2.1789321789321785,0.0,45.3,2079.0,0.0,4.5
image-segmentation,pairflip,0.0,relabel,committee consensus,1.0,1004.5,0,453,0,20337,0.0,,0.0,,2.178932178932179,0.02178932178932179,0.0,2.178932178932179,0.0,45.3,2079.0,0.0,4.5
image-segmentation,pairflip,0.0,relabel,committee consensus,2.0,2004.5,0,437,0,20353,0.0,,0.0,,2.1019721019721014,0.021019721019721018,0.0,2.1019721019721014,0.0,43.7,2079.0,0.0,4.5
image-segmentation,pairflip,0.0,relabel,dual agreement,0.0,4.5,0,239,0,20551,0.0,,0.0,,1.1495911495911497,0.011495911495911495,0.0,1.1495911495911497,0.0,23.9,2079.0,0.0,4.5
image-segmentation,pairflip,0.0,relabel,dual agreement,1.0,1004.5,0,250,0,20540,0.0,,0.0,,1.2025012025012025,0.012025012025012025,0.0,1.2025012025012025,0.0,25.0,2079.0,0.0,4.5
image-segmentation,pairflip,0.0,relabel,dual agreement,2.0,2004.5,0,244,0,20546,0.0,,0.0,,1.1736411736411738,0.011736411736411736,0.0,1.1736411736411738,0.0,24.4,2079.0,0.0,4.5
image-segmentation,pairflip,0.0,relabel,none,0.0,4.5,0,0,0,20790,,,,,0.0,0.0,0.0,0.0,0.0,0.0,2079.0,0.0,4.5
image-segmentation,pairflip,0.0,relabel,none,1.0,1004.5,0,0,0,20790,,,,,0.0,0.0,0.0,0.0,0.0,0.0,2079.0,0.0,4.5
image-segmentation,pairflip,0.0,relabel,none,2.0,2004.5,0,0,0,20790,,,,,0.0,0.0,0.0,0.0,0.0,0.0,2079.0,0.0,4.5
image-segmentation,pairflip,0.1,relabel,DT hard_vote,0.0,4.5,1846,2685,188,16071,0.40741558154932683,0.9075712881022615,0.5623762376237624,0.8828385145318519,21.794131794131793,0.14315419065898913,9.783549783549784,14.117364117364115,178.4,268.5,2079.0,0.0,4.5
image-segmentation,pairflip,0.1,relabel,DT hard_vote,1.0,1004.5,1841,2549,211,16189,0.4193621867881549,0.8971734892787524,0.5715616268239677,0.8810264425107143,21.115921115921118,0.13603372825274843,9.87012987012987,13.593073593073592,177.5,254.9,2079.0,0.0,4.5
image-segmentation,pairflip,0.1,relabel,DT hard_vote,2.0,2004.5,1857,2657,220,16056,0.4113867966326983,0.894077997111218,0.5634956759217115,0.876104412731654,21.712361712361712,0.14198685405867578,9.99037999037999,14.175084175084175,178.7,265.7,2079.0,0.0,4.5
image-segmentation,pairflip,0.1,relabel,DT threshold,0.0,4.5,1820,2631,214,16125,0.40889687710626826,0.8947885939036382,0.5612952968388589,0.8828385145318519,21.409331409331408,0.14027511196417147,9.783549783549784,13.982683982683984,175.8,263.1,2079.0,0.0,4.5
image-segmentation,pairflip,0.1,relabel,DT threshold,1.0,1004.5,1815,2491,237,16247,0.42150487691593125,0.8845029239766082,0.5709342560553633,0.8810264425107143,20.711880711880713,0.13293841391824102,9.87012987012987,13.42953342953343,175.1,249.1,2079.0,0.0,4.5
image-segmentation,pairflip,0.1,relabel,DT threshold,2.0,2004.5,1841,2623,236,16090,0.41241039426523296,0.8863745787193067,0.5629108698975692,0.876104412731654,21.47186147186147,0.1401699353390691,9.99037999037999,14.08850408850409,177.1,262.3,2079.0,0.0,4.5
image-segmentation,pairflip,0.1,relabel,NB hard_vote,0.0,4.5,1835,4847,199,13909,0.2746183777312182,0.9021632251720747,0.4210647085819183,0.9409419908030907,32.14045214045215,0.25842397099594794,9.783549783549784,25.8008658008658,151.7,484.7,2079.0,0.0,4.5
image-segmentation,pairflip,0.1,relabel,NB hard_vote,1.0,1004.5,1859,4826,193,13912,0.2780852655198205,0.9059454191033138,0.4255465262675976,0.9407732948503964,32.15488215488215,0.2575514996264276,9.87012987012987,25.733525733525738,152.8,482.6,2079.0,0.0,4.5
image-segmentation,pairflip,0.1,relabel,NB hard_vote,2.0,2004.5,1903,4825,174,13888,0.28284780023781214,0.9162253249879634,0.4322544009085747,0.9455555093740114,32.361712361712364,0.2578421418265377,9.99037999037999,25.646945646945646,157.0,482.5,2079.0,0.0,4.5
image-segmentation,pairflip,0.1,relabel,NB threshold,0.0,4.5,1738,3798,296,14958,0.3139450867052023,0.8544739429695182,0.45918097754293263,0.9409419908030907,26.628186628186626,0.20249520153550865,9.783549783549784,20.803270803270802,150.7,379.8,2079.0,0.0,4.5
image-segmentation,pairflip,0.1,relabel,NB threshold,1.0,1004.5,1776,3853,276,14885,0.3155089713981169,0.8654970760233918,0.4624397864861346,0.9407732948503964,27.075517075517077,0.20562493329063936,9.87012987012987,21.13997113997114,151.0,385.3,2079.0,0.0,4.5
image-segmentation,pairflip,0.1,relabel,NB threshold,2.0,2004.5,1796,3815,281,14898,0.32008554624844054,0.8647087144920559,0.4672216441207076,0.9455555093740114,26.98893698893699,0.20386896809704483,9.99037999037999,20.88985088985089,154.9,381.5,2079.0,0.0,4.5
image-segmentation,pairflip,0.1,relabel,committee consensus,0.0,4.5,1662,1000,372,17756,0.6243425995492111,0.8171091445427728,0.7078364565587735,0.9709175118182458,12.804232804232806,0.05331627212625293,9.783549783549784,6.815776815776816,161.5,99.8,2079.0,0.0,4.5
image-segmentation,pairflip,0.1,relabel,committee consensus,1.0,1004.5,1672,968,380,17770,0.6333333333333333,0.8148148148148148,0.7127024722932651,0.9682957550917919,12.6984126984127,0.051659728893158285,9.87012987012987,6.724386724386724,161.8,96.4,2079.0,0.0,4.5
image-segmentation,pairflip,0.1,relabel,committee consensus,2.0,2004.5,1703,961,374,17752,0.6392642642642643,0.8199325950890708,0.7184138367433031,0.9696678702741355,12.813852813852815,0.0513546732218244,9.99037999037999,6.690716690716691,164.6,96.0,2079.0,0.0,4.5
image-segmentation,pairflip,0.1,relabel,dual agreement,0.0,4.5,1321,306,713,18450,0.8119237861094039,0.6494591937069814,0.7216607484293909,0.9709175118182458,7.825877825877827,0.016314779270633396,9.783549783549784,4.94949494949495,131.1,30.6,2079.0,0.0,4.5
image-segmentation,pairflip,0.1,relabel,dual agreement,1.0,1004.5,1327,294,725,18444,0.8186304750154226,0.6466861598440545,0.7225701061802341,0.9682957550917919,7.797017797017797,0.01569004162664105,9.87012987012987,4.9350649350649345,132.0,29.4,2079.0,0.0,4.5
image-segmentation,pairflip,0.1,relabel,dual agreement,2.0,2004.5,1355,293,722,18420,0.8222087378640777,0.6523832450649976,0.72751677852349,0.9696678702741355,7.926887926887926,0.01565756426014001,9.99037999037999,4.925444925444926,134.6,29.3,2079.0,0.0,4.5
image-segmentation,pairflip,0.1,relabel,none,0.0,4.5,0,0,2034,18756,,0.0,0.0,,0.0,0.0,9.783549783549784,9.783549783549784,0.0,0.0,2079.0,0.0,4.5
image-segmentation,pairflip,0.1,relabel,none,1.0,1004.5,0,0,2052,18738,,0.0,0.0,,0.0,0.0,9.87012987012987,9.87012987012987,0.0,0.0,2079.0,0.0,4.5
image-segmentation,pairflip,0.1,relabel,none,2.0,2004.5,0,0,2077,18713,,0.0,0.0,,0.0,0.0,9.99037999037999,9.99037999037999,0.0,0.0,2079.0,0.0,4.5
image-segmentation,pairflip,0.2,relabel,DT hard_vote,0.0,4.5,3292,3872,836,12790,0.45951982132886654,0.7974806201550387,0.5830676585193058,0.7816090881453011,34.45887445887446,0.23238506781898932,19.855699855699857,23.256373256373255,316.5,387.2,2079.0,0.0,4.5
image-segmentation,pairflip,0.2,relabel,DT hard_vote,1.0,1004.5,3299,3889,859,12743,0.45895937673900944,0.7934102934102935,0.581526529173277,0.7776196659613596,34.57431457431458,0.23382635882635883,20.0,23.46801346801347,316.8,388.9,2079.0,0.0,4.5
image-segmentation,pairflip,0.2,relabel,DT hard_vote,2.0,2004.5,3314,3894,864,12718,0.4597669256381798,0.7932024892292963,0.5821183910064992,0.7779203837571165,34.67051467051467,0.23440886106429087,20.0962000962001,23.55940355940356,317.4,389.4,2079.0,0.0,4.5
image-segmentation,pairflip,0.2,relabel,DT threshold,0.0,4.5,3212,3804,916,12858,0.45781071835803877,0.7781007751937985,0.5764536970567121,0.7816090881453011,33.746993746993745,0.22830392509902772,19.855699855699857,23.304473304473305,308.7,380.4,2079.0,0.0,4.5
image-segmentation,pairflip,0.2,relabel,DT threshold,1.0,1004.5,3219,3831,939,12801,0.45659574468085107,0.7741702741702742,0.5744111349036403,0.7776196659613596,33.910533910533914,0.23033910533910534,20.0,23.564213564213564,309.0,383.1,2079.0,0.0,4.5
image-segmentation,pairflip,0.2,relabel,DT threshold,2.0,2004.5,3255,3836,923,12776,0.4590325765054294,0.7790808999521303,0.5776910107374212,0.7779203837571165,34.10774410774411,0.23091740910185407,20.0962000962001,23.554593554593552,311.7,383.6,2079.0,0.0,4.5
image-segmentation,pairflip,0.2,relabel,NB hard_vote,0.0,4.5,3573,5208,555,11454,0.40690126409292793,0.8655523255813954,0.5535672786428073,0.8873741932153004,42.23665223665223,0.3125675189052935,19.855699855699857,31.33237133237133,282.2,520.8,2079.0,1.0,4.5
image-segmentation,pairflip,0.2,relabel,NB hard_vote,1.0,1004.5,3614,5256,544,11376,0.4074408117249154,0.8691678691678691,0.5548050353085662,0.893065698589346,42.66474266474266,0.31601731601731603,20.0,31.462241462241458,287.3,525.6,2079.0,0.3,4.5
image-segmentation,pairflip,0.2,relabel,NB hard_vote,2.0,2004.5,3670,5192,508,11420,0.4141277364026179,0.8784107228338918,0.5628834355828221,0.8954515163856055,42.62626262626263,0.31254514808572115,20.0962000962001,31.043771043771045,291.6,519.2,2079.0,0.8,4.5
image-segmentation,pairflip,0.2,relabel,NB threshold,0.0,4.5,3443,4416,685,12246,0.43809644993001656,0.8340600775193798,0.5744556602986569,0.8873741932153004,37.8018278018278,0.265034209578682,19.855699855699857,27.65752765752766,279.4,441.6,2079.0,0.0,4.5
image-segmentation,pairflip,0.2,relabel,NB threshold,1.0,1004.5,3461,4498,697,12134,0.4348536248272396,0.8323713323713323,0.5712635140711397,0.893065698589346,38.282828282828284,0.27044252044252043,20.0,27.999037999038002,283.5,449.8,2079.0,0.0,4.5
image-segmentation,pairflip,0.2,relabel,NB threshold,2.0,2004.5,3517,4460,661,12152,0.4408925661276169,0.8417903303015797,0.5786918963389551,0.8954515163856055,38.369408369408376,0.2684806164218637,20.0962000962001,27.734487734487733,287.2,446.0,2079.0,0.0,4.5
image-segmentation,pairflip,0.2,relabel,committee consensus,0.0,4.5,2864,1496,1264,15166,0.6568807339449542,0.6937984496124031,0.6748350612629594,0.9087068636091209,20.971620971620972,0.08978513983915497,19.855699855699857,13.746993746993747,276.3,149.3,2079.0,0.0,4.5
image-segmentation,pairflip,0.2,relabel,committee consensus,1.0,1004.5,2867,1582,1291,15050,0.644414475162958,0.6895141895141895,0.6662019286627164,0.9079241412569461,21.3997113997114,0.09511784511784512,20.0,14.276094276094275,277.2,158.2,2079.0,0.0,4.5
image-segmentation,pairflip,0.2,relabel,committee consensus,2.0,2004.5,2910,1487,1268,15125,0.6618148737775756,0.6965055050263284,0.6787172011661807,0.9105346852453865,21.149591149591153,0.08951360462316398,20.0962000962001,13.780663780663781,280.0,148.7,2079.0,0.0,4.5
image-segmentation,pairflip,0.2,relabel,dual agreement,0.0,4.5,2175,471,1953,16191,0.8219954648526077,0.5268895348837209,0.6421612046058459,0.9087068636091209,12.727272727272727,0.02826791501620454,19.855699855699857,11.750841750841753,215.6,47.1,2079.0,0.0,4.5
image-segmentation,pairflip,0.2,relabel,dual agreement,1.0,1004.5,2154,531,2004,16101,0.8022346368715084,0.5180375180375181,0.6295484436650591,0.9079241412569461,12.914862914862914,0.03192640692640693,20.0,12.30880230880231,213.0,53.1,2079.0,0.0,4.5
image-segmentation,pairflip,0.2,relabel,dual agreement,2.0,2004.5,2211,479,1967,16133,0.8219330855018587,0.5292005744375299,0.643855562026791,0.9105346852453865,12.938912938912939,0.02883457741391765,20.0962000962001,11.86147186147186,219.1,47.9,2079.0,0.0,4.5
image-segmentation,pairflip,0.2,relabel,none,0.0,4.5,0,0,4128,16662,,0.0,0.0,,0.0,0.0,19.855699855699857,19.855699855699857,0.0,0.0,2079.0,0.0,4.5
image-segmentation,pairflip,0.2,relabel,none,1.0,1004.5,0,0,4158,16632,,0.0,0.0,,0.0,0.0,20.0,20.0,0.0,0.0,2079.0,0.0,4.5
image-segmentation,pairflip,0.2,relabel,none,2.0,2004.5,0,0,4178,16612,,0.0,0.0,,0.0,0.0,20.0962000962001,20.0962000962001,0.0,0.0,2079.0,0.0,4.5
image-segmentation,pairflip,0.4,relabel,DT hard_vote,0.0,4.5,5150,5202,3157,7281,0.49748840803709427,0.619959070663296,0.5520124336781178,0.5937424702972429,49.793169793169795,0.4167267483777938,39.95670995670996,41.52477152477152,487.6,520.2,2079.0,0.0,4.5
image-segmentation,pairflip,0.4,relabel,DT hard_vote,1.0,1004.5,5052,5161,3276,7301,0.49466366395770095,0.6066282420749279,0.5449544253276523,0.5889260880273219,49.12457912457912,0.41413898250682074,40.05772005772006,42.02501202501202,475.2,516.1,2079.0,0.0,4.5
image-segmentation,pairflip,0.4,relabel,DT hard_vote,2.0,2004.5,5084,5261,3163,7282,0.491445142580957,0.616466593912938,0.5469018932874354,0.5905361731758119,49.75949975949976,0.41943713625129553,39.668109668109665,41.93843193843194,478.9,526.1,2079.0,0.0,4.5
image-segmentation,pairflip,0.4,relabel,DT threshold,0.0,4.5,5032,5185,3275,7298,0.4925124792013311,0.6057541832189719,0.5432951846253509,0.5937424702972429,49.143819143819144,0.4153648962589121,39.95670995670996,42.000962000962005,476.0,518.5,2079.0,0.0,4.5
image-segmentation,pairflip,0.4,relabel,DT threshold,1.0,1004.5,4922,5120,3406,7342,0.4901414060944035,0.5910182516810759,0.5358737071311922,0.5889260880273219,48.3020683020683,0.4108489809019419,40.05772005772006,42.414622414622414,463.0,512.0,2079.0,0.0,4.5
image-segmentation,pairflip,0.4,relabel,DT threshold,2.0,2004.5,4971,5224,3276,7319,0.487591956841589,0.6027646416878865,0.5390955427827785,0.5905361731758119,49.037999037999036,0.4164872837439209,39.668109668109665,42.294372294372295,467.8,522.4,2079.0,0.0,4.5
image-segmentation,pairflip,0.4,relabel,NB hard_vote,0.0,4.5,6399,5444,1908,7039,0.5403191758844887,0.7703141928494042,0.635136476426799,0.6749484699298696,56.964886964886965,0.4361131138348153,39.95670995670996,43.65079365079365,467.6,544.4,2079.0,3.8,4.5
image-segmentation,pairflip,0.4,relabel,NB hard_vote,1.0,1004.5,6377,5525,1951,6937,0.535792303814485,0.7657300672430355,0.6304498269896194,0.6744497577429266,57.24867724867725,0.44334777724281815,40.05772005772006,44.160654160654154,467.2,552.5,2079.0,4.0,4.5
image-segmentation,pairflip,0.4,relabel,NB hard_vote,2.0,2004.5,6351,5483,1896,7060,0.5366739901977353,0.7700982175336486,0.632538220208157,0.6731396100180553,56.921596921596915,0.43713625129554334,39.668109668109665,43.77104377104378,463.0,548.3,2079.0,3.2,4.5
image-segmentation,pairflip,0.4,relabel,NB threshold,0.0,4.5,6266,5188,2041,7295,0.5470577964030033,0.7543035993740219,0.6341784322655736,0.6749484699298696,55.093795093795094,0.41560522310342063,39.95670995670996,42.616642616642615,463.5,518.8,2079.0,0.1,4.5
image-segmentation,pairflip,0.4,relabel,NB threshold,1.0,1004.5,6221,5269,2107,7193,0.5414273281114013,0.746998078770413,0.627813099202745,0.6744497577429266,55.266955266955264,0.4228053281977211,40.05772005772006,43.371813371813374,458.0,526.9,2079.0,0.3,4.5
image-segmentation,pairflip,0.4,relabel,NB threshold,2.0,2004.5,6175,5210,2072,7333,0.5423803249890207,0.7487571238025948,0.6290749796251018,0.6731396100180553,54.76190476190476,0.4153711233357251,39.668109668109665,42.86676286676287,454.5,521.0,2079.0,0.0,4.5
image-segmentation,pairflip,0.4,relabel,committee consensus,0.0,4.5,4028,2456,4279,10027,0.621221468229488,0.48489225954014686,0.5446555337705361,0.6780327420846212,31.188071188071188,0.19674757670431786,39.95670995670996,33.46320346320347,380.6,245.6,2079.0,0.0,4.5
image-segmentation,pairflip,0.4,relabel,committee consensus,1.0,1004.5,3920,2449,4408,10013,0.6154812372428953,0.47070124879923153,0.5334421990882493,0.6732451574918535,30.63492063492064,0.19651741293532338,40.05772005772006,34.07888407888407,369.2,244.9,2079.0,0.0,4.5
image-segmentation,pairflip,0.4,relabel,committee consensus,2.0,2004.5,3922,2506,4325,10037,0.6101431238332297,0.4755668728022311,0.5345144804088586,0.6742134399913075,30.918710918710918,0.19979271306704935,39.668109668109665,33.8912938912939,370.7,250.6,2079.0,0.0,4.5
image-segmentation,pairflip,0.4,relabel,dual agreement,0.0,4.5,2792,1150,5515,11333,0.7082699137493658,0.3361020825809558,0.45587394889378724,0.6780327420846212,18.96103896103896,0.09212529039493711,39.95670995670996,32.28475228475229,274.5,115.0,2079.0,0.0,4.5
image-segmentation,pairflip,0.4,relabel,dual agreement,1.0,1004.5,2706,1143,5622,11319,0.7030397505845675,0.3249279538904899,0.4444444444444444,0.6732451574918535,18.513708513708515,0.09171882522869523,40.05772005772006,32.78980278980279,265.4,114.3,2079.0,0.0,4.5
image-segmentation,pairflip,0.4,relabel,dual agreement,2.0,2004.5,2660,1144,5587,11399,0.6992639327024185,0.32254153025342547,0.4414571404862667,0.6742134399913075,18.2972582972583,0.0912062504982859,39.668109668109665,32.635882635882645,260.6,114.4,2079.0,0.0,4.5
image-segmentation,pairflip,0.4,relabel,none,0.0,4.5,0,0,8307,12483,,0.0,0.0,,0.0,0.0,39.95670995670996,39.95670995670996,0.0,0.0,2079.0,0.0,4.5
image-segmentation,pairflip,0.4,relabel,none,1.0,1004.5,0,0,8328,12462,,0.0,0.0,,0.0,0.0,40.05772005772006,40.05772005772006,0.0,0.0,2079.0,0.0,4.5
image-segmentation,pairflip,0.4,relabel,none,2.0,2004.5,0,0,8247,12543,,0.0,0.0,,0.0,0.0,39.668109668109665,39.668109668109665,0.0,0.0,2079.0,0.0,4.5
image-segmentation,symmetric,0.0,relabel,DT hard_vote,0.0,4.5,0,776,0,20014,0.0,,0.0,,3.732563732563733,0.037325637325637324,0.0,3.732563732563733,0.0,77.6,2079.0,0.0,4.5
image-segmentation,symmetric,0.0,relabel,DT hard_vote,1.0,1004.5,0,792,0,19998,0.0,,0.0,,3.8095238095238093,0.0380952380952381,0.0,3.8095238095238093,0.0,79.2,2079.0,0.0,4.5
image-segmentation,symmetric,0.0,relabel,DT hard_vote,2.0,2004.5,0,786,0,20004,0.0,,0.0,,3.780663780663781,0.03780663780663781,0.0,3.780663780663781,0.0,78.6,2079.0,0.0,4.5
image-segmentation,symmetric,0.0,relabel,DT threshold,0.0,4.5,0,776,0,20014,0.0,,0.0,,3.732563732563733,0.037325637325637324,0.0,3.732563732563733,0.0,77.6,2079.0,0.0,4.5
image-segmentation,symmetric,0.0,relabel,DT threshold,1.0,1004.5,0,792,0,19998,0.0,,0.0,,3.8095238095238093,0.0380952380952381,0.0,3.8095238095238093,0.0,79.2,2079.0,0.0,4.5
image-segmentation,symmetric,0.0,relabel,DT threshold,2.0,2004.5,0,786,0,20004,0.0,,0.0,,3.780663780663781,0.03780663780663781,0.0,3.780663780663781,0.0,78.6,2079.0,0.0,4.5
image-segmentation,symmetric,0.0,relabel,NB hard_vote,0.0,4.5,0,4211,0,16579,0.0,,0.0,,20.254930254930255,0.20254930254930256,0.0,20.254930254930255,0.0,421.1,2079.0,0.0,4.5
image-segmentation,symmetric,0.0,relabel,NB hard_vote,1.0,1004.5,0,4180,0,16610,0.0,,0.0,,20.105820105820108,0.20105820105820105,0.0,20.105820105820108,0.0,418.0,2079.0,0.0,4.5
image-segmentation,symmetric,0.0,relabel,NB hard_vote,2.0,2004.5,0,4183,0,16607,0.0,,0.0,,20.12025012025012,0.20120250120250122,0.0,20.12025012025012,0.0,418.3,2079.0,0.0,4.5
image-segmentation,symmetric,0.0,relabel,NB threshold,0.0,4.5,0,3539,0,17251,0.0,,0.0,,17.022607022607023,0.17022607022607023,0.0,17.022607022607023,0.0,353.9,2079.0,0.0,4.5
image-segmentation,symmetric,0.0,relabel,NB threshold,1.0,1004.5,0,3505,0,17285,0.0,,0.0,,16.859066859066857,0.1685906685906686,0.0,16.859066859066857,0.0,350.5,2079.0,0.0,4.5
image-segmentation,symmetric,0.0,relabel,NB threshold,2.0,2004.5,0,3517,0,17273,0.0,,0.0,,16.91678691678692,0.16916786916786916,0.0,16.91678691678692,0.0,351.7,2079.0,0.0,4.5
image-segmentation,symmetric,0.0,relabel,committee consensus,0.0,4.5,0,453,0,20337,0.0,,0.0,,2.1789321789321785,0.02178932178932179,0.0,2.1789321789321785,0.0,45.3,2079.0,0.0,4.5
image-segmentation,symmetric,0.0,relabel,committee consensus,1.0,1004.5,0,453,0,20337,0.0,,0.0,,2.178932178932179,0.02178932178932179,0.0,2.178932178932179,0.0,45.3,2079.0,0.0,4.5
image-segmentation,symmetric,0.0,relabel,committee consensus,2.0,2004.5,0,437,0,20353,0.0,,0.0,,2.1019721019721014,0.021019721019721018,0.0,2.1019721019721014,0.0,43.7,2079.0,0.0,4.5
image-segmentation,symmetric,0.0,relabel,dual agreement,0.0,4.5,0,239,0,20551,0.0,,0.0,,1.1495911495911497,0.011495911495911495,0.0,1.1495911495911497,0.0,23.9,2079.0,0.0,4.5
image-segmentation,symmetric,0.0,relabel,dual agreement,1.0,1004.5,0,250,0,20540,0.0,,0.0,,1.2025012025012025,0.012025012025012025,0.0,1.2025012025012025,0.0,25.0,2079.0,0.0,4.5
image-segmentation,symmetric,0.0,relabel,dual agreement,2.0,2004.5,0,244,0,20546,0.0,,0.0,,1.1736411736411738,0.011736411736411736,0.0,1.1736411736411738,0.0,24.4,2079.0,0.0,4.5
image-segmentation,symmetric,0.0,relabel,none,0.0,4.5,0,0,0,20790,,,,,0.0,0.0,0.0,0.0,0.0,0.0,2079.0,0.0,4.5
image-segmentation,symmetric,0.0,relabel,none,1.0,1004.5,0,0,0,20790,,,,,0.0,0.0,0.0,0.0,0.0,0.0,2079.0,0.0,4.5
image-segmentation,symmetric,0.0,relabel,none,2.0,2004.5,0,0,0,20790,,,,,0.0,0.0,0.0,0.0,0.0,0.0,2079.0,0.0,4.5
image-segmentation,symmetric,0.1,relabel,DT hard_vote,0.0,4.5,1985,2872,49,15884,0.4086884908379658,0.9759095378564405,0.5761137715861269,0.9156006157454575,23.362193362193363,0.15312433354659843,9.783549783549784,15.257335257335257,173.4,287.2,2079.0,0.0,4.5
image-segmentation,symmetric,0.1,relabel,DT hard_vote,1.0,1004.5,1994,2688,58,16050,0.42588637334472446,0.9717348927875243,0.5922185922185922,0.91868547569683,22.520442520442522,0.14345180915786104,9.87012987012987,14.46849446849447,173.2,268.8,2079.0,0.0,4.5
image-segmentation,symmetric,0.1,relabel,DT hard_vote,2.0,2004.5,2029,2713,48,16000,0.42787853226486716,0.9768897448242657,0.595101921102801,0.9192456952985342,22.80904280904281,0.14497942606743974,9.99037999037999,14.526214526214526,177.0,271.3,2079.0,0.0,4.5
image-segmentation,symmetric,0.1,relabel,DT threshold,0.0,4.5,1957,2712,77,16044,0.41914756907260653,0.9621435594886922,0.5839176488139639,0.9156006157454575,22.45791245791246,0.14459373000639794,9.783549783549784,14.555074555074555,172.0,271.2,2079.0,0.0,4.5
image-segmentation,symmetric,0.1,relabel,DT threshold,1.0,1004.5,1960,2504,92,16234,0.4390681003584229,0.9551656920077972,0.6015960712093309,0.91868547569683,21.47186147186147,0.13363219126907888,9.87012987012987,13.67003367003367,171.4,250.4,2079.0,0.0,4.5
image-segmentation,symmetric,0.1,relabel,DT threshold,2.0,2004.5,2013,2585,64,16128,0.43779904306220097,0.9691863264323544,0.6031460674157303,0.9192456952985342,22.116402116402117,0.13813926147597927,9.99037999037999,13.934583934583936,176.5,258.5,2079.0,0.0,4.5
image-segmentation,symmetric,0.1,relabel,NB hard_vote,0.0,4.5,1928,5344,106,13412,0.26512651265126513,0.9478859390363815,0.41435632924994625,0.9570126514889378,34.97835497835497,0.2849221582426957,9.783549783549784,28.504088504088504,145.2,534.4,2079.0,0.0,4.5
image-segmentation,symmetric,0.1,relabel,NB hard_vote,1.0,1004.5,1938,5318,114,13420,0.2670893054024256,0.9444444444444444,0.4164159862483885,0.9561553497269196,34.90139490139491,0.28380830398121465,9.87012987012987,28.42712842712843,146.0,531.8,2079.0,0.0,4.5
image-segmentation,symmetric,0.1,relabel,NB hard_vote,2.0,2004.5,1979,5343,98,13370,0.2702813438951106,0.9528165623495426,0.42110862857750825,0.9546254350323509,35.21885521885521,0.28552343290760435,9.99037999037999,28.35016835016835,152.6,534.3,2079.0,0.0,4.5
image-segmentation,symmetric,0.1,relabel,NB threshold,0.0,4.5,1785,4056,249,14700,0.30559835644581407,0.8775811209439528,0.4533333333333333,0.9570126514889378,28.09523809523809,0.2162507997440819,9.783549783549784,22.4001924001924,143.3,405.6,2079.0,0.0,4.5
image-segmentation,symmetric,0.1,relabel,NB threshold,1.0,1004.5,1783,3939,269,14799,0.311604334148899,0.8689083820662769,0.4587085155647029,0.9561553497269196,27.522847522847524,0.2102145373038745,9.87012987012987,21.914381914381913,143.5,393.9,2079.0,0.0,4.5
image-segmentation,symmetric,0.1,relabel,NB threshold,2.0,2004.5,1837,4037,240,14676,0.31273408239700373,0.8844487241213288,0.46208024147905924,0.9546254350323509,28.253968253968253,0.2157323785603591,9.99037999037999,22.193362193362194,150.0,403.7,2079.0,0.0,4.5
image-segmentation,symmetric,0.1,relabel,committee consensus,0.0,4.5,1886,1033,148,17723,0.6461116820829051,0.9272369714847591,0.7615586513224308,0.9859041910438503,14.040404040404038,0.05507570910641928,9.783549783549784,6.758056758056758,165.9,103.0,2079.0,0.0,4.5
image-segmentation,symmetric,0.1,relabel,committee consensus,1.0,1004.5,1884,1003,168,17735,0.6525805334257014,0.9181286549707602,0.7629074711480057,0.985473645322355,13.886483886483887,0.05352759099156794,9.87012987012987,6.758056758056758,164.5,99.8,2079.0,0.0,4.5
image-segmentation,symmetric,0.1,relabel,committee consensus,2.0,2004.5,1934,943,143,17770,0.6722280152937087,0.9311506981222918,0.7807832054905127,0.986739608199715,13.83838383838384,0.05039277507615027,9.99037999037999,6.32034632034632,170.5,94.2,2079.0,0.0,4.5
image-segmentation,symmetric,0.1,relabel,dual agreement,0.0,4.5,1256,247,778,18509,0.8356620093147039,0.6175024582104228,0.7102063895957026,0.9859041910438503,7.229437229437229,0.013169119215184474,9.783549783549784,5.021645021645022,123.7,24.7,2079.0,0.0,4.5
image-segmentation,symmetric,0.1,relabel,dual agreement,1.0,1004.5,1240,257,812,18481,0.8283233132932531,0.6042884990253411,0.6987883910960834,0.985473645322355,7.2005772005772,0.013715444551179422,9.87012987012987,5.247715247715247,121.8,25.7,2079.0,0.0,4.5
image-segmentation,symmetric,0.1,relabel,dual agreement,2.0,2004.5,1324,215,753,18498,0.8602988953866146,0.6374578719306693,0.7323008849557522,0.986739608199715,7.402597402597403,0.011489338962218779,9.99037999037999,4.766714766714767,130.1,21.5,2079.0,0.0,4.5
image-segmentation,symmetric,0.1,relabel,none,0.0,4.5,0,0,2034,18756,,0.0,0.0,,0.0,0.0,9.783549783549784,9.783549783549784,0.0,0.0,2079.0,0.0,4.5
image-segmentation,symmetric,0.1,relabel,none,1.0,1004.5,0,0,2052,18738,,0.0,0.0,,0.0,0.0,9.87012987012987,9.87012987012987,0.0,0.0,2079.0,0.0,4.5
image-segmentation,symmetric,0.1,relabel,none,2.0,2004.5,0,0,2077,18713,,0.0,0.0,,0.0,0.0,9.99037999037999,9.99037999037999,0.0,0.0,2079.0,0.0,4.5
image-segmentation,symmetric,0.2,relabel,DT hard_vote,0.0,4.5,3983,4138,145,12524,0.4904568402906046,0.9648740310077519,0.6503388031676055,0.8633050237198994,39.06204906204906,0.24834953787060376,19.855699855699857,24.90620490620491,308.8,413.8,2079.0,0.0,4.5
image-segmentation,symmetric,0.2,relabel,DT hard_vote,1.0,1004.5,3968,4327,190,12305,0.47836045810729355,0.9543049543049543,0.6372761583554164,0.8527517826563612,39.898989898989896,0.26016113516113515,20.0,25.887445887445885,310.3,432.7,2079.0,0.0,4.5
image-segmentation,symmetric,0.2,relabel,DT hard_vote,2.0,2004.5,3978,4208,200,12404,0.4859516247251405,0.9521302058401149,0.6434810740860563,0.8548519808450112,39.374699374699375,0.25331085961955213,20.0962000962001,25.185185185185183,315.0,420.8,2079.0,0.0,4.5
image-segmentation,symmetric,0.2,relabel,DT threshold,0.0,4.5,3902,3898,226,12764,0.5002564102564102,0.9452519379844961,0.6542588866532528,0.8633050237198994,37.518037518037524,0.23394550474132758,19.855699855699857,23.91053391053391,305.5,389.8,2079.0,0.0,4.5
image-segmentation,symmetric,0.2,relabel,DT threshold,1.0,1004.5,3868,4085,290,12547,0.48635734942788883,0.9302549302549302,0.6387581537445297,0.8527517826563612,38.25396825396825,0.2456108706108706,20.0,24.97835497835498,305.0,408.5,2079.0,0.0,4.5
image-segmentation,symmetric,0.2,relabel,DT threshold,2.0,2004.5,3869,3990,309,12622,0.49230181956991986,0.9260411680229775,0.6428512087729501,0.8548519808450112,37.8018278018278,0.24018781603660005,20.0962000962001,24.410774410774412,309.3,399.0,2079.0,0.0,4.5
image-segmentation,symmetric,0.2,relabel,NB hard_vote,0.0,4.5,3892,5292,236,11370,0.42378048780487804,0.9428294573643411,0.5847355769230769,0.9419123018866176,44.17508417508417,0.3176089305005402,19.855699855699857,31.774891774891774,281.4,529.2,2079.0,0.0,4.5
image-segmentation,symmetric,0.2,relabel,NB hard_vote,1.0,1004.5,3956,5119,202,11513,0.4359228650137741,0.9514189514189514,0.5978991914154009,0.9423790956447282,43.65079365079365,0.30778018278018276,20.0,30.86099086099086,286.1,511.9,2079.0,0.0,4.5
image-segmentation,symmetric,0.2,relabel,NB hard_vote,2.0,2004.5,3939,5433,239,11179,0.42029449423815624,0.9427955959789373,0.5814022140221402,0.9370351199822948,45.07936507936508,0.3270527329641223,20.0962000962001,32.7994227994228,279.2,543.3,2079.0,0.0,4.5
image-segmentation,symmetric,0.2,relabel,NB threshold,0.0,4.5,3595,4029,533,12633,0.47153725078698844,0.8708817829457365,0.6118107556160653,0.9419123018866176,36.67147667147668,0.24180770615772415,19.855699855699857,25.85858585858586,278.1,402.9,2079.0,0.0,4.5
image-segmentation,symmetric,0.2,relabel,NB threshold,1.0,1004.5,3598,3929,560,12703,0.4780124883751827,0.8653198653198653,0.6158322635857938,0.9423790956447282,36.2049062049062,0.23623136123136124,20.0,25.507455507455507,278.4,392.9,2079.0,0.0,4.5
image-segmentation,symmetric,0.2,relabel,NB threshold,2.0,2004.5,3634,4172,544,12440,0.4655393287214963,0.8697941598851124,0.6064753004005341,0.9370351199822948,37.54689754689754,0.2511437515049362,20.0962000962001,26.96969696969697,274.3,417.2,2079.0,0.0,4.5
image-segmentation,symmetric,0.2,relabel,committee consensus,0.0,4.5,3763,1538,365,15124,0.7098660630069799,0.9115794573643411,0.7981758404920989,0.9722092378990863,25.497835497835496,0.0923058456367783,19.855699855699857,12.977392977392977,296.0,153.0,2079.0,0.0,4.5
image-segmentation,symmetric,0.2,relabel,committee consensus,1.0,1004.5,3776,1522,382,15110,0.7127217818044546,0.9081289081289081,0.7986463620981388,0.9694851620135377,25.483405483405484,0.09151034151034151,20.0,12.852332852332854,300.2,151.6,2079.0,0.0,4.5
image-segmentation,symmetric,0.2,relabel,committee consensus,2.0,2004.5,3751,1571,427,15041,0.7048102217211575,0.8977979894686453,0.7896842105263158,0.9672737607564523,25.5988455988456,0.09457019022393451,20.0962000962001,13.213083213083214,299.9,156.8,2079.0,0.0,4.5
image-segmentation,symmetric,0.2,relabel,dual agreement,0.0,4.5,2189,285,1939,16377,0.8848019401778496,0.530281007751938,0.6631323841260224,0.9722092378990863,11.8999518999519,0.017104789341015485,19.855699855699857,11.005291005291005,212.5,28.5,2079.0,0.0,4.5
image-segmentation,symmetric,0.2,relabel,dual agreement,1.0,1004.5,2131,287,2027,16345,0.881306865177833,0.5125060125060125,0.6481143552311436,0.9694851620135377,11.63059163059163,0.017255892255892257,20.0,11.394901394901394,207.6,28.7,2079.0,0.0,4.5
image-segmentation,symmetric,0.2,relabel,dual agreement,2.0,2004.5,2123,278,2055,16334,0.8842149104539775,0.5081378650071805,0.6453868369053047,0.9672737607564523,11.54882154882155,0.016734890440645318,20.0962000962001,11.476671476671475,207.0,27.8,2079.0,0.0,4.5
image-segmentation,symmetric,0.2,relabel,none,0.0,4.5,0,0,4128,16662,,0.0,0.0,,0.0,0.0,19.855699855699857,19.855699855699857,0.0,0.0,2079.0,0.0,4.5
image-segmentation,symmetric,0.2,relabel,none,1.0,1004.5,0,0,4158,16632,,0.0,0.0,,0.0,0.0,20.0,20.0,0.0,0.0,2079.0,0.0,4.5
image-segmentation,symmetric,0.2,relabel,none,2.0,2004.5,0,0,4178,16612,,0.0,0.0,,0.0,0.0,20.0962000962001,20.0962000962001,0.0,0.0,2079.0,0.0,4.5
image-segmentation,symmetric,0.4,relabel,DT hard_vote,0.0,4.5,7643,5525,664,6958,0.5804222357229648,0.9200674130251595,0.7118044237485448,0.7461163809865563,63.33814333814335,0.4426019386365457,39.95670995670996,44.57431457431457,456.5,552.5,2079.0,0.0,4.5
image-segmentation,symmetric,0.4,relabel,DT hard_vote,1.0,1004.5,7674,5412,654,7050,0.5864282439248051,0.9214697406340058,0.716727374614738,0.7501689042123371,62.943722943722946,0.4342802118440058,40.05772005772006,43.74699374699375,464.5,541.2,2079.0,0.0,4.5
image-segmentation,symmetric,0.4,relabel,DT hard_vote,2.0,2004.5,7622,5607,625,6936,0.5761584397913675,0.9242148660118831,0.7098156081206929,0.745315983927427,63.63155363155363,0.4470222434824205,39.668109668109665,44.492544492544496,460.4,560.7,2079.0,0.0,4.5
image-segmentation,symmetric,0.4,relabel,DT threshold,0.0,4.5,7640,5524,667,6959,0.5803707079914919,0.9197062718189479,0.7116575846490615,0.7461163809865563,63.31890331890331,0.44252182968837617,39.95670995670996,44.569504569504566,456.5,552.4,2079.0,0.0,4.5
image-segmentation,symmetric,0.4,relabel,DT threshold,1.0,1004.5,7673,5412,655,7050,0.5863966373710355,0.9213496637848223,0.7166674450100406,0.7501689042123371,62.938912938912935,0.4342802118440058,40.05772005772006,43.74699374699375,464.5,541.2,2079.0,0.0,4.5
image-segmentation,symmetric,0.4,relabel,DT threshold,2.0,2004.5,7621,5606,626,6937,0.5761699553942693,0.9240936097975021,0.7097885815404675,0.745315983927427,63.62193362193362,0.4469425177389779,39.668109668109665,44.48773448773449,460.4,560.6,2079.0,0.0,4.5
image-segmentation,symmetric,0.4,relabel,NB hard_vote,0.0,4.5,7792,4805,515,7678,0.6185599745971263,0.9380040929336704,0.7455032529659396,0.9115443672768582,60.5916305916306,0.3849234959544981,39.95670995670996,38.22510822510822,516.5,480.5,2079.0,0.0,4.5
image-segmentation,symmetric,0.4,relabel,NB hard_vote,1.0,1004.5,7750,5005,578,7457,0.6076048608388868,0.9305955811719501,0.735189489161884,0.9030034494089987,61.351611351611346,0.4016209276199647,40.05772005772006,40.028860028860024,501.1,500.5,2079.0,0.2,4.5
image-segmentation,symmetric,0.4,relabel,NB hard_vote,2.0,2004.5,7721,5003,526,7540,0.6068060358377868,0.9362192312356008,0.7363501978923275,0.9108912684791373,61.20250120250121,0.39886789444311566,39.668109668109665,40.16354016354016,490.0,500.3,2079.0,0.0,4.5
image-segmentation,symmetric,0.4,relabel,NB threshold,0.0,4.5,7384,4132,923,8351,0.6411948593261549,0.8888888888888888,0.7449931897291026,0.9115443672768582,55.3920153920154,0.3310101738364175,39.95670995670996,35.18037518037518,512.5,413.2,2079.0,0.0,4.5
image-segmentation,symmetric,0.4,relabel,NB threshold,1.0,1004.5,7328,4288,1000,8174,0.6308539944903582,0.8799231508165226,0.734857601283594,0.9030034494089987,55.873015873015866,0.34408602150537637,40.05772005772006,36.762866762866764,497.3,428.8,2079.0,0.0,4.5
image-segmentation,symmetric,0.4,relabel,NB threshold,2.0,2004.5,7208,4118,1039,8425,0.6364117958679145,0.8740147932581545,0.7365248045777346,0.9108912684791373,54.47811447811448,0.3283106114964522,39.668109668109665,36.16161616161616,484.7,411.8,2079.0,0.0,4.5
image-segmentation,symmetric,0.4,relabel,committee consensus,0.0,4.5,7175,2177,1132,10306,0.7672155688622755,0.8637293848561454,0.8126167959680616,0.9241305736764172,44.98316498316498,0.17439718016502442,39.95670995670996,29.114959114959117,441.3,215.9,2079.0,0.0,4.5
image-segmentation,symmetric,0.4,relabel,committee consensus,1.0,1004.5,7145,2217,1183,10245,0.7631916257209997,0.8579490874159462,0.8078010175240249,0.9220971263705302,45.03126503126503,0.17790081848820413,40.05772005772006,29.6007696007696,438.1,220.7,2079.0,0.0,4.5
image-segmentation,symmetric,0.4,relabel,committee consensus,2.0,2004.5,7137,2384,1110,10159,0.7496061338094738,0.8654056020371044,0.8033543448896894,0.9237965396462376,45.796055796055796,0.19006617236705733,39.668109668109665,29.79316979316979,442.7,237.4,2079.0,0.0,4.5
image-segmentation,symmetric,0.4,relabel,dual agreement,0.0,4.5,3119,327,5188,12156,0.9051073708647708,0.37546647405802336,0.5307581043137922,0.9241305736764172,16.575276575276575,0.026195626051429943,39.95670995670996,27.570947570947574,290.2,32.7,2079.0,0.0,4.5
image-segmentation,symmetric,0.4,relabel,dual agreement,1.0,1004.5,3037,375,5291,12087,0.8900937866354045,0.36467339097022095,0.5173764906303236,0.9220971263705302,16.411736411736413,0.03009147809340395,40.05772005772006,28.25877825877826,282.8,37.5,2079.0,0.0,4.5
image-segmentation,symmetric,0.4,relabel,dual agreement,2.0,2004.5,2974,339,5273,12204,0.8976758225173559,0.3606159815690554,0.5145328719723183,0.9237965396462376,15.935545935545935,0.02702702702702703,39.668109668109665,27.94131794131794,277.7,33.9,2079.0,0.0,4.5
image-segmentation,symmetric,0.4,relabel,none,0.0,4.5,0,0,8307,12483,,0.0,0.0,,0.0,0.0,39.95670995670996,39.95670995670996,0.0,0.0,2079.0,0.0,4.5
image-segmentation,symmetric,0.4,relabel,none,1.0,1004.5,0,0,8328,12462,,0.0,0.0,,0.0,0.0,40.05772005772006,40.05772005772006,0.0,0.0,2079.0,0.0,4.5
image-segmentation,symmetric,0.4,relabel,none,2.0,2004.5,0,0,8247,12543,,0.0,0.0,,0.0,0.0,39.668109668109665,39.668109668109665,0.0,0.0,2079.0,0.0,4.5
iris,pairflip,0.0,relabel,DT hard_vote,0.0,4.5,0,77,0,1273,0.0,,0.0,,5.703703703703703,0.05703703703703704,0.0,5.703703703703703,0.0,7.7,135.0,0.0,4.5
iris,pairflip,0.0,relabel,DT hard_vote,1.0,1004.5,0,79,0,1271,0.0,,0.0,,5.851851851851851,0.05851851851851852,0.0,5.851851851851851,0.0,7.9,135.0,0.0,4.5
iris,pairflip,0.0,relabel,DT hard_vote,2.0,2004.5,0,69,0,1281,0.0,,0.0,,5.111111111111111,0.051111111111111114,0.0,5.111111111111111,0.0,6.9,135.0,0.0,4.5
iris,pairflip,0.0,relabel,DT threshold,0.0,4.5,0,77,0,1273,0.0,,0.0,,5.703703703703703,0.05703703703703704,0.0,5.703703703703703,0.0,7.7,135.0,0.0,4.5
iris,pairflip,0.0,relabel,DT threshold,1.0,1004.5,0,79,0,1271,0.0,,0.0,,5.851851851851851,0.05851851851851852,0.0,5.851851851851851,0.0,7.9,135.0,0.0,4.5
iris,pairflip,0.0,relabel,DT threshold,2.0,2004.5,0,69,0,1281,0.0,,0.0,,5.111111111111111,0.051111111111111114,0.0,5.111111111111111,0.0,6.9,135.0,0.0,4.5
iris,pairflip,0.0,relabel,NB hard_vote,0.0,4.5,0,62,0,1288,0.0,,0.0,,4.592592592592593,0.045925925925925926,0.0,4.592592592592593,0.0,6.2,135.0,0.0,4.5
iris,pairflip,0.0,relabel,NB hard_vote,1.0,1004.5,0,59,0,1291,0.0,,0.0,,4.37037037037037,0.0437037037037037,0.0,4.37037037037037,0.0,5.9,135.0,0.0,4.5
iris,pairflip,0.0,relabel,NB hard_vote,2.0,2004.5,0,64,0,1286,0.0,,0.0,,4.7407407407407405,0.047407407407407405,0.0,4.7407407407407405,0.0,6.4,135.0,0.0,4.5
iris,pairflip,0.0,relabel,NB threshold,0.0,4.5,0,25,0,1325,0.0,,0.0,,1.8518518518518519,0.018518518518518517,0.0,1.8518518518518519,0.0,2.5,135.0,0.0,4.5
iris,pairflip,0.0,relabel,NB threshold,1.0,1004.5,0,29,0,1321,0.0,,0.0,,2.148148148148148,0.02148148148148148,0.0,2.148148148148148,0.0,2.9,135.0,0.0,4.5
iris,pairflip,0.0,relabel,NB threshold,2.0,2004.5,0,29,0,1321,0.0,,0.0,,2.148148148148148,0.02148148148148148,0.0,2.148148148148148,0.0,2.9,135.0,0.0,4.5
iris,pairflip,0.0,relabel,committee consensus,0.0,4.5,0,46,0,1304,0.0,,0.0,,3.407407407407407,0.034074074074074076,0.0,3.407407407407407,0.0,4.6,135.0,0.0,4.5
iris,pairflip,0.0,relabel,committee consensus,1.0,1004.5,0,43,0,1307,0.0,,0.0,,3.1851851851851856,0.03185185185185185,0.0,3.185185185185185,0.0,4.3,135.0,0.0,4.5
iris,pairflip,0.0,relabel,committee consensus,2.0,2004.5,0,46,0,1304,0.0,,0.0,,3.407407407407407,0.034074074074074076,0.0,3.407407407407407,0.0,4.6,135.0,0.0,4.5
iris,pairflip,0.0,relabel,dual agreement,0.0,4.5,0,23,0,1327,0.0,,0.0,,1.7037037037037037,0.017037037037037038,0.0,1.7037037037037037,0.0,2.3,135.0,0.0,4.5
iris,pairflip,0.0,relabel,dual agreement,1.0,1004.5,0,26,0,1324,0.0,,0.0,,1.925925925925926,0.01925925925925926,0.0,1.925925925925926,0.0,2.6,135.0,0.0,4.5
iris,pairflip,0.0,relabel,dual agreement,2.0,2004.5,0,28,0,1322,0.0,,0.0,,2.074074074074074,0.02074074074074074,0.0,2.074074074074074,0.0,2.8,135.0,0.0,4.5
iris,pairflip,0.0,relabel,none,0.0,4.5,0,0,0,1350,,,,,0.0,0.0,0.0,0.0,0.0,0.0,135.0,0.0,4.5
iris,pairflip,0.0,relabel,none,1.0,1004.5,0,0,0,1350,,,,,0.0,0.0,0.0,0.0,0.0,0.0,135.0,0.0,4.5
iris,pairflip,0.0,relabel,none,2.0,2004.5,0,0,0,1350,,,,,0.0,0.0,0.0,0.0,0.0,0.0,135.0,0.0,4.5
iris,pairflip,0.1,relabel,DT hard_vote,0.0,4.5,109,153,14,1074,0.41603053435114506,0.8861788617886179,0.5662337662337662,0.8857450835294003,19.40740740740741,0.12469437652811736,9.11111111111111,12.814814814814815,10.3,15.3,135.0,0.0,4.5
iris,pairflip,0.1,relabel,DT hard_vote,1.0,1004.5,122,218,18,992,0.3588235294117647,0.8714285714285714,0.5083333333333333,0.8424082126063552,25.185185185185187,0.18016528925619835,10.37037037037037,17.62962962962963,12.0,21.8,135.0,0.0,4.5
iris,pairflip,0.1,relabel,DT hard_vote,2.0,2004.5,119,189,19,1023,0.38636363636363635,0.8623188405797102,0.5336322869955157,0.8614289408000942,22.814814814814817,0.15594059405940594,10.222222222222221,15.777777777777777,11.4,18.9,135.0,0.0,4.5
iris,pairflip,0.1,relabel,DT threshold,0.0,4.5,109,153,14,1074,0.41603053435114506,0.8861788617886179,0.5662337662337662,0.8857450835294003,19.40740740740741,0.12469437652811736,9.11111111111111,12.814814814814815,10.3,15.3,135.0,0.0,4.5
iris,pairflip,0.1,relabel,DT threshold,1.0,1004.5,122,218,18,992,0.3588235294117647,0.8714285714285714,0.5083333333333333,0.8424082126063552,25.185185185185187,0.18016528925619835,10.37037037037037,17.62962962962963,12.0,21.8,135.0,0.0,4.5
iris,pairflip,0.1,relabel,DT threshold,2.0,2004.5,119,188,19,1024,0.38762214983713356,0.8623188405797102,0.5348314606741573,0.8614289408000942,22.74074074074074,0.1551155115511551,10.222222222222221,15.703703703703704,11.4,18.8,135.0,0.0,4.5
iris,pairflip,0.1,relabel,NB hard_vote,0.0,4.5,115,95,8,1132,0.5476190476190477,0.9349593495934959,0.6906906906906907,0.990505082875632,15.555555555555557,0.07742461287693561,9.11111111111111,7.777777777777779,11.3,9.5,135.0,0.0,4.5
iris,pairflip,0.1,relabel,NB hard_vote,1.0,1004.5,133,96,7,1114,0.5807860262008734,0.95,0.7208672086720868,0.9919116373349661,16.962962962962962,0.07933884297520662,10.37037037037037,7.851851851851852,13.0,9.6,135.0,0.0,4.5
iris,pairflip,0.1,relabel,NB hard_vote,2.0,2004.5,131,91,7,1121,0.5900900900900901,0.9492753623188406,0.7277777777777777,0.9907645932988632,16.444444444444446,0.07508250825082509,10.222222222222221,7.851851851851853,12.3,9.1,135.0,0.0,4.5
iris,pairflip,0.1,relabel,NB threshold,0.0,4.5,107,28,16,1199,0.7925925925925926,0.8699186991869918,0.8294573643410853,0.990505082875632,10.0,0.022819885900570498,9.11111111111111,3.407407407407407,10.5,2.8,135.0,0.0,4.5
iris,pairflip,0.1,relabel,NB threshold,1.0,1004.5,126,37,14,1173,0.7730061349693251,0.9,0.8316831683168316,0.9919116373349661,12.074074074074073,0.030578512396694214,10.37037037037037,3.925925925925926,12.4,3.7,135.0,0.0,4.5
iris,pairflip,0.1,relabel,NB threshold,2.0,2004.5,118,29,20,1183,0.8027210884353742,0.855072463768116,0.8280701754385965,0.9907645932988632,10.88888888888889,0.02392739273927393,10.222222222222221,3.851851851851852,11.5,2.9,135.0,0.0,4.5
iris,pairflip,0.1,relabel,committee consensus,0.0,4.5,104,48,19,1179,0.6842105263157895,0.8455284552845529,0.7563636363636363,0.9822925023814474,11.25925925925926,0.039119804400977995,9.11111111111111,5.4074074074074066,9.8,4.8,135.0,0.0,4.5
iris,pairflip,0.1,relabel,committee consensus,1.0,1004.5,117,56,23,1154,0.6763005780346821,0.8357142857142857,0.7476038338658147,0.9726627323502994,12.814814814814815,0.04628099173553719,10.37037037037037,6.0,11.5,5.6,135.0,0.0,4.5
iris,pairflip,0.1,relabel,committee consensus,2.0,2004.5,114,51,24,1161,0.6909090909090909,0.8260869565217391,0.7524752475247525,0.9758887641819532,12.222222222222223,0.04207920792079208,10.222222222222221,5.851851851851851,11.0,5.1,135.0,0.0,4.5
iris,pairflip,0.1,relabel,dual agreement,0.0,4.5,95,20,28,1207,0.8260869565217391,0.7723577235772358,0.7983193277310925,0.9822925023814474,8.518518518518519,0.016299918500407497,9.11111111111111,3.7037037037037037,9.3,2.0,135.0,0.0,4.5
iris,pairflip,0.1,relabel,dual agreement,1.0,1004.5,110,29,30,1181,0.7913669064748201,0.7857142857142857,0.7885304659498208,0.9726627323502994,10.296296296296296,0.023966942148760332,10.37037037037037,4.444444444444445,10.9,2.9,135.0,0.0,4.5
iris,pairflip,0.1,relabel,dual agreement,2.0,2004.5,102,19,36,1193,0.8429752066115702,0.7391304347826086,0.7876447876447876,0.9758887641819532,8.962962962962964,0.015676567656765675,10.222222222222221,4.222222222222222,10.0,1.9,135.0,0.0,4.5
iris,pairflip,0.1,relabel,none,0.0,4.5,0,0,123,1227,,0.0,0.0,,0.0,0.0,9.11111111111111,9.11111111111111,0.0,0.0,135.0,0.0,4.5
iris,pairflip,0.1,relabel,none,1.0,1004.5,0,0,140,1210,,0.0,0.0,,0.0,0.0,10.37037037037037,10.37037037037037,0.0,0.0,135.0,0.0,4.5
iris,pairflip,0.1,relabel,none,2.0,2004.5,0,0,138,1212,,0.0,0.0,,0.0,0.0,10.222222222222221,10.222222222222221,0.0,0.0,135.0,0.0,4.5
iris,pairflip,0.2,relabel,DT hard_vote,0.0,4.5,190,240,58,862,0.4418604651162791,0.7661290322580645,0.56047197640118,0.7781334787075208,31.851851851851855,0.2177858439201452,18.37037037037037,22.59259259259259,18.3,24.0,135.0,0.0,4.5
iris,pairflip,0.2,relabel,DT hard_vote,1.0,1004.5,227,268,57,798,0.4585858585858586,0.7992957746478874,0.582798459563543,0.7754109341423102,36.66666666666667,0.25140712945590993,21.037037037037035,25.11111111111111,21.3,26.8,135.0,0.0,4.5
iris,pairflip,0.2,relabel,DT hard_vote,2.0,2004.5,204,282,67,797,0.41975308641975306,0.7527675276752768,0.5389696169088507,0.746887093731505,36.0,0.26135310472659873,20.074074074074076,26.444444444444446,19.6,28.2,135.0,0.0,4.5
iris,pairflip,0.2,relabel,DT threshold,0.0,4.5,190,238,58,864,0.4439252336448598,0.7661290322580645,0.5621301775147929,0.7781334787075208,31.703703703703702,0.2159709618874773,18.37037037037037,22.444444444444446,18.3,23.8,135.0,0.0,4.5
iris,pairflip,0.2,relabel,DT threshold,1.0,1004.5,227,267,57,799,0.45951417004048584,0.7992957746478874,0.583547557840617,0.7754109341423102,36.592592592592595,0.25046904315197,21.037037037037035,25.037037037037035,21.3,26.7,135.0,0.0,4.5
iris,pairflip,0.2,relabel,DT threshold,2.0,2004.5,204,278,67,801,0.42323651452282157,0.7527675276752768,0.5418326693227091,0.746887093731505,35.70370370370371,0.25764596848934196,20.074074074074076,26.148148148148152,19.6,27.8,135.0,0.0,4.5
iris,pairflip,0.2,relabel,NB hard_vote,0.0,4.5,220,129,28,973,0.6303724928366762,0.8870967741935484,0.7370184254606366,0.9682155142654937,25.851851851851855,0.11705989110707804,18.37037037037037,12.074074074074074,21.4,12.9,135.0,0.0,4.5
iris,pairflip,0.2,relabel,NB hard_vote,1.0,1004.5,255,147,29,919,0.6343283582089553,0.897887323943662,0.7434402332361516,0.9676397337030315,29.777777777777782,0.1378986866791745,21.037037037037035,13.555555555555554,24.8,14.7,135.0,0.0,4.5
iris,pairflip,0.2,relabel,NB hard_vote,2.0,2004.5,236,131,35,948,0.6430517711171662,0.8708487084870848,0.7398119122257053,0.9587144642215181,27.185185185185183,0.12140871177015755,20.074074074074076,12.74074074074074,23.0,13.1,135.0,0.0,4.5
iris,pairflip,0.2,relabel,NB threshold,0.0,4.5,218,59,30,1043,0.7870036101083032,0.8790322580645161,0.8304761904761905,0.9682155142654937,20.518518518518515,0.05353901996370236,18.37037037037037,7.037037037037036,21.2,5.9,135.0,0.0,4.5
iris,pairflip,0.2,relabel,NB threshold,1.0,1004.5,247,65,37,1001,0.7916666666666666,0.8697183098591549,0.8288590604026845,0.9676397337030315,23.11111111111111,0.06097560975609756,21.037037037037035,8.074074074074074,24.0,6.5,135.0,0.0,4.5
iris,pairflip,0.2,relabel,NB threshold,2.0,2004.5,234,55,37,1024,0.8096885813148789,0.8634686346863468,0.8357142857142857,0.9587144642215181,21.40740740740741,0.05097312326227989,20.074074074074076,7.2592592592592595,22.8,5.5,135.0,0.0,4.5
iris,pairflip,0.2,relabel,committee consensus,0.0,4.5,168,56,80,1046,0.75,0.6774193548387096,0.711864406779661,0.9361721113185713,16.592592592592595,0.050816696914700546,18.37037037037037,10.518518518518517,16.2,5.6,135.0,0.0,4.5
iris,pairflip,0.2,relabel,committee consensus,1.0,1004.5,204,52,80,1014,0.796875,0.7183098591549296,0.7555555555555555,0.9371259657355111,18.962962962962962,0.04878048780487805,21.037037037037035,10.740740740740742,19.1,5.2,135.0,0.0,4.5
iris,pairflip,0.2,relabel,committee consensus,2.0,2004.5,183,59,88,1020,0.756198347107438,0.6752767527675276,0.7134502923976608,0.914938670910739,17.925925925925927,0.05468025949953661,20.074074074074076,11.333333333333332,17.7,5.9,135.0,0.0,4.5
iris,pairflip,0.2,relabel,dual agreement,0.0,4.5,158,28,90,1074,0.8494623655913979,0.6370967741935484,0.728110599078341,0.9361721113185713,13.777777777777777,0.025408348457350273,18.37037037037037,8.814814814814815,15.7,2.8,135.0,0.0,4.5
iris,pairflip,0.2,relabel,dual agreement,1.0,1004.5,190,25,94,1041,0.8837209302325582,0.6690140845070423,0.7615230460921844,0.9371259657355111,15.925925925925927,0.02345215759849906,21.037037037037035,9.259259259259258,18.4,2.5,135.0,0.0,4.5
iris,pairflip,0.2,relabel,dual agreement,2.0,2004.5,178,26,93,1053,0.8725490196078431,0.6568265682656826,0.7494736842105263,0.914938670910739,15.11111111111111,0.024096385542168676,20.074074074074076,9.037037037037038,17.5,2.6,135.0,0.0,4.5
iris,pairflip,0.2,relabel,none,0.0,4.5,0,0,248,1102,,0.0,0.0,,0.0,0.0,18.37037037037037,18.37037037037037,0.0,0.0,135.0,0.0,4.5
iris,pairflip,0.2,relabel,none,1.0,1004.5,0,0,284,1066,,0.0,0.0,,0.0,0.0,21.037037037037035,21.037037037037035,0.0,0.0,135.0,0.0,4.5
iris,pairflip,0.2,relabel,none,2.0,2004.5,0,0,271,1079,,0.0,0.0,,0.0,0.0,20.074074074074076,20.074074074074076,0.0,0.0,135.0,0.0,4.5
iris,pairflip,0.4,relabel,DT hard_vote,0.0,4.5,304,375,211,460,0.4477172312223859,0.5902912621359223,0.509212730318258,0.5741469386031983,50.2962962962963,0.4491017964071856,38.148148148148145,44.592592592592595,28.8,37.5,135.0,0.0,4.5
iris,pairflip,0.4,relabel,DT hard_vote,1.0,1004.5,321,331,256,442,0.49233128834355827,0.5563258232235702,0.5223759153783564,0.564619498320669,48.29629629629629,0.4282018111254851,42.74074074074075,45.25925925925925,29.7,33.1,135.0,0.0,4.5
iris,pairflip,0.4,relabel,DT hard_vote,2.0,2004.5,327,334,202,487,0.4947049924357035,0.6181474480151229,0.5495798319327732,0.6075716005739865,48.962962962962955,0.40682095006090135,39.18518518518518,41.18518518518519,30.7,33.4,135.0,0.0,4.5
iris,pairflip,0.4,relabel,DT threshold,0.0,4.5,304,375,211,460,0.4477172312223859,0.5902912621359223,0.509212730318258,0.5741469386031983,50.2962962962963,0.4491017964071856,38.148148148148145,44.592592592592595,28.8,37.5,135.0,0.0,4.5
iris,pairflip,0.4,relabel,DT threshold,1.0,1004.5,321,331,256,442,0.49233128834355827,0.5563258232235702,0.5223759153783564,0.564619498320669,48.29629629629629,0.4282018111254851,42.74074074074075,45.25925925925925,29.7,33.1,135.0,0.0,4.5
iris,pairflip,0.4,relabel,DT threshold,2.0,2004.5,327,333,202,488,0.4954545454545455,0.6181474480151229,0.5500420521446594,0.6075716005739865,48.88888888888889,0.4056029232643118,39.18518518518518,41.111111111111114,30.7,33.3,135.0,0.0,4.5
iris,pairflip,0.4,relabel,NB hard_vote,0.0,4.5,359,235,156,600,0.6043771043771043,0.6970873786407767,0.6474301172227231,0.7724117338963898,43.99999999999999,0.281437125748503,38.148148148148145,29.111111111111107,35.7,23.5,135.0,0.3,4.5
iris,pairflip,0.4,relabel,NB hard_vote,1.0,1004.5,313,329,264,444,0.48753894080996885,0.5424610051993067,0.5135356849876949,0.6275541464239658,47.55555555555555,0.425614489003881,42.74074074074075,44.0,31.2,32.9,135.0,1.4,4.5
iris,pairflip,0.4,relabel,NB hard_vote,2.0,2004.5,332,287,197,534,0.5363489499192245,0.6275992438563327,0.578397212543554,0.711880364761705,45.851851851851855,0.34957369062119364,39.18518518518518,35.92592592592592,33.1,28.7,135.0,0.9,4.5
iris,pairflip,0.4,relabel,NB threshold,0.0,4.5,348,182,167,653,0.6566037735849056,0.6757281553398058,0.6660287081339713,0.7724117338963898,39.25925925925926,0.2179640718562874,38.148148148148145,26.0,34.6,18.2,135.0,0.0,4.5
iris,pairflip,0.4,relabel,NB threshold,1.0,1004.5,296,275,281,498,0.5183887915936952,0.512998266897747,0.5156794425087108,0.6275541464239658,42.29629629629629,0.35575679172056923,42.74074074074075,41.18518518518518,29.6,27.5,135.0,0.5,4.5
iris,pairflip,0.4,relabel,NB threshold,2.0,2004.5,325,225,204,596,0.5909090909090909,0.6143667296786389,0.6024096385542169,0.711880364761705,40.74074074074075,0.2740560292326431,39.18518518518518,31.851851851851848,32.4,22.5,135.0,0.8,4.5
iris,pairflip,0.4,relabel,committee consensus,0.0,4.5,236,117,279,718,0.6685552407932012,0.458252427184466,0.543778801843318,0.7022125385468434,26.148148148148145,0.14011976047904193,38.148148148148145,30.22222222222222,22.4,11.7,135.0,0.0,4.5
iris,pairflip,0.4,relabel,committee consensus,1.0,1004.5,196,184,381,589,0.5157894736842106,0.3396880415944541,0.4096133751306165,0.6213290373739827,28.148148148148145,0.23803363518758086,42.74074074074075,43.18518518518519,17.8,18.4,135.0,0.0,4.5
iris,pairflip,0.4,relabel,committee consensus,2.0,2004.5,216,157,313,664,0.579088471849866,0.40831758034026466,0.4789356984478936,0.6993005277410451,27.62962962962963,0.19123020706455543,39.18518518518518,35.85185185185185,20.2,15.7,135.0,0.0,4.5
iris,pairflip,0.4,relabel,dual agreement,0.0,4.5,221,93,294,742,0.7038216560509554,0.429126213592233,0.5331724969843185,0.7022125385468434,23.25925925925926,0.11137724550898204,38.148148148148145,28.814814814814817,21.9,9.3,135.0,0.0,4.5
iris,pairflip,0.4,relabel,dual agreement,1.0,1004.5,170,141,407,632,0.5466237942122186,0.29462738301559793,0.38288288288288286,0.6213290373739827,23.037037037037038,0.18240620957309184,42.74074074074075,40.592592592592595,17.0,14.1,135.0,0.0,4.5
iris,pairflip,0.4,relabel,dual agreement,2.0,2004.5,196,120,333,701,0.620253164556962,0.3705103969754253,0.463905325443787,0.6993005277410451,23.40740740740741,0.146163215590743,39.18518518518518,33.55555555555555,19.6,12.0,135.0,0.0,4.5
iris,pairflip,0.4,relabel,none,0.0,4.5,0,0,515,835,,0.0,0.0,,0.0,0.0,38.148148148148145,38.148148148148145,0.0,0.0,135.0,0.0,4.5
iris,pairflip,0.4,relabel,none,1.0,1004.5,0,0,577,773,,0.0,0.0,,0.0,0.0,42.74074074074075,42.74074074074075,0.0,0.0,135.0,0.0,4.5
iris,pairflip,0.4,relabel,none,2.0,2004.5,0,0,529,821,,0.0,0.0,,0.0,0.0,39.18518518518518,39.18518518518518,0.0,0.0,135.0,0.0,4.5
iris,symmetric,0.0,relabel,DT hard_vote,0.0,4.5,0,77,0,1273,0.0,,0.0,,5.703703703703703,0.05703703703703704,0.0,5.703703703703703,0.0,7.7,135.0,0.0,4.5
iris,symmetric,0.0,relabel,DT hard_vote,1.0,1004.5,0,79,0,1271,0.0,,0.0,,5.851851851851851,0.05851851851851852,0.0,5.851851851851851,0.0,7.9,135.0,0.0,4.5
iris,symmetric,0.0,relabel,DT hard_vote,2.0,2004.5,0,69,0,1281,0.0,,0.0,,5.111111111111111,0.051111111111111114,0.0,5.111111111111111,0.0,6.9,135.0,0.0,4.5
iris,symmetric,0.0,relabel,DT threshold,0.0,4.5,0,77,0,1273,0.0,,0.0,,5.703703703703703,0.05703703703703704,0.0,5.703703703703703,0.0,7.7,135.0,0.0,4.5
iris,symmetric,0.0,relabel,DT threshold,1.0,1004.5,0,79,0,1271,0.0,,0.0,,5.851851851851851,0.05851851851851852,0.0,5.851851851851851,0.0,7.9,135.0,0.0,4.5
iris,symmetric,0.0,relabel,DT threshold,2.0,2004.5,0,69,0,1281,0.0,,0.0,,5.111111111111111,0.051111111111111114,0.0,5.111111111111111,0.0,6.9,135.0,0.0,4.5
iris,symmetric,0.0,relabel,NB hard_vote,0.0,4.5,0,62,0,1288,0.0,,0.0,,4.592592592592593,0.045925925925925926,0.0,4.592592592592593,0.0,6.2,135.0,0.0,4.5
iris,symmetric,0.0,relabel,NB hard_vote,1.0,1004.5,0,59,0,1291,0.0,,0.0,,4.37037037037037,0.0437037037037037,0.0,4.37037037037037,0.0,5.9,135.0,0.0,4.5
iris,symmetric,0.0,relabel,NB hard_vote,2.0,2004.5,0,64,0,1286,0.0,,0.0,,4.7407407407407405,0.047407407407407405,0.0,4.7407407407407405,0.0,6.4,135.0,0.0,4.5
iris,symmetric,0.0,relabel,NB threshold,0.0,4.5,0,25,0,1325,0.0,,0.0,,1.8518518518518519,0.018518518518518517,0.0,1.8518518518518519,0.0,2.5,135.0,0.0,4.5
iris,symmetric,0.0,relabel,NB threshold,1.0,1004.5,0,29,0,1321,0.0,,0.0,,2.148148148148148,0.02148148148148148,0.0,2.148148148148148,0.0,2.9,135.0,0.0,4.5
iris,symmetric,0.0,relabel,NB threshold,2.0,2004.5,0,29,0,1321,0.0,,0.0,,2.148148148148148,0.02148148148148148,0.0,2.148148148148148,0.0,2.9,135.0,0.0,4.5
iris,symmetric,0.0,relabel,committee consensus,0.0,4.5,0,46,0,1304,0.0,,0.0,,3.407407407407407,0.034074074074074076,0.0,3.407407407407407,0.0,4.6,135.0,0.0,4.5
iris,symmetric,0.0,relabel,committee consensus,1.0,1004.5,0,43,0,1307,0.0,,0.0,,3.1851851851851856,0.03185185185185185,0.0,3.185185185185185,0.0,4.3,135.0,0.0,4.5
iris,symmetric,0.0,relabel,committee consensus,2.0,2004.5,0,46,0,1304,0.0,,0.0,,3.407407407407407,0.034074074074074076,0.0,3.407407407407407,0.0,4.6,135.0,0.0,4.5
iris,symmetric,0.0,relabel,dual agreement,0.0,4.5,0,23,0,1327,0.0,,0.0,,1.7037037037037037,0.017037037037037038,0.0,1.7037037037037037,0.0,2.3,135.0,0.0,4.5
iris,symmetric,0.0,relabel,dual agreement,1.0,1004.5,0,26,0,1324,0.0,,0.0,,1.925925925925926,0.01925925925925926,0.0,1.925925925925926,0.0,2.6,135.0,0.0,4.5
iris,symmetric,0.0,relabel,dual agreement,2.0,2004.5,0,28,0,1322,0.0,,0.0,,2.074074074074074,0.02074074074074074,0.0,2.074074074074074,0.0,2.8,135.0,0.0,4.5
iris,symmetric,0.0,relabel,none,0.0,4.5,0,0,0,1350,,,,,0.0,0.0,0.0,0.0,0.0,0.0,135.0,0.0,4.5
iris,symmetric,0.0,relabel,none,1.0,1004.5,0,0,0,1350,,,,,0.0,0.0,0.0,0.0,0.0,0.0,135.0,0.0,4.5
iris,symmetric,0.0,relabel,none,2.0,2004.5,0,0,0,1350,,,,,0.0,0.0,0.0,0.0,0.0,0.0,135.0,0.0,4.5
iris,symmetric,0.1,relabel,DT hard_vote,0.0,4.5,112,185,11,1042,0.3771043771043771,0.9105691056910569,0.5333333333333333,0.8841700835251853,22.000000000000004,0.15077424612876936,9.11111111111111,15.333333333333334,10.1,18.5,135.0,0.0,4.5
iris,symmetric,0.1,relabel,DT hard_vote,1.0,1004.5,127,213,13,997,0.3735294117647059,0.9071428571428571,0.5291666666666667,0.8658846263939541,25.185185185185183,0.17603305785123968,10.37037037037037,17.48148148148148,11.7,21.3,135.0,0.0,4.5
iris,symmetric,0.1,relabel,DT hard_vote,2.0,2004.5,123,203,15,1009,0.3773006134969325,0.8913043478260869,0.5301724137931034,0.86442553666322,24.14814814814815,0.1674917491749175,10.222222222222221,17.25925925925926,10.8,20.3,135.0,0.0,4.5
iris,symmetric,0.1,relabel,DT threshold,0.0,4.5,112,185,11,1042,0.3771043771043771,0.9105691056910569,0.5333333333333333,0.8841700835251853,22.000000000000004,0.15077424612876936,9.11111111111111,15.333333333333334,10.1,18.5,135.0,0.0,4.5
iris,symmetric,0.1,relabel,DT threshold,1.0,1004.5,127,212,13,998,0.3746312684365782,0.9071428571428571,0.5302713987473904,0.8658846263939541,25.111111111111114,0.17520661157024794,10.37037037037037,17.407407407407405,11.7,21.2,135.0,0.0,4.5
iris,symmetric,0.1,relabel,DT threshold,2.0,2004.5,123,203,15,1009,0.3773006134969325,0.8913043478260869,0.5301724137931034,0.86442553666322,24.14814814814815,0.1674917491749175,10.222222222222221,17.25925925925926,10.8,20.3,135.0,0.0,4.5
iris,symmetric,0.1,relabel,NB hard_vote,0.0,4.5,119,88,4,1139,0.5748792270531401,0.967479674796748,0.7212121212121212,0.992187510926018,15.333333333333332,0.07171964140179299,9.11111111111111,7.185185185185185,11.4,8.8,135.0,0.0,4.5
iris,symmetric,0.1,relabel,NB hard_vote,1.0,1004.5,135,98,5,1112,0.5793991416309013,0.9642857142857143,0.7238605898123325,0.9942705878264553,17.25925925925926,0.08099173553719008,10.37037037037037,8.0,13.0,9.8,135.0,0.0,4.5
iris,symmetric,0.1,relabel,NB hard_vote,2.0,2004.5,131,90,7,1122,0.5927601809954751,0.9492753623188406,0.7298050139275766,0.9884780165951413,16.370370370370374,0.07425742574257425,10.222222222222221,7.703703703703705,12.4,9.0,135.0,0.0,4.5
iris,symmetric,0.1,relabel,NB threshold,0.0,4.5,105,27,18,1200,0.7954545454545454,0.8536585365853658,0.8235294117647058,0.992187510926018,9.777777777777779,0.022004889975550123,9.11111111111111,3.481481481481482,10.3,2.7,135.0,0.0,4.5
iris,symmetric,0.1,relabel,NB threshold,1.0,1004.5,119,30,21,1180,0.7986577181208053,0.85,0.8235294117647058,0.9942705878264553,11.037037037037035,0.024793388429752067,10.37037037037037,3.925925925925926,11.7,3.0,135.0,0.0,4.5
iris,symmetric,0.1,relabel,NB threshold,2.0,2004.5,118,27,20,1185,0.8137931034482758,0.855072463768116,0.833922261484099,0.9884780165951413,10.740740740740742,0.022277227722772276,10.222222222222221,3.6296296296296298,11.6,2.7,135.0,0.0,4.5
iris,symmetric,0.1,relabel,committee consensus,0.0,4.5,108,43,15,1184,0.7152317880794702,0.8780487804878049,0.7883211678832117,0.9844634355434927,11.185185185185185,0.03504482477587612,9.11111111111111,5.037037037037036,9.8,4.3,135.0,0.0,4.5
iris,symmetric,0.1,relabel,committee consensus,1.0,1004.5,123,52,17,1158,0.7028571428571428,0.8785714285714286,0.780952380952381,0.9807100145543893,12.962962962962965,0.04297520661157025,10.37037037037037,5.851851851851851,11.3,5.2,135.0,0.0,4.5
iris,symmetric,0.1,relabel,committee consensus,2.0,2004.5,118,46,20,1166,0.7195121951219512,0.855072463768116,0.7814569536423841,0.9783615916060349,12.148148148148149,0.037953795379537955,10.222222222222221,5.703703703703704,10.7,4.6,135.0,0.0,4.5
iris,symmetric,0.1,relabel,dual agreement,0.0,4.5,89,20,34,1207,0.8165137614678899,0.7235772357723578,0.7672413793103449,0.9844634355434927,8.074074074074076,0.016299918500407497,9.11111111111111,4.148148148148148,8.7,2.0,135.0,0.0,4.5
iris,symmetric,0.1,relabel,dual agreement,1.0,1004.5,104,20,36,1190,0.8387096774193549,0.7428571428571429,0.7878787878787878,0.9807100145543893,9.185185185185185,0.01652892561983471,10.37037037037037,4.296296296296296,10.2,2.0,135.0,0.0,4.5
iris,symmetric,0.1,relabel,dual agreement,2.0,2004.5,97,17,41,1195,0.8508771929824561,0.7028985507246377,0.7698412698412699,0.9783615916060349,8.444444444444445,0.014026402640264026,10.222222222222221,4.370370370370371,9.6,1.7,135.0,0.0,4.5
iris,symmetric,0.1,relabel,none,0.0,4.5,0,0,123,1227,,0.0,0.0,,0.0,0.0,9.11111111111111,9.11111111111111,0.0,0.0,135.0,0.0,4.5
iris,symmetric,0.1,relabel,none,1.0,1004.5,0,0,140,1210,,0.0,0.0,,0.0,0.0,10.37037037037037,10.37037037037037,0.0,0.0,135.0,0.0,4.5
iris,symmetric,0.1,relabel,none,2.0,2004.5,0,0,138,1212,,0.0,0.0,,0.0,0.0,10.222222222222221,10.222222222222221,0.0,0.0,135.0,0.0,4.5
iris,symmetric,0.2,relabel,DT hard_vote,0.0,4.5,210,240,38,862,0.4666666666666667,0.8467741935483871,0.6017191977077364,0.815442517866337,33.333333333333336,0.2177858439201452,18.37037037037037,22.296296296296294,18.7,24.0,135.0,0.0,4.5
iris,symmetric,0.2,relabel,DT hard_vote,1.0,1004.5,237,287,47,779,0.45229007633587787,0.8345070422535211,0.5866336633663366,0.7804960456453303,38.814814814814824,0.2692307692307692,21.037037037037035,27.111111111111107,20.5,28.7,135.0,0.0,4.5
iris,symmetric,0.2,relabel,DT hard_vote,2.0,2004.5,241,294,30,785,0.4504672897196262,0.8892988929889298,0.598014888337469,0.8080158650562819,39.62962962962963,0.27247451343836887,20.074074074074076,27.333333333333336,19.6,29.4,135.0,0.0,4.5
iris,symmetric,0.2,relabel,DT threshold,0.0,4.5,210,239,38,863,0.46770601336302897,0.8467741935483871,0.6025824964131994,0.815442517866337,33.25925925925926,0.21687840290381125,18.37037037037037,22.22222222222222,18.7,23.9,135.0,0.0,4.5
iris,symmetric,0.2,relabel,DT threshold,1.0,1004.5,237,286,47,780,0.45315487571701724,0.8345070422535211,0.587360594795539,0.7804960456453303,38.74074074074075,0.2682926829268293,21.037037037037035,27.037037037037038,20.5,28.6,135.0,0.0,4.5
iris,symmetric,0.2,relabel,DT threshold,2.0,2004.5,241,292,30,787,0.4521575984990619,0.8892988929889298,0.599502487562189,0.8080158650562819,39.48148148148148,0.2706209453197405,20.074074074074076,27.185185185185183,19.6,29.2,135.0,0.0,4.5
iris,symmetric,0.2,relabel,NB hard_vote,0.0,4.5,237,118,11,984,0.6676056338028169,0.9556451612903226,0.7860696517412935,0.9855302434016023,26.296296296296294,0.10707803992740472,18.37037037037037,10.740740740740742,22.1,11.8,135.0,0.0,4.5
iris,symmetric,0.2,relabel,NB hard_vote,1.0,1004.5,268,117,16,949,0.6961038961038961,0.9436619718309859,0.8011958146487295,0.982423384765134,28.518518518518515,0.10975609756097561,21.037037037037035,10.962962962962964,25.3,11.7,135.0,0.0,4.5
iris,symmetric,0.2,relabel,NB hard_vote,2.0,2004.5,252,113,19,966,0.6904109589041096,0.9298892988929889,0.7924528301886793,0.9832054828354406,27.037037037037038,0.10472659870250231,20.074074074074076,10.814814814814815,23.8,11.3,135.0,0.0,4.5
iris,symmetric,0.2,relabel,NB threshold,0.0,4.5,212,48,36,1054,0.8153846153846154,0.8548387096774194,0.8346456692913385,0.9855302434016023,19.25925925925926,0.043557168784029036,18.37037037037037,6.888888888888888,20.3,4.8,135.0,0.0,4.5
iris,symmetric,0.2,relabel,NB threshold,1.0,1004.5,242,70,42,996,0.7756410256410257,0.852112676056338,0.8120805369127517,0.982423384765134,23.11111111111111,0.06566604127579738,21.037037037037035,8.814814814814813,23.5,7.0,135.0,0.0,4.5
iris,symmetric,0.2,relabel,NB threshold,2.0,2004.5,236,51,35,1028,0.8222996515679443,0.8708487084870848,0.8458781362007168,0.9832054828354406,21.25925925925926,0.047265987025023166,20.074074074074076,7.111111111111112,22.6,5.1,135.0,0.0,4.5
iris,symmetric,0.2,relabel,committee consensus,0.0,4.5,203,51,45,1051,0.7992125984251969,0.8185483870967742,0.8087649402390438,0.9581727981421462,18.814814814814817,0.04627949183303085,18.37037037037037,8.814814814814817,18.0,5.1,135.0,0.0,4.5
iris,symmetric,0.2,relabel,committee consensus,1.0,1004.5,225,53,59,1013,0.8093525179856115,0.7922535211267606,0.800711743772242,0.9475357013976782,20.592592592592595,0.04971857410881801,21.037037037037035,10.666666666666668,19.3,5.3,135.0,0.0,4.5
iris,symmetric,0.2,relabel,committee consensus,2.0,2004.5,227,49,44,1030,0.822463768115942,0.8376383763837638,0.829981718464351,0.9610763275526601,20.444444444444446,0.04541241890639481,20.074074074074076,9.925925925925926,18.6,4.9,135.0,0.0,4.5
iris,symmetric,0.2,relabel,dual agreement,0.0,4.5,164,20,84,1082,0.8913043478260869,0.6612903225806451,0.7592592592592593,0.9581727981421462,13.629629629629628,0.018148820326678767,18.37037037037037,8.074074074074074,15.9,2.0,135.0,0.0,4.5
iris,symmetric,0.2,relabel,dual agreement,1.0,1004.5,176,24,108,1042,0.88,0.6197183098591549,0.7272727272727273,0.9475357013976782,14.814814814814815,0.0225140712945591,21.037037037037035,10.148148148148149,17.1,2.4,135.0,0.0,4.5
iris,symmetric,0.2,relabel,dual agreement,2.0,2004.5,174,21,97,1058,0.8923076923076924,0.6420664206642066,0.7467811158798283,0.9610763275526601,14.444444444444443,0.019462465245597776,20.074074074074076,8.962962962962964,17.1,2.1,135.0,0.0,4.5
iris,symmetric,0.2,relabel,none,0.0,4.5,0,0,248,1102,,0.0,0.0,,0.0,0.0,18.37037037037037,18.37037037037037,0.0,0.0,135.0,0.0,4.5
iris,symmetric,0.2,relabel,none,1.0,1004.5,0,0,284,1066,,0.0,0.0,,0.0,0.0,21.037037037037035,21.037037037037035,0.0,0.0,135.0,0.0,4.5
iris,symmetric,0.2,relabel,none,2.0,2004.5,0,0,271,1079,,0.0,0.0,,0.0,0.0,20.074074074074076,20.074074074074076,0.0,0.0,135.0,0.0,4.5
iris,symmetric,0.4,relabel,DT hard_vote,0.0,4.5,403,361,112,474,0.5274869109947644,0.7825242718446602,0.6301798279906177,0.674966498205521,56.59259259259259,0.43233532934131735,38.148148148148145,42.81481481481482,29.8,36.1,135.0,0.0,4.5
iris,symmetric,0.4,relabel,DT hard_vote,1.0,1004.5,427,341,150,432,0.5559895833333334,0.7400346620450606,0.6349442379182156,0.6506357824559823,56.88888888888889,0.4411384217335058,42.74074074074075,46.962962962962955,28.4,34.1,135.0,0.0,4.5
iris,symmetric,0.4,relabel,DT hard_vote,2.0,2004.5,423,344,106,477,0.5514993481095176,0.7996219281663516,0.6527777777777778,0.6911601164928588,56.8148148148148,0.4190012180267966,39.18518518518518,42.888888888888886,29.4,34.4,135.0,0.0,4.5
iris,symmetric,0.4,relabel,DT threshold,0.0,4.5,403,361,112,474,0.5274869109947644,0.7825242718446602,0.6301798279906177,0.674966498205521,56.59259259259259,0.43233532934131735,38.148148148148145,42.81481481481482,29.8,36.1,135.0,0.0,4.5
iris,symmetric,0.4,relabel,DT threshold,1.0,1004.5,427,340,150,433,0.5567144719687093,0.7400346620450606,0.6354166666666666,0.6506357824559823,56.814814814814824,0.4398447606727037,42.74074074074075,46.888888888888886,28.4,34.0,135.0,0.0,4.5
iris,symmetric,0.4,relabel,DT threshold,2.0,2004.5,423,344,106,477,0.5514993481095176,0.7996219281663516,0.6527777777777778,0.6911601164928588,56.8148148148148,0.4190012180267966,39.18518518518518,42.888888888888886,29.4,34.4,135.0,0.0,4.5
iris,symmetric,0.4,relabel,NB hard_vote,0.0,4.5,479,119,36,716,0.8010033444816054,0.9300970873786408,0.8607367475292004,0.9662213736364553,44.2962962962963,0.14251497005988023,38.148148148148145,14.814814814814813,43.4,11.9,135.0,0.0,4.5
iris,symmetric,0.4,relabel,NB hard_vote,1.0,1004.5,527,114,50,659,0.8221528861154446,0.9133448873483535,0.8653530377668309,0.949734029572746,47.48148148148148,0.14747736093143596,42.74074074074075,15.555555555555554,48.1,11.4,135.0,0.3,4.5
iris,symmetric,0.4,relabel,NB hard_vote,2.0,2004.5,484,102,45,719,0.825938566552901,0.9149338374291115,0.8681614349775785,0.970047662547797,43.407407407407405,0.12423873325213154,39.18518518518518,13.185185185185185,45.3,10.2,135.0,0.0,4.5
iris,symmetric,0.4,relabel,NB threshold,0.0,4.5,467,98,48,737,0.8265486725663717,0.9067961165048544,0.8648148148148148,0.9662213736364553,41.85185185185185,0.11736526946107785,38.148148148148145,13.62962962962963,42.9,9.8,135.0,0.0,4.5
iris,symmetric,0.4,relabel,NB threshold,1.0,1004.5,512,98,65,675,0.839344262295082,0.8873483535528596,0.8626790227464195,0.949734029572746,45.18518518518518,0.12677878395860284,42.74074074074075,15.037037037037038,47.2,9.8,135.0,0.1,4.5
iris,symmetric,0.4,relabel,NB threshold,2.0,2004.5,467,76,62,745,0.860036832412523,0.8827977315689981,0.871268656716418,0.970047662547797,40.22222222222222,0.0925700365408039,39.18518518518518,12.074074074074073,44.2,7.6,135.0,0.0,4.5
iris,symmetric,0.4,relabel,committee consensus,0.0,4.5,379,67,136,768,0.8497757847533632,0.7359223300970874,0.7887617065556711,0.8858803337618271,33.03703703703704,0.08023952095808383,38.148148148148145,22.22222222222222,28.2,6.7,135.0,0.0,4.5
iris,symmetric,0.4,relabel,committee consensus,1.0,1004.5,396,57,181,716,0.8741721854304636,0.6863084922010398,0.7689320388349514,0.8605762304372953,33.55555555555556,0.07373868046571798,42.74074074074075,27.703703703703706,26.0,5.7,135.0,0.0,4.5
iris,symmetric,0.4,relabel,committee consensus,2.0,2004.5,388,55,141,766,0.8758465011286681,0.7334593572778828,0.7983539094650206,0.899830905977477,32.81481481481482,0.06699147381242387,39.18518518518518,22.888888888888893,27.3,5.3,135.0,0.0,4.5
iris,symmetric,0.4,relabel,dual agreement,0.0,4.5,278,32,237,803,0.896774193548387,0.5398058252427185,0.673939393939394,0.8858803337618271,22.962962962962965,0.03832335329341317,38.148148148148145,20.962962962962965,26.4,3.2,135.0,0.0,4.5
iris,symmetric,0.4,relabel,dual agreement,1.0,1004.5,261,25,316,748,0.9125874125874126,0.45233968804159447,0.6048667439165701,0.8605762304372953,21.185185185185183,0.03234152652005175,42.74074074074075,26.74074074074074,24.1,2.5,135.0,0.0,4.5
iris,symmetric,0.4,relabel,dual agreement,2.0,2004.5,268,24,261,797,0.9178082191780822,0.5066162570888468,0.6528623629719854,0.899830905977477,21.62962962962963,0.029232643118148598,39.18518518518518,22.0,25.6,2.4,135.0,0.0,4.5
iris,symmetric,0.4,relabel,none,0.0,4.5,0,0,515,835,,0.0,0.0,,0.0,0.0,38.148148148148145,38.148148148148145,0.0,0.0,135.0,0.0,4.5
iris,symmetric,0.4,relabel,none,1.0,1004.5,0,0,577,773,,0.0,0.0,,0.0,0.0,42.74074074074075,42.74074074074075,0.0,0.0,135.0,0.0,4.5
iris,symmetric,0.4,relabel,none,2.0,2004.5,0,0,529,821,,0.0,0.0,,0.0,0.0,39.18518518518518,39.18518518518518,0.0,0.0,135.0,0.0,4.5
nsl-kdd,pairflip,0.0,relabel,DT hard_vote,0.0,4.5,0,1310,0,225418,0.0,,0.0,,0.5777851266764342,0.005777848346917893,0.0,0.5777851266764341,0.0,131.0,22672.8,13.2,4.5
nsl-kdd,pairflip,0.0,relabel,DT hard_vote,1.0,1004.5,0,1305,0,225423,0.0,,0.0,,0.5755794908813877,0.005755795490631947,0.0,0.5755794908813878,0.0,130.5,22672.8,13.2,4.5
nsl-kdd,pairflip,0.0,relabel,DT hard_vote,2.0,2004.5,0,1306,0,225422,0.0,,0.0,,0.5760208942822785,0.005760206061889136,0.0,0.5760208942822787,0.0,130.6,22672.8,12.2,4.5
nsl-kdd,pairflip,0.0,relabel,DT threshold,0.0,4.5,0,1306,0,225422,0.0,,0.0,,0.5760208942822785,0.005760206061889136,0.0,0.5760208942822785,0.0,130.6,22672.8,13.2,4.5
nsl-kdd,pairflip,0.0,relabel,DT threshold,1.0,1004.5,0,1302,0,225426,0.0,,0.0,,0.5742562728150504,0.005742563776860379,0.0,0.5742562728150504,0.0,130.2,22672.8,13.2,4.5
nsl-kdd,pairflip,0.0,relabel,DT threshold,2.0,2004.5,0,1304,0,225424,0.0,,0.0,,0.5751387878120277,0.005751384919374758,0.0,0.5751387878120278,0.0,130.4,22672.8,12.2,4.5
nsl-kdd,pairflip,0.0,relabel,NB hard_vote,0.0,4.5,0,44531,0,182197,0.0,,0.0,,19.640710471086255,0.19640714865389367,0.0,19.640710471086255,0.0,4453.1,22672.8,15.2,4.5
nsl-kdd,pairflip,0.0,relabel,NB hard_vote,1.0,1004.5,0,45159,0,181569,0.0,,0.0,,19.91768968502854,0.1991769874034085,0.0,19.91768968502854,0.0,4515.9,22672.8,15.5,4.5
nsl-kdd,pairflip,0.0,relabel,NB hard_vote,2.0,2004.5,0,45058,0,181670,0.0,,0.0,,19.873155564082655,0.19873151970643238,0.0,19.873155564082655,0.0,4505.8,22672.8,15.3,4.5
nsl-kdd,pairflip,0.0,relabel,NB threshold,0.0,4.5,0,28711,0,198017,0.0,,0.0,,12.663182576959198,0.12663191136516003,0.0,12.663182576959198,0.0,2871.1,22672.8,14.0,4.5
nsl-kdd,pairflip,0.0,relabel,NB threshold,1.0,1004.5,0,29333,0,197395,0.0,,0.0,,12.937538718606822,0.12937528668713172,0.0,12.937538718606822,0.0,2933.3,22672.8,15.1,4.5
nsl-kdd,pairflip,0.0,relabel,NB threshold,2.0,2004.5,0,28686,0,198042,0.0,,0.0,,12.652160545338514,0.1265216470837303,0.0,12.652160545338514,0.0,2868.6,22672.8,14.4,4.5
nsl-kdd,pairflip,0.0,relabel,committee consensus,0.0,4.5,0,876,0,225852,0.0,,0.0,,0.3863663107104565,0.0038636604212977663,0.0,0.38636631071045646,0.0,87.6,22672.8,11.8,4.5
nsl-kdd,pairflip,0.0,relabel,committee consensus,1.0,1004.5,0,851,0,225877,0.0,,0.0,,0.3753396296665541,0.0037533961398680355,0.0,0.3753396296665541,0.0,85.1,22672.8,11.7,4.5
nsl-kdd,pairflip,0.0,relabel,committee consensus,2.0,2004.5,0,841,0,225887,0.0,,0.0,,0.37092923349087475,0.0037092904272961434,0.0,0.37092923349087475,0.0,84.1,22672.8,10.9,4.5
nsl-kdd,pairflip,0.0,relabel,dual agreement,0.0,4.5,0,198,0,226530,0.0,,0.0,,0.08732939651560474,0.0008732931089234677,0.0,0.08732939651560474,0.0,19.8,22672.8,3.5,4.5
nsl-kdd,pairflip,0.0,relabel,dual agreement,1.0,1004.5,0,196,0,226532,0.0,,0.0,,0.08644721223073924,0.0008644719664090893,0.0,0.08644721223073927,0.0,19.6,22672.8,4.4,4.5
nsl-kdd,pairflip,0.0,relabel,dual agreement,2.0,2004.5,0,142,0,226586,0.0,,0.0,,0.06263014299742704,0.0006263011185208709,0.0,0.06263014299742706,0.0,14.2,22672.8,3.6,4.5
nsl-kdd,pairflip,0.0,relabel,none,0.0,4.5,0,0,0,226728,,,,,0.0,0.0,0.0,0.0,0.0,0.0,22672.8,0.0,4.5
nsl-kdd,pairflip,0.0,relabel,none,1.0,1004.5,0,0,0,226728,,,,,0.0,0.0,0.0,0.0,0.0,0.0,22672.8,0.0,4.5
nsl-kdd,pairflip,0.0,relabel,none,2.0,2004.5,0,0,0,226728,,,,,0.0,0.0,0.0,0.0,0.0,0.0,22672.8,0.0,4.5
nsl-kdd,pairflip,0.1,relabel,DT hard_vote,0.0,4.5,20340,23596,2542,180250,0.46294610342316095,0.8889083122104711,0.6088179831781855,0.8877536031744242,19.378285916634837,0.11575404962569782,10.092270021474656,11.58789280545061,2020.5,2359.6,22672.8,11.1,4.5
nsl-kdd,pairflip,0.1,relabel,DT hard_vote,1.0,1004.5,19998,23378,2568,180784,0.4610383622279602,0.8862004785961181,0.6065330138606654,0.8873944250145879,19.131295210096503,0.11450710710122354,9.952895137087719,11.500565723919788,1986.9,2337.8,22672.8,12.6,4.5
nsl-kdd,pairflip,0.1,relabel,DT hard_vote,2.0,2004.5,20349,23481,2619,180279,0.46427104722792606,0.8859717868338558,0.6092697386149286,0.8866726041875284,19.33153402081404,0.11523851590106007,10.130199841002954,11.576868906279177,2020.1,2348.1,22672.8,10.9,4.5
nsl-kdd,pairflip,0.1,relabel,DT threshold,0.0,4.5,20339,23592,2543,180254,0.4629760305934306,0.8888646097369111,0.6088336102255549,0.8877536031744242,19.376080631005557,0.11573442696937884,10.092270021474656,11.586128573056452,2020.5,2359.2,22672.8,11.1,4.5
nsl-kdd,pairflip,0.1,relabel,DT threshold,1.0,1004.5,19998,23373,2568,180789,0.4610915127619838,0.8862004785961181,0.6065790072341781,0.8873944250145879,19.129089905013565,0.11448261674552561,9.952895137087719,11.498360418836851,1986.9,2337.3,22672.8,12.6,4.5
nsl-kdd,pairflip,0.1,relabel,DT threshold,2.0,2004.5,20349,23478,2619,180282,0.464302827024437,0.8859717868338558,0.6092971030765776,0.8866726041875284,19.33021086110866,0.11522379269729092,10.130199841002954,11.575545746573798,2020.1,2347.8,22672.8,10.9,4.5
nsl-kdd,pairflip,0.1,relabel,NB hard_vote,0.0,4.5,20061,72083,2821,131763,0.21771357874631012,0.8767153220872301,0.3488080955610036,0.7687242652565145,40.64071252150135,0.35361498386036516,10.092270021474656,35.42696178658122,1464.2,7208.3,22672.8,17.5,4.5
nsl-kdd,pairflip,0.1,relabel,NB hard_vote,1.0,1004.5,17463,88422,5103,115740,0.16492421022807763,0.7738633342196224,0.2719013475955812,0.7279215792029052,46.70131828617606,0.4330972463044053,9.952895137087719,43.3863299751762,1261.9,8842.2,22672.8,19.7,4.5
nsl-kdd,pairflip,0.1,relabel,NB hard_vote,2.0,2004.5,18301,84227,4667,119533,0.1784975811485643,0.7968042493904562,0.2916586982852043,0.7400216821043231,45.22075757133865,0.41336376128778957,10.130199841002954,41.38666275326595,1336.0,8422.7,22672.8,19.3,4.5
nsl-kdd,pairflip,0.1,relabel,NB threshold,0.0,4.5,17030,57739,5852,146107,0.22776819270018323,0.7442531247268596,0.3487931511198042,0.7687242652565145,32.97734972589491,0.28324813830048173,10.092270021474656,29.737775779273676,1319.7,5773.9,22672.8,13.8,4.5
nsl-kdd,pairflip,0.1,relabel,NB threshold,1.0,1004.5,14396,71760,8170,132402,0.16709225126514693,0.6379508995834441,0.26482220709699966,0.7279215792029052,37.99974162046321,0.3514855849766362,9.952895137087719,36.60775578340782,1132.6,7176.0,22672.8,13.4,4.5
nsl-kdd,pairflip,0.1,relabel,NB threshold,2.0,2004.5,15645,69506,7323,134254,0.1837324282744771,0.6811650992685475,0.2894033426132317,0.7400216821043231,37.556512805437535,0.3411170003926188,10.130199841002954,35.36535510030133,1229.1,6950.6,22672.8,14.8,4.5
nsl-kdd,pairflip,0.1,relabel,committee consensus,0.0,4.5,17944,9072,4938,194774,0.6641989931892212,0.7841971855607027,0.7192272235360134,0.938662335989118,11.915599152611298,0.044504184531460024,10.092270021474656,6.234329751287995,1781.9,907.2,22672.8,8.3,4.5
nsl-kdd,pairflip,0.1,relabel,committee consensus,1.0,1004.5,15611,10607,6955,193555,0.595430620184606,0.6917929628644864,0.6400049196457855,0.9304390269205145,11.5636340410116,0.05195384057758055,9.952895137087719,7.795240086254699,1549.9,1060.7,22672.8,8.8,4.5
nsl-kdd,pairflip,0.1,relabel,committee consensus,2.0,2004.5,16321,10225,6647,193535,0.6148195585022226,0.7105973528387322,0.659247889485802,0.9332311413728653,11.708301778210235,0.050181586179819396,10.130199841002954,7.501515342349599,1618.5,1022.5,22672.8,8.0,4.5
nsl-kdd,pairflip,0.1,relabel,dual agreement,0.0,4.5,11853,2984,11029,200862,0.7988811754397789,0.5180054191067215,0.6284896206156049,0.938662335989118,6.543963128976697,0.014638501613963482,10.092270021474656,6.189344772465554,1183.3,298.4,22672.8,2.1,4.5
nsl-kdd,pairflip,0.1,relabel,dual agreement,1.0,1004.5,10147,5018,12419,199144,0.6691064952192549,0.4496587786936099,0.5378601150247807,0.9304390269205145,6.6886327337260765,0.02457852097843869,9.952895137087719,7.697765492648527,1013.1,501.8,22672.8,2.2,4.5
nsl-kdd,pairflip,0.1,relabel,dual agreement,2.0,2004.5,10981,4599,11987,199161,0.704813863928113,0.47809996516893066,0.5697312441631213,0.9332311413728653,6.871672005112357,0.022570671378091874,10.130199841002954,7.325532494744945,1095.8,459.9,22672.8,1.7,4.5
nsl-kdd,pairflip,0.1,relabel,none,0.0,4.5,0,0,22882,203846,,0.0,0.0,,0.0,0.0,10.092270021474656,10.092270021474656,0.0,0.0,22672.8,0.0,4.5
nsl-kdd,pairflip,0.1,relabel,none,1.0,1004.5,0,0,22566,204162,,0.0,0.0,,0.0,0.0,9.952895137087719,9.952895137087719,0.0,0.0,22672.8,0.0,4.5
nsl-kdd,pairflip,0.1,relabel,none,2.0,2004.5,0,0,22968,203760,,0.0,0.0,,0.0,0.0,10.130199841002954,10.130199841002954,0.0,0.0,22672.8,0.0,4.5
nsl-kdd,pairflip,0.2,relabel,DT hard_vote,0.0,4.5,36044,38748,9389,142547,0.4819232003422826,0.7933440450773667,0.5996090663339572,0.7900417537496394,32.98754439362666,0.21372900521249896,20.038548095548006,21.353338644595787,3576.7,3874.8,22672.8,7.5,4.5
nsl-kdd,pairflip,0.2,relabel,DT hard_vote,1.0,1004.5,35745,38665,9327,142991,0.48037898131971507,0.7930644302449414,0.5983328032674378,0.7902554020910862,32.81906182436488,0.21284735984498174,19.87932636028272,21.2792422068897,3549.1,3866.5,22672.8,6.5,4.5
nsl-kdd,pairflip,0.2,relabel,DT hard_vote,2.0,2004.5,35895,39049,9694,142090,0.47895762169086253,0.787360986202812,0.5956045232425975,0.7861205331872346,33.05458596384341,0.2155747795891553,20.10735420941737,21.6290051454447,3559.9,3904.9,22672.8,8.3,4.5
nsl-kdd,pairflip,0.2,relabel,DT threshold,0.0,4.5,36043,38742,9390,142553,0.48195493748746404,0.7933220346444214,0.5996273436590195,0.7900417537496394,32.984456943166165,0.21369590998097024,20.038548095548006,21.350692247370418,3576.7,3874.2,22672.8,7.5,4.5
nsl-kdd,pairflip,0.2,relabel,DT threshold,1.0,1004.5,35744,38657,9328,142999,0.48042365021975514,0.7930422435214768,0.5983611359888845,0.7902554020910862,32.815092325795106,0.21280332056194126,19.87932636028272,21.275713761555046,3549.1,3865.7,22672.8,6.5,4.5
nsl-kdd,pairflip,0.2,relabel,DT threshold,2.0,2004.5,35892,39049,9697,142090,0.4789367635873554,0.7872951808550308,0.5955695677424707,0.7861205331872346,33.053262804138036,0.2155747795891553,20.10735420941737,21.6290051454447,3559.9,3904.9,22672.8,8.3,4.5
nsl-kdd,pairflip,0.2,relabel,NB hard_vote,0.0,4.5,38062,74047,7371,107248,0.3395088708310662,0.8377610987608126,0.4831981312919729,0.6792848133062442,49.446515288035,0.40843376816790317,20.038548095548006,40.83931551339234,2688.6,7404.7,22672.8,17.2,4.5
nsl-kdd,pairflip,0.2,relabel,NB hard_vote,1.0,1004.5,35109,84291,9963,97365,0.29404522613065326,0.7789536741214057,0.4269298117612724,0.6747997914141501,52.66225208925236,0.46401440084555423,19.87932636028272,46.38381833730027,2419.8,8429.1,22672.8,17.2,4.5
nsl-kdd,pairflip,0.2,relabel,NB hard_vote,2.0,2004.5,35308,82914,10281,98225,0.29865845612491754,0.7744850731536116,0.4310821617595888,0.6932119625376759,52.14263348420135,0.4577368761006741,20.10735420941737,45.810806261810505,2463.7,8291.4,22672.8,17.3,4.5
nsl-kdd,pairflip,0.2,relabel,NB threshold,0.0,4.5,31136,63880,14297,117415,0.3276921781594679,0.6853168401822464,0.4433780233394328,0.6792848133062442,41.90753567154215,0.3523538983424805,20.038548095548006,38.336324533600205,2239.4,6388.0,22672.8,9.8,4.5
nsl-kdd,pairflip,0.2,relabel,NB threshold,1.0,1004.5,26748,70778,18324,110878,0.27426532411869653,0.5934504792332268,0.3751525266834037,0.6747997914141501,43.01461498916151,0.3896265468798168,19.87932636028272,42.6904312901467,1905.9,7077.8,22672.8,7.6,4.5
nsl-kdd,pairflip,0.2,relabel,NB threshold,2.0,2004.5,27643,71263,17946,109876,0.27948759428143893,0.6063524095724846,0.3826153154088377,0.6932119625376759,43.623171010283635,0.39341610586345294,20.10735420941737,42.772373833796266,1987.5,7126.3,22672.8,11.2,4.5
nsl-kdd,pairflip,0.2,relabel,committee consensus,0.0,4.5,30318,16377,15115,164918,0.6492772245422422,0.6673123060330597,0.6581712400138937,0.8473809087030577,20.59516190824592,0.09033343445765189,20.038548095548006,14.004469235696451,3005.8,1637.7,22672.8,6.9,4.5
nsl-kdd,pairflip,0.2,relabel,committee consensus,1.0,1004.5,27901,18223,17171,163433,0.6049128436388865,0.6190317713880015,0.6118908724066845,0.8468599702388193,20.343324635163846,0.10031598185581539,19.87932636028272,15.709584544349209,2767.7,1822.3,22672.8,6.1,4.5
nsl-kdd,pairflip,0.2,relabel,committee consensus,2.0,2004.5,27896,18365,17693,162774,0.6030133373684097,0.6119019939020378,0.6074251497005988,0.849370061172278,20.40373871520788,0.10138622825564898,20.10735420941737,16.017424372987733,2763.8,1836.5,22672.8,8.1,4.5
nsl-kdd,pairflip,0.2,relabel,dual agreement,0.0,4.5,17800,6430,27633,174865,0.7346264960792406,0.3917857064248454,0.5110316810932632,0.8473809087030577,10.686816065953925,0.03546705645494912,20.038548095548006,15.035661679144136,1777.3,643.0,22672.8,1.0,4.5
nsl-kdd,pairflip,0.2,relabel,dual agreement,1.0,1004.5,15192,8404,29880,173252,0.6438379386336667,0.33706070287539935,0.4424768451098037,0.8468599702388193,10.40718788690399,0.046263266834015944,19.87932636028272,16.893378352926693,1517.4,840.4,22672.8,1.2,4.5
nsl-kdd,pairflip,0.2,relabel,dual agreement,2.0,2004.5,15668,8814,29921,172325,0.6399803937586799,0.3436793963456097,0.4472035506843059,0.849370061172278,10.797956656699444,0.048658764815970056,20.10735420941737,17.09449012689727,1564.5,881.4,22672.8,1.2,4.5
nsl-kdd,pairflip,0.2,relabel,none,0.0,4.5,0,0,45433,181295,,0.0,0.0,,0.0,0.0,20.038548095548006,20.038548095548006,0.0,0.0,22672.8,0.0,4.5
nsl-kdd,pairflip,0.2,relabel,none,1.0,1004.5,0,0,45072,181656,,0.0,0.0,,0.0,0.0,19.87932636028272,19.87932636028272,0.0,0.0,22672.8,0.0,4.5
nsl-kdd,pairflip,0.2,relabel,none,2.0,2004.5,0,0,45589,181139,,0.0,0.0,,0.0,0.0,20.10735420941737,20.10735420941737,0.0,0.0,22672.8,0.0,4.5
nsl-kdd,pairflip,0.4,relabel,DT hard_vote,0.0,4.5,53938,55574,36865,80351,0.49253049894075535,0.5940112110833342,0.5385318123954771,0.5926170863550837,48.30104727810548,0.40885782600698917,40.04930831989812,41.008610019795725,5339.9,5557.4,22672.8,8.7,4.5
nsl-kdd,pairflip,0.4,relabel,DT hard_vote,1.0,1004.5,53706,55174,36531,81317,0.4932586333578251,0.5951660627015526,0.5394416348177202,0.5954943263400239,48.022298520921595,0.40423178085001943,39.79967051580289,40.67737337920328,5318.4,5517.4,22672.8,6.7,4.5
nsl-kdd,pairflip,0.4,relabel,DT hard_vote,2.0,2004.5,53984,55280,36744,80720,0.49406940986967346,0.595009258442818,0.5398615944637786,0.594333935402851,48.19166430551188,0.40647058823529414,40.01623111699983,40.83395254961296,5342.6,5528.0,22672.8,8.1,4.5
nsl-kdd,pairflip,0.4,relabel,DT threshold,0.0,4.5,53936,55571,36867,80354,0.4925347238076105,0.5939891853793376,0.5385252858069991,0.5926170863550837,48.2988419924762,0.4088357550119551,40.04930831989812,41.00728686009035,5339.9,5557.1,22672.8,8.7,4.5
nsl-kdd,pairflip,0.4,relabel,DT threshold,1.0,1004.5,53702,55169,36535,81322,0.49326266866291296,0.5951217349867571,0.5394258392430239,0.5954943263400239,48.01832900289816,0.40419514839806286,39.79967051580289,40.67516807412035,5318.4,5516.9,22672.8,6.7,4.5
nsl-kdd,pairflip,0.4,relabel,DT threshold,2.0,2004.5,53981,55279,36747,80721,0.49406004027091344,0.5949761925756106,0.5398423905434326,0.594333935402851,48.189900092571385,0.40646323529411765,40.01623111699983,40.83351149637783,5342.6,5527.9,22672.8,8.1,4.5
nsl-kdd,pairflip,0.4,relabel,NB hard_vote,0.0,4.5,63408,73608,27395,62317,0.4627780697144859,0.6983029195070647,0.5566524302187262,0.5210504588401811,60.431877744307464,0.5415339341548648,40.04930831989812,54.12388004148827,4169.7,7360.8,22672.8,18.2,4.5
nsl-kdd,pairflip,0.4,relabel,NB hard_vote,1.0,1004.5,66200,67968,24037,68523,0.4934112456025282,0.7336236798652438,0.5900046790401283,0.5596364423400944,59.175760756913334,0.49796689891641205,39.79967051580289,49.81256447524423,4526.6,6796.8,22672.8,15.2,4.5
nsl-kdd,pairflip,0.4,relabel,NB hard_vote,2.0,2004.5,62579,74631,28149,61369,0.4560819182275344,0.6897429679922406,0.5490879098702278,0.5190542154793314,60.51745901605411,0.5487573529411764,40.01623111699983,54.86977508323751,4095.4,7463.1,22672.8,15.4,4.5
nsl-kdd,pairflip,0.4,relabel,NB threshold,0.0,4.5,52666,60834,38137,75091,0.4640176211453744,0.5800028633415195,0.5155675638634772,0.5210504588401811,50.059984854630315,0.4475556372999816,40.04930831989812,50.78857009373953,3648.5,6083.4,22672.8,10.3,4.5
nsl-kdd,pairflip,0.4,relabel,NB threshold,1.0,1004.5,54941,58641,35296,77850,0.48371220792026903,0.6088522446446579,0.5391155878500041,0.5596364423400944,50.09616785278446,0.42963272303668376,39.79967051580289,48.327555254523666,3930.6,5864.1,22672.8,8.7,4.5
nsl-kdd,pairflip,0.4,relabel,NB threshold,2.0,2004.5,53546,64656,37182,71344,0.4530041792863065,0.5901816418305265,0.5125735892404154,0.5190542154793314,52.13387017739647,0.47541176470588237,40.01623111699983,52.110078631356714,3723.6,6465.6,22672.8,8.1,4.5
nsl-kdd,pairflip,0.4,relabel,committee consensus,0.0,4.5,37819,30293,52984,105632,0.5552472398402631,0.41649504972302676,0.47596513859610484,0.6022064420451342,30.041279232888588,0.22286555085525106,40.04930831989812,36.93633081401775,3735.1,3029.3,22672.8,7.9,4.5
nsl-kdd,pairflip,0.4,relabel,committee consensus,1.0,1004.5,39421,27719,50816,108772,0.5871462615430444,0.4368607112381839,0.5009753648881349,0.6239026280351577,29.61257926235543,0.20308298715666234,39.79967051580289,34.83557760278758,3897.4,2771.9,22672.8,6.2,4.5
nsl-kdd,pairflip,0.4,relabel,committee consensus,2.0,2004.5,37427,30697,53301,105303,0.5493952204803007,0.4125187373247509,0.471218492685015,0.6029015786760792,30.04657399215834,0.22571323529411766,40.01623111699983,37.25965907752144,3694.7,3069.7,22672.8,6.7,4.5
nsl-kdd,pairflip,0.4,relabel,dual agreement,0.0,4.5,21634,14999,69169,120926,0.5905604236617258,0.23825204013083268,0.339527292130952,0.6022064420451342,16.15724980399277,0.11034761817178591,40.04930831989812,37.1440444187919,2158.6,1499.9,22672.8,1.4,4.5
nsl-kdd,pairflip,0.4,relabel,dual agreement,1.0,1004.5,23410,14171,66827,122320,0.6229211569676166,0.2594279508405643,0.3663020857782159,0.6239026280351577,16.575357123948194,0.10382369533522356,39.79967051580289,35.745487604427595,2336.3,1417.1,22672.8,1.1,4.5
nsl-kdd,pairflip,0.4,relabel,dual agreement,2.0,2004.5,22298,16516,68430,119484,0.5744834338125419,0.2457675689974429,0.34425900480153154,0.6029015786760792,17.11920260889992,0.12144117647058823,40.01623111699983,37.48944119877958,2224.5,1651.6,22672.8,0.9,4.5
nsl-kdd,pairflip,0.4,relabel,none,0.0,4.5,0,0,90803,135925,,0.0,0.0,,0.0,0.0,40.04930831989812,40.04930831989812,0.0,0.0,22672.8,0.0,4.5
nsl-kdd,pairflip,0.4,relabel,none,1.0,1004.5,0,0,90237,136491,,0.0,0.0,,0.0,0.0,39.79967051580289,39.79967051580289,0.0,0.0,22672.8,0.0,4.5
nsl-kdd,pairflip,0.4,relabel,none,2.0,2004.5,0,0,90728,136000,,0.0,0.0,,0.0,0.0,40.01623111699983,40.016231116999855,0.0,0.0,22672.8,0.0,4.5
nsl-kdd,symmetric,0.0,relabel,DT hard_vote,0.0,4.5,0,1310,0,225418,0.0,,0.0,,0.5777851266764342,0.005777848346917893,0.0,0.5777851266764341,0.0,131.0,22672.8,13.2,4.5
nsl-kdd,symmetric,0.0,relabel,DT hard_vote,1.0,1004.5,0,1305,0,225423,0.0,,0.0,,0.5755794908813877,0.005755795490631947,0.0,0.5755794908813878,0.0,130.5,22672.8,13.2,4.5
nsl-kdd,symmetric,0.0,relabel,DT hard_vote,2.0,2004.5,0,1306,0,225422,0.0,,0.0,,0.5760208942822785,0.005760206061889136,0.0,0.5760208942822787,0.0,130.6,22672.8,12.2,4.5
nsl-kdd,symmetric,0.0,relabel,DT threshold,0.0,4.5,0,1306,0,225422,0.0,,0.0,,0.5760208942822785,0.005760206061889136,0.0,0.5760208942822785,0.0,130.6,22672.8,13.2,4.5
nsl-kdd,symmetric,0.0,relabel,DT threshold,1.0,1004.5,0,1302,0,225426,0.0,,0.0,,0.5742562728150504,0.005742563776860379,0.0,0.5742562728150504,0.0,130.2,22672.8,13.2,4.5
nsl-kdd,symmetric,0.0,relabel,DT threshold,2.0,2004.5,0,1304,0,225424,0.0,,0.0,,0.5751387878120277,0.005751384919374758,0.0,0.5751387878120278,0.0,130.4,22672.8,12.2,4.5
nsl-kdd,symmetric,0.0,relabel,NB hard_vote,0.0,4.5,0,44531,0,182197,0.0,,0.0,,19.640710471086255,0.19640714865389367,0.0,19.640710471086255,0.0,4453.1,22672.8,15.2,4.5
nsl-kdd,symmetric,0.0,relabel,NB hard_vote,1.0,1004.5,0,45159,0,181569,0.0,,0.0,,19.91768968502854,0.1991769874034085,0.0,19.91768968502854,0.0,4515.9,22672.8,15.5,4.5
nsl-kdd,symmetric,0.0,relabel,NB hard_vote,2.0,2004.5,0,45058,0,181670,0.0,,0.0,,19.873155564082655,0.19873151970643238,0.0,19.873155564082655,0.0,4505.8,22672.8,15.3,4.5
nsl-kdd,symmetric,0.0,relabel,NB threshold,0.0,4.5,0,28711,0,198017,0.0,,0.0,,12.663182576959198,0.12663191136516003,0.0,12.663182576959198,0.0,2871.1,22672.8,14.0,4.5
nsl-kdd,symmetric,0.0,relabel,NB threshold,1.0,1004.5,0,29333,0,197395,0.0,,0.0,,12.937538718606822,0.12937528668713172,0.0,12.937538718606822,0.0,2933.3,22672.8,15.1,4.5
nsl-kdd,symmetric,0.0,relabel,NB threshold,2.0,2004.5,0,28686,0,198042,0.0,,0.0,,12.652160545338514,0.1265216470837303,0.0,12.652160545338514,0.0,2868.6,22672.8,14.4,4.5
nsl-kdd,symmetric,0.0,relabel,committee consensus,0.0,4.5,0,876,0,225852,0.0,,0.0,,0.3863663107104565,0.0038636604212977663,0.0,0.38636631071045646,0.0,87.6,22672.8,11.8,4.5
nsl-kdd,symmetric,0.0,relabel,committee consensus,1.0,1004.5,0,851,0,225877,0.0,,0.0,,0.3753396296665541,0.0037533961398680355,0.0,0.3753396296665541,0.0,85.1,22672.8,11.7,4.5
nsl-kdd,symmetric,0.0,relabel,committee consensus,2.0,2004.5,0,841,0,225887,0.0,,0.0,,0.37092923349087475,0.0037092904272961434,0.0,0.37092923349087475,0.0,84.1,22672.8,10.9,4.5
nsl-kdd,symmetric,0.0,relabel,dual agreement,0.0,4.5,0,198,0,226530,0.0,,0.0,,0.08732939651560474,0.0008732931089234677,0.0,0.08732939651560474,0.0,19.8,22672.8,3.5,4.5
nsl-kdd,symmetric,0.0,relabel,dual agreement,1.0,1004.5,0,196,0,226532,0.0,,0.0,,0.08644721223073924,0.0008644719664090893,0.0,0.08644721223073927,0.0,19.6,22672.8,4.4,4.5
nsl-kdd,symmetric,0.0,relabel,dual agreement,2.0,2004.5,0,142,0,226586,0.0,,0.0,,0.06263014299742704,0.0006263011185208709,0.0,0.06263014299742706,0.0,14.2,22672.8,3.6,4.5
nsl-kdd,symmetric,0.0,relabel,none,0.0,4.5,0,0,0,226728,,,,,0.0,0.0,0.0,0.0,0.0,0.0,22672.8,0.0,4.5
nsl-kdd,symmetric,0.0,relabel,none,1.0,1004.5,0,0,0,226728,,,,,0.0,0.0,0.0,0.0,0.0,0.0,22672.8,0.0,4.5
nsl-kdd,symmetric,0.0,relabel,none,2.0,2004.5,0,0,0,226728,,,,,0.0,0.0,0.0,0.0,0.0,0.0,22672.8,0.0,4.5
nsl-kdd,symmetric,0.1,relabel,DT hard_vote,0.0,4.5,22405,23765,477,180081,0.48527182152913145,0.9791539201118783,0.6489312402247581,0.939116279831428,20.363606528098344,0.11658310685517498,10.092270021474656,11.789014345155314,1991.8,2376.5,22672.8,35.8,4.5
nsl-kdd,symmetric,0.1,relabel,DT hard_vote,1.0,1004.5,22087,23604,479,180558,0.48339935654724125,0.9787733758752105,0.6471717186515669,0.9400815036262529,20.15234064726383,0.1156140711787698,9.952895137087719,11.692423706116488,1966.0,2360.4,22672.8,38.3,4.5
nsl-kdd,symmetric,0.1,relabel,DT hard_vote,2.0,2004.5,22467,23920,501,179840,0.4843382844331386,0.9781870428422152,0.6478840746881984,0.9380256020242124,20.459318056529575,0.11739301138594425,10.130199841002954,11.879875708116883,1995.3,2392.0,22672.8,35.0,4.5
nsl-kdd,symmetric,0.1,relabel,DT threshold,0.0,4.5,22405,23761,477,180085,0.485313867348265,0.9791539201118783,0.6489688332754027,0.939116279831428,20.36184231515784,0.116563484198856,10.092270021474656,11.787250132214812,1991.8,2376.1,22672.8,35.8,4.5
nsl-kdd,symmetric,0.1,relabel,DT threshold,1.0,1004.5,22087,23600,479,180562,0.48344167925230375,0.9787733758752105,0.6472096464624265,0.9400815036262529,20.15057643432333,0.11559447889421146,9.952895137087719,11.690659493175987,1966.0,2360.0,22672.8,38.3,4.5
nsl-kdd,symmetric,0.1,relabel,DT threshold,2.0,2004.5,22467,23913,501,179847,0.48441138421733504,0.9781870428422152,0.6479494722270289,0.9380256020242124,20.456230644976394,0.11735865724381625,10.130199841002954,11.876347243328572,1995.4,2391.3,22672.8,34.9,4.5
nsl-kdd,symmetric,0.1,relabel,NB hard_vote,0.0,4.5,21977,106723,905,97123,0.17076146076146076,0.9604492614281969,0.28996846591283926,0.9083500840765787,56.764044063334744,0.5235471875827831,10.092270021474656,52.39448847956188,1081.2,10672.3,22672.8,37.8,4.5
nsl-kdd,symmetric,0.1,relabel,NB hard_vote,1.0,1004.5,21626,106124,940,98038,0.16928375733855186,0.9583444119471771,0.28774049336065355,0.8982506873316357,56.345034113304486,0.5198029016173431,9.952895137087719,52.02355504408182,1073.8,10612.4,22672.8,42.6,4.5
nsl-kdd,symmetric,0.1,relabel,NB hard_vote,2.0,2004.5,21988,113344,980,90416,0.16247450713800135,0.9573319400905608,0.27780164245104233,0.9002598689288698,59.68913176273976,0.5562622693364743,10.130199841002954,55.66007233070737,1011.5,11334.4,22672.8,41.1,4.5
nsl-kdd,symmetric,0.1,relabel,NB threshold,0.0,4.5,20258,89922,2624,113924,0.18386277001270648,0.8853247093785508,0.3044896364100945,0.9083500840765787,48.59566498361956,0.44112712537896254,10.092270021474656,45.071615065824474,1061.4,8992.2,22672.8,0.9,4.5
nsl-kdd,symmetric,0.1,relabel,NB threshold,1.0,1004.5,19769,86620,2797,117542,0.18581808269651937,0.8760524683151644,0.30660307859330777,0.8982506873316357,46.92364786835734,0.42427092211087275,9.952895137087719,43.501922865267325,1055.5,8662.0,22672.8,0.0,4.5
nsl-kdd,symmetric,0.1,relabel,NB threshold,2.0,2004.5,19206,87599,3762,116161,0.17982304199241608,0.8362068965517241,0.29599377374338265,0.9002598689288698,47.107051351046906,0.4299126423243031,10.130199841002954,44.44703559545502,979.3,8759.9,22672.8,1.2,4.5
nsl-kdd,symmetric,0.1,relabel,committee consensus,0.0,4.5,21968,13420,914,190426,0.6207754040917826,0.9600559391661568,0.7540072078256392,0.9866288640114697,15.608127534947243,0.0658340119501977,10.092270021474656,7.389027216470701,1954.9,1342.0,22672.8,22.6,4.5
nsl-kdd,symmetric,0.1,relabel,committee consensus,1.0,1004.5,21633,13094,933,191068,0.6229446828116452,0.9586546131348046,0.7551707887525526,0.9855916291489875,15.316590082041813,0.06413534350172902,9.952895137087719,7.230248440898603,1926.7,1309.4,22672.8,27.8,4.5
nsl-kdd,symmetric,0.1,relabel,committee consensus,2.0,2004.5,21953,14144,1015,189616,0.6081668836745436,0.9558080808080808,0.7433505460086346,0.9856123648152855,15.920837118884638,0.06941499803690616,10.130199841002954,7.775394558224801,1948.2,1414.3,22672.8,25.0,4.5
nsl-kdd,symmetric,0.1,relabel,dual agreement,0.0,4.5,9535,728,13347,203118,0.9290655753678262,0.41670308539463335,0.5753507316337306,0.9866288640114697,4.526571119087144,0.003571323450055434,10.092270021474656,6.240515818606165,946.1,72.8,22672.8,0.0,4.5
nsl-kdd,symmetric,0.1,relabel,dual agreement,1.0,1004.5,9545,685,13021,203477,0.9330400782013685,0.4229814765576531,0.5820831808757165,0.9855916291489875,4.512014981118595,0.0033551787306158837,9.952895137087719,6.070268764052736,948.8,68.5,22672.8,0.0,4.5
nsl-kdd,symmetric,0.1,relabel,dual agreement,2.0,2004.5,8790,675,14178,203085,0.9286846275752774,0.3827063740856844,0.5420405142909999,0.9856123648152855,4.174607661048005,0.0033127208480565372,10.130199841002954,6.5832163027469095,871.7,67.5,22672.8,0.0,4.5
nsl-kdd,symmetric,0.1,relabel,none,0.0,4.5,0,0,22882,203846,,0.0,0.0,,0.0,0.0,10.092270021474656,10.092270021474656,0.0,0.0,22672.8,0.0,4.5
nsl-kdd,symmetric,0.1,relabel,none,1.0,1004.5,0,0,22566,204162,,0.0,0.0,,0.0,0.0,9.952895137087719,9.952895137087719,0.0,0.0,22672.8,0.0,4.5
nsl-kdd,symmetric,0.1,relabel,none,2.0,2004.5,0,0,22968,203760,,0.0,0.0,,0.0,0.0,10.130199841002954,10.130199841002954,0.0,0.0,22672.8,0.0,4.5
nsl-kdd,symmetric,0.2,relabel,DT hard_vote,0.0,4.5,44734,39363,699,141932,0.5319333626645422,0.984614707371294,0.6907125762371651,0.886224618270619,37.09158231147441,0.21712126644419316,20.038548095548006,21.758231973053984,3546.4,3936.3,22672.8,22.5,4.5
nsl-kdd,symmetric,0.2,relabel,DT hard_vote,1.0,1004.5,44373,38859,699,142797,0.5331242791234141,0.9844914802981896,0.6916853722409277,0.8879132357512667,36.710065524263044,0.21391531245871317,19.87932636028272,21.46933599559955,3525.4,3885.9,22672.8,23.7,4.5
nsl-kdd,symmetric,0.2,relabel,DT hard_vote,2.0,2004.5,44879,39450,710,141689,0.5321894010364169,0.9844260676917678,0.6908819409165782,0.8857874698608242,37.193909871876365,0.21778854912525739,20.10735420941737,21.86585063543881,3546.3,3945.0,22672.8,22.5,4.5
nsl-kdd,symmetric,0.2,relabel,DT threshold,0.0,4.5,44733,39359,700,141936,0.531953098986824,0.9845926969383488,0.6907237984944992,0.886224618270619,37.08937700639147,0.21709920295650734,20.038548095548006,21.75690881334861,3546.3,3935.9,22672.8,22.5,4.5
nsl-kdd,symmetric,0.2,relabel,DT threshold,1.0,1004.5,44372,38857,700,142799,0.5331314806137284,0.9844692935747249,0.6916859572411751,0.8879132357512667,36.70874234510402,0.21390430263795304,19.87932636028272,21.4684538891293,3525.4,3885.7,22672.8,23.7,4.5
nsl-kdd,symmetric,0.2,relabel,DT threshold,2.0,2004.5,44879,39448,710,141691,0.5322020230768318,0.9844260676917678,0.6908925767418947,0.8857874698608242,37.19302774595246,0.2177775078806883,20.10735420941737,21.86452745627978,3546.4,3944.8,22672.8,22.4,4.5
nsl-kdd,symmetric,0.2,relabel,NB hard_vote,0.0,4.5,43998,84512,1435,96783,0.3423702435608124,0.968415028723615,0.5058898604715337,0.9117569749402226,56.68019947760871,0.4661573678259191,20.038548095548006,46.65319282623334,2416.9,8451.2,22672.8,41.9,4.5
nsl-kdd,symmetric,0.2,relabel,NB hard_vote,1.0,1004.5,43651,84382,1421,97274,0.3409355400560793,0.9684726659566916,0.5043297420640651,0.916492958863697,56.46986221693028,0.4645153476901396,19.87932636028272,46.42169870564104,2420.3,8438.2,22672.8,43.0,4.5
nsl-kdd,symmetric,0.2,relabel,NB hard_vote,2.0,2004.5,44270,78764,1319,102375,0.3598192369588894,0.9710675820921714,0.5250766502790248,0.9167099705976687,54.26501921663031,0.43482629361981684,20.10735420941737,43.537183021000516,2564.2,7876.4,22672.8,40.0,4.5
nsl-kdd,symmetric,0.2,relabel,NB threshold,0.0,4.5,40167,70465,5266,110830,0.3630685515944754,0.8840930601104924,0.5147470605196552,0.9117569749402226,48.79494482648134,0.388675914945255,20.038548095548006,40.831207619631954,2332.2,7046.5,22672.8,0.0,4.5
nsl-kdd,symmetric,0.2,relabel,NB threshold,1.0,1004.5,40517,73325,4555,108331,0.35590555331072893,0.8989394746183883,0.509923606478976,0.916492958863697,50.21081189091972,0.4036475536178271,19.87932636028272,41.898207936430815,2340.2,7332.5,22672.8,0.0,4.5
nsl-kdd,symmetric,0.2,relabel,NB threshold,2.0,2004.5,41318,68225,4271,112914,0.377185214938426,0.9063151198754086,0.5326818451383338,0.9167099705976687,48.314716951985375,0.3766444553630085,20.10735420941737,39.15660369368545,2503.5,6822.5,22672.8,0.0,4.5
nsl-kdd,symmetric,0.2,relabel,committee consensus,0.0,4.5,43777,19476,1656,161819,0.6920936556368867,0.9635507230427223,0.8055683344681007,0.9760913794119297,27.898174931362064,0.10742712154223778,20.038548095548006,13.310651819254328,3472.9,1947.5,22672.8,15.3,4.5
nsl-kdd,symmetric,0.2,relabel,committee consensus,1.0,1004.5,43439,19289,1633,162367,0.6924977681418186,0.9637690805821796,0.8059183673469388,0.9775266397416381,27.66662920022668,0.1061842163209583,19.87932636028272,13.155849934640392,3453.3,1928.9,22672.8,16.8,4.5
nsl-kdd,symmetric,0.2,relabel,committee consensus,2.0,2004.5,44021,18479,1568,162660,0.704336,0.9656057382263266,0.8145324686138274,0.9768001774597923,27.566070327105557,0.10201557919608699,20.10735420941737,12.896950674031748,3482.7,1847.9,22672.8,14.1,4.5
nsl-kdd,symmetric,0.2,relabel,dual agreement,0.0,4.5,18797,907,26636,180388,0.9539687373122209,0.4137301080712258,0.5771527703148748,0.9760913794119297,8.690599961105141,0.005002895832758763,20.038548095548006,12.249026060612417,1856.8,90.7,22672.8,0.0,4.5
nsl-kdd,symmetric,0.2,relabel,dual agreement,1.0,1004.5,18925,993,26147,180663,0.9501455969474847,0.41988374156904507,0.5823972918910602,0.9775266397416381,8.784977046711894,0.005466376007398599,19.87932636028272,12.070407612560164,1869.8,99.3,22672.8,0.0,4.5
nsl-kdd,symmetric,0.2,relabel,dual agreement,2.0,2004.5,20102,918,25487,180221,0.9563273073263558,0.4409397003663164,0.6035820985152157,0.9768001774597923,9.271023684091839,0.0050679312572113125,20.10735420941737,11.73873421799005,1989.2,91.8,22672.8,0.0,4.5
nsl-kdd,symmetric,0.2,relabel,none,0.0,4.5,0,0,45433,181295,,0.0,0.0,,0.0,0.0,20.038548095548006,20.038548095548006,0.0,0.0,22672.8,0.0,4.5
nsl-kdd,symmetric,0.2,relabel,none,1.0,1004.5,0,0,45072,181656,,0.0,0.0,,0.0,0.0,19.87932636028272,19.87932636028272,0.0,0.0,22672.8,0.0,4.5
nsl-kdd,symmetric,0.2,relabel,none,2.0,2004.5,0,0,45589,181139,,0.0,0.0,,0.0,0.0,20.10735420941737,20.10735420941737,0.0,0.0,22672.8,0.0,4.5
nsl-kdd,symmetric,0.4,relabel,DT hard_vote,0.0,4.5,88914,56141,1889,79784,0.61296749508807,0.9791967225752453,0.7539621297560396,0.7831466383710206,63.97754306408616,0.41302924406842006,40.04930831989812,41.444817972318596,5297.7,5614.1,22672.8,1.2,4.5
nsl-kdd,symmetric,0.4,relabel,DT hard_vote,1.0,1004.5,88455,56055,1782,80436,0.6121029686526884,0.9802520030586124,0.7536198545668316,0.784863686238608,63.73716539365589,0.41068641888476165,39.79967051580289,41.07212119931246,5317.0,5605.5,22672.8,1.7,4.5
nsl-kdd,symmetric,0.4,relabel,DT hard_vote,2.0,2004.5,88852,56634,1876,79366,0.6107254306256272,0.9793228110395908,0.7523008797107708,0.7815162114939583,64.16763766984944,0.4164264705882353,40.01623111699983,41.59212955831397,5306.1,5663.4,22672.8,1.0,4.5
nsl-kdd,symmetric,0.4,relabel,DT threshold,0.0,4.5,88913,56141,1890,79784,0.612964826892054,0.979185709723247,0.753956846733402,0.7831466383710206,63.97710201085103,0.41302924406842006,40.04930831989812,41.444817972318596,5297.7,5614.1,22672.8,1.2,4.5
nsl-kdd,symmetric,0.4,relabel,DT threshold,1.0,1004.5,88453,56055,1784,80436,0.6120976001328646,0.9802298392012145,0.7536092355534729,0.784863686238608,63.73628328718564,0.41068641888476165,39.79967051580289,41.072562252547584,5316.9,5605.5,22672.8,1.7,4.5
nsl-kdd,symmetric,0.4,relabel,DT threshold,2.0,2004.5,88850,56633,1878,79367,0.6107242770632995,0.9793007671281192,0.7522935003026955,0.7815162114939583,64.16631451014408,0.4164191176470588,40.01623111699983,41.59168850507884,5306.1,5663.3,22672.8,1.0,4.5
nsl-kdd,symmetric,0.4,relabel,NB hard_vote,0.0,4.5,88588,57757,2215,78168,0.6053367043629779,0.9756065328238054,0.7471115084251185,0.9210500543031186,64.54647524152178,0.4249181533934155,40.04930831989812,42.629003713655784,5190.8,5775.7,22672.8,42.1,4.5
nsl-kdd,symmetric,0.4,relabel,NB hard_vote,1.0,1004.5,87936,58333,2301,78158,0.6011936910760312,0.9745004820638984,0.7436259545212384,0.9232153990050085,64.5130379514948,0.4273761639961609,39.79967051580289,42.766314759928996,5160.7,5833.3,22672.8,47.9,4.5
nsl-kdd,symmetric,0.4,relabel,NB hard_vote,2.0,2004.5,88145,65849,2583,70151,0.5723924308739301,0.9715302883343621,0.7203684180416963,0.915408898778215,67.92015300781031,0.48418382352941175,40.01623111699983,48.402492518047,4683.5,6584.9,22672.8,41.4,4.5
nsl-kdd,symmetric,0.4,relabel,NB threshold,0.0,4.5,82183,50999,8620,84926,0.6170728777162079,0.9050692157748093,0.7338259258432485,0.9210500543031186,58.74080916024927,0.37519955858009935,40.04930831989812,40.69891800879498,4952.6,5099.9,22672.8,0.0,4.5
nsl-kdd,symmetric,0.4,relabel,NB threshold,1.0,1004.5,80707,50080,9530,86411,0.6170873251928709,0.8943892194997617,0.7303007818155495,0.9232153990050085,57.684614822793876,0.3669106387966972,39.79967051580289,40.12658943742555,4933.9,5008.0,22672.8,0.0,4.5
nsl-kdd,symmetric,0.4,relabel,NB threshold,2.0,2004.5,81074,57771,9654,78229,0.5839173178724477,0.8935940393263381,0.7063025704242224,0.915408898778215,61.23858144455735,0.42478676470588234,40.01623111699983,45.873465390751846,4449.1,5777.1,22672.8,0.0,4.5
nsl-kdd,symmetric,0.4,relabel,committee consensus,0.0,4.5,87109,25123,3694,110802,0.7761511868272863,0.9593185247183463,0.858068805870909,0.9566155925663787,49.50071019064238,0.1848298694132794,40.04930831989812,28.20955991602371,5196.7,2512.3,22672.8,0.6,4.5
nsl-kdd,symmetric,0.4,relabel,committee consensus,1.0,1004.5,86628,25049,3609,111442,0.7757013530091246,0.9600053193257755,0.8580682864982121,0.9581429436920225,49.255957549139694,0.18352125781187037,39.79967051580289,27.847488495187058,5214.8,2504.9,22672.8,1.0,4.5
nsl-kdd,symmetric,0.4,relabel,committee consensus,2.0,2004.5,86683,28342,4045,107658,0.7536013910019561,0.9554161890485848,0.8425928176016875,0.9542057204185946,50.732596076692964,0.2083970588235294,40.01623111699983,29.673442488354492,5179.1,2834.1,22672.8,0.7,4.5
nsl-kdd,symmetric,0.4,relabel,dual agreement,0.0,4.5,30360,1124,60443,134801,0.9642993266421039,0.3343501866678414,0.49653683547719707,0.9566155925663787,13.886251755925684,0.00826926613941512,40.04930831989812,27.47211221483706,2964.0,112.4,22672.8,0.0,4.5
nsl-kdd,symmetric,0.4,relabel,dual agreement,1.0,1004.5,30538,1202,59699,135289,0.962129804662886,0.338419938606115,0.5007173483525583,0.9581429436920225,13.99913986837689,0.008806441450352039,39.79967051580289,27.20971333920844,2974.7,120.2,22672.8,0.0,4.5
nsl-kdd,symmetric,0.4,relabel,dual agreement,2.0,2004.5,27588,1336,63140,134664,0.9538099847877195,0.3040737148399612,0.4611372981646776,0.9542057204185946,12.757138704955027,0.009823529411764707,40.01623111699983,28.803675256611587,2675.8,133.6,22672.8,0.0,4.5
nsl-kdd,symmetric,0.4,relabel,none,0.0,4.5,0,0,90803,135925,,0.0,0.0,,0.0,0.0,40.04930831989812,40.04930831989812,0.0,0.0,22672.8,0.0,4.5
nsl-kdd,symmetric,0.4,relabel,none,1.0,1004.5,0,0,90237,136491,,0.0,0.0,,0.0,0.0,39.79967051580289,39.79967051580289,0.0,0.0,22672.8,0.0,4.5
nsl-kdd,symmetric,0.4,relabel,none,2.0,2004.5,0,0,90728,136000,,0.0,0.0,,0.0,0.0,40.01623111699983,40.016231116999855,0.0,0.0,22672.8,0.0,4.5
soybean,pairflip,0.0,relabel,DT hard_vote,0.0,4.5,0,500,0,5647,0.0,,0.0,,8.134133100288656,0.08134049129656744,0.0,8.134133100288656,0.0,50.0,614.7,0.0,4.5
soybean,pairflip,0.0,relabel,DT hard_vote,1.0,1004.5,0,537,0,5610,0.0,,0.0,,8.736050422393472,0.08735968765251342,0.0,8.736050422393474,0.0,53.7,614.7,0.0,4.5
soybean,pairflip,0.0,relabel,DT hard_vote,2.0,2004.5,0,556,0,5591,0.0,,0.0,,9.045205370620481,0.09045062632178298,0.0,9.045205370620483,0.0,55.6,614.7,0.0,4.5
soybean,pairflip,0.0,relabel,DT threshold,0.0,4.5,0,498,0,5649,0.0,,0.0,,8.101586292735892,0.08101512933138116,0.0,8.101586292735892,0.0,49.8,614.7,0.0,4.5
soybean,pairflip,0.0,relabel,DT threshold,1.0,1004.5,0,537,0,5610,0.0,,0.0,,8.736050422393472,0.08735968765251342,0.0,8.736050422393474,0.0,53.7,614.7,0.0,4.5
soybean,pairflip,0.0,relabel,DT threshold,2.0,2004.5,0,555,0,5592,0.0,,0.0,,9.02891872566934,0.09028794533918985,0.0,9.028918725669342,0.0,55.5,614.7,0.0,4.5
soybean,pairflip,0.0,relabel,NB hard_vote,0.0,4.5,0,644,0,5503,0.0,,0.0,,10.476761738301423,0.10476655278997885,0.0,10.476761738301422,0.0,64.4,614.7,0.0,4.5
soybean,pairflip,0.0,relabel,NB hard_vote,1.0,1004.5,0,648,0,5499,0.0,,0.0,,10.541669976960357,0.1054172767203514,0.0,10.541669976960355,0.0,64.8,614.7,0.0,4.5
soybean,pairflip,0.0,relabel,NB hard_vote,2.0,2004.5,0,643,0,5504,0.0,,0.0,,10.460422128651256,0.10460387180738571,0.0,10.460422128651254,0.0,64.3,614.7,0.0,4.5
soybean,pairflip,0.0,relabel,NB threshold,0.0,4.5,0,297,0,5850,0.0,,0.0,,4.831598739440164,0.048316251830161056,0.0,4.831598739440164,0.0,29.7,614.7,0.0,4.5
soybean,pairflip,0.0,relabel,NB threshold,1.0,1004.5,0,286,0,5861,0.0,,0.0,,4.652472127327137,0.04652676102163657,0.0,4.652472127327137,0.0,28.6,614.7,0.0,4.5
soybean,pairflip,0.0,relabel,NB threshold,2.0,2004.5,0,288,0,5859,0.0,,0.0,,4.685283758375043,0.04685212298682284,0.0,4.685283758375043,0.0,28.8,614.7,0.0,4.5
soybean,pairflip,0.0,relabel,committee consensus,0.0,4.5,0,249,0,5898,0.0,,0.0,,4.050713699319404,0.04050756466569058,0.0,4.050713699319404,0.0,24.9,614.7,0.0,4.5
soybean,pairflip,0.0,relabel,committee consensus,1.0,1004.5,0,269,0,5878,0.0,,0.0,,4.376102327798522,0.04376118431755328,0.0,4.376102327798522,0.0,26.9,614.7,0.0,4.5
soybean,pairflip,0.0,relabel,committee consensus,2.0,2004.5,0,267,0,5880,0.0,,0.0,,4.34371441434284,0.04343582235236701,0.0,4.34371441434284,0.0,26.7,614.7,0.0,4.5
soybean,pairflip,0.0,relabel,dual agreement,0.0,4.5,0,136,0,6011,0.0,,0.0,,2.212388443102672,0.02212461363266634,0.0,2.212388443102672,0.0,13.6,614.7,0.0,4.5
soybean,pairflip,0.0,relabel,dual agreement,1.0,1004.5,0,145,0,6002,0.0,,0.0,,2.35875638886682,0.023588742476004555,0.0,2.35875638886682,0.0,14.5,614.7,0.0,4.5
soybean,pairflip,0.0,relabel,dual agreement,2.0,2004.5,0,138,0,6009,0.0,,0.0,,2.2451471094515503,0.02244997559785261,0.0,2.2451471094515503,0.0,13.8,614.7,0.0,4.5
soybean,pairflip,0.0,relabel,none,0.0,4.5,0,0,0,6147,,,,,0.0,0.0,0.0,0.0,0.0,0.0,614.7,0.0,4.5
soybean,pairflip,0.0,relabel,none,1.0,1004.5,0,0,0,6147,,,,,0.0,0.0,0.0,0.0,0.0,0.0,614.7,0.0,4.5
soybean,pairflip,0.0,relabel,none,2.0,2004.5,0,0,0,6147,,,,,0.0,0.0,0.0,0.0,0.0,0.0,614.7,0.0,4.5
soybean,pairflip,0.1,relabel,DT hard_vote,0.0,4.5,532,1067,65,4483,0.33270794246404,0.8911222780569514,0.48451730418943534,0.8522354741900958,26.012843939514312,0.19225225225225226,9.711925001986177,19.391673949312782,47.2,106.7,614.7,0.3,4.5
soybean,pairflip,0.1,relabel,DT hard_vote,1.0,1004.5,528,1026,72,4521,0.33976833976833976,0.88,0.49025069637883006,0.8502942085560454,25.280606975450862,0.18496484586262846,9.76067900744154,18.675988453695616,47.8,102.6,614.7,0.6,4.5
soybean,pairflip,0.1,relabel,DT hard_vote,2.0,2004.5,530,1054,69,4494,0.3345959595959596,0.8848080133555927,0.48557031607879064,0.8504282717575439,25.768438335849158,0.18997837058399422,9.744604221286513,19.114827467492916,47.8,105.4,614.7,0.5,4.5
soybean,pairflip,0.1,relabel,DT threshold,0.0,4.5,529,1062,68,4488,0.3324952859836581,0.8860971524288107,0.4835466179159049,0.8522354741900958,25.88273615635179,0.19135135135135134,9.711925001986177,19.35912714176002,46.9,106.2,614.7,0.3,4.5
soybean,pairflip,0.1,relabel,DT threshold,1.0,1004.5,514,1018,86,4529,0.33550913838120106,0.8566666666666667,0.4821763602251407,0.8502942085560454,24.92269802176849,0.18352262484225706,9.76067900744154,18.757236302004713,46.5,101.8,614.7,0.5,4.5
soybean,pairflip,0.1,relabel,DT threshold,2.0,2004.5,526,1051,73,4497,0.33354470513633483,0.8781302170283807,0.4834558823529412,0.8504282717575439,25.654564232938746,0.18943763518385004,9.744604221286513,19.13108763009454,47.4,105.1,614.7,0.5,4.5
soybean,pairflip,0.1,relabel,NB hard_vote,0.0,4.5,586,688,11,4862,0.4599686028257457,0.981574539363484,0.6264029930518439,0.9831644539305687,20.725325070840285,0.12396396396396396,9.711925001986177,12.6725722306083,50.6,68.8,614.7,2.6,4.5
soybean,pairflip,0.1,relabel,NB hard_vote,1.0,1004.5,593,682,7,4865,0.46509803921568627,0.9883333333333333,0.6325333333333333,0.9838853913217145,20.74126744524774,0.12294934198665945,9.76067900744154,12.493683959640899,51.4,68.2,614.7,3.3,4.5
soybean,pairflip,0.1,relabel,NB hard_vote,2.0,2004.5,590,709,9,4839,0.4541955350269438,0.9849749582637729,0.6217070600632244,0.9827190255759473,21.13219988877413,0.1277937995674117,9.744604221286513,12.689017769656525,52.8,70.9,614.7,2.6,4.5
soybean,pairflip,0.1,relabel,NB threshold,0.0,4.5,545,466,52,5084,0.5390702274975272,0.9128978224455612,0.677860696517413,0.9831644539305687,16.446439448107835,0.08396396396396397,9.711925001986177,9.256084319800854,49.4,46.6,614.7,1.3,4.5
soybean,pairflip,0.1,relabel,NB threshold,1.0,1004.5,553,462,47,5085,0.5448275862068965,0.9216666666666666,0.6848297213622291,0.9838853913217145,16.511506580863855,0.08328826392644673,9.76067900744154,9.175101294986892,49.8,46.2,614.7,2.6,4.5
soybean,pairflip,0.1,relabel,NB threshold,2.0,2004.5,554,499,45,5049,0.5261158594491928,0.9248747913188647,0.6707021791767555,0.9827190255759473,17.12997537141495,0.08994232155731795,9.744604221286513,9.565292232726888,51.0,49.9,614.7,1.4,4.5
soybean,pairflip,0.1,relabel,committee consensus,0.0,4.5,530,305,67,5245,0.6347305389221557,0.8877721943048577,0.7402234636871509,0.9739748739045568,13.583591536241096,0.054954954954954956,9.711925001986177,7.027409231747041,47.0,30.5,614.7,0.1,4.5
soybean,pairflip,0.1,relabel,committee consensus,1.0,1004.5,531,325,69,5222,0.6203271028037384,0.885,0.7293956043956044,0.973732942383551,13.925266809671353,0.05859022895258698,9.76067900744154,7.23932099255846,48.0,32.5,614.7,0.6,4.5
soybean,pairflip,0.1,relabel,committee consensus,2.0,2004.5,529,313,70,5235,0.6282660332541568,0.8831385642737897,0.7342123525329632,0.9738921110313405,13.697730462646646,0.05641672674837779,9.744604221286513,7.076745848891714,47.7,31.3,614.7,0.3,4.5
soybean,pairflip,0.1,relabel,dual agreement,0.0,4.5,434,110,163,5440,0.7977941176470589,0.7269681742043551,0.7607361963190185,0.9739748739045568,8.849739148857287,0.01981981981981982,9.711925001986177,4.701199650432987,41.8,11.0,614.7,0.0,4.5
soybean,pairflip,0.1,relabel,dual agreement,1.0,1004.5,432,109,168,5438,0.7985212569316081,0.72,0.7572304995617879,0.973732942383551,8.800746802256295,0.019650261402559942,9.76067900744154,4.78310955747994,41.5,10.9,614.7,0.0,4.5
soybean,pairflip,0.1,relabel,dual agreement,2.0,2004.5,445,124,154,5424,0.7820738137082601,0.7429048414023373,0.761986301369863,0.9738921110313405,9.256613966791134,0.022350396539293438,9.744604221286513,4.766664018431715,43.0,12.4,614.7,0.0,4.5
soybean,pairflip,0.1,relabel,none,0.0,4.5,0,0,597,5550,,0.0,0.0,,0.0,0.0,9.711925001986177,9.711925001986177,0.0,0.0,614.7,0.0,4.5
soybean,pairflip,0.1,relabel,none,1.0,1004.5,0,0,600,5547,,0.0,0.0,,0.0,0.0,9.76067900744154,9.760679007441542,0.0,0.0,614.7,0.0,4.5
soybean,pairflip,0.1,relabel,none,2.0,2004.5,0,0,599,5548,,0.0,0.0,,0.0,0.0,9.744604221286513,9.744604221286512,0.0,0.0,614.7,0.0,4.5
soybean,pairflip,0.2,relabel,DT hard_vote,0.0,4.5,972,1419,246,3510,0.4065244667503137,0.7980295566502463,0.5386533665835411,0.7526971197188497,38.89666587219618,0.2878880097382836,19.81465003575117,28.648234951404884,87.6,141.9,614.7,1.0,4.5
soybean,pairflip,0.2,relabel,DT hard_vote,1.0,1004.5,954,1357,305,3531,0.4128083080917352,0.7577442414614773,0.534453781512605,0.7375168724544855,37.5951113582797,0.2776186579378069,20.481502078864434,28.957072111437732,83.6,135.7,614.7,0.7,4.5
soybean,pairflip,0.2,relabel,DT hard_vote,2.0,2004.5,957,1335,256,3599,0.4175392670157068,0.7889530090684254,0.5460770328102711,0.7571826082043562,37.286777362887634,0.2705715443858938,19.733084399247904,27.623235613463624,85.0,133.5,614.7,0.5,4.5
soybean,pairflip,0.2,relabel,DT threshold,0.0,4.5,951,1418,267,3511,0.4014352047277332,0.7807881773399015,0.5302481182046278,0.7526971197188497,38.538809883212835,0.28768512882937713,19.81465003575117,28.97357061518498,85.5,141.8,614.7,1.0,4.5
soybean,pairflip,0.2,relabel,DT threshold,1.0,1004.5,936,1352,323,3536,0.4090909090909091,0.7434471803018269,0.5277699464336059,0.7375168724544855,37.220968724345234,0.2765957446808511,20.481502078864434,29.152247027356264,81.9,135.2,614.7,0.6,4.5
soybean,pairflip,0.2,relabel,DT threshold,2.0,2004.5,934,1330,279,3604,0.4125441696113074,0.7699917559769167,0.5372447512223181,0.7571826082043562,36.83133391594502,0.2695581678151601,19.733084399247904,27.89981727178835,82.8,133.0,614.7,0.5,4.5
soybean,pairflip,0.2,relabel,NB hard_vote,0.0,4.5,1148,836,70,4093,0.5786290322580645,0.9425287356321839,0.7170518425983761,0.9575114687294344,32.276184423082015,0.1696084398458105,19.81465003575117,17.60218214559996,97.2,83.6,614.7,10.8,4.5
soybean,pairflip,0.2,relabel,NB hard_vote,1.0,1004.5,1183,849,76,4039,0.5821850393700787,0.9396346306592533,0.718930416286843,0.954147497996668,33.0563809221154,0.17369067103109656,20.481502078864434,18.268583988771486,98.5,84.9,614.7,11.5,4.5
soybean,pairflip,0.2,relabel,NB hard_vote,2.0,2004.5,1128,869,85,4065,0.5648472709063596,0.9299258037922506,0.702803738317757,0.9530775932951938,32.487407642806076,0.17612484799351438,19.733084399247904,18.12232197240539,96.8,86.9,614.7,10.0,4.5
soybean,pairflip,0.2,relabel,NB threshold,0.0,4.5,1074,670,144,4259,0.6158256880733946,0.8817733990147784,0.725185685347738,0.9575114687294344,28.371785704827733,0.13593020896733618,19.81465003575117,15.129419242075159,95.8,67.0,614.7,4.6,4.5
soybean,pairflip,0.2,relabel,NB threshold,1.0,1004.5,1122,679,137,4209,0.6229872293170461,0.8911834789515488,0.7333333333333333,0.954147497996668,29.298191255528188,0.13891162029459903,20.481502078864434,15.812081247848306,96.6,67.9,614.7,6.1,4.5
soybean,pairflip,0.2,relabel,NB threshold,2.0,2004.5,1081,681,132,4253,0.6135073779795687,0.8911788953009069,0.7267226890756302,0.9530775932951938,28.664521596356032,0.13802188893392786,19.733084399247904,15.324276369799529,95.2,68.1,614.7,6.0,4.5
soybean,pairflip,0.2,relabel,committee consensus,0.0,4.5,955,417,263,4512,0.6960641399416909,0.784072249589491,0.7374517374517374,0.9238600838047064,22.319430099838463,0.08460133901399879,19.81465003575117,12.623950636900506,85.9,41.7,614.7,0.6,4.5
soybean,pairflip,0.2,relabel,committee consensus,1.0,1004.5,937,422,322,4466,0.6894775570272259,0.744241461477363,0.7158135981665393,0.9120161117170194,22.108127433065864,0.08633387888707038,20.481502078864434,14.039458700775933,81.8,42.2,614.7,0.7,4.5
soybean,pairflip,0.2,relabel,committee consensus,2.0,2004.5,927,398,286,4536,0.699622641509434,0.7642209398186315,0.7304964539007093,0.9224393026077387,21.55536135165912,0.0806647750304013,19.733084399247904,12.8516458780223,82.1,39.8,614.7,0.4,4.5
soybean,pairflip,0.2,relabel,dual agreement,0.0,4.5,747,121,471,4808,0.8605990783410138,0.6133004926108374,0.716203259827421,0.9238600838047064,14.120388760890867,0.0245485899776831,19.81465003575117,9.923466009904399,72.9,12.1,614.7,0.2,4.5
soybean,pairflip,0.2,relabel,dual agreement,1.0,1004.5,729,127,530,4761,0.8516355140186916,0.5790309769658459,0.6893617021276596,0.9120161117170194,13.925346256719896,0.025981996726677576,20.481502078864434,11.095071634755437,70.4,12.7,614.7,0.0,4.5
soybean,pairflip,0.2,relabel,dual agreement,2.0,2004.5,729,130,484,4804,0.8486612339930152,0.6009892827699918,0.7036679536679536,0.9224393026077387,13.974603426816028,0.0263477908390758,19.733084399247904,10.281136622441142,71.1,13.0,614.7,0.0,4.5
soybean,pairflip,0.2,relabel,none,0.0,4.5,0,0,1218,4929,,0.0,0.0,,0.0,0.0,19.81465003575117,19.81465003575117,0.0,0.0,614.7,0.0,4.5
soybean,pairflip,0.2,relabel,none,1.0,1004.5,0,0,1259,4888,,0.0,0.0,,0.0,0.0,20.481502078864434,20.481502078864434,0.0,0.0,614.7,0.0,4.5
soybean,pairflip,0.2,relabel,none,2.0,2004.5,0,0,1213,4934,,0.0,0.0,,0.0,0.0,19.733084399247904,19.7330843992479,0.0,0.0,614.7,0.0,4.5
soybean,pairflip,0.4,relabel,DT hard_vote,0.0,4.5,1537,1642,886,2082,0.48348537275872916,0.6343375980189847,0.5487325955016066,0.5870870968467151,51.7155530838696,0.44092373791621914,39.41757368713752,44.784989804295435,131.2,164.2,614.7,3.5,4.5
soybean,pairflip,0.4,relabel,DT hard_vote,1.0,1004.5,1527,1640,959,2021,0.48215977265550997,0.6142397425583266,0.5402441181673447,0.5692404907615105,51.52077540319376,0.4479650368751707,40.44315563676809,45.71393766054924,131.6,164.0,614.7,2.9,4.5
soybean,pairflip,0.4,relabel,DT hard_vote,2.0,2004.5,1505,1612,883,2147,0.4828360603144049,0.6302345058626466,0.5467756584922797,0.5901074205073443,50.70710521437462,0.4288374567704177,38.84754111384762,44.052991181377614,129.2,161.2,614.7,2.6,4.5
soybean,pairflip,0.4,relabel,DT threshold,0.0,4.5,1518,1642,905,2082,0.48037974683544304,0.6264960792406108,0.5437936593229447,0.5870870968467151,51.406424617992116,0.44092373791621914,39.41757368713752,45.09411827017293,129.3,164.2,614.7,3.4,4.5
soybean,pairflip,0.4,relabel,DT threshold,1.0,1004.5,1506,1638,980,2023,0.47900763358778625,0.6057924376508448,0.5349911190053286,0.5692404907615105,51.14663276925929,0.4474187380497132,40.44315563676809,46.02303964407722,129.5,163.8,614.7,2.9,4.5
soybean,pairflip,0.4,relabel,DT threshold,2.0,2004.5,1478,1611,910,2148,0.4784719974101651,0.61892797319933,0.5397115209056053,0.5901074205073443,50.251370461587356,0.42857142857142855,38.84754111384762,44.4761526442626,126.5,161.1,614.7,2.4,4.5
soybean,pairflip,0.4,relabel,NB hard_vote,0.0,4.5,1906,1260,517,2464,0.6020214782059381,0.7866281469252993,0.6820540347110395,0.7748570820305384,51.50575991101931,0.3383458646616541,39.41757368713752,36.00209210561162,147.0,126.0,614.7,17.7,4.5
soybean,pairflip,0.4,relabel,NB hard_vote,1.0,1004.5,1920,1320,566,2341,0.5925925925925926,0.7723250201126307,0.6706252183024799,0.7477778889564938,52.70909139058817,0.36055722480196667,40.44315563676809,37.69246047509335,148.9,132.0,614.7,15.9,4.5
soybean,pairflip,0.4,relabel,NB hard_vote,2.0,2004.5,1848,1238,540,2521,0.5988334413480233,0.7738693467336684,0.6751918158567775,0.7694219299652626,50.202192738539765,0.32934291034849694,38.84754111384762,35.251238049839785,145.9,123.8,614.7,15.3,4.5
soybean,pairflip,0.4,relabel,NB threshold,0.0,4.5,1811,1115,612,2609,0.6189336978810663,0.7474205530334296,0.677135913254814,0.7748570820305384,47.601175816318424,0.2994092373791622,39.41757368713752,33.805804931013476,146.0,111.5,614.7,10.7,4.5
soybean,pairflip,0.4,relabel,NB threshold,1.0,1004.5,1825,1168,661,2493,0.6097560975609756,0.7341110217216412,0.6661799598466873,0.7477778889564938,48.69087153412251,0.31903851406719475,40.44315563676809,35.545112682397175,146.9,116.8,614.7,9.2,4.5
soybean,pairflip,0.4,relabel,NB threshold,2.0,2004.5,1749,1080,639,2679,0.6182396606574762,0.7324120603015075,0.6705002875215641,0.7694219299652626,46.0212918090093,0.28731045490822027,38.84754111384762,33.20147771510288,142.7,108.0,614.7,8.7,4.5
soybean,pairflip,0.4,relabel,committee consensus,0.0,4.5,1335,711,1088,3013,0.6524926686217009,0.5509698720594305,0.5974490937569926,0.721768208962574,33.28444691613039,0.1909237379162191,39.41757368713752,32.73075395249066,112.2,71.1,614.7,1.5,4.5
soybean,pairflip,0.4,relabel,committee consensus,1.0,1004.5,1298,739,1188,2922,0.6372115856651939,0.5221238938053098,0.57395533937652,0.6924956799912106,33.13757580572549,0.20185741600655557,40.44315563676809,34.60220862794947,109.8,73.9,614.7,2.0,4.5
soybean,pairflip,0.4,relabel,committee consensus,2.0,2004.5,1286,692,1102,3067,0.6501516683518705,0.5385259631490787,0.5890975721484196,0.7210027898664493,32.177776012287815,0.18409151370045224,38.84754111384762,32.42088398082678,108.7,69.2,614.7,0.9,4.5
soybean,pairflip,0.4,relabel,dual agreement,0.0,4.5,936,335,1487,3389,0.7364280094413848,0.3862979777135782,0.5067677314564158,0.721768208962574,20.676994782977147,0.08995703544575726,39.41757368713752,30.225788511956786,90.0,33.5,614.7,0.3,4.5
soybean,pairflip,0.4,relabel,dual agreement,1.0,1004.5,929,388,1557,3273,0.7053910402429765,0.37369267900241354,0.4885616618459111,0.6924956799912106,21.42480336855486,0.1059819721387599,40.44315563676809,32.27602552898493,89.0,38.8,614.7,0.7,4.5
soybean,pairflip,0.4,relabel,dual agreement,2.0,2004.5,900,338,1488,3421,0.7269789983844911,0.3768844221105528,0.49641478212906787,0.7210027898664493,20.13961494663807,0.08991753125831338,38.84754111384762,30.19250019861762,87.0,33.8,614.7,0.3,4.5
soybean,pairflip,0.4,relabel,none,0.0,4.5,0,0,2423,3724,,0.0,0.0,,0.0,0.0,39.41757368713752,39.41757368713752,0.0,0.0,614.7,0.0,4.5
soybean,pairflip,0.4,relabel,none,1.0,1004.5,0,0,2486,3661,,0.0,0.0,,0.0,0.0,40.44315563676809,40.44315563676809,0.0,0.0,614.7,0.0,4.5
soybean,pairflip,0.4,relabel,none,2.0,2004.5,0,0,2388,3759,,0.0,0.0,,0.0,0.0,38.84754111384762,38.84754111384762,0.0,0.0,614.7,0.0,4.5
soybean,symmetric,0.0,relabel,DT hard_vote,0.0,4.5,0,500,0,5647,0.0,,0.0,,8.134133100288656,0.08134049129656744,0.0,8.134133100288656,0.0,50.0,614.7,0.0,4.5
soybean,symmetric,0.0,relabel,DT hard_vote,1.0,1004.5,0,537,0,5610,0.0,,0.0,,8.736050422393472,0.08735968765251342,0.0,8.736050422393474,0.0,53.7,614.7,0.0,4.5
soybean,symmetric,0.0,relabel,DT hard_vote,2.0,2004.5,0,556,0,5591,0.0,,0.0,,9.045205370620481,0.09045062632178298,0.0,9.045205370620483,0.0,55.6,614.7,0.0,4.5
soybean,symmetric,0.0,relabel,DT threshold,0.0,4.5,0,498,0,5649,0.0,,0.0,,8.101586292735892,0.08101512933138116,0.0,8.101586292735892,0.0,49.8,614.7,0.0,4.5
soybean,symmetric,0.0,relabel,DT threshold,1.0,1004.5,0,537,0,5610,0.0,,0.0,,8.736050422393472,0.08735968765251342,0.0,8.736050422393474,0.0,53.7,614.7,0.0,4.5
soybean,symmetric,0.0,relabel,DT threshold,2.0,2004.5,0,555,0,5592,0.0,,0.0,,9.02891872566934,0.09028794533918985,0.0,9.028918725669342,0.0,55.5,614.7,0.0,4.5
soybean,symmetric,0.0,relabel,NB hard_vote,0.0,4.5,0,644,0,5503,0.0,,0.0,,10.476761738301423,0.10476655278997885,0.0,10.476761738301422,0.0,64.4,614.7,0.0,4.5
soybean,symmetric,0.0,relabel,NB hard_vote,1.0,1004.5,0,648,0,5499,0.0,,0.0,,10.541669976960357,0.1054172767203514,0.0,10.541669976960355,0.0,64.8,614.7,0.0,4.5
soybean,symmetric,0.0,relabel,NB hard_vote,2.0,2004.5,0,643,0,5504,0.0,,0.0,,10.460422128651256,0.10460387180738571,0.0,10.460422128651254,0.0,64.3,614.7,0.0,4.5
soybean,symmetric,0.0,relabel,NB threshold,0.0,4.5,0,297,0,5850,0.0,,0.0,,4.831598739440164,0.048316251830161056,0.0,4.831598739440164,0.0,29.7,614.7,0.0,4.5
soybean,symmetric,0.0,relabel,NB threshold,1.0,1004.5,0,286,0,5861,0.0,,0.0,,4.652472127327137,0.04652676102163657,0.0,4.652472127327137,0.0,28.6,614.7,0.0,4.5
soybean,symmetric,0.0,relabel,NB threshold,2.0,2004.5,0,288,0,5859,0.0,,0.0,,4.685283758375043,0.04685212298682284,0.0,4.685283758375043,0.0,28.8,614.7,0.0,4.5
soybean,symmetric,0.0,relabel,committee consensus,0.0,4.5,0,249,0,5898,0.0,,0.0,,4.050713699319404,0.04050756466569058,0.0,4.050713699319404,0.0,24.9,614.7,0.0,4.5
soybean,symmetric,0.0,relabel,committee consensus,1.0,1004.5,0,269,0,5878,0.0,,0.0,,4.376102327798522,0.04376118431755328,0.0,4.376102327798522,0.0,26.9,614.7,0.0,4.5
soybean,symmetric,0.0,relabel,committee consensus,2.0,2004.5,0,267,0,5880,0.0,,0.0,,4.34371441434284,0.04343582235236701,0.0,4.34371441434284,0.0,26.7,614.7,0.0,4.5
soybean,symmetric,0.0,relabel,dual agreement,0.0,4.5,0,136,0,6011,0.0,,0.0,,2.212388443102672,0.02212461363266634,0.0,2.212388443102672,0.0,13.6,614.7,0.0,4.5
soybean,symmetric,0.0,relabel,dual agreement,1.0,1004.5,0,145,0,6002,0.0,,0.0,,2.35875638886682,0.023588742476004555,0.0,2.35875638886682,0.0,14.5,614.7,0.0,4.5
soybean,symmetric,0.0,relabel,dual agreement,2.0,2004.5,0,138,0,6009,0.0,,0.0,,2.2451471094515503,0.02244997559785261,0.0,2.2451471094515503,0.0,13.8,614.7,0.0,4.5
soybean,symmetric,0.0,relabel,none,0.0,4.5,0,0,0,6147,,,,,0.0,0.0,0.0,0.0,0.0,0.0,614.7,0.0,4.5
soybean,symmetric,0.0,relabel,none,1.0,1004.5,0,0,0,6147,,,,,0.0,0.0,0.0,0.0,0.0,0.0,614.7,0.0,4.5
soybean,symmetric,0.0,relabel,none,2.0,2004.5,0,0,0,6147,,,,,0.0,0.0,0.0,0.0,0.0,0.0,614.7,0.0,4.5
soybean,symmetric,0.1,relabel,DT hard_vote,0.0,4.5,593,1107,4,4443,0.3488235294117647,0.9932998324958124,0.5163256421419242,0.9029424308468845,27.65527925637562,0.19945945945945945,9.711925001986177,20.009374751727975,47.4,110.7,614.7,0.7,4.5
soybean,symmetric,0.1,relabel,DT hard_vote,1.0,1004.5,587,1131,13,4416,0.3416763678696158,0.9783333333333334,0.5064710957722174,0.8963422043401629,27.947538465612666,0.2038939967550027,9.76067900744154,20.39908900717672,47.7,113.1,614.7,0.8,4.5
soybean,symmetric,0.1,relabel,DT hard_vote,2.0,2004.5,590,1094,9,4454,0.3503562945368171,0.9849749582637729,0.5168637757336837,0.898535155914945,27.39561981939038,0.19718817591925017,9.744604221286513,19.831042610100365,47.4,109.4,614.7,0.3,4.5
soybean,symmetric,0.1,relabel,DT threshold,0.0,4.5,583,1056,14,4494,0.35570469798657717,0.9765494137353434,0.5214669051878354,0.9029424308468845,26.663197478880328,0.19027027027027027,9.711925001986177,19.27758798760626,46.8,105.6,614.7,0.6,4.5
soybean,symmetric,0.1,relabel,DT threshold,1.0,1004.5,576,1072,24,4475,0.34951456310679613,0.96,0.5124555160142349,0.8963422043401629,26.80877095415905,0.19325761672976383,9.76067900744154,19.50430338179603,47.3,107.2,614.7,0.8,4.5
soybean,symmetric,0.1,relabel,DT threshold,2.0,2004.5,585,1065,14,4483,0.35454545454545455,0.9766277128547579,0.5202312138728323,0.898535155914945,26.842588914488495,0.19196106705118962,9.744604221286513,19.424379650962635,47.0,106.5,614.7,0.3,4.5
soybean,symmetric,0.1,relabel,NB hard_vote,0.0,4.5,594,662,3,4888,0.4729299363057325,0.9949748743718593,0.6411225040474906,0.988687737408428,20.43258917931199,0.11927927927927928,9.711925001986177,11.940758984137073,52.5,66.2,614.7,0.6,4.5
soybean,symmetric,0.1,relabel,NB hard_vote,1.0,1004.5,597,651,3,4896,0.47836538461538464,0.995,0.6461038961038961,0.9892714414070596,20.3019782315087,0.11736073553272039,9.76067900744154,11.79409973252827,52.6,65.1,614.7,0.2,4.5
soybean,symmetric,0.1,relabel,NB hard_vote,2.0,2004.5,594,664,5,4884,0.47217806041335453,0.991652754590985,0.6397415185783522,0.989672776097908,20.465374328010384,0.11968276856524873,9.744604221286513,11.745663515267074,54.1,66.4,614.7,0.4,4.5
soybean,symmetric,0.1,relabel,NB threshold,0.0,4.5,560,470,37,5080,0.5436893203883495,0.9380234505862647,0.6883835279655808,0.988687737408428,16.75649479621832,0.08468468468468468,9.711925001986177,9.012843939514315,51.3,47.0,614.7,0.5,4.5
soybean,symmetric,0.1,relabel,NB threshold,1.0,1004.5,561,448,39,5099,0.55599603567889,0.935,0.6973275326289621,0.9892714414070596,16.413839675856043,0.08076437714079683,9.76067900744154,8.735732634199305,51.1,44.8,614.7,0.1,4.5
soybean,symmetric,0.1,relabel,NB threshold,2.0,2004.5,570,481,29,5067,0.5423406279733587,0.9515859766277128,0.6909090909090909,0.989672776097908,17.09793172850295,0.08669790915645277,9.744604221286513,8.980138237864463,52.8,48.1,614.7,0.3,4.5
soybean,symmetric,0.1,relabel,committee consensus,0.0,4.5,594,305,3,5245,0.660734149054505,0.9949748743718593,0.7941176470588235,0.9961642774216368,14.624983448531555,0.054954954954954956,9.711925001986177,6.800164190566987,48.4,30.5,614.7,0.2,4.5
soybean,symmetric,0.1,relabel,committee consensus,1.0,1004.5,590,323,10,5224,0.6462212486308871,0.9833333333333333,0.7799074686054197,0.9945348412484479,14.852254972061122,0.05822967369749414,9.76067900744154,7.0922645057069476,48.7,32.3,614.7,0.1,4.5
soybean,symmetric,0.1,relabel,committee consensus,2.0,2004.5,588,293,11,5255,0.6674233825198638,0.9816360601001669,0.7945945945945946,0.9947050975009656,14.332221074653742,0.05281182408074982,9.744604221286513,6.735176504859512,47.8,29.3,614.7,0.2,4.5
soybean,symmetric,0.1,relabel,dual agreement,0.0,4.5,441,130,156,5420,0.7723292469352014,0.7386934673366834,0.7551369863013698,0.9961642774216368,9.289081327295358,0.023423423423423424,9.711925001986177,4.8966658721961815,42.6,13.0,614.7,0.0,4.5
soybean,symmetric,0.1,relabel,dual agreement,1.0,1004.5,450,121,150,5426,0.7880910683012259,0.75,0.7685738684884714,0.9945348412484479,9.288922433198273,0.021813592933117,9.76067900744154,4.701173168083473,43.2,12.1,614.7,0.0,4.5
soybean,symmetric,0.1,relabel,dual agreement,2.0,2004.5,466,126,133,5422,0.7871621621621622,0.7779632721202003,0.7825356842989085,0.9947050975009656,9.63065067132756,0.022710886806056235,9.744604221286513,4.4901618071555305,44.9,12.6,614.7,0.0,4.5
soybean,symmetric,0.1,relabel,none,0.0,4.5,0,0,597,5550,,0.0,0.0,,0.0,0.0,9.711925001986177,9.711925001986177,0.0,0.0,614.7,0.0,4.5
soybean,symmetric,0.1,relabel,none,1.0,1004.5,0,0,600,5547,,0.0,0.0,,0.0,0.0,9.76067900744154,9.760679007441542,0.0,0.0,614.7,0.0,4.5
soybean,symmetric,0.1,relabel,none,2.0,2004.5,0,0,599,5548,,0.0,0.0,,0.0,0.0,9.744604221286513,9.744604221286512,0.0,0.0,614.7,0.0,4.5
soybean,symmetric,0.2,relabel,DT hard_vote,0.0,4.5,1172,1509,46,3420,0.4371503170458784,0.9622331691297209,0.601179789689664,0.8440621830358956,43.61449643812399,0.3061472915398661,19.81465003575117,31.282990386907123,80.4,150.9,614.7,2.7,4.5
soybean,symmetric,0.2,relabel,DT hard_vote,1.0,1004.5,1205,1530,54,3358,0.4405850091407678,0.9571088165210484,0.6034051076614922,0.8359669824584216,44.49397526548556,0.3130114566284779,20.481502078864434,31.78859140382935,83.5,153.0,614.7,4.0,4.5
soybean,symmetric,0.2,relabel,DT hard_vote,2.0,2004.5,1178,1484,35,3450,0.4425244177310293,0.9711459192085737,0.608,0.8437200678998821,43.30550038399407,0.3007701661937576,19.733084399247904,30.648632186647603,81.3,148.4,614.7,1.5,4.5
soybean,symmetric,0.2,relabel,DT threshold,0.0,4.5,1156,1465,62,3464,0.44105303319343764,0.9490968801313628,0.6022401667100807,0.8440621830358956,42.63854241148275,0.29722053154798134,19.81465003575117,30.664892349249225,79.8,146.5,614.7,2.4,4.5
soybean,symmetric,0.2,relabel,DT threshold,1.0,1004.5,1182,1478,77,3410,0.4443609022556391,0.9388403494837172,0.6032151058943608,0.8359669824584216,43.274145282169435,0.30237315875613746,20.481502078864434,31.154180238870794,82.2,147.8,614.7,3.6,4.5
soybean,symmetric,0.2,relabel,DT threshold,2.0,2004.5,1148,1436,65,3498,0.44427244582043346,0.9464138499587799,0.6046879115090861,0.8437200678998821,42.03651915997987,0.29104175111471425,19.733084399247904,30.046608935144725,80.2,143.6,614.7,1.5,4.5
soybean,symmetric,0.2,relabel,NB hard_vote,0.0,4.5,1211,674,7,4255,0.6424403183023872,0.9942528735632183,0.780534966161779,0.9877856713802325,30.66542199623951,0.13674173260296207,19.81465003575117,13.470035221524853,106.4,67.4,614.7,2.9,4.5
soybean,symmetric,0.2,relabel,NB hard_vote,1.0,1004.5,1237,615,22,4273,0.66792656587473,0.982525814138205,0.79524268723883,0.9858714701235293,30.12865125393925,0.12581833060556466,20.481502078864434,12.9983051296311,107.5,61.5,614.7,4.1,4.5
soybean,symmetric,0.2,relabel,NB hard_vote,2.0,2004.5,1202,641,11,4293,0.652197504069452,0.9909315746084089,0.7866492146596858,0.9852820893244019,29.982283308175106,0.12991487636805837,19.733084399247904,12.900903048118431,106.1,64.1,614.7,1.1,4.5
soybean,symmetric,0.2,relabel,NB threshold,0.0,4.5,1152,513,66,4416,0.6918918918918919,0.9458128078817734,0.7991675338189386,0.9877856713802325,27.086411906464342,0.10407790626902008,19.81465003575117,11.176240036015995,104.4,51.3,614.7,1.6,4.5
soybean,symmetric,0.2,relabel,NB threshold,1.0,1004.5,1181,492,78,4396,0.7059175134488942,0.938046068308181,0.805593451568895,0.9858714701235293,27.216546171976375,0.10065466448445172,20.481502078864434,11.241333651121527,106.0,49.2,614.7,3.0,4.5
soybean,symmetric,0.2,relabel,NB threshold,2.0,2004.5,1139,479,74,4455,0.703955500618047,0.9389942291838417,0.8046626633698339,0.9852820893244019,26.321813511294728,0.09708147547628698,19.733084399247904,10.704483461772728,103.4,47.9,614.7,0.5,4.5
soybean,symmetric,0.2,relabel,committee consensus,0.0,4.5,1189,372,29,4557,0.7616912235746316,0.9761904761904762,0.8557034904641958,0.9897200186671187,25.394481078361274,0.07547169811320754,19.81465003575117,12.18463494081195,84.1,37.2,614.7,0.9,4.5
soybean,symmetric,0.2,relabel,committee consensus,1.0,1004.5,1210,359,49,4529,0.7711918419375399,0.9610802223987291,0.8557284299858557,0.9873083556109586,25.525144990863588,0.07344517184942717,20.481502078864434,12.217817324753053,86.7,35.9,614.7,2.3,4.5
soybean,symmetric,0.2,relabel,committee consensus,2.0,2004.5,1178,339,35,4595,0.7765326301911668,0.9711459192085737,0.863003663003663,0.988321519733614,24.678769100394586,0.06870693149574382,19.733084399247904,11.647864198511694,83.6,33.9,614.7,0.4,4.5
soybean,symmetric,0.2,relabel,dual agreement,0.0,4.5,737,119,481,4810,0.860981308411215,0.6050903119868637,0.7107039537126326,0.9897200186671187,13.925187362622813,0.024142828159870157,19.81465003575117,9.988321283864305,72.3,11.9,614.7,0.0,4.5
soybean,symmetric,0.2,relabel,dual agreement,1.0,1004.5,790,113,469,4775,0.8748615725359912,0.6274821286735505,0.730804810360777,0.9873083556109586,14.690341887132229,0.023117839607201308,20.481502078864434,9.858610735944492,76.6,11.3,614.7,0.0,4.5
soybean,symmetric,0.2,relabel,dual agreement,2.0,2004.5,751,105,462,4829,0.8773364485981309,0.6191261335531739,0.7259545674238763,0.988321519733614,13.925611080215038,0.02128090798540738,19.733084399247904,9.598236275522364,72.8,10.5,614.7,0.0,4.5
soybean,symmetric,0.2,relabel,none,0.0,4.5,0,0,1218,4929,,0.0,0.0,,0.0,0.0,19.81465003575117,19.81465003575117,0.0,0.0,614.7,0.0,4.5
soybean,symmetric,0.2,relabel,none,1.0,1004.5,0,0,1259,4888,,0.0,0.0,,0.0,0.0,20.481502078864434,20.481502078864434,0.0,0.0,614.7,0.0,4.5
soybean,symmetric,0.2,relabel,none,2.0,2004.5,0,0,1213,4934,,0.0,0.0,,0.0,0.0,19.733084399247904,19.7330843992479,0.0,0.0,614.7,0.0,4.5
soybean,symmetric,0.4,relabel,DT hard_vote,0.0,4.5,2257,1824,166,1900,0.5530507228620436,0.9314898885678911,0.6940344403444034,0.7451645617171055,66.38989963189535,0.4897959183673469,39.41757368713752,49.91080744683668,117.9,182.4,614.7,12.7,4.5
soybean,symmetric,0.4,relabel,DT hard_vote,1.0,1004.5,2330,1823,156,1838,0.5610402118950156,0.9372485921158488,0.7019129386955867,0.7409067099404274,67.56208786843568,0.49795137940453427,40.44315563676809,50.78933290961574,118.7,182.3,614.7,12.1,4.5
soybean,symmetric,0.4,relabel,DT hard_vote,2.0,2004.5,2222,1800,166,1959,0.5524614619592243,0.9304857621440537,0.6932917316692667,0.747078439835309,65.42954370911787,0.4788507581803671,38.84754111384762,49.30793676014936,115.7,180.0,614.7,11.7,4.5
soybean,symmetric,0.4,relabel,DT threshold,0.0,4.5,2255,1812,168,1912,0.5544627489550037,0.9306644655385885,0.6949152542372882,0.7451645617171055,66.16217790842404,0.4865735767991407,39.41757368713752,49.71560604856863,117.9,181.2,614.7,12.6,4.5
soybean,symmetric,0.4,relabel,DT threshold,1.0,1004.5,2331,1814,155,1847,0.5623642943305187,0.9376508447304908,0.7030613783743025,0.7409067099404274,67.43192712057413,0.4954930346899754,40.44315563676809,50.626651836550934,118.8,181.4,614.7,11.9,4.5
soybean,symmetric,0.4,relabel,DT threshold,2.0,2004.5,2209,1787,179,1972,0.5528028028028028,0.9250418760469011,0.6920426065162907,0.747078439835309,65.0066205873785,0.47539239159350893,38.84754111384762,49.145229204735045,115.4,178.7,614.7,11.2,4.5
soybean,symmetric,0.4,relabel,NB hard_vote,0.0,4.5,2383,581,40,3143,0.8039811066126855,0.9834915394139496,0.8847224800445517,0.98098099712696,48.218691242287015,0.15601503759398497,39.41757368713752,16.999655729456315,195.9,58.1,614.7,12.0,4.5
soybean,symmetric,0.4,relabel,NB hard_vote,1.0,1004.5,2429,575,57,3086,0.8085885486018641,0.9770716009654062,0.8848816029143898,0.9804861943012639,48.86999814623554,0.15706091231903851,40.44315563676809,17.21154100791822,200.3,57.5,614.7,10.7,4.5
soybean,symmetric,0.4,relabel,NB hard_vote,2.0,2004.5,2347,586,41,3173,0.8002045687009888,0.9828308207705193,0.8821650065777109,0.9811212088570862,47.71383173115119,0.1558925246076084,38.84754111384762,16.91851381054527,193.4,58.6,614.7,10.1,4.5
soybean,symmetric,0.4,relabel,NB threshold,0.0,4.5,2296,491,127,3233,0.8238249013275923,0.9475856376392902,0.8813819577735125,0.98098099712696,45.33923889727497,0.13184747583243825,39.41757368713752,15.844628055401074,194.0,49.1,614.7,7.3,4.5
soybean,symmetric,0.4,relabel,NB threshold,1.0,1004.5,2353,501,133,3160,0.8244569025928521,0.9465004022526147,0.8812734082397004,0.9804861943012639,46.429543709117866,0.1368478557771101,40.44315563676809,16.235481051878924,198.9,50.1,614.7,7.7,4.5
soybean,symmetric,0.4,relabel,NB threshold,2.0,2004.5,2261,491,127,3268,0.8215843023255814,0.9468174204355109,0.8797665369649805,0.9811212088570862,44.76912687693653,0.1306198457036446,38.84754111384762,15.617065226026853,191.9,49.1,614.7,4.9,4.5
soybean,symmetric,0.4,relabel,committee consensus,0.0,4.5,2321,444,102,3280,0.8394213381555153,0.9579034255055716,0.894757131842714,0.9724287564322239,44.98138290829162,0.11922663802363051,39.41757368713752,25.76904742988798,128.2,44.3,614.7,5.9,4.5
soybean,symmetric,0.4,relabel,committee consensus,1.0,1004.5,2373,416,113,3245,0.8508425959125134,0.9545454545454546,0.8997156398104266,0.9733312865192894,45.372580175313146,0.11363015569516526,40.44315563676809,26.403538041895075,127.9,41.6,614.7,5.6,4.5
soybean,symmetric,0.4,relabel,committee consensus,2.0,2004.5,2278,422,110,3337,0.8437037037037037,0.9539363484087102,0.8954402515723271,0.9724006460264858,43.92312173936071,0.11226389997339718,38.84754111384762,25.296575832207832,125.5,42.2,614.7,4.6,4.5
soybean,symmetric,0.4,relabel,dual agreement,0.0,4.5,1130,91,1293,3633,0.9254709254709255,0.4663640115559224,0.6201975850713501,0.9724287564322239,19.862980323614313,0.02443609022556391,39.41757368713752,23.39368660787585,107.6,9.1,614.7,0.0,4.5
soybean,symmetric,0.4,relabel,dual agreement,1.0,1004.5,1112,89,1374,3572,0.925895087427144,0.4473049074818986,0.6032004339571467,0.9733312865192894,19.53859802441673,0.024310297732859875,40.44315563676809,24.483488255077994,107.0,8.9,614.7,0.0,4.5
soybean,symmetric,0.4,relabel,dual agreement,2.0,2004.5,1108,79,1280,3680,0.9334456613310868,0.4639865996649916,0.6198601398601399,0.9724006460264858,19.31021424220757,0.021016227720138336,38.84754111384762,23.00254230555335,105.3,7.9,614.7,0.0,4.5
soybean,symmetric,0.4,relabel,none,0.0,4.5,0,0,2423,3724,,0.0,0.0,,0.0,0.0,39.41757368713752,39.41757368713752,0.0,0.0,614.7,0.0,4.5
soybean,symmetric,0.4,relabel,none,1.0,1004.5,0,0,2486,3661,,0.0,0.0,,0.0,0.0,40.44315563676809,40.44315563676809,0.0,0.0,614.7,0.0,4.5
soybean,symmetric,0.4,relabel,none,2.0,2004.5,0,0,2388,3759,,0.0,0.0,,0.0,0.0,38.84754111384762,38.84754111384762,0.0,0.0,614.7,0.0,4.5
tic-tac-toe,pairflip,0.0,relabel,DT hard_vote,0.0,4.5,0,587,0,8035,0.0,,0.0,,6.8081182299914245,0.06808165158895847,0.0,6.8081182299914245,0.0,58.7,862.2,0.0,4.5
tic-tac-toe,pairflip,0.0,relabel,DT hard_vote,1.0,1004.5,0,600,0,8022,0.0,,0.0,,6.958849639605004,0.06958942240779402,0.0,6.958849639605004,0.0,60.0,862.2,0.0,4.5
tic-tac-toe,pairflip,0.0,relabel,DT hard_vote,2.0,2004.5,0,540,0,8082,0.0,,0.0,,6.2629687084120835,0.06263048016701461,0.0,6.262968708412084,0.0,54.0,862.2,0.0,4.5
tic-tac-toe,pairflip,0.0,relabel,DT threshold,0.0,4.5,0,587,0,8035,0.0,,0.0,,6.8081182299914245,0.06808165158895847,0.0,6.8081182299914245,0.0,58.7,862.2,0.0,4.5
tic-tac-toe,pairflip,0.0,relabel,DT threshold,1.0,1004.5,0,600,0,8022,0.0,,0.0,,6.958849639605004,0.06958942240779402,0.0,6.958849639605004,0.0,60.0,862.2,0.0,4.5
tic-tac-toe,pairflip,0.0,relabel,DT threshold,2.0,2004.5,0,540,0,8082,0.0,,0.0,,6.2629687084120835,0.06263048016701461,0.0,6.262968708412084,0.0,54.0,862.2,0.0,4.5
tic-tac-toe,pairflip,0.0,relabel,NB hard_vote,0.0,4.5,0,2684,0,5938,0.0,,0.0,,31.1297663952166,0.31129668290419854,0.0,31.1297663952166,0.0,268.4,862.2,0.0,4.5
tic-tac-toe,pairflip,0.0,relabel,NB hard_vote,1.0,1004.5,0,2686,0,5936,0.0,,0.0,,31.152914481130683,0.3115286476455579,0.0,31.152914481130683,0.0,268.6,862.2,0.0,4.5
tic-tac-toe,pairflip,0.0,relabel,NB hard_vote,2.0,2004.5,0,2699,0,5923,0.0,,0.0,,31.30378031633029,0.3130364184643934,0.0,31.30378031633029,0.0,269.9,862.2,0.0,4.5
tic-tac-toe,pairflip,0.0,relabel,NB threshold,0.0,4.5,0,1966,0,6656,0.0,,0.0,,22.80204757052638,0.22802134075620506,0.0,22.80204757052638,0.0,196.6,862.2,0.0,4.5
tic-tac-toe,pairflip,0.0,relabel,NB threshold,1.0,1004.5,0,1992,0,6630,0.0,,0.0,,23.103738913249792,0.23103688239387613,0.0,23.103738913249792,0.0,199.2,862.2,0.0,4.5
tic-tac-toe,pairflip,0.0,relabel,NB threshold,2.0,2004.5,0,1999,0,6623,0.0,,0.0,,23.185052950238337,0.23184875898863372,0.0,23.185052950238337,0.0,199.9,862.2,0.0,4.5
tic-tac-toe,pairflip,0.0,relabel,committee consensus,0.0,4.5,0,317,0,8305,0.0,,0.0,,3.6765935481095733,0.03676641150545117,0.0,3.6765935481095733,0.0,31.7,862.2,0.0,4.5
tic-tac-toe,pairflip,0.0,relabel,committee consensus,1.0,1004.5,0,335,0,8287,0.0,,0.0,,3.8852489427427654,0.03885409417768499,0.0,3.8852489427427654,0.0,33.5,862.2,0.0,4.5
tic-tac-toe,pairflip,0.0,relabel,committee consensus,2.0,2004.5,0,316,0,8306,0.0,,0.0,,3.665019505152533,0.03665042913477151,0.0,3.665019505152533,0.0,31.6,862.2,0.0,4.5
tic-tac-toe,pairflip,0.0,relabel,dual agreement,0.0,4.5,0,263,0,8359,0.0,,0.0,,3.0502778576863205,0.03050336348874971,0.0,3.0502778576863205,0.0,26.3,862.2,0.0,4.5
tic-tac-toe,pairflip,0.0,relabel,dual agreement,1.0,1004.5,0,261,0,8361,0.0,,0.0,,3.027062558979226,0.030271398747390398,0.0,3.027062558979226,0.0,26.1,862.2,0.0,4.5
tic-tac-toe,pairflip,0.0,relabel,dual agreement,2.0,2004.5,0,256,0,8366,0.0,,0.0,,2.969152016518216,0.029691486893992113,0.0,2.969152016518216,0.0,25.6,862.2,0.0,4.5
tic-tac-toe,pairflip,0.0,relabel,none,0.0,4.5,0,0,0,8622,,,,,0.0,0.0,0.0,0.0,0.0,0.0,862.2,0.0,4.5
tic-tac-toe,pairflip,0.0,relabel,none,1.0,1004.5,0,0,0,8622,,,,,0.0,0.0,0.0,0.0,0.0,0.0,862.2,0.0,4.5
tic-tac-toe,pairflip,0.0,relabel,none,2.0,2004.5,0,0,0,8622,,,,,0.0,0.0,0.0,0.0,0.0,0.0,862.2,0.0,4.5
tic-tac-toe,pairflip,0.1,relabel,DT hard_vote,0.0,4.5,685,1367,139,6431,0.3338206627680312,0.8313106796116505,0.476356050069541,0.8301402492204895,23.79970049979433,0.1753013593229033,9.557040808919407,17.467126222936766,68.5,136.7,862.2,0.0,4.5
tic-tac-toe,pairflip,0.1,relabel,DT hard_vote,1.0,1004.5,698,1359,132,6433,0.33932912007778315,0.8409638554216867,0.48354693453411846,0.8335997531500459,23.857409403876296,0.17440965092402463,9.626444738985839,17.292803122975215,69.8,135.9,862.2,0.0,4.5
tic-tac-toe,pairflip,0.1,relabel,DT hard_vote,2.0,2004.5,671,1340,183,6428,0.3336648433615117,0.7857142857142857,0.46841186736474694,0.8064024144804142,23.324049006191643,0.1725025746652935,9.904813242533331,17.664073149026894,67.1,134.0,862.2,0.0,4.5
tic-tac-toe,pairflip,0.1,relabel,DT threshold,0.0,4.5,685,1367,139,6431,0.3338206627680312,0.8313106796116505,0.476356050069541,0.8301402492204895,23.79970049979433,0.1753013593229033,9.557040808919407,17.467126222936766,68.5,136.7,862.2,0.0,4.5
tic-tac-toe,pairflip,0.1,relabel,DT threshold,1.0,1004.5,698,1359,132,6433,0.33932912007778315,0.8409638554216867,0.48354693453411846,0.8335997531500459,23.857409403876296,0.17440965092402463,9.626444738985839,17.292803122975215,69.8,135.9,862.2,0.0,4.5
tic-tac-toe,pairflip,0.1,relabel,DT threshold,2.0,2004.5,671,1340,183,6428,0.3336648433615117,0.7857142857142857,0.46841186736474694,0.8064024144804142,23.324049006191643,0.1725025746652935,9.904813242533331,17.664073149026894,67.1,134.0,862.2,0.0,4.5
tic-tac-toe,pairflip,0.1,relabel,NB hard_vote,0.0,4.5,574,2475,250,5323,0.1882584453919318,0.6966019417475728,0.29641105086496256,0.7821735127284832,35.36278777157329,0.31738907412156964,9.557040808919407,31.604947399268184,57.4,247.5,862.2,0.0,4.5
tic-tac-toe,pairflip,0.1,relabel,NB hard_vote,1.0,1004.5,577,2423,253,5369,0.19233333333333333,0.6951807228915663,0.3013054830287206,0.7911409272538766,34.79446327896266,0.3109599589322382,9.626444738985839,31.03674388968499,57.7,242.3,862.2,0.0,4.5
tic-tac-toe,pairflip,0.1,relabel,NB hard_vote,2.0,2004.5,560,2405,294,5363,0.18887015177065766,0.6557377049180327,0.2932704896569783,0.7703279064393942,34.38880718800493,0.30960350154479915,9.904813242533331,31.303807201447494,56.0,240.5,862.2,0.0,4.5
tic-tac-toe,pairflip,0.1,relabel,NB threshold,0.0,4.5,474,1909,350,5889,0.1989089383130508,0.5752427184466019,0.29560336763330214,0.7821735127284832,27.63839786209548,0.2448063606052834,9.557040808919407,26.200124746943835,47.4,190.9,862.2,0.0,4.5
tic-tac-toe,pairflip,0.1,relabel,NB threshold,1.0,1004.5,478,1858,352,5934,0.2046232876712329,0.5759036144578313,0.30195830701200255,0.7911409272538766,27.093234897957537,0.23844969199178645,9.626444738985839,25.631907794802032,47.8,185.8,862.2,0.0,4.5
tic-tac-toe,pairflip,0.1,relabel,NB threshold,2.0,2004.5,448,1848,406,5920,0.1951219512195122,0.5245901639344263,0.28444444444444444,0.7703279064393942,26.629748919890414,0.23789907312049433,9.904813242533331,26.142792234502746,44.8,184.8,862.2,0.0,4.5
tic-tac-toe,pairflip,0.1,relabel,committee consensus,0.0,4.5,489,584,335,7214,0.45573159366262816,0.5934466019417476,0.5155508697944122,0.8999112683660094,12.445013214035106,0.07489099769171582,9.557040808919407,10.658900452476523,48.9,58.4,862.2,0.0,4.5
tic-tac-toe,pairflip,0.1,relabel,committee consensus,1.0,1004.5,496,551,334,7241,0.47373447946513847,0.5975903614457831,0.5285029302077784,0.9050456544861051,12.143308428753096,0.0707135523613963,9.626444738985839,10.264428570276351,49.6,55.1,862.2,0.0,4.5
tic-tac-toe,pairflip,0.1,relabel,committee consensus,2.0,2004.5,452,587,402,7181,0.43503368623676614,0.5292740046838408,0.4775488642366614,0.8793529596800462,12.050514446717731,0.0755664263645726,9.904813242533331,11.47064279626727,45.2,58.7,862.2,0.0,4.5
tic-tac-toe,pairflip,0.1,relabel,dual agreement,0.0,4.5,405,457,419,7341,0.46983758700696054,0.49150485436893204,0.4804270462633452,0.8999112683660094,9.997822305506341,0.058604770453962556,9.557040808919407,10.160100872959756,40.5,45.7,862.2,0.0,4.5
tic-tac-toe,pairflip,0.1,relabel,dual agreement,1.0,1004.5,411,436,419,7356,0.4852420306965762,0.4951807228915663,0.49016100178890876,0.9050456544861051,9.823552975779197,0.05595482546201232,9.626444738985839,9.91634695781456,41.1,43.6,862.2,0.0,4.5
tic-tac-toe,pairflip,0.1,relabel,dual agreement,2.0,2004.5,366,464,488,7304,0.44096385542168676,0.42857142857142855,0.4346793349168646,0.8793529596800462,9.626498509220252,0.05973223480947477,9.904813242533331,11.041556325664802,36.6,46.4,862.2,0.0,4.5
tic-tac-toe,pairflip,0.1,relabel,none,0.0,4.5,0,0,824,7798,,0.0,0.0,,0.0,0.0,9.557040808919407,9.557040808919407,0.0,0.0,862.2,0.0,4.5
tic-tac-toe,pairflip,0.1,relabel,none,1.0,1004.5,0,0,830,7792,,0.0,0.0,,0.0,0.0,9.626444738985839,9.626444738985839,0.0,0.0,862.2,0.0,4.5
tic-tac-toe,pairflip,0.1,relabel,none,2.0,2004.5,0,0,854,7768,,0.0,0.0,,0.0,0.0,9.904813242533331,9.904813242533331,0.0,0.0,862.2,0.0,4.5
tic-tac-toe,pairflip,0.2,relabel,DT hard_vote,0.0,4.5,1257,1896,471,4998,0.39866793529971456,0.7274305555555556,0.5150583896742471,0.7258849687323102,36.56921707850185,0.2750217580504787,20.041967667958048,27.452715800114532,125.7,189.6,862.2,0.0,4.5
tic-tac-toe,pairflip,0.2,relabel,DT hard_vote,1.0,1004.5,1225,1942,476,4979,0.38680138932743924,0.720164609053498,0.5032867707477403,0.7198451937533712,36.73154941618968,0.2805952896980205,19.72852752901576,28.044416902135488,122.5,194.2,862.2,0.0,4.5
tic-tac-toe,pairflip,0.2,relabel,DT hard_vote,2.0,2004.5,1213,1930,514,4965,0.3859370028635062,0.7023740590619572,0.49815195071868584,0.7113597711989665,36.453463206372845,0.27991298042059465,20.03011133127035,28.346282998120735,121.3,193.0,862.2,0.0,4.5
tic-tac-toe,pairflip,0.2,relabel,DT threshold,0.0,4.5,1257,1896,471,4998,0.39866793529971456,0.7274305555555556,0.5150583896742471,0.7258849687323102,36.56921707850185,0.2750217580504787,20.041967667958048,27.452715800114532,125.7,189.6,862.2,0.0,4.5
tic-tac-toe,pairflip,0.2,relabel,DT threshold,1.0,1004.5,1225,1942,476,4979,0.38680138932743924,0.720164609053498,0.5032867707477403,0.7198451937533712,36.73154941618968,0.2805952896980205,19.72852752901576,28.044416902135488,122.5,194.2,862.2,0.0,4.5
tic-tac-toe,pairflip,0.2,relabel,DT threshold,2.0,2004.5,1213,1930,514,4965,0.3859370028635062,0.7023740590619572,0.49815195071868584,0.7113597711989665,36.453463206372845,0.27991298042059465,20.03011133127035,28.346282998120735,121.3,193.0,862.2,0.0,4.5
tic-tac-toe,pairflip,0.2,relabel,NB hard_vote,0.0,4.5,1167,2206,561,4688,0.34598280462496295,0.6753472222222222,0.45755734169770634,0.7620683701488744,39.121112075988094,0.31998839570641135,20.041967667958048,32.09229391885533,116.7,220.6,862.2,0.0,4.5
tic-tac-toe,pairflip,0.2,relabel,NB hard_vote,1.0,1004.5,1179,2245,522,4676,0.3443341121495327,0.6931216931216931,0.4600975609756098,0.772778068993849,39.711939411699866,0.3243750903048692,19.72852752901576,32.092038510241885,117.9,224.5,862.2,0.0,4.5
tic-tac-toe,pairflip,0.2,relabel,NB hard_vote,2.0,2004.5,1162,2166,565,4729,0.34915865384615385,0.6728430804863926,0.4597428288822948,0.7605801997106255,38.598935887061,0.314140681653372,20.03011133127035,31.674754606092698,116.2,216.6,862.2,0.0,4.5
tic-tac-toe,pairflip,0.2,relabel,NB threshold,0.0,4.5,961,1760,767,5134,0.3531789783167953,0.5561342592592593,0.43200719262755677,0.7620683701488744,31.55905450419811,0.25529445894981145,20.041967667958048,29.308877734552482,96.1,176.0,862.2,0.0,4.5
tic-tac-toe,pairflip,0.2,relabel,NB threshold,1.0,1004.5,1001,1803,700,5118,0.3569900142653352,0.588477366255144,0.4443951165371809,0.772778068993849,32.520815801996484,0.26051148677936714,19.72852752901576,29.029984971219484,100.1,180.3,862.2,0.0,4.5
tic-tac-toe,pairflip,0.2,relabel,NB threshold,2.0,2004.5,948,1720,779,5175,0.3553223388305847,0.5489287782281412,0.43139931740614335,0.7605801997106255,30.944111218352862,0.24945612762871647,20.03011133127035,28.98372912706713,94.8,172.0,862.2,0.0,4.5
tic-tac-toe,pairflip,0.2,relabel,committee consensus,0.0,4.5,886,771,842,6123,0.5347012673506337,0.5127314814814815,0.5234859675036928,0.8191647603230023,19.218422757714013,0.11183637946040034,20.041967667958048,18.707739956392338,88.6,77.1,862.2,0.0,4.5
tic-tac-toe,pairflip,0.2,relabel,committee consensus,1.0,1004.5,886,743,815,6178,0.5438919582565992,0.520870076425632,0.5321321321321322,0.8200090507374311,18.89365054186954,0.10735442855078746,19.72852752901576,18.070092189066898,88.6,74.3,862.2,0.0,4.5
tic-tac-toe,pairflip,0.2,relabel,committee consensus,2.0,2004.5,861,752,866,6143,0.5337879727216367,0.49855240301100173,0.5155688622754491,0.8094448706239199,18.70791470965418,0.1090645395213923,20.03011133127035,18.766067218170033,86.1,75.2,862.2,0.0,4.5
tic-tac-toe,pairflip,0.2,relabel,dual agreement,0.0,4.5,734,637,994,6257,0.5353756382202771,0.42476851851851855,0.47370119393352694,0.8191647603230023,15.901296669202827,0.0923991876994488,20.041967667958048,18.9167045298734,73.4,63.7,862.2,0.0,4.5
tic-tac-toe,pairflip,0.2,relabel,dual agreement,1.0,1004.5,755,622,946,6299,0.5482933914306464,0.4438565549676661,0.49057829759584143,0.8200090507374311,15.970794697179482,0.0898714058662043,19.72852752901576,18.18614179748517,75.5,62.2,862.2,0.0,4.5
tic-tac-toe,pairflip,0.2,relabel,dual agreement,2.0,2004.5,703,594,1024,6301,0.5420200462606014,0.4070642733063115,0.46494708994708994,0.8094448706239199,15.04292208961885,0.08614938361131255,20.03011133127035,18.76597312025982,70.3,59.4,862.2,0.0,4.5
tic-tac-toe,pairflip,0.2,relabel,none,0.0,4.5,0,0,1728,6894,,0.0,0.0,,0.0,0.0,20.041967667958048,20.041967667958044,0.0,0.0,862.2,0.0,4.5
tic-tac-toe,pairflip,0.2,relabel,none,1.0,1004.5,0,0,1701,6921,,0.0,0.0,,0.0,0.0,19.72852752901576,19.72852752901576,0.0,0.0,862.2,0.0,4.5
tic-tac-toe,pairflip,0.2,relabel,none,2.0,2004.5,0,0,1727,6895,,0.0,0.0,,0.0,0.0,20.03011133127035,20.03011133127035,0.0,0.0,862.2,0.0,4.5
tic-tac-toe,pairflip,0.4,relabel,DT hard_vote,0.0,4.5,1973,2236,1473,2940,0.46875742456640535,0.5725478816018572,0.5154800783801436,0.5702319635715553,48.81744467715008,0.4319938176197836,39.96763031888438,43.017921619129304,197.3,223.6,862.2,0.0,4.5
tic-tac-toe,pairflip,0.4,relabel,DT hard_vote,1.0,1004.5,1944,2264,1500,2914,0.4619771863117871,0.5644599303135889,0.5081024568740199,0.5639275110196861,48.80549424255214,0.4372344534569332,39.94419993923963,43.6558516801854,194.4,226.4,862.2,0.0,4.5
tic-tac-toe,pairflip,0.4,relabel,DT hard_vote,2.0,2004.5,1860,2280,1521,2961,0.4492753623188406,0.5501330967169477,0.4946150777822098,0.5572610825928327,48.01657736326901,0.4350314825414997,39.2135968791756,44.08485749543625,186.0,228.0,862.2,0.0,4.5
tic-tac-toe,pairflip,0.4,relabel,DT threshold,0.0,4.5,1973,2236,1473,2940,0.46875742456640535,0.5725478816018572,0.5154800783801436,0.5702319635715553,48.81744467715008,0.4319938176197836,39.96763031888438,43.017921619129304,197.3,223.6,862.2,0.0,4.5
tic-tac-toe,pairflip,0.4,relabel,DT threshold,1.0,1004.5,1944,2264,1500,2914,0.4619771863117871,0.5644599303135889,0.5081024568740199,0.5639275110196861,48.80549424255214,0.4372344534569332,39.94419993923963,43.6558516801854,194.4,226.4,862.2,0.0,4.5
tic-tac-toe,pairflip,0.4,relabel,DT threshold,2.0,2004.5,1860,2280,1521,2961,0.4492753623188406,0.5501330967169477,0.4946150777822098,0.5572610825928327,48.01657736326901,0.4350314825414997,39.2135968791756,44.08485749543625,186.0,228.0,862.2,0.0,4.5
tic-tac-toe,pairflip,0.4,relabel,NB hard_vote,0.0,4.5,2129,2006,1317,3170,0.5148730350665054,0.6178177597214162,0.5616673262102625,0.6627491810127093,47.95904321244889,0.3875579598145286,39.96763031888438,38.54118665530323,212.9,200.6,862.2,0.0,4.5
tic-tac-toe,pairflip,0.4,relabel,NB hard_vote,1.0,1004.5,2092,2074,1352,3104,0.5021603456553049,0.6074332171893148,0.549802890932983,0.6419424049738507,48.31799985482037,0.40054074932406336,39.94419993923963,39.735557987165045,209.2,207.4,862.2,0.0,4.5
tic-tac-toe,pairflip,0.4,relabel,NB hard_vote,2.0,2004.5,2011,1983,1370,3258,0.5035052578868302,0.5947944395149364,0.5453559322033898,0.6452945642624657,46.3237290732969,0.3783629078420149,39.2135968791756,38.8896849870817,201.1,198.3,862.2,0.0,4.5
tic-tac-toe,pairflip,0.4,relabel,NB threshold,0.0,4.5,1898,1836,1548,3340,0.5083020889126941,0.5507835171213,0.5286908077994429,0.6627491810127093,43.30795826354405,0.3547140649149923,39.96763031888438,39.248762612480604,189.8,183.6,862.2,0.0,4.5
tic-tac-toe,pairflip,0.4,relabel,NB threshold,1.0,1004.5,1930,1931,1514,3247,0.49987049987049986,0.5603948896631823,0.5284052019164955,0.6419424049738507,44.78018728172645,0.37292390884511395,39.94419993923963,39.955935292899916,193.0,193.1,862.2,0.0,4.5
tic-tac-toe,pairflip,0.4,relabel,NB threshold,2.0,2004.5,1724,1788,1657,3453,0.4908883826879271,0.5099083111505471,0.5002176120702162,0.6452945642624657,40.7337351762185,0.3411562678878077,39.2135968791756,39.95660742083005,172.4,178.8,862.2,0.0,4.5
tic-tac-toe,pairflip,0.4,relabel,committee consensus,0.0,4.5,1316,1015,2130,4161,0.5645645645645646,0.3818920487521764,0.45559979227972996,0.6451023558938922,27.035727632254616,0.19609737248840803,39.96763031888438,36.47657096461113,131.6,101.5,862.2,0.0,4.5
tic-tac-toe,pairflip,0.4,relabel,committee consensus,1.0,1004.5,1248,1004,2196,4174,0.5541740674955595,0.3623693379790941,0.43820224719101125,0.6301523066618369,26.119348412299406,0.19389725762842797,39.94419993923963,37.11432627240539,124.8,100.4,862.2,0.0,4.5
tic-tac-toe,pairflip,0.4,relabel,committee consensus,2.0,2004.5,1201,1009,2180,4232,0.5434389140271493,0.3552203490091689,0.42961903058486856,0.6248590221239951,25.63229762900151,0.19252051135279527,39.2135968791756,36.98734786384301,120.1,100.9,862.2,0.0,4.5
tic-tac-toe,pairflip,0.4,relabel,dual agreement,0.0,4.5,1172,935,2274,4241,0.5562411010915994,0.3401044689495067,0.4221141725193589,0.6451023558938922,24.437644003409034,0.18064142194744978,39.96763031888438,37.21896314856984,117.2,93.5,862.2,0.0,4.5
tic-tac-toe,pairflip,0.4,relabel,dual agreement,1.0,1004.5,1162,941,2282,4237,0.5525439847836424,0.33739837398373984,0.41896520641788354,0.6301523066618369,24.39105209529161,0.1817303978370027,39.94419993923963,37.381093847878624,116.2,94.1,862.2,0.0,4.5
tic-tac-toe,pairflip,0.4,relabel,dual agreement,2.0,2004.5,1044,919,2337,4322,0.5318390219052471,0.3087843833185448,0.3907185628742515,0.6248590221239951,22.767607735385923,0.17534821598931502,39.2135968791756,37.76432775108683,104.4,91.9,862.2,0.0,4.5
tic-tac-toe,pairflip,0.4,relabel,none,0.0,4.5,0,0,3446,5176,,0.0,0.0,,0.0,0.0,39.96763031888438,39.96763031888438,0.0,0.0,862.2,0.0,4.5
tic-tac-toe,pairflip,0.4,relabel,none,1.0,1004.5,0,0,3444,5178,,0.0,0.0,,0.0,0.0,39.94419993923963,39.944199939239645,0.0,0.0,862.2,0.0,4.5
tic-tac-toe,pairflip,0.4,relabel,none,2.0,2004.5,0,0,3381,5241,,0.0,0.0,,0.0,0.0,39.2135968791756,39.2135968791756,0.0,0.0,862.2,0.0,4.5
tic-tac-toe,symmetric,0.0,relabel,DT hard_vote,0.0,4.5,0,587,0,8035,0.0,,0.0,,6.8081182299914245,0.06808165158895847,0.0,6.8081182299914245,0.0,58.7,862.2,0.0,4.5
tic-tac-toe,symmetric,0.0,relabel,DT hard_vote,1.0,1004.5,0,600,0,8022,0.0,,0.0,,6.958849639605004,0.06958942240779402,0.0,6.958849639605004,0.0,60.0,862.2,0.0,4.5
tic-tac-toe,symmetric,0.0,relabel,DT hard_vote,2.0,2004.5,0,540,0,8082,0.0,,0.0,,6.2629687084120835,0.06263048016701461,0.0,6.262968708412084,0.0,54.0,862.2,0.0,4.5
tic-tac-toe,symmetric,0.0,relabel,DT threshold,0.0,4.5,0,587,0,8035,0.0,,0.0,,6.8081182299914245,0.06808165158895847,0.0,6.8081182299914245,0.0,58.7,862.2,0.0,4.5
tic-tac-toe,symmetric,0.0,relabel,DT threshold,1.0,1004.5,0,600,0,8022,0.0,,0.0,,6.958849639605004,0.06958942240779402,0.0,6.958849639605004,0.0,60.0,862.2,0.0,4.5
tic-tac-toe,symmetric,0.0,relabel,DT threshold,2.0,2004.5,0,540,0,8082,0.0,,0.0,,6.2629687084120835,0.06263048016701461,0.0,6.262968708412084,0.0,54.0,862.2,0.0,4.5
tic-tac-toe,symmetric,0.0,relabel,NB hard_vote,0.0,4.5,0,2684,0,5938,0.0,,0.0,,31.1297663952166,0.31129668290419854,0.0,31.1297663952166,0.0,268.4,862.2,0.0,4.5
tic-tac-toe,symmetric,0.0,relabel,NB hard_vote,1.0,1004.5,0,2686,0,5936,0.0,,0.0,,31.152914481130683,0.3115286476455579,0.0,31.152914481130683,0.0,268.6,862.2,0.0,4.5
tic-tac-toe,symmetric,0.0,relabel,NB hard_vote,2.0,2004.5,0,2699,0,5923,0.0,,0.0,,31.30378031633029,0.3130364184643934,0.0,31.30378031633029,0.0,269.9,862.2,0.0,4.5
tic-tac-toe,symmetric,0.0,relabel,NB threshold,0.0,4.5,0,1966,0,6656,0.0,,0.0,,22.80204757052638,0.22802134075620506,0.0,22.80204757052638,0.0,196.6,862.2,0.0,4.5
tic-tac-toe,symmetric,0.0,relabel,NB threshold,1.0,1004.5,0,1992,0,6630,0.0,,0.0,,23.103738913249792,0.23103688239387613,0.0,23.103738913249792,0.0,199.2,862.2,0.0,4.5
tic-tac-toe,symmetric,0.0,relabel,NB threshold,2.0,2004.5,0,1999,0,6623,0.0,,0.0,,23.185052950238337,0.23184875898863372,0.0,23.185052950238337,0.0,199.9,862.2,0.0,4.5
tic-tac-toe,symmetric,0.0,relabel,committee consensus,0.0,4.5,0,317,0,8305,0.0,,0.0,,3.6765935481095733,0.03676641150545117,0.0,3.6765935481095733,0.0,31.7,862.2,0.0,4.5
tic-tac-toe,symmetric,0.0,relabel,committee consensus,1.0,1004.5,0,335,0,8287,0.0,,0.0,,3.8852489427427654,0.03885409417768499,0.0,3.8852489427427654,0.0,33.5,862.2,0.0,4.5
tic-tac-toe,symmetric,0.0,relabel,committee consensus,2.0,2004.5,0,316,0,8306,0.0,,0.0,,3.665019505152533,0.03665042913477151,0.0,3.665019505152533,0.0,31.6,862.2,0.0,4.5
tic-tac-toe,symmetric,0.0,relabel,dual agreement,0.0,4.5,0,263,0,8359,0.0,,0.0,,3.0502778576863205,0.03050336348874971,0.0,3.0502778576863205,0.0,26.3,862.2,0.0,4.5
tic-tac-toe,symmetric,0.0,relabel,dual agreement,1.0,1004.5,0,261,0,8361,0.0,,0.0,,3.027062558979226,0.030271398747390398,0.0,3.027062558979226,0.0,26.1,862.2,0.0,4.5
tic-tac-toe,symmetric,0.0,relabel,dual agreement,2.0,2004.5,0,256,0,8366,0.0,,0.0,,2.969152016518216,0.029691486893992113,0.0,2.969152016518216,0.0,25.6,862.2,0.0,4.5
tic-tac-toe,symmetric,0.0,relabel,none,0.0,4.5,0,0,0,8622,,,,,0.0,0.0,0.0,0.0,0.0,0.0,862.2,0.0,4.5
tic-tac-toe,symmetric,0.0,relabel,none,1.0,1004.5,0,0,0,8622,,,,,0.0,0.0,0.0,0.0,0.0,0.0,862.2,0.0,4.5
tic-tac-toe,symmetric,0.0,relabel,none,2.0,2004.5,0,0,0,8622,,,,,0.0,0.0,0.0,0.0,0.0,0.0,862.2,0.0,4.5
tic-tac-toe,symmetric,0.1,relabel,DT hard_vote,0.0,4.5,685,1367,139,6431,0.3338206627680312,0.8313106796116505,0.476356050069541,0.8301402492204895,23.79970049979433,0.1753013593229033,9.557040808919407,17.467126222936766,68.5,136.7,862.2,0.0,4.5
tic-tac-toe,symmetric,0.1,relabel,DT hard_vote,1.0,1004.5,698,1359,132,6433,0.33932912007778315,0.8409638554216867,0.48354693453411846,0.8335997531500459,23.857409403876296,0.17440965092402463,9.626444738985839,17.292803122975215,69.8,135.9,862.2,0.0,4.5
tic-tac-toe,symmetric,0.1,relabel,DT hard_vote,2.0,2004.5,671,1340,183,6428,0.3336648433615117,0.7857142857142857,0.46841186736474694,0.8064024144804142,23.324049006191643,0.1725025746652935,9.904813242533331,17.664073149026894,67.1,134.0,862.2,0.0,4.5
tic-tac-toe,symmetric,0.1,relabel,DT threshold,0.0,4.5,685,1367,139,6431,0.3338206627680312,0.8313106796116505,0.476356050069541,0.8301402492204895,23.79970049979433,0.1753013593229033,9.557040808919407,17.467126222936766,68.5,136.7,862.2,0.0,4.5
tic-tac-toe,symmetric,0.1,relabel,DT threshold,1.0,1004.5,698,1359,132,6433,0.33932912007778315,0.8409638554216867,0.48354693453411846,0.8335997531500459,23.857409403876296,0.17440965092402463,9.626444738985839,17.292803122975215,69.8,135.9,862.2,0.0,4.5
tic-tac-toe,symmetric,0.1,relabel,DT threshold,2.0,2004.5,671,1340,183,6428,0.3336648433615117,0.7857142857142857,0.46841186736474694,0.8064024144804142,23.324049006191643,0.1725025746652935,9.904813242533331,17.664073149026894,67.1,134.0,862.2,0.0,4.5
tic-tac-toe,symmetric,0.1,relabel,NB hard_vote,0.0,4.5,574,2475,250,5323,0.1882584453919318,0.6966019417475728,0.29641105086496256,0.7821735127284832,35.36278777157329,0.31738907412156964,9.557040808919407,31.604947399268184,57.4,247.5,862.2,0.0,4.5
tic-tac-toe,symmetric,0.1,relabel,NB hard_vote,1.0,1004.5,577,2423,253,5369,0.19233333333333333,0.6951807228915663,0.3013054830287206,0.7911409272538766,34.79446327896266,0.3109599589322382,9.626444738985839,31.03674388968499,57.7,242.3,862.2,0.0,4.5
tic-tac-toe,symmetric,0.1,relabel,NB hard_vote,2.0,2004.5,560,2405,294,5363,0.18887015177065766,0.6557377049180327,0.2932704896569783,0.7703279064393942,34.38880718800493,0.30960350154479915,9.904813242533331,31.303807201447494,56.0,240.5,862.2,0.0,4.5
tic-tac-toe,symmetric,0.1,relabel,NB threshold,0.0,4.5,474,1909,350,5889,0.1989089383130508,0.5752427184466019,0.29560336763330214,0.7821735127284832,27.63839786209548,0.2448063606052834,9.557040808919407,26.200124746943835,47.4,190.9,862.2,0.0,4.5
tic-tac-toe,symmetric,0.1,relabel,NB threshold,1.0,1004.5,478,1858,352,5934,0.2046232876712329,0.5759036144578313,0.30195830701200255,0.7911409272538766,27.093234897957537,0.23844969199178645,9.626444738985839,25.631907794802032,47.8,185.8,862.2,0.0,4.5
tic-tac-toe,symmetric,0.1,relabel,NB threshold,2.0,2004.5,448,1848,406,5920,0.1951219512195122,0.5245901639344263,0.28444444444444444,0.7703279064393942,26.629748919890414,0.23789907312049433,9.904813242533331,26.142792234502746,44.8,184.8,862.2,0.0,4.5
tic-tac-toe,symmetric,0.1,relabel,committee consensus,0.0,4.5,489,584,335,7214,0.45573159366262816,0.5934466019417476,0.5155508697944122,0.8999112683660094,12.445013214035106,0.07489099769171582,9.557040808919407,10.658900452476523,48.9,58.4,862.2,0.0,4.5
tic-tac-toe,symmetric,0.1,relabel,committee consensus,1.0,1004.5,496,551,334,7241,0.47373447946513847,0.5975903614457831,0.5285029302077784,0.9050456544861051,12.143308428753096,0.0707135523613963,9.626444738985839,10.264428570276351,49.6,55.1,862.2,0.0,4.5
tic-tac-toe,symmetric,0.1,relabel,committee consensus,2.0,2004.5,452,587,402,7181,0.43503368623676614,0.5292740046838408,0.4775488642366614,0.8793529596800462,12.050514446717731,0.0755664263645726,9.904813242533331,11.47064279626727,45.2,58.7,862.2,0.0,4.5
tic-tac-toe,symmetric,0.1,relabel,dual agreement,0.0,4.5,405,457,419,7341,0.46983758700696054,0.49150485436893204,0.4804270462633452,0.8999112683660094,9.997822305506341,0.058604770453962556,9.557040808919407,10.160100872959756,40.5,45.7,862.2,0.0,4.5
tic-tac-toe,symmetric,0.1,relabel,dual agreement,1.0,1004.5,411,436,419,7356,0.4852420306965762,0.4951807228915663,0.49016100178890876,0.9050456544861051,9.823552975779197,0.05595482546201232,9.626444738985839,9.91634695781456,41.1,43.6,862.2,0.0,4.5
tic-tac-toe,symmetric,0.1,relabel,dual agreement,2.0,2004.5,366,464,488,7304,0.44096385542168676,0.42857142857142855,0.4346793349168646,0.8793529596800462,9.626498509220252,0.05973223480947477,9.904813242533331,11.041556325664802,36.6,46.4,862.2,0.0,4.5
tic-tac-toe,symmetric,0.1,relabel,none,0.0,4.5,0,0,824,7798,,0.0,0.0,,0.0,0.0,9.557040808919407,9.557040808919407,0.0,0.0,862.2,0.0,4.5
tic-tac-toe,symmetric,0.1,relabel,none,1.0,1004.5,0,0,830,7792,,0.0,0.0,,0.0,0.0,9.626444738985839,9.626444738985839,0.0,0.0,862.2,0.0,4.5
tic-tac-toe,symmetric,0.1,relabel,none,2.0,2004.5,0,0,854,7768,,0.0,0.0,,0.0,0.0,9.904813242533331,9.904813242533331,0.0,0.0,862.2,0.0,4.5
tic-tac-toe,symmetric,0.2,relabel,DT hard_vote,0.0,4.5,1257,1896,471,4998,0.39866793529971456,0.7274305555555556,0.5150583896742471,0.7258849687323102,36.56921707850185,0.2750217580504787,20.041967667958048,27.452715800114532,125.7,189.6,862.2,0.0,4.5
tic-tac-toe,symmetric,0.2,relabel,DT hard_vote,1.0,1004.5,1225,1942,476,4979,0.38680138932743924,0.720164609053498,0.5032867707477403,0.7198451937533712,36.73154941618968,0.2805952896980205,19.72852752901576,28.044416902135488,122.5,194.2,862.2,0.0,4.5
tic-tac-toe,symmetric,0.2,relabel,DT hard_vote,2.0,2004.5,1213,1930,514,4965,0.3859370028635062,0.7023740590619572,0.49815195071868584,0.7113597711989665,36.453463206372845,0.27991298042059465,20.03011133127035,28.346282998120735,121.3,193.0,862.2,0.0,4.5
tic-tac-toe,symmetric,0.2,relabel,DT threshold,0.0,4.5,1257,1896,471,4998,0.39866793529971456,0.7274305555555556,0.5150583896742471,0.7258849687323102,36.56921707850185,0.2750217580504787,20.041967667958048,27.452715800114532,125.7,189.6,862.2,0.0,4.5
tic-tac-toe,symmetric,0.2,relabel,DT threshold,1.0,1004.5,1225,1942,476,4979,0.38680138932743924,0.720164609053498,0.5032867707477403,0.7198451937533712,36.73154941618968,0.2805952896980205,19.72852752901576,28.044416902135488,122.5,194.2,862.2,0.0,4.5
tic-tac-toe,symmetric,0.2,relabel,DT threshold,2.0,2004.5,1213,1930,514,4965,0.3859370028635062,0.7023740590619572,0.49815195071868584,0.7113597711989665,36.453463206372845,0.27991298042059465,20.03011133127035,28.346282998120735,121.3,193.0,862.2,0.0,4.5
tic-tac-toe,symmetric,0.2,relabel,NB hard_vote,0.0,4.5,1167,2206,561,4688,0.34598280462496295,0.6753472222222222,0.45755734169770634,0.7620683701488744,39.121112075988094,0.31998839570641135,20.041967667958048,32.09229391885533,116.7,220.6,862.2,0.0,4.5
tic-tac-toe,symmetric,0.2,relabel,NB hard_vote,1.0,1004.5,1179,2245,522,4676,0.3443341121495327,0.6931216931216931,0.4600975609756098,0.772778068993849,39.711939411699866,0.3243750903048692,19.72852752901576,32.092038510241885,117.9,224.5,862.2,0.0,4.5
tic-tac-toe,symmetric,0.2,relabel,NB hard_vote,2.0,2004.5,1162,2166,565,4729,0.34915865384615385,0.6728430804863926,0.4597428288822948,0.7605801997106255,38.598935887061,0.314140681653372,20.03011133127035,31.674754606092698,116.2,216.6,862.2,0.0,4.5
tic-tac-toe,symmetric,0.2,relabel,NB threshold,0.0,4.5,961,1760,767,5134,0.3531789783167953,0.5561342592592593,0.43200719262755677,0.7620683701488744,31.55905450419811,0.25529445894981145,20.041967667958048,29.308877734552482,96.1,176.0,862.2,0.0,4.5
tic-tac-toe,symmetric,0.2,relabel,NB threshold,1.0,1004.5,1001,1803,700,5118,0.3569900142653352,0.588477366255144,0.4443951165371809,0.772778068993849,32.520815801996484,0.26051148677936714,19.72852752901576,29.029984971219484,100.1,180.3,862.2,0.0,4.5
tic-tac-toe,symmetric,0.2,relabel,NB threshold,2.0,2004.5,948,1720,779,5175,0.3553223388305847,0.5489287782281412,0.43139931740614335,0.7605801997106255,30.944111218352862,0.24945612762871647,20.03011133127035,28.98372912706713,94.8,172.0,862.2,0.0,4.5
tic-tac-toe,symmetric,0.2,relabel,committee consensus,0.0,4.5,886,771,842,6123,0.5347012673506337,0.5127314814814815,0.5234859675036928,0.8191647603230023,19.218422757714013,0.11183637946040034,20.041967667958048,18.707739956392338,88.6,77.1,862.2,0.0,4.5
tic-tac-toe,symmetric,0.2,relabel,committee consensus,1.0,1004.5,886,743,815,6178,0.5438919582565992,0.520870076425632,0.5321321321321322,0.8200090507374311,18.89365054186954,0.10735442855078746,19.72852752901576,18.070092189066898,88.6,74.3,862.2,0.0,4.5
tic-tac-toe,symmetric,0.2,relabel,committee consensus,2.0,2004.5,861,752,866,6143,0.5337879727216367,0.49855240301100173,0.5155688622754491,0.8094448706239199,18.70791470965418,0.1090645395213923,20.03011133127035,18.766067218170033,86.1,75.2,862.2,0.0,4.5
tic-tac-toe,symmetric,0.2,relabel,dual agreement,0.0,4.5,734,637,994,6257,0.5353756382202771,0.42476851851851855,0.47370119393352694,0.8191647603230023,15.901296669202827,0.0923991876994488,20.041967667958048,18.9167045298734,73.4,63.7,862.2,0.0,4.5
tic-tac-toe,symmetric,0.2,relabel,dual agreement,1.0,1004.5,755,622,946,6299,0.5482933914306464,0.4438565549676661,0.49057829759584143,0.8200090507374311,15.970794697179482,0.0898714058662043,19.72852752901576,18.18614179748517,75.5,62.2,862.2,0.0,4.5
tic-tac-toe,symmetric,0.2,relabel,dual agreement,2.0,2004.5,703,594,1024,6301,0.5420200462606014,0.4070642733063115,0.46494708994708994,0.8094448706239199,15.04292208961885,0.08614938361131255,20.03011133127035,18.76597312025982,70.3,59.4,862.2,0.0,4.5
tic-tac-toe,symmetric,0.2,relabel,none,0.0,4.5,0,0,1728,6894,,0.0,0.0,,0.0,0.0,20.041967667958048,20.041967667958044,0.0,0.0,862.2,0.0,4.5
tic-tac-toe,symmetric,0.2,relabel,none,1.0,1004.5,0,0,1701,6921,,0.0,0.0,,0.0,0.0,19.72852752901576,19.72852752901576,0.0,0.0,862.2,0.0,4.5
tic-tac-toe,symmetric,0.2,relabel,none,2.0,2004.5,0,0,1727,6895,,0.0,0.0,,0.0,0.0,20.03011133127035,20.03011133127035,0.0,0.0,862.2,0.0,4.5
tic-tac-toe,symmetric,0.4,relabel,DT hard_vote,0.0,4.5,1973,2236,1473,2940,0.46875742456640535,0.5725478816018572,0.5154800783801436,0.5702319635715553,48.81744467715008,0.4319938176197836,39.96763031888438,43.017921619129304,197.3,223.6,862.2,0.0,4.5
tic-tac-toe,symmetric,0.4,relabel,DT hard_vote,1.0,1004.5,1944,2264,1500,2914,0.4619771863117871,0.5644599303135889,0.5081024568740199,0.5639275110196861,48.80549424255214,0.4372344534569332,39.94419993923963,43.6558516801854,194.4,226.4,862.2,0.0,4.5
tic-tac-toe,symmetric,0.4,relabel,DT hard_vote,2.0,2004.5,1860,2280,1521,2961,0.4492753623188406,0.5501330967169477,0.4946150777822098,0.5572610825928327,48.01657736326901,0.4350314825414997,39.2135968791756,44.08485749543625,186.0,228.0,862.2,0.0,4.5
tic-tac-toe,symmetric,0.4,relabel,DT threshold,0.0,4.5,1973,2236,1473,2940,0.46875742456640535,0.5725478816018572,0.5154800783801436,0.5702319635715553,48.81744467715008,0.4319938176197836,39.96763031888438,43.017921619129304,197.3,223.6,862.2,0.0,4.5
tic-tac-toe,symmetric,0.4,relabel,DT threshold,1.0,1004.5,1944,2264,1500,2914,0.4619771863117871,0.5644599303135889,0.5081024568740199,0.5639275110196861,48.80549424255214,0.4372344534569332,39.94419993923963,43.6558516801854,194.4,226.4,862.2,0.0,4.5
tic-tac-toe,symmetric,0.4,relabel,DT threshold,2.0,2004.5,1860,2280,1521,2961,0.4492753623188406,0.5501330967169477,0.4946150777822098,0.5572610825928327,48.01657736326901,0.4350314825414997,39.2135968791756,44.08485749543625,186.0,228.0,862.2,0.0,4.5
tic-tac-toe,symmetric,0.4,relabel,NB hard_vote,0.0,4.5,2129,2006,1317,3170,0.5148730350665054,0.6178177597214162,0.5616673262102625,0.6627491810127093,47.95904321244889,0.3875579598145286,39.96763031888438,38.54118665530323,212.9,200.6,862.2,0.0,4.5
tic-tac-toe,symmetric,0.4,relabel,NB hard_vote,1.0,1004.5,2092,2074,1352,3104,0.5021603456553049,0.6074332171893148,0.549802890932983,0.6419424049738507,48.31799985482037,0.40054074932406336,39.94419993923963,39.735557987165045,209.2,207.4,862.2,0.0,4.5
tic-tac-toe,symmetric,0.4,relabel,NB hard_vote,2.0,2004.5,2011,1983,1370,3258,0.5035052578868302,0.5947944395149364,0.5453559322033898,0.6452945642624657,46.3237290732969,0.3783629078420149,39.2135968791756,38.8896849870817,201.1,198.3,862.2,0.0,4.5
tic-tac-toe,symmetric,0.4,relabel,NB threshold,0.0,4.5,1898,1836,1548,3340,0.5083020889126941,0.5507835171213,0.5286908077994429,0.6627491810127093,43.30795826354405,0.3547140649149923,39.96763031888438,39.248762612480604,189.8,183.6,862.2,0.0,4.5
tic-tac-toe,symmetric,0.4,relabel,NB threshold,1.0,1004.5,1930,1931,1514,3247,0.49987049987049986,0.5603948896631823,0.5284052019164955,0.6419424049738507,44.78018728172645,0.37292390884511395,39.94419993923963,39.955935292899916,193.0,193.1,862.2,0.0,4.5
tic-tac-toe,symmetric,0.4,relabel,NB threshold,2.0,2004.5,1724,1788,1657,3453,0.4908883826879271,0.5099083111505471,0.5002176120702162,0.6452945642624657,40.7337351762185,0.3411562678878077,39.2135968791756,39.95660742083005,172.4,178.8,862.2,0.0,4.5
tic-tac-toe,symmetric,0.4,relabel,committee consensus,0.0,4.5,1316,1015,2130,4161,0.5645645645645646,0.3818920487521764,0.45559979227972996,0.6451023558938922,27.035727632254616,0.19609737248840803,39.96763031888438,36.47657096461113,131.6,101.5,862.2,0.0,4.5
tic-tac-toe,symmetric,0.4,relabel,committee consensus,1.0,1004.5,1248,1004,2196,4174,0.5541740674955595,0.3623693379790941,0.43820224719101125,0.6301523066618369,26.119348412299406,0.19389725762842797,39.94419993923963,37.11432627240539,124.8,100.4,862.2,0.0,4.5
tic-tac-toe,symmetric,0.4,relabel,committee consensus,2.0,2004.5,1201,1009,2180,4232,0.5434389140271493,0.3552203490091689,0.42961903058486856,0.6248590221239951,25.63229762900151,0.19252051135279527,39.2135968791756,36.98734786384301,120.1,100.9,862.2,0.0,4.5
tic-tac-toe,symmetric,0.4,relabel,dual agreement,0.0,4.5,1172,935,2274,4241,0.5562411010915994,0.3401044689495067,0.4221141725193589,0.6451023558938922,24.437644003409034,0.18064142194744978,39.96763031888438,37.21896314856984,117.2,93.5,862.2,0.0,4.5
tic-tac-toe,symmetric,0.4,relabel,dual agreement,1.0,1004.5,1162,941,2282,4237,0.5525439847836424,0.33739837398373984,0.41896520641788354,0.6301523066618369,24.39105209529161,0.1817303978370027,39.94419993923963,37.381093847878624,116.2,94.1,862.2,0.0,4.5
tic-tac-toe,symmetric,0.4,relabel,dual agreement,2.0,2004.5,1044,919,2337,4322,0.5318390219052471,0.3087843833185448,0.3907185628742515,0.6248590221239951,22.767607735385923,0.17534821598931502,39.2135968791756,37.76432775108683,104.4,91.9,862.2,0.0,4.5
tic-tac-toe,symmetric,0.4,relabel,none,0.0,4.5,0,0,3446,5176,,0.0,0.0,,0.0,0.0,39.96763031888438,39.96763031888438,0.0,0.0,862.2,0.0,4.5
tic-tac-toe,symmetric,0.4,relabel,none,1.0,1004.5,0,0,3444,5178,,0.0,0.0,,0.0,0.0,39.94419993923963,39.944199939239645,0.0,0.0,862.2,0.0,4.5
tic-tac-toe,symmetric,0.4,relabel,none,2.0,2004.5,0,0,3381,5241,,0.0,0.0,,0.0,0.0,39.2135968791756,39.2135968791756,0.0,0.0,862.2,0.0,4.5
vote,pairflip,0.0,relabel,DT hard_vote,0.0,4.5,0,226,0,3689,0.0,,0.0,,5.77300485411556,0.05772669220945083,0.0,5.77300485411556,0.0,22.6,391.5,0.0,4.5
vote,pairflip,0.0,relabel,DT hard_vote,1.0,1004.5,0,240,0,3675,0.0,,0.0,,6.129886737303616,0.06130268199233716,0.0,6.129886737303616,0.0,24.0,391.5,0.0,4.5
vote,pairflip,0.0,relabel,DT hard_vote,2.0,2004.5,0,234,0,3681,0.0,,0.0,,5.977412704212119,0.059770114942528735,0.0,5.977412704212119,0.0,23.4,391.5,0.0,4.5
vote,pairflip,0.0,relabel,DT threshold,0.0,4.5,0,226,0,3689,0.0,,0.0,,5.77300485411556,0.05772669220945083,0.0,5.77300485411556,0.0,22.6,391.5,0.0,4.5
vote,pairflip,0.0,relabel,DT threshold,1.0,1004.5,0,240,0,3675,0.0,,0.0,,6.129886737303616,0.06130268199233716,0.0,6.129886737303616,0.0,24.0,391.5,0.0,4.5
vote,pairflip,0.0,relabel,DT threshold,2.0,2004.5,0,234,0,3681,0.0,,0.0,,5.977412704212119,0.059770114942528735,0.0,5.977412704212119,0.0,23.4,391.5,0.0,4.5
vote,pairflip,0.0,relabel,NB hard_vote,0.0,4.5,0,387,0,3528,0.0,,0.0,,9.884845242444804,0.09885057471264368,0.0,9.884845242444804,0.0,38.7,391.5,0.0,4.5
vote,pairflip,0.0,relabel,NB hard_vote,1.0,1004.5,0,384,0,3531,0.0,,0.0,,9.808510360666006,0.09808429118773947,0.0,9.808510360666006,0.0,38.4,391.5,0.0,4.5
vote,pairflip,0.0,relabel,NB hard_vote,2.0,2004.5,0,389,0,3526,0.0,,0.0,,9.936583328983769,0.09936143039591315,0.0,9.936583328983769,0.0,38.9,391.5,0.0,4.5
vote,pairflip,0.0,relabel,NB threshold,0.0,4.5,0,344,0,3571,0.0,,0.0,,8.786732084138004,0.08786717752234993,0.0,8.786732084138004,0.0,34.4,391.5,0.0,4.5
vote,pairflip,0.0,relabel,NB threshold,1.0,1004.5,0,347,0,3568,0.0,,0.0,,8.8636541573151,0.08863346104725416,0.0,8.8636541573151,0.0,34.7,391.5,0.0,4.5
vote,pairflip,0.0,relabel,NB threshold,2.0,2004.5,0,340,0,3575,0.0,,0.0,,8.685017485254972,0.08684546615581099,0.0,8.685017485254972,0.0,34.0,391.5,0.0,4.5
vote,pairflip,0.0,relabel,committee consensus,0.0,4.5,0,133,0,3782,0.0,,0.0,,3.3975546740435307,0.03397190293742018,0.0,3.3975546740435307,0.0,13.3,391.5,0.0,4.5
vote,pairflip,0.0,relabel,committee consensus,1.0,1004.5,0,135,0,3780,0.0,,0.0,,3.448444595229396,0.034482758620689655,0.0,3.448444595229396,0.0,13.5,391.5,0.0,4.5
vote,pairflip,0.0,relabel,committee consensus,2.0,2004.5,0,135,0,3780,0.0,,0.0,,3.4485750822067955,0.034482758620689655,0.0,3.4485750822067955,0.0,13.5,391.5,0.0,4.5
vote,pairflip,0.0,relabel,dual agreement,0.0,4.5,0,123,0,3792,0.0,,0.0,,3.1421264157837046,0.031417624521072794,0.0,3.1421264157837046,0.0,12.3,391.5,0.0,4.5
vote,pairflip,0.0,relabel,dual agreement,1.0,1004.5,0,125,0,3790,0.0,,0.0,,3.19301633696957,0.031928480204342274,0.0,3.19301633696957,0.0,12.5,391.5,0.0,4.5
vote,pairflip,0.0,relabel,dual agreement,2.0,2004.5,0,122,0,3793,0.0,,0.0,,3.1166162117020724,0.031162196679438058,0.0,3.1166162117020724,0.0,12.2,391.5,0.0,4.5
vote,pairflip,0.0,relabel,none,0.0,4.5,0,0,0,3915,,,,,0.0,0.0,0.0,0.0,0.0,0.0,391.5,0.0,4.5
vote,pairflip,0.0,relabel,none,1.0,1004.5,0,0,0,3915,,,,,0.0,0.0,0.0,0.0,0.0,0.0,391.5,0.0,4.5
vote,pairflip,0.0,relabel,none,2.0,2004.5,0,0,0,3915,,,,,0.0,0.0,0.0,0.0,0.0,0.0,391.5,0.0,4.5
vote,pairflip,0.1,relabel,DT hard_vote,0.0,4.5,324,517,54,3020,0.38525564803804996,0.8571428571428571,0.5315832649712879,0.8548364708564925,21.480113784644296,0.14616906983319197,9.654861944777911,14.5837465420951,32.4,51.7,391.5,0.0,4.5
vote,pairflip,0.1,relabel,DT hard_vote,1.0,1004.5,340,545,55,2975,0.384180790960452,0.8607594936708861,0.53125,0.8502332460053525,22.605172503784125,0.15482954545454544,10.089253092541364,15.325434521634742,34.0,54.5,391.5,0.0,4.5
vote,pairflip,0.1,relabel,DT hard_vote,2.0,2004.5,315,494,54,3052,0.38936959208899874,0.8536585365853658,0.534804753820034,0.8615134787538894,20.664243958452946,0.13931190073322053,9.424813403622318,13.997925257059345,31.5,49.4,391.5,0.0,4.5
vote,pairflip,0.1,relabel,DT threshold,0.0,4.5,309,487,69,3050,0.38819095477386933,0.8174603174603174,0.5264054514480409,0.8548364708564925,20.33019729630983,0.13768730562623693,9.654861944777911,14.200049585051412,30.9,48.7,391.5,0.0,4.5
vote,pairflip,0.1,relabel,DT threshold,1.0,1004.5,326,507,69,3013,0.39135654261704683,0.8253164556962025,0.5309446254071661,0.8502332460053525,21.277467508742625,0.14403409090909092,10.089253092541364,14.713059136698158,32.6,50.7,391.5,0.0,4.5
vote,pairflip,0.1,relabel,DT threshold,2.0,2004.5,299,453,70,3093,0.3976063829787234,0.8102981029810298,0.5334522747546833,0.8615134787538894,19.20872696904849,0.12774957698815567,9.424813403622318,13.359648207108929,29.9,45.3,391.5,0.0,4.5
vote,pairflip,0.1,relabel,NB hard_vote,0.0,4.5,344,377,34,3160,0.47711511789181693,0.91005291005291,0.6260236578707916,0.9652352944193231,18.415431389947287,0.10658750353406841,9.654861944777911,10.497742575290985,34.4,37.7,391.5,0.0,4.5
vote,pairflip,0.1,relabel,NB hard_vote,1.0,1004.5,358,374,37,3146,0.4890710382513661,0.9063291139240506,0.6353149955634427,0.9668786386361543,18.697609478574037,0.10625,10.089253092541364,10.498199279711883,35.8,37.4,391.5,0.0,4.5
vote,pairflip,0.1,relabel,NB hard_vote,2.0,2004.5,334,380,35,3166,0.4677871148459384,0.9051490514905149,0.6168051708217913,0.9632999427238111,18.237251422308056,0.10716300056401579,9.424813403622318,10.600892530925412,33.4,38.0,391.5,0.0,4.5
vote,pairflip,0.1,relabel,NB threshold,0.0,4.5,339,337,39,3200,0.5014792899408284,0.8968253968253969,0.6432637571157496,0.9652352944193231,17.26590636254502,0.0952784845914617,9.654861944777911,9.603711049637246,33.9,33.7,391.5,0.0,4.5
vote,pairflip,0.1,relabel,NB threshold,1.0,1004.5,354,332,41,3188,0.5160349854227405,0.8962025316455696,0.6549491211840888,0.9668786386361543,17.522639490578843,0.09431818181818181,10.089253092541364,9.527571898324547,35.4,33.2,391.5,0.0,4.5
vote,pairflip,0.1,relabel,NB threshold,2.0,2004.5,328,340,41,3206,0.49101796407185627,0.8888888888888888,0.6325940212150434,0.9632999427238111,17.062216190824156,0.09588268471517203,9.424813403622318,9.732501696330706,32.8,34.0,391.5,0.0,4.5
vote,pairflip,0.1,relabel,committee consensus,0.0,4.5,303,123,75,3414,0.7112676056338029,0.8015873015873016,0.753731343283582,0.9613426903598021,10.880787097447675,0.03477523324851569,9.654861944777911,5.057283783078448,30.3,12.3,391.5,0.0,4.5
vote,pairflip,0.1,relabel,committee consensus,1.0,1004.5,314,139,81,3381,0.6931567328918322,0.7949367088607595,0.7405660377358491,0.9596113752365097,11.570867477425754,0.039488636363636365,10.089253092541364,5.619486925204864,31.4,13.9,391.5,0.0,4.5
vote,pairflip,0.1,relabel,committee consensus,2.0,2004.5,294,135,75,3411,0.6853146853146853,0.7967479674796748,0.7368421052631579,0.9601203758561621,10.957643927136072,0.03807106598984772,9.424813403622318,5.364319640899838,29.4,13.5,391.5,0.0,4.5
vote,pairflip,0.1,relabel,dual agreement,0.0,4.5,283,110,95,3427,0.7201017811704835,0.7486772486772487,0.7341115434500648,0.9613426903598021,10.037710736468501,0.031099802092168505,9.654861944777911,5.235920455138578,28.3,11.0,391.5,0.0,4.5
vote,pairflip,0.1,relabel,dual agreement,1.0,1004.5,297,126,98,3394,0.7021276595744681,0.7518987341772152,0.726161369193154,0.9596113752365097,10.804452215668878,0.03579545454545455,10.089253092541364,5.721723471997494,29.7,12.6,391.5,0.0,4.5
vote,pairflip,0.1,relabel,dual agreement,2.0,2004.5,273,123,96,3423,0.6893939393939394,0.7398373983739838,0.7137254901960784,0.9601203758561621,10.114763296622996,0.03468697123519458,9.424813403622318,5.594172451589332,27.3,12.3,391.5,0.0,4.5
vote,pairflip,0.1,relabel,none,0.0,4.5,0,0,378,3537,,0.0,0.0,,0.0,0.0,9.654861944777911,9.654861944777911,0.0,0.0,391.5,0.0,4.5
vote,pairflip,0.1,relabel,none,1.0,1004.5,0,0,395,3520,,0.0,0.0,,0.0,0.0,10.089253092541364,10.089253092541364,0.0,0.0,391.5,0.0,4.5
vote,pairflip,0.1,relabel,none,2.0,2004.5,0,0,369,3546,,0.0,0.0,,0.0,0.0,9.424813403622318,9.424813403622318,0.0,0.0,391.5,0.0,4.5
vote,pairflip,0.2,relabel,DT hard_vote,0.0,4.5,600,712,168,2435,0.4573170731707317,0.78125,0.5769230769230769,0.771683374418008,33.50970823111853,0.22624721957419766,19.616368286445013,22.476642831045464,60.0,71.2,391.5,0.0,4.5
vote,pairflip,0.2,relabel,DT hard_vote,1.0,1004.5,606,758,207,2344,0.4442815249266862,0.7453874538745388,0.5567294441892513,0.7567624073760805,34.83904431337753,0.2443584784010316,20.765828070358577,24.64853332637403,60.6,75.8,391.5,0.0,4.5
vote,pairflip,0.2,relabel,DT hard_vote,2.0,2004.5,555,725,187,2448,0.43359375,0.7479784366576819,0.5489614243323442,0.7645130084180392,32.694229865859384,0.2284903876457611,18.952581032412965,23.295383370739604,55.5,72.5,391.5,0.0,4.5
vote,pairflip,0.2,relabel,DT threshold,0.0,4.5,585,656,183,2491,0.47139403706688154,0.76171875,0.5823792931806869,0.771683374418008,31.695743514797226,0.2084524944391484,19.616368286445013,21.429158619969726,58.5,65.6,391.5,0.0,4.5
vote,pairflip,0.2,relabel,DT threshold,1.0,1004.5,574,687,239,2415,0.45519429024583663,0.7060270602706027,0.553519768563163,0.7567624073760805,32.20829636202307,0.22147001934235977,20.765828070358577,23.652526227882458,57.4,68.7,391.5,0.0,4.5
vote,pairflip,0.2,relabel,DT threshold,2.0,2004.5,534,655,208,2518,0.44911690496215306,0.7196765498652291,0.553081305023304,0.7645130084180392,30.37051777232632,0.20642924676961866,18.952581032412965,22.0440132574769,53.4,65.5,391.5,0.0,4.5
vote,pairflip,0.2,relabel,NB hard_vote,0.0,4.5,696,348,72,2799,0.6666666666666666,0.90625,0.7682119205298014,0.9567667907966662,26.665079075108302,0.11058150619637751,19.616368286445013,10.727791116446578,69.6,34.8,391.5,0.0,4.5
vote,pairflip,0.2,relabel,NB hard_vote,1.0,1004.5,720,337,93,2765,0.6811731315042573,0.8856088560885609,0.7700534759358288,0.9584107189104983,26.99879951980792,0.10863958736299162,20.765828070358577,10.983610835638604,72.0,33.7,391.5,0.0,4.5
vote,pairflip,0.2,relabel,NB hard_vote,2.0,2004.5,658,332,84,2841,0.6646464646464646,0.8867924528301887,0.7598152424942263,0.9557562536074957,25.287397567722742,0.10463283958398992,18.952581032412965,10.626141761052248,65.8,33.2,391.5,0.0,4.5
vote,pairflip,0.2,relabel,NB threshold,0.0,4.5,682,316,86,2831,0.6833667334669339,0.8880208333333334,0.7723669309173273,0.9567667907966662,25.489978600135707,0.10041309183349222,19.616368286445013,10.26815073855629,68.2,31.6,391.5,0.0,4.5
vote,pairflip,0.2,relabel,NB threshold,1.0,1004.5,712,294,101,2808,0.7077534791252486,0.8757687576875769,0.782847718526663,0.9584107189104983,25.695952293961064,0.09477756286266925,20.765828070358577,10.089318336030065,71.2,29.4,391.5,0.0,4.5
vote,pairflip,0.2,relabel,NB threshold,2.0,2004.5,646,307,96,2866,0.6778593913955928,0.8706199460916442,0.7622418879056048,0.9557562536074957,24.342606607860535,0.09675386069965332,18.952581032412965,10.294117647058822,64.6,30.7,391.5,0.0,4.5
vote,pairflip,0.2,relabel,committee consensus,0.0,4.5,564,142,204,3005,0.7988668555240793,0.734375,0.7652645861601085,0.9273596526300126,18.031864919880995,0.04512233873530346,19.616368286445013,8.838274440210867,56.4,14.2,391.5,0.0,4.5
vote,pairflip,0.2,relabel,committee consensus,1.0,1004.5,552,133,261,2969,0.8058394160583942,0.6789667896678967,0.7369826435246996,0.9232705826960306,17.496476851610208,0.042875564152159894,20.765828070358577,10.064330079858033,55.2,13.3,391.5,0.0,4.5
vote,pairflip,0.2,relabel,committee consensus,2.0,2004.5,501,135,241,3038,0.7877358490566038,0.6752021563342318,0.7271407837445574,0.9262774004996256,16.244193329505716,0.04254648597541759,18.952581032412965,9.604493971501643,50.1,13.5,391.5,0.0,4.5
vote,pairflip,0.2,relabel,dual agreement,0.0,4.5,539,129,229,3018,0.8068862275449101,0.7018229166666666,0.7506963788300836,0.9273596526300126,17.06097656453886,0.04099142040038131,19.616368286445013,9.144853593611357,53.9,12.9,391.5,0.0,4.5
vote,pairflip,0.2,relabel,dual agreement,1.0,1004.5,517,115,296,2987,0.8180379746835443,0.6359163591635917,0.7155709342560553,0.9232705826960306,16.14280494806618,0.03707285622179239,20.765828070358577,10.498590740644085,51.7,11.5,391.5,0.0,4.5
vote,pairflip,0.2,relabel,dual agreement,2.0,2004.5,469,127,273,3046,0.7869127516778524,0.6320754716981132,0.7010463378176383,0.9262774004996256,15.222937000887313,0.04002521273242988,18.952581032412965,10.217195573881726,46.9,12.7,391.5,0.0,4.5
vote,pairflip,0.2,relabel,none,0.0,4.5,0,0,768,3147,,0.0,0.0,,0.0,0.0,19.616368286445013,19.616368286445013,0.0,0.0,391.5,0.0,4.5
vote,pairflip,0.2,relabel,none,1.0,1004.5,0,0,813,3102,,0.0,0.0,,0.0,0.0,20.765828070358577,20.765828070358577,0.0,0.0,391.5,0.0,4.5
vote,pairflip,0.2,relabel,none,2.0,2004.5,0,0,742,3173,,0.0,0.0,,0.0,0.0,18.952581032412965,18.952581032412965,0.0,0.0,391.5,0.0,4.5
vote,pairflip,0.4,relabel,DT hard_vote,0.0,4.5,946,963,595,1411,0.4955474070193819,0.6138870863075925,0.5484057971014493,0.6008019734946863,48.76037371470328,0.4056444818871104,39.360548567252984,39.79298241035544,94.6,96.3,391.5,0.0,4.5
vote,pairflip,0.4,relabel,DT hard_vote,1.0,1004.5,924,1019,678,1294,0.4755532681420484,0.5767790262172284,0.5212976022566995,0.5700515302917493,49.62974320162848,0.44055339386078685,40.91999843415627,43.34803486612036,92.4,101.9,391.5,0.0,4.5
vote,pairflip,0.4,relabel,DT hard_vote,2.0,2004.5,900,931,614,1470,0.4915346805024577,0.5944517833553501,0.5381165919282511,0.6030813712038373,46.76790281329924,0.3877551020408163,38.670794404718414,39.463568035910015,90.0,93.1,391.5,0.0,4.5
vote,pairflip,0.4,relabel,DT threshold,0.0,4.5,898,906,643,1468,0.4977827050997783,0.5827384815055159,0.5369207772795217,0.6008019734946863,46.07899681611775,0.38163437236731257,39.360548567252984,39.56293386919985,89.8,90.6,391.5,0.0,4.5
vote,pairflip,0.4,relabel,DT threshold,1.0,1004.5,875,964,727,1349,0.4758020663404024,0.5461922596754057,0.5085730892182505,0.5700515302917493,46.97426796805679,0.4167747514051016,40.91999843415627,43.19425596325487,87.5,96.4,391.5,0.0,4.5
vote,pairflip,0.4,relabel,DT threshold,2.0,2004.5,857,870,657,1531,0.49623624782860454,0.5660501981505944,0.5288491206417772,0.6030813712038373,44.111253196930946,0.36234902124114954,38.670794404718414,39.00392765801973,85.7,87.0,391.5,0.0,4.5
vote,pairflip,0.4,relabel,NB hard_vote,0.0,4.5,1369,283,172,2091,0.8286924939467313,0.8883841661258923,0.857500782962731,0.9447708820306285,42.194921446839615,0.11920808761583825,39.360548567252984,11.62123545070202,136.9,28.3,391.5,0.0,4.5
vote,pairflip,0.4,relabel,NB hard_vote,1.0,1004.5,1410,296,192,2017,0.8264947245017585,0.8801498127340824,0.8524788391777509,0.9367241265949428,43.576256589592354,0.12797233030696065,40.91999843415627,12.465094733545593,141.0,29.6,391.5,0.0,4.5
vote,pairflip,0.4,relabel,NB hard_vote,2.0,2004.5,1331,286,183,2115,0.8231292517006803,0.8791281373844122,0.8502076014053018,0.9438619392659564,41.30199906049377,0.11911703456892961,38.670794404718414,11.979422203664075,133.1,28.6,391.5,0.0,4.5
vote,pairflip,0.4,relabel,NB threshold,0.0,4.5,1345,271,196,2103,0.8323019801980198,0.872809863724854,0.8520747545137789,0.9447708820306285,41.27551020408163,0.11415332771693344,39.360548567252984,11.92761887363641,134.5,27.1,391.5,0.0,4.5
vote,pairflip,0.4,relabel,NB threshold,1.0,1004.5,1383,275,219,2038,0.8341375150784077,0.8632958801498127,0.8484662576687116,0.9367241265949428,42.35039668041129,0.11889321227842628,40.91999843415627,12.618482175478887,138.3,27.5,391.5,0.0,4.5
vote,pairflip,0.4,relabel,NB threshold,2.0,2004.5,1309,265,205,2136,0.8316391359593392,0.8645970937912814,0.8477979274611399,0.9438619392659564,40.20375541520956,0.11037067888379842,38.670794404718414,12.004932407745708,130.9,26.5,391.5,0.0,4.5
vote,pairflip,0.4,relabel,committee consensus,0.0,4.5,867,131,674,2243,0.8687374749498998,0.5626216742375081,0.68294604174872,0.843217871715441,25.491935904796698,0.05518112889637742,39.360548567252984,20.56037632444282,86.7,13.1,391.5,0.0,4.5
vote,pairflip,0.4,relabel,committee consensus,1.0,1004.5,826,147,776,2166,0.8489208633093526,0.5156054931335831,0.6415533980582524,0.8171059773319485,24.85235398507229,0.06355382619974059,40.91999843415627,23.577169998434158,82.6,14.7,391.5,0.0,4.5
vote,pairflip,0.4,relabel,committee consensus,2.0,2004.5,815,139,699,2262,0.8542976939203354,0.5383091149273448,0.660453808752026,0.8420820685123367,24.36674669867947,0.05789254477301124,38.670794404718414,21.404496581241197,81.5,13.9,391.5,0.0,4.5
vote,pairflip,0.4,relabel,dual agreement,0.0,4.5,805,129,736,2245,0.8618843683083511,0.5223880597014925,0.6505050505050505,0.843217871715441,23.857586512866014,0.05433866891322662,39.360548567252984,22.092423926092174,80.5,12.9,391.5,0.0,4.5
vote,pairflip,0.4,relabel,dual agreement,1.0,1004.5,762,137,840,2176,0.8476084538375973,0.4756554307116105,0.6093562574970012,0.8171059773319485,22.962967795813974,0.059230436662343275,40.91999843415627,24.955960645127618,76.2,13.7,391.5,0.0,4.5
vote,pairflip,0.4,relabel,dual agreement,2.0,2004.5,762,129,752,2272,0.8552188552188552,0.5033025099075297,0.6336798336798337,0.8420820685123367,22.75751604989822,0.053727613494377345,38.670794404718414,22.503001200480192,76.2,12.9,391.5,0.0,4.5
vote,pairflip,0.4,relabel,none,0.0,4.5,0,0,1541,2374,,0.0,0.0,,0.0,0.0,39.360548567252984,39.360548567252984,0.0,0.0,391.5,0.0,4.5
vote,pairflip,0.4,relabel,none,1.0,1004.5,0,0,1602,2313,,0.0,0.0,,0.0,0.0,40.91999843415627,40.91999843415628,0.0,0.0,391.5,0.0,4.5
vote,pairflip,0.4,relabel,none,2.0,2004.5,0,0,1514,2401,,0.0,0.0,,0.0,0.0,38.670794404718414,38.670794404718414,0.0,0.0,391.5,0.0,4.5
vote,symmetric,0.0,relabel,DT hard_vote,0.0,4.5,0,226,0,3689,0.0,,0.0,,5.77300485411556,0.05772669220945083,0.0,5.77300485411556,0.0,22.6,391.5,0.0,4.5
vote,symmetric,0.0,relabel,DT hard_vote,1.0,1004.5,0,240,0,3675,0.0,,0.0,,6.129886737303616,0.06130268199233716,0.0,6.129886737303616,0.0,24.0,391.5,0.0,4.5
vote,symmetric,0.0,relabel,DT hard_vote,2.0,2004.5,0,234,0,3681,0.0,,0.0,,5.977412704212119,0.059770114942528735,0.0,5.977412704212119,0.0,23.4,391.5,0.0,4.5
vote,symmetric,0.0,relabel,DT threshold,0.0,4.5,0,226,0,3689,0.0,,0.0,,5.77300485411556,0.05772669220945083,0.0,5.77300485411556,0.0,22.6,391.5,0.0,4.5
vote,symmetric,0.0,relabel,DT threshold,1.0,1004.5,0,240,0,3675,0.0,,0.0,,6.129886737303616,0.06130268199233716,0.0,6.129886737303616,0.0,24.0,391.5,0.0,4.5
vote,symmetric,0.0,relabel,DT threshold,2.0,2004.5,0,234,0,3681,0.0,,0.0,,5.977412704212119,0.059770114942528735,0.0,5.977412704212119,0.0,23.4,391.5,0.0,4.5
vote,symmetric,0.0,relabel,NB hard_vote,0.0,4.5,0,387,0,3528,0.0,,0.0,,9.884845242444804,0.09885057471264368,0.0,9.884845242444804,0.0,38.7,391.5,0.0,4.5
vote,symmetric,0.0,relabel,NB hard_vote,1.0,1004.5,0,384,0,3531,0.0,,0.0,,9.808510360666006,0.09808429118773947,0.0,9.808510360666006,0.0,38.4,391.5,0.0,4.5
vote,symmetric,0.0,relabel,NB hard_vote,2.0,2004.5,0,389,0,3526,0.0,,0.0,,9.936583328983769,0.09936143039591315,0.0,9.936583328983769,0.0,38.9,391.5,0.0,4.5
vote,symmetric,0.0,relabel,NB threshold,0.0,4.5,0,344,0,3571,0.0,,0.0,,8.786732084138004,0.08786717752234993,0.0,8.786732084138004,0.0,34.4,391.5,0.0,4.5
vote,symmetric,0.0,relabel,NB threshold,1.0,1004.5,0,347,0,3568,0.0,,0.0,,8.8636541573151,0.08863346104725416,0.0,8.8636541573151,0.0,34.7,391.5,0.0,4.5
vote,symmetric,0.0,relabel,NB threshold,2.0,2004.5,0,340,0,3575,0.0,,0.0,,8.685017485254972,0.08684546615581099,0.0,8.685017485254972,0.0,34.0,391.5,0.0,4.5
vote,symmetric,0.0,relabel,committee consensus,0.0,4.5,0,133,0,3782,0.0,,0.0,,3.3975546740435307,0.03397190293742018,0.0,3.3975546740435307,0.0,13.3,391.5,0.0,4.5
vote,symmetric,0.0,relabel,committee consensus,1.0,1004.5,0,135,0,3780,0.0,,0.0,,3.448444595229396,0.034482758620689655,0.0,3.448444595229396,0.0,13.5,391.5,0.0,4.5
vote,symmetric,0.0,relabel,committee consensus,2.0,2004.5,0,135,0,3780,0.0,,0.0,,3.4485750822067955,0.034482758620689655,0.0,3.4485750822067955,0.0,13.5,391.5,0.0,4.5
vote,symmetric,0.0,relabel,dual agreement,0.0,4.5,0,123,0,3792,0.0,,0.0,,3.1421264157837046,0.031417624521072794,0.0,3.1421264157837046,0.0,12.3,391.5,0.0,4.5
vote,symmetric,0.0,relabel,dual agreement,1.0,1004.5,0,125,0,3790,0.0,,0.0,,3.19301633696957,0.031928480204342274,0.0,3.19301633696957,0.0,12.5,391.5,0.0,4.5
vote,symmetric,0.0,relabel,dual agreement,2.0,2004.5,0,122,0,3793,0.0,,0.0,,3.1166162117020724,0.031162196679438058,0.0,3.1166162117020724,0.0,12.2,391.5,0.0,4.5
vote,symmetric,0.0,relabel,none,0.0,4.5,0,0,0,3915,,,,,0.0,0.0,0.0,0.0,0.0,0.0,391.5,0.0,4.5
vote,symmetric,0.0,relabel,none,1.0,1004.5,0,0,0,3915,,,,,0.0,0.0,0.0,0.0,0.0,0.0,391.5,0.0,4.5
vote,symmetric,0.0,relabel,none,2.0,2004.5,0,0,0,3915,,,,,0.0,0.0,0.0,0.0,0.0,0.0,391.5,0.0,4.5
vote,symmetric,0.1,relabel,DT hard_vote,0.0,4.5,324,517,54,3020,0.38525564803804996,0.8571428571428571,0.5315832649712879,0.8548364708564925,21.480113784644296,0.14616906983319197,9.654861944777911,14.5837465420951,32.4,51.7,391.5,0.0,4.5
vote,symmetric,0.1,relabel,DT hard_vote,1.0,1004.5,340,545,55,2975,0.384180790960452,0.8607594936708861,0.53125,0.8502332460053525,22.605172503784125,0.15482954545454544,10.089253092541364,15.325434521634742,34.0,54.5,391.5,0.0,4.5
vote,symmetric,0.1,relabel,DT hard_vote,2.0,2004.5,315,494,54,3052,0.38936959208899874,0.8536585365853658,0.534804753820034,0.8615134787538894,20.664243958452946,0.13931190073322053,9.424813403622318,13.997925257059345,31.5,49.4,391.5,0.0,4.5
vote,symmetric,0.1,relabel,DT threshold,0.0,4.5,309,487,69,3050,0.38819095477386933,0.8174603174603174,0.5264054514480409,0.8548364708564925,20.33019729630983,0.13768730562623693,9.654861944777911,14.200049585051412,30.9,48.7,391.5,0.0,4.5
vote,symmetric,0.1,relabel,DT threshold,1.0,1004.5,326,507,69,3013,0.39135654261704683,0.8253164556962025,0.5309446254071661,0.8502332460053525,21.277467508742625,0.14403409090909092,10.089253092541364,14.713059136698158,32.6,50.7,391.5,0.0,4.5
vote,symmetric,0.1,relabel,DT threshold,2.0,2004.5,299,453,70,3093,0.3976063829787234,0.8102981029810298,0.5334522747546833,0.8615134787538894,19.20872696904849,0.12774957698815567,9.424813403622318,13.359648207108929,29.9,45.3,391.5,0.0,4.5
vote,symmetric,0.1,relabel,NB hard_vote,0.0,4.5,344,377,34,3160,0.47711511789181693,0.91005291005291,0.6260236578707916,0.9652352944193231,18.415431389947287,0.10658750353406841,9.654861944777911,10.497742575290985,34.4,37.7,391.5,0.0,4.5
vote,symmetric,0.1,relabel,NB hard_vote,1.0,1004.5,358,374,37,3146,0.4890710382513661,0.9063291139240506,0.6353149955634427,0.9668786386361543,18.697609478574037,0.10625,10.089253092541364,10.498199279711883,35.8,37.4,391.5,0.0,4.5
vote,symmetric,0.1,relabel,NB hard_vote,2.0,2004.5,334,380,35,3166,0.4677871148459384,0.9051490514905149,0.6168051708217913,0.9632999427238111,18.237251422308056,0.10716300056401579,9.424813403622318,10.600892530925412,33.4,38.0,391.5,0.0,4.5
vote,symmetric,0.1,relabel,NB threshold,0.0,4.5,339,337,39,3200,0.5014792899408284,0.8968253968253969,0.6432637571157496,0.9652352944193231,17.26590636254502,0.0952784845914617,9.654861944777911,9.603711049637246,33.9,33.7,391.5,0.0,4.5
vote,symmetric,0.1,relabel,NB threshold,1.0,1004.5,354,332,41,3188,0.5160349854227405,0.8962025316455696,0.6549491211840888,0.9668786386361543,17.522639490578843,0.09431818181818181,10.089253092541364,9.527571898324547,35.4,33.2,391.5,0.0,4.5
vote,symmetric,0.1,relabel,NB threshold,2.0,2004.5,328,340,41,3206,0.49101796407185627,0.8888888888888888,0.6325940212150434,0.9632999427238111,17.062216190824156,0.09588268471517203,9.424813403622318,9.732501696330706,32.8,34.0,391.5,0.0,4.5
vote,symmetric,0.1,relabel,committee consensus,0.0,4.5,303,123,75,3414,0.7112676056338029,0.8015873015873016,0.753731343283582,0.9613426903598021,10.880787097447675,0.03477523324851569,9.654861944777911,5.057283783078448,30.3,12.3,391.5,0.0,4.5
vote,symmetric,0.1,relabel,committee consensus,1.0,1004.5,314,139,81,3381,0.6931567328918322,0.7949367088607595,0.7405660377358491,0.9596113752365097,11.570867477425754,0.039488636363636365,10.089253092541364,5.619486925204864,31.4,13.9,391.5,0.0,4.5
vote,symmetric,0.1,relabel,committee consensus,2.0,2004.5,294,135,75,3411,0.6853146853146853,0.7967479674796748,0.7368421052631579,0.9601203758561621,10.957643927136072,0.03807106598984772,9.424813403622318,5.364319640899838,29.4,13.5,391.5,0.0,4.5
vote,symmetric,0.1,relabel,dual agreement,0.0,4.5,283,110,95,3427,0.7201017811704835,0.7486772486772487,0.7341115434500648,0.9613426903598021,10.037710736468501,0.031099802092168505,9.654861944777911,5.235920455138578,28.3,11.0,391.5,0.0,4.5
vote,symmetric,0.1,relabel,dual agreement,1.0,1004.5,297,126,98,3394,0.7021276595744681,0.7518987341772152,0.726161369193154,0.9596113752365097,10.804452215668878,0.03579545454545455,10.089253092541364,5.721723471997494,29.7,12.6,391.5,0.0,4.5
vote,symmetric,0.1,relabel,dual agreement,2.0,2004.5,273,123,96,3423,0.6893939393939394,0.7398373983739838,0.7137254901960784,0.9601203758561621,10.114763296622996,0.03468697123519458,9.424813403622318,5.594172451589332,27.3,12.3,391.5,0.0,4.5
vote,symmetric,0.1,relabel,none,0.0,4.5,0,0,378,3537,,0.0,0.0,,0.0,0.0,9.654861944777911,9.654861944777911,0.0,0.0,391.5,0.0,4.5
vote,symmetric,0.1,relabel,none,1.0,1004.5,0,0,395,3520,,0.0,0.0,,0.0,0.0,10.089253092541364,10.089253092541364,0.0,0.0,391.5,0.0,4.5
vote,symmetric,0.1,relabel,none,2.0,2004.5,0,0,369,3546,,0.0,0.0,,0.0,0.0,9.424813403622318,9.424813403622318,0.0,0.0,391.5,0.0,4.5
vote,symmetric,0.2,relabel,DT hard_vote,0.0,4.5,600,712,168,2435,0.4573170731707317,0.78125,0.5769230769230769,0.771683374418008,33.50970823111853,0.22624721957419766,19.616368286445013,22.476642831045464,60.0,71.2,391.5,0.0,4.5
vote,symmetric,0.2,relabel,DT hard_vote,1.0,1004.5,606,758,207,2344,0.4442815249266862,0.7453874538745388,0.5567294441892513,0.7567624073760805,34.83904431337753,0.2443584784010316,20.765828070358577,24.64853332637403,60.6,75.8,391.5,0.0,4.5
vote,symmetric,0.2,relabel,DT hard_vote,2.0,2004.5,555,725,187,2448,0.43359375,0.7479784366576819,0.5489614243323442,0.7645130084180392,32.694229865859384,0.2284903876457611,18.952581032412965,23.295383370739604,55.5,72.5,391.5,0.0,4.5
vote,symmetric,0.2,relabel,DT threshold,0.0,4.5,585,656,183,2491,0.47139403706688154,0.76171875,0.5823792931806869,0.771683374418008,31.695743514797226,0.2084524944391484,19.616368286445013,21.429158619969726,58.5,65.6,391.5,0.0,4.5
vote,symmetric,0.2,relabel,DT threshold,1.0,1004.5,574,687,239,2415,0.45519429024583663,0.7060270602706027,0.553519768563163,0.7567624073760805,32.20829636202307,0.22147001934235977,20.765828070358577,23.652526227882458,57.4,68.7,391.5,0.0,4.5
vote,symmetric,0.2,relabel,DT threshold,2.0,2004.5,534,655,208,2518,0.44911690496215306,0.7196765498652291,0.553081305023304,0.7645130084180392,30.37051777232632,0.20642924676961866,18.952581032412965,22.0440132574769,53.4,65.5,391.5,0.0,4.5
vote,symmetric,0.2,relabel,NB hard_vote,0.0,4.5,696,348,72,2799,0.6666666666666666,0.90625,0.7682119205298014,0.9567667907966662,26.665079075108302,0.11058150619637751,19.616368286445013,10.727791116446578,69.6,34.8,391.5,0.0,4.5
vote,symmetric,0.2,relabel,NB hard_vote,1.0,1004.5,720,337,93,2765,0.6811731315042573,0.8856088560885609,0.7700534759358288,0.9584107189104983,26.99879951980792,0.10863958736299162,20.765828070358577,10.983610835638604,72.0,33.7,391.5,0.0,4.5
vote,symmetric,0.2,relabel,NB hard_vote,2.0,2004.5,658,332,84,2841,0.6646464646464646,0.8867924528301887,0.7598152424942263,0.9557562536074957,25.287397567722742,0.10463283958398992,18.952581032412965,10.626141761052248,65.8,33.2,391.5,0.0,4.5
vote,symmetric,0.2,relabel,NB threshold,0.0,4.5,682,316,86,2831,0.6833667334669339,0.8880208333333334,0.7723669309173273,0.9567667907966662,25.489978600135707,0.10041309183349222,19.616368286445013,10.26815073855629,68.2,31.6,391.5,0.0,4.5
vote,symmetric,0.2,relabel,NB threshold,1.0,1004.5,712,294,101,2808,0.7077534791252486,0.8757687576875769,0.782847718526663,0.9584107189104983,25.695952293961064,0.09477756286266925,20.765828070358577,10.089318336030065,71.2,29.4,391.5,0.0,4.5
vote,symmetric,0.2,relabel,NB threshold,2.0,2004.5,646,307,96,2866,0.6778593913955928,0.8706199460916442,0.7622418879056048,0.9557562536074957,24.342606607860535,0.09675386069965332,18.952581032412965,10.294117647058822,64.6,30.7,391.5,0.0,4.5
vote,symmetric,0.2,relabel,committee consensus,0.0,4.5,564,142,204,3005,0.7988668555240793,0.734375,0.7652645861601085,0.9273596526300126,18.031864919880995,0.04512233873530346,19.616368286445013,8.838274440210867,56.4,14.2,391.5,0.0,4.5
vote,symmetric,0.2,relabel,committee consensus,1.0,1004.5,552,133,261,2969,0.8058394160583942,0.6789667896678967,0.7369826435246996,0.9232705826960306,17.496476851610208,0.042875564152159894,20.765828070358577,10.064330079858033,55.2,13.3,391.5,0.0,4.5
vote,symmetric,0.2,relabel,committee consensus,2.0,2004.5,501,135,241,3038,0.7877358490566038,0.6752021563342318,0.7271407837445574,0.9262774004996256,16.244193329505716,0.04254648597541759,18.952581032412965,9.604493971501643,50.1,13.5,391.5,0.0,4.5
vote,symmetric,0.2,relabel,dual agreement,0.0,4.5,539,129,229,3018,0.8068862275449101,0.7018229166666666,0.7506963788300836,0.9273596526300126,17.06097656453886,0.04099142040038131,19.616368286445013,9.144853593611357,53.9,12.9,391.5,0.0,4.5
vote,symmetric,0.2,relabel,dual agreement,1.0,1004.5,517,115,296,2987,0.8180379746835443,0.6359163591635917,0.7155709342560553,0.9232705826960306,16.14280494806618,0.03707285622179239,20.765828070358577,10.498590740644085,51.7,11.5,391.5,0.0,4.5
vote,symmetric,0.2,relabel,dual agreement,2.0,2004.5,469,127,273,3046,0.7869127516778524,0.6320754716981132,0.7010463378176383,0.9262774004996256,15.222937000887313,0.04002521273242988,18.952581032412965,10.217195573881726,46.9,12.7,391.5,0.0,4.5
vote,symmetric,0.2,relabel,none,0.0,4.5,0,0,768,3147,,0.0,0.0,,0.0,0.0,19.616368286445013,19.616368286445013,0.0,0.0,391.5,0.0,4.5
vote,symmetric,0.2,relabel,none,1.0,1004.5,0,0,813,3102,,0.0,0.0,,0.0,0.0,20.765828070358577,20.765828070358577,0.0,0.0,391.5,0.0,4.5
vote,symmetric,0.2,relabel,none,2.0,2004.5,0,0,742,3173,,0.0,0.0,,0.0,0.0,18.952581032412965,18.952581032412965,0.0,0.0,391.5,0.0,4.5
vote,symmetric,0.4,relabel,DT hard_vote,0.0,4.5,946,963,595,1411,0.4955474070193819,0.6138870863075925,0.5484057971014493,0.6008019734946863,48.76037371470328,0.4056444818871104,39.360548567252984,39.79298241035544,94.6,96.3,391.5,0.0,4.5
vote,symmetric,0.4,relabel,DT hard_vote,1.0,1004.5,924,1019,678,1294,0.4755532681420484,0.5767790262172284,0.5212976022566995,0.5700515302917493,49.62974320162848,0.44055339386078685,40.91999843415627,43.34803486612036,92.4,101.9,391.5,0.0,4.5
vote,symmetric,0.4,relabel,DT hard_vote,2.0,2004.5,900,931,614,1470,0.4915346805024577,0.5944517833553501,0.5381165919282511,0.6030813712038373,46.76790281329924,0.3877551020408163,38.670794404718414,39.463568035910015,90.0,93.1,391.5,0.0,4.5
vote,symmetric,0.4,relabel,DT threshold,0.0,4.5,898,906,643,1468,0.4977827050997783,0.5827384815055159,0.5369207772795217,0.6008019734946863,46.07899681611775,0.38163437236731257,39.360548567252984,39.56293386919985,89.8,90.6,391.5,0.0,4.5
vote,symmetric,0.4,relabel,DT threshold,1.0,1004.5,875,964,727,1349,0.4758020663404024,0.5461922596754057,0.5085730892182505,0.5700515302917493,46.97426796805679,0.4167747514051016,40.91999843415627,43.19425596325487,87.5,96.4,391.5,0.0,4.5
vote,symmetric,0.4,relabel,DT threshold,2.0,2004.5,857,870,657,1531,0.49623624782860454,0.5660501981505944,0.5288491206417772,0.6030813712038373,44.111253196930946,0.36234902124114954,38.670794404718414,39.00392765801973,85.7,87.0,391.5,0.0,4.5
vote,symmetric,0.4,relabel,NB hard_vote,0.0,4.5,1369,283,172,2091,0.8286924939467313,0.8883841661258923,0.857500782962731,0.9447708820306285,42.194921446839615,0.11920808761583825,39.360548567252984,11.62123545070202,136.9,28.3,391.5,0.0,4.5
vote,symmetric,0.4,relabel,NB hard_vote,1.0,1004.5,1410,296,192,2017,0.8264947245017585,0.8801498127340824,0.8524788391777509,0.9367241265949428,43.576256589592354,0.12797233030696065,40.91999843415627,12.465094733545593,141.0,29.6,391.5,0.0,4.5
vote,symmetric,0.4,relabel,NB hard_vote,2.0,2004.5,1331,286,183,2115,0.8231292517006803,0.8791281373844122,0.8502076014053018,0.9438619392659564,41.30199906049377,0.11911703456892961,38.670794404718414,11.979422203664075,133.1,28.6,391.5,0.0,4.5
vote,symmetric,0.4,relabel,NB threshold,0.0,4.5,1345,271,196,2103,0.8323019801980198,0.872809863724854,0.8520747545137789,0.9447708820306285,41.27551020408163,0.11415332771693344,39.360548567252984,11.92761887363641,134.5,27.1,391.5,0.0,4.5
vote,symmetric,0.4,relabel,NB threshold,1.0,1004.5,1383,275,219,2038,0.8341375150784077,0.8632958801498127,0.8484662576687116,0.9367241265949428,42.35039668041129,0.11889321227842628,40.91999843415627,12.618482175478887,138.3,27.5,391.5,0.0,4.5
vote,symmetric,0.4,relabel,NB threshold,2.0,2004.5,1309,265,205,2136,0.8316391359593392,0.8645970937912814,0.8477979274611399,0.9438619392659564,40.20375541520956,0.11037067888379842,38.670794404718414,12.004932407745708,130.9,26.5,391.5,0.0,4.5
vote,symmetric,0.4,relabel,committee consensus,0.0,4.5,867,131,674,2243,0.8687374749498998,0.5626216742375081,0.68294604174872,0.843217871715441,25.491935904796698,0.05518112889637742,39.360548567252984,20.56037632444282,86.7,13.1,391.5,0.0,4.5
vote,symmetric,0.4,relabel,committee consensus,1.0,1004.5,826,147,776,2166,0.8489208633093526,0.5156054931335831,0.6415533980582524,0.8171059773319485,24.85235398507229,0.06355382619974059,40.91999843415627,23.577169998434158,82.6,14.7,391.5,0.0,4.5
vote,symmetric,0.4,relabel,committee consensus,2.0,2004.5,815,139,699,2262,0.8542976939203354,0.5383091149273448,0.660453808752026,0.8420820685123367,24.36674669867947,0.05789254477301124,38.670794404718414,21.404496581241197,81.5,13.9,391.5,0.0,4.5
vote,symmetric,0.4,relabel,dual agreement,0.0,4.5,805,129,736,2245,0.8618843683083511,0.5223880597014925,0.6505050505050505,0.843217871715441,23.857586512866014,0.05433866891322662,39.360548567252984,22.092423926092174,80.5,12.9,391.5,0.0,4.5
vote,symmetric,0.4,relabel,dual agreement,1.0,1004.5,762,137,840,2176,0.8476084538375973,0.4756554307116105,0.6093562574970012,0.8171059773319485,22.962967795813974,0.059230436662343275,40.91999843415627,24.955960645127618,76.2,13.7,391.5,0.0,4.5
vote,symmetric,0.4,relabel,dual agreement,2.0,2004.5,762,129,752,2272,0.8552188552188552,0.5033025099075297,0.6336798336798337,0.8420820685123367,22.75751604989822,0.053727613494377345,38.670794404718414,22.503001200480192,76.2,12.9,391.5,0.0,4.5
vote,symmetric,0.4,relabel,none,0.0,4.5,0,0,1541,2374,,0.0,0.0,,0.0,0.0,39.360548567252984,39.360548567252984,0.0,0.0,391.5,0.0,4.5
vote,symmetric,0.4,relabel,none,1.0,1004.5,0,0,1602,2313,,0.0,0.0,,0.0,0.0,40.91999843415627,40.91999843415628,0.0,0.0,391.5,0.0,4.5
vote,symmetric,0.4,relabel,none,2.0,2004.5,0,0,1514,2401,,0.0,0.0,,0.0,0.0,38.670794404718414,38.670794404718414,0.0,0.0,391.5,0.0,4.5
