1,2,6,8,11,12,13,14,15,16,18,19,class
140,125,0.2777779,0.66666675,7.3333335,7.6666665,3.5555556,3.4444444,4.4444447,-7.888889,0.5456349,-1.1218182,BRICKFACE
188,133,0.33333334,0.5,8.333334,7.7777777,3.8888888,5,3.3333333,-8.333333,0.53858024,-0.92481726,BRICKFACE
105,139,0.27777782,0.83333325,7.5555553,7.2222223,3.5555556,4.3333335,3.3333333,-7.6666665,0.5326279,-0.96594584,BRICKFACE
34,137,0.5000002,1.111111,7.7777777,6.4444447,3.3333333,5.7777777,1.7777778,-7.5555553,0.57363313,-0.74427164,BRICKFACE
39,111,0.72222227,0.8888889,7,7.6666665,3.4444444,2.8888888,4.888889,-7.7777777,0.56291884,-1.1757725,BRICKFACE
16,128,0.5,0.66666675,6.888889,6.6666665,3.1111112,4,3.3333333,-7.3333335,0.56150794,-0.98581076,BRICKFACE
26,67,1,2.4444447,19.555555,25.88889,14.555555,-1.3333334,17.666666,-16.333334,0.4369392,-1.6232022,BRICKFACE
14,110,1.7222224,2.6666667,18.88889,21.444445,13.444445,2.8888888,10.555555,-13.444445,0.36884832,-1.3450956,BRICKFACE
11,108,1.3333335,1.3888888,19,21.11111,12.888889,4,10.333333,-14.333333,0.38875645,-1.3021333,BRICKFACE
85,101,1.3333334,1.2777777,21.222221,26.777779,15.888889,-0.22222222,16.444445,-16.222221,0.4047922,-1.5585992,BRICKFACE
18,145,0.38888896,0.6111111,5.5555553,4,2.2222223,4.888889,0.22222222,-5.111111,0.6005291,-0.57094,BRICKFACE
23,55,2.2222216,1.7777773,21.666666,31.11111,17.555555,-5.3333335,23,-17.666666,0.43507022,-1.7711632,BRICKFACE
196,129,0.83333325,0.6666667,7.888889,7.3333335,3.7777777,4.6666665,3,-7.6666665,0.54012346,-0.9327826,BRICKFACE
80,116,1.5,1.5555557,21.222221,27.555555,16.333334,-1.4444444,17.555555,-16.11111,0.40736422,-1.6322426,BRICKFACE
2,44,2.1666672,2.3888896,17.333334,25.222221,13.666667,-4.2222223,19.444445,-15.222222,0.45768142,-1.7537255,BRICKFACE
120,136,0.61111116,1.0000001,7.7777777,7.2222223,3.7777777,4.5555553,2.8888888,-7.4444447,0.52954143,-0.92460656,BRICKFACE
146,124,0.4999999,0.38888875,7.4444447,7.3333335,3.3333333,4.2222223,3.8888888,-8.111111,0.56349206,-1.0247301,BRICKFACE
23,85,1.4444445,1.777778,18.88889,21.88889,13.111111,2.7777777,11.777778,-14.555555,0.39975148,-1.386867,BRICKFACE
138,116,0.6111111,0.4444445,7.5555553,8.222222,3.6666667,3.2222223,5.2222223,-8.444445,0.5591711,-1.1910701,BRICKFACE
229,124,0.888889,0.8888889,7.111111,7.111111,3.4444444,3.6666667,3.6666667,-7.3333335,0.5458554,-1.0376626,BRICKFACE
22,116,0.38888875,0.33333325,6.7777777,7,3.1111112,3.4444444,4.111111,-7.5555553,0.57539684,-1.0996237,BRICKFACE
121,60,2.277778,2.888889,24.666666,35.22222,20.333334,-6.2222223,25.444445,-19.222221,0.4223002,-1.776113,BRICKFACE
33,149,0.5555556,0.72222227,4.111111,8.666667,3.5555556,-4,9.666667,-5.6666665,0.5783389,-1.9857028,BRICKFACE
80,95,1.2222223,0.944444,21.333334,26.666666,16.222223,-0.22222222,15.777778,-15.555555,0.39043593,-1.5673273,BRICKFACE
96,84,1.5000004,1.6111107,23.555555,30,18,-0.8888889,18.444445,-17.555555,0.39879107,-1.598867,BRICKFACE
145,102,0.88888866,2.611111,22.11111,29.777779,17.333334,-2.8888888,20.11111,-17.222221,0.41776258,-1.6854404,BRICKFACE
18,138,0.88888884,0.83333325,7.3333335,6.5555553,3.3333333,4.7777777,2.4444444,-7.2222223,0.5438712,-0.8621077,BRICKFACE
138,133,0.6666667,1.1666666,7.7777777,7.888889,3.6666667,4,4.3333335,-8.333333,0.5582011,-1.0776595,BRICKFACE
121,113,1.722222,2.944444,20,25.444445,15.333333,-0.7777778,15.555555,-14.777778,0.39658895,-1.5856091,BRICKFACE
95,57,1.8333327,2.1111107,24.666666,34.444447,19.777779,-4.888889,24.444445,-19.555555,0.42569095,-1.7390174,BRICKFACE
140,25,0.99999875,1.1111107,117.77778,142.33334,123.888885,-30.666666,43,-12.333333,0.17250364,-2.3545518,SKY
142,33,0.49999872,0.50000125,96.77778,128.66667,106.333336,-41.444443,54.22222,-12.777778,0.24777646,-2.4080186,SKY
66,41,0.61111194,0.38889185,95.111115,128.88889,105.111115,-43.77778,57.555557,-13.777778,0.26204562,-2.404745,SKY
165,99,0.88889056,0.7777786,79,118,83.22222,-43.22222,73.77778,-30.555555,0.33041757,-2.2077565,SKY
228,20,1.0555547,0.8333333,114,140.55556,120.44444,-33,46.666668,-13.666667,0.18889166,-2.348006,SKY
124,29,1.0000013,1.0555534,119.22222,142.88889,123.22222,-27.666666,43.333332,-15.666667,0.16561614,-2.271128,SKY
156,32,0.77777356,2.6111095,129.77779,146.33334,132.77779,-19.555555,30.11111,-10.555555,0.113055356,-2.280755,SKY
21,90,0.66666794,0.7777786,105.888885,128.55556,106,-22.777779,45.22222,-22.444445,0.17969723,-2.0978148,SKY
8,39,1.3888906,1.8333334,102.55556,132,105.55556,-32.444443,55.88889,-23.444445,0.22295359,-2.1981578,SKY
122,11,1,2.8888905,136.88889,150.88889,142.55556,-19.666666,22.333334,-2.6666667,0.09277301,-2.5216477,SKY
44,79,0.44444403,0.7777786,93.888885,126.55556,102.77778,-41.555557,56.444443,-14.888889,0.2580791,-2.3779652,SKY
7,18,1.2777786,0.9444453,133.33334,147.55556,135,-15.888889,26.777779,-10.888889,0.096352234,-2.2146115,SKY
188,42,0.7777786,1.6666679,95.666664,126.22222,104.888885,-39.77778,51.88889,-12.111111,0.24193405,-2.4103878,SKY
152,18,0.7777774,0.55555725,97.22222,130.44444,108.666664,-44.666668,55,-10.333333,0.2546684,-2.45498,SKY
120,74,0.3333346,0.50000125,89.111115,123.22222,93.22222,-38.22222,64.111115,-25.88889,0.2767844,-2.2205532,SKY
143,24,1.2777773,0.88888806,117.666664,141.66667,123.55556,-29.88889,42.11111,-12.222222,0.16939692,-2.349252,SKY
181,27,0.7222214,0.5,132.55556,146.55556,135.11111,-16.555555,25.444445,-8.888889,0.09626316,-2.2645319,SKY
107,21,0.66666156,1.1666666,115.77778,141.88889,122.666664,-33,45.333332,-12.333333,0.18402189,-2.3703718,SKY
226,83,0.8888893,1.0555521,74.55556,116.888885,80.44444,-48.22222,78.77778,-30.555555,0.36206177,-2.2390528,SKY
93,29,1.2222239,1.3888906,119,142.77777,123.666664,-28.444445,42.88889,-14.444445,0.16648434,-2.2977605,SKY
60,52,0.7222226,0.7777774,101,129.22223,104.666664,-31.88889,52.77778,-20.88889,0.21837935,-2.2296848,SKY
179,101,0.44444785,0.61110944,126.44444,147.22223,131.11111,-25.444445,36.88889,-11.444445,0.14110672,-2.3287346,SKY
112,30,0.55555725,1.2222227,100.77778,130.11111,108.888885,-37.444443,50.555557,-13.111111,0.22538376,-2.3853076,SKY
103,64,0.6666667,1.3333308,96.333336,126.22222,103.77778,-37.333332,52.333332,-15,0.2367968,-2.3554425,SKY
174,50,1.0000013,0.9444453,94.666664,125.77778,101.888885,-38.333332,55,-16.666666,0.2473368,-2.3372955,SKY
80,40,0.6111107,0.7222226,96.22222,129,106.888885,-43.444443,54.88889,-11.444445,0.2540513,-2.4346924,SKY
67,71,1.6666666,1.4999987,115.55556,140.88889,121.44444,-31.222221,44.77778,-13.555555,0.17967218,-2.339758,SKY
92,56,0.44444275,0.8333333,115.888885,140.66667,121.44444,-30.333334,44,-13.666667,0.17606053,-2.3267827,SKY
67,32,0.944444,1.7777786,115.111115,142.22223,121.333336,-33.333332,48,-14.666667,0.19062504,-2.333746,SKY
125,46,0.61110944,2.166668,112.77778,141,119.888885,-35.333332,49.333332,-14,0.20012376,-2.357688,SKY
80,87,24.388891,44.722225,58.77778,79,64.55556,-26,34.666668,-8.666667,0.30628127,-2.4221272,FOLIAGE
9,80,2.9444444,16.666666,17.333334,31.666666,21.88889,-18.88889,24.11111,-5.2222223,0.5142537,-2.4315135,FOLIAGE
6,81,4.111111,5.722223,7.6666665,18.88889,10.888889,-14.444445,19.222221,-4.7777777,0.6281558,-2.388561,FOLIAGE
45,108,25.5,27.277779,41.77778,61.11111,46.555557,-24.11111,33.88889,-9.777778,0.35897508,-2.3604913,FOLIAGE
1,81,12.166667,9.222222,14,30.555555,19.444445,-22,27.666666,-5.6666665,0.5952822,-2.438409,FOLIAGE
191,119,1.1111107,0.9444459,36.22222,48.22222,35.11111,-10.888889,25.11111,-14.222222,0.27171725,-2.0059998,CEMENT
219,80,1.2777767,0.6666667,36.333336,48.22222,34.555557,-10.111111,25.555555,-15.444445,0.28296396,-1.9626464,CEMENT
136,45,1.222222,2.0555553,48.11111,63.77778,47.333332,-14.888889,32.11111,-17.222221,0.25936732,-2.0459049,CEMENT
190,105,1.8888893,2.166666,41.22222,56.333332,39.666668,-13.555555,31.777779,-18.222221,0.29599184,-1.9960818,CEMENT
37,78,1.0000006,2.5555565,41.11111,51.88889,38.444443,-8.111111,24.222221,-16.11111,0.25891644,-1.8860723,CEMENT
198,127,2.4444444,8.555555,38,48.22222,36,-8.222222,22.444445,-14.222222,0.24899939,-1.9083478,CEMENT
191,101,1.111112,1.1111113,39,57.11111,39,-18.11111,36.22222,-18.11111,0.32273299,-2.0943027,CEMENT
243,120,4.4444447,1.5555547,44.77778,56.333332,42.444443,-9.222222,25.444445,-16.222221,0.2453213,-1.9107349,CEMENT
230,117,3.2777786,1.4444433,33.555557,49.77778,33.77778,-16.444445,32.22222,-15.777778,0.33502588,-2.1062348,CEMENT
151,89,8.388889,0.72222203,27.333334,41,26.777779,-13.111111,27.88889,-14.777778,0.35127252,-2.0465415,CEMENT
176,100,1.9444441,1.4444447,50.333332,66.88889,48.88889,-15.111111,34.555557,-19.444445,0.26862052,-2.00619,CEMENT
42,57,1.3888906,0.99999875,59.444443,79.44444,58.22222,-18.777779,41.22222,-22.444445,0.26677614,-2.0307028,CEMENT
217,148,2.0555556,1.0555553,21.444445,41.555557,24.222221,-22.88889,37.444443,-14.555555,0.4837708,-2.2379715,CEMENT
22,87,1.8888899,1.1666666,55.77778,80.333336,56,-24.777779,48.88889,-24.11111,0.30969977,-2.105073,CEMENT
130,32,1.1111113,0.83333397,54.22222,70.88889,53.333332,-15.777778,34.22222,-18.444445,0.24900064,-2.042422,CEMENT
163,68,1.833334,1.5555559,52,68.22222,50.11111,-14.333333,34.333332,-20,0.26505277,-1.9843078,CEMENT
187,80,1.3333327,1.3333334,37.77778,47.666668,36.11111,-8.222222,21.444445,-13.222222,0.24472968,-1.942698,CEMENT
140,73,1.7222214,0.7777774,45.666668,51.11111,42.11111,-1.8888888,14.444445,-12.555555,0.1761556,-1.6815889,CEMENT
236,117,0.7777786,1.277778,39.555557,58.444443,39.666668,-19,37.666668,-18.666666,0.33047688,-2.0994802,CEMENT
112,90,7.38889,1.2777773,57.666668,79.77778,58.11111,-22.555555,43.77778,-21.222221,0.27834544,-2.108813,CEMENT
197,121,21.666666,0.94444436,37.444443,49.444443,36.22222,-10.777778,25.222221,-14.444445,0.28057775,-1.9955361,CEMENT
141,17,3.7222226,5,40.333336,54,39.444443,-12.777778,28.222221,-15.444445,0.26818594,-2.030048,CEMENT
79,28,4.277777,0.8333333,53.444443,79.111115,54.666668,-26.88889,50.11111,-23.222221,0.32455578,-2.1445074,CEMENT
169,102,1,0.8888893,53.444443,69.66667,51.555557,-14.333333,34.333332,-20,0.25975996,-1.9855843,CEMENT
208,65,1.3888874,26.444445,52.666668,64.44444,53,-12.111111,23.222221,-11.111111,0.19713038,-1.9708116,CEMENT
189,144,0,0,0,0,0,0,0,0,0,0,WINDOW
189,141,0,0,0,0,0,0,0,0,0,0,WINDOW
210,153,0,0,0,0,0,0,0,0,0,0,WINDOW
57,89,1.7222222,6.1666665,13,24.555555,13.444445,-12,22.666666,-10.666667,0.47748852,-2.1297464,WINDOW
243,94,0.6666666,0.22222221,0.22222222,3.2222223,0.11111111,-2.8888888,6.111111,-3.2222223,0.9777778,-2.0712416,WINDOW
226,131,0,0,0,0,0,0,0,0,0,0,WINDOW
43,152,1.9444445,1.2222222,1,2.8888888,0.6666667,-1.5555556,4.111111,-2.5555556,0.64867723,-1.9332389,WINDOW
222,62,0.27777782,0.6666667,4.111111,11.444445,3.6666667,-6.888889,15.111111,-8.222222,0.68080807,-2.0341523,WINDOW
123,152,0,0,0,0,0,0,0,0,0,0,WINDOW
20,134,0.6666667,0.61111116,1.1111112,6.4444447,1.3333334,-5.5555553,10.444445,-4.888889,0.8292328,-2.133095,WINDOW
223,62,0.3333334,0.44444442,4.111111,11.444445,3.7777777,-7,15,-8,0.6703704,-2.0487173,WINDOW
184,145,0.72222227,0.22222222,0.33333334,1.2222222,0.11111111,-0.6666667,2,-1.3333334,0.5277778,-1.9209436,WINDOW
225,58,0.3333335,0.4444445,5.5555553,14.111111,5.3333335,-8.333333,17.333334,-9,0.62222224,-2.0685637,WINDOW
160,41,0.8333333,0.22222225,0.5555556,1.2222222,0.33333334,-0.44444445,1.5555556,-1.1111112,0.537037,-1.8451205,WINDOW
186,12,0.44444433,2.3333333,3.8888888,11.333333,3.5555556,-7.111111,15.222222,-8.111111,0.6873016,-2.057978,WINDOW
252,137,0.88888884,0.6111111,0.33333334,1.7777778,0.11111111,-1.2222222,3.1111112,-1.8888888,0.75,-2.0076063,WINDOW
206,61,0.5555555,0.4999999,4.666667,12.222222,4.3333335,-7.2222223,15.444445,-8.222222,0.64589113,-2.0487173,WINDOW
239,93,3.444444,1.0555555,9.888889,22.88889,10.444445,-13.555555,25.444445,-11.888889,0.57700235,-2.1374934,WINDOW
207,115,1.0555555,0.16666669,0.44444445,2.8888888,0.33333334,-2.3333333,5,-2.6666667,0.93333334,-2.0655363,WINDOW
90,134,0.38888887,0.94444436,1,4.666667,0.6666667,-3.3333333,7.6666665,-4.3333335,0.88148147,-2.0131435,WINDOW
86,197,1.611112,1.2777786,56.22222,77.77778,55.666668,-21,43.666668,-22.666666,0.28533262,-2.06802,PATH
4,189,2.0555565,11.722221,23.444445,33,22.88889,-9,19.666666,-10.666667,0.27147257,-2.1010017,PATH
134,187,1.8888887,2.1111114,52.666668,74.111115,51.333332,-20.11111,44.22222,-24.11111,0.30745777,-2.03348,PATH
252,201,4.6111107,5.5555553,35.77778,49,36.11111,-13.555555,26.11111,-12.555555,0.2753682,-2.1758256,PATH
219,176,2.1111119,5.111111,53.333332,75.66667,51.88889,-20.88889,46.11111,-25.222221,0.31446242,-2.0306482,PATH
205,190,1.2777773,1.6111107,44.77778,60.666668,43,-14.111111,33.555557,-19.444445,0.29078844,-1.9875989,PATH
202,193,1.111112,3.3888881,37.88889,50.666668,36.555557,-11.444445,26.88889,-15.444445,0.27838665,-1.9929975,PATH
223,161,1.3888893,8.999999,36,52.22222,37.88889,-18.11111,30.555555,-12.444445,0.30841646,-2.282295,PATH
87,196,1.3333321,2.222222,55,75.66667,54.11111,-19.777779,42.22222,-22.444445,0.28752622,-2.0487363,PATH
105,193,3.222222,2.8888893,53.11111,75.111115,52.11111,-21,45,-24,0.30846536,-2.047766,PATH
88,180,1.4999994,3.833332,45.22222,62.333332,43.666668,-15.555555,35.77778,-20.222221,0.3009182,-2.0087192,PATH
214,161,3.7222223,11.5,35.333336,49.666668,36.333336,-15.333333,27.666666,-12.333333,0.29805613,-2.198939,PATH
198,183,1.0555547,3.3888881,48.88889,66.55556,46.666668,-15.444445,37.555557,-22.11111,0.2986217,-1.9749589,PATH
189,187,1.2222227,3.0555553,44.11111,59.88889,41.555557,-13.222222,34.11111,-20.88889,0.30575457,-1.9474715,PATH
124,191,3.5000007,3.277778,52.88889,74.77778,51.555557,-20.555555,45.11111,-24.555555,0.31361094,-2.03548,PATH
182,186,3.666666,1.7777767,43.77778,59.88889,41.666668,-14,34.333332,-20.333334,0.30452195,-1.9730555,PATH
151,163,2.0555556,18.166666,34.555557,48,37.444443,-16.333334,24,-7.6666665,0.2638465,-2.5174901,PATH
112,197,4.2222233,4.9444447,44.666668,62.22222,44.11111,-17,35.666668,-18.666666,0.29632849,-2.0712209,PATH
137,182,1.8333334,3.6111107,31.444445,42.88889,30.444445,-10.444445,23.88889,-13.444445,0.28575617,-2.0011246,PATH
4,201,2.722222,5.2222214,47.11111,67.22222,46.77778,-19.777779,40.555557,-20.777779,0.30885938,-2.0752265,PATH
235,196,1.6666666,2.222222,41.77778,58.555557,41.444443,-16.444445,33.88889,-17.444445,0.29423782,-2.0746155,PATH
167,189,3.7777774,3.7777774,51.333332,72.44444,51.444443,-21.222221,42.11111,-20.88889,0.29552308,-2.1013258,PATH
250,176,1.611112,3.444444,47.11111,67.66667,46.22222,-19.666666,42,-22.333334,0.3181372,-2.0522583,PATH
244,194,1.722222,2.277778,44.444443,61.666668,43.11111,-15.888889,35.77778,-19.88889,0.30085307,-2.0218375,PATH
178,185,2.6111119,3.1111114,44,60.666668,42.444443,-15.111111,34.88889,-19.777779,0.30003616,-2.006186,PATH
229,195,4.166666,4.111111,42.444443,58.88889,41.77778,-15.777778,33.555557,-17.777779,0.29027814,-2.0527046,PATH
5,210,2.1666672,4.444444,45.444443,64.333336,44.11111,-17.555555,39.11111,-21.555555,0.3175664,-2.0208955,PATH
118,180,1.9444447,3.1111114,44.11111,59,42.555557,-13.333333,31.333334,-18,0.27882218,-1.9960423,PATH
86,193,3.2777793,2.222222,53.666668,76.55556,54,-23.222221,45.444443,-22.222221,0.29957896,-2.1093748,PATH
204,156,0.5000003,1.9999996,17.333334,25.444445,28.333334,-19.11111,5.2222223,13.888889,0.38903406,2.8649306,GRASS
71,180,1.222222,3,18.333334,21.444445,27.222221,-12,-2.6666667,14.666667,0.3273826,2.4538307,GRASS
60,181,1.6666666,2.6666667,17.11111,17.88889,23.88889,-7.5555553,-5.2222223,12.777778,0.28569087,2.1891353,GRASS
103,216,0.88888884,2.1666663,10.888889,13.666667,19.11111,-11,-2.6666667,13.666667,0.43169576,2.4475467,GRASS
89,221,1.3888888,1.4444445,10.666667,12.444445,19.11111,-10.222222,-4.888889,15.111111,0.44601154,2.3172119,GRASS
8,199,1.6666671,1.3888893,13.333333,11.777778,19.88889,-5,-9.666667,14.666667,0.40888458,1.9053026,GRASS
200,250,2.2777777,1.4444445,6.5555553,7.3333335,13.777778,-8,-5.6666665,13.666667,0.5633903,2.1929355,GRASS
163,166,1.7777776,2.444445,12.333333,16.333334,22.222221,-13.888889,-1.8888888,15.777778,0.4462137,2.5158255,GRASS
186,173,1.4444445,2.1111114,13.555555,15.555555,22.333334,-10.777778,-4.7777777,15.555555,0.39643326,2.332739,GRASS
2,245,1.8888888,3.1666667,6.2222223,6,7,-0.5555556,-1.2222222,1.7777778,0.19104938,1.7566451,GRASS
62,223,2.5,1.6666666,4.888889,4.666667,10.444445,-5.3333335,-6,11.333333,0.5931498,2.0465877,GRASS
242,183,1.4999999,2.1666667,12.666667,12.444445,21,-8.111111,-8.777778,16.88889,0.42024404,2.0758736,GRASS
200,215,1.5555559,4.722222,17.11111,22.555555,29.444445,-17.777779,-1.4444444,19.222221,0.42076695,2.5610487,GRASS
57,177,0.94444495,1.4444443,15.777778,18.444445,24.555555,-11.444445,-3.4444444,14.888889,0.3589904,2.413262,GRASS
117,224,3.0555556,3.0555556,15.444445,17.777779,27.555555,-14.444445,-7.4444447,21.88889,0.44151622,2.3041532,GRASS
233,211,2.6666667,1.6666666,12.444445,15.222222,18.666668,-9,-0.6666667,9.666667,0.33542147,2.5549645,GRASS
232,175,1.1666669,2.8333333,12.444445,13.555555,20.11111,-8.777778,-5.4444447,14.222222,0.38741234,2.2421958,GRASS
29,195,0.44444433,0.61111087,14.444445,13.333333,20.333334,-4.7777777,-8.111111,12.888889,0.34230694,1.9430399,GRASS
63,201,1.4444445,0.94444424,6.2222223,5.5555553,11.555555,-4.6666665,-6.6666665,11.333333,0.54320127,1.9829868,GRASS
93,236,1.7777777,1.9999999,9.555555,10.777778,17.222223,-8.888889,-5.2222223,14.111111,0.44724658,2.2671974,GRASS
72,191,1.2777777,3.1111114,12.111111,14.888889,18.555555,-9.222222,-0.8888889,10.111111,0.3503698,2.545329,GRASS
52,170,0.55555564,0.94444436,20.11111,25.333334,30.88889,-16,-0.33333334,16.333334,0.34911168,2.6040132,GRASS
233,184,0.5000002,0.7777777,9.777778,9.888889,15.888889,-6.2222223,-5.888889,12.111111,0.40555555,2.1286457,GRASS
237,191,1,1.5,5.3333335,5.4444447,11.222222,-6,-5.6666665,11.666667,0.5358197,2.1224225,GRASS
36,243,1.888889,2,9.888889,12.111111,18,-10.333333,-3.6666667,14,0.4522286,2.3683105,GRASS
186,218,1.1666666,1.1666665,10.666667,12.666667,17.777779,-9.111111,-3.1111112,12.222222,0.40134683,2.3826835,GRASS
197,236,2.4444444,3.3333333,13.111111,16.666668,18.444445,-8.888889,1.7777778,7.111111,0.29272884,2.7898002,GRASS
208,240,1.0555557,2.4444444,10.888889,13,18.555555,-9.777778,-3.4444444,13.222222,0.42162097,2.3924873,GRASS
223,185,0.5,2.3888886,11.555555,9.777778,17.555555,-4.2222223,-9.555555,13.777778,0.44541803,1.8388497,GRASS
110,189,1.0000004,1.2222223,10.888889,9.222222,18.666668,-6.111111,-11.111111,17.222221,0.50813884,1.9108642,GRASS
86,187,1.1111108,1.4444445,11.666667,10.333334,19.222221,-6.2222223,-10.222222,16.444445,0.46332908,1.9414649,GRASS
225,244,3.3888886,2.9999998,10.333334,9.333334,17.11111,-5.7777777,-8.777778,14.555555,0.48014903,1.9879022,GRASS
47,232,1.2777778,1,11,9,18.11111,-5.111111,-11.111111,16.222221,0.50096595,1.875362,GRASS
97,186,1.1666671,1.1666671,13.888889,11.777778,21.11111,-5.111111,-11.444445,16.555555,0.44266057,1.8636538,GRASS
157,221,1.0555555,1.2222222,10.222222,8.111112,18,-5.6666665,-12,17.666666,0.5491797,1.8771459,GRASS
62,224,0.9444445,2.3333335,13.222222,11.444445,19.222221,-4.2222223,-9.555555,13.777778,0.40896538,1.8601909,GRASS
27,248,1.611111,3.1666667,14.777778,12.888889,18.222221,-1.5555556,-7.2222223,8.777778,0.31222734,1.7835119,GRASS
44,233,2.2222219,2.111111,12.555555,11.333333,19.555555,-5.7777777,-9.444445,15.222222,0.42217422,1.9504046,GRASS
17,229,2.1111114,2.4444447,11.222222,11.111111,18.777779,-7.4444447,-7.7777777,15.222222,0.4398524,2.0999045,GRASS
32,240,1.2777776,2.2777777,9.777778,9.333334,17.333334,-7.111111,-8.444445,15.555555,0.47067475,2.0438652,GRASS
55,209,1.8333331,1.3888888,10.333334,10.333334,16.88889,-6.5555553,-6.5555553,13.111111,0.40790388,2.0992203,GRASS
138,203,1.666667,2.2777781,8.777778,8.111112,16.88889,-7.4444447,-9.444445,16.88889,0.53894526,2.019747,GRASS
90,189,0.88888884,1.0555555,10.444445,9.444445,18.777779,-7.3333335,-10.333333,17.666666,0.49709514,1.9855517,GRASS
245,238,1.6666665,2.3333333,6.3333335,6.5555553,13.888889,-7.7777777,-7.111111,14.888889,0.59701496,2.1260629,GRASS
58,217,1.3888888,1.6666665,9.777778,9,17,-6.4444447,-8.777778,15.222222,0.48659843,2.0066419,GRASS
146,201,0.61111087,1.0555555,8.666667,7,16.333334,-6,-11,17,0.5708515,1.9092555,GRASS
19,184,0.5555555,0.8333333,12.333333,11,19.333334,-5.6666665,-9.666667,15.333333,0.43115196,1.9378915,GRASS
245,176,1.0000006,1,15.111111,17,23.333334,-10.111111,-4.4444447,14.555555,0.35206997,2.332243,GRASS
228,182,0.88888854,0.7777775,14.555555,12.777778,23,-6.6666665,-12,18.666666,0.44435817,1.9164191,GRASS
80,203,1.3888887,1.9444443,10,9,18.222221,-7.2222223,-10.222222,17.444445,0.5144446,1.9867483,GRASS
184,197,3.0555553,4.5555553,8.888889,9.555555,17.444445,-9.222222,-7.2222223,16.444445,0.51518697,2.164262,GRASS
85,223,1.7777776,1.9444445,12.666667,11.555555,20,-6.2222223,-9.555555,15.777778,0.42312294,1.9665359,GRASS
162,237,2.2777777,2.6666667,10.888889,10,18.777779,-7,-9.666667,16.666666,0.47282594,1.9903806,GRASS
116,245,2.277778,2.2777777,13.555555,14.333333,21.222221,-8.444445,-6.111111,14.555555,0.38490298,2.1980507,GRASS
44,187,1.4444448,0.8333335,13.222222,12.777778,19.666668,-6,-7.3333335,13.333333,0.35552603,2.038483,GRASS
215,219,2.5555556,3.2222223,10.333334,10.222222,19.11111,-8.666667,-9,17.666666,0.49459508,2.0861003,GRASS
200,250,2.2777777,1.4444445,6.5555553,7.3333335,13.777778,-8,-5.6666665,13.666667,0.5633903,2.1929355,GRASS
114,238,1.666667,1.4444445,11.111111,10.666667,19.11111,-7.5555553,-8.888889,16.444445,0.46145898,2.0466826,GRASS
30,251,2.444444,8,21.444445,17.777779,22.777779,2.3333333,-8.666667,6.3333335,0.23141664,1.2870604,GRASS
34,164,0.888889,1.2777778,9.222222,10.333334,14.444445,-6.3333335,-3,9.333333,0.367923,2.291118,GRASS
102,203,0.6666665,1.3333331,7.4444447,6.4444447,15.444445,-7,-10,17,0.5918262,1.9847853,GRASS
217,245,3.1666667,2.1666667,7.4444447,7.111111,14.666667,-6.888889,-7.888889,14.777778,0.57276654,2.0694523,GRASS
163,210,1.5555555,1.4999999,9.333334,8.888889,17.333334,-7.5555553,-8.888889,16.444445,0.48873982,2.0437257,GRASS
4,188,1.5555555,2.333333,13.333333,14,19.88889,-7.2222223,-5.2222223,12.444445,0.3424082,2.2046695,GRASS
34,169,0.8333333,1.6111112,10.666667,9.777778,18,-6.4444447,-9.111111,15.555555,0.46356925,1.9931829,GRASS
47,209,1.7222222,1.388889,9.555555,9.222222,16.11111,-6.2222223,-7.2222223,13.444445,0.46432462,2.0609548,GRASS
158,195,2.4444442,2.8333333,9.444445,8.555555,17.11111,-6.7777777,-9.444445,16.222221,0.5177167,2.011228,GRASS
176,233,1.4444443,2.611111,10.333334,8.333334,18.777779,-6.4444447,-12.444445,18.88889,0.554881,1.9036856,GRASS
223,185,0.5,2.3888886,11.555555,9.777778,17.555555,-4.2222223,-9.555555,13.777778,0.44541803,1.8388497,GRASS
10,223,1.5000001,3.555556,13.777778,12.888889,18.444445,-3.7777777,-6.4444447,10.222222,0.33066535,1.9109454,GRASS
166,222,1.5555555,1.1666665,8.666667,6.6666665,16.11111,-5.4444447,-11.444445,16.88889,0.58765954,1.8704867,GRASS
175,212,1.0000001,1.8333334,10,9,17.88889,-6.888889,-9.888889,16.777779,0.4987573,1.9744948,GRASS
88,211,1.388889,2.4444444,8.888889,7.6666665,15.888889,-5.7777777,-9.444445,15.222222,0.52432793,1.9408315,GRASS
170,226,1.5555553,2.3888888,10.111111,8,17.555555,-5.3333335,-11.666667,17,0.5483297,1.872506,GRASS
75,226,2.2222226,1.611111,15.333333,13,21.777779,-4.111111,-11.111111,15.222222,0.40474883,1.8223403,GRASS
2,198,0.888889,1.9444448,9.666667,10.555555,16.333334,-7.5555553,-4.888889,12.444445,0.4157716,2.2212758,GRASS
85,225,1.5,1.6111113,14.444445,12.777778,21.333334,-5.2222223,-10.222222,15.444445,0.40115124,1.8910155,GRASS
165,186,2.5555546,2,45.11111,61.11111,42.333336,-13.222222,34.77778,-21.555555,0.3072572,-1.9408131,PATH
64,176,2.3333328,1.0000006,46,62.333332,44,-14.333333,34.666668,-20.333334,0.29405567,-1.9808797,PATH
200,189,1.1111113,3.1666667,45.11111,60.88889,43,-13.666667,33.666668,-20,0.2938097,-1.9732205,PATH
135,185,2.2222214,2.2777793,44.11111,57.333332,42.444443,-11.555555,28.11111,-16.555555,0.2591888,-1.9820988,PATH
183,185,2.8888881,5.777777,40.666668,55,39.22222,-12.888889,30.11111,-17.222221,0.28574014,-2.0049882,PATH
253,192,2.1666667,2.5555553,42.333336,59.22222,41,-15.555555,35.11111,-19.555555,0.3074729,-2.020234,PATH
54,176,2.1111126,2.6666672,46,62.666668,43.333332,-14,36,-22,0.30857325,-1.9514097,PATH
86,179,2,3.555556,45.77778,62.11111,43.77778,-14.333333,34.666668,-20.333334,0.29654688,-1.9786568,PATH
250,196,1.4999994,2.2777767,42.666668,58.77778,41.88889,-15.333333,33,-17.666666,0.28913772,-2.0459957,PATH
237,192,0.8333333,4.3888893,41.11111,57.666668,40.333336,-15.777778,33.88889,-18.11111,0.3026748,-2.047243,PATH
214,194,1.222222,3.2222226,40.22222,55.444443,39.555557,-14.555555,31.11111,-16.555555,0.29197225,-2.0469983,PATH
160,187,2.6111119,5.1111107,44.666668,60.88889,42.88889,-14.444445,34.22222,-19.777779,0.2973408,-1.9906267,PATH
201,191,1.0000006,2.944444,44.666668,59.77778,43.11111,-13.555555,31.777779,-18.222221,0.2788862,-1.9989927,PATH
217,195,4.2222233,2.3888893,39.666668,55.555557,40,-16.222221,31.444445,-15.222222,0.2929567,-2.1185718,PATH
185,188,1.7777767,1.9999994,45,62.11111,43.444443,-15.555555,35.77778,-20.222221,0.3004298,-2.0073802,PATH
65,176,2.8888886,1.5,45.22222,61,43,-13.555555,33.77778,-20.222221,0.294787,-1.9657031,PATH
251,195,2.944444,3.833334,42.555557,59.22222,42,-16.11111,33.88889,-17.777779,0.2918749,-2.0567336,PATH
149,182,3.1111126,7,37.22222,47.333332,35,-7.888889,22.444445,-14.555555,0.24779001,-1.8682772,PATH
171,187,2.9444454,2.6666672,43.333332,60.11111,41.666668,-15.111111,35.22222,-20.11111,0.3067255,-1.9985466,PATH
249,200,2.5555546,2.5,40.666668,55.77778,39.444443,-13.888889,31.444445,-17.555555,0.29278436,-2.0166461,PATH
24,172,1.166667,9.777778,38,50.333332,37.77778,-12.111111,24.88889,-12.777778,0.24983571,-2.143718,PATH
129,184,2.222222,3.6111114,41.77778,54.444443,39.444443,-10.333333,27.666666,-17.333334,0.2758183,-1.9301959,PATH
77,177,1.3333327,2.1666672,44.22222,59.333332,41.666668,-12.555555,32.77778,-20.222221,0.29743084,-1.9404231,PATH
189,187,1.2222227,3.0555553,44.11111,59.88889,41.555557,-13.222222,34.11111,-20.88889,0.30575457,-1.9474715,PATH
53,176,1.9444453,1.5555559,45.444443,62.11111,43.333332,-14.555555,35.444443,-20.88889,0.3024212,-1.9775702,PATH
223,190,1.9999994,2.055556,42,57.77778,40.88889,-14.666667,32.666668,-18,0.29222646,-2.0251334,PATH
188,190,1.9444447,2.055556,44.22222,60,42.444443,-14,33.333332,-19.333334,0.29230747,-1.9863075,PATH
205,190,1.2777773,1.6111107,44.77778,60.666668,43,-14.111111,33.555557,-19.444445,0.29078844,-1.9875989,PATH
214,195,0.8333333,2,41.11111,57.333332,41.22222,-16.333334,32.333332,-16,0.2902986,-2.1013772,PATH
147,182,2.2777786,2.9444447,40.333336,52.555557,37.88889,-9.777778,26.88889,-17.11111,0.27866945,-1.9191672,PATH
70,177,2.166666,1.666666,45,61,42.333336,-13.333333,34.666668,-21.333334,0.30596185,-1.9426625,PATH
173,190,2.3333328,1.5555559,44.88889,62.333332,44.11111,-16.666666,35.666668,-19,0.2921254,-2.048697,PATH
215,193,1.9999994,4.8333335,40.88889,55.333332,39.444443,-13,30.333334,-17.333334,0.28924206,-2.0001178,PATH
168,184,4.6666665,5.8333325,43.88889,58.666668,42.22222,-13.111111,31.222221,-18.11111,0.2781955,-1.9867758,PATH
227,196,2.6111114,3.5555565,42.11111,58.22222,41.22222,-15.222222,33.11111,-17.88889,0.2924689,-2.0394914,PATH
202,193,1.111112,3.3888881,37.88889,50.666668,36.555557,-11.444445,26.88889,-15.444445,0.27838665,-1.9929975,PATH
185,186,2.1666667,2.9999993,44,58.88889,41.77778,-12.666667,32,-19.333334,0.29042712,-1.9560229,PATH
248,200,1.388888,1.777778,41.333336,56.555557,40.444443,-14.333333,31.333334,-17,0.28666258,-2.0380163,PATH
253,201,2.9999993,2.8333328,39.22222,53.88889,38.77778,-14.222222,29.777779,-15.555555,0.2808298,-2.0678604,PATH
252,201,4.6111107,5.5555553,35.77778,49,36.11111,-13.555555,26.11111,-12.555555,0.2753682,-2.1758256,PATH
228,191,1.4444447,2.3333328,44,60.555557,43.11111,-15.666667,34,-18.333334,0.28958246,-2.040515,PATH
102,179,1.8333334,2.4444447,44.88889,59.77778,42.88889,-12.888889,31.777779,-18.88889,0.28268683,-1.970398,PATH
235,196,1.6666666,2.222222,41.77778,58.555557,41.444443,-16.444445,33.88889,-17.444445,0.29423782,-2.0746155,PATH
110,182,2.3888893,2.555556,42.666668,56.333332,40.11111,-11.111111,29.88889,-18.777779,0.28764573,-1.9300476,PATH
209,191,3.0555553,5.722222,43.88889,58.666668,42.11111,-13,31.333334,-18.333334,0.27976418,-1.964901,PATH
235,195,1.8888887,2.9999988,42.77778,59.666668,42.555557,-16.666666,34,-17.333334,0.29058507,-2.0810955,PATH
236,193,2.6666653,4.0555553,43.333332,61.22222,42.77778,-17.333334,36.333332,-19,0.30314395,-2.0654206,PATH
180,186,1.5000013,1.9444441,45,61.333332,42.555557,-13.888889,35.11111,-21.222221,0.30616122,-1.9580852,PATH
181,186,2.9444454,2.0555553,44.11111,60.444443,41.88889,-14.111111,34.88889,-20.777779,0.30702683,-1.9685109,PATH
132,182,0.8888893,2.1111114,40.22222,52.555557,37.77778,-9.888889,27.11111,-17.222221,0.2807636,-1.917349,PATH
133,181,2.3888893,4.777777,37.77778,49.555557,36.444443,-10.444445,24.88889,-14.444445,0.2656194,-1.9983681,PATH
227,195,2.5,3.5000007,42.77778,58.555557,41.88889,-14.888889,32.444443,-17.555555,0.28449497,-2.038956,PATH
142,183,1,1.5555553,40.22222,52,37.333336,-8.888889,26.444445,-17.555555,0.28154,-1.8877307,PATH
167,190,3.055556,5.055556,44.88889,63.22222,45.11111,-18.555555,36.444443,-17.88889,0.29895782,-2.1126902,PATH
23,172,1.333334,9.166667,38,51.22222,37.77778,-13,26.666666,-13.666667,0.26545405,-2.1265585,PATH
142,185,2.2777786,3.1111114,43.88889,58.22222,41.333336,-11.777778,31.222221,-19.444445,0.28914437,-1.937924,PATH
200,193,2.555556,4.6111107,37.444443,50,36.11111,-11.222222,26.444445,-15.222222,0.27987626,-1.9958013,PATH
178,185,2.6111119,3.1111114,44,60.666668,42.444443,-15.111111,34.88889,-19.777779,0.30003616,-2.006186,PATH
233,197,3.8888874,2,44.333332,61.444443,43.444443,-16.222221,35.11111,-18.88889,0.29465598,-2.0433986,PATH
169,186,2.333334,5.5000005,44.666668,61.11111,42.555557,-14.333333,35,-20.666666,0.30344796,-1.974394,PATH
118,180,1.9444447,3.1111114,44.11111,59,42.555557,-13.333333,31.333334,-18,0.27882218,-1.9960423,PATH
234,194,1.4444453,3.8333333,43,60.333332,42.555557,-16.88889,35.11111,-18.222221,0.29836866,-2.0718758,PATH
142,182,1.1111113,2.7777774,40.333336,52.88889,37.666668,-9.888889,27.777779,-17.88889,0.28686288,-1.9049777,PATH
240,195,1.8888887,1.8333346,43.22222,60.666668,42.666668,-16.88889,35.444443,-18.555555,0.3003628,-2.0630436,PATH
224,190,2.8888886,3.0000007,42.444443,58.666668,41.333336,-15.111111,33.555557,-18.444445,0.2956214,-2.025942,PATH
174,188,2.8888886,3.6111107,45.444443,62,43.77778,-14.888889,34.77778,-19.88889,0.29399088,-1.9950715,PATH
252,195,2.6111119,3.722222,42.444443,58.77778,41.77778,-15.666667,33.333332,-17.666666,0.28878826,-2.0516715,PATH
149,185,1.5555553,3.0555553,45.333332,59.555557,43.11111,-12,30.666666,-18.666666,0.2758892,-1.9527698,PATH
118,182,1.777778,2.500002,41.666668,54.333332,39,-10,28,-18,0.28187475,-1.9106771,PATH
170,189,2.277778,2.4444447,45.77778,63.333332,44.22222,-16,36.666668,-20.666666,0.30134642,-2.0089307,PATH
182,186,3.666666,1.7777767,43.77778,59.88889,41.666668,-14,34.333332,-20.333334,0.30452195,-1.9730555,PATH
10,172,4.277777,6.6666656,40.333336,54.666668,39.333336,-13.333333,29.666666,-16.333334,0.27804413,-2.0524528,PATH
229,195,4.166666,4.111111,42.444443,58.88889,41.77778,-15.777778,33.555557,-17.777779,0.29027814,-2.0527046,PATH
177,190,0.94444466,1.3888893,47.333332,64.55556,45.333332,-15.222222,36.444443,-21.222221,0.29773334,-1.9858987,PATH
240,192,2.3888881,4.3888893,40.555557,58.11111,39.22222,-16.222221,36.444443,-20.222221,0.32560807,-2.0165784,PATH
236,194,2.666666,2.4444435,44.22222,62.444443,43.666668,-17.666666,37,-19.333334,0.30066735,-2.0642767,PATH
117,181,1.8333334,3.0000007,43,56.88889,40.77778,-11.666667,30,-18.333334,0.28328654,-1.9490879,PATH
186,188,1.8333321,1.9444433,45.11111,61.444443,43.333332,-14.555555,34.444443,-19.88889,0.29477406,-1.9934397,PATH
9,171,1.4999994,2.7777774,41,57.22222,39.555557,-14.777778,33.88889,-19.11111,0.30794257,-2.0107226,PATH
190,188,2.0000007,2.2777774,44.666668,61.77778,42.666668,-15.111111,36.22222,-21.11111,0.30923617,-1.9845647,PATH
244,194,1.722222,2.277778,44.444443,61.666668,43.11111,-15.888889,35.77778,-19.88889,0.30085307,-2.0218375,PATH
205,194,1.6111107,5.388889,37.11111,50.444443,36.333336,-12.555555,27.444445,-14.888889,0.28055963,-2.0375679,PATH
88,180,1.4999994,3.833332,45.22222,62.333332,43.666668,-15.555555,35.77778,-20.222221,0.3009182,-2.0087192,PATH
62,177,1.2777786,1.6666673,46.333332,63.11111,43.77778,-14.222222,36.11111,-21.88889,0.30621472,-1.9560046,PATH
2,171,1.9444447,3.6666667,41,56.333332,40,-14.333333,31.666666,-17.333334,0.28798285,-2.0329285,PATH
169,190,3.1111114,2.8888893,46.88889,65,45.77778,-17,37.333332,-20.333334,0.2970586,-2.0348296,PATH
32,173,1.7222217,9,39.555557,52.88889,38.333336,-12.111111,27.88889,-15.777778,0.26691392,-1.9988575,PATH
205,190,1.2777773,1.6111107,44.77778,60.666668,43,-14.111111,33.555557,-19.444445,0.29078844,-1.9875989,PATH
204,194,2.6111114,5.1111107,37,49.77778,36.333336,-12.111111,26.222221,-14.111111,0.27541482,-2.0452008,PATH
187,36,0.38888884,0.4999999,4.7777777,13,4.7777777,-8.222222,16.444445,-8.222222,0.6486569,-2.0972927,WINDOW
225,36,0.44444457,0.38888893,5,13.666667,5.111111,-8.777778,17.222221,-8.444445,0.63492066,-2.1073034,WINDOW
222,145,0,0,0,0,0,0,0,0,0,0,WINDOW
242,148,0,0,0,0,0,0,0,0,0,0,WINDOW
125,149,0,0,0,0,0,0,0,0,0,0,WINDOW
200,31,2.111111,5.055555,8.333334,16.555555,8.888889,-8.777778,15.888889,-7.111111,0.5009438,-2.1719491,WINDOW
240,63,0.55555564,0.38888916,6.3333335,14,6.5555553,-7.888889,15.111111,-7.2222223,0.54770046,-2.1218371,WINDOW
137,141,0.055555563,0.055555556,0,0.11111111,0,-0.11111111,0.22222222,-0.11111111,0.11111111,-2.0943952,WINDOW
222,62,0.27777782,0.6666667,4.111111,11.444445,3.6666667,-6.888889,15.111111,-8.222222,0.68080807,-2.0341523,WINDOW
128,144,0,0,0,0,0,0,0,0,0,0,WINDOW
186,90,4.444444,0.6666667,7.5555553,15,7.5555553,-7.4444447,14.888889,-7.4444447,0.5339284,-2.067026,WINDOW
184,145,0.72222227,0.22222222,0.33333334,1.2222222,0.11111111,-0.6666667,2,-1.3333334,0.5277778,-1.9209436,WINDOW
206,12,2.6111112,4.5,8.444445,17.666668,8.222222,-9,18.666666,-9.666667,0.5437747,-2.0644825,WINDOW
202,63,0.38888907,0.44444466,4,10.555555,3.6666667,-6.2222223,13.444445,-7.2222223,0.65353537,-2.04457,WINDOW
200,13,1.7777777,0.27777767,6.111111,15.888889,5.888889,-9.555555,19.777779,-10.222222,0.63273925,-2.0741334,WINDOW
223,150,0,0,0,0,0,0,0,0,0,0,WINDOW
201,34,4.277778,0.44444466,9.777778,20.88889,10.555555,-11.888889,21.444445,-9.555555,0.5448579,-2.1628716,WINDOW
231,91,0.4999999,0.5555554,4.5555553,9.777778,3.6666667,-4.3333335,11.333333,-7,0.62065095,-1.9349097,WINDOW
171,89,0,0,0,0,0,0,0,0,0,0,WINDOW
200,147,0.22222222,0.4444445,0.22222222,0.44444445,0.22222222,-0.22222222,0.44444445,-0.22222222,0.11111111,-2.0943952,WINDOW
174,152,0,0,0,0,0,0,0,0,0,0,WINDOW
218,147,0,0,0,0,0,0,0,0,0,0,WINDOW
187,86,1.0555556,3.0555553,4.666667,10.888889,4.5555553,-6.111111,12.555555,-6.4444447,0.5942257,-2.0544748,WINDOW
253,150,0,0,0,0,0,0,0,0,0,0,WINDOW
170,143,0,0,0,0,0,0,0,0,0,0,WINDOW
156,154,0.2777778,0.77777773,1,3.5555556,0.6666667,-2.2222223,5.4444447,-3.2222223,0.8388889,-1.9882019,WINDOW
177,33,1.6666666,4.3333335,6.4444447,13.111111,6.6666665,-6.888889,13.111111,-6.2222223,0.547103,-2.0561194,WINDOW
249,58,1.3333334,0.27777767,6,14.555555,6,-8.555555,17.11111,-8.555555,0.6077675,-2.0853417,WINDOW
182,39,5.5000005,0.611111,7.3333335,14.333333,6.888889,-6.5555553,14.444445,-7.888889,0.5760211,-2.0362277,WINDOW
155,40,1.888889,0.05555554,1.2222222,1.5555556,1,-0.11111111,0.8888889,-0.7777778,0.11666667,-1.5707964,WINDOW
220,61,0.27777776,0.5555556,4.5555553,12,4.111111,-7,15.333333,-8.333333,0.65589225,-2.039459,WINDOW
206,64,0.055555504,0.27777776,3.6666667,10.333334,3.1111112,-6.111111,13.888889,-7.7777777,0.6979798,-2.015428,WINDOW
160,95,3.2222223,0.22222225,2.1111112,2.5555556,1.7777778,-0.11111111,1.2222222,-1.1111112,0.10119048,-1.6289082,WINDOW
206,61,0.5555555,0.4999999,4.666667,12.222222,4.3333335,-7.2222223,15.444445,-8.222222,0.64589113,-2.0487173,WINDOW
180,142,0.16666669,0.11111111,0,0.33333334,0,-0.33333334,0.6666667,-0.33333334,0.22222222,-2.0943952,WINDOW
158,154,0.9444444,0.2222222,0.44444445,1.2222222,0.22222222,-0.5555556,1.7777778,-1.2222222,0.2777778,-1.8611541,WINDOW
231,30,0.72222215,2.9999998,4.7777777,11.666667,4.666667,-6.7777777,13.888889,-7.111111,0.6137184,-2.047276,WINDOW
242,65,0.5555553,1,6.111111,14.333333,6.3333335,-8.444445,16.222221,-7.7777777,0.5834605,-2.1218784,WINDOW
161,89,4.6666665,0.16666682,2.8888888,3.7777777,2.6666667,-0.6666667,2,-1.3333334,0.0976431,-1.8904839,WINDOW
242,148,0,0,0,0,0,0,0,0,0,0,WINDOW
138,144,0.8888889,0.2777778,0.5555556,1,0.44444445,-0.33333334,1,-0.6666667,0.37037036,-1.9042695,WINDOW
226,90,0.77777773,0.38888884,5.111111,12.111111,4.3333335,-6.2222223,14.777778,-8.555555,0.6410182,-1.9895461,WINDOW
119,153,5.0555553,0.055555504,3,3.8888888,3.2222223,-1.1111112,1.5555556,-0.44444445,0.08501683,-2.2217164,WINDOW
197,144,0.9444444,0.38888887,0.33333334,1.6666666,0.11111111,-1.1111112,2.8888888,-1.7777778,0.8611111,-1.9869384,WINDOW
130,145,0,0,0,0,0,0,0,0,0,0,WINDOW
187,89,3,1.111111,6.3333335,13,6,-6.3333335,13.666667,-7.3333335,0.548545,-2.0438845,WINDOW
173,93,0,0,0,0,0,0,0,0,0,0,WINDOW
223,62,0.3333334,0.44444442,4.111111,11.444445,3.7777777,-7,15,-8,0.6703704,-2.0487173,WINDOW
168,40,0,0,0,0,0,0,0,0,0,0,WINDOW
161,144,0,0,0,0,0,0,0,0,0,0,WINDOW
225,90,0.38888893,0.55555564,4.666667,11.222222,3.8888888,-5.7777777,13.888889,-8.111111,0.65115255,-1.987466,WINDOW
189,141,0,0,0,0,0,0,0,0,0,0,WINDOW
134,148,0.11111113,0.055555556,0,0.11111111,0,-0.11111111,0.22222222,-0.11111111,0.11111111,-2.0943952,WINDOW
166,36,0,0,0,0,0,0,0,0,0,0,WINDOW
241,145,0,0,0,0,0,0,0,0,0,0,WINDOW
203,61,0.16666675,0.7222221,4.4444447,12.333333,4.2222223,-7.6666665,16,-8.333333,0.66625965,-2.0682037,WINDOW
232,149,0,0,0,0,0,0,0,0,0,0,WINDOW
182,152,0.77777785,0.8333333,0.33333334,1.6666666,0.33333334,-1.3333334,2.6666667,-1.3333334,0.70555556,-2.0943952,WINDOW
216,151,0.16666667,0.11111113,0,0.33333334,0,-0.33333334,0.6666667,-0.33333334,0.22222222,-2.0943952,WINDOW
220,149,0.11111113,0.11111113,0,0.11111111,0,-0.11111111,0.22222222,-0.11111111,0.11111111,-2.0943952,WINDOW
163,152,0,0,0,0,0,0,0,0,0,0,WINDOW
131,144,0,0,0,0,0,0,0,0,0,0,WINDOW
180,141,0.055555563,0.055555556,0,0.11111111,0,-0.11111111,0.22222222,-0.11111111,0.11111111,-2.0943952,WINDOW
225,58,0.3333335,0.4444445,5.5555553,14.111111,5.3333335,-8.333333,17.333334,-9,0.62222224,-2.0685637,WINDOW
170,154,0.11111111,0.055555556,0,0.22222222,0,-0.22222222,0.44444445,-0.22222222,0.22222222,-2.0943952,WINDOW
238,61,0.66666657,0.7222221,5.888889,14.333333,6.111111,-8.666667,16.666666,-8,0.5888227,-2.1218371,WINDOW
189,62,0.38888893,0.44444442,5,13.111111,4.7777777,-7.888889,16.444445,-8.555555,0.6359381,-2.0669532,WINDOW
226,144,0,0,0,0,0,0,0,0,0,0,WINDOW
199,144,0.33333334,0.33333334,0.11111111,1.1111112,0.11111111,-1,2,-1,0.7407407,-2.0943952,WINDOW
170,62,0,0,0,0,0,0,0,0,0,0,WINDOW
123,152,0,0,0,0,0,0,0,0,0,0,WINDOW
161,154,0,0,0,0,0,0,0,0,0,0,WINDOW
161,147,0,0,0,0,0,0,0,0,0,0,WINDOW
245,140,0.16666666,0.6111111,0.22222222,0.7777778,0.22222222,-0.5555556,1.1111112,-0.5555556,0.24074075,-2.0943952,WINDOW
174,145,0,0,0,0,0,0,0,0,0,0,WINDOW
214,143,0.11111113,0.44444442,0.22222222,1.7777778,0,-1.3333334,3.3333333,-2,0.8888889,-1.9869384,WINDOW
186,12,0.44444433,2.3333333,3.8888888,11.333333,3.5555556,-7.111111,15.222222,-8.111111,0.6873016,-2.057978,WINDOW
188,88,0.6666667,0.33333325,5.111111,12.222222,4.666667,-6.6666665,14.666667,-8,0.61790985,-2.0357685,WINDOW
155,68,3.4444447,0.16666667,2.1111112,2.8888888,1.8888888,-0.5555556,1.7777778,-1.2222222,0.11574074,-1.8611541,WINDOW
160,41,0.8333333,0.22222225,0.5555556,1.2222222,0.33333334,-0.44444445,1.5555556,-1.1111112,0.537037,-1.8451205,WINDOW
189,142,0,0,0,0,0,0,0,0,0,0,WINDOW
133,141,0.11111111,0.11111113,0,0.22222222,0,-0.22222222,0.44444445,-0.22222222,0.22222222,-2.0943952,WINDOW
173,152,0,0,0,0,0,0,0,0,0,0,WINDOW
189,144,0,0,0,0,0,0,0,0,0,0,WINDOW
173,67,1.1111112,0.22222225,0.7777778,1.1111112,0.33333334,0.11111111,1.1111112,-1.2222222,0.23148148,-1.5126845,WINDOW
210,153,0,0,0,0,0,0,0,0,0,0,WINDOW
49,42,2.6111107,1.333334,50.666668,74.55556,51.444443,-24.666666,47,-22.333334,0.3229307,-2.1257355,CEMENT
188,73,1.0555553,2.2777786,35.666668,49.77778,35.11111,-13.555555,28.777779,-15.222222,0.2970959,-2.0549638,CEMENT
139,95,3.6111107,7.0555553,42.88889,56.333332,41.333336,-11.888889,28.444445,-16.555555,0.2645714,-1.9708016,CEMENT
92,70,1.1111107,0.7777767,53.444443,77,52.88889,-23,47.666668,-24.666666,0.31436473,-2.070832,CEMENT
169,117,1.222222,1.111111,27.444445,39,27.333334,-11.444445,23.222221,-11.777778,0.30714995,-2.0889142,CEMENT
63,19,2.4444447,1.4444447,38,58.77778,38.77778,-21.555555,40.77778,-19.222221,0.35522667,-2.1336765,CEMENT
69,68,0.83333206,0.7777774,49.22222,71,48.666668,-21.222221,44.11111,-22.88889,0.31602636,-2.0695407,CEMENT
151,89,8.388889,0.72222203,27.333334,41,26.777779,-13.111111,27.88889,-14.777778,0.35127252,-2.0465415,CEMENT
180,116,2.9444456,1.333333,29.11111,41.666668,28.777779,-12.222222,25.444445,-13.222222,0.30946052,-2.068113,CEMENT
58,109,1.1666666,1.0555553,36.11111,53.666668,35.666668,-17.11111,35.555557,-18.444445,0.3349617,-2.068644,CEMENT
191,101,1.111112,1.1111113,39,57.11111,39,-18.11111,36.22222,-18.11111,0.32273299,-2.0943027,CEMENT
24,15,0.8333346,1.1111107,61,87.44444,61.77778,-27.222221,52.11111,-24.88889,0.30227023,-2.1249814,CEMENT
152,98,7.0000014,1.0555559,24.88889,37.11111,24.333334,-11.666667,25,-13.333333,0.34639803,-2.0429404,CEMENT
44,50,1.1666673,1.0555573,57.333332,80.333336,57.666668,-23.333334,45.666668,-22.333334,0.29016516,-2.1077845,CEMENT
105,69,2.5000012,1.8333327,53.444443,73.22222,52,-18.333334,41,-22.666666,0.28965253,-2.0228615,CEMENT
27,57,0.7222226,0.7222226,60,90.111115,61,-31.11111,59.22222,-28.11111,0.33538663,-2.128801,CEMENT
52,33,13.888889,0.277778,31.333334,45.555557,30.555555,-13.444445,29.222221,-15.777778,0.33727008,-2.0304284,CEMENT
45,67,0.6666673,1.055554,57.11111,80.44444,56.666668,-22.88889,47.11111,-24.222221,0.29814535,-2.0766623,CEMENT
72,32,3.9444447,2.277778,48.555557,72.77778,47.77778,-23.444445,49.22222,-25.777779,0.3444093,-2.060607,CEMENT
142,119,5.277778,1.0555553,40.666668,56,40.22222,-14.888889,31.11111,-16.222221,0.2807703,-2.0640383,CEMENT
244,134,2.1111126,1.0000006,37.11111,58.22222,38.77778,-22.777779,40.555557,-17.777779,0.36128438,-2.1753492,CEMENT
118,111,1.2222227,0.55555534,56.444443,75.333336,55,-17.444445,39.22222,-21.777779,0.2692176,-2.014126,CEMENT
78,85,5.4999995,6.4999995,42.444443,61.555557,42.666668,-19.333334,38,-18.666666,0.31522787,-2.0973632,CEMENT
2,95,2.0555565,0.88889056,47.444443,71.66667,47.77778,-24.555555,48.11111,-23.555555,0.3377558,-2.1078582,CEMENT
114,145,2.166666,0.99999934,52.444443,76.77778,54.11111,-26,47,-21,0.31713998,-2.1661513,CEMENT
141,17,3.7222226,5,40.333336,54,39.444443,-12.777778,28.222221,-15.444445,0.26818594,-2.030048,CEMENT
22,125,2.277778,2.4444447,50.22222,73.77778,50.666668,-24,46.666668,-22.666666,0.32390848,-2.1127234,CEMENT
229,102,0.88888866,7.944444,37,54.444443,36.88889,-17.333334,35,-17.666666,0.31827116,-2.0885792,CEMENT
230,117,3.2777786,1.4444433,33.555557,49.77778,33.77778,-16.444445,32.22222,-15.777778,0.33502588,-2.1062348,CEMENT
80,77,1.388888,0.6666667,51.11111,74,52.22222,-24,44.666668,-20.666666,0.31068987,-2.1430485,CEMENT
248,103,0.9444434,1.1111113,30.777779,45.22222,30.88889,-14.555555,28.777779,-14.222222,0.32391465,-2.1026068,CEMENT
228,22,1.1111107,1.3888887,42.77778,62.88889,43.333332,-20.666666,39.666668,-19,0.3194739,-2.123537,CEMENT
228,42,2.055556,4.333334,39.555557,54.11111,40,-15,28.666666,-13.666667,0.27157217,-2.120131,CEMENT
109,111,1.4444447,1.5000006,51.333332,71.66667,50.333332,-19.333334,41.666668,-22.333334,0.29889232,-2.045165,CEMENT
19,62,11.222222,0.6666667,53.77778,80,54.666668,-27.11111,51.555557,-24.444445,0.32936445,-2.1262069,CEMENT
78,128,1.1666673,1.388888,42.666668,64.22222,42.88889,-21.777779,42.88889,-21.11111,0.34023675,-2.1024415,CEMENT
170,121,2.166667,2.7222223,28.666666,40.555557,27.88889,-11.111111,24.555555,-13.444445,0.3134271,-2.0242684,CEMENT
58,48,2.277778,0.27777734,35.444447,52.444443,34.666668,-16.222221,34.77778,-18.555555,0.33911672,-2.0487316,CEMENT
179,133,2.3888886,0.8888893,32,46.333332,32,-14.333333,28.666666,-14.333333,0.3133975,-2.091572,CEMENT
103,65,1.277778,1.2222214,53.77778,73.888885,52.77778,-19.11111,41.22222,-22.11111,0.2870454,-2.0419006,CEMENT
114,129,2.055556,0.77777606,54.22222,78,55,-24.555555,46.77778,-22.222221,0.30597952,-2.1269891,CEMENT
11,62,0.88889056,0.72222394,57.444443,84.66667,58.22222,-28,53.666668,-25.666666,0.3227603,-2.124459,CEMENT
41,101,1.7222214,2.0555542,56.88889,79.44444,56.77778,-22.444445,45.22222,-22.777779,0.28936154,-2.0895698,CEMENT
121,102,2.9444435,1.222222,47.11111,62.333332,45.555557,-13.666667,32,-18.333334,0.2694,-1.9948803,CEMENT
220,111,2.555555,2.2777774,25.444445,38.22222,25.11111,-12.444445,25.88889,-13.444445,0.34932512,-2.064723,CEMENT
219,132,1.4444447,1.1111107,29.555555,45.666668,30.444445,-17,31.333334,-14.333333,0.35474625,-2.1469688,CEMENT
241,70,1.0555559,4.1111107,36.444443,48.333332,35.11111,-10.555555,25.11111,-14.555555,0.27405116,-1.9904121,CEMENT
186,98,1.2777783,5.944444,31,41,29.88889,-8.888889,21.11111,-12.222222,0.2656978,-1.9603096,CEMENT
209,70,2.222223,8.777778,33.666668,44.444443,32.11111,-9.222222,23.11111,-13.888889,0.27335805,-1.9605819,CEMENT
91,64,0.94444466,1.0555559,53.666668,78.111115,54.22222,-25,48.333332,-23.333334,0.31425992,-2.1180868,CEMENT
22,87,1.8888899,1.1666666,55.77778,80.333336,56,-24.777779,48.88889,-24.11111,0.30969977,-2.105073,CEMENT
87,146,0.944444,5.111111,36.88889,55.88889,36.666668,-18.777779,38.22222,-19.444445,0.34745374,-2.0818424,CEMENT
38,94,1.3888906,0.88888806,61.11111,82.66667,60.555557,-21,43.666668,-22.666666,0.26725835,-2.0685365,CEMENT
147,34,4.611111,0.7777786,41.11111,60,41.666668,-19.444445,37.22222,-17.777779,0.3175422,-2.1228747,CEMENT
112,38,11.055554,1.111112,58.22222,78.44444,57.22222,-19.222221,41.444443,-22.222221,0.27165923,-2.0388238,CEMENT
151,101,9.611111,0.5,27.222221,39.444443,26.88889,-11.888889,24.777779,-12.888889,0.32728764,-2.05839,CEMENT
169,131,2.3888886,9.222222,30.666666,45.77778,30.666666,-15.111111,30.222221,-15.111111,0.33861881,-2.0891855,CEMENT
70,38,1.2222227,1.0000006,50,74.333336,49.666668,-24,49,-25,0.33601543,-2.0785036,CEMENT
47,96,0.94444466,0.8333333,54.444443,77,54.333332,-22.444445,45.22222,-22.777779,0.29722086,-2.0891051,CEMENT
109,100,0.944444,0.44444466,51.555557,69.66667,50.22222,-16.777779,37.555557,-20.777779,0.27896288,-2.024061,CEMENT
136,45,1.222222,2.0555553,48.11111,63.77778,47.333332,-14.888889,32.11111,-17.222221,0.25936732,-2.0459049,CEMENT
93,67,1.7222208,1.4999994,53,75.888885,53.333332,-23.222221,45.444443,-22.222221,0.303044,-2.109804,CEMENT
53,42,3.2777774,0.611111,24.444445,36.22222,24.11111,-11.444445,23.88889,-12.444445,0.33789337,-2.0610058,CEMENT
191,107,2.0555553,10.333333,26.88889,35.88889,24.88889,-7,20,-13,0.31155226,-1.8771589,CEMENT
39,17,1.1111107,0.88889056,63.333332,87.333336,62.88889,-23.555555,48.444443,-24.88889,0.2848739,-2.0751612,CEMENT
19,102,3.88889,1.1666666,50.666668,73.44444,51,-23.11111,45.22222,-22.11111,0.317014,-2.1020474,CEMENT
92,89,1.9999994,1.2222214,51,74.44444,51.333332,-23.777779,46.555557,-22.777779,0.31787068,-2.1087568,CEMENT
79,28,4.277777,0.8333333,53.444443,79.111115,54.666668,-26.88889,50.11111,-23.222221,0.32455578,-2.1445074,CEMENT
116,125,2.8333333,2.0555546,52.555557,76.44444,53.77778,-25.11111,46.555557,-21.444445,0.3172057,-2.1450453,CEMENT
109,76,1.5000006,0.3888887,47.666668,61.555557,46.11111,-12.333333,29.333334,-17,0.25070548,-1.9899223,CEMENT
32,88,0.83333206,1.111112,57.88889,85,58.88889,-28.11111,53.22222,-25.11111,0.32012162,-2.1320271,CEMENT
113,123,1.4444441,1.9444441,51.88889,73.77778,52.333332,-22.333334,43.333332,-21,0.29916364,-2.1119413,CEMENT
118,21,4.8333344,1.277778,59.333332,79.22222,59.11111,-19.666666,40,-20.333334,0.2570597,-2.072158,CEMENT
238,73,2.277776,1.5,38.77778,53,38.77778,-14.222222,28.444445,-14.222222,0.27433428,-2.0964146,CEMENT
178,25,0.7222214,1.5555559,39.555557,55,39.88889,-15.777778,30.555555,-14.777778,0.2845817,-2.1188104,CEMENT
227,44,0.55555534,1.6111094,42.88889,58,42.555557,-14.777778,30.555555,-15.777778,0.27198678,-2.0704656,CEMENT
24,93,1.6111094,2.0555553,54.77778,79.22222,54.555557,-24.222221,49.11111,-24.88889,0.3155379,-2.0837152,CEMENT
193,125,5.055556,1.9444447,32.333336,47.555557,32.444447,-15.333333,30.333334,-15,0.3218254,-2.1006875,CEMENT
224,124,1.5555559,1.8888887,36.77778,56.333332,37.444443,-20.222221,38.444443,-18.222221,0.3480217,-2.1278005,CEMENT
120,108,4.611111,1.666666,52.666668,69.55556,52,-16.222221,34.444443,-18.222221,0.25245842,-2.0538688,CEMENT
158,76,0.833333,3.277778,31.88889,42,30.666666,-8.888889,21.444445,-12.555555,0.2703099,-1.9814991,CEMENT
55,145,5.0555553,1,24.222221,33.333336,22.777779,-7.6666665,19.666666,-12,0.31533822,-1.934686,CEMENT
75,90,4.1666675,2.8333333,41.22222,61.444443,42,-21,39.666668,-18.666666,0.32763156,-2.1318614,CEMENT
104,112,0.6111107,1.0555559,52.22222,73.333336,51.88889,-20.777779,42.555557,-21.777779,0.29368052,-2.0784628,CEMENT
144,35,2.3333328,2.055556,32.333336,47.444443,33,-15.777778,29.555555,-13.777778,0.3197136,-2.138762,CEMENT
94,104,6.6111107,1.0000013,48.88889,69.55556,48.77778,-20.555555,41.444443,-20.88889,0.30307138,-2.0854902,CEMENT
40,17,1.2777761,1.4444453,62.444443,86.55556,62.555557,-24.222221,48.11111,-23.88889,0.28623843,-2.098521,CEMENT
105,111,0.3888887,1.0555559,53.22222,74.888885,52.444443,-20.88889,44.11111,-23.222221,0.29966387,-2.0580003,CEMENT
140,116,1.777778,0.55555534,42.333336,56.555557,41.555557,-13.444445,29.222221,-15.777778,0.26456326,-2.0386236,CEMENT
130,32,1.1111113,0.83333397,54.22222,70.88889,53.333332,-15.777778,34.22222,-18.444445,0.24900064,-2.042422,CEMENT
102,158,2.2777774,1.8333334,35.555557,47.444443,35,-11.333333,24.333334,-13,0.26415184,-2.049172,CEMENT
236,117,0.7777786,1.277778,39.555557,58.444443,39.666668,-19,37.666668,-18.666666,0.33047688,-2.0994802,CEMENT
23,25,1.1111094,0.6111107,60.666668,89,61.666668,-29.333334,55.666668,-26.333334,0.3181906,-2.1304197,CEMENT
83,143,1.2777767,1.2222214,43,64.77778,43.333332,-22.11111,43.22222,-21.11111,0.3412286,-2.1089952,CEMENT
74,64,1.8333327,2,49.666668,71,49.11111,-20.777779,43.22222,-22.444445,0.3130033,-2.0671675,CEMENT
153,116,3.2777777,1.1111107,25,38.333336,25,-13.333333,26.666666,-13.333333,0.35575584,-2.0907812,CEMENT
67,34,1.1111113,0.555556,46.22222,70.333336,46.22222,-24.11111,48.22222,-24.11111,0.34747013,-2.0945199,CEMENT
51,64,17.5,0.6666673,35.22222,50.11111,34.666668,-14.333333,30.333334,-16,0.31010145,-2.030269,CEMENT
97,46,1.6666673,2.2222207,53.22222,79.111115,54.666668,-27.333334,50.333332,-23,0.32671866,-2.1523037,CEMENT
76,134,2.5555546,1.4444441,41.88889,63.11111,41.77778,-21.11111,42.555557,-21.444445,0.3411113,-2.0869143,CEMENT
34,116,5.777778,0.49999872,52.444443,76.44444,54.11111,-25.666666,46.333332,-20.666666,0.31323463,-2.1617932,CEMENT
20,122,1.5555547,1.7777773,51.555557,78.22222,52.444443,-27.555555,52.444443,-24.88889,0.34236288,-2.1284232,CEMENT
94,80,2.1666653,0.83333397,51.22222,72.111115,51.666668,-21.333334,41.333332,-20,0.2908336,-2.1163511,CEMENT
229,24,1.777778,1.2222233,42.333336,61.22222,44,-20.555555,36.11111,-15.555555,0.3086199,-2.1867971,CEMENT
84,62,0.72222203,0.9444434,53.444443,76.22222,53.444443,-22.777779,45.555557,-22.777779,0.3031787,-2.0937438,CEMENT
52,89,5.2222223,0.7222226,25.222221,36.88889,24.666666,-11.111111,23.88889,-12.777778,0.33112764,-2.0484614,CEMENT
112,90,7.38889,1.2777773,57.666668,79.77778,58.11111,-22.555555,43.77778,-21.222221,0.27834544,-2.108813,CEMENT
139,115,2.1111107,0.7222214,42.444443,56.333332,41.444443,-12.888889,28.777779,-15.888889,0.2641149,-2.0211253,CEMENT
247,115,3.555556,1.3888897,24.88889,36.77778,24.88889,-11.888889,23.777779,-11.888889,0.33166277,-2.094392,CEMENT
113,34,1.9999987,0.8333308,65,89.111115,64.55556,-23.666666,48.666668,-25,0.27917594,-2.0781536,CEMENT
233,124,2.1111114,2.0555553,35.77778,51.444443,35.555557,-15.444445,31.555555,-16.11111,0.31709695,-2.0769668,CEMENT
80,72,1.2222227,1.4444441,51.333332,74.44444,51.22222,-23,46.333332,-23.333334,0.31460637,-2.0902212,CEMENT
29,78,0.6666654,2.6111107,59.666668,88.44444,61.11111,-30.222221,56.11111,-25.88889,0.32548746,-2.145541,CEMENT
151,129,8.055556,0.72222203,27.555555,41.11111,27.444445,-13.444445,27.222221,-13.777778,0.3384073,-2.0787966,CEMENT
147,87,6.8333335,1.5555567,37.88889,54.88889,37.22222,-16.333334,34.666668,-18.333334,0.319706,-2.050388,CEMENT
153,78,9.388889,2.9444444,27.11111,37.444443,26.333334,-9.555555,21.444445,-11.888889,0.30020806,-2.0177794,CEMENT
86,20,0.94444656,1.9444441,56.444443,81.66667,57.444443,-26.222221,49.444443,-23.222221,0.30955637,-2.1330314,CEMENT
83,81,0.44444337,0.7222214,51.88889,74.44444,52,-22.666666,45,-22.333334,0.30741948,-2.0988503,CEMENT
167,53,1.2777773,0.9444434,36.88889,48.666668,35.77778,-10.666667,24.666666,-14,0.2645635,-2.0045598,CEMENT
104,103,0.94444466,0.6666673,52.22222,72.66667,51.77778,-20,41.333332,-21.333334,0.28739437,-2.0711336,CEMENT
58,122,2.0555556,6.1111107,29.222221,44.333332,29,-14.888889,30.444445,-15.555555,0.3496519,-2.0748382,CEMENT
102,50,1.611112,1.333334,53,75.77778,53.77778,-23.555555,44.77778,-21.222221,0.30477422,-2.1294794,CEMENT
29,18,0.7777774,1.7222227,59,86.111115,59.77778,-27.88889,53.444443,-25.555555,0.31715608,-2.123641,CEMENT
39,138,1.1111107,2.3888893,49.11111,66.77778,48,-16.555555,36.444443,-19.88889,0.28091076,-2.0296564,CEMENT
79,44,4.8888893,2.1111126,50.11111,75.55556,50.333332,-25.666666,50.666668,-25,0.33991683,-2.1026516,CEMENT
45,121,2.0555573,6.6111107,47.77778,68.66667,48.444443,-21.555555,41.11111,-19.555555,0.3071933,-2.1269433,CEMENT
108,128,7.0555553,1.666666,46.333332,67.111115,46.333332,-20.777779,41.555557,-20.777779,0.31292745,-2.0919266,CEMENT
83,133,2.3333347,1.166666,41.555557,62.555557,41.88889,-21.333334,41.666668,-20.333334,0.33914515,-2.1117887,CEMENT
34,13,0.22222011,1.5555534,60.666668,88.111115,62.333332,-29.11111,53.22222,-24.11111,0.3114367,-2.1549888,CEMENT
148,109,0.99999934,1.222222,42.555557,62.88889,42.77778,-20.555555,40.444443,-19.88889,0.32513812,-2.105478,CEMENT
40,35,0.7222226,1.0555547,61.77778,85.333336,61.22222,-23,47.666668,-24.666666,0.2874884,-2.0742002,CEMENT
202,21,0.33333334,5.222221,37.11111,49.333332,35.77778,-10.888889,25.777779,-14.888889,0.2745188,-1.9908056,CEMENT
13,15,1.2222227,1.2222227,59.333332,86.888885,60.666668,-28.88889,53.77778,-24.88889,0.3169049,-2.145323,CEMENT
57,42,2.333334,0.99999875,32.77778,47.77778,31.777779,-14,31,-17,0.3346618,-2.029552,CEMENT
156,49,1.0555547,1.2222208,35.666668,44.11111,34.333336,-7.111111,18.222221,-11.111111,0.22118697,-1.949745,CEMENT
42,57,1.3888906,0.99999875,59.444443,79.44444,58.22222,-18.777779,41.22222,-22.444445,0.26677614,-2.0307028,CEMENT
227,132,6.666668,1.3333334,33.22222,49.22222,33.88889,-16.666666,31.333334,-14.666667,0.32576838,-2.1295228,CEMENT
74,127,4.8333335,1.6666666,39.444443,57.333332,39,-17.444445,36.22222,-18.777779,0.31732458,-2.061036,CEMENT
77,135,2.944444,1.7777767,41,60.666668,40.444443,-19.11111,39.88889,-20.777779,0.3346597,-2.0634599,CEMENT
106,65,2.222222,2.2777786,53.666668,74.55556,53.666668,-20.88889,41.77778,-20.88889,0.28732476,-2.0910368,CEMENT
191,119,1.1111107,0.9444459,36.22222,48.22222,35.11111,-10.888889,25.11111,-14.222222,0.27171725,-2.0059998,CEMENT
51,111,16.222223,0.44444498,30.333334,42.22222,29.777779,-11.333333,24.333334,-13,0.29035455,-2.0057423,CEMENT
182,135,4.222222,1.1111103,28.555555,41,28.555555,-12.444445,24.88889,-12.444445,0.30882394,-2.0932033,CEMENT
152,83,4.444444,0.94444436,23.333334,33.22222,23,-9.555555,20.11111,-10.555555,0.30741498,-2.0632424,CEMENT
187,75,1.5555559,5.6666665,35.77778,48.22222,35.11111,-11.777778,25.555555,-13.777778,0.27505925,-2.036435,CEMENT
147,125,6.388889,1.3333327,37.22222,55,37.444443,-18,35.333332,-17.333334,0.32463875,-2.0964737,CEMENT
252,76,1.7222214,0.5555547,36,54.11111,36.77778,-18.88889,35.444443,-16.555555,0.334876,-2.1390018,CEMENT
189,48,0.72222203,4.6666665,38.77778,49.88889,37.555557,-9.888889,23.444445,-13.555555,0.24524052,-2.0032587,CEMENT
157,20,1.3333334,4.944444,32,42.77778,31.666666,-10.444445,21.88889,-11.444445,0.26195785,-2.045203,CEMENT
90,36,0.94444275,1.1111094,56.555557,84.77778,57.77778,-29.444445,55.22222,-25.777779,0.33281505,-2.1385806,CEMENT
75,65,2.5,1.5555553,50.444443,72.66667,50.11111,-21.88889,44.77778,-22.88889,0.31478265,-2.077647,CEMENT
245,110,4.88889,1.7777783,29.11111,44.444443,28.777779,-15,31,-16,0.35354832,-2.0686526,CEMENT
47,121,0.88888866,4.888888,46.88889,66.88889,47.22222,-20.333334,39.666668,-19.333334,0.30067223,-2.1102333,CEMENT
18,43,1.8888893,1.5555567,54.88889,82.55556,56.666668,-29.444445,53.555557,-24.11111,0.3351151,-2.1605515,CEMENT
37,104,7.8333325,22.111109,14.888889,23.444445,17.555555,-11.222222,14.444445,-3.2222223,0.6076133,-2.4250698,FOLIAGE
81,145,4.5555553,7.5,9.888889,20.11111,10.333334,-10.666667,20,-9.333333,0.53272784,-2.0623195,FOLIAGE
21,64,16.277779,20.222223,24.666666,38,30.333334,-19,21,-2,0.40074632,-2.593825,FOLIAGE
20,70,11.499999,7.944445,13.666667,23.88889,18.222221,-14.777778,15.888889,-1.1111112,0.47688422,-2.5891109,FOLIAGE
119,115,2.4444444,5,3.5555556,12.888889,6.2222223,-12,16,-4,0.7672355,-2.3909924,FOLIAGE
35,107,10.222221,9.833333,7.3333335,12.222222,9,-6.5555553,8.111111,-1.5555556,0.6749559,-2.4929647,FOLIAGE
23,92,4.111111,7,8.777778,18.666668,10.555555,-11.666667,18,-6.3333335,0.56489813,-2.2805607,FOLIAGE
118,109,3.5555553,3.9999993,7,22.333334,10.555555,-18.88889,27.11111,-8.222222,0.694627,-2.3440928,FOLIAGE
18,70,9.444444,9.944444,16.222223,26.666666,20.222221,-14.444445,16.88889,-2.4444444,0.4158355,-2.5142038,FOLIAGE
39,124,5.3333335,6.5000005,4.111111,12.888889,5.7777777,-10.444445,15.888889,-5.4444447,0.7721516,-2.2657473,FOLIAGE
45,108,25.5,27.277779,41.77778,61.11111,46.555557,-24.11111,33.88889,-9.777778,0.35897508,-2.3604913,FOLIAGE
14,71,13.055554,21.888885,25.555555,40.22222,29.777779,-18.88889,25.11111,-6.2222223,0.39567065,-2.4018247,FOLIAGE
76,138,3.2222226,5.5,9.888889,24.777779,14.888889,-19.88889,24.777779,-4.888889,0.60921985,-2.4395385,FOLIAGE
97,63,0.7222214,0.33333206,96.22222,126.111115,104.44444,-38.11111,51.555557,-13.444445,0.23688999,-2.3824377,SKY
188,42,0.7777786,1.6666679,95.666664,126.22222,104.888885,-39.77778,51.88889,-12.111111,0.24193405,-2.4103878,SKY
112,77,0.94444656,1.1666654,93.888885,125.22222,103.77778,-41.22222,52.77778,-11.555555,0.2501428,-2.4246798,SKY
83,28,0.3888893,0.88888675,99.44444,131.11111,108.333336,-40.555557,54.444443,-13.888889,0.24151142,-2.3878844,SKY
121,82,0.555556,0.6111107,92.888885,125.888885,100.77778,-40.88889,58.11111,-17.222221,0.2620926,-2.3448718,SKY
142,33,0.49999872,0.50000125,96.77778,128.66667,106.333336,-41.444443,54.22222,-12.777778,0.24777646,-2.4080186,SKY
66,109,0.83333206,1.0000013,89.44444,122.22222,95.77778,-39.11111,59.22222,-20.11111,0.26811782,-2.2975464,SKY
190,45,0.6666667,0.7777786,95.888885,126.888885,104.111115,-39.22222,53.77778,-14.555555,0.24428888,-2.3718073,SKY
91,54,0.8333333,0.8333346,97.888885,127.111115,105,-36.333332,51.333332,-15,0.22967392,-2.345744,SKY
53,28,0.44444403,1.7777786,96.44444,130.66667,107.666664,-45.444443,57.22222,-11.777778,0.26183844,-2.4385846,SKY
77,36,0.555556,1.0555559,98.22222,130.33334,107.22222,-41.11111,55.22222,-14.111111,0.24633974,-2.387384,SKY
88,91,1.0555559,0.7222214,92.55556,123.44444,98.666664,-37,55.666668,-18.666666,0.2502041,-2.300486,SKY
235,46,1.1666654,1.3333321,100.888885,132.88889,110.111115,-41.22222,54.77778,-13.555555,0.24072178,-2.395028,SKY
192,51,0.72222394,0.94444275,95.22222,127,104,-40.555557,54.77778,-14.222222,0.25013667,-2.3834376,SKY
152,18,0.7777774,0.55555725,97.22222,130.44444,108.666664,-44.666668,55,-10.333333,0.2546684,-2.45498,SKY
83,54,0.77777606,0.6666667,97.55556,127.44444,104.888885,-37.22222,52.444443,-15.222222,0.23450433,-2.3511817,SKY
115,81,0.72222394,0.72222394,91.888885,124.888885,101,-42.11111,56.88889,-14.777778,0.26421982,-2.3822613,SKY
35,67,2.6666653,3.833332,92.111115,125.55556,100.55556,-41.88889,58.444443,-16.555555,0.26643977,-2.3573377,SKY
178,16,0.3333346,1.4999987,99.55556,131,108.333336,-40.22222,54.11111,-13.888889,0.23989888,-2.3850007,SKY
92,104,1.7222227,1.8333346,87.22222,119.888885,94.44444,-39.88889,58.11111,-18.222221,0.27240252,-2.3262012,SKY
66,41,0.61111194,0.38889185,95.111115,128.88889,105.111115,-43.77778,57.555557,-13.777778,0.26204562,-2.404745,SKY
37,61,0.6111107,0.555556,95.111115,128.33334,103.77778,-41.88889,57.77778,-15.888889,0.25886914,-2.3673959,SKY
53,78,1.2222252,2.6666653,93.22222,125.666664,101.666664,-40.88889,56.444443,-15.555555,0.25818166,-2.3680825,SKY
222,38,0.555556,2.1111107,100.44444,131.44444,108.55556,-39.11111,53.88889,-14.777778,0.23576024,-2.370002,SKY
160,30,0.22222137,0.61110944,97.666664,129,107,-40.666668,53.333332,-12.666667,0.24285044,-2.405295,SKY
155,20,0.61111194,0.61111194,98.44444,129.55556,107.111115,-39.77778,53.555557,-13.777778,0.24010754,-2.3852131,SKY
230,12,0.88888806,1.611112,107.22222,135.33334,114.55556,-35.444443,48.88889,-13.444445,0.20767513,-2.368866,SKY
175,14,0.88888806,1.2222227,100.111115,132.11111,109.22222,-41.11111,54.88889,-13.777778,0.24216007,-2.3911133,SKY
79,58,1.0555559,1.0555586,96.333336,126.44444,104.44444,-38.22222,52.11111,-13.888889,0.23814337,-2.3752072,SKY
84,86,0.8333346,1.1666692,92.888885,124.111115,100.333336,-38.666668,55,-16.333334,0.25155202,-2.3437886,SKY
220,39,0.66666794,1.3333334,99.44444,131.11111,108.44444,-40.666668,54.333332,-13.666667,0.24145858,-2.393564,SKY
58,25,0.7777799,0.3888893,97.77778,131.33334,107.55556,-43.333332,57.333332,-14,0.25541002,-2.3968942,SKY
19,28,1.1666666,1.111112,96.111115,131.22223,107.22222,-46.22222,59.11111,-12.888889,0.26754448,-2.4259923,SKY
185,35,1.3888868,1.1666654,96.44444,125.44444,105.44444,-38,49,-11,0.23116584,-2.4202032,SKY
253,32,0.49999872,1.3333296,103.888885,133.33334,113.111115,-38.666668,49.666668,-11,0.22074823,-2.421193,SKY
171,15,0.66666794,0.66666794,100.111115,132,109.111115,-40.88889,54.77778,-13.888889,0.24157602,-2.3890254,SKY
238,55,0.72222394,1,101,132.22223,107.77778,-38,55.666668,-17.666666,0.23589359,-2.3196974,SKY
231,13,1.2777761,1,106.55556,135.77779,113.666664,-36.333332,51.333332,-15,0.21508773,-2.3518965,SKY
238,25,0.38888678,0.94444656,103.666664,133.77779,111.333336,-37.77778,52.555557,-14.777778,0.22497466,-2.3601954,SKY
112,30,0.55555725,1.2222227,100.77778,130.11111,108.888885,-37.444443,50.555557,-13.111111,0.22538376,-2.3853076,SKY
80,40,0.6111107,0.7222226,96.22222,129,106.888885,-43.444443,54.88889,-11.444445,0.2540513,-2.4346924,SKY
220,36,0.94444275,1.0555559,100.77778,132.44444,108.888885,-39.77778,55.22222,-15.444445,0.23908533,-2.3622375,SKY
67,40,0.6666654,0.6666667,95.333336,129,105.77778,-44.11111,56.88889,-12.777778,0.2609661,-2.4194565,SKY
116,54,0.61111194,1.7222227,96.77778,126.111115,103.666664,-36.22222,51.77778,-15.555555,0.23221897,-2.3363297,SKY
123,68,0.944444,0.72222394,94.22222,126.333336,101.55556,-39.444443,56.88889,-17.444445,0.25415963,-2.333212,SKY
11,50,1.7777773,1.111112,93.888885,130.33334,103.55556,-46.11111,63.22222,-17.11111,0.27970007,-2.3720198,SKY
103,64,0.6666667,1.3333308,96.333336,126.22222,103.77778,-37.333332,52.333332,-15,0.2367968,-2.3554425,SKY
76,19,0.944444,0.88888806,101,132.33334,109.44444,-39.77778,54.22222,-14.444445,0.23673333,-2.3759847,SKY
213,14,1.0555559,1.6666692,104.22222,134.11111,112.666664,-38.333332,51.333332,-13,0.2228557,-2.3903835,SKY
134,29,0.7777774,0.44444275,98.55556,130.55556,107.111115,-40.555557,55.444443,-14.888889,0.24509327,-2.3732064,SKY
78,30,0.6666667,0.944444,99.333336,131.11111,108.44444,-40.88889,54.444443,-13.555555,0.24233662,-2.3950639,SKY
232,31,0.5555547,0.7777774,101.888885,132.55556,110.44444,-39.22222,52.77778,-13.555555,0.23132005,-2.384877,SKY
57,89,0.5555547,1.2777786,93.111115,125.44444,99.666664,-38.88889,58.11111,-19.222221,0.25774616,-2.3062038,SKY
112,18,0.8333333,0.5,102.333336,130.11111,108.888885,-34.333332,49,-14.666667,0.21325745,-2.3408391,SKY
162,14,0.9444453,0.61111325,99,130.66667,108.55556,-41.22222,53.77778,-12.555555,0.24229442,-2.4089675,SKY
104,41,0.3888893,0.8333333,99,129.33334,108,-39.333332,51.666668,-12.333333,0.23449263,-2.4045534,SKY
179,63,0.99999744,6.222223,92.666664,123.22222,100.888885,-38.77778,52.88889,-14.111111,0.2481359,-2.3752825,SKY
62,26,0.7777774,0.44444403,98.333336,130.88889,107.44444,-41.666668,56,-14.333333,0.24869815,-2.38614,SKY
207,58,0.7777774,0.88888806,97.666664,128.11111,105.333336,-38.11111,53.22222,-15.111111,0.2375665,-2.3572707,SKY
174,50,1.0000013,0.9444453,94.666664,125.77778,101.888885,-38.333332,55,-16.666666,0.2473368,-2.3372955,SKY
44,79,0.44444403,0.7777786,93.888885,126.55556,102.77778,-41.555557,56.444443,-14.888889,0.2580791,-2.3779652,SKY
47,215,3.1111114,3.3888893,14.444445,15.666667,21.444445,-8.222222,-4.5555553,12.777778,0.34176603,2.2660944,GRASS
156,181,0.49999985,1.4999999,9,9.777778,16.222223,-8,-5.6666665,13.666667,0.44597858,2.2066422,GRASS
57,229,2.7222226,3.4444447,12,13.555555,18.333334,-7.888889,-3.2222223,11.111111,0.3476919,2.3504374,GRASS
29,195,0.44444433,0.61111087,14.444445,13.333333,20.333334,-4.7777777,-8.111111,12.888889,0.34230694,1.9430399,GRASS
8,199,1.6666671,1.3888893,13.333333,11.777778,19.88889,-5,-9.666667,14.666667,0.40888458,1.9053026,GRASS
135,211,1.8888885,2.1666663,14.444445,16.333334,23.11111,-10.555555,-4.888889,15.444445,0.37555233,2.3275452,GRASS
103,174,1.4444447,1.6666666,20.666668,19.88889,29,-7.5555553,-9.888889,17.444445,0.32797024,2.0336978,GRASS
34,242,1.611111,2.4444447,11.333333,15.666667,17.444445,-10.444445,2.5555556,7.888889,0.35316142,2.835614,GRASS
197,156,0.9444439,2.0555558,13.444445,15.555555,21.777779,-10.444445,-4.111111,14.555555,0.38463837,2.3635807,GRASS
35,167,1.611111,1.5,16.777779,15.666667,24.666666,-6.7777777,-10.111111,16.88889,0.36550307,1.9715719,GRASS
129,176,1.4444443,2.722222,19.444445,19.777779,29,-9.888889,-8.888889,18.777779,0.33502117,2.1269014,GRASS
29,184,1.6111107,2.6666667,11.444445,11.333333,18.11111,-6.5555553,-6.888889,13.444445,0.3876632,2.080445,GRASS
46,238,1.0555557,2.166667,9.666667,12.666667,17.444445,-10.777778,-1.7777778,12.555555,0.44550914,2.5082257,GRASS
207,172,1.0000004,1.6666673,16.444445,16.333334,24.222221,-7.6666665,-8,15.666667,0.34374964,2.0838537,GRASS
182,197,2.166667,2.3888888,10.444445,12.777778,15.333333,-7.2222223,-0.22222222,7.4444447,0.322069,2.6282077,GRASS
145,170,1.277778,1.222222,12.777778,16.88889,19.555555,-10.888889,1.4444444,9.444445,0.34671864,2.7370737,GRASS
106,193,1.0555557,0.888889,11.666667,12.555555,19.11111,-8.333333,-5.6666665,14,0.38886335,2.2100549,GRASS
100,155,0.49999967,0.8333333,20,20.666668,29.333334,-10,-8,18,0.31808975,2.1693969,GRASS
91,247,2.6666665,2.222222,9.555555,12.444445,15.888889,-9.222222,-0.5555556,9.777778,0.4018332,2.55309,GRASS
73,164,0.94444436,1.888889,21.777779,19.11111,28.555555,-4.111111,-12.111111,16.222221,0.330345,1.7983025,GRASS
170,185,0.611111,1.4444447,8.111112,9.777778,14.333333,-7.888889,-2.8888888,10.777778,0.4351852,2.3628104,GRASS
144,169,1.1111107,1.3888884,13.444445,18,19.88889,-11,2.6666667,8.333333,0.32496518,2.8348217,GRASS
11,163,1.0555553,2.5000002,17.444445,16.666668,25.333334,-7.111111,-9.444445,16.555555,0.34426668,2.0016809,GRASS
164,202,1.4999999,1.6111112,12,14.777778,18.555555,-9.333333,-1,10.333333,0.35402012,2.5227482,GRASS
230,162,1.6666666,0.9444442,13.777778,15.888889,22.333334,-10.666667,-4.3333335,15,0.38252184,2.3503675,GRASS
249,207,2.7222226,0.888889,9.555555,10.333334,16.555555,-7.7777777,-5.4444447,13.222222,0.43238926,2.2172632,GRASS
97,176,0.77777797,2.3888893,19,19.777779,27.777779,-9.555555,-7.2222223,16.777779,0.31604066,2.1798449,GRASS
42,244,1.111111,1.1111112,9.555555,11.666667,17.222223,-9.777778,-3.4444444,13.222222,0.44603544,2.3917358,GRASS
210,232,1.8333335,1.4999999,6.5555553,7.2222223,12.666667,-6.7777777,-4.7777777,11.555555,0.49138823,2.2013178,GRASS
10,196,1.2222217,0.9999997,14.111111,11.444445,20.444445,-3.6666667,-11.666667,15.333333,0.4405804,1.789167,GRASS
238,162,0.94444466,2.666667,15.777778,17.333334,23.88889,-9.666667,-5,14.666667,0.34003016,2.2914152,GRASS
115,182,0.5555558,0.7222228,15.444445,14,23.333334,-6.4444447,-10.777778,17.222221,0.39944676,1.9375944,GRASS
242,183,1.4999999,2.1666667,12.666667,12.444445,21,-8.111111,-8.777778,16.88889,0.42024404,2.0758736,GRASS
72,235,2.8333328,5.277778,12,15,18.222221,-9.222222,-0.22222222,9.444445,0.34748083,2.5860178,GRASS
169,199,1.277778,1.277778,11.111111,14.555555,17.88889,-10.222222,0.11111111,10.111111,0.37847343,2.6341755,GRASS
76,198,1.7777778,1.5000001,12.111111,11.777778,19.777779,-7.3333335,-8.333333,15.666667,0.4115727,2.0556724,GRASS
120,227,1.4444442,1.8888887,9.444445,11,17.444445,-9.555555,-4.888889,14.444445,0.45836443,2.2918468,GRASS
212,239,1.9444443,2.3333333,7.6666665,9.666667,13.777778,-8.111111,-2.1111112,10.222222,0.4459687,2.4263785,GRASS
4,208,2.3333333,2.4444444,12.111111,12.222222,20,-8,-7.6666665,15.666667,0.42939755,2.1126173,GRASS
221,195,1.2222223,2.9444447,11.666667,12.444445,20.11111,-9.222222,-6.888889,16.11111,0.43448815,2.1937644,GRASS
252,181,0.9999997,2.055555,13.555555,13.888889,21.444445,-8.222222,-7.2222223,15.444445,0.38555545,2.141428,GRASS
154,249,3.5,4.5555553,14.666667,15.666667,23.666666,-10,-7,17,0.39839673,2.214996,GRASS
23,219,1.4999999,1.7222223,10.888889,12,17.222223,-7.4444447,-4.111111,11.555555,0.37191358,2.2553325,GRASS
196,241,1.5555557,1.1666667,5.888889,7,11.888889,-7.111111,-3.7777777,10.888889,0.5094597,2.2773511,GRASS
215,235,1.388889,1.0555557,6.7777777,8,12.777778,-7.2222223,-3.5555556,10.777778,0.48219234,2.3107576,GRASS
51,237,2.5555556,2.3333333,11.111111,13,18.333334,-9.111111,-3.4444444,12.555555,0.39798474,2.3784301,GRASS
244,193,2.0555556,3.8888886,13.333333,14.222222,21,-8.555555,-5.888889,14.444445,0.37887058,2.2221026,GRASS
232,175,1.1666669,2.8333333,12.444445,13.555555,20.11111,-8.777778,-5.4444447,14.222222,0.38741234,2.2421958,GRASS
140,161,0.27777767,0.7777777,12.444445,14.333333,20.444445,-9.888889,-4.2222223,14.111111,0.39095718,2.3451326,GRASS
38,241,2.055556,1.5555559,10.888889,14,18.11111,-10.333333,-1,11.333333,0.3999011,2.544142,GRASS
158,151,0.38888898,4.4444447,15.222222,18.333334,23.444445,-11.333333,-2,13.333333,0.352606,2.5052488,GRASS
37,196,1.2777777,1.3333334,11.555555,10.444445,18.11111,-5.4444447,-8.777778,14.222222,0.4302431,1.9567721,GRASS
183,157,0.6666667,2.1111114,16.444445,18.666668,23.88889,-9.666667,-3,12.666667,0.31418663,2.4052022,GRASS
132,223,2.1111112,1.7777777,13.222222,13.444445,22.88889,-9.888889,-9.222222,19.11111,0.43312526,2.1195462,GRASS
222,189,0.833333,1.0000006,14.555555,14.111111,23.222221,-8.222222,-9.555555,17.777779,0.41042024,2.0604427,GRASS
48,173,1.1666666,1.4444447,16.444445,16.444445,24.777779,-8.333333,-8.333333,16.666666,0.34965578,2.0995574,GRASS
183,139,0.16666667,0.22222221,0.8888889,3.2222223,0,-1.4444444,5.5555553,-4.111111,1,-1.8030714,WINDOW
172,140,3,0.6666666,2.6666667,5,2,-1.6666666,5.3333335,-3.6666667,0.65608466,-1.8531612,WINDOW
202,129,0.22222225,3.4444447,2.4444444,2.5555556,1.8888888,0.44444445,0.7777778,-1.2222222,0.09656084,-1.1013936,WINDOW
244,105,5.9444447,1.4999996,19.11111,29.555555,19.444445,-10.777778,20.555555,-9.777778,0.36449948,-2.1255476,WINDOW
161,138,0.22222221,0.22222222,0.44444445,3.2222223,0,-2.3333333,6,-3.6666667,1,-1.9491665,WINDOW
184,145,0.9444445,1.7777778,2.3333335,5.7777777,2.1111112,-3.2222223,7.111111,-3.8888888,0.65661377,-2.0365057,WINDOW
163,133,0.111111104,0.2222222,1,3.5555556,0.11111111,-1.6666666,6,-4.3333335,0.9722222,-1.8225629,WINDOW
177,130,0.055555552,0.22222225,0.6666667,2.8888888,0,-1.5555556,5.111111,-3.5555556,1,-1.8611541,WINDOW
178,138,0.11111108,0.05555554,1,3.1111112,0,-1.1111112,5.2222223,-4.111111,1,-1.755017,WINDOW
206,133,0.055555556,0.055555556,0,1.1111112,0,-1.1111112,2.2222223,-1.1111112,1,-2.0943952,WINDOW
178,134,0.11111108,0.22222222,1,3.8888888,0.6666667,-2.5555556,6.111111,-3.5555556,0.8333333,-1.997796,WINDOW
233,105,6.277777,0.9444445,12.666667,19.777779,13.111111,-7.5555553,13.777778,-6.2222223,0.35376814,-2.1615713,WINDOW
204,131,0.11111111,0.11111111,0,0.6666667,0,-0.6666667,1.3333334,-0.6666667,0.6666667,-2.0943952,WINDOW
219,80,2.0555556,2.9444444,11.333333,20.333334,11.777778,-9.444445,17.555555,-8.111111,0.43286037,-2.1389008,WINDOW
203,133,0.055555556,0.055555556,0,0.8888889,0,-0.8888889,1.7777778,-0.8888889,0.8888889,-2.0943952,WINDOW
163,131,0.16666669,0.27777776,0.8888889,3.6666667,0.11111111,-2,6.3333335,-4.3333335,0.9722222,-1.871048,WINDOW
202,140,0.72222215,0.44444445,0.7777778,1.8888888,0.44444445,-0.7777778,2.5555556,-1.7777778,0.8148148,-1.8388771,WINDOW
222,131,0,0,0,0,0,0,0,0,0,0,WINDOW
252,137,0.88888884,0.6111111,0.33333334,1.7777778,0.11111111,-1.2222222,3.1111112,-1.8888888,0.75,-2.0076063,WINDOW
212,140,3.8333333,0.66666657,2.6666667,3.3333333,2.6666667,-0.6666667,1.3333334,-0.6666667,0.06888328,-2.0943952,WINDOW
211,130,0,0,0,0,0,0,0,0,0,0,WINDOW
169,104,1.5555555,5.611111,16,23.333334,16.222223,-7.5555553,14.444445,-6.888889,0.31471258,-2.1139183,WINDOW
166,135,0.44444442,0.22222221,0.7777778,3.3333333,0.11111111,-1.8888888,5.7777777,-3.8888888,0.9722222,-1.8807242,WINDOW
226,131,0,0,0,0,0,0,0,0,0,0,WINDOW
161,135,0.055555563,0.11111113,0.7777778,3,0,-1.4444444,5.2222223,-3.7777777,1,-1.8222142,WINDOW
250,131,0,0,0,0,0,0,0,0,0,0,WINDOW
142,99,0.77777797,1.722222,51.88889,56,47.77778,0,12.333333,-12.333333,0.14661072,-1.5674635,CEMENT
189,68,1.6666666,1.1111113,38.333336,42.333336,35.11111,-0.7777778,11.222222,-10.444445,0.17044854,-1.6248463,CEMENT
174,75,1.5,2.3888886,40.333336,45.666668,37.333336,-2.3333333,13.666667,-11.333333,0.18173215,-1.7222778,CEMENT
239,137,1.7777773,3.4444447,39.88889,45.333332,37.333336,-2.8888888,13.444445,-10.555555,0.1760659,-1.7579898,CEMENT
202,71,0.944444,0.7777774,37.88889,42.11111,35.11111,-1.4444444,11.222222,-9.777778,0.16604693,-1.6759187,CEMENT
199,120,5.777777,0.944444,48.22222,59.22222,45.77778,-8.555555,24.444445,-15.888889,0.2246171,-1.8964247,CEMENT
140,73,1.7222214,0.7777774,45.666668,51.11111,42.11111,-1.8888888,14.444445,-12.555555,0.1761556,-1.6815889,CEMENT
183,66,1.277778,2.555556,41.555557,45.88889,38.88889,-1.6666666,11.333333,-9.666667,0.15200906,-1.6838505,CEMENT
161,73,0.8333333,0.61111003,43,48.77778,39.77778,-2.5555556,14.777778,-12.222222,0.18437627,-1.7204413,CEMENT
221,69,1.5555553,0.7222226,36.666668,40.22222,34,-0.8888889,9.777778,-8.888889,0.15409406,-1.6401336,CEMENT
142,140,4.2222223,1.5,23.444445,32.333336,23.555555,-9,17.666666,-8.666667,0.2850997,-2.1004875,CEMENT
187,120,2.2222214,1.2777786,56.88889,69.333336,53.88889,-9.444445,27.88889,-18.444445,0.22280817,-1.8929771,CEMENT
237,137,8.944446,2.6111104,34.88889,42.333336,33.555557,-6.111111,16.222221,-10.111111,0.2144562,-1.9409745,CEMENT
179,69,0.72222203,0.944444,40.88889,44.555557,36.555557,0.6666667,11.666667,-12.333333,0.17869009,-1.5187606,CEMENT
197,121,21.666666,0.94444436,37.444443,49.444443,36.22222,-10.777778,25.222221,-14.444445,0.28057775,-1.9955361,CEMENT
199,97,2.722222,0.5,46,54.11111,43.333332,-5.4444447,18.88889,-13.444445,0.1993515,-1.8367767,CEMENT
212,68,2.8888886,1.8333334,37.555557,41.666668,34.666668,-1.2222222,11.111111,-9.888889,0.16790761,-1.6596414,CEMENT
162,66,2.055556,9.222221,41,47.77778,39,-4.7777777,15.555555,-10.777778,0.18499897,-1.8380795,CEMENT
128,140,7.8333335,0.6666667,24.88889,33.555557,24.555555,-8.333333,17.666666,-9.333333,0.26620623,-2.0538902,CEMENT
243,120,4.4444447,1.5555547,44.77778,56.333332,42.444443,-9.222222,25.444445,-16.222221,0.2453213,-1.9107349,CEMENT
166,66,0.7777767,5.2777767,40.555557,46.333332,38,-3.2222223,14.111111,-10.888889,0.17887476,-1.7485459,CEMENT
155,127,2.1666667,15.388888,35.88889,41,32.666668,-1.8888888,13.444445,-11.555555,0.2045359,-1.6767696,CEMENT
208,65,1.3888874,26.444445,52.666668,64.44444,53,-12.111111,23.222221,-11.111111,0.19713038,-1.9708116,CEMENT
236,77,22.166666,7.722223,30.222221,37.666668,30.444445,-7.6666665,14.666667,-7,0.22524333,-2.1233602,CEMENT
127,118,11.555554,0.8333337,30.777779,41.666668,30.555555,-10.666667,22,-11.333333,0.29394883,-2.0776675,CEMENT
146,97,10.111111,0.6111107,46,54.333332,43.555557,-5.888889,19.11111,-13.222222,0.19711515,-1.8407352,CEMENT
201,125,1.722222,8.555554,41.666668,49,39.444443,-5.111111,16.88889,-11.777778,0.19248421,-1.8405788,CEMENT
174,96,2.2222226,0.944444,54.11111,61,50.333332,-3.1111112,17.555555,-14.444445,0.17457852,-1.7204678,CEMENT
210,73,1.3333327,1,40.555557,47.333332,38.88889,-5.111111,15.222222,-10.111111,0.17822558,-1.8934947,CEMENT
177,76,1.3888893,15,28.666666,33.444447,27.333334,-3.4444444,10.888889,-7.4444447,0.20066153,-1.9036244,CEMENT
81,67,0.83333206,0.8888893,112.333336,138.44444,117.888885,-31.666666,46.666668,-15,0.18855007,-2.3171885,SKY
234,27,0.8333346,2.0555573,111.55556,138.66667,117.77778,-33.333332,48,-14.666667,0.19541612,-2.3345118,SKY
143,20,1.1111158,1.2777799,116.77778,142.66667,122.55556,-31.666666,46,-14.333333,0.18147528,-2.3269186,SKY
102,30,0.94444656,0.6111107,115.111115,141,120.111115,-30.88889,46.77778,-15.888889,0.18356538,-2.2959888,SKY
116,35,0.8333333,0.88888806,113.77778,141.33334,120.44444,-34.22222,48.444443,-14.222222,0.19485293,-2.3466358,SKY
207,58,0.8333308,1.0000013,110.111115,138.77779,117.111115,-35.666668,50.333332,-14.666667,0.20650265,-2.3492694,SKY
73,31,0.555556,0.8888893,115.55556,143.11111,121.888885,-33.88889,48.77778,-14.888889,0.19245563,-2.3348312,SKY
38,71,0.7222214,0.88888806,111.44444,138.33334,116.77778,-32.22222,48.444443,-16.222221,0.19431558,-2.3012028,SKY
224,34,1.3333321,1.0000013,111.44444,140,118.22222,-35.333332,50.333332,-15,0.20392033,-2.3433814,SKY
134,54,0.61111194,1.2222214,112.666664,141.33334,119.111115,-35.11111,50.88889,-15.777778,0.2027078,-2.3286614,SKY
49,40,0.99999875,0.8333333,114,141.55556,119.77778,-33.333332,49.333332,-16,0.19453695,-2.3136847,SKY
37,25,1.3333321,0.9999962,114.333336,142.22223,121.55556,-35.11111,48.555557,-13.444445,0.19609308,-2.36518,SKY
228,20,1.0555547,0.8333333,114,140.55556,120.44444,-33,46.666668,-13.666667,0.18889166,-2.348006,SKY
16,51,0.7222226,0.8333346,110.666664,140.77779,117.44444,-36.88889,53.444443,-16.555555,0.21381323,-2.3304648,SKY
189,39,1.0555547,0.77777606,113.888885,140.33334,118.333336,-30.88889,48.444443,-17.555555,0.18839076,-2.268113,SKY
120,51,1.0555547,2.0555534,113.22222,141.11111,118.888885,-33.555557,50.11111,-16.555555,0.19756877,-2.3053098,SKY
138,21,0.6666654,1,116.22222,143.11111,122.55556,-33.22222,47.444443,-14.222222,0.18785286,-2.3393772,SKY
44,33,1.1666641,1.0555534,114.666664,141.77779,121.22222,-33.666668,47.666668,-14,0.19121477,-2.3480024,SKY
97,21,0.944444,1.3333321,115,142.88889,122.55556,-35.444443,48.22222,-12.777778,0.19512747,-2.3778136,SKY
1,45,0.88889056,1.1111132,110.55556,140,118,-36.88889,51.444443,-14.555555,0.21017425,-2.3593597,SKY
247,50,0.44444275,0.7777786,109.22222,138.88889,115.44444,-35.88889,53.11111,-17.222221,0.21353829,-2.3123052,SKY
8,21,0.61111194,2.055556,113.44444,142.44444,120.888885,-36.444443,50.555557,-14.111111,0.20358202,-2.362526,SKY
202,41,0.9444478,1.111112,111.888885,139.77779,117.44444,-33.444443,50.22222,-16.777779,0.19934683,-2.2999177,SKY
83,53,0.5555547,0.7222226,112.333336,138.22223,119.77778,-33.333332,44.333332,-11,0.18721664,-2.3932705,SKY
159,40,0.8888893,0.555556,114.22222,141.66667,119.55556,-32.77778,49.555557,-16.777779,0.19366461,-2.2948995,SKY
126,20,0.99999744,1.1666654,115.666664,142.33334,121.666664,-32.666668,47.333332,-14.666667,0.18729347,-2.3280342,SKY
174,59,0.8333346,1.3333334,110.55556,138.77779,116.77778,-34.444443,50.22222,-15.777778,0.20332612,-2.323173,SKY
197,58,0.8333346,1.4444441,110.44444,138.77779,117.55556,-35.444443,49.555557,-14.111111,0.20414667,-2.357271,SKY
128,15,0.7777799,0.555556,118.333336,144,125.44444,-32.77778,44.22222,-11.444445,0.17818023,-2.3824396,SKY
125,46,0.61110944,2.166668,112.77778,141,119.888885,-35.333332,49.333332,-14,0.20012376,-2.357688,SKY
143,34,1.0555547,1.388888,113.666664,142,120.77778,-35.444443,49.555557,-14.111111,0.19951604,-2.3572717,SKY
67,32,0.944444,1.7777786,115.111115,142.22223,121.333336,-33.333332,48,-14.666667,0.19062504,-2.333746,SKY
40,57,1.1666654,1.3888906,112.22222,139,119.44444,-34,46.333332,-12.333333,0.1924883,-2.376054,SKY
221,50,0.44444528,1.4444441,109.888885,139.77779,116.55556,-36.555557,53.11111,-16.555555,0.21380861,-2.3256788,SKY
92,44,0.7222226,1.1666654,113.44444,138.11111,119.888885,-31.11111,42.88889,-11.777778,0.17842785,-2.3672824,SKY
217,23,1.0555547,1.1666654,111.888885,141.66667,119.77778,-37.666668,51.666668,-14,0.2101616,-2.3705504,SKY
105,65,0.94444275,1.5000013,111.666664,140,117.333336,-34,51,-17,0.20236506,-2.3039913,SKY
50,50,0.7777774,0.7777799,113.111115,140.88889,118.333336,-33,50.333332,-17.333334,0.19716202,-2.2882798,SKY
91,19,1.0000013,1.4444466,115.44444,142.44444,122.111115,-33.666668,47.333332,-13.666667,0.18952668,-2.3528337,SKY
145,33,0.8888893,0.88888806,113.22222,140.88889,119.55556,-34,49,-15,0.19629721,-2.3335373,SKY
127,57,0.944444,1.611112,113,140.33334,119.44444,-33.77778,48.22222,-14.444445,0.19475445,-2.3411634,SKY
138,49,1.0555573,1.7777799,113.111115,140.44444,118.55556,-32.77778,49.22222,-16.444445,0.19462235,-2.303412,SKY
245,23,0.6666667,1.1666654,111,139.77779,118.22222,-36,50.333332,-14.333333,0.20590083,-2.3562624,SKY
216,17,0.6666654,1.2777786,115,141.88889,121.55556,-33.444443,47.22222,-13.777778,0.18946369,-2.3484151,SKY
230,41,0.88889056,1.8888893,110.22222,138.88889,115.333336,-33.77778,52.22222,-18.444445,0.2063918,-2.2808032,SKY
58,58,0.555556,0.88889056,112.55556,137.44444,119,-31.333334,43.333332,-12,0.1809723,-2.3653848,SKY
238,59,0.8333346,1.0555559,109.22222,139,116.888885,-37.444443,51.88889,-14.444445,0.21420376,-2.3642159,SKY
17,18,1.2222214,1.2777773,114,142,120.888885,-34.88889,49.11111,-14.222222,0.1971055,-2.3521838,SKY
92,62,1.8888868,1.8888868,112.333336,139.33334,118.77778,-33.444443,47.555557,-14.111111,0.19369136,-2.3434038,SKY
82,51,0.6111107,0.6111107,111.77778,138.88889,118.888885,-34.22222,47.11111,-12.888889,0.19520037,-2.368498,SKY
206,30,0.7777774,0.83333206,112.77778,139.66667,117.55556,-31.666666,49,-17.333334,0.19250989,-2.2795098,SKY
107,21,0.66666156,1.1666666,115.77778,141.88889,122.666664,-33,45.333332,-12.333333,0.18402189,-2.3703718,SKY
118,38,0.7777774,0.88888806,113.333336,141.66667,119.55556,-34.555557,50.444443,-15.888889,0.19997217,-2.322923,SKY
186,28,0.94444275,1.4444414,111,138.66667,117.888885,-34.555557,48.444443,-13.888889,0.19951321,-2.35398,SKY
73,19,0.9444453,0.94444275,116.55556,143.11111,122.888885,-32.88889,46.77778,-13.888889,0.1855386,-2.344188,SKY
136,216,2.7777774,2.7222226,11.444445,13.222222,20.555555,-10.888889,-5.5555553,16.444445,0.44167453,2.2845712,GRASS
44,162,0.88888836,1.9444447,19.555555,24.11111,29.88889,-14.888889,-1.2222222,16.11111,0.34703225,2.5573888,GRASS
99,160,2,3.055555,21.11111,29.666666,33.333336,-20.777779,4.888889,15.888889,0.36751375,2.8271055,GRASS
68,172,1.0555553,2.3333337,24.555555,30.11111,35.666668,-16.666666,0,16.666666,0.31229463,2.6178014,GRASS
112,201,2.833333,3.111111,16.666668,20.333334,26.88889,-13.888889,-2.8888888,16.777779,0.3819119,2.4679377,GRASS
212,160,1.4444441,1.4444443,17.777779,23.444445,28.555555,-16.444445,0.5555556,15.888889,0.37821564,2.6425967,GRASS
115,156,0.3888887,1.0555553,17.222223,26,29.555555,-21.11111,5.2222223,15.888889,0.41732758,2.8434196,GRASS
200,215,1.5555559,4.722222,17.11111,22.555555,29.444445,-17.777779,-1.4444444,19.222221,0.42076695,2.5610487,GRASS
252,194,2.1666667,2.055556,15,15.333333,25.333334,-10.666667,-9.666667,20.333334,0.42249063,2.1265156,GRASS
119,181,0.7777774,3.277777,16.555555,19.666668,28,-14.555555,-5.2222223,19.777779,0.40955147,2.3788457,GRASS
235,249,1.6111113,2.666667,19.777779,21.222221,27.555555,-9.222222,-4.888889,14.111111,0.28660962,2.2826295,GRASS
221,201,1.4444443,2.4444447,14.666667,17.666668,25.11111,-13.444445,-4.4444447,17.88889,0.41676173,2.389747,GRASS
205,204,1.555555,1.8888887,14.333333,17.11111,25.555555,-14,-5.6666665,19.666666,0.43934208,2.3487284,GRASS
124,201,1.944445,2.0555556,14,14.888889,24.777779,-11.666667,-9,20.666666,0.43971756,2.1769927,GRASS
94,246,2.3333333,2.7222223,18.88889,19.666668,29.88889,-11.777778,-9.444445,21.222221,0.37479976,2.1589146,GRASS
145,152,0.72222203,2.7777774,19.666668,25.777779,29.666666,-16.11111,2.2222223,13.888889,0.337989,2.7311342,GRASS
71,187,2,3.555555,14.666667,16.222223,25.11111,-12,-7.3333335,19.333334,0.43121487,2.2543035,GRASS
4,248,3.333334,3.2222226,15.555555,16.666668,26.444445,-12,-8.666667,20.666666,0.42215064,2.205099,GRASS
28,162,1.1666666,1.4444443,19.666668,26.11111,29.555555,-16.333334,3,13.333333,0.33512673,2.769038,GRASS
63,158,0.99999934,1.888889,16.444445,22.222221,27.88889,-17.222221,0.11111111,17.11111,0.41181073,2.6247067,GRASS
9,180,1.166667,1.1666673,17.444445,22,28.222221,-15.333333,-1.6666666,17,0.38142902,2.5416608,GRASS
234,161,0.888889,1.6111113,15.111111,17,25,-11.777778,-6.111111,17.88889,0.39559862,2.292736,GRASS
52,170,0.55555564,0.94444436,20.11111,25.333334,30.88889,-16,-0.33333334,16.333334,0.34911168,2.6040132,GRASS
168,209,1.3333334,0.7222217,17.666668,20.88889,29,-14.555555,-4.888889,19.444445,0.39033788,2.3893912,GRASS
153,204,2.388889,3.3333333,15.333333,16.88889,26,-12.222222,-7.5555553,19.777779,0.4203661,2.2444103,GRASS
47,175,1.3333327,1.166666,18.666668,23.777779,28.777779,-15.222222,0.11111111,15.111111,0.35148725,2.630157,GRASS
238,211,1.0555559,1.6111113,16.11111,19.222221,26.222221,-13.222222,-3.8888888,17.11111,0.38528243,2.4163542,GRASS
214,246,2.8333328,2.9999993,14.222222,15.444445,22.88889,-9.888889,-6.2222223,16.11111,0.39154765,2.2328491,GRASS
75,240,2.4444444,2.1111114,17,17.88889,28.555555,-12.444445,-9.777778,22.222221,0.41721755,2.1755219,GRASS
160,168,1.5,0.6666663,20.88889,23,31.444445,-12.666667,-6.3333335,19,0.33538613,2.302124,GRASS
212,235,1.4444447,1.944445,21.11111,24,32.555557,-14.333333,-5.6666665,20,0.35188085,2.3560238,GRASS
215,190,1.388889,2.6111114,16,17.11111,26.555555,-11.666667,-8.333333,20,0.40352198,2.2044082,GRASS
8,226,2.8888886,1.111111,14,15.777778,24.222221,-12,-6.6666665,18.666666,0.424404,2.2730305,GRASS
204,156,0.5000003,1.9999996,17.333334,25.444445,28.333334,-19.11111,5.2222223,13.888889,0.38903406,2.8649306,GRASS
117,224,3.0555556,3.0555556,15.444445,17.777779,27.555555,-14.444445,-7.4444447,21.88889,0.44151622,2.3041532,GRASS
145,248,2.0555553,2.111111,23.222221,25.11111,32.333336,-11,-5.3333335,16.333334,0.2916751,2.2850983,GRASS
119,169,1.166667,0.9999997,20.88889,25,32,-15.222222,-2.8888888,18.11111,0.34778315,2.4790645,GRASS
111,246,3.166667,5.833334,21.11111,22.444445,34.11111,-14.333333,-10.333333,24.666666,0.38897294,2.2140112,GRASS
240,190,1.5555553,1.3333334,15.888889,17.555555,26.88889,-12.666667,-7.6666665,20.333334,0.4093088,2.252231,GRASS
207,215,3.222222,2.4999998,18.11111,22.666666,30.666666,-17.11111,-3.4444444,20.555555,0.40983668,2.4717567,GRASS
49,240,3.0555553,2.0555556,15.222222,18.777779,27.333334,-15.666667,-5,20.666666,0.44580838,2.4207911,GRASS
115,183,1.055555,4.722222,14.555555,19,26,-15.888889,-2.5555556,18.444445,0.44994184,2.5068066,GRASS
222,194,2.2777774,2.2777777,16.555555,17.88889,26.11111,-10.888889,-6.888889,17.777779,0.3721296,2.224382,GRASS
24,215,0.8333333,2.5555556,14.222222,15.444445,24.555555,-11.555555,-7.888889,19.444445,0.42521268,2.2240133,GRASS
114,242,2.7222223,4.6666675,19.222221,22.444445,30.555555,-14.555555,-4.888889,19.444445,0.3716949,2.395778,GRASS
206,233,1.388889,1.7222227,21.88889,25.11111,33.444447,-14.777778,-5.111111,19.88889,0.34575516,2.3893497,GRASS
90,237,2.4444444,2.7222216,17.555555,19.666668,29.444445,-14,-7.6666665,21.666666,0.41374576,2.2802892,GRASS
236,240,2.5555553,3.3888886,19.555555,19.777779,28.11111,-8.777778,-8.111111,16.88889,0.329382,2.1418114,GRASS
116,203,3.0555553,2.9444437,15.444445,17.666668,25.444445,-12.222222,-5.5555553,17.777779,0.39386794,2.320382,GRASS
242,164,0.38888898,3.222223,15.111111,18.777779,25.555555,-14.111111,-3.1111112,17.222221,0.40952933,2.4598064,GRASS
144,187,1.9444441,6.222222,49.88889,69.66667,48.88889,-18.777779,40.555557,-21.777779,0.29995137,-2.0438795,PATH
154,189,1.5555553,1.4444441,53.444443,74.888885,51.444443,-19.444445,44.88889,-25.444445,0.3128917,-2.0059564,PATH
140,188,2,3.0555546,54.444443,76.55556,54,-21.666666,44.666668,-23,0.29562417,-2.074028,PATH
71,197,2.7222233,4.555556,49.11111,69.55556,47.666668,-19,42.333332,-23.333334,0.31473875,-2.0243213,PATH
78,201,2.8333333,4.9999995,51.444443,68.66667,49.22222,-15,36.666668,-21.666666,0.28042978,-1.9694558,PATH
38,202,2.166666,8.333334,50.22222,71.55556,50.22222,-21.333334,42.666668,-21.333334,0.30251354,-2.0937457,PATH
173,186,3.2222226,5.5,48.22222,65.88889,46.22222,-15.666667,37.333332,-21.666666,0.2983021,-1.9882493,PATH
63,201,2.1111119,2.5000007,54.88889,76.44444,53.555557,-20.222221,44.444443,-24.222221,0.29921305,-2.0341187,PATH
138,185,3.0555546,1.9444441,50.11111,71.111115,50,-20.88889,42.11111,-21.222221,0.29802468,-2.0888546,PATH
60,196,1.4444447,4.444444,45.333332,63.333332,44.77778,-17.444445,36.555557,-19.11111,0.2976887,-2.059262,PATH
105,189,2.0555553,4.4444447,55,75.44444,53.77778,-19.222221,42.11111,-22.88889,0.28551513,-2.0358937,PATH
145,185,2.7777767,2.2222214,49.88889,69.88889,49,-19.11111,40.88889,-21.777779,0.30228263,-2.0510557,PATH
61,197,1.4444441,2.6111107,44.22222,61.555557,43,-16.11111,35.88889,-19.777779,0.30292457,-2.0222743,PATH
86,197,1.611112,1.2777786,56.22222,77.77778,55.666668,-21,43.666668,-22.666666,0.28533262,-2.06802,PATH
250,176,1.611112,3.444444,47.11111,67.66667,46.22222,-19.666666,42,-22.333334,0.3181372,-2.0522583,PATH
167,189,3.7777774,3.7777774,51.333332,72.44444,51.444443,-21.222221,42.11111,-20.88889,0.29552308,-2.1013258,PATH
136,193,2.3888886,2.555556,54.444443,74.888885,52.77778,-18.777779,42.555557,-23.777779,0.29530448,-2.0182114,PATH
24,205,2.2222226,2.3888893,49.77778,69.77778,48.666668,-18.88889,41.11111,-22.222221,0.30391166,-2.0382628,PATH
22,200,2.8888874,4.8333325,47.88889,69,47.22222,-20.444445,42.88889,-22.444445,0.3173622,-2.0656626,PATH
83,198,2.3888886,4.833334,53.11111,74,52.22222,-20,42.666668,-22.666666,0.2963139,-2.0505745,PATH
57,199,3.833334,6.3888893,47.88889,69.22222,47.77778,-21.222221,42.77778,-21.555555,0.31700587,-2.0847538,PATH
50,199,3.2222226,5.611111,49.11111,69.77778,48.11111,-19.666666,42.333332,-22.666666,0.31241447,-2.0454311,PATH
147,193,6.6111126,7.055556,46.555557,63,45.666668,-15.555555,33.77778,-18.222221,0.27526647,-2.0801742,PATH
172,183,2.8888893,4.0555553,50.444443,70,48.555557,-17.666666,41,-23.333334,0.30547154,-1.9975766,PATH
169,184,1.2222227,2.4999993,51.22222,69,48.555557,-15.111111,38.22222,-23.11111,0.2956001,-1.958014,PATH
166,185,1.9444447,2,48.555557,67.22222,46.88889,-17,39,-22,0.30253935,-2.0080075,PATH
28,204,2.0000007,3.222222,49.77778,69.22222,48.666668,-18.333334,40,-21.666666,0.29685017,-2.0373702,PATH
119,196,2.666666,1.3888893,47.333332,65.66667,47,-18,37,-19,0.2935857,-2.0791848,PATH
25,198,2.8333328,4.1111107,42.77778,61,42.333336,-17.777779,36.88889,-19.11111,0.30964476,-2.070717,PATH
189,184,1.666666,2.7777774,45.88889,62.333332,43.555557,-14.111111,35.22222,-21.11111,0.30094525,-1.9644797,PATH
134,191,1.3888893,1.4444447,54.77778,76.66667,53.555557,-20.666666,45,-24.333334,0.30299366,-2.0412767,PATH
197,182,2.222222,3.444444,50.11111,69.111115,48.333332,-17.222221,39.77778,-22.555555,0.30064347,-2.0015576,PATH
73,194,3.222222,4.611112,53.444443,76.111115,52.77778,-22,46,-24,0.30925295,-2.0605488,PATH
52,196,1.4444447,6.777777,40.444443,57.11111,40.666668,-16.88889,33.11111,-16.222221,0.29404518,-2.1056774,PATH
188,182,1.611112,4.166666,51.88889,72.44444,49.666668,-18.333334,43.333332,-25,0.31428084,-1.99159,PATH
119,192,2.4999993,6.1666675,52.555557,74.77778,51.333332,-21,45.666668,-24.666666,0.31279564,-2.0381765,PATH
76,200,2.7777786,4.3333325,50.444443,69.66667,49,-17.777779,39.88889,-22.11111,0.29683578,-2.0211716,PATH
114,193,3.166666,4.5,51.11111,72.55556,49.77778,-20.11111,44.22222,-24.11111,0.3140923,-2.033804,PATH
174,181,3.2777786,4.1666675,52.333332,74.22222,50.666668,-20.222221,45.444443,-25.222221,0.31734532,-2.0208647,PATH
137,190,2.055556,2.277778,53.444443,75.55556,52.333332,-21,45.333332,-24.333334,0.30879894,-2.0436168,PATH
166,182,3.0555553,3.9999993,52.555557,72.55556,50.11111,-17.555555,42.444443,-24.88889,0.3112005,-1.9784946,PATH
202,182,2.5555546,3,49.555557,68.111115,47.555557,-16.555555,39.11111,-22.555555,0.3016008,-1.9892213,PATH
177,181,4.277778,2.555556,53.666668,75.66667,52.555557,-20.88889,45.11111,-24.222221,0.3069927,-2.0445633,PATH
178,183,2.7222214,4.6666665,49.666668,69.66667,47.88889,-18.222221,41.77778,-23.555555,0.31236586,-2.0051956,PATH
234,175,1.9444441,3.4444454,50.666668,72.66667,50,-21.333334,44.666668,-23.333334,0.31203708,-2.0637763,PATH
156,188,4.277778,5,55.11111,75.66667,53,-18.444445,43.22222,-24.777779,0.3002418,-1.9977459,PATH
119,191,3.11111,5.2222233,52.333332,75.22222,51.22222,-21.777779,46.88889,-25.11111,0.31901047,-2.047053,PATH
10,207,2.61111,3.1111119,46,64.88889,45.444443,-18.333334,38.333332,-20,0.29928485,-2.0633535,PATH
123,194,2.555556,9.111109,54.333332,74.888885,53.22222,-19.444445,42.22222,-22.777779,0.29238248,-2.033605,PATH
130,189,2.4999993,2.1111114,51.77778,73.333336,50.77778,-20.555555,44.11111,-23.555555,0.30798513,-2.0480576,PATH
64,196,2.6666667,3.4444447,44.333332,61.444443,43.88889,-16.666666,34.666668,-18,0.2899971,-2.0638638,PATH
143,186,2.3333333,2.7777774,49.11111,67.88889,47.88889,-17.555555,38.77778,-21.222221,0.2962514,-2.0286176,PATH
176,187,1.7777773,2.333334,49,68,47.333332,-17.333334,39.666668,-22.333334,0.30412614,-2.0096147,PATH
70,197,2.7222226,5.277778,48.88889,68,47.666668,-17.88889,39.444443,-21.555555,0.29870403,-2.0335052,PATH
48,202,3.3888886,4.8333325,52,71,51,-18,39,-21,0.2845155,-2.0459433,PATH
5,210,2.1666672,4.444444,45.444443,64.333336,44.11111,-17.555555,39.11111,-21.555555,0.3175664,-2.0208955,PATH
53,198,1.7222233,5.111111,45.555557,64.22222,45.22222,-18.333334,37.666668,-19.333334,0.29970714,-2.0726159,PATH
223,175,3.7777786,7.166668,50.77778,72.77778,50,-21.222221,44.77778,-23.555555,0.31283396,-2.05935,PATH
148,192,4.0000005,4.944445,51.77778,72,50.555557,-19,41.666668,-22.666666,0.2993077,-2.0340476,PATH
249,178,2.277778,5.2222214,42.666668,58.88889,42.333336,-15.888889,32.77778,-16.88889,0.2898632,-2.102536,PATH
201,183,1.888888,2.333334,47.444443,65.111115,45.333332,-15.555555,37.444443,-21.88889,0.3037197,-1.9819108,PATH
134,194,2.6111107,5.222222,52.88889,71.55556,52.444443,-18.222221,37.77778,-19.555555,0.27344358,-2.0818913,PATH
252,176,1.8888887,5.0555553,46.333332,67,45.444443,-19.777779,42.22222,-22.444445,0.32042044,-2.0516355,PATH
93,190,5.5000014,2.6111114,47.333332,66.88889,46.555557,-18.777779,39.88889,-21.11111,0.3036015,-2.052546,PATH
198,185,1.3333346,2.5,45.444443,61.333332,43.88889,-14.333333,33.333332,-19,0.28555444,-2.0071752,PATH
62,200,2.2777774,3.7777793,54.11111,76.44444,52.555557,-20.777779,46.22222,-25.444445,0.31254068,-2.0265863,PATH
96,196,3.4999988,7.3888893,56,79.111115,55.444443,-22.555555,46.77778,-24.222221,0.30158615,-2.0704408,PATH
112,197,4.2222233,4.9444447,44.666668,62.22222,44.11111,-17,35.666668,-18.666666,0.29632849,-2.0712209,PATH
93,190,5.5000014,2.6111114,47.333332,66.88889,46.555557,-18.777779,39.88889,-21.11111,0.3036015,-2.052546,PATH
194,183,0.77777797,2.944444,49.22222,67.77778,47.22222,-16.555555,39.11111,-22.555555,0.30312124,-1.9917008,PATH
121,189,2.277778,4.944445,54.77778,77.55556,53.88889,-21.88889,46.444443,-24.555555,0.30540445,-2.054084,PATH
121,192,3.3888886,5.9444447,53.444443,76.44444,52.555557,-22.11111,46.88889,-24.777779,0.3126096,-2.055457,PATH
249,173,1.6666654,3.6111107,48.555557,69.55556,47.444443,-19.88889,43.11111,-23.222221,0.32108474,-2.0417202,PATH
62,202,2.555556,1.4999994,53.666668,74.888885,52.88889,-20.444445,43.22222,-22.777779,0.2978795,-2.0606136,PATH
99,198,5.055554,5.6666665,51.88889,72.333336,50.77778,-19.333334,42,-22.666666,0.29965425,-2.0358741,PATH
68,198,2.8888886,3.0555553,51.444443,71.888885,50.88889,-19.88889,41.444443,-21.555555,0.29130092,-2.0648882,PATH
116,192,6.055556,4.3333335,50.333332,72.111115,48.77778,-20.222221,45.11111,-24.88889,0.32401717,-2.024748,PATH
61,202,2.2777774,1.8888887,55,76,53.88889,-19.88889,43.11111,-23.222221,0.29352704,-2.0435379,PATH
7,203,3.8888881,5.4444447,47.666668,67.66667,46.666668,-19,41,-22,0.31489635,-2.0400128,PATH
77,199,2.666668,4.666666,50.555557,71,49.444443,-19.333334,42,-22.666666,0.30349702,-2.0408664,PATH
42,201,2.1111107,4.333332,52.555557,74,51.444443,-20.333334,44,-23.666666,0.3066086,-2.042514,PATH
18,209,2.6111119,4.555556,43,60.77778,42.555557,-17.333334,36,-18.666666,0.30298224,-2.0669804,PATH
106,191,3.166668,2.8333313,55.11111,79.55556,54.333332,-23.666666,49.666668,-26,0.31752294,-2.0622857,PATH
73,201,0.7222226,4.444444,52.88889,72.22222,51,-17.444445,40.555557,-23.11111,0.29418743,-1.9977362,PATH
89,195,2.7222226,3.1666667,55.11111,76.55556,53.555557,-19.88889,44.444443,-24.555555,0.30023456,-2.020938,PATH
247,174,3.1111107,3.1666667,49.444443,70.88889,48.22222,-20.222221,44.11111,-23.88889,0.3230207,-2.0373507,PATH
183,182,2.8333328,3.5555553,52.88889,73.333336,50.666668,-18.222221,43.11111,-24.88889,0.30882537,-1.992052,PATH
168,187,3.5,2.8333333,52.555557,71.44444,50,-16.333334,40.333332,-24,0.29964966,-1.9666711,PATH
105,193,3.222222,2.8888893,53.11111,75.111115,52.11111,-21,45,-24,0.30846536,-2.047766,PATH
129,188,3.6666667,4.6111107,53.77778,76,53.444443,-21.88889,44.77778,-22.88889,0.30013013,-2.0790954,PATH
93,195,1.833334,4.0555553,54.666668,76.66667,53.444443,-20.777779,45.22222,-24.444445,0.30559286,-2.0371156,PATH
161,190,3.7777774,4.5555553,51.666668,71.111115,51.555557,-19.333334,39,-19.666666,0.28591606,-2.102898,PATH
251,173,2.1666672,2.3888881,49.88889,71.55556,48.88889,-20.666666,44.333332,-23.666666,0.3183665,-2.048199,PATH
239,174,2.0000007,1.3888887,50.444443,73.22222,49.88889,-22.222221,46.11111,-23.88889,0.32026085,-2.069045,PATH
56,196,2.38889,4.444445,44.333332,62.22222,43.666668,-17.222221,36.444443,-19.222221,0.2979628,-2.0547533,PATH
87,196,1.3333321,2.222222,55,75.66667,54.11111,-19.777779,42.22222,-22.444445,0.28752622,-2.0487363,PATH
32,206,2.8333328,5.611111,50.444443,72.111115,50.333332,-21.555555,43.444443,-21.88889,0.30568013,-2.0859342,PATH
42,203,0.94444466,6.055556,48.666668,67.111115,47.77778,-17.555555,37.77778,-20.222221,0.28979304,-2.0465353,PATH
139,185,1.9999994,1.222222,52.22222,73.44444,51.77778,-20.777779,42.88889,-22.11111,0.29643956,-2.0738695,PATH
104,191,3.222222,3.777778,55.333332,79.22222,54.666668,-23.222221,48.444443,-25.222221,0.31158692,-2.0659478,PATH
17,204,2.0000007,2.1666667,50.88889,71.22222,49.666668,-19.11111,41.88889,-22.777779,0.3026711,-2.0373724,PATH
162,190,3.0555553,6.1111107,51,70,51,-19,38,-19,0.27956137,-2.1120865,PATH
96,193,1.3333327,1.8333327,54.77778,78.77778,54.555557,-23.777779,48.22222,-24.444445,0.310288,-2.0849354,PATH
219,176,2.1111119,5.111111,53.333332,75.66667,51.88889,-20.88889,46.11111,-25.222221,0.31446242,-2.0306482,PATH
36,207,2.722222,6.444444,50.444443,70.111115,49.88889,-19.11111,39.88889,-20.777779,0.2906682,-2.0627244,PATH
191,180,3.555556,2.222222,53.22222,75.44444,51.555557,-20.555555,46.11111,-25.555555,0.31801003,-2.0221484,PATH
190,186,2.722222,6.0555553,45.666668,60.22222,44.333332,-13.222222,30.444445,-17.222221,0.26619545,-2.0288115,PATH
85,200,4.4999995,6.0555553,52.22222,72.66667,50.88889,-19.11111,42.22222,-23.11111,0.30018097,-2.02885,PATH
134,187,1.8888887,2.1111114,52.666668,74.111115,51.333332,-20.11111,44.22222,-24.11111,0.30745777,-2.03348,PATH
139,187,2.055556,1.8333334,53.666668,74.77778,52.88889,-20.333334,43,-22.666666,0.29269224,-2.0582106,PATH
110,196,3.666666,6.888888,46.88889,65,45.555557,-16.777779,37.555557,-20.777779,0.29762968,-2.0225987,PATH
218,178,0.8333327,1.1111094,52.444443,75.22222,51.22222,-21.555555,46.77778,-25.222221,0.31899637,-2.0405545,PATH
95,191,3.1666667,6.0000014,52.444443,76.22222,52.11111,-23.444445,47.88889,-24.444445,0.3208649,-2.0776508,PATH
100,194,1.722222,3.2222233,54.77778,76.22222,53.666668,-20.333334,44,-23.666666,0.29590768,-2.0427177,PATH
84,200,4.722221,2.5,50.666668,70.22222,49.11111,-18,40.666668,-22.666666,0.30081734,-2.0153737,PATH
38,200,3.4444447,3.4444454,49,70.22222,48.666668,-20.88889,42.77778,-21.88889,0.3098264,-2.080206,PATH
215,182,2.5555553,2.7222226,48.555557,67.22222,46.77778,-16.88889,39.11111,-22.222221,0.30405003,-2.0040817,PATH
25,208,5.7222233,6.3333344,48.22222,70.333336,48.333332,-22.222221,44.11111,-21.88889,0.32059526,-2.0945847,PATH
198,183,1.0555547,3.3888881,48.88889,66.55556,46.666668,-15.444445,37.555557,-22.11111,0.2986217,-1.9749589,PATH
115,195,3.833334,3.9444447,51.333332,70.111115,49.88889,-17.333334,39,-21.666666,0.28835976,-2.015595,PATH
11,200,3.1666667,3.9444447,46.444443,67.333336,46.88889,-21.333334,41.333332,-20,0.31303197,-2.1167326,PATH
124,191,3.5000007,3.277778,52.88889,74.77778,51.555557,-20.555555,45.11111,-24.555555,0.31361094,-2.03548,PATH
63,203,4.277778,3.4444447,52.444443,71.66667,51.333332,-18.11111,39.555557,-21.444445,0.28710723,-2.0346415,PATH
225,181,1.1666666,1.8333327,49,68.77778,48.22222,-19,40.333332,-21.333334,0.30000642,-2.0531886,PATH
107,191,3.722222,2.8888874,54.444443,78.111115,53.555557,-22.777779,48.22222,-25.444445,0.3146827,-2.0561104,PATH
138,188,2.0555565,1.1111113,53.555557,74.888885,52.555557,-20.333334,43.666668,-23.333334,0.29951125,-2.047211,PATH
123,187,2.6666667,3.444444,52.555557,72.55556,50.88889,-18.333334,41.666668,-23.333334,0.29855335,-2.0135245,PATH
18,204,2.5555553,2.7777774,51.444443,72,50.22222,-19.333334,42.333332,-23,0.30252522,-2.0385435,PATH
67,194,3.7222207,6.4444447,51.77778,72.55556,52.11111,-21.11111,41.22222,-20.11111,0.28679082,-2.112941,PATH
86,193,3.2777793,2.222222,53.666668,76.55556,54,-23.222221,45.444443,-22.222221,0.29957896,-2.1093748,PATH
187,180,4.055556,3.3333333,54.88889,77.55556,53.77778,-21.555555,46.444443,-24.88889,0.30690557,-2.0441787,PATH
4,201,2.722222,5.2222214,47.11111,67.22222,46.77778,-19.777779,40.555557,-20.777779,0.30885938,-2.0752265,PATH
175,188,2.9999993,2.3333328,49.666668,69.111115,48.555557,-18.333334,40,-21.666666,0.29629385,-2.0396667,PATH
226,176,3.0555546,2.3888893,50.444443,71.44444,48.88889,-19.444445,43.555557,-24.11111,0.3158616,-2.0217843,PATH
4,210,4.7222233,5.722222,44.22222,62.22222,42.77778,-16.555555,37.444443,-20.88889,0.3142778,-2.0144343,PATH
123,186,3.6111114,9.444444,46.555557,63.666668,45.11111,-15.666667,35.666668,-20,0.2901475,-2.0141015,PATH
153,192,3.3888893,7.444444,47.333332,65,48,-18.333334,34.666668,-16.333334,0.27272084,-2.1641955,PATH
203,182,3.722222,3.6111114,49.444443,68.111115,47.22222,-16.444445,39.555557,-23.11111,0.3067216,-1.9803478,PATH
45,205,1.9444453,3.333334,44.88889,61.77778,44.11111,-16.11111,34.555557,-18.444445,0.28757253,-2.0446525,PATH
40,142,0.27777782,0.22222225,0.11111111,3.5555556,0,-3.3333333,7,-3.6666667,1,-2.0561552,WINDOW
57,89,1.7222222,6.1666665,13,24.555555,13.444445,-12,22.666666,-10.666667,0.47748852,-2.1297464,WINDOW
187,89,1.7777777,0.9444444,2.8888888,9.555555,2.6666667,-6.4444447,13.555555,-7.111111,0.74090356,-2.0653422,WINDOW
209,94,1.0000002,0.6111111,5.888889,15.222222,6.2222223,-9.666667,18.333334,-8.666667,0.6197129,-2.1293402,WINDOW
38,134,0.16666667,0.33333334,0,3.1111112,0,-3.1111112,6.2222223,-3.1111112,1,-2.0943952,WINDOW
43,141,0.44444442,0.16666667,0,2.3333335,0,-2.3333333,4.6666665,-2.3333333,1,-2.0943952,WINDOW
54,142,0.7222223,2,0.8888889,3.6666667,0.8888889,-2.7777777,5.5555553,-2.7777777,0.76944447,-2.0943952,WINDOW
59,135,0.16666667,0.055555556,0,1.4444444,0,-1.4444444,2.8888888,-1.4444444,1,-2.0943952,WINDOW
137,92,7.3888893,0.7777779,7.111111,15.555555,7.2222223,-8.555555,16.777779,-8.222222,0.6084366,-2.0967047,WINDOW
42,133,1.1666667,2.7222223,1.2222222,5,1.8888888,-4.4444447,6.888889,-2.4444444,0.8606061,-2.208419,WINDOW
56,141,0.16666669,0.33333337,0,0.5555556,0,-0.5555556,1.1111112,-0.5555556,0.5555556,-2.0943952,WINDOW
54,134,0.22222222,0.055555556,0,1.5555556,0,-1.5555556,3.1111112,-1.5555556,1,-2.0943952,WINDOW
57,118,2.833334,1.2222223,15.555555,26.555555,16.11111,-11.555555,21.444445,-9.888889,0.4187123,-2.14718,WINDOW
51,141,0.5555556,0.22222225,0.33333334,1.7777778,0,-1.1111112,3.2222223,-2.1111112,0.8888889,-1.9212171,WINDOW
97,90,1.8888892,3.6111114,15.666667,29,15.777778,-13.444445,26.555555,-13.111111,0.465278,-2.101515,WINDOW
58,140,0.055555556,0.22222225,0,0.7777778,0,-0.7777778,1.5555556,-0.7777778,0.7777778,-2.0943952,WINDOW
94,135,2.277778,0.5555555,0.7777778,4.888889,0.8888889,-4.2222223,8.111111,-3.8888888,0.88800704,-2.1109743,WINDOW
96,141,1.5555555,0.44444445,3.1111112,8.777778,3,-5.5555553,11.444445,-5.888889,0.6652397,-2.0750706,WINDOW
14,135,0.27777776,0.27777776,1.6666666,6,1,-3.6666667,9.333333,-5.6666665,0.83227515,-1.958546,WINDOW
77,135,0.22222221,0.22222221,0,2.3333335,0,-2.3333333,4.6666665,-2.3333333,1,-2.0943952,WINDOW
243,94,0.6666666,0.22222221,0.22222222,3.2222223,0.11111111,-2.8888888,6.111111,-3.2222223,0.9777778,-2.0712416,WINDOW
39,137,0.2222222,0.27777776,0,4.111111,0,-4.111111,8.222222,-4.111111,1,-2.0943952,WINDOW
207,115,1.0555555,0.16666669,0.44444445,2.8888888,0.33333334,-2.3333333,5,-2.6666667,0.93333334,-2.0655363,WINDOW
20,134,0.6666667,0.61111116,1.1111112,6.4444447,1.3333334,-5.5555553,10.444445,-4.888889,0.8292328,-2.133095,WINDOW
41,139,0.055555563,0.11111113,0,3.8888888,0,-3.8888888,7.7777777,-3.8888888,1,-2.0943952,WINDOW
208,90,2.8888886,0.72222215,2.7777777,10,2.6666667,-7.111111,14.555555,-7.4444447,0.79721206,-2.073429,WINDOW
188,110,0.77777773,0.77777785,2.7777777,7.4444447,2.4444444,-4.3333335,9.666667,-5.3333335,0.67526454,-2.021228,WINDOW
222,93,1.7222223,0.16666669,1,5.4444447,0.8888889,-4.3333335,9,-4.6666665,0.8783951,-2.0750706,WINDOW
90,134,0.5555556,1.0555555,1,6.111111,0.8888889,-5,10.333333,-5.3333335,0.87610227,-2.0712416,WINDOW
242,89,0.5,0.9444445,0.7777778,4.111111,0.5555556,-3.1111112,6.888889,-3.7777777,0.8962963,-2.0422592,WINDOW
58,111,3.2222223,2.0555556,15.555555,26.222221,16.222223,-11.333333,20.666666,-9.333333,0.40922624,-2.1537185,WINDOW
199,116,0.5555555,0.44444442,0.6666667,4.888889,0.33333334,-3.8888888,8.777778,-4.888889,0.94074076,-2.018925,WINDOW
79,104,0.9444453,1.5,59.77778,78,58.11111,-16.555555,38.11111,-21.555555,0.25469732,-2.0078323,CEMENT
216,78,1.333333,4.3333335,31.333334,46,31,-14.333333,29.666666,-15.333333,0.33970988,-2.053834,CEMENT
133,125,1.4444433,2.1111114,61.11111,79.111115,58.555557,-15.444445,38.555557,-23.11111,0.2598418,-1.9632003,CEMENT
190,105,1.8888893,2.166666,41.22222,56.333332,39.666668,-13.555555,31.777779,-18.222221,0.29599184,-1.9960818,CEMENT
61,104,1.3888893,1.4444441,52.77778,68.22222,51,-13.666667,32.666668,-19,0.25220254,-1.9852214,CEMENT
104,129,19.277777,1.1111107,33.11111,47.444443,33.11111,-14.333333,28.666666,-14.333333,0.3206125,-2.097799,CEMENT
121,107,1.5555553,13.166667,49.444443,64.44444,48.11111,-13.666667,31.333334,-17.666666,0.25266927,-2.0036066,CEMENT
224,124,3.1666667,7.388889,39.22222,52.666668,37.555557,-11.777778,28.555555,-16.777779,0.2909818,-1.9809769,CEMENT
185,85,9.277779,2.8333328,45,59.555557,42.88889,-12.444445,31.222221,-18.777779,0.27872574,-1.9542203,CEMENT
155,138,2.0000012,1.0555534,63.88889,82.55556,62,-16.777779,39.22222,-22.444445,0.24899773,-1.9990451,CEMENT
183,105,2.1111095,0.77777606,60,78.77778,57.88889,-16.666666,39.666668,-23,0.26498562,-1.9894751,CEMENT
122,129,2.2777786,19.833334,46.88889,60.666668,45.444443,-12.333333,29,-16.666666,0.24809188,-1.9972415,CEMENT
52,82,3.2777786,1.3333334,41.555557,53.11111,40,-10,24.666666,-14.666667,0.24660505,-1.9717809,CEMENT
164,83,2.5,1.5555559,60.22222,79.66667,58.88889,-18.11111,40.22222,-22.11111,0.26032928,-2.0277708,CEMENT
81,79,0.44444466,0.88888866,42.88889,53.88889,40.666668,-8.777778,24.222221,-15.444445,0.245206,-1.9188883,CEMENT
198,127,2.4444444,8.555555,38,48.22222,36,-8.222222,22.444445,-14.222222,0.24899939,-1.9083478,CEMENT
242,81,1.5,1.2222227,34.555557,47.22222,33,-11.111111,26.88889,-15.777778,0.30079645,-1.9845657,CEMENT
168,77,0.88888866,1.5555553,54.22222,71.333336,53.11111,-16,35.333332,-19.333334,0.25532874,-2.030875,CEMENT
41,103,2.4444454,1.777778,56,73.44444,54.333332,-15.777778,36.555557,-20.777779,0.25960675,-2.0029202,CEMENT
73,105,2.1111114,1.1666666,53.333332,70.333336,52.22222,-15.888889,35.11111,-19.222221,0.25904787,-2.032243,CEMENT
209,122,0.8333327,11.444444,35.77778,47.555557,34.333336,-10.333333,25,-14.666667,0.28241062,-1.9850266,CEMENT
198,122,1.5,11.444446,32.666668,44,31.88889,-10.555555,23.444445,-12.888889,0.29184964,-2.035377,CEMENT
165,96,2.38889,1.722222,61,80.22222,59.88889,-18.11111,39.555557,-21.444445,0.25459513,-2.0363362,CEMENT
99,103,1,0.8333359,58.333332,78.111115,56.88889,-18.333334,41,-22.666666,0.271568,-2.022581,CEMENT
155,135,2.3888867,0.83333206,63.666668,83.888885,62.22222,-18.777779,41.88889,-23.11111,0.25830337,-2.0249448,CEMENT
185,118,14.444446,1.1666666,50.11111,66.333336,48.77778,-14.888889,33.77778,-18.88889,0.26555753,-2.0071168,CEMENT
168,70,0.8333333,0.3888893,51.555557,64.88889,48.666668,-10.444445,29.555555,-19.11111,0.24982914,-1.9079554,CEMENT
160,73,0.944444,0.7777774,54,70.111115,52.333332,-14.444445,33.88889,-19.444445,0.25336418,-1.9969074,CEMENT
56,107,1.1111107,4.722223,46.22222,58.333332,44.88889,-10.777778,25.555555,-14.777778,0.23045462,-1.9914447,CEMENT
206,105,0.27777734,0.61111134,45.666668,60.88889,44,-13.555555,32.11111,-18.555555,0.27710575,-1.9919642,CEMENT
144,139,5.5000005,1.3888893,57.88889,78.77778,57.333332,-20.333334,42.333332,-22,0.27568987,-2.065471,CEMENT
83,83,0.7777786,1.666666,46,59.555557,44,-11.555555,29.11111,-17.555555,0.26060534,-1.958524,CEMENT
38,103,0.8888893,1.9444447,53.333332,69.55556,51.666668,-14.555555,34.11111,-19.555555,0.2570141,-1.9975892,CEMENT
135,104,0.94444466,1.9999994,58.22222,76.55556,56.11111,-16.222221,38.77778,-22.555555,0.26721877,-1.986567,CEMENT
133,108,0.777777,22.444443,41.22222,55.444443,40.11111,-13.111111,29.555555,-16.444445,0.27598566,-2.0155542,CEMENT
80,83,1.6666666,1.5000013,45.666668,58.666668,44,-11.333333,27.666666,-16.333334,0.24967904,-1.9736155,CEMENT
219,80,1.2777767,0.6666667,36.333336,48.22222,34.555557,-10.111111,25.555555,-15.444445,0.28296396,-1.9626464,CEMENT
4,126,1.1666673,0.94444466,52.333332,70.44444,50.666668,-16.444445,37.88889,-21.444445,0.28073832,-2.0060287,CEMENT
163,68,1.833334,1.5555559,52,68.22222,50.11111,-14.333333,34.333332,-20,0.26505277,-1.9843078,CEMENT
245,78,1.888889,4.0555553,25.11111,40.333336,25.11111,-15.222222,30.444445,-15.222222,0.39203387,-2.0666955,CEMENT
33,108,2.944444,6.833332,36,48.22222,35.77778,-12,24.666666,-12.666667,0.26675764,-2.080474,CEMENT
252,82,1.0555547,0.77777797,34.555557,48.444443,33.666668,-13,28.666666,-15.666667,0.3038762,-2.028043,CEMENT
169,66,2.0000007,0.94444466,47.77778,61.22222,45.77778,-11.444445,28.88889,-17.444445,0.25210327,-1.9612544,CEMENT
236,102,1.0555559,1.7777792,46.22222,64.333336,44.555557,-16.444445,37.88889,-21.444445,0.30700684,-2.0098543,CEMENT
37,78,1.0000006,2.5555565,41.11111,51.88889,38.444443,-8.111111,24.222221,-16.11111,0.25891644,-1.8860723,CEMENT
37,124,1.4999994,2.4444447,49.444443,65.22222,48.333332,-14.666667,32.666668,-18,0.2585428,-2.0300786,CEMENT
146,125,0.99999744,2.1666667,63.22222,83.111115,61.666668,-18.333334,41.333332,-23,0.2575994,-2.0195448,CEMENT
189,124,1.2777773,1.2777792,35.88889,46.22222,33.666668,-8.111111,22.88889,-14.777778,0.27147377,-1.9075019,CEMENT
187,106,4.055556,7,34.11111,45.77778,33.22222,-10.777778,24.222221,-13.444445,0.27090696,-2.0101776,CEMENT
68,128,21.333334,1.3333341,32.11111,43.77778,30.88889,-10.444445,24.555555,-14.111111,0.31617704,-1.9818461,CEMENT
185,102,11.055557,0.44444528,51.11111,69.111115,50.11111,-17,37,-20,0.27435303,-2.034054,CEMENT
120,102,0.77777797,0.6666667,56.77778,77.111115,56.555557,-20.11111,40.88889,-20.777779,0.26937962,-2.0830433,CEMENT
197,123,0.94444466,2.9999993,41.11111,53.77778,39.555557,-11.111111,26.88889,-15.777778,0.26327455,-1.9783275,CEMENT
142,100,0.6666667,1.388889,21.777779,28.444445,16.444445,-1.3333334,18.666666,-17.333334,0.42199442,-1.6233006,BRICKFACE
27,50,1.0555557,1.0000004,21.666666,30,17.444445,-4.111111,20.88889,-16.777779,0.41874644,-1.7412539,BRICKFACE
19,55,1.444445,1.277778,20.555555,26.666666,15.888889,-1.4444444,16.88889,-15.444445,0.40479085,-1.634416,BRICKFACE
34,83,1.4444447,2.444445,19.555555,24.444445,14.333333,0.33333334,15,-15.333333,0.41007325,-1.5070066,BRICKFACE
82,109,0.722223,1.3333336,19.222221,21,13.111111,4.3333335,9.666667,-14,0.37602362,-1.2765617,BRICKFACE
99,107,1.5555557,3.3333333,19.444445,23,13.444445,2.4444444,13.111111,-15.555555,0.41378537,-1.3703691,BRICKFACE
35,62,0.7777786,1.2222227,20.777779,27.222221,15.666667,-1.3333334,18,-16.666666,0.423121,-1.6203984,BRICKFACE
8,79,1.2777778,2.111111,17.333334,21,12.111111,1.5555556,12.555555,-14.111111,0.42233688,-1.4531144,BRICKFACE
23,85,1.4444445,1.777778,18.88889,21.88889,13.111111,2.7777777,11.777778,-14.555555,0.39975148,-1.386867,BRICKFACE
37,114,1.388889,3.8888884,19,20.11111,12.555555,5.3333335,8.666667,-14,0.39369074,-1.1766617,BRICKFACE
1,115,1.8333331,2.2222226,15.666667,21.777779,12.222222,-2.6666667,15.666667,-13,0.42553785,-1.5480099,BRICKFACE
14,60,0.55555505,1.0555553,18.88889,24.777779,14.333333,-1.3333334,16.333334,-15,0.41924807,-1.6233917,BRICKFACE
42,63,1.5000004,1.9444441,20.333334,29.666666,17.11111,-6.111111,21.88889,-15.777778,0.42265132,-1.8138857,BRICKFACE
78,69,1.4999996,1.6111107,22,32.555557,18.444445,-7,24.666666,-17.666666,0.4315472,-1.8112034,BRICKFACE
88,89,0.7777774,3.6666667,21.666666,28.444445,16.88889,-2,18.333334,-16.333334,0.40368655,-1.6255869,BRICKFACE
88,115,1.666667,4.166667,21.333334,28,16.777779,-2.1111112,17.88889,-15.777778,0.3973624,-1.6195486,BRICKFACE
13,73,1.3888887,2.611111,19.222221,24.11111,13.888889,0.44444445,15.111111,-15.555555,0.42150384,-1.5242527,BRICKFACE
127,118,1.722222,3.444444,21.555555,29,17.666668,-3.5555556,18.777779,-15.222222,0.3903984,-1.707392,BRICKFACE
29,66,2.5555553,2.1666667,21.222221,29.88889,16.777779,-4.2222223,21.777779,-17.555555,0.43824613,-1.7335443,BRICKFACE
75,67,1.4444447,1.8333334,22.555555,27.88889,16.333334,0.8888889,16.88889,-17.777779,0.4148357,-1.5247713,BRICKFACE
14,110,1.7222224,2.6666667,18.88889,21.444445,13.444445,2.8888888,10.555555,-13.444445,0.36884832,-1.3450956,BRICKFACE
122,91,2.2222223,2.1666663,22,28.777779,16.666668,-1.4444444,18.88889,-17.444445,0.420716,-1.6304086,BRICKFACE
95,100,0.7222223,1.2222217,21.666666,26,15.555555,1.7777778,14.777778,-16.555555,0.4010419,-1.4770186,BRICKFACE
145,102,0.88888866,2.611111,22.11111,29.777779,17.333334,-2.8888888,20.11111,-17.222221,0.41776258,-1.6854404,BRICKFACE
26,93,2.4999993,2.1111114,18.88889,26.777779,15.444445,-4.4444447,19.222221,-14.777778,0.4192332,-1.7303063,BRICKFACE
140,103,2.166666,1.8333334,21.222221,28,16.333334,-1.8888888,18.444445,-16.555555,0.4162386,-1.6343956,BRICKFACE
83,114,1.388889,1.9444443,20,24.666666,14.888889,0.44444445,14.444445,-14.888889,0.39496386,-1.5086578,BRICKFACE
7,34,2,1.5,18.222221,27.88889,14.888889,-6.3333335,22.666666,-16.333334,0.4663447,-1.8231477,BRICKFACE
95,109,1,1.9444443,19.222221,20,12.555555,5.888889,8.222222,-14.111111,0.38499743,-1.1312037,BRICKFACE
100,111,1.6111107,1.6111107,19.777779,24.88889,15.111111,-0.44444445,14.888889,-14.444445,0.39170122,-1.5814401,BRICKFACE
38,106,2.2222223,2.1111114,20,25.11111,14.888889,0,15.333333,-15.333333,0.40815476,-1.5576197,BRICKFACE
23,86,0.88888913,1.7222222,18.555555,23.555555,13.666667,-0.11111111,14.888889,-14.777778,0.41791564,-1.5415015,BRICKFACE
96,84,1.5000004,1.6111107,23.555555,30,18,-0.8888889,18.444445,-17.555555,0.39879107,-1.598867,BRICKFACE
146,72,0.944444,1.6666664,23.777779,35.444447,19.444445,-7.3333335,27.666666,-20.333334,0.45092598,-1.8078662,BRICKFACE
40,73,1.3888893,1.6111116,19.777779,26.777779,15.333333,-2.5555556,18.444445,-15.888889,0.42697316,-1.6754649,BRICKFACE
39,60,1.5555559,2.444445,21.333334,30,16.555555,-3.8888888,22.11111,-18.222221,0.44663557,-1.7093887,BRICKFACE
9,92,1.3888887,2.4999998,18.777779,24.11111,14.333333,-0.8888889,15.111111,-14.222222,0.40102458,-1.5705879,BRICKFACE
137,94,1.666667,3.666667,20.666668,27.333334,15.666667,-1.6666666,18.333334,-16.666666,0.42781135,-1.627145,BRICKFACE
5,92,1.3333335,2.1666667,18.777779,23.777779,13.555555,0.22222222,15.222222,-15.444445,0.4288601,-1.5482956,BRICKFACE
69,92,1.888889,1.9999999,20.222221,23.333334,14.555555,2.5555556,11.888889,-14.444445,0.37657413,-1.4082419,BRICKFACE
85,56,1.3333334,1.2777773,23.333334,36,20,-9.333333,28.666666,-19.333334,0.4427882,-1.8631825,BRICKFACE
41,61,2.0555553,1.5555553,20.333334,28.777779,16.11111,-4.2222223,21.11111,-16.88889,0.43704242,-1.7372931,BRICKFACE
95,57,1.8333327,2.1111107,24.666666,34.444447,19.777779,-4.888889,24.444445,-19.555555,0.42569095,-1.7390174,BRICKFACE
121,113,1.722222,2.944444,20,25.444445,15.333333,-0.7777778,15.555555,-14.777778,0.39658895,-1.5856091,BRICKFACE
85,101,1.3333334,1.2777777,21.222221,26.777779,15.888889,-0.22222222,16.444445,-16.222221,0.4047922,-1.5585992,BRICKFACE
131,86,1.3888893,1.6666673,23.555555,31.333334,18,-2.2222223,21.11111,-18.88889,0.42459705,-1.6508442,BRICKFACE
122,106,1.611111,1.6111113,22,29.88889,17.222223,-3.1111112,20.555555,-17.444445,0.42334643,-1.6958038,BRICKFACE
67,61,1.0555557,0.8333333,22.666666,30.666666,17.88889,-3.2222223,20.777779,-17.555555,0.41575083,-1.7009131,BRICKFACE
65,54,1.777778,2.722222,22.777779,32.555557,18.444445,-5.4444447,23.88889,-18.444445,0.4321665,-1.7607523,BRICKFACE
86,74,1.3333336,0.6666673,21.666666,28.88889,16.666668,-2.2222223,19.444445,-17.222221,0.42220616,-1.6466708,BRICKFACE
141,89,1.277778,1.6666666,23.11111,30.444445,18.11111,-2.3333333,19.666666,-17.333334,0.40502182,-1.6640084,BRICKFACE
17,64,1.4444443,1.6666664,17.555555,25.11111,14,-4,18.666666,-14.666667,0.44109204,-1.7555053,BRICKFACE
5,101,2.3333333,1.7777777,18.333334,19.88889,12.555555,4.2222223,8.888889,-13.111111,0.3768521,-1.2111098,BRICKFACE
78,108,0.8333335,1.6111107,19,19.88889,12.444445,5.6666665,8.333333,-14,0.37883934,-1.1695169,BRICKFACE
127,121,1.6666664,2.0000002,21.666666,30.11111,17.555555,-4.3333335,21,-16.666666,0.4155243,-1.7407364,BRICKFACE
71,90,2.777778,5.111111,22,29.11111,16.777779,-1.8888888,19.444445,-17.555555,0.4204864,-1.6223308,BRICKFACE
24,58,0.8888893,1.3888887,20,27.333334,15.444445,-2.7777777,19.222221,-16.444445,0.4347433,-1.6850739,BRICKFACE
4,87,2.7777777,2.722222,18.222221,21,12.777778,2.6666667,11,-13.666667,0.39173108,-1.3183731,BRICKFACE
149,117,0.833333,0.9999997,21.11111,26.333334,16.222223,-0.33333334,15.333333,-15,0.38262922,-1.5744768,BRICKFACE
79,57,1.7222223,1.9444447,24,36.22222,20.222221,-8.444445,28.222221,-19.777779,0.44050935,-1.8376745,BRICKFACE
22,60,0.5,1.2777777,19.333334,25.777779,14.666667,-1.7777778,17.555555,-15.777778,0.43048432,-1.650048,BRICKFACE
64,74,1.333333,1.3888893,21,26.88889,15.555555,-0.44444445,17.222221,-16.777779,0.41920358,-1.5542339,BRICKFACE
140,116,0.94444495,0.8888893,21.333334,28.11111,16.88889,-2.3333333,18,-15.666667,0.39844838,-1.6703143,BRICKFACE
21,53,0.888889,1.1666666,20.88889,27.444445,16.333334,-2,17.666666,-15.666667,0.40413755,-1.6621771,BRICKFACE
26,67,1,2.4444447,19.555555,25.88889,14.555555,-1.3333334,17.666666,-16.333334,0.4369392,-1.6232022,BRICKFACE
79,95,1.6666666,2.4999993,21.11111,26.222221,16,0,15.333333,-15.333333,0.38836312,-1.555549,BRICKFACE
75,59,1.0555553,2.944445,22.333334,34.333336,18.555555,-8.222222,27.777779,-19.555555,0.45942742,-1.8363283,BRICKFACE
97,86,1.5000004,3.555556,23.333334,30.222221,17.88889,-1.4444444,19.222221,-17.777779,0.40554056,-1.6085904,BRICKFACE
7,114,1.1666665,2.1111114,16.11111,17.11111,10.333334,4.7777777,7.7777777,-12.555555,0.40864444,-1.1793475,BRICKFACE
4,40,1.3333338,1.1111115,15.666667,23.333334,12.555555,-4.5555553,18.444445,-13.888889,0.4630599,-1.7836024,BRICKFACE
68,117,0.44444433,1.611111,20.666668,24.11111,14.888889,2.3333333,12.666667,-15,0.38127685,-1.4200875,BRICKFACE
147,69,2.0555556,1.8888897,23.444445,34.444447,19.11111,-6.6666665,26.333334,-19.666666,0.44485995,-1.7913898,BRICKFACE
134,104,2.388889,2.6666663,20.88889,28.333334,16.11111,-2.6666667,19.666666,-17,0.43039906,-1.6697525,BRICKFACE
84,51,1.7777777,2.6666672,22.666666,35.11111,19.444445,-9.222222,28.11111,-18.88889,0.44611752,-1.8730317,BRICKFACE
10,61,2.2222219,3.1111107,18.666668,24.222221,14,-0.8888889,15.777778,-14.888889,0.41952246,-1.5912062,BRICKFACE
120,108,0.611111,0.944444,21,28.222221,16.555555,-2.7777777,18.88889,-16.11111,0.41213372,-1.6835289,BRICKFACE
136,77,1.888889,3.0555556,24.555555,34.444447,20.222221,-5.5555553,24.11111,-18.555555,0.4132174,-1.7688724,BRICKFACE
145,101,0.55555534,1.611111,21.555555,29.222221,16.555555,-2.6666667,20.333334,-17.666666,0.43281928,-1.6743178,BRICKFACE
8,102,1.888889,1.9444443,18.555555,21.88889,13.333333,1.8888888,11.888889,-13.777778,0.39032918,-1.4470371,BRICKFACE
69,81,1.833333,1.8333334,20.333334,24.666666,14.555555,1.4444444,14.444445,-15.888889,0.41030994,-1.472378,BRICKFACE
67,64,2.1111107,2.388889,22,28.88889,16.555555,-1.4444444,19.222221,-17.777779,0.42692268,-1.6256685,BRICKFACE
90,101,0.8888893,1.7222223,20.333334,25,14.888889,0.7777778,14.777778,-15.555555,0.40403765,-1.5201249,BRICKFACE
42,56,1.0555553,1.333333,21.11111,30.222221,16.88889,-4.888889,22.444445,-17.555555,0.44070765,-1.759414,BRICKFACE
11,108,1.3333335,1.3888888,19,21.11111,12.888889,4,10.333333,-14.333333,0.38875645,-1.3021333,BRICKFACE
69,75,2.111111,1.5000004,22,29.333334,16.88889,-2.2222223,19.777779,-17.555555,0.4235012,-1.6418817,BRICKFACE
2,44,2.1666672,2.3888896,17.333334,25.222221,13.666667,-4.2222223,19.444445,-15.222222,0.45768142,-1.7537255,BRICKFACE
139,86,1.4444447,1.222222,24.222221,35,20.222221,-6.7777777,25.555555,-18.777779,0.4214949,-1.8048292,BRICKFACE
13,103,1.3888888,2.277778,17.666668,19.11111,11.666667,4.5555553,8.888889,-13.444445,0.39890292,-1.2192107,BRICKFACE
89,89,1.722222,2.9444447,21.333334,27.777779,16.555555,-1.6666666,17.666666,-16,0.4004446,-1.6113652,BRICKFACE
96,80,1.5555557,2.5000002,24,34.444447,19.555555,-6,25.333334,-19.333334,0.4324709,-1.7735944,BRICKFACE
23,88,2.0000002,2.9444447,18.777779,27.333334,15.666667,-5.4444447,20.222221,-14.777778,0.42490423,-1.7851468,BRICKFACE
24,83,2.7777774,3.6111107,19.11111,23.222221,13.888889,1.1111112,13.444445,-14.555555,0.39992693,-1.4568193,BRICKFACE
90,111,1.6666666,1.333333,19.777779,22.222221,13.888889,3.4444444,10.777778,-14.222222,0.37431172,-1.3337922,BRICKFACE
24,65,1.2222227,2.333334,20.11111,26.777779,15.555555,-2.1111112,17.88889,-15.777778,0.41941756,-1.6658529,BRICKFACE
73,103,1.2777773,1.1111107,19.222221,22.555555,13.222222,2.6666667,12.666667,-15.333333,0.41030627,-1.3974138,BRICKFACE
88,88,0.833333,2.888889,21.333334,28.444445,16.666668,-2.4444444,18.88889,-16.444445,0.41330814,-1.6537874,BRICKFACE
121,60,2.277778,2.888889,24.666666,35.22222,20.333334,-6.2222223,25.444445,-19.222221,0.4223002,-1.776113,BRICKFACE
91,115,1.7222223,3.888889,20.555555,24.11111,15.111111,1.8888888,12.555555,-14.444445,0.37532148,-1.4409626,BRICKFACE
27,68,1.388889,1.7777777,20.444445,28.444445,15.888889,-3.4444444,20.555555,-17.11111,0.440354,-1.7003236,BRICKFACE
29,100,2.2222226,2.6666672,20.88889,25.555555,15.444445,0.7777778,14.777778,-15.555555,0.39433068,-1.519702,BRICKFACE
23,113,0.72222203,2.777778,17.11111,16.88889,10.111111,7.2222223,6.5555553,-13.777778,0.4513593,-0.97570044,BRICKFACE
40,85,1.111111,2.5000007,20.777779,27.11111,15.444445,-1,18,-17,0.42873532,-1.6039575,BRICKFACE
30,102,1.2222217,1.333333,20.333334,25,15.444445,0.22222222,14.222222,-14.444445,0.38105944,-1.5550972,BRICKFACE
77,78,2.222223,2,24,31.222221,18.555555,-1.7777778,19.88889,-18.11111,0.40196496,-1.610448,BRICKFACE
96,92,3.3333337,1.777778,21.777779,29.777779,17.11111,-3.3333333,20.666666,-17.333334,0.422223,-1.6826507,BRICKFACE
147,92,1.111111,1.388889,22.777779,30,17.555555,-2,19.666666,-17.666666,0.4143562,-1.6539259,BRICKFACE
42,59,1.833333,2.0555553,20.777779,28.777779,15.888889,-3.1111112,20.88889,-17.777779,0.44514215,-1.680812,BRICKFACE
2,63,1.2222219,1.4999999,17.222223,23.666666,13.333333,-2.5555556,16.777779,-14.222222,0.43502074,-1.6838473,BRICKFACE
31,106,1.6111107,0.7222223,19.555555,23.666666,14.111111,1.3333334,13.666667,-15,0.40322387,-1.4845796,BRICKFACE
33,104,1.5555559,3.0555563,20.222221,24.88889,15.444445,0.11111111,14.111111,-14.222222,0.38036656,-1.5553759,BRICKFACE
81,98,1.2222227,1.888889,21,25.88889,15.777778,0.33333334,15,-15.333333,0.38914663,-1.5288948,BRICKFACE
6,90,1.9444447,1.3333336,18.777779,22.11111,13.444445,2,12,-14,0.38846022,-1.4258847,BRICKFACE
76,81,1.888889,1.3333334,22.333334,28.777779,17,-1.1111112,18.222221,-17.11111,0.40920117,-1.6067939,BRICKFACE
145,90,1,2,23.666666,32.22222,18.666668,-3.5555556,22.11111,-18.555555,0.4205985,-1.7059416,BRICKFACE
133,67,1.388889,2.1111114,25.11111,35.88889,20.444445,-6.111111,26.222221,-20.11111,0.42930815,-1.7683556,BRICKFACE
80,95,1.2222223,0.944444,21.333334,26.666666,16.222223,-0.22222222,15.777778,-15.555555,0.39043593,-1.5673273,BRICKFACE
75,107,1.1666665,1.7777777,18.777779,19.444445,11.888889,6.2222223,8.222222,-14.444445,0.39931142,-1.1319735,BRICKFACE
123,104,2.2777777,4,20.555555,28.666666,16.555555,-4.111111,20.222221,-16.11111,0.4213954,-1.7287898,BRICKFACE
30,56,1.5555553,1.4999996,22.11111,31.333334,17.666668,-4.7777777,22.88889,-18.11111,0.43595982,-1.7488347,BRICKFACE
94,67,2.5555556,1.5555557,22.88889,30.777779,17.555555,-2.5555556,21.11111,-18.555555,0.42989677,-1.6701708,BRICKFACE
89,107,1.4444445,1.8888894,19.88889,22.88889,13.888889,3,12,-15,0.39465594,-1.3578709,BRICKFACE
86,88,2.055556,1.722222,21.444445,26.333334,15.666667,0.8888889,15.555555,-16.444445,0.40511805,-1.5125551,BRICKFACE
65,75,0.611111,0.72222203,21.11111,27.11111,15.777778,-0.6666667,17.333334,-16.666666,0.41704598,-1.5901641,BRICKFACE
149,77,2.111111,2.4444447,23.444445,31.555555,18.444445,-3.1111112,21.222221,-18.11111,0.41573665,-1.6895405,BRICKFACE
98,104,2.2222223,1.4999999,19.222221,23.222221,13.666667,1.5555556,13.555555,-15.111111,0.4100093,-1.4466414,BRICKFACE
23,55,2.2222216,1.7777773,21.666666,31.11111,17.555555,-5.3333335,23,-17.666666,0.43507022,-1.7711632,BRICKFACE
75,75,2.8333337,2.2222223,23.333334,34.77778,19.777779,-7.888889,26.444445,-18.555555,0.4296633,-1.8355997,BRICKFACE
89,68,4.055556,2.3888886,17.666668,23,12.444445,-0.11111111,15.888889,-15.777778,0.46200204,-1.5639724,BRICKFACE
38,41,1.7777777,1.6666666,20.777779,29.777779,16.88889,-5.111111,21.88889,-16.777779,0.4320471,-1.7716596,BRICKFACE
76,64,2.2222223,2.8888884,21.777779,31.222221,17.88889,-5.5555553,22.777779,-17.222221,0.42481935,-1.7567121,BRICKFACE
25,116,0.94444484,4.777777,17,20,11.555555,2.4444444,11.444445,-13.888889,0.44718736,-1.1628438,BRICKFACE
6,51,1.6666666,1.611111,18.777779,25.666666,14.333333,-2.4444444,18.222221,-15.777778,0.44286063,-1.6812904,BRICKFACE
32,45,2.2777777,3.2777777,20.555555,28.777779,16.444445,-4.111111,20.555555,-16.444445,0.42816728,-1.7353698,BRICKFACE
149,64,1.4999996,1.3888887,22.666666,31.88889,17.666668,-4.2222223,23.444445,-19.222221,0.4463545,-1.7248944,BRICKFACE
29,81,2.6111107,2.7222216,20.11111,26.11111,15.222222,-1.1111112,16.88889,-15.777778,0.41266233,-1.5663354,BRICKFACE
2,98,2,1.055555,18.333334,20.777779,13.333333,2.5555556,9.888889,-12.444445,0.35672373,-1.3604367,BRICKFACE
2,89,1.2222224,2.5555556,18.777779,23.88889,14.222222,-0.5555556,14.777778,-14.222222,0.40250653,-1.544214,BRICKFACE
85,70,1.2777777,1.8333334,23,30.11111,17.88889,-2,19.333334,-17.333334,0.40601462,-1.6496034,BRICKFACE
70,71,2.1111119,2.8333333,21.88889,29.666666,16.777779,-2.6666667,20.666666,-18,0.43356952,-1.6679595,BRICKFACE
69,59,1.2777773,2.055555,22.666666,30.88889,18,-3.5555556,21.11111,-17.555555,0.41530126,-1.6993256,BRICKFACE
14,66,1.5555553,1.5,18.555555,24,13.444445,-0.33333334,16,-15.666667,0.43785483,-1.5692534,BRICKFACE
127,120,1.6666666,3.222222,22.11111,30.444445,18.444445,-4.6666665,20.333334,-15.666667,0.39486286,-1.7648901,BRICKFACE
35,42,1.0555559,1.388889,20,31.11111,16.666668,-7.7777777,25.555555,-17.777779,0.46275216,-1.8424939,BRICKFACE
70,60,0.94444466,2.166666,22.444445,31,17.88889,-4,21.666666,-17.666666,0.420823,-1.7131336,BRICKFACE
12,56,1.2222223,1.3333336,19.444445,25.444445,14.666667,-1.2222222,16.777779,-15.555555,0.42268896,-1.6222115,BRICKFACE
149,92,1.2222223,2.3333333,23.11111,30.333334,17.555555,-1.6666666,20,-18.333334,0.4209725,-1.6377774,BRICKFACE
80,116,1.5,1.5555557,21.222221,27.555555,16.333334,-1.4444444,17.555555,-16.11111,0.40736422,-1.6322426,BRICKFACE
98,119,1.4444447,2.5555556,21.333334,27.333334,16.11111,-0.7777778,17.222221,-16.444445,0.40821064,-1.5789601,BRICKFACE
35,96,2.1111114,2.833333,20.777779,27.777779,16.666668,-2.8888888,18.11111,-15.222222,0.39949927,-1.6769211,BRICKFACE
136,70,1,1.7222223,24.444445,34,19.666668,-4.7777777,23.88889,-19.11111,0.42128146,-1.7451795,BRICKFACE
19,63,1.2777777,2.1111114,19.666668,27.777779,15.333333,-3.7777777,20.555555,-16.777779,0.44724983,-1.7268302,BRICKFACE
75,103,1.3888893,1.8888887,20.222221,22.777779,13.888889,3.7777777,11.444445,-15.222222,0.38838536,-1.3341274,BRICKFACE
67,118,1.111111,2.2777777,20.222221,27.333334,15.777778,-2.6666667,18.666666,-16,0.41688403,-1.620749,BRICKFACE
133,96,1.0000004,2.777778,22.11111,27.333334,16.222223,0.6666667,16.333334,-17,0.40645057,-1.5306859,BRICKFACE
31,62,1.8333336,1.8333334,20.555555,27.222221,15.777778,-1.8888888,18.11111,-16.222221,0.4194691,-1.6501234,BRICKFACE
78,107,0.8333332,1.6111108,18.333334,20.666668,12.555555,3.4444444,10.444445,-13.888889,0.3952535,-1.3124995,BRICKFACE
101,80,3.5555553,3,24.333334,31.555555,18.555555,-1.4444444,20.222221,-18.777779,0.4120944,-1.620451,BRICKFACE
141,68,1.4444443,2.1666667,24.222221,36.88889,20.444445,-8.888889,29.11111,-20.222221,0.4456523,-1.8485235,BRICKFACE
66,101,0.7222226,2.2222223,19.666668,23.555555,13.888889,1.8888888,13.555555,-15.444445,0.41026655,-1.4575915,BRICKFACE
26,91,2,2.5555556,19.777779,24.555555,14.888889,0.11111111,14.444445,-14.555555,0.39415666,-1.5522503,BRICKFACE
232,126,2.3888888,1.2222223,0.44444445,3.5555556,0.5555556,-3.2222223,6.111111,-2.8888888,0.96581197,-2.1073034,FOLIAGE
240,75,29.222221,10.222221,29.777779,50.666668,33.666668,-24.777779,37.88889,-13.111111,0.46491185,-2.2841873,FOLIAGE
227,69,3.6111114,4.333333,6.888889,16,10.333334,-12.555555,14.777778,-2.2222223,0.6042809,-2.4818742,FOLIAGE
241,137,4.277778,3.8333333,2.5555556,9,3.4444444,-7.3333335,12,-4.6666665,0.837478,-2.1939669,FOLIAGE
226,69,19.111113,20.444445,19.222221,29.333334,22.88889,-13.777778,16.555555,-2.7777777,0.5089938,-2.488979,FOLIAGE
241,90,5.6666665,6.7777786,4.7777777,15.666667,6.5555553,-12.666667,20,-7.3333335,0.7629189,-2.2663894,FOLIAGE
242,81,22.388887,15.166667,33.11111,55.555557,37.11111,-26.444445,40.88889,-14.444445,0.42017567,-2.2744606,FOLIAGE
196,100,7.277777,5.777778,4.666667,13.333333,6.4444447,-10.444445,15.555555,-5.111111,0.7380342,-2.2898738,FOLIAGE
205,83,24.555555,8.333333,19.777779,28.555555,21.555555,-10.555555,15.777778,-5.2222223,0.5041609,-2.3213427,FOLIAGE
240,79,16.277779,14.166667,24.333334,45.77778,28.222221,-25.333334,39,-13.666667,0.48906165,-2.2862954,FOLIAGE
201,86,9.5,8.777779,8.777778,19.88889,11.555555,-13.888889,19.444445,-5.5555553,0.6309454,-2.363577,FOLIAGE
183,78,1.0555573,0.7777786,128.66667,147,131,-20.666666,34.333332,-13.666667,0.124646865,-2.2255366,SKY
181,27,0.7222214,0.5,132.55556,146.55556,135.11111,-16.555555,25.444445,-8.888889,0.09626316,-2.2645319,SKY
236,42,0.72222394,1.3888906,128.11111,146.44444,131.33334,-21.555555,33.444443,-11.888889,0.12513736,-2.2822175,SKY
254,57,0.9444402,1.3888906,129.44444,146.66667,131.22223,-19,32.666668,-13.666667,0.11873322,-2.1874216,SKY
18,13,0.88889056,1.1111145,134.33334,149.11111,137.33334,-17.777779,26.555555,-8.777778,0.099060155,-2.292384,SKY
189,107,1,1.0555547,125.77778,145.22223,130,-23.666666,34.666668,-11,0.13383016,-2.3173838,SKY
98,41,1.7222265,1.1111145,130.66667,147.22223,133.55556,-19.444445,30.222221,-10.777778,0.112421244,-2.2685292,SKY
222,54,1.1666718,1,127.55556,145.55556,129.88889,-20.333334,33.666668,-13.333333,0.12431249,-2.231555,SKY
181,87,1.2222239,0.7777786,127.888885,146.44444,131.88889,-22.555555,33.11111,-10.555555,0.12657078,-2.312874,SKY
155,27,1.0555573,1.4444453,132.55556,146.55556,133.44444,-14.888889,27.11111,-12.222222,0.09847229,-2.146716,SKY
7,18,1.2777786,0.9444453,133.33334,147.55556,135,-15.888889,26.777779,-10.888889,0.096352234,-2.2146115,SKY
173,113,0.5,1.3333334,124.666664,145.66667,129,-25.333334,37.666668,-12.333333,0.14413407,-2.3095512,SKY
139,16,0.6666667,0.9444478,134.66667,149.88889,136.66667,-17.222221,28.444445,-11.222222,0.101526454,-2.2328947,SKY
206,26,1.2222189,1.8888855,131.44444,146.77777,132.88889,-16.777779,29.222221,-12.444445,0.105127536,-2.1825674,SKY
64,19,0.9444453,1.6666718,131.55556,146.44444,135.33334,-18.666666,26,-7.3333335,0.10151485,-2.3586016,SKY
243,48,1.2222239,1.2777811,127.55556,146.11111,130.88889,-21.88889,33.77778,-11.888889,0.1269675,-2.2784278,SKY
156,32,0.77777356,2.6111095,129.77779,146.33334,132.77779,-19.555555,30.11111,-10.555555,0.113055356,-2.280755,SKY
184,15,0.44444528,0.77777356,134.33334,150.11111,137.88889,-19.333334,28,-8.666667,0.105074264,-2.3284721,SKY
245,18,1,1.1666692,131.44444,147.88889,134.33334,-19.333334,30,-10.666667,0.11121766,-2.27511,SKY
191,47,0.44444528,1.1111094,129,146.33334,131.88889,-20.222221,31.777779,-11.555555,0.11839892,-2.2625546,SKY
180,97,0.94444275,1,126.55556,145.44444,131.11111,-23.444445,33.22222,-9.777778,0.12984978,-2.3462343,SKY
122,11,1,2.8888905,136.88889,150.88889,142.55556,-19.666666,22.333334,-2.6666667,0.09277301,-2.5216477,SKY
145,34,0.55555725,1.8888906,131.44444,146.66667,133,-16.777779,28.88889,-12.111111,0.1045387,-2.2000005,SKY
193,35,0.27777863,0.7222214,131.22223,146.22223,132,-15.777778,29.222221,-13.444445,0.103336096,-2.146845,SKY
181,15,0.8333359,1.4444427,133.88889,149.55556,137.44444,-19.222221,27.777779,-8.555555,0.10463921,-2.330563,SKY
235,22,1.1666666,1,132.11111,147.88889,132.88889,-16.555555,30.777779,-14.222222,0.10965454,-2.1462038,SKY
240,26,1.2222239,0.88888806,131,146.55556,133.11111,-17.666666,29,-11.333333,0.10610159,-2.2307248,SKY
172,31,0.7222214,0.6666641,130.77779,145.44444,133,-16.88889,27.11111,-10.222222,0.100709505,-2.2515037,SKY
209,11,0.8333333,2.1666667,135.11111,150.11111,139.44444,-19.333334,25.666666,-6.3333335,0.09983583,-2.4015868,SKY
179,101,0.44444785,0.61110944,126.44444,147.22223,131.11111,-25.444445,36.88889,-11.444445,0.14110672,-2.3287346,SKY
174,77,1.0000025,1.2777761,128.55556,147.33334,131.88889,-22.11111,34.22222,-12.111111,0.12738518,-2.2771459,SKY
181,115,0.22222392,1.4444453,123.22222,145.33334,129.77779,-28.666666,37.666668,-9,0.15213422,-2.4054766,SKY
194,57,0.61110944,1.1666666,129.88889,146.22223,131.77779,-18.222221,30.777779,-12.555555,0.11169542,-2.215046,SKY
72,31,1.1111094,1.3333334,129.88889,145.55556,132.33334,-18.11111,28.88889,-10.777778,0.10761623,-2.255012,SKY
63,13,1.1666666,0.9444453,137.11111,148.88889,139.44444,-14.111111,21.222221,-7.111111,0.07980576,-2.2767668,SKY
252,27,1.2777761,0.99999744,130.33334,145.55556,133,-17.88889,27.777779,-9.888889,0.1044701,-2.2641287,SKY
101,42,1.1111145,1.1666692,130.44444,147.44444,133.33334,-19.88889,31.11111,-11.222222,0.115302496,-2.26361,SKY
245,47,0.8333308,0.99999744,127.44444,145.77777,131.11111,-22,33,-11,0.12570898,-2.3024402,SKY
248,53,0.722229,0.8333333,128.22223,145.77777,130.33334,-19.666666,33,-13.333333,0.12111875,-2.2174878,SKY
252,36,0.94444275,1,128.55556,146.11111,131.22223,-20.222221,32.444443,-12.222222,0.12003023,-2.247156,SKY
186,46,0.6666641,1.0555598,129.44444,145.55556,131.55556,-18.222221,30.11111,-11.888889,0.11065291,-2.2326155,SKY
243,41,1,0.27777863,128.44444,145.88889,131.33334,-20.333334,32,-11.666667,0.11953241,-2.2702253,SKY
94,13,1.0555521,1.6666641,134.88889,149.88889,140,-20.11111,24.88889,-4.7777777,0.10009145,-2.449265,SKY
225,22,0.8333333,0.7222214,133,147,133.88889,-14.888889,27.11111,-12.222222,0.09518399,-2.1583037,SKY
200,245,1.4999999,1.0555552,11.888889,15,21.444445,-12.666667,-3.3333333,16,0.44538036,2.432783,GRASS
251,215,1.5000001,2.777778,9.222222,11.555555,16.444445,-9.555555,-2.5555556,12.111111,0.4410489,2.437819,GRASS
153,208,2.4444444,1.9444442,13,16,21.555555,-11.555555,-2.5555556,14.111111,0.3969092,2.4832914,GRASS
245,249,2,1.4999999,10.777778,15.333333,18.11111,-11.888889,1.7777778,10.111111,0.40621215,2.7435553,GRASS
101,197,3.5555553,4.9444447,17.444445,18.777779,27.555555,-11.444445,-7.4444447,18.88889,0.39488608,2.2430942,GRASS
224,242,1.8888888,2.222222,8.666667,10.777778,15.777778,-9.222222,-2.8888888,12.111111,0.45454717,2.386597,GRASS
192,239,2.4999998,2.277778,12.222222,14.555555,18.666668,-8.777778,-1.7777778,10.555555,0.34430414,2.482445,GRASS
217,208,2.5000002,2.6666667,12.666667,14.444445,21.11111,-10.222222,-4.888889,15.111111,0.40212956,2.3109324,GRASS
197,229,1.3888885,1.1666662,14.111111,17.88889,21.222221,-10.888889,0.44444445,10.444445,0.3357168,2.651605,GRASS
21,216,3.833333,0.8333333,13.111111,14,22.555555,-10.333333,-7.6666665,18,0.426777,2.2093086,GRASS
142,208,1.9444442,2.4999995,15.444445,14.888889,25.333334,-9.333333,-11,20.333334,0.4408947,2.1022124,GRASS
94,215,3.1111114,1.6111113,14.333333,14.333333,22.88889,-8.555555,-8.555555,17.11111,0.4043918,2.1051967,GRASS
233,211,2.6666667,1.6666666,12.444445,15.222222,18.666668,-9,-0.6666667,9.666667,0.33542147,2.5549645,GRASS
72,191,1.2777777,3.1111114,12.111111,14.888889,18.555555,-9.222222,-0.8888889,10.111111,0.3503698,2.545329,GRASS
160,210,1.611111,1.222222,13.777778,16,22.666666,-11.111111,-4.4444447,15.555555,0.40393806,2.3864515,GRASS
39,246,2.277778,1.8333334,12.555555,13.111111,20.444445,-8.444445,-6.7777777,15.222222,0.3938387,2.170543,GRASS
34,196,1.3888888,2.3888886,12.444445,15.111111,19.555555,-9.777778,-1.7777778,11.555555,0.36523178,2.511766,GRASS
214,236,0.5,3.7777774,12.888889,14.666667,22.222221,-11.111111,-5.7777777,16.88889,0.41959706,2.3066785,GRASS
159,180,1.5555557,3.277778,18.11111,18.11111,27.555555,-9.444445,-9.444445,18.88889,0.3588616,2.1139183,GRASS
60,181,1.6666666,2.6666667,17.11111,17.88889,23.88889,-7.5555553,-5.2222223,12.777778,0.28569087,2.1891353,GRASS
20,248,1.8333335,1.6666669,10.555555,12.111111,17.666668,-8.666667,-4,12.666667,0.40343738,2.3416765,GRASS
197,236,2.4444444,3.3333333,13.111111,16.666668,18.444445,-8.888889,1.7777778,7.111111,0.29272884,2.7898002,GRASS
174,178,1.388889,5,17,18.11111,23.555555,-7.6666665,-4.3333335,12,0.29896173,2.2741275,GRASS
116,245,1.3888888,2.222222,11.111111,13.111111,18.444445,-9.333333,-3.3333333,12.666667,0.38969478,2.3954313,GRASS
115,202,1.611111,2.388889,11.666667,14,19.777779,-10.444445,-3.4444444,13.888889,0.40993193,2.401137,GRASS
21,232,2.3888888,2.277778,11.333333,12.333333,17,-6.6666665,-3.6666667,10.333333,0.32791784,2.2831473,GRASS
244,211,1.6666666,2.0000002,10.777778,12.888889,17.222223,-8.555555,-2.2222223,10.777778,0.3748065,2.441017,GRASS
163,177,1.1666673,2.5,21.222221,21.444445,30.88889,-9.888889,-9.222222,19.11111,0.3211389,2.1254158,GRASS
188,186,0.88888836,0.77777797,15.333333,18.222221,22,-9.555555,-0.8888889,10.444445,0.30188268,2.5873964,GRASS
86,194,1.777778,1.8888888,13.222222,16.666668,20.444445,-10.666667,-0.33333334,11,0.35213172,2.5931067,GRASS
116,211,1.722222,1.6111113,11.111111,12.333333,17.777779,-7.888889,-4.2222223,12.111111,0.37534603,2.2920406,GRASS
146,238,2.0555556,2.6666665,15,16.555555,21.777779,-8.333333,-3.6666667,12,0.3152556,2.3374724,GRASS
128,175,2.1666667,2.7222214,20.88889,21.777779,28.666666,-8.666667,-6,14.666667,0.2849537,2.2635381,GRASS
164,178,1.3888887,2.5000002,20.222221,21.11111,30.11111,-10.777778,-8.111111,18.88889,0.32921228,2.1903052,GRASS
202,208,1.7222223,1.8333334,15.555555,17.666668,24.555555,-11.111111,-4.7777777,15.888889,0.36886615,2.3967707,GRASS
111,235,1.6111107,2.7222216,11.777778,15.888889,19.222221,-11.555555,0.7777778,10.777778,0.3880957,2.6707714,GRASS
45,185,2.1666663,1.9444442,14.666667,17.11111,24.222221,-12,-4.6666665,16.666666,0.40087178,2.3618267,GRASS
80,184,3.444444,4.166667,13.555555,17.11111,22.222221,-12.222222,-1.5555556,13.777778,0.39835298,2.524273,GRASS
196,182,1.1666664,0.6111107,16.88889,18.11111,24.666666,-9,-5.3333335,14.333333,0.31489658,2.2716928,GRASS
6,217,2.111111,3.944444,11.444445,13.333333,18.88889,-9.333333,-3.6666667,13,0.39533988,2.3638706,GRASS
26,211,1.6666666,1.6666669,13.777778,14.666667,20.666668,-7.7777777,-5.111111,12.888889,0.33385554,2.239034,GRASS
117,246,2.277778,2.6666665,12,14.333333,20,-10.333333,-3.3333333,13.666667,0.3959547,2.395692,GRASS
162,227,1.3888888,3.1666667,10.111111,14.444445,17.333334,-11.555555,1.4444444,10.111111,0.42550126,2.7070513,GRASS
225,222,1.5,1.7777778,10.777778,13.666667,17.555555,-9.666667,-1,10.666667,0.38572726,2.5573087,GRASS
94,136,0.22222225,0.22222225,1,5.7777777,0.8888889,-4.6666665,9.666667,-5,0.84708995,-2.0712416,WINDOW
211,139,0.33333334,0.27777782,3.2222223,9.555555,2.8888888,-6,13,-7,0.69660497,-2.04457,WINDOW
195,136,1.1666666,1.1666667,0.6666667,5.7777777,0.8888889,-5.3333335,10,-4.6666665,0.9111552,-2.1303394,WINDOW
37,130,0.77777773,1.2777777,1.1111112,3,0.7777778,-1.5555556,4.111111,-2.5555556,0.85555553,-1.9598235,WINDOW
129,136,2,0.8333333,3.6666667,10.666667,4.2222223,-7.5555553,13.444445,-5.888889,0.6577441,-2.1752956,WINDOW
94,140,0.16666667,0.33333328,1.7777778,6.111111,1.2222222,-3.7777777,9.222222,-5.4444447,0.79788357,-1.9857694,WINDOW
90,134,0.38888887,0.94444436,1,4.666667,0.6666667,-3.3333333,7.6666665,-4.3333335,0.88148147,-2.0131435,WINDOW
159,138,0.16666667,0.3333334,1.1111112,5.888889,1,-4.6666665,9.666667,-5,0.82685184,-2.0778158,WINDOW
169,136,0.27777782,0.8333333,0.6666667,4.888889,0.6666667,-4.2222223,8.444445,-4.2222223,0.87751323,-2.0943952,WINDOW
121,134,0.22222228,0.8333333,0.6666667,4,0.33333334,-3,7,-4,0.93703705,-2.0131435,WINDOW
42,135,0.38888893,0.44444445,1.3333334,5.111111,0.7777778,-3.2222223,8.111111,-4.888889,0.84973544,-1.9721864,WINDOW
34,131,0.3333333,0.72222215,0.33333334,1.8888888,0.22222222,-1.4444444,3.2222223,-1.7777778,0.9259259,-2.0561552,WINDOW
117,137,0.22222225,0.6666667,1.5555556,6.3333335,1.4444444,-4.6666665,9.666667,-5,0.77248675,-2.0750706,WINDOW
46,131,0.27777776,1.7777777,0.7777778,2.7777777,0.6666667,-1.8888888,4.111111,-2.2222223,0.77037036,-2.0513444,WINDOW
56,140,0.9444444,0.27777776,3.6666667,9.444445,3.5555556,-5.6666665,11.666667,-6,0.6392537,-2.0722682,WINDOW
43,137,0.16666667,1.3888888,0.6666667,3.7777777,0.5555556,-3,6.3333335,-3.3333333,0.91798943,-2.0712416,WINDOW
170,139,1.0555555,0.72222215,1.8888888,8.555555,2.1111112,-6.888889,13.111111,-6.2222223,0.78617525,-2.127586,WINDOW
119,138,0.77777785,0.7222223,1.7777778,7.2222223,1.6666666,-5.3333335,11,-5.6666665,0.7794973,-2.0712416,WINDOW
104,137,0.2777778,0.2777778,2.1111112,7.111111,1.8888888,-4.7777777,10.222222,-5.4444447,0.7319224,-2.0584507,WINDOW
53,134,2.1666667,0.27777767,4.666667,11.222222,5,-6.888889,12.777778,-5.888889,0.5872341,-2.1384587,WINDOW
9,130,0.055555582,2.611111,1,3.2222223,1,-2.2222223,4.4444447,-2.2222223,0.5509259,-2.0943952,WINDOW
68,135,0.83333343,0.3333334,4,10.444445,4.2222223,-6.6666665,12.666667,-6,0.6175926,-2.1255164,WINDOW
108,138,0.2777777,0.5,1.4444444,6.6666665,1.4444444,-5.2222223,10.444445,-5.2222223,0.79960316,-2.08783,WINDOW
96,135,0.38888893,0.16666664,1,4.4444447,0.33333334,-2.7777777,7.5555553,-4.7777777,0.92777777,-1.9313321,WINDOW
84,134,0.44444442,0.72222215,1,4.666667,0.6666667,-3.3333333,7.6666665,-4.3333335,0.8740741,-2.0131435,WINDOW
10,137,0.5555555,0.2777778,0.11111111,2.6666667,0,-2.4444444,5.2222223,-2.7777777,1,-2.0561552,WINDOW
96,123,1.2777777,1.8333334,14.777778,34.22222,15.888889,-20.555555,37.77778,-17.222221,0.5595462,-2.149759,CEMENT
183,153,5.0000005,3.0000002,21.333334,38.77778,23.88889,-20,32.333332,-12.333333,0.44774532,-2.2427413,CEMENT
58,146,3.5000002,2.5000007,18.11111,31.555555,18.555555,-13.888889,26.444445,-12.555555,0.42982522,-2.124871,CEMENT
217,148,2.0555556,1.0555553,21.444445,41.555557,24.222221,-22.88889,37.444443,-14.555555,0.4837708,-2.2379715,CEMENT
137,147,1.5555557,2.0555556,20.555555,38.666668,22.444445,-20,34.333332,-14.333333,0.4681647,-2.2045748,CEMENT
163,151,3.833333,1.5555557,23.11111,42.77778,25.555555,-22.11111,36.88889,-14.777778,0.45744765,-2.2196255,CEMENT
212,152,5,2.3888886,20.333334,37.666668,21.666666,-18.666666,33.333332,-14.666667,0.46343043,-2.1657314,CEMENT
229,147,4.0555553,2.5,20.88889,38.666668,22.333334,-19.222221,34.11111,-14.888889,0.45740503,-2.1744676,CEMENT
68,157,5.8333325,1.388889,16.88889,30,17.444445,-13.666667,25.666666,-12,0.43888178,-2.1343,CEMENT
136,129,1.9444447,1.9999996,19.11111,34.88889,20.11111,-16.777779,30.555555,-13.777778,0.44974732,-2.1610465,CEMENT
193,154,1.7222217,2,21.555555,39.555557,23.333334,-19.777779,34.22222,-14.444445,0.45353317,-2.1910727,CEMENT
233,154,3.7222223,0.66666603,25.11111,46.555557,27.333334,-23.666666,40.666668,-17,0.45878506,-2.2026498,CEMENT
59,87,11.166667,13.222221,12.222222,23.444445,15.666667,-14.666667,19,-4.3333335,0.65204316,-2.4180744,FOLIAGE
132,91,18.944445,33.444447,35.88889,52.666668,39.88889,-20.777779,29.555555,-8.777778,0.39882392,-2.3460567,FOLIAGE
3,91,2.2222223,1,1.8888888,10.666667,4.3333335,-11.222222,15.111111,-3.8888888,0.82974845,-2.3839493,FOLIAGE
35,76,7.777778,7.8333335,8.444445,19.444445,12.666667,-15.222222,17.777779,-2.5555556,0.6374209,-2.5233247,FOLIAGE
133,102,22.055555,29.888887,37.444443,52.666668,42,-19.777779,25.88889,-6.111111,0.3978916,-2.4168172,FOLIAGE
81,122,7.388889,4.8333335,3.3333333,11.333333,5.2222223,-9.888889,14.111111,-4.2222223,0.8093314,-2.3490174,FOLIAGE
55,108,6.3888893,3.388889,5.111111,14.111111,6.7777777,-10.666667,16.333334,-5.6666665,0.7054819,-2.275553,FOLIAGE
3,78,14.833332,43.333332,70.77778,91.44444,76.77778,-26.666666,35.333332,-8.666667,0.26973316,-2.4116454,FOLIAGE
130,102,7.277778,9.444444,10.111111,20.222221,12.777778,-12.777778,17.555555,-4.7777777,0.5751263,-2.3789442,FOLIAGE
127,81,24.33333,22.111109,34.88889,51.77778,41,-23,27.666666,-4.6666665,0.3669463,-2.476481,FOLIAGE
75,98,3.9444444,4.6666665,2.3333335,10.444445,3.7777777,-9.555555,14.777778,-5.2222223,0.8721458,-2.2729733,FOLIAGE
31,68,27.944443,18.277777,38.555557,60.11111,42.88889,-25.88889,38.77778,-12.888889,0.41303283,-2.3086562,FOLIAGE
120,89,4,5.8333335,5.7777777,17.11111,8.555555,-14.111111,19.88889,-5.7777777,0.6866853,-2.356793,FOLIAGE
129,91,27.277779,25.277779,38.444443,52.666668,41.77778,-17.555555,25.11111,-7.5555553,0.34888473,-2.3202722,FOLIAGE
40,95,1.2777778,1.6111112,1,9.222222,3.6666667,-10.888889,13.777778,-2.8888888,0.90709877,-2.4294486,FOLIAGE
80,87,24.388891,44.722225,58.77778,79,64.55556,-26,34.666668,-8.666667,0.30628127,-2.4221272,FOLIAGE
1,81,12.166667,9.222222,14,30.555555,19.444445,-22,27.666666,-5.6666665,0.5952822,-2.438409,FOLIAGE
16,82,4.3333335,6.222223,4.3333335,14.555555,6.5555553,-12.444445,18.222221,-5.7777777,0.7428191,-2.3206284,FOLIAGE
9,80,2.9444444,16.666666,17.333334,31.666666,21.88889,-18.88889,24.11111,-5.2222223,0.5142537,-2.4315135,FOLIAGE
124,101,3.3888886,6.4444447,5.7777777,15.555555,9.222222,-13.222222,16.11111,-2.8888888,0.70008737,-2.4480398,FOLIAGE
126,80,21.055555,34.61111,60.333332,79.55556,66.44444,-25.333334,32.333332,-7,0.28962377,-2.4341934,FOLIAGE
137,105,10.722224,31.222223,35.77778,52.666668,40.11111,-21.222221,29.444445,-8.222222,0.37578005,-2.380238,FOLIAGE
56,107,4.555556,6.7777786,4.5555553,13,6.3333335,-10.222222,15.111111,-4.888889,0.7305922,-2.2917624,FOLIAGE
81,126,1.9444443,1.0555555,0.5555556,6.5555553,1.7777778,-7.2222223,10.777778,-3.5555556,0.93570626,-2.2890973,FOLIAGE
82,120,5.6666675,5.9444447,3.3333333,12.777778,4.7777777,-10.888889,17.444445,-6.5555553,0.8228925,-2.240133,FOLIAGE
6,81,4.111111,5.722223,7.6666665,18.88889,10.888889,-14.444445,19.222221,-4.7777777,0.6281558,-2.388561,FOLIAGE
18,83,6.1666665,12.888889,9,22.666666,11.444445,-16.11111,24.88889,-8.777778,0.6647845,-2.2742054,FOLIAGE
108,59,0.50000125,1.0555559,116.55556,140.44444,121.44444,-28.777779,42.88889,-14.111111,0.170091,-2.308637,SKY
69,17,0.61111194,0.6666667,120.77778,143.88889,126.22222,-28.555555,40.77778,-12.222222,0.1606036,-2.3394933,SKY
29,52,0.3888893,1.3333334,115.55556,140.22223,121.55556,-30.666666,43.333332,-12.666667,0.17584935,-2.3484936,SKY
157,57,1.2222201,1.2222201,114.22222,139.66667,120.22222,-31.444445,44.88889,-13.444445,0.18207318,-2.3401897,SKY
199,66,1.2777786,1.4444427,111,139.77779,116.888885,-34.666668,51.666668,-17,0.20580281,-2.3070939,SKY
141,31,1.4444441,1.2222227,117.111115,141.22223,122.111115,-29.11111,43.22222,-14.111111,0.17071788,-2.310766,SKY
63,13,0.6111145,1.1666666,122.77778,145.44444,128.55556,-28.444445,39.555557,-11.111111,0.15582462,-2.3604276,SKY
124,29,1.0000013,1.0555534,119.22222,142.88889,123.22222,-27.666666,43.333332,-15.666667,0.16561614,-2.271128,SKY
166,55,1.388888,1.1666679,113.888885,139.33334,119.111115,-30.666666,45.666668,-15,0.18262304,-2.3081791,SKY
84,40,1.1666641,1.2222214,117.44444,142.22223,122.55556,-29.88889,44.444443,-14.555555,0.17420864,-2.3087664,SKY
231,49,0.555556,0.6666692,108.111115,139.33334,114.666664,-37.77778,55.88889,-18.11111,0.22387896,-2.3154767,SKY
163,43,0.8333346,0.8333346,117.333336,140.55556,121.55556,-27.444445,42.22222,-14.777778,0.1651921,-2.2802067,SKY
172,60,0.8333333,1.0555559,114,138.33334,118.666664,-29,44,-15,0.17584375,-2.2933865,SKY
9,72,0.7777774,1.4999987,114.111115,141.11111,121.111115,-34,47,-13,0.19128962,-2.3661966,SKY
75,49,0.8333359,1.1666679,117,143.11111,122.111115,-31.222221,47.11111,-15.888889,0.18239816,-2.2978394,SKY
192,40,1.2222214,1.3333321,114.44444,140.55556,118.888885,-30.555555,47.77778,-17.222221,0.18574874,-2.2702193,SKY
201,40,1.0555559,1.4999987,113.333336,139.66667,118.333336,-31.333334,47.666668,-16.333334,0.18850341,-2.2922006,SKY
239,32,0.7777786,1.5000013,110.22222,138.11111,116,-33.666668,50,-16.333334,0.2018977,-2.3093905,SKY
131,15,0.88889056,1.888888,119.666664,145.33334,125.44444,-31.444445,45.555557,-14.111111,0.1764939,-2.3249698,SKY
96,13,0.8333308,0.55555725,122.111115,144.77777,128.44444,-29,39,-10,0.1565683,-2.386251,SKY
178,43,1.1666654,1.1111107,115.666664,140.22223,119.888885,-28.777779,44.88889,-16.11111,0.17494753,-2.2706535,SKY
92,56,0.44444275,0.8333333,115.888885,140.66667,121.44444,-30.333334,44,-13.666667,0.17606053,-2.3267827,SKY
115,75,0.9444453,1.0555586,115.888885,141.22223,121.111115,-30.555555,45.444443,-14.888889,0.17935319,-2.309804,SKY
105,62,0.8333346,1.1666679,117.55556,140.33334,121.55556,-26.777779,41.555557,-14.777778,0.16222528,-2.2754252,SKY
115,39,0.7222226,1.2222176,116.333336,142.44444,122.44444,-32.22222,46.11111,-13.888889,0.18324198,-2.3360245,SKY
93,46,2.1111119,1.7777786,116,141,121.111115,-30.11111,44.88889,-14.777778,0.17719495,-2.3044362,SKY
143,24,1.2777773,0.88888806,117.666664,141.66667,123.55556,-29.88889,42.11111,-12.222222,0.16939692,-2.349252,SKY
140,25,0.99999875,1.1111107,117.77778,142.33334,123.888885,-30.666666,43,-12.333333,0.17250364,-2.3545518,SKY
67,71,1.6666666,1.4999987,115.55556,140.88889,121.44444,-31.222221,44.77778,-13.555555,0.17967218,-2.339758,SKY
205,47,1.2222227,1.5555573,114.111115,139.77779,117.666664,-29.222221,47.77778,-18.555555,0.18354028,-2.2398903,SKY
251,24,1.1666666,1.6111094,110.77778,137.77779,116.333336,-32.555557,48.444443,-15.888889,0.19597653,-2.3079143,SKY
212,48,0.5555547,0.5555547,112.22222,138.11111,116.77778,-30.444445,47.22222,-16.777779,0.18736246,-2.2786043,SKY
224,63,0.77777606,0.66666794,108.44444,137.55556,114.666664,-35.333332,52,-16.666666,0.21148404,-2.3158848,SKY
92,68,1.0555573,0.7777786,115.666664,141,120.666664,-30.333334,45.666668,-15.333333,0.17962871,-2.3006182,SKY
147,51,1.1666654,1.4999975,117,140.22223,121.77778,-28,41.666668,-13.666667,0.1655495,-2.306687,SKY
121,62,0.555556,1.111112,116.333336,138.77779,121.111115,-27.222221,40.11111,-12.888889,0.16165799,-2.315962,SKY
3,21,0.44444528,1.2222214,120.77778,143.22223,126.44444,-28.11111,39.22222,-11.111111,0.15667991,-2.357178,SKY
36,21,0.99999744,1.3333334,120.666664,142.55556,126.333336,-27.555555,38.11111,-10.555555,0.15349694,-2.364884,SKY
79,47,0.6666692,1.0000013,116,141.66667,121.44444,-31.11111,45.88889,-14.777778,0.18101238,-2.3157923,SKY
84,65,0.7222214,2,115.333336,141.66667,120,-31,48,-17,0.18565786,-2.2737436,SKY
31,42,1.2777773,0.944444,117,141.77779,122.333336,-30.11111,44.22222,-14.111111,0.17463355,-2.3144195,SKY
58,19,1.6111094,1.4999975,121,142.66667,126.111115,-26.777779,38.22222,-11.444445,0.15181188,-2.3407645,SKY
204,12,0.7777774,1.7777786,115.55556,143.11111,123.666664,-35.666668,47,-11.333333,0.19251962,-2.4029171,SKY
51,15,0.72222644,1.2222214,123,145.33334,128.33334,-27.666666,39.333332,-11.666667,0.15361586,-2.3410408,SKY
27,62,1.111112,1.6666692,115.77778,139.44444,120.77778,-28.666666,42.333332,-13.666667,0.16963542,-2.3142316,SKY
188,35,1.2222227,1.1111132,114.44444,140.11111,119.111115,-30.333334,46.666668,-16.333334,0.183109,-2.2829227,SKY
168,13,1.3333308,1.3333334,119.666664,145.44444,126.111115,-32.22222,45.11111,-12.888889,0.17719091,-2.3552437,SKY
164,49,1.1666654,1.4999987,116.333336,141.77779,120.44444,-29.555555,46.77778,-17.222221,0.1794131,-2.2637377,SKY
78,72,1.111112,1.0555586,115.333336,140.55556,120.77778,-30.666666,45,-14.333333,0.17933026,-2.3208396,SKY
51,56,0.88888675,0.7222214,116.22222,141.66667,121.44444,-30.666666,45.666668,-15,0.17948268,-2.3076565,SKY
103,39,0.49999747,1.1111107,116.55556,142.88889,123.111115,-32.88889,46.11111,-13.222222,0.18426341,-2.352961,SKY
102,73,0.3888893,1.6111107,115.44444,140.55556,120.55556,-30.222221,45.11111,-14.888889,0.17863557,-2.3073962,SKY
112,35,1.1111107,1.4444441,117.44444,142.55556,122.666664,-30.333334,45,-14.666667,0.17608316,-2.311049,SKY
120,17,1.3888868,1.8888893,118.77778,143.55556,126.333336,-32.333332,42,-9.666667,0.17262767,-2.412968,SKY
206,57,1.0555573,0.8888893,111.333336,139,116.666664,-33,50,-17,0.19892381,-2.2971735,SKY
22,57,0.88888806,0.6666654,115.77778,140.44444,122.111115,-31,43,-12,0.17560509,-2.3625138,SKY
93,29,1.2222239,1.3888906,119,142.77777,123.666664,-28.444445,42.88889,-14.444445,0.16648434,-2.2977605,SKY
217,45,0.88888806,1.5555573,111.111115,137.33334,116.111115,-31.222221,47.444443,-16.222221,0.19091243,-2.292668,SKY
71,180,1.222222,3,18.333334,21.444445,27.222221,-12,-2.6666667,14.666667,0.3273826,2.4538307,GRASS
192,157,1.0555559,0.77777797,13.888889,17.222223,23.88889,-13.333333,-3.3333333,16.666666,0.41818407,2.4386153,GRASS
93,236,1.7777777,1.9999999,9.555555,10.777778,17.222223,-8.888889,-5.2222223,14.111111,0.44724658,2.2671974,GRASS
81,229,2.4444444,2.0555553,7.4444447,10.666667,14.666667,-10.444445,-0.7777778,11.222222,0.49614197,2.5574577,GRASS
20,170,0.7777777,1.1111103,15.111111,18.88889,24.666666,-13.333333,-2,15.333333,0.38746688,2.504391,GRASS
226,233,2.7777774,1.777778,8.333334,11,15.777778,-10.111111,-2.1111112,12.222222,0.47394413,2.476615,GRASS
231,233,1.4444442,1.1666664,8.888889,11.888889,17,-11.111111,-2.1111112,13.222222,0.47822163,2.4915802,GRASS
107,210,0.9444445,1.8333335,11.222222,14.222222,19.88889,-11.666667,-2.6666667,14.333333,0.43576914,2.4615993,GRASS
140,181,0.8333333,1.2777777,15.444445,18.444445,24,-11.555555,-2.5555556,14.111111,0.3576681,2.4584713,GRASS
115,183,0.77777797,1.9999996,14,17.333334,23,-12.333333,-2.3333333,14.666667,0.39236423,2.4831982,GRASS
248,149,1.166667,1.0555553,14.444445,19.777779,22.777779,-13.666667,2.3333333,11.333333,0.36371678,2.7416468,GRASS
103,216,0.88888884,2.1666663,10.888889,13.666667,19.11111,-11,-2.6666667,13.666667,0.43169576,2.4475467,GRASS
36,243,1.888889,2,9.888889,12.111111,18,-10.333333,-3.6666667,14,0.4522286,2.3683105,GRASS
148,169,1.0555553,1.833333,15.111111,18.666668,25,-13.444445,-2.7777777,16.222221,0.3961213,2.467752,GRASS
209,249,2.4444444,2.777778,7.5555553,8.111112,15.888889,-8.888889,-7.2222223,16.11111,0.5333069,2.1567793,GRASS
172,218,2.5555556,1.6111108,11.888889,13.777778,19.11111,-9.111111,-3.4444444,12.555555,0.38645566,2.362146,GRASS
89,221,1.3888888,1.4444445,10.666667,12.444445,19.11111,-10.222222,-4.888889,15.111111,0.44601154,2.3172119,GRASS
180,224,3.7222223,3.6111107,11.666667,13.333333,20.555555,-10.555555,-5.5555553,16.11111,0.4433746,2.2982552,GRASS
152,220,0.94444466,1.4444448,11.555555,13.111111,19.222221,-9.222222,-4.5555553,13.777778,0.41670507,2.3068845,GRASS
124,183,1.7777778,2.2777774,14.222222,17.11111,23.222221,-11.888889,-3.2222223,15.111111,0.38988227,2.4280221,GRASS
200,165,2.277778,1.7777776,12.888889,16.444445,22.666666,-13.333333,-2.6666667,16,0.43081954,2.4711971,GRASS
58,232,2.5000005,2.5555556,11.222222,13.555555,19.333334,-10.444445,-3.4444444,13.888889,0.42348316,2.402851,GRASS
231,198,0.9999997,1.111111,12.444445,14.222222,20.777779,-10.111111,-4.7777777,14.888889,0.40090325,2.3248901,GRASS
186,218,1.1666666,1.1666665,10.666667,12.666667,17.777779,-9.111111,-3.1111112,12.222222,0.40134683,2.3826835,GRASS
250,172,0.9444442,1.3333334,12.333333,15,20.88889,-11.222222,-3.2222223,14.444445,0.40983546,2.4177017,GRASS
114,181,1.1111107,0.88888866,15.888889,18.777779,25.11111,-12.111111,-3.4444444,15.555555,0.36658052,2.420823,GRASS
25,199,1.1111112,1.0555558,13.111111,17.88889,21.555555,-13.222222,1.1111112,12.111111,0.39300215,2.6901116,GRASS
131,208,1.388889,0.611111,12.777778,15,20.777779,-10.222222,-3.5555556,13.777778,0.3831675,2.3919957,GRASS
216,169,0.8333333,1.9444443,12.777778,15.666667,21.333334,-11.444445,-2.7777777,14.222222,0.40075645,2.44578,GRASS
186,173,1.4444445,2.1111114,13.555555,15.555555,22.333334,-10.777778,-4.7777777,15.555555,0.39643326,2.332739,GRASS
6,174,1.8888888,2.8888886,15.111111,17.777779,24.333334,-11.888889,-3.8888888,15.777778,0.38186744,2.3950183,GRASS
241,218,1.7777777,1.6666664,5.4444447,7.3333335,12.555555,-9,-3.3333333,12.333333,0.5692659,2.361442,GRASS
159,210,1.4999999,1.5555555,9.444445,12,17.444445,-10.555555,-2.8888888,13.444445,0.4604365,2.4287496,GRASS
9,236,1.8333335,3.0555553,9.444445,9.444445,14.333333,-4.888889,-4.888889,9.777778,0.37655354,2.0832295,GRASS
157,184,1.2777777,1.3333334,15.222222,18.222221,24.88889,-12.666667,-3.6666667,16.333334,0.3882103,2.4194453,GRASS
96,236,1.7222222,1.7222223,10.777778,12.444445,18.666668,-9.555555,-4.5555553,14.111111,0.42423514,2.3206298,GRASS
93,231,2.4444444,2.6666667,8.777778,11.111111,17,-10.555555,-3.5555556,14.111111,0.48521596,2.3913069,GRASS
44,157,0.83333397,2.9444444,19.222221,24.222221,29.444445,-15.222222,-0.22222222,15.444445,0.35004318,2.6043034,GRASS
103,226,1.722222,1.6111108,10.222222,11.888889,18.333334,-9.777778,-4.7777777,14.555555,0.44245604,2.3038533,GRASS
94,224,1.3888887,0.9444442,10,11.888889,18.444445,-10.333333,-4.6666665,15,0.45764294,2.3281083,GRASS
205,156,2.1666667,2,13.444445,17.333334,24,-14.444445,-2.7777777,17.222221,0.44057688,2.47582,GRASS
208,240,1.0555557,2.4444444,10.888889,13,18.555555,-9.777778,-3.4444444,13.222222,0.42162097,2.3924873,GRASS
179,150,1.055555,1.7222223,13.444445,20,23.333334,-16.444445,3.2222223,13.222222,0.42442176,2.7916744,GRASS
230,180,1.1111112,1.9444443,9.666667,13.111111,18.777779,-12.555555,-2.2222223,14.777778,0.48688295,2.4879174,GRASS
211,206,0.94444466,2.166667,13.555555,14.555555,20.11111,-7.5555553,-4.5555553,12.111111,0.3273603,2.252368,GRASS
163,166,1.7777776,2.444445,12.333333,16.333334,22.222221,-13.888889,-1.8888888,15.777778,0.4462137,2.5158255,GRASS
52,185,1.6666666,0.94444436,14.888889,18.222221,24.666666,-13.111111,-3.1111112,16.222221,0.39645794,2.4518359,GRASS
57,177,0.94444495,1.4444443,15.777778,18.444445,24.555555,-11.444445,-3.4444444,14.888889,0.3589904,2.413262,GRASS
128,196,1.666667,1.8888887,15.666667,18.555555,24.666666,-11.888889,-3.2222223,15.111111,0.36529657,2.4373393,GRASS
46,235,1.9444445,1.7222223,7.5555553,9.333334,15.777778,-10,-4.6666665,14.666667,0.5203994,2.3162425,GRASS
152,199,1.111111,0.8333337,15.222222,15.444445,23.222221,-8.222222,-7.5555553,15.777778,0.34806257,2.129513,GRASS
72,222,2.3888888,1.611111,11.666667,13.111111,20.11111,-9.888889,-5.5555553,15.444445,0.4254409,2.2809224,GRASS
158,219,2.277778,2.1111112,11.444445,13.555555,19.666668,-10.333333,-4,14.333333,0.42601216,2.3586955,GRASS
234,177,1.111111,0.88888884,12.555555,15.444445,20.777779,-11.111111,-2.4444444,13.555555,0.3963988,2.4621184,GRASS
140,247,2.5000002,2.6666667,6,5.888889,12.444445,-6.3333335,-6.6666665,13,0.5634669,2.1178858,GRASS
231,160,2.611111,13.166667,34.11111,51.77778,36.77778,-20.333334,32.666668,-12.333333,0.33961803,-2.335837,PATH
247,159,2.5555553,15.72222,30.444445,45,31.88889,-16,27.666666,-11.666667,0.28921792,-2.5493495,PATH
214,161,3.7222223,11.5,35.333336,49.666668,36.333336,-15.333333,27.666666,-12.333333,0.29805613,-2.198939,PATH
204,161,1.2777799,9.222222,38,54.555557,39.666668,-18.222221,31.444445,-13.222222,0.3081043,-2.2382925,PATH
141,163,0.7777767,18.777777,35.22222,48.88889,38,-16.444445,24.555555,-8.111111,0.27005577,-2.3884537,PATH
197,161,1.9999996,11.5,36.88889,51.666668,38.555557,-16.444445,27.88889,-11.444445,0.27503988,-2.395566,PATH
151,163,2.0555556,18.166666,34.555557,48,37.444443,-16.333334,24,-7.6666665,0.2638465,-2.5174901,PATH
223,161,1.3888893,8.999999,36,52.22222,37.88889,-18.11111,30.555555,-12.444445,0.30841646,-2.282295,PATH
196,161,2.7777774,11.777776,36.555557,51.22222,38.11111,-16.222221,27.777779,-11.555555,0.28212494,-2.38829,PATH
142,163,1.4999994,17.666666,35,48.555557,37.77778,-16.333334,24.333334,-8,0.2689782,-2.3927407,PATH
201,161,2.555556,11.500001,35.77778,51.444443,38.22222,-18.11111,28.88889,-10.777778,0.30298296,-2.338974,PATH
37,165,2.388889,16.444445,30.777779,42.88889,33.77778,-15.111111,21.222221,-6.111111,0.2736466,-2.470153,PATH
186,162,1.6111122,12.388888,37.444443,54.666668,40.11111,-19.88889,31.777779,-11.888889,0.3015076,-2.3866708,PATH
195,161,2.1111107,10.499999,36,51.11111,37.333336,-16.444445,28.88889,-12.444445,0.29470626,-2.3165061,PATH
181,162,2.6666653,13.388888,36.444443,51.333332,38.77778,-17.222221,27.444445,-10.222222,0.28552282,-2.3274822,PATH
190,162,2.1111107,13.944444,35,51.11111,37.88889,-19,29.333334,-10.333333,0.2984709,-2.4946074,PATH
187,162,1.500001,11.666667,36.77778,53.666668,39.22222,-19.333334,31.333334,-12,0.30018225,-2.3916814,PATH
239,160,1.8333334,5.944443,37.88889,58.333332,39.22222,-21.777779,39.555557,-17.777779,0.35212588,-2.1629994,PATH
254,159,3.5555553,14.833333,31.333334,46.22222,32.333336,-15.888889,28.777779,-12.888889,0.29484537,-2.316872,PATH
179,162,1.9444447,14.055556,34.666668,49.22222,37,-16.88889,26.777779,-9.888889,0.28965172,-2.3411982,PATH
180,162,3.1111095,12.944446,35.666668,50.555557,38.22222,-17.444445,27.222221,-9.777778,0.29110643,-2.3353713,PATH
254,159,3.5555553,14.833333,31.333334,46.22222,32.333336,-15.888889,28.777779,-12.888889,0.29484537,-2.316872,PATH
191,162,2.6111114,14.166667,34.88889,50.11111,37.88889,-18.222221,27.444445,-9.222222,0.298124,-2.555683,PATH
137,163,1.4444441,18.888887,33.77778,47.555557,36.555557,-16.555555,24.777779,-8.222222,0.28481323,-2.3952131,PATH
250,160,2.1111114,1.5555553,36.444443,55.333332,36.666668,-19.11111,37.555557,-18.444445,0.34714225,-2.1023183,PATH
195,161,2.1111107,10.499999,36,51.11111,37.333336,-16.444445,28.88889,-12.444445,0.29470626,-2.3165061,PATH
235,88,0.3333335,0.4444445,7.5555553,21.11111,8.111112,-14.111111,26.555555,-12.444445,0.6417749,-2.136677,WINDOW
239,93,3.444444,1.0555555,9.888889,22.88889,10.444445,-13.555555,25.444445,-11.888889,0.57700235,-2.1374934,WINDOW
237,91,0.61111087,0.61111087,7.5555553,20.666668,8.222222,-13.777778,25.555555,-11.777778,0.63446367,-2.1475708,WINDOW
203,133,0.11111111,0.11111111,0,1.7777778,0,-1.7777778,3.5555556,-1.7777778,1,-2.0943952,WINDOW
239,110,0.277778,0.22222233,6.111111,15.888889,6.3333335,-10,19.333334,-9.333333,0.6206427,-2.1202655,WINDOW
235,86,0.27777782,0.27777782,7.7777777,21.11111,8.111112,-13.666667,26.333334,-12.666667,0.63092834,-2.1201534,WINDOW
201,133,0.6111111,0.22222222,0.33333334,1.7777778,0.11111111,-1.2222222,3.1111112,-1.8888888,0.962963,-1.999063,WINDOW
238,86,0.44444403,0.33333302,7.5555553,20.444445,8,-13.333333,25.333334,-12,0.6295031,-2.1283617,WINDOW
219,133,0.8333333,0.44444466,6.2222223,16.666668,6.6666665,-10.888889,20.444445,-9.555555,0.62726945,-2.1387432,WINDOW
250,87,0.72222203,0.61111087,6.6666665,19.555555,7.2222223,-13.444445,25.222221,-11.777778,0.6593289,-2.1386166,WINDOW
245,129,0,0,0,0,0,0,0,0,0,0,WINDOW
237,83,0.7222223,5.8333335,6,17,6.6666665,-11.666667,21.333334,-9.666667,0.6765811,-2.1502569,WINDOW
212,94,1.722222,1.2222222,10.555555,24.88889,11.444445,-15.222222,27.777779,-12.555555,0.57665956,-2.1594663,WINDOW
210,114,1.2777778,0.61111087,11.444445,25,12.111111,-14.222222,26.444445,-12.222222,0.5462072,-2.1416595,WINDOW
241,135,0.22222225,0.16666667,0,0.44444445,0,-0.44444445,0.8888889,-0.44444445,0.33333334,-2.0943952,WINDOW
247,92,0.88888884,0.44444433,7.5555553,20.555555,8.111112,-13.555555,25.444445,-11.888889,0.6321268,-2.1378512,WINDOW
186,89,0.61111134,1.0555557,16.444445,33.555557,18,-18.666666,32.666668,-14,0.5094622,-2.188149,WINDOW
236,115,4.388889,0.44444418,10.666667,22.222221,11.333333,-12.222222,22.444445,-10.222222,0.5331259,-2.1516252,WINDOW
189,79,2.7222226,1.333334,38,49.666668,36.555557,-10.222222,24.777779,-14.555555,0.2655346,-1.9845829,CEMENT
190,81,1.2222214,1.8333334,39.444443,51.555557,37.77778,-10.444445,25.88889,-15.444445,0.26725134,-1.9704217,CEMENT
180,123,1.7222214,1.1111113,52.555557,68.55556,51.333332,-14.777778,33.22222,-18.444445,0.2511938,-2.021502,CEMENT
187,80,1.3333327,1.3333334,37.77778,47.666668,36.11111,-8.222222,21.444445,-13.222222,0.24472968,-1.942698,CEMENT
176,100,1.9444441,1.4444447,50.333332,66.88889,48.88889,-15.111111,34.555557,-19.444445,0.26862052,-2.00619,CEMENT
238,98,1.333334,1.2777773,47.555557,64.66667,46.333332,-15.888889,35.444443,-19.555555,0.28510964,-2.025773,CEMENT
219,126,0.3888893,14.055554,33.555557,43,32,-7.888889,20.444445,-12.555555,0.25840873,-1.9421787,CEMENT
217,77,1.5555553,1.6666666,37.22222,48.22222,35.22222,-9,24,-15,0.26919183,-1.9320657,CEMENT
203,120,3.3333328,4.277778,44.88889,59.333332,44,-13.555555,29.777779,-16.222221,0.2634666,-2.035243,CEMENT
169,102,1,0.8888893,53.444443,69.66667,51.555557,-14.333333,34.333332,-20,0.25975996,-1.9855843,CEMENT
199,120,3.4999998,8.333333,35.444447,47.77778,34.77778,-11.666667,25.333334,-13.666667,0.2727516,-2.0467525,CEMENT
22,116,0.38888875,0.33333325,6.7777777,7,3.1111112,3.4444444,4.111111,-7.5555553,0.57539684,-1.0996237,BRICKFACE
147,111,0.38888893,0.4444445,7,7,3,4,4,-8,0.59126985,-1.0414338,BRICKFACE
28,131,0.22222216,0.77777773,6.6666665,6,2.8888888,4.4444447,2.4444444,-6.888889,0.56613755,-0.87464094,BRICKFACE
100,124,0.27777767,0.99999994,8.222222,8.777778,4.2222223,3.4444444,5.111111,-8.555555,0.5311728,-1.1570816,BRICKFACE
178,122,0.5555555,0.7777776,7.3333335,6.888889,3.3333333,4.4444447,3.1111112,-7.5555553,0.54960316,-0.94255877,BRICKFACE
216,126,0.5555555,0.5555556,6.4444447,5.7777777,2.5555556,4.5555553,2.5555556,-7.111111,0.6111111,-0.877707,BRICKFACE
201,135,0.5555555,0.888889,7.111111,6.4444447,3,4.7777777,2.7777777,-7.5555553,0.5994268,-0.89217883,BRICKFACE
108,123,0.6111112,0.66666675,8.222222,8,4,4.4444447,3.7777777,-8.222222,0.5244709,-0.9857293,BRICKFACE
76,135,0.4444445,0.8333333,6.888889,5.4444447,2.6666667,5.6666665,1.3333334,-7,0.6137566,-0.6920281,BRICKFACE
65,143,0.3333334,0.4444445,6.5555553,5.888889,2.6666667,4.5555553,2.5555556,-7.111111,0.5952381,-0.90741616,BRICKFACE
120,136,0.61111116,1.0000001,7.7777777,7.2222223,3.7777777,4.5555553,2.8888888,-7.4444447,0.52954143,-0.92460656,BRICKFACE
238,118,0.33333325,0.77777773,6.2222223,6.2222223,2.5555556,3.6666667,3.6666667,-7.3333335,0.61706346,-1.0471976,BRICKFACE
146,140,1.0555557,1.0000001,7.888889,7.3333335,3.7777777,4.6666665,3,-7.6666665,0.537017,-0.9092674,BRICKFACE
37,126,0.38888898,0.4444445,7.4444447,6.7777777,3.1111112,5,3,-8,0.5813492,-0.89580745,BRICKFACE
240,145,0.38888896,0.50000006,5.3333335,5,1.8888888,3.7777777,2.7777777,-6.5555553,0.65555555,-0.9594855,BRICKFACE
29,111,0.38888884,0.6111111,6.888889,6.3333335,3,4.4444447,2.7777777,-7.2222223,0.56415343,-0.89785874,BRICKFACE
38,146,0.4999999,0.6666667,5.6666665,6.7777777,2.8888888,1.6666666,5,-6.6666665,0.5714286,-1.2583578,BRICKFACE
33,117,0.5,1,7.3333335,8.222222,3.7777777,2.6666667,5.3333335,-8,0.53858024,-1.2332561,BRICKFACE
60,131,0.33333334,0.33333325,7.2222223,5.4444447,3,6,0.6666667,-6.6666665,0.5813492,-0.62122244,BRICKFACE
23,147,0.33333337,0.72222215,4.111111,7.4444447,2.2222223,-1.4444444,8.555555,-7.111111,0.6984448,-1.5617536,BRICKFACE
29,111,0.38888884,0.6111111,6.888889,6.3333335,3,4.4444447,2.7777777,-7.2222223,0.56415343,-0.89785874,BRICKFACE
107,129,0.55555564,0.8888889,8.444445,7.5555553,4,5.3333335,2.6666667,-8,0.53055555,-0.8439043,BRICKFACE
30,124,0.6111111,0.611111,7.4444447,7.2222223,3.3333333,4.3333335,3.6666667,-8,0.571649,-0.98787266,BRICKFACE
32,113,0.50000006,0.27777782,7.2222223,7.7777777,3.4444444,3.2222223,4.888889,-8.111111,0.56349206,-1.175454,BRICKFACE
217,145,0.5555556,0.72222215,6.3333335,6.5555553,3,3.1111112,3.7777777,-6.888889,0.56415343,-1.0689679,BRICKFACE
28,112,0.72222215,0.5555555,7.111111,7.2222223,3.4444444,3.5555556,3.8888888,-7.4444447,0.5440917,-1.0582771,BRICKFACE
183,111,0.6666667,1.0555555,6.888889,7,3.2222223,3.5555556,3.8888888,-7.4444447,0.56613755,-1.0650656,BRICKFACE
154,128,0.5,0.33333325,7.3333335,7.2222223,3.3333333,4.111111,3.7777777,-7.888889,0.56371254,-1.0050536,BRICKFACE
117,147,0.6111111,0.77777785,5.4444447,11,3.8888888,-4,12.666667,-8.666667,0.64367795,-1.7833879,BRICKFACE
96,115,0.38888893,0.33333334,7.7777777,8.555555,4,3,5.3333335,-8.333333,0.53858024,-1.2103575,BRICKFACE
35,132,0.49999985,0.22222216,7.111111,6.111111,2.8888888,5.2222223,2.2222223,-7.4444447,0.59325397,-0.8083832,BRICKFACE
227,118,0.055555504,1.0555557,7,6.6666665,3.2222223,4.111111,3.1111112,-7.2222223,0.5456349,-0.96082735,BRICKFACE
14,134,0.38888884,0.38888893,6.7777777,6.2222223,2.8888888,4.4444447,2.7777777,-7.2222223,0.5873016,-0.91263086,BRICKFACE
109,126,0.8333332,0.66666657,8.777778,8.222222,4.888889,4.4444447,2.7777777,-7.2222223,0.45030865,-0.91367507,BRICKFACE
176,132,0.5,0.9444444,7.4444447,6.2222223,3.5555556,5.111111,1.4444444,-6.5555553,0.5299824,-0.72601837,BRICKFACE
104,122,0.4444445,0.4999999,8.111112,7.2222223,3.8888888,5.111111,2.4444444,-7.5555553,0.52006173,-0.8321195,BRICKFACE
231,123,0.66666675,0.38888893,7.111111,6.888889,3.4444444,3.8888888,3.2222223,-7.111111,0.53174603,-0.9884131,BRICKFACE
138,133,0.6666667,1.1666666,7.7777777,7.888889,3.6666667,4,4.3333335,-8.333333,0.5582011,-1.0776595,BRICKFACE
59,111,0.27777767,0.4999999,6.4444447,7,2.8888888,3,4.6666665,-7.6666665,0.60119045,-1.1813879,BRICKFACE
55,128,0.3333334,0.38888893,6.888889,5.4444447,2.7777777,5.5555553,1.2222222,-6.7777777,0.59391534,-0.6886007,BRICKFACE
151,114,0.6111111,1.0000001,7.5555553,7.4444447,3.6666667,4,3.6666667,-7.6666665,0.53791887,-1.0108004,BRICKFACE
177,131,0.44444442,0.77777785,7.5555553,6.6666665,3.6666667,4.7777777,2.1111112,-6.888889,0.515873,-0.8048458,BRICKFACE
71,113,0.7222221,0.7222221,7.111111,6.3333335,3,4.888889,2.5555556,-7.4444447,0.58002645,-0.8512021,BRICKFACE
217,122,0.33333316,0.5,7.2222223,7.3333335,3.4444444,3.6666667,4,-7.6666665,0.55180776,-1.0514401,BRICKFACE
178,128,0.44444433,0.88888866,7.888889,6.4444447,3.4444444,5.888889,1.5555556,-7.4444447,0.56371254,-0.7213002,BRICKFACE
23,142,0.38888893,0.9444444,6.5555553,5.7777777,2.7777777,4.5555553,2.2222223,-6.7777777,0.57473546,-0.8297117,BRICKFACE
156,123,0.38888884,0.38888893,8,6.7777777,3.5555556,5.6666665,2,-7.6666665,0.555776,-0.7616482,BRICKFACE
144,118,0.5555556,0.66666657,7.5555553,8.111112,3.6666667,3.3333333,5,-8.333333,0.5643298,-1.1345428,BRICKFACE
228,143,0.50000006,0.6666668,6.6666665,6.2222223,3,4.111111,2.7777777,-6.888889,0.5564374,-0.9148125,BRICKFACE
13,142,0.38888884,1.2777777,6.2222223,5.2222223,2.3333335,4.888889,1.8888888,-6.7777777,0.6301587,-0.7763336,BRICKFACE
62,144,0.27777767,0.72222215,6,5.7777777,2.6666667,3.5555556,2.8888888,-6.4444447,0.5746032,-0.9691188,BRICKFACE
228,114,0.38888875,0.83333325,7,7.4444447,3.2222223,3.3333333,4.6666665,-8,0.5674603,-1.1518371,BRICKFACE
189,115,0.16666675,0.33333325,8.222222,7.888889,3.8888888,4.6666665,3.6666667,-8.333333,0.53858024,-0.96514446,BRICKFACE
33,149,0.5555556,0.72222227,4.111111,8.666667,3.5555556,-4,9.666667,-5.6666665,0.5783389,-1.9857028,BRICKFACE
151,147,0.44444457,0.72222215,5.6666665,9.222222,3.2222223,-1.1111112,9.555555,-8.444445,0.6522477,-1.5083702,BRICKFACE
16,117,0.27777776,0.50000006,6.888889,7.4444447,3.3333333,3,4.6666665,-7.6666665,0.5535714,-1.1796917,BRICKFACE
18,145,0.38888896,0.6111111,5.5555553,4,2.2222223,4.888889,0.22222222,-5.111111,0.6005291,-0.57094,BRICKFACE
105,110,0.5,1.9444445,4.3333335,6.3333335,2,0.33333334,6.3333335,-6.6666665,0.7083333,-1.5397619,BRICKFACE
186,130,0.5000002,0.38888893,6.888889,6.2222223,2.8888888,4.6666665,2.6666667,-7.3333335,0.587963,-0.8890237,BRICKFACE
57,117,0.4444445,0.38888893,7.6666665,7.4444447,3.8888888,4,3.3333333,-7.3333335,0.51036155,-0.98394656,BRICKFACE
95,131,0.5555555,1.3333334,6.888889,6.111111,3,4.6666665,2.3333333,-7,0.5928131,-0.8507829,BRICKFACE
225,143,0.4444445,0.44444442,6.7777777,6.7777777,2.7777777,4,4,-8,0.6018519,-1.048222,BRICKFACE
193,142,0.38888887,1.7222223,6.7777777,5.2222223,2.4444444,5.888889,1.2222222,-7.111111,0.646164,-0.675123,BRICKFACE
34,115,0.5,0.7777779,7.3333335,7.888889,3.6666667,3.1111112,4.7777777,-7.888889,0.5418871,-1.175454,BRICKFACE
112,114,0.7222224,0.6666668,6.5555553,6.111111,3.1111112,3.8888888,2.5555556,-6.4444447,0.5343915,-0.9106101,BRICKFACE
104,124,0.6111111,0.6666665,7.6666665,7.3333335,3.5555556,4.4444447,3.4444444,-7.888889,0.5500441,-0.9578401,BRICKFACE
148,116,0.4999999,1.1666669,7.111111,7.6666665,3.5555556,3,4.6666665,-7.6666665,0.54473305,-1.1632453,BRICKFACE
146,140,1.0555557,1.0000001,7.888889,7.3333335,3.7777777,4.6666665,3,-7.6666665,0.537017,-0.9092674,BRICKFACE
154,120,0.44444442,0.4444445,7.7777777,6.7777777,3.3333333,5.4444447,2.4444444,-7.888889,0.5694444,-0.820403,BRICKFACE
227,116,0.38888875,0.22222225,6.5555553,6.7777777,2.8888888,3.4444444,4.111111,-7.5555553,0.58002645,-1.093148,BRICKFACE
226,141,0.4999999,0.7777776,7,6.2222223,3,4.7777777,2.4444444,-7.2222223,0.5740741,-0.84373164,BRICKFACE
196,129,0.83333325,0.6666667,7.888889,7.3333335,3.7777777,4.6666665,3,-7.6666665,0.54012346,-0.9327826,BRICKFACE
239,122,0.27777776,0.33333334,7,6.6666665,3,4.3333335,3.3333333,-7.6666665,0.5813492,-0.95343477,BRICKFACE
34,128,0.44444442,0.66666657,7.4444447,6.5555553,3,5.3333335,2.6666667,-8,0.5974427,-0.83759844,BRICKFACE
105,139,0.27777782,0.83333325,7.5555553,7.2222223,3.5555556,4.3333335,3.3333333,-7.6666665,0.5326279,-0.96594584,BRICKFACE
72,118,0.27777776,0.5555556,6.5555553,6.6666665,3.2222223,3.2222223,3.5555556,-6.7777777,0.5458554,-1.053347,BRICKFACE
16,128,0.5,0.66666675,6.888889,6.6666665,3.1111112,4,3.3333333,-7.3333335,0.56150794,-0.98581076,BRICKFACE
138,116,0.6111111,0.4444445,7.5555553,8.222222,3.6666667,3.2222223,5.2222223,-8.444445,0.5591711,-1.1910701,BRICKFACE
161,136,0.6111111,0.44444442,7.111111,6.4444447,3.3333333,4.4444447,2.4444444,-6.888889,0.53571427,-0.8965326,BRICKFACE
104,136,0.50000006,0.66666657,8.333334,8,4.111111,4.5555553,3.5555556,-8.111111,0.52623457,-0.96393055,BRICKFACE
77,124,0.50000006,0.6111111,6.888889,5.6666665,2.7777777,5.3333335,1.6666666,-7,0.59589946,-0.7526692,BRICKFACE
199,140,0.44444442,0.50000006,7.4444447,6.888889,3.6666667,4.3333335,2.6666667,-7,0.5138889,-0.91962,BRICKFACE
62,123,0.44444442,0.5,7.5555553,6.6666665,3.2222223,5.2222223,2.5555556,-7.7777777,0.5734127,-0.83759767,BRICKFACE
97,116,0.72222227,0.5555555,7.5555553,8.444445,3.8888888,2.7777777,5.4444447,-8.222222,0.5465168,-1.2339455,BRICKFACE
98,135,0.6111112,1.0555556,7.4444447,6.4444447,3.2222223,5.2222223,2.2222223,-7.4444447,0.5654762,-0.7873758,BRICKFACE
229,124,0.888889,0.8888889,7.111111,7.111111,3.4444444,3.6666667,3.6666667,-7.3333335,0.5458554,-1.0376626,BRICKFACE
150,113,0.5,0.77777773,7.111111,6.6666665,3,4.5555553,3.2222223,-7.7777777,0.5793651,-0.942558,BRICKFACE
14,138,0.50000006,0.50000006,6.7777777,5.4444447,2.6666667,5.4444447,1.4444444,-6.888889,0.603836,-0.72289366,BRICKFACE
140,125,0.2777779,0.66666675,7.3333335,7.6666665,3.5555556,3.4444444,4.4444447,-7.888889,0.5456349,-1.1218182,BRICKFACE
192,142,0.50000006,1.5000001,6.7777777,4.888889,2.3333335,6.3333335,0.6666667,-7,0.662037,-0.60486406,BRICKFACE
121,123,1.5555553,0.8888888,7.888889,8.444445,4.5555553,2.7777777,4.4444447,-7.2222223,0.475,-1.1806802,BRICKFACE
151,138,0.44444442,0.44444433,7,6.3333335,3,4.6666665,2.6666667,-7.3333335,0.5674603,-0.8805207,BRICKFACE
97,130,0.72222215,1.0555556,7.3333335,6.888889,3.3333333,4.4444447,3.1111112,-7.5555553,0.5701058,-0.96304834,BRICKFACE
237,135,0.5555556,0.66666675,5.6666665,4.7777777,2,4.5555553,1.8888888,-6.4444447,0.6472222,-0.8078477,BRICKFACE
151,143,0.3888887,0.4999999,7.5555553,6.4444447,3,5.6666665,2.3333333,-8,0.60119045,-0.79691786,BRICKFACE
108,113,0.44444442,0.44444442,6.888889,6.6666665,3,4.111111,3.4444444,-7.5555553,0.56613755,-0.9893081,BRICKFACE
196,134,0.5555556,0.7777777,7.4444447,7.111111,3.6666667,4.111111,3.1111112,-7.2222223,0.5299824,-0.96631753,BRICKFACE
182,134,0.6111112,0.72222215,7.6666665,6.6666665,3.3333333,5.3333335,2.3333333,-7.6666665,0.57760143,-0.8060425,BRICKFACE
18,138,0.88888884,0.83333325,7.3333335,6.5555553,3.3333333,4.7777777,2.4444444,-7.2222223,0.5438712,-0.8621077,BRICKFACE
177,129,0.44444433,1.111111,8,7.4444447,3.7777777,4.7777777,3.1111112,-7.888889,0.5418871,-0.9127656,BRICKFACE
13,149,0.8888889,0.99999994,4.111111,8.777778,3.6666667,-4.2222223,9.777778,-5.5555553,0.5881634,-2.0091076,BRICKFACE
19,147,0.22222225,0.4999999,3.8888888,6.6666665,1.8888888,-0.7777778,7.5555553,-6.7777777,0.7132275,-1.4756428,BRICKFACE
108,130,0.94444466,1.0000001,8.444445,7.2222223,4.2222223,5.4444447,1.7777778,-7.2222223,0.5010141,-0.76407653,BRICKFACE
58,122,0.27777782,0.55555564,7,6.6666665,3.2222223,4.111111,3.1111112,-7.2222223,0.5515873,-0.9647966,BRICKFACE
115,130,0.55555534,0.83333325,8.555555,8.666667,4.666667,3.7777777,4.111111,-7.888889,0.48159373,-1.0566586,BRICKFACE
15,123,0.44444445,0.4444444,6,5.3333335,2.3333335,4.3333335,2.3333333,-6.6666665,0.6116402,-0.85354733,BRICKFACE
34,137,0.5000002,1.111111,7.7777777,6.4444447,3.3333333,5.7777777,1.7777778,-7.5555553,0.57363313,-0.74427164,BRICKFACE
29,125,0.38888875,0.6666667,7.2222223,6.888889,3.4444444,4.111111,3.1111112,-7.2222223,0.5297619,-0.9442725,BRICKFACE
217,145,0.5555556,0.72222215,6.3333335,6.5555553,3,3.1111112,3.7777777,-6.888889,0.56415343,-1.0689679,BRICKFACE
239,143,0.33333328,0.6666667,6.111111,5.4444447,2,4.7777777,2.7777777,-7.5555553,0.67407405,-0.8782905,BRICKFACE
114,121,0.44444442,0.6111112,8,7.4444447,3.7777777,4.7777777,3.1111112,-7.888889,0.5282187,-0.91432446,BRICKFACE
196,124,0.22222209,0.8333332,7.5555553,7.4444447,3.6666667,4,3.6666667,-7.6666665,0.5421076,-1.0114845,BRICKFACE
159,111,0.4444445,0.61111116,7.6666665,6.888889,3.2222223,5.2222223,2.8888888,-8.111111,0.5813492,-0.87266606,BRICKFACE
80,124,0.5555556,0.44444442,6.6666665,6,2.6666667,4.6666665,2.6666667,-7.3333335,0.6084656,-0.877707,BRICKFACE
14,117,0.33333325,0.5555556,6.3333335,7.5555553,3.4444444,1.6666666,5.3333335,-7,0.5436508,-1.353896,BRICKFACE
155,140,0.44444442,0.66666675,6.5555553,5.5555553,2.8888888,4.6666665,1.6666666,-6.3333335,0.56415343,-0.7836471,BRICKFACE
219,134,0.27777788,0.6666667,6.4444447,5.2222223,2.5555556,5.111111,1.4444444,-6.5555553,0.6037037,-0.7304648,BRICKFACE
176,118,0.38888893,0.7222221,7.6666665,7,3.5555556,4.7777777,2.7777777,-7.5555553,0.5376984,-0.8782905,BRICKFACE
222,114,0.27777776,0.44444433,6.111111,7.3333335,2.8888888,2,5.6666665,-7.6666665,0.6031746,-1.3145328,BRICKFACE
188,133,0.33333334,0.5,8.333334,7.7777777,3.8888888,5,3.3333333,-8.333333,0.53858024,-0.92481726,BRICKFACE
38,112,0.55555564,1.0000001,7,8.111112,3.5555556,2.3333333,5.6666665,-8,0.5591711,-1.2739921,BRICKFACE
97,126,1.0555555,1.0000001,7.6666665,8,3.7777777,3.5555556,4.5555553,-8.111111,0.5515873,-1.1181307,BRICKFACE
136,139,0.6666667,0.7777776,6.5555553,6.4444447,3,3.6666667,3.3333333,-7,0.5667989,-1.004936,BRICKFACE
75,149,0.5,1.0555557,5.5555553,11.888889,5.111111,-5.888889,13.111111,-7.2222223,0.57870835,-2.0186307,BRICKFACE
194,118,0.4444445,0.4444445,7.5555553,7.6666665,3.5555556,3.8888888,4.2222223,-8.111111,0.5438712,-1.0761977,BRICKFACE
177,126,0.44444442,0.6111111,7.6666665,5.6666665,2.8888888,6.7777777,0.7777778,-7.5555553,0.6230159,-0.6128861,BRICKFACE
108,111,0.5555555,2.5555553,4.111111,5.5555553,1.7777778,0.8888889,5.2222223,-6.111111,0.7156085,-1.4372399,BRICKFACE
146,124,0.4999999,0.38888875,7.4444447,7.3333335,3.3333333,4.2222223,3.8888888,-8.111111,0.56349206,-1.0247301,BRICKFACE
39,111,0.72222227,0.8888889,7,7.6666665,3.4444444,2.8888888,4.888889,-7.7777777,0.56291884,-1.1757725,BRICKFACE
101,130,0.611111,0.66666657,7.4444447,6.6666665,3.2222223,5,2.6666667,-7.6666665,0.57539684,-0.87149525,BRICKFACE
68,80,1.1666666,1.7222239,102.888885,127.333336,103,-24.555555,48.77778,-24.222221,0.19805206,-2.0986974,SKY
240,58,1.0555547,1.0000013,76.888885,118.55556,82.66667,-47.444443,77.55556,-30.11111,0.35133117,-2.2393005,SKY
248,13,0.7777786,1.111112,88.22222,128.44444,95.666664,-47.666668,73,-25.333334,0.31315902,-2.2870803,SKY
95,47,0.7222201,1.4999987,93.22222,128.77779,99.333336,-41.666668,65,-23.333334,0.2759571,-2.2710717,SKY
184,44,0.50000125,1,85,121.44444,90.55556,-42,67.333336,-25.333334,0.30001867,-2.2545414,SKY
25,18,0.6666654,0.55555344,102.44444,132.33334,107.666664,-35.11111,54.555557,-19.444445,0.22572522,-2.2784517,SKY
79,62,0.555556,0.88888675,100.666664,127.111115,102.77778,-28.555555,50.77778,-22.222221,0.20801263,-2.178149,SKY
250,37,0.6111107,1.0555534,80.111115,121.111115,86.55556,-47.444443,75.55556,-28.11111,0.3384867,-2.258443,SKY
167,45,0.944444,0.61110944,87.111115,124,92.55556,-42.333332,68.333336,-26,0.29741433,-2.2478156,SKY
166,65,0.7777774,0.7222214,82.77778,121.111115,88.111115,-43.666668,71.333336,-27.666666,0.316474,-2.2391438,SKY
151,57,1.0555559,1.6111094,86.22222,122.22222,92.888885,-42.666668,65.333336,-22.666666,0.29451475,-2.2881315,SKY
170,36,1.1111107,1.8333346,89.55556,125.22222,94.333336,-40.444443,66.55556,-26.11111,0.2846535,-2.2323463,SKY
53,53,1.0000013,1.1111094,104.333336,130.22223,104.888885,-26.444445,51.22222,-24.777779,0.20048407,-2.117007,SKY
240,16,0.44444403,1.6666666,87.55556,125,95,-44.88889,67.44444,-22.555555,0.29960132,-2.3024683,SKY
48,81,0.6111107,0.88889056,105.666664,128.88889,104.22222,-21.777779,47.88889,-26.11111,0.19307978,-2.0334873,SKY
140,16,0.5,0.88889056,99.111115,131.11111,105.22222,-38.11111,57.88889,-19.777779,0.2440208,-2.2939334,SKY
234,58,1.1666679,1.0000013,77.333336,118.77778,83.333336,-47.444443,76.888885,-29.444445,0.34886265,-2.2463162,SKY
233,64,1.0000013,0.7777774,77.22222,118.666664,82.55556,-46.77778,77.55556,-30.777779,0.3492103,-2.2289393,SKY
183,29,0.7777786,0.7777786,88.77778,126.333336,94.666664,-43.444443,69.22222,-25.777779,0.2972053,-2.2572172,SKY
221,35,0.6666667,0.94444656,83.333336,122.55556,90.333336,-46.22222,71.44444,-25.222221,0.32001477,-2.280843,SKY
140,19,1.0555534,1.888888,97.666664,130.22223,103,-37.88889,59.77778,-21.88889,0.2498948,-2.264331,SKY
226,83,0.8888893,1.0555521,74.55556,116.888885,80.44444,-48.22222,78.77778,-30.555555,0.36206177,-2.2390528,SKY
8,39,1.3888906,1.8333334,102.55556,132,105.55556,-32.444443,55.88889,-23.444445,0.22295359,-2.1981578,SKY
150,94,1.1111107,1.2777761,80.888885,119.22222,85.77778,-43.22222,71.77778,-28.555555,0.3215052,-2.227114,SKY
74,88,0.7222214,0.50000125,101.55556,127.55556,102.666664,-27.11111,50.88889,-23.777779,0.2046753,-2.139239,SKY
209,66,1.0555559,1.1111132,79.111115,117.333336,83.888885,-43,71.666664,-28.666666,0.32571116,-2.2248445,SKY
14,28,0.55555344,1.2222214,97.888885,131.11111,102.44444,-37.77778,61.88889,-24.11111,0.25329855,-2.238865,SKY
9,94,0.6111107,1.0000013,106.888885,127.55556,105.111115,-18.88889,43.11111,-24.222221,0.17678948,-2.015307,SKY
155,80,0.99999875,1.4444453,82.44444,119.333336,87.22222,-41.666668,69,-27.333334,0.30905932,-2.2287123,SKY
146,62,0.8888893,1.0000013,85.666664,121.44444,91.888885,-42,65.333336,-23.333334,0.29458332,-2.2771423,SKY
6,54,0.61110944,0.944444,109.111115,132.44444,108.77778,-23,47,-24,0.18114924,-2.079152,SKY
7,48,0.6111107,1.3333308,107.44444,132.44444,107.44444,-25,50,-25,0.1971141,-2.0905566,SKY
242,57,1.2222239,1.0000013,76.44444,119.333336,83,-49.444443,79.22222,-29.777779,0.35934293,-2.2542083,SKY
86,33,1.1666654,0.61110944,96.77778,130.55556,102.333336,-39.333332,62,-22.666666,0.25860354,-2.2662253,SKY
201,92,0.8333346,0.7777799,74.888885,115.44444,80.66667,-46.333332,75.333336,-29,0.35122013,-2.2428021,SKY
193,66,1.3888906,0.88888806,80.66667,118.77778,85.888885,-43.333332,71,-27.666666,0.32066384,-2.2357008,SKY
120,74,0.3333346,0.50000125,89.111115,123.22222,93.22222,-38.22222,64.111115,-25.88889,0.2767844,-2.2205532,SKY
190,96,0.3888893,0.9444453,76,115.666664,80.77778,-44.444443,74.55556,-30.11111,0.34293815,-2.2199793,SKY
204,25,0.6111107,0.8333333,88,125.666664,93.77778,-43.444443,69.55556,-26.11111,0.29958275,-2.253408,SKY
253,75,0.66666794,0.88888806,72,115.888885,77.77778,-49.666668,82,-32.333332,0.37868166,-2.2319996,SKY
169,98,0.7222214,1.6666666,77.333336,116.888885,82.77778,-45,73.666664,-28.666666,0.3382884,-2.238522,SKY
244,79,0.5555547,1.0555534,73.55556,115.333336,79.44444,-47.666668,77.666664,-30,0.36217153,-2.2416325,SKY
63,33,0.6111107,0.7222214,97.77778,132,104.22222,-40.666668,62,-21.333334,0.25913006,-2.2904212,SKY
121,55,1.5000013,1.4444466,90,124.111115,95.111115,-39.22222,63.11111,-23.88889,0.27479535,-2.2510118,SKY
140,34,0.49999872,0.88888675,91.22222,127.333336,97.888885,-42.77778,65.55556,-22.777779,0.28352436,-2.286636,SKY
21,90,0.66666794,0.7777786,105.888885,128.55556,106,-22.777779,45.22222,-22.444445,0.17969723,-2.0978148,SKY
25,41,1,1.4999987,103.888885,131.22223,105.111115,-28.555555,53.444443,-24.88889,0.20829348,-2.1398222,SKY
117,44,1.2777786,1.3333334,93,126.77778,98.22222,-39,62.333332,-23.333334,0.26639053,-2.2555773,SKY
56,32,0.9444453,0.83333206,99.22222,132.55556,104.333336,-38.444443,61.555557,-23.11111,0.25142038,-2.2556741,SKY
78,62,0.6666667,1.6111094,100.77778,126.333336,103,-27.777779,48.88889,-21.11111,0.20227888,-2.1854193,SKY
235,35,0.44444528,1.2222214,83,122,88.77778,-44.77778,72.22222,-27.444445,0.31949878,-2.2482352,SKY
104,68,1,0.8888893,95.111115,124.888885,97.333336,-32,57.333332,-25.333334,0.23914346,-2.1699994,SKY
95,71,1.0555534,2.2222214,96.666664,122.44444,97.888885,-27,50.333332,-23.333334,0.21226363,-2.1431594,SKY
64,49,0.94444656,0.7222252,97.111115,128.88889,100.666664,-35.333332,60,-24.666666,0.246491,-2.211659,SKY
241,76,0.83333206,1.3333334,74.55556,116.55556,79.111115,-46.555557,79.44444,-32.88889,0.3601942,-2.2080188,SKY
86,67,1,1.0555559,99.44444,125.55556,101.55556,-28.222221,50.11111,-21.88889,0.20770195,-2.1730993,SKY
210,47,0.5,0.6666667,82.55556,121.44444,87.333336,-43.666668,73,-29.333334,0.32009703,-2.2232175,SKY
199,25,1,1.2777761,89.111115,126.888885,94.888885,-43.555557,69.77778,-26.222221,0.29752782,-2.2521007,SKY
41,93,0.7222201,1.0555547,103.888885,128,105,-25.222221,47.11111,-21.88889,0.1883132,-2.1414192,SKY
92,46,0.61111194,1.111112,93.888885,128.88889,99.77778,-40.88889,64.111115,-23.222221,0.27150124,-2.2708514,SKY
52,66,1.1666654,1.8333346,106.888885,128.77779,107,-22,43.666668,-21.666666,0.17412825,-2.0989902,SKY
119,85,0.49999872,0.88888675,88.77778,122.55556,91.77778,-36.77778,64.55556,-27.777779,0.2754667,-2.186342,SKY
59,96,0.6111107,0.61111194,103.44444,128.11111,103.22222,-24.444445,49.555557,-25.11111,0.19773355,-2.0859544,SKY
252,71,0.7222214,1.3333334,72.77778,115.55556,79.111115,-49.11111,79.22222,-30.11111,0.37009746,-2.2494755,SKY
89,43,1.0555547,0.8888893,94.111115,128.22223,99.111115,-39.11111,63.22222,-24.11111,0.26602298,-2.247952,SKY
78,60,0.44444656,0.7777774,99.55556,128.22223,101.55556,-30.666666,55.333332,-24.666666,0.22336383,-2.1669195,SKY
167,57,0.94444656,0.7777799,84,121.55556,90.22222,-43.77778,68.888885,-25.11111,0.3088128,-2.264402,SKY
60,52,0.7222226,0.7777774,101,129.22223,104.666664,-31.88889,52.77778,-20.88889,0.21837935,-2.2296848,SKY
164,45,1.0555559,1,88.111115,124.55556,93.111115,-41.444443,67.888885,-26.444445,0.29250294,-2.238324,SKY
65,70,0.6666654,1.1111082,104,127.77778,105.77778,-25.555555,45.77778,-20.222221,0.18609881,-2.17166,SKY
44,20,0.6111107,1.4444427,102.666664,132.33334,106.55556,-33.555557,55.444443,-21.88889,0.2241392,-2.2318263,SKY
216,15,0.88889056,1.2222252,90.888885,131.11111,97.55556,-46.88889,73.77778,-26.88889,0.30673698,-2.2664518,SKY
165,99,0.88889056,0.7777786,79,118,83.22222,-43.22222,73.77778,-30.555555,0.33041757,-2.2077565,SKY
26,90,0.61111194,1.2777799,105.666664,128.33334,105.333336,-22.333334,45.666668,-23.333334,0.18178941,-2.0784183,SKY
79,48,1.0555534,0.99999875,94.77778,129.11111,99.77778,-39.333332,63.666668,-24.333334,0.26589924,-2.2470357,SKY
233,81,0.61111325,1.0555573,75.66667,116.44444,79.111115,-44.22222,78.111115,-33.88889,0.35003868,-2.1823301,SKY
194,72,1,1.1666666,79.22222,117.111115,84,-42.666668,71,-28.333334,0.3234209,-2.2257798,SKY
212,81,0.7222201,0.83333206,77.22222,118.44444,80.888885,-44.88889,78.77778,-33.88889,0.34790245,-2.1873991,SKY
177,85,0.8333333,0.88888806,79.22222,118,83.44444,-43,73.333336,-30.333334,0.32860348,-2.2084136,SKY
209,249,2.4444444,2.8888886,8,7.5555553,10.111111,-1.6666666,-3,4.6666665,0.30902183,1.9174206,GRASS
103,195,2.0555556,2.0555556,6.3333335,6.888889,12.333333,-6.5555553,-4.888889,11.444445,0.5016835,2.1870224,GRASS
238,180,0.55555564,1.7222222,11.111111,11.888889,17.777779,-7.4444447,-5.111111,12.555555,0.3762527,2.2128983,GRASS
207,217,0.77777785,2.0555556,5,4.2222223,9.666667,-3.8888888,-6.2222223,10.111111,0.58261186,1.9761382,GRASS
116,238,1.1666665,1.0555556,7.4444447,5.6666665,12.444445,-3.2222223,-8.555555,11.777778,0.54054004,1.8447257,GRASS
63,201,1.4444445,0.94444424,6.2222223,5.5555553,11.555555,-4.6666665,-6.6666665,11.333333,0.54320127,1.9829868,GRASS
131,234,0.8333333,0.88888884,4,4.4444447,8.777778,-5.2222223,-3.8888888,9.111111,0.55661374,2.1935678,GRASS
62,223,2.5,1.6666666,4.888889,4.666667,10.444445,-5.3333335,-6,11.333333,0.5931498,2.0465877,GRASS
212,234,0.4444445,1.0555555,6,4.2222223,11.111111,-3.3333333,-8.666667,12,0.62132436,1.8382597,GRASS
233,184,0.5000002,0.7777777,9.777778,9.888889,15.888889,-6.2222223,-5.888889,12.111111,0.40555555,2.1286457,GRASS
108,212,1.9999999,1.5555555,6,6.7777777,11.333333,-6.111111,-3.7777777,9.888889,0.51339465,2.2426493,GRASS
237,191,1,1.5,5.3333335,5.4444447,11.222222,-6,-5.6666665,11.666667,0.5358197,2.1224225,GRASS
234,164,0.5000002,3,11.666667,15,14.333333,-6,4,2,0.29914993,2.87512,GRASS
191,165,0.33333334,2.4444442,12,14.111111,16.777779,-6.888889,-0.5555556,7.4444447,0.31812865,2.5935428,GRASS
42,200,0.5555555,0.44444433,5.7777777,5.888889,11.444445,-5.7777777,-5.4444447,11.222222,0.5153199,2.10726,GRASS
158,186,0.88888884,1.4999999,9.333334,10.777778,16.11111,-8.222222,-3.8888888,12.111111,0.4288645,2.3195195,GRASS
2,245,1.8888888,3.1666667,6.2222223,6,7,-0.5555556,-1.2222222,1.7777778,0.19104938,1.7566451,GRASS
220,220,2.277778,2.2777777,5.6666665,5.3333335,8.333334,-2.3333333,-3.3333333,5.6666665,0.42735383,1.9843658,GRASS
121,237,1.3333331,1.5555553,6.111111,5.111111,11.222222,-4.111111,-7.111111,11.222222,0.55723476,1.9384677,GRASS
131,214,0.77777773,1.2777777,5,4.7777777,10.666667,-5.4444447,-6.111111,11.555555,0.5681624,2.0583289,GRASS
63,179,0.6666668,1.5555557,9.777778,9.444445,16.222223,-6.111111,-7.111111,13.222222,0.41976216,2.04457,GRASS
76,249,2.0555558,2.3333335,12.222222,13.111111,14.777778,-3.4444444,-0.7777778,4.2222223,0.20324889,2.5634372,GRASS
56,243,2.2222223,2.5555556,5.111111,4.888889,9.444445,-4.111111,-4.7777777,8.888889,0.52543694,2.0336287,GRASS
222,244,2.9444444,2.2777777,9.666667,9.777778,11.666667,-2.1111112,-1.7777778,3.8888888,0.22648169,2.32339,GRASS
130,189,0.888889,1.1666669,9.444445,10.111111,16.444445,-7.6666665,-5.6666665,13.333333,0.43944263,2.194143,GRASS
247,197,0.33333316,0.611111,4.111111,4,9.888889,-5.6666665,-6,11.666667,0.61705947,2.0749567,GRASS
110,174,0.38888884,1.7222222,10.888889,12.555555,17,-7.7777777,-2.7777777,10.555555,0.35929558,2.3778543,GRASS
107,226,1.5555557,3.5555556,5.7777777,6.5555553,11.222222,-6.2222223,-3.8888888,10.111111,0.5268813,2.2593977,GRASS
118,167,0.88888866,2.0555553,12.888889,13.777778,17.11111,-5.111111,-2.4444444,7.5555553,0.24844901,2.3057292,GRASS
74,215,0.44444457,0.50000006,5.111111,4.4444447,11.222222,-5.4444447,-7.4444447,12.888889,0.6037037,1.9911573,GRASS
199,220,1.1666667,0.88888884,5.3333335,5,9.555555,-3.8888888,-4.888889,8.777778,0.5039001,2.0308669,GRASS
161,176,0.38888898,1.1666666,10.111111,11.777778,17.11111,-8.666667,-3.6666667,12.333333,0.40773422,2.3406181,GRASS
103,216,1.4999999,0.8333332,5.111111,5,11.111111,-5.888889,-6.2222223,12.111111,0.59312356,2.0792952,GRASS
23,237,1.6666666,1.7777777,4.2222223,4.5555553,8.777778,-4.888889,-3.8888888,8.777778,0.54126585,2.1805263,GRASS
173,219,2.7777777,2.8333333,4.111111,4.3333335,8.333334,-4.4444447,-3.7777777,8.222222,0.56125355,2.1483634,GRASS
151,187,1.2222222,2.0555556,9.333334,9.666667,15.888889,-6.888889,-5.888889,12.777778,0.42836255,2.1566393,GRASS
196,244,1.277778,3.6111114,6.6666665,7,9.555555,-3.2222223,-2.2222223,5.4444447,0.3833719,2.340587,GRASS
227,222,2.111111,2.6111114,8.555555,7.6666665,11.777778,-2.3333333,-5,7.3333335,0.37369296,1.9050448,GRASS
48,192,1.2222224,2.8888886,8.666667,7.4444447,13.777778,-3.8888888,-7.5555553,11.444445,0.47623578,1.908457,GRASS
103,237,1.0000001,0.5555555,6.5555553,5.6666665,11.777778,-4.3333335,-7,11.333333,0.5229992,1.9465016,GRASS
243,166,0.61111116,0.72222203,11.222222,12.111111,16.777779,-6.4444447,-3.7777777,10.222222,0.33051255,2.2642767,GRASS
126,237,0.94444436,1.0000001,4.2222223,4.2222223,8.888889,-4.6666665,-4.6666665,9.333333,0.5538119,2.0972314,GRASS
78,186,2.833334,3.5555556,31.222221,43.88889,30.777779,-12.222222,25.777779,-13.555555,0.30228558,-2.0601218,PATH
23,188,1.6666673,7.38889,27.444445,37.77778,26.555555,-9.444445,21.555555,-12.111111,0.28414816,-2.0145087,PATH
36,189,1.9444441,5.8333335,28.444445,38,27.666666,-8.777778,19.88889,-11.111111,0.2663022,-2.0203454,PATH
35,189,2.5555544,4.5,29,38.555557,28.222221,-8.777778,19.88889,-11.111111,0.26298115,-2.0222268,PATH
194,178,1.222222,8,29.666666,41.88889,29.444445,-12,24.666666,-12.666667,0.29696295,-2.103758,PATH
42,188,1.833333,1.388889,27.555555,38.11111,26.666666,-9.666667,22,-12.333333,0.3017472,-2.016443,PATH
24,188,1.7222233,6.611112,27.333334,38,26.555555,-9.888889,22.11111,-12.222222,0.29079577,-2.0382204,PATH
166,180,1.4444437,7.3333325,28.666666,37.77778,27.88889,-8.333333,19,-10.666667,0.25295278,-2.0210319,PATH
229,175,1.166666,5.666666,29,41,29,-12,24,-12,0.28683385,-2.091209,PATH
116,184,2.2222226,10.611111,28.777779,38,28.333334,-8.777778,18.88889,-10.111111,0.25072145,-2.2154639,PATH
103,185,1.8333324,9.888888,27.777779,37,27.88889,-9.333333,18.333334,-9,0.25044397,-2.4505804,PATH
133,182,2.5000012,8.666666,27.222221,35.444447,26.666666,-7.6666665,17,-9.333333,0.25607783,-2.2177355,PATH
27,189,0.9999997,2.6111114,29,40.666668,28.666666,-11.333333,23.666666,-12.333333,0.29784104,-2.0642734,PATH
64,186,2.166667,6.833334,27.555555,37.88889,26.88889,-9.666667,21.333334,-11.666667,0.27672648,-2.0463068,PATH
4,189,2.0555565,11.722221,23.444445,33,22.88889,-9,19.666666,-10.666667,0.27147257,-2.1010017,PATH
137,182,1.8333334,3.6111107,31.444445,42.88889,30.444445,-10.444445,23.88889,-13.444445,0.28575617,-2.0011246,PATH
28,188,1.4444441,5.111111,26.88889,36.444443,26.555555,-9.222222,19.444445,-10.222222,0.2758629,-2.083566,PATH
45,188,2.4444447,3.1111116,29.666666,41.333336,29,-11,24,-13,0.29986525,-2.0407205,PATH
116,184,2.2222226,10.611111,28.777779,38,28.333334,-8.777778,18.88889,-10.111111,0.25072145,-2.2154639,PATH
15,189,1.499999,2,28.333334,40.333336,27.666666,-11.333333,24.666666,-13.333333,0.31536263,-2.0379822,PATH
180,179,2.2777784,4.555556,31.333334,44.11111,31,-12.444445,25.88889,-13.444445,0.30116582,-2.0752,PATH
123,183,1.111111,6.333334,29.444445,39.11111,28.222221,-8.444445,20.555555,-12.111111,0.2664361,-1.970772,PATH
77,186,1.9999996,2.333333,31.11111,43.444443,30.333334,-11.555555,25.444445,-13.888889,0.3033766,-2.0366416,PATH
16,190,3.7777774,8.555555,26.11111,36.88889,25.88889,-10.555555,21.777779,-11.222222,0.30038968,-2.1606584,PATH
142,182,2.499999,2.277777,31.555555,42.22222,29.777779,-8.888889,23.11111,-14.222222,0.29320765,-1.9430385,PATH
10,190,2.6666672,2.5000007,29.333334,41.11111,28.444445,-10.888889,24.444445,-13.555555,0.30570525,-2.020042,PATH
163,180,1.777778,9.166667,27.444445,36.333336,27.333334,-8.777778,17.88889,-9.111111,0.23849043,-2.2170947,PATH
2,190,2.555555,2.5,28,40.11111,26.88889,-11,25.333334,-14.333333,0.32900727,-2.0083811,PATH
137,182,1.8333334,3.6111107,31.444445,42.88889,30.444445,-10.444445,23.88889,-13.444445,0.28575617,-2.0011246,PATH
20,189,1.7222229,2.666667,30.11111,42.77778,29.444445,-12,26,-14,0.30988368,-2.0442774,PATH
28,188,1.4444441,5.111111,26.88889,36.444443,26.555555,-9.222222,19.444445,-10.222222,0.2758629,-2.083566,PATH
99,184,1.8333327,7.944443,27.777779,38.77778,28,-11.222222,21.777779,-10.555555,0.28044972,-2.1831248,PATH
47,189,2.2777774,5.8888893,26.777779,36.555557,25.555555,-8.555555,20.777779,-12.222222,0.29741284,-1.9545742,PATH
142,182,2.499999,2.277777,31.555555,42.22222,29.777779,-8.888889,23.11111,-14.222222,0.29320765,-1.9430385,PATH
152,152,0.16666669,2.1111112,1,2.4444444,0.7777778,-1.2222222,3.1111112,-1.8888888,0.43915343,-2.000272,WINDOW
150,152,0.11111108,2.0555556,1,2.3333335,0.7777778,-1.1111112,2.8888888,-1.7777778,0.537037,-2.0073514,WINDOW
121,154,0.44444442,2.611111,1.5555556,3,1,-0.8888889,3.4444444,-2.5555556,0.5343915,-1.9059265,WINDOW
150,152,0.11111108,2.0555556,1,2.3333335,0.7777778,-1.1111112,2.8888888,-1.7777778,0.537037,-2.0073514,WINDOW
211,154,0.11111113,0.38888893,0,0.7777778,0,-0.7777778,1.5555556,-0.7777778,0.5555556,-2.0943952,WINDOW
173,152,0.22222221,0.8333333,2.6666667,5.7777777,2.3333335,-2.7777777,6.5555553,-3.7777777,0.59973544,-1.997796,WINDOW
46,154,3.1666667,1.6111112,9.666667,4.666667,4.7777777,9.888889,-5.111111,-4.7777777,0.56192696,-0.0049269386,WINDOW
248,153,0.2777778,0.11111113,0,1.1111112,0,-1.1111112,2.2222223,-1.1111112,0.8888889,-2.0943952,WINDOW
43,152,1.9444445,1.2222222,1,2.8888888,0.6666667,-1.5555556,4.111111,-2.5555556,0.64867723,-1.9332389,WINDOW
6,154,0.11111113,0.11111111,0,0.22222222,0,-0.22222222,0.44444445,-0.22222222,0.22222222,-2.0943952,WINDOW
79,154,1.1111112,0.16666669,0.44444445,1.5555556,0.22222222,-0.8888889,2.4444444,-1.5555556,0.2888889,-1.9196393,WINDOW
166,154,0.11111113,0.44444445,0.22222222,1.8888888,0,-1.4444444,3.5555556,-2.1111112,1,-2.0175102,WINDOW
